Subject_id,Subject,Region_id,Region,Condition,Strength_in,Strength_out,Strength,Clust_coef,Efficiency,Route_efficiency_log,Route_efficiency_inv
1,DOC,1,V1-L,RT_Pronation_pro_L,0.109200020596156,0.165922674895768,0.275122695491924,0.00414589274768339,0.00440792521484845,6.23889826730697,0.570597390952935
1,DOC,2,V3-L,RT_Pronation_pro_L,0.237008037332139,0.224622713353175,0.461630750685314,0.00573219256694935,0.00609484289214259,6.2011867788194,0.55965010040903
1,DOC,3,STS-L,RT_Pronation_pro_L,0.0336849211420792,0.265697805378293,0.299382726520372,0.00362447880946183,0.00383182016095842,6.2525125097633,0.569158657733845
1,DOC,4,IPL-L,RT_Pronation_pro_L,0.94116055364001,0.356351845842154,1.29751239948216,0.0106464093617776,0.0112724328348911,6.1122234468281,0.526771856557097
1,DOC,5,SPL-L,RT_Pronation_pro_L,0.487230841471198,0.2091848737964,0.696415715267598,0.0071335644846449,0.00757484522997444,6.17385045377219,0.550472678714085
1,DOC,6,AG-L,RT_Pronation_pro_L,0.305716396070591,0.182177577742179,0.48789397381277,0.00595562859313805,0.00630079883346219,6.20214752240139,0.562577456479606
1,DOC,7,mIPS-L,RT_Pronation_pro_L,0.477419173665718,0.426128613443255,0.903547787108973,0.00910049782785594,0.00964862447950135,6.13926881391549,0.539346159626282
1,DOC,8,VIP-L,RT_Pronation_pro_L,0.688222713747126,0.345087126761092,1.03330984050822,0.0092322780770227,0.00975509889063525,6.13903466852625,0.535927678930404
1,DOC,9,SPOC-L,RT_Pronation_pro_L,0.410303961683163,0.425286888042969,0.835590849726133,0.00823815554487189,0.00872436035182972,6.15166468770308,0.538819253854165
1,DOC,10,S1-L,RT_Pronation_pro_L,0.429087148305688,0.660715868374931,1.08980301668062,0.009816206168548,0.010429639235547,6.13133078254654,0.541820407215721
1,DOC,11,M1-L,RT_Pronation_pro_L,0.695194386482536,0.851594720615603,1.54678910709814,0.011430974003241,0.0120616569228028,6.08178195452907,0.49811635097922
1,DOC,12,SMA-L,RT_Pronation_pro_L,0.364665998199938,0.425754021709539,0.790420019909477,0.00832936299726484,0.00885921918593814,6.15733350826779,0.552696192119675
1,DOC,13,PMd-L,RT_Pronation_pro_L,0.224680213164215,0.438020999738721,0.662701212902936,0.00748304337217821,0.00797048066747601,6.1722369902834,0.557000582175315
1,DOC,14,PMv-L,RT_Pronation_pro_L,0.0780725585417942,0.574091463260845,0.652164021802639,0.00606330453801792,0.00642287371932432,6.19551800600761,0.555292135745121
1,DOC,15,FEF-L,RT_Pronation_pro_L,0.155403548708592,0.222911125410697,0.378314674119289,0.00506673254400887,0.00539319409989877,6.21728226816695,0.567560141473416
1,DOC,16,POJ-L,RT_Pronation_pro_L,0.225467233069829,0.317161568036079,0.542628801105909,0.00607056432319722,0.00646150235991816,6.19420937335725,0.558170728626238
1,DOC,17,V1-R,RT_Pronation_pro_L,0.170360430311393,0.286876786132211,0.457237216443605,0.00480026990247056,0.00507894132766159,6.2140233447418,0.554631608071373
1,DOC,18,V3-R,RT_Pronation_pro_L,0.159338026651259,0.30660847758917,0.465946504240429,0.00574865238510282,0.00610122211329986,6.20744364662561,0.562811328452424
1,DOC,19,STS-R,RT_Pronation_pro_L,0.166186360940446,0.337817501982179,0.504003862922625,0.00619306726291433,0.00656389068768418,6.1981383880969,0.562258978953083
1,DOC,20,IPL-R,RT_Pronation_pro_L,0.218239473329425,0.242935839910862,0.461175313240287,0.00584471334164537,0.00622673637699407,6.20155779494476,0.564054100406224
1,DOC,21,SPL-R,RT_Pronation_pro_L,0.569609720949553,0.321065338589472,0.890675059539026,0.0092156149572031,0.00975566867455422,6.14253787438077,0.549645976063248
1,DOC,22,AG-R,RT_Pronation_pro_L,0.630378614943477,0.2328216535142,0.863200268457676,0.00917988960042118,0.00976630292608489,6.14591599898188,0.553828138661687
1,DOC,23,mIPS-R,RT_Pronation_pro_L,0.725932538417397,0.295772374082006,1.0217049124994,0.00968077929981448,0.0102817415488067,6.13189596018726,0.542484568293672
1,DOC,24,VIP-R,RT_Pronation_pro_L,0.399641648228743,0.264551744743213,0.664193392971956,0.00714521474748695,0.00756297780190027,6.17645816648663,0.54834222894348
1,DOC,25,SPOC-R,RT_Pronation_pro_L,0.474088415979518,0.374620069525419,0.848708485504937,0.00874967031298232,0.00928227366526524,6.14696138404284,0.545378051239084
1,DOC,26,S1-R,RT_Pronation_pro_L,0.204818926361598,0.420131148230248,0.624950074591847,0.00735027457055505,0.00780672133808997,6.17691996467475,0.557089965813736
1,DOC,27,M1-R,RT_Pronation_pro_L,0.397411198051134,0.508851606120747,0.906262804171881,0.00894481978262979,0.00947305510828871,6.1424873286803,0.538752058684982
1,DOC,28,SMA-R,RT_Pronation_pro_L,0.433814253595667,0.368109431014912,0.801923684610579,0.00752718116463276,0.00799289446916814,6.15864779652439,0.540829610695733
1,DOC,29,PMd-R,RT_Pronation_pro_L,0.246780849796424,0.473804058661441,0.720584908457866,0.00719861646864959,0.00764141666637682,6.17260705928393,0.551681134614022
1,DOC,30,PMv-R,RT_Pronation_pro_L,0.0705731744318382,0.304511606900813,0.375084781332651,0.00449555087937459,0.00477895119957715,6.22862004252787,0.56832596685798
1,DOC,31,FEF-R,RT_Pronation_pro_L,0.116692415292552,0.196449141996269,0.313141557288821,0.0041999064951646,0.00447716202860792,6.23578804373436,0.56825401421596
1,DOC,32,POJ-R,RT_Pronation_pro_L,0.642154265922758,0.462901353629091,1.10505561955185,0.0105566631037398,0.0111743950046376,6.11733370225239,0.536153729990841
2,GB,1,V1-L,RT_Pronation_pro_L,0.230566581704026,0.231207169072635,0.461773750776662,0.00390746680720805,0.00424035723291322,5.55137053356596,0.383855193580091
2,GB,2,V3-L,RT_Pronation_pro_L,0.184482394265895,0.372907087286069,0.557389481551964,0.00412228573542179,0.00445735918290279,5.54508683296244,0.381772918955653
2,GB,3,STS-L,RT_Pronation_pro_L,0.0820826687829443,0.200011575280909,0.282094244063854,0.00333409033223716,0.00364962448841739,5.5735531426774,0.403060022372646
2,GB,4,IPL-L,RT_Pronation_pro_L,0.296500524908371,0.268549420321626,0.565049945229997,0.00441644573131854,0.00479833560073919,5.53440527318538,0.379847792443479
2,GB,5,SPL-L,RT_Pronation_pro_L,0.358178990114307,0.21722123421397,0.575400224328277,0.00498620115559018,0.00541335154840211,5.52290842151474,0.379790662079249
2,GB,6,AG-L,RT_Pronation_pro_L,0.337199546922453,0.101750369061817,0.43894991598427,0.00413284344599322,0.00456542844722549,5.55232892819082,0.39482161336683
2,GB,7,mIPS-L,RT_Pronation_pro_L,0.558761228535907,0.253431004828885,0.812192233364792,0.00651124085021042,0.0071523087751593,5.48913737693502,0.37710828772144
2,GB,8,VIP-L,RT_Pronation_pro_L,0.161335930561061,0.381777467979815,0.543113398540875,0.00451493530326505,0.00495274519575546,5.53484599383526,0.388334260988236
2,GB,9,SPOC-L,RT_Pronation_pro_L,0.313402033194957,0.552453276880992,0.865855310075948,0.00593658503752561,0.0064875280063531,5.50155004344194,0.357863100925206
2,GB,10,S1-L,RT_Pronation_pro_L,0.187004700771899,0.158687638676154,0.345692339448053,0.00374853805121917,0.00407608103203531,5.56150075111501,0.398873483730569
2,GB,11,M1-L,RT_Pronation_pro_L,0.166341337079762,0.238315512029069,0.40465684910883,0.00432366732566276,0.00471064790284358,5.54575603133745,0.396327309683599
2,GB,12,SMA-L,RT_Pronation_pro_L,0.301338871406551,0.203514114736303,0.504852986142854,0.00499902495666333,0.00549127663158948,5.52521753625153,0.393762959644751
2,GB,13,PMd-L,RT_Pronation_pro_L,0.152187215838582,0.201525565072294,0.353712780910876,0.00348448147660949,0.00379502960515587,5.56738759928091,0.396661710832712
2,GB,14,PMv-L,RT_Pronation_pro_L,0.0857982764642562,0.229496333524677,0.315294609988933,0.00307038607003737,0.00337094421303288,5.57556909503191,0.39845683024199
2,GB,15,FEF-L,RT_Pronation_pro_L,0.102488080267016,0.229993615800898,0.332481696067914,0.00315089491147604,0.00341536079057399,5.57442492135467,0.39844838057176
2,GB,16,POJ-L,RT_Pronation_pro_L,0.717931889193882,0.38582001809708,1.10375190729096,0.00681790876483219,0.0074424606478506,5.4621555513518,0.340404920536853
2,GB,17,V1-R,RT_Pronation_pro_L,0.139985751551776,0.085046496753031,0.225032248304807,0.00297142061413544,0.00325572092597503,5.58369282517289,0.405855476032126
2,GB,18,V3-R,RT_Pronation_pro_L,0.184028892688092,0.153223904251276,0.337252796939368,0.00333053145032651,0.00361559786670378,5.56934926050243,0.391141400817907
2,GB,19,STS-R,RT_Pronation_pro_L,0.112658827813714,0.154575014628472,0.267233842442186,0.00319688251859796,0.00349692291469839,5.57411086949793,0.402219926838961
2,GB,20,IPL-R,RT_Pronation_pro_L,0.217729051099892,0.169559837934705,0.387288889034597,0.00410693841343522,0.0044805959769835,5.55114146116124,0.392789324616614
2,GB,21,SPL-R,RT_Pronation_pro_L,0.195913038016476,0.30318027247079,0.499093310487266,0.00461262266614755,0.00506271212802967,5.53518875069106,0.388972302880313
2,GB,22,AG-R,RT_Pronation_pro_L,0.0907855274013315,0.202737000097471,0.293522527498803,0.00325707568341629,0.00356923198674738,5.57279102322197,0.398726566671294
2,GB,23,mIPS-R,RT_Pronation_pro_L,0.151135962879504,0.154171627990699,0.305307590870203,0.00370058654900006,0.00405084320993178,5.56452448481525,0.399557215076371
2,GB,24,VIP-R,RT_Pronation_pro_L,0.157004825890051,0.141305210950489,0.29831003684054,0.00340265796388743,0.00373753351243135,5.56955355861232,0.400413206643889
2,GB,25,SPOC-R,RT_Pronation_pro_L,0.277280764762615,0.333384011110748,0.610664775873363,0.00529922247524079,0.00580800862636472,5.52172395621063,0.378507788610126
2,GB,26,S1-R,RT_Pronation_pro_L,0.376055253787124,0.0933711667583665,0.469426420545491,0.00340190500958194,0.00366190874601163,5.5579025446798,0.391451578064207
2,GB,27,M1-R,RT_Pronation_pro_L,0.160172570443227,0.152115950268014,0.31228852071124,0.0032018394582301,0.00348717657518738,5.57491915630716,0.399155891865908
2,GB,28,SMA-R,RT_Pronation_pro_L,0.144499726896752,0.302924556981667,0.447424283878419,0.00444445858859473,0.00489436620012289,5.5412569941906,0.397668758244474
2,GB,29,PMd-R,RT_Pronation_pro_L,0.297691435312501,0.235299056154882,0.532990491467383,0.00515090625459673,0.0056198238151995,5.52515619427988,0.387958118268377
2,GB,30,PMv-R,RT_Pronation_pro_L,0.0745223570810002,0.177200965715788,0.251723322796788,0.00301293790814694,0.00328664626192343,5.58010217115616,0.403405301648604
2,GB,31,FEF-R,RT_Pronation_pro_L,0.21532495554546,0.280845597926958,0.496170553472418,0.00492632828889755,0.00540827524703179,5.53157518281335,0.393796172916875
2,GB,32,POJ-R,RT_Pronation_pro_L,0.303204903780475,0.167992042105311,0.471196945885786,0.00445684044190919,0.00490540501448006,5.54038914833964,0.390768762771331
3,JDC,1,V1-L,RT_Pronation_pro_L,0.135999375288625,0.436284418337438,0.572283793626062,0.00599395269239461,0.00651677765501655,6.23302367554714,0.615776370033919
3,JDC,2,V3-L,RT_Pronation_pro_L,0.168654239607789,0.330837969957221,0.499492209565009,0.00541178804819258,0.00588832556682609,6.24509803828842,0.615610363061103
3,JDC,3,STS-L,RT_Pronation_pro_L,0.0841919704813848,0.13513719897988,0.219329169461265,0.00316889644896205,0.00347535878485446,6.2938380982361,0.630464587537484
3,JDC,4,IPL-L,RT_Pronation_pro_L,0.321892558745295,0.540716442328863,0.862609001074159,0.00795033328995267,0.00860783299610002,6.19447733304557,0.599703066357777
3,JDC,5,SPL-L,RT_Pronation_pro_L,0.565481294275011,0.443360571927006,1.00884186620202,0.0092318688811629,0.00998349485728624,6.17004544245822,0.590391086177901
3,JDC,6,AG-L,RT_Pronation_pro_L,0.199374406762657,0.285262303420589,0.484636710183246,0.00561602479227991,0.00613233243226095,6.2392563337231,0.610446844437081
3,JDC,7,mIPS-L,RT_Pronation_pro_L,0.740874264740783,0.45158332062924,1.19245758537002,0.0107455833992827,0.0117114406628301,6.14691692017044,0.590689385177424
3,JDC,8,VIP-L,RT_Pronation_pro_L,0.279840668664601,0.558815583845279,0.83865625250988,0.00767138626179556,0.00831627707255674,6.20016067919307,0.601250016995272
3,JDC,9,SPOC-L,RT_Pronation_pro_L,0.383772671211661,1.06566133832911,1.44943400954078,0.00963961486667267,0.0103886274832711,6.15130287215997,0.567055289169078
3,JDC,10,S1-L,RT_Pronation_pro_L,0.355826742014212,0.224359977777669,0.580186719791881,0.00571877130367895,0.00622787134489862,6.23325494451248,0.608869953019428
3,JDC,11,M1-L,RT_Pronation_pro_L,0.673704154007,0.22880885017217,0.902513004179169,0.00773279519123254,0.00844202145748737,6.1906759102474,0.595614408926701
3,JDC,12,SMA-L,RT_Pronation_pro_L,0.835362823250471,0.268273589219252,1.10363641246972,0.00923621553844246,0.0100885868005271,6.17014933081277,0.595049437914961
3,JDC,13,PMd-L,RT_Pronation_pro_L,0.319011317606977,0.31160414405234,0.630615461659317,0.00641046377094071,0.0069208329852887,6.22426198779529,0.609741530029934
3,JDC,14,PMv-L,RT_Pronation_pro_L,0.0636270719464441,0.281534439998575,0.345161511945019,0.00387439933234585,0.00418573862767226,6.27852795983905,0.624030449541924
3,JDC,15,FEF-L,RT_Pronation_pro_L,0.115872694004953,0.277586302485534,0.393458996490487,0.00406087067620535,0.00437940454961198,6.27020986761223,0.6187426269714
3,JDC,16,POJ-L,RT_Pronation_pro_L,0.653342887890902,0.322473038304231,0.975815926195133,0.0083521403119587,0.0090492953741381,6.18783045121788,0.593227564315375
3,JDC,17,V1-R,RT_Pronation_pro_L,0.158122345424393,0.443391930474039,0.601514275898432,0.00628187396158371,0.00678775478443675,6.2292681635769,0.615370796781457
3,JDC,18,V3-R,RT_Pronation_pro_L,0.223090085497031,0.368708268367835,0.591798353864867,0.00598968248181331,0.00652336278307227,6.23189927855381,0.612090928130023
3,JDC,19,STS-R,RT_Pronation_pro_L,0.0572063609629734,0.27878576588653,0.335992126849504,0.0040600954319743,0.00444624269158839,6.27470821085656,0.621955385447897
3,JDC,20,IPL-R,RT_Pronation_pro_L,0.476648122623921,0.436415510622598,0.913063633246519,0.00889055751502757,0.00969258225637881,6.18252887536451,0.600543937607422
3,JDC,21,SPL-R,RT_Pronation_pro_L,0.914606869788633,0.413619377623671,1.3282262474123,0.0106326042552866,0.011503228819494,6.14484545078379,0.584397529595541
3,JDC,22,AG-R,RT_Pronation_pro_L,0.356902489201945,0.279525981354631,0.636428470556576,0.00641447159280547,0.00696855813432685,6.22350509613288,0.608657513113282
3,JDC,23,mIPS-R,RT_Pronation_pro_L,0.728706015934683,0.215048013465594,0.943754029400276,0.00825341513479813,0.00893589139827511,6.19216008981897,0.601132346380019
3,JDC,24,VIP-R,RT_Pronation_pro_L,0.749007509485681,0.488102478337922,1.2371099878236,0.0108771982477155,0.0118543950546113,6.14673723235153,0.587091059312617
3,JDC,25,SPOC-R,RT_Pronation_pro_L,0.266732337278411,0.768298501050999,1.03503083832941,0.00801129071177918,0.0086610141941047,6.18471043500116,0.593891173191602
3,JDC,26,S1-R,RT_Pronation_pro_L,0.385045188215785,0.497158421542849,0.882203609758634,0.00808784242368414,0.00874189044758795,6.19081095229242,0.596760986479101
3,JDC,27,M1-R,RT_Pronation_pro_L,0.373508298377179,0.552910278677298,0.926418577054477,0.00816795356559018,0.00879314617088774,6.18811387421516,0.59399427644026
3,JDC,28,SMA-R,RT_Pronation_pro_L,0.759698573121171,0.337435121476533,1.0971336945977,0.0101116779053525,0.0110407878567967,6.16041473085701,0.59411424826992
3,JDC,29,PMd-R,RT_Pronation_pro_L,0.45055310992246,0.298983416459714,0.749536526382174,0.00785069881832539,0.00857192695300074,6.19838548596058,0.605464437095906
3,JDC,30,PMv-R,RT_Pronation_pro_L,0.0778513176984531,0.425638166870762,0.503489484569215,0.00497447647146872,0.00537617287848068,6.25365831512644,0.617149187658644
3,JDC,31,FEF-R,RT_Pronation_pro_L,0.152187464838867,0.251069618949313,0.40325708378818,0.00544575464131515,0.00593610383223032,6.24993844739712,0.623595932934925
3,JDC,32,POJ-R,RT_Pronation_pro_L,0.504741986235299,0.314046874180964,0.818788860416263,0.00723757688636803,0.00785157663364668,6.20473150924762,0.596978900223859
4,JFXD,1,V1-L,RT_Pronation_pro_L,0.223817613468984,0.455337815607621,0.679155429076606,0.00877047165266376,0.00917070407903301,6.96042415884185,0.80820036761214
4,JFXD,2,V3-L,RT_Pronation_pro_L,0.183323788382901,0.248721203425565,0.432044991808466,0.00695325378645423,0.00728745237838742,6.99389467030786,0.825342323481439
4,JFXD,3,STS-L,RT_Pronation_pro_L,0.163456904429278,0.581790080934939,0.745246985364217,0.0080503372894677,0.00842877676648288,6.97043400504088,0.808668625904805
4,JFXD,4,IPL-L,RT_Pronation_pro_L,0.724481843731971,0.391759888115961,1.11624173184793,0.0117753326587187,0.0123460897315494,6.91617880121815,0.792346702944714
4,JFXD,5,SPL-L,RT_Pronation_pro_L,0.855702579906071,0.348055240815546,1.20375782072162,0.0133439320928447,0.0140345122330044,6.89662367485987,0.79114994848048
4,JFXD,6,AG-L,RT_Pronation_pro_L,0.5019866112599,0.4953759541659,0.9973625654258,0.0119382742524444,0.0125014265629124,6.92036609503096,0.799747647806845
4,JFXD,7,mIPS-L,RT_Pronation_pro_L,0.715593689414187,0.372494219514992,1.08808790892918,0.0129652874442825,0.0136178066722475,6.9057603938361,0.803534921632932
4,JFXD,8,VIP-L,RT_Pronation_pro_L,0.722047487857803,0.335981526628748,1.05802901448655,0.0115074344183076,0.0120914691144975,6.91450776496324,0.794767668535072
4,JFXD,9,SPOC-L,RT_Pronation_pro_L,0.542224219818136,0.55195115326371,1.09417537308185,0.0126657853313847,0.0133233269701507,6.90359560308764,0.798323092763412
4,JFXD,10,S1-L,RT_Pronation_pro_L,0.584950840706812,0.360542521078364,0.945493361785177,0.0117195521128803,0.012314851059486,6.92109119081676,0.80039852312508
4,JFXD,11,M1-L,RT_Pronation_pro_L,0.932321258785496,0.378221214274103,1.3105424730596,0.0129068869779316,0.0135615981684386,6.89106661298178,0.782744474639902
4,JFXD,12,SMA-L,RT_Pronation_pro_L,0.995931233570746,0.486159505934357,1.4820907395051,0.0153933102627108,0.0161596707858695,6.86904553003228,0.783136744957768
4,JFXD,13,PMd-L,RT_Pronation_pro_L,0.881459790547429,0.388354498192078,1.26981428873951,0.0125935111767813,0.0131815213509247,6.9008194163278,0.784311975588899
4,JFXD,14,PMv-L,RT_Pronation_pro_L,0.400460999070332,1.06415149828574,1.46461249735607,0.0133917981138041,0.0140491441520806,6.88551762539142,0.771981845006625
4,JFXD,15,FEF-L,RT_Pronation_pro_L,0.34019391521536,0.538405470276627,0.878599385491987,0.0104058915361753,0.0109070290747987,6.93869138754544,0.790366331069766
4,JFXD,16,POJ-L,RT_Pronation_pro_L,0.77500173821625,0.867472037469164,1.64247377568541,0.0158771751273095,0.0165910361612093,6.8513420917501,0.751165282965546
4,JFXD,17,V1-R,RT_Pronation_pro_L,0.132326515346748,0.327668671138089,0.459995186484837,0.00658995984543094,0.00692292402374468,6.99470841054755,0.822679091913181
4,JFXD,18,V3-R,RT_Pronation_pro_L,0.081522115815836,0.469133503987582,0.550655619803418,0.00643048942032351,0.00674279673685211,6.99549186397594,0.817161118718925
4,JFXD,19,STS-R,RT_Pronation_pro_L,0.248064594966546,0.328920356658979,0.576984951625525,0.00742476952198238,0.00778861111715487,6.97864817039979,0.815253731112757
4,JFXD,20,IPL-R,RT_Pronation_pro_L,0.580532933642304,0.46391695517103,1.04444988881333,0.0119929535573376,0.0125502842148351,6.91495333490104,0.798114706434699
4,JFXD,21,SPL-R,RT_Pronation_pro_L,0.695073025209827,0.62346907749067,1.3185421027005,0.0139035423992209,0.0146137366089925,6.88854634374313,0.792179571191974
4,JFXD,22,AG-R,RT_Pronation_pro_L,0.466350692310346,0.90976063361848,1.37611132592883,0.014937124313488,0.0156346585131701,6.88161032450915,0.794091338601667
4,JFXD,23,mIPS-R,RT_Pronation_pro_L,0.799380228927019,0.743931542145432,1.54331177107245,0.0160868280534028,0.0168476372042381,6.86197367263747,0.784662076649349
4,JFXD,24,VIP-R,RT_Pronation_pro_L,0.797070379924101,0.58023974712624,1.37731012705034,0.0141911767770633,0.0149015136662345,6.88308787789825,0.785029138596362
4,JFXD,25,SPOC-R,RT_Pronation_pro_L,0.385585413745805,0.64477379903815,1.03035921278395,0.0109740761934535,0.0114681520541065,6.92826101485747,0.797261319365081
4,JFXD,26,S1-R,RT_Pronation_pro_L,0.567212925523293,0.654420952340958,1.22163387786425,0.0134943290139132,0.0141330097936769,6.89595449536414,0.791043247458986
4,JFXD,27,M1-R,RT_Pronation_pro_L,0.520353169995316,0.749601659046947,1.26995482904226,0.0133403611534868,0.0139531690107996,6.89698358159803,0.787382041496956
4,JFXD,28,SMA-R,RT_Pronation_pro_L,0.859093603822368,0.477328437846009,1.33642204166838,0.0145793434949443,0.0153105543734813,6.87960240189615,0.793887476096883
4,JFXD,29,PMd-R,RT_Pronation_pro_L,0.599227173076381,0.819617567485414,1.41884474056179,0.0142795607310009,0.0149680244083477,6.87590749675109,0.781445644852652
4,JFXD,30,PMv-R,RT_Pronation_pro_L,0.26038629831771,0.549969350889239,0.810355649206949,0.00962776102582249,0.0100907564424439,6.94979118454031,0.808052105556809
4,JFXD,31,FEF-R,RT_Pronation_pro_L,0.347294127214555,0.402924434485678,0.750218561700232,0.00960729700328352,0.0100454462124451,6.95281241035429,0.808254355208653
4,JFXD,32,POJ-R,RT_Pronation_pro_L,0.607709687171278,0.879686882938779,1.48739657011006,0.0147209668806853,0.0153910460767423,6.87279764320466,0.782897045717128
5,JZ,1,V1-L,RT_Pronation_pro_L,0.0723721292453082,0.128397912792817,0.200770042038125,0.00273248917501115,0.0029684688403882,5.7975298879493,0.464327804091965
5,JZ,2,V3-L,RT_Pronation_pro_L,0.0800985646120771,0.473757062464098,0.553855627076175,0.00475582434934251,0.00515820431617613,5.74276487907753,0.450019282092625
5,JZ,3,STS-L,RT_Pronation_pro_L,0.142921583532718,0.339449985426625,0.482371568959343,0.00446583096477048,0.00482441863584189,5.7494125396381,0.444202976308158
5,JZ,4,IPL-L,RT_Pronation_pro_L,0.287319187373288,0.435213924588448,0.722533111961736,0.0054414466448953,0.00588359588231224,5.71618066899393,0.431596665985959
5,JZ,5,SPL-L,RT_Pronation_pro_L,0.537511919743272,0.21551526930885,0.753027189052122,0.00608500976230234,0.00659420659164451,5.7093781930862,0.441357358652687
5,JZ,6,AG-L,RT_Pronation_pro_L,0.327224398510488,0.232467950231858,0.559692348742346,0.00529874837263342,0.0057589221712576,5.72969643545473,0.446696977450388
5,JZ,7,mIPS-L,RT_Pronation_pro_L,0.516569802623375,0.220681807981938,0.737251610605313,0.00650629979808606,0.00705336973450134,5.70297786080691,0.442344313737307
5,JZ,8,VIP-L,RT_Pronation_pro_L,0.453669128792214,0.155540304748227,0.609209433540441,0.00529038538683142,0.00572753631836477,5.72988446740143,0.447453349776869
5,JZ,9,SPOC-L,RT_Pronation_pro_L,0.296896432081823,0.401225833693968,0.69812226577579,0.00617644126427442,0.00668902167684784,5.71441340624327,0.437768407966655
5,JZ,10,S1-L,RT_Pronation_pro_L,0.256531453986618,0.391946165889319,0.648477619875937,0.00539034265389816,0.00585241732486464,5.72928543738927,0.441642310164474
5,JZ,11,M1-L,RT_Pronation_pro_L,0.0955116450655348,0.540934871821277,0.636446516886812,0.00493545804649377,0.00535059307761482,5.73826724261455,0.448907241136357
5,JZ,12,SMA-L,RT_Pronation_pro_L,0.460262606698591,0.358544743203582,0.818807349902173,0.00702885038627307,0.00763128896503282,5.69017401778673,0.430953533059581
5,JZ,13,PMd-L,RT_Pronation_pro_L,0.283304413301,0.253892891570251,0.537197304871251,0.00552963152484746,0.00598710625699421,5.72993180514124,0.448139032638973
5,JZ,14,PMv-L,RT_Pronation_pro_L,0.1157228125692,0.149585160614359,0.265307973183559,0.00346249093300791,0.00376131247673035,5.7788207066578,0.460822596420898
5,JZ,15,FEF-L,RT_Pronation_pro_L,0.130686788233609,0.140708162847674,0.271394951081283,0.00365021632449955,0.00396047417160161,5.77368636689463,0.458848318604841
5,JZ,16,POJ-L,RT_Pronation_pro_L,0.351365655162668,0.311803742266485,0.663169397429152,0.00629427701447189,0.00683842575831447,5.71155601744828,0.442290111403255
5,JZ,17,V1-R,RT_Pronation_pro_L,0.127418114000009,0.158934140944881,0.28635225494489,0.0035947715746487,0.00389690373098585,5.77614594783259,0.459646090330428
5,JZ,18,V3-R,RT_Pronation_pro_L,0.112235687423123,0.130920670480658,0.243156357903781,0.00312741796689711,0.00340629546738025,5.78849817895551,0.459004205161875
5,JZ,19,STS-R,RT_Pronation_pro_L,0.149130109980823,0.450066136028376,0.599196246009199,0.00513123597084747,0.0055798085181882,5.73178656323823,0.441123862165481
5,JZ,20,IPL-R,RT_Pronation_pro_L,0.406553912225478,0.190385401994336,0.596939314219814,0.00529777341531321,0.00576250517287915,5.72791292876821,0.444921617411629
5,JZ,21,SPL-R,RT_Pronation_pro_L,0.26152969072637,0.283586644704139,0.545116335430509,0.00569886220782178,0.00620770412575817,5.72663041162909,0.447771252569291
5,JZ,22,AG-R,RT_Pronation_pro_L,0.306853285000527,0.276216909370953,0.583070194371481,0.0054161054888889,0.00587332395251155,5.72835669532323,0.44124682087116
5,JZ,23,mIPS-R,RT_Pronation_pro_L,0.305843598436607,0.410569216570434,0.716412815007041,0.00616617109944398,0.00666214478993073,5.71049279279573,0.429223730260733
5,JZ,24,VIP-R,RT_Pronation_pro_L,0.648493273890432,0.232738308391995,0.881231582282427,0.00644593694971005,0.00699460245368676,5.69748796041406,0.427308875319748
5,JZ,25,SPOC-R,RT_Pronation_pro_L,0.345259387347521,0.219158968334576,0.564418355682097,0.00506828429827251,0.00548034527370755,5.73740473244997,0.443168988716685
5,JZ,26,S1-R,RT_Pronation_pro_L,0.124928360282107,0.293992669456696,0.418921029738803,0.00433938560504175,0.00472719329493193,5.75507434341523,0.452658635328579
5,JZ,27,M1-R,RT_Pronation_pro_L,0.1005445018454,0.241253389557909,0.341797891403309,0.00351252763001771,0.00382346732318941,5.77473982422998,0.455102746805109
5,JZ,28,SMA-R,RT_Pronation_pro_L,0.465103809837845,0.259600813010224,0.724704622848068,0.00648025392400071,0.00701658204167169,5.70742960332975,0.440901012483559
5,JZ,29,PMd-R,RT_Pronation_pro_L,0.336208884915215,0.210584918754561,0.546793803669776,0.00550431267287485,0.00596310182630032,5.72663047214043,0.44478257315188
5,JZ,30,PMv-R,RT_Pronation_pro_L,0.0824847664513828,0.218471353478918,0.300956119930301,0.00345558309834617,0.00373262772072587,5.77755207509371,0.456580704516798
5,JZ,31,FEF-R,RT_Pronation_pro_L,0.0839905599271134,0.0902928656715088,0.174283425598622,0.00236673257243602,0.00257388206976213,5.80680458863232,0.461251355620372
5,JZ,32,POJ-R,RT_Pronation_pro_L,0.458604316852302,0.306712584474099,0.765316901326401,0.00667522394405527,0.00721361575628794,5.70066016838431,0.430386588043454
6,LT,1,V1-L,RT_Pronation_pro_L,0.0448955579156345,0.161983795468152,0.206879353383786,0.00322723562039608,0.0034402484719492,6.46134752528696,0.683037842532492
6,LT,2,V3-L,RT_Pronation_pro_L,0.121433566574719,0.527729741961959,0.649163308536678,0.00620259490280448,0.00661328787623626,6.39119079946238,0.665050559459328
6,LT,3,STS-L,RT_Pronation_pro_L,0.106142753803454,0.636261315780887,0.742404069584341,0.00636980442913426,0.00677635133131986,6.38840689643615,0.65869332149714
6,LT,4,IPL-L,RT_Pronation_pro_L,0.998311248165612,0.463223880112638,1.46153512827825,0.0103179037076811,0.0110588567375478,6.29928180532911,0.625685500320449
6,LT,5,SPL-L,RT_Pronation_pro_L,0.546451110862746,0.263121006988313,0.809572117851059,0.00884684561355956,0.00948275232820719,6.34709059254014,0.653690957707077
6,LT,6,AG-L,RT_Pronation_pro_L,0.903851732721996,0.249744280535202,1.1535960132572,0.00982180953602145,0.0105217341665289,6.32566554111234,0.641877111072299
6,LT,7,mIPS-L,RT_Pronation_pro_L,0.737231397563257,0.310369678920446,1.0476010764837,0.0102983136553097,0.0110209594026219,6.3275097705746,0.652627622173199
6,LT,8,VIP-L,RT_Pronation_pro_L,0.810057625567435,0.471304487943339,1.28136211351077,0.0103235600522372,0.0110902497488187,6.31366653231758,0.634132115436956
6,LT,9,SPOC-L,RT_Pronation_pro_L,0.458256605616855,0.319073851967536,0.777330457584391,0.00818800364783417,0.00875518063789773,6.35632562736429,0.653773590805064
6,LT,10,S1-L,RT_Pronation_pro_L,0.441016352679633,0.619991518095002,1.06100787077463,0.00745731489362626,0.00796751898623895,6.35180282988658,0.63660044518233
6,LT,11,M1-L,RT_Pronation_pro_L,0.48238868991675,0.624046148548051,1.1064348384648,0.00934935727303534,0.00998018394371148,6.32325543040765,0.633020585121856
6,LT,12,SMA-L,RT_Pronation_pro_L,0.535738752954788,0.655923672991677,1.19166242594646,0.0107849090606747,0.0115708050986007,6.30793568412882,0.639126746614216
6,LT,13,PMd-L,RT_Pronation_pro_L,0.337889803675228,0.424488293039895,0.762378096715123,0.0083619410551974,0.00898697762114522,6.35759625243229,0.657939069568577
6,LT,14,PMv-L,RT_Pronation_pro_L,0.133074049168694,0.52735024490023,0.660424294068924,0.00663865507044498,0.00708246076660978,6.38834147849208,0.665090260527018
6,LT,15,FEF-L,RT_Pronation_pro_L,0.155291940055699,0.356015010296057,0.511306950351756,0.00605528865158803,0.00644721856213805,6.39476438944525,0.665491994056334
6,LT,16,POJ-L,RT_Pronation_pro_L,0.397932329295503,0.681049657283968,1.07898198657947,0.0103781442454065,0.0110985864083059,6.32693709048024,0.649617610580782
6,LT,17,V1-R,RT_Pronation_pro_L,0.09074988972647,0.548953863200179,0.639703752926649,0.00567245330443542,0.00605536427470063,6.39884167454034,0.663439319967417
6,LT,18,V3-R,RT_Pronation_pro_L,0.134450068738605,0.352560395540448,0.487010464279053,0.00532557878798702,0.00569001949679626,6.40333960453,0.66392142367747
6,LT,19,STS-R,RT_Pronation_pro_L,0.0724842770586131,0.295001982364163,0.367486259422777,0.00513509432836997,0.00550977082106711,6.42004439025759,0.681531166544911
6,LT,20,IPL-R,RT_Pronation_pro_L,0.716377131377733,0.357834752428553,1.07421188380629,0.0102217366711127,0.0109146843504092,6.32248166966254,0.649674985823886
6,LT,21,SPL-R,RT_Pronation_pro_L,0.635981190924781,0.542098340862498,1.17807953178728,0.0109246742344531,0.0116328605388641,6.30928236152673,0.637376639056699
6,LT,22,AG-R,RT_Pronation_pro_L,0.496779643697665,0.325507342175807,0.822286985873472,0.00844034865203496,0.00900222046014495,6.35267869821789,0.651619804598597
6,LT,23,mIPS-R,RT_Pronation_pro_L,0.586904728795168,0.30558782577754,0.892492554572709,0.00877512649405314,0.0093793668935682,6.34592163503557,0.65339027508954
6,LT,24,VIP-R,RT_Pronation_pro_L,0.900820849079637,0.368945983183538,1.26976683226317,0.0114307258808756,0.0122182039180513,6.29857665275203,0.639366912739222
6,LT,25,SPOC-R,RT_Pronation_pro_L,0.407116254431994,0.581127185655558,0.988243440087552,0.00838016063165635,0.00891605432905365,6.34663825222892,0.643051535432684
6,LT,26,S1-R,RT_Pronation_pro_L,0.431882155744602,0.511837395887716,0.943719551632318,0.00891201879244679,0.00948028262213745,6.34567143444445,0.645296848831026
6,LT,27,M1-R,RT_Pronation_pro_L,0.625294963523236,0.30602279956459,0.931317763087826,0.00869899697471727,0.00926497699016587,6.34768366843874,0.649749561044885
6,LT,28,SMA-R,RT_Pronation_pro_L,0.521937173999271,0.809621216332391,1.33155839033166,0.0112876556121361,0.0120705241963906,6.29680343139422,0.627630740522054
6,LT,29,PMd-R,RT_Pronation_pro_L,0.0832345423940462,0.282495116086497,0.365729658480543,0.0044864135587258,0.00477387924798811,6.43020542485987,0.673619962951982
6,LT,30,PMv-R,RT_Pronation_pro_L,0.106721197162096,0.1709969791679,0.277718176329996,0.00431644605615637,0.00464730697126412,6.43177329350062,0.681140722033234
6,LT,31,FEF-R,RT_Pronation_pro_L,0.142644094244199,0.289916147503963,0.432560241748162,0.00576681079688063,0.00613900209984229,6.40541678855675,0.672899698485324
6,LT,32,POJ-R,RT_Pronation_pro_L,0.523504779094473,0.346662545965901,0.870167325060373,0.00889202892578279,0.00948833385676731,6.34905458819372,0.645683130604865
7,NvA,1,V1-L,RT_Pronation_pro_L,0.0623968238510428,0.218442562219794,0.280839386070837,0.00337428465097128,0.0036889521033268,5.84809802865734,0.513969228304021
7,NvA,2,V3-L,RT_Pronation_pro_L,0.105111927038793,0.186990894191301,0.292102821230094,0.00344255163169927,0.00377898194260016,5.84199412729088,0.512896533651633
7,NvA,3,STS-L,RT_Pronation_pro_L,0.113155351779825,0.141350404791536,0.254505756571361,0.00326302320117927,0.00359089477359687,5.84922476713919,0.511604155423387
7,NvA,4,IPL-L,RT_Pronation_pro_L,0.229275521046332,0.181666781504894,0.410942302551226,0.00458490873393497,0.00504812696467196,5.81541758772318,0.509923436246354
7,NvA,5,SPL-L,RT_Pronation_pro_L,0.348280446288043,0.417793992142163,0.766074438430206,0.00628172398014897,0.00690135261865235,5.76442864176967,0.485500532950925
7,NvA,6,AG-L,RT_Pronation_pro_L,0.29350176127658,0.278317610674148,0.571819371950728,0.00503621736401397,0.00551405171935497,5.80049749899407,0.488708923549275
7,NvA,7,mIPS-L,RT_Pronation_pro_L,0.344280749872968,0.279838091887533,0.6241188417605,0.00569563021782386,0.00628613225672835,5.78054818783619,0.497691882317637
7,NvA,8,VIP-L,RT_Pronation_pro_L,0.340889224598976,0.139066338651462,0.479955563250438,0.0048619263461204,0.00533510427293254,5.80758444428093,0.508504188929667
7,NvA,9,SPOC-L,RT_Pronation_pro_L,0.32122343200375,0.245832907144282,0.567056339148032,0.0058919646771221,0.0064766440679068,5.78513986297063,0.501021738176391
7,NvA,10,S1-L,RT_Pronation_pro_L,0.203420140543399,0.237262863335386,0.440683003878785,0.00488744265416195,0.00535437594264065,5.80921575351505,0.504557547240404
7,NvA,11,M1-L,RT_Pronation_pro_L,0.214362276736086,0.254947808970082,0.469310085706168,0.00473627683541857,0.0052055075423722,5.80691235380662,0.497171018055572
7,NvA,12,SMA-L,RT_Pronation_pro_L,0.17269805771776,0.268061821962718,0.440759879680479,0.00467025980009102,0.00510365997827479,5.81486672900861,0.506341949993562
7,NvA,13,PMd-L,RT_Pronation_pro_L,0.114645954066405,0.209390970266015,0.32403692433242,0.00411338462589781,0.00453664377377167,5.82710613686028,0.514576459077724
7,NvA,14,PMv-L,RT_Pronation_pro_L,0.0826728900201976,0.238193075095468,0.320865965115666,0.00376710545683627,0.00412184884462926,5.83325685791328,0.512252012207973
7,NvA,15,FEF-L,RT_Pronation_pro_L,0.195083793291035,0.181545231861006,0.376629025152041,0.00451992591831134,0.00498355512773487,5.81652294126494,0.51166362406471
7,NvA,16,POJ-L,RT_Pronation_pro_L,0.273290373381509,0.226088068086124,0.499378441467632,0.00407664931259002,0.00446362533129777,5.81571034593146,0.495521948382915
7,NvA,17,V1-R,RT_Pronation_pro_L,0.132670070672415,0.161087147907657,0.293757218580072,0.00362359759616574,0.00396681294877198,5.8395683711527,0.509944848638005
7,NvA,18,V3-R,RT_Pronation_pro_L,0.36526695258301,0.287367043086895,0.652633995669905,0.00626939707862602,0.00688864421599978,5.77265539654372,0.494871720923107
7,NvA,19,STS-R,RT_Pronation_pro_L,0.146025554626119,0.350617031800484,0.496642586426603,0.00451026688059407,0.00492535414168722,5.81486634352465,0.498434767548392
7,NvA,20,IPL-R,RT_Pronation_pro_L,0.611775882703692,0.464533997412662,1.07630988011635,0.00795658870604518,0.00876416583773805,5.73804300539298,0.483066198108253
7,NvA,21,SPL-R,RT_Pronation_pro_L,0.405408830952239,0.384601573377556,0.790010404329795,0.00620247172116518,0.00678549865831822,5.76953903979706,0.481520203447426
7,NvA,22,AG-R,RT_Pronation_pro_L,0.336074266115056,0.37239147802286,0.708465744137916,0.0061317710588854,0.0067079125937957,5.77751274255721,0.488304205953143
7,NvA,23,mIPS-R,RT_Pronation_pro_L,0.414541569127143,0.234136027210808,0.648677596337951,0.00584762680264275,0.00637534320600879,5.78306530605782,0.491847937286102
7,NvA,24,VIP-R,RT_Pronation_pro_L,0.651949024107781,0.544970093498056,1.19691911760584,0.00843517794049271,0.00927795223108347,5.71913626568081,0.467366722158832
7,NvA,25,SPOC-R,RT_Pronation_pro_L,0.270699668802144,0.680370336866761,0.951070005668905,0.00678660238073224,0.00746269771087612,5.75376084184181,0.482198925550634
7,NvA,26,S1-R,RT_Pronation_pro_L,0.249120747435507,0.252378788225303,0.50149953566081,0.00476682493055707,0.00521054318871129,5.81248482534262,0.499280891950552
7,NvA,27,M1-R,RT_Pronation_pro_L,0.441395480727418,0.221283902353537,0.662679383080956,0.0060806589437133,0.00665617398946066,5.78298373621227,0.497317757142603
7,NvA,28,SMA-R,RT_Pronation_pro_L,0.155118536679085,0.269864668214104,0.42498320489319,0.00445825556751068,0.00486105005951425,5.81561375120418,0.506478167603575
7,NvA,29,PMd-R,RT_Pronation_pro_L,0.369937842707838,0.365740173379948,0.735678016087786,0.00648801669893511,0.00709747861427694,5.76875738017917,0.492565271189816
7,NvA,30,PMv-R,RT_Pronation_pro_L,0.0783411672855968,0.157854721245274,0.236195888530871,0.00324108248160626,0.00355815899886284,5.85152612639978,0.517363018430893
7,NvA,31,FEF-R,RT_Pronation_pro_L,0.30916808224325,0.226356294655587,0.535524376898838,0.00479804432615155,0.00523361456596516,5.80438692830822,0.497394065494345
7,NvA,32,POJ-R,RT_Pronation_pro_L,0.742372311777031,0.415812012016623,1.15818432379365,0.00821944499090429,0.00900266886267771,5.72601205895485,0.455809699933432
8,RR,1,V1-L,RT_Pronation_pro_L,0.210621696651063,0.587438523675999,0.798060220327062,0.00662043904673982,0.00718795591027925,6.20694994587175,0.587513379361425
8,RR,2,V3-L,RT_Pronation_pro_L,0.118710062822746,0.577758215312257,0.696468278135002,0.00564476920990816,0.00613671649196598,6.2241611601137,0.59083598262567
8,RR,3,STS-L,RT_Pronation_pro_L,0.13693305178128,0.307381834442515,0.444314886223795,0.00540470698367521,0.00588239107372783,6.24102430397815,0.60264521922809
8,RR,4,IPL-L,RT_Pronation_pro_L,0.677863105137532,0.182363817321361,0.860226922458893,0.00759154106175986,0.00825340683513016,6.19539198832696,0.590175163279534
8,RR,5,SPL-L,RT_Pronation_pro_L,0.670167631315018,0.57153501023244,1.24170264154746,0.0101004799437369,0.0109770694475147,6.14681693766459,0.567170303907204
8,RR,6,AG-L,RT_Pronation_pro_L,0.496677369942995,0.309697331676627,0.806374701619622,0.00717785053187941,0.00782598943726943,6.1962486720527,0.585974814491743
8,RR,7,mIPS-L,RT_Pronation_pro_L,0.856774632048585,0.371177437172677,1.22795206922126,0.00925197753000723,0.00999826191846078,6.14874038416569,0.565175502892889
8,RR,8,VIP-L,RT_Pronation_pro_L,0.581579788346482,0.238542470561918,0.8201222589084,0.00782934703735585,0.00850989186308502,6.19158860160152,0.586998882530764
8,RR,9,SPOC-L,RT_Pronation_pro_L,0.816093897226357,0.41280014336441,1.22889404059077,0.0092013672396762,0.00996270156835246,6.15075104087384,0.564434971935973
8,RR,10,S1-L,RT_Pronation_pro_L,0.115745910966107,0.499322096169363,0.61506800713547,0.00541065213619944,0.00587018344248076,6.23569329466777,0.5943486273565
8,RR,11,M1-L,RT_Pronation_pro_L,0.392839630719672,0.691488439949806,1.08432807066948,0.00895820930863057,0.00974939141675618,6.15758262655002,0.576998543639408
8,RR,12,SMA-L,RT_Pronation_pro_L,0.560241361436994,0.414923939626054,0.975165301063048,0.00879650648114044,0.0095600928275366,6.16627709280999,0.574508256228722
8,RR,13,PMd-L,RT_Pronation_pro_L,0.32931005921779,0.567591785631574,0.896901844849364,0.00757197701601592,0.00820769611845192,6.18879224313539,0.575996005072707
8,RR,14,PMv-L,RT_Pronation_pro_L,0.156241053227832,0.412949245799095,0.569190299026927,0.00602618230599773,0.00656633191480169,6.22474821235072,0.598661797979526
8,RR,15,FEF-L,RT_Pronation_pro_L,0.0918277322137328,0.269730234483839,0.361557966697572,0.00444860338106634,0.00483659024119071,6.25983099446303,0.608989847353259
8,RR,16,POJ-L,RT_Pronation_pro_L,0.676366019828047,0.165403431671233,0.841769451499281,0.00778551197477132,0.00849781526734705,6.19268402055735,0.586893559369437
8,RR,17,V1-R,RT_Pronation_pro_L,0.161005194868573,0.375266133754167,0.53627132862274,0.0060169446865259,0.00652710409343501,6.22501510419796,0.602137988369552
8,RR,18,V3-R,RT_Pronation_pro_L,0.119214463565063,0.32539340434724,0.444607867912303,0.00534921865359454,0.00582591926769283,6.2391334683691,0.606270961989026
8,RR,19,STS-R,RT_Pronation_pro_L,0.0855522486011565,0.219744453878586,0.305296702479742,0.00403474456729873,0.00437586897710853,6.27117056678675,0.608350957799953
8,RR,20,IPL-R,RT_Pronation_pro_L,0.529428086076488,0.478706538402894,1.00813462447938,0.00912646733643745,0.00989013887980242,6.16892524121405,0.579345263838374
8,RR,21,SPL-R,RT_Pronation_pro_L,0.374897839482268,0.392132061510355,0.767029900992623,0.00770575249845276,0.00834694298832589,6.19553130577714,0.587199661082562
8,RR,22,AG-R,RT_Pronation_pro_L,0.232678513754037,0.254691624456924,0.487370138210961,0.0060255403285189,0.00656099489234431,6.2269422340691,0.602420813736397
8,RR,23,mIPS-R,RT_Pronation_pro_L,0.306102455607244,0.234663807414358,0.540766263021602,0.0058500208752081,0.00635145280990314,6.22998970595934,0.599726321697384
8,RR,24,VIP-R,RT_Pronation_pro_L,0.386154127722274,0.739276350961531,1.12543047868381,0.00932818766409977,0.0101227019029133,6.15980774301204,0.577258179316264
8,RR,25,SPOC-R,RT_Pronation_pro_L,0.40029470764997,0.443461598893898,0.843756306543867,0.00839741437226602,0.00916125464839057,6.18415248208615,0.589220184910636
8,RR,26,S1-R,RT_Pronation_pro_L,0.306143677400989,0.358689214711497,0.664832892112487,0.00720295820147714,0.00783268401382169,6.20540455446256,0.597547209203256
8,RR,27,M1-R,RT_Pronation_pro_L,0.224290373458302,0.37873180808975,0.603022181548052,0.00654517761114683,0.00710072757253028,6.21917182215896,0.595115792699844
8,RR,28,SMA-R,RT_Pronation_pro_L,0.543498926479125,0.38033379979563,0.923832726274755,0.0089506661900834,0.00974732703181478,6.16933691599707,0.582428407828503
8,RR,29,PMd-R,RT_Pronation_pro_L,0.430764493873766,0.223856577299982,0.654621071173748,0.00649880072355961,0.0070836715129359,6.21543396046796,0.589077993162524
8,RR,30,PMv-R,RT_Pronation_pro_L,0.294684752977822,0.133893618612267,0.428578371590089,0.00460945240905617,0.00499415699726077,6.25412822068296,0.602158775454681
8,RR,31,FEF-R,RT_Pronation_pro_L,0.337923195361921,0.157861462399021,0.495784657760942,0.0052828667127388,0.00573327147302607,6.24073363977648,0.598122089310814
8,RR,32,POJ-R,RT_Pronation_pro_L,0.465586026094304,0.409405674236273,0.874991700330577,0.00793634120953858,0.00864461843927924,6.1860141285293,0.582606942762878
9,SJB,1,V1-L,RT_Pronation_pro_L,0.221316158717318,0.473787964528015,0.695104123245333,0.00561769898403006,0.00598409698271418,5.86674112029941,0.472094580976303
9,SJB,2,V3-L,RT_Pronation_pro_L,0.133825310201854,0.377046623764455,0.510871933966309,0.00508459081126702,0.00548832037634464,5.88088585492199,0.495205475790915
9,SJB,3,STS-L,RT_Pronation_pro_L,0.0859319870326053,0.253617740793318,0.339549727825923,0.00372427150888923,0.00400841656628843,5.91291752465635,0.500671421385589
9,SJB,4,IPL-L,RT_Pronation_pro_L,0.434488522945824,0.626633149815591,1.06112167276141,0.00770815291105209,0.00823822708436101,5.81958615382448,0.471835529730837
9,SJB,5,SPL-L,RT_Pronation_pro_L,0.758041083361395,0.213476360645443,0.971517444006838,0.00774685631141,0.00838108377498724,5.82319041782381,0.475923885509484
9,SJB,6,AG-L,RT_Pronation_pro_L,0.577840354934838,0.281615379139377,0.859455734074215,0.00727829298246456,0.00784984649123995,5.82892333864087,0.47309224575464
9,SJB,7,mIPS-L,RT_Pronation_pro_L,0.720741998869052,0.308688957669096,1.02943095653815,0.00838248566454797,0.00903946645510721,5.81425396605695,0.47666486292319
9,SJB,8,VIP-L,RT_Pronation_pro_L,0.547799321713097,0.3796189804645,0.927418302177597,0.00775854319639597,0.00832388143771319,5.83151151503725,0.478986740080047
9,SJB,9,SPOC-L,RT_Pronation_pro_L,0.360508520283901,0.230931391490723,0.591439911774625,0.00539999855063117,0.00583509781999905,5.87101155187401,0.4906507765377
9,SJB,10,S1-L,RT_Pronation_pro_L,0.304796443496945,0.31427685661469,0.619073300111634,0.00613387221527768,0.0065634941667143,5.86305094631665,0.48502032215079
9,SJB,11,M1-L,RT_Pronation_pro_L,0.520939570342584,0.41546937181102,0.936408942153603,0.00829654236052676,0.00890645459501874,5.813519920424,0.467603593780641
9,SJB,12,SMA-L,RT_Pronation_pro_L,0.454986245516866,0.277253529225163,0.732239774742029,0.00640843210650676,0.00689508732957857,5.84597093550483,0.482676470307693
9,SJB,13,PMd-L,RT_Pronation_pro_L,0.402712299909896,0.197258988708744,0.59997128861864,0.0056304961548515,0.00605172557027575,5.86699492210557,0.486603038911947
9,SJB,14,PMv-L,RT_Pronation_pro_L,0.0658176179065949,0.12476866276277,0.190586280669364,0.00285832684483847,0.00307086843392491,5.93841081806099,0.509046247995579
9,SJB,15,FEF-L,RT_Pronation_pro_L,0.139495860482308,0.147345844267157,0.286841704749464,0.00372440560224023,0.00400111874256243,5.9150534402905,0.499587264531518
9,SJB,16,POJ-L,RT_Pronation_pro_L,0.58534633007205,0.148135520048649,0.733481850120699,0.00645584547879072,0.00694933328725279,5.85276470009382,0.487917092166424
9,SJB,17,V1-R,RT_Pronation_pro_L,0.118564220649176,0.375352313755269,0.493916534404445,0.00487205752471608,0.00523662310759584,5.8900143140279,0.488645723158247
9,SJB,18,V3-R,RT_Pronation_pro_L,0.129114467051768,0.171021050489855,0.300135517541623,0.0039194313261207,0.00424611847494556,5.90918109763921,0.505281303780391
9,SJB,19,STS-R,RT_Pronation_pro_L,0.0757124795026157,0.158395037181426,0.234107516684042,0.00312334579822551,0.00336299395855598,5.9301970733904,0.506554624815131
9,SJB,20,IPL-R,RT_Pronation_pro_L,0.135255467632714,0.382189327895789,0.517444795528503,0.00510502838100818,0.00552179044212163,5.88161091911114,0.49573518441598
9,SJB,21,SPL-R,RT_Pronation_pro_L,0.177999060603964,0.317809970636819,0.495809031240783,0.00499336027193112,0.00540458757810184,5.88008407960561,0.496096327534042
9,SJB,22,AG-R,RT_Pronation_pro_L,0.176556348772752,0.474295101946548,0.6508514507193,0.00577844602164111,0.00621741561606836,5.86209581404285,0.48611366244364
9,SJB,23,mIPS-R,RT_Pronation_pro_L,0.208176124516816,0.15239975488851,0.360575879405326,0.00381330027887436,0.00410580438437251,5.90864529006812,0.499615717543004
9,SJB,24,VIP-R,RT_Pronation_pro_L,0.258693644410745,0.512965237506158,0.771658881916903,0.00620920291685684,0.00668679942315726,5.84914921017791,0.481418308099908
9,SJB,25,SPOC-R,RT_Pronation_pro_L,0.435034198264575,0.312120112083129,0.747154310347704,0.00682542522538777,0.00736829765256561,5.84275656049478,0.482695918349702
9,SJB,26,S1-R,RT_Pronation_pro_L,0.208312091562404,0.419170480649872,0.627482572212276,0.00576823451468291,0.0062027758374702,5.86497986499368,0.482709930970574
9,SJB,27,M1-R,RT_Pronation_pro_L,0.211226576084587,0.264697327293542,0.475923903378128,0.00521154376405029,0.00560662793740166,5.87585951558613,0.485782270723007
9,SJB,28,SMA-R,RT_Pronation_pro_L,0.560319190414416,0.295851594378842,0.856170784793258,0.00761735717439232,0.00820529802083704,5.82748748615363,0.482056509161214
9,SJB,29,PMd-R,RT_Pronation_pro_L,0.215654369697835,0.545771524693011,0.761425894390845,0.00684273047582711,0.00733186374248771,5.84900198004423,0.485733115464984
9,SJB,30,PMv-R,RT_Pronation_pro_L,0.0732454629556705,0.173016597393181,0.246262060348852,0.00325006966483312,0.00349943065675743,5.92808945037305,0.506777786681684
9,SJB,31,FEF-R,RT_Pronation_pro_L,0.119164527510158,0.173366323177934,0.292530850688092,0.00369987696569777,0.0040067619849978,5.91519325675885,0.505357706132673
9,SJB,32,POJ-R,RT_Pronation_pro_L,0.331025175577334,0.250293955276063,0.581319130853397,0.00632165067792586,0.00681921307599004,5.85893300573249,0.491595278858537
10,BG,1,V1-L,RT_Pronation_pro_L,0.104835142418378,0.277521631468907,0.382356773887284,0.00434333010189783,0.0046879577564102,5.9415778797838,0.511922866443217
10,BG,2,V3-L,RT_Pronation_pro_L,0.157514245795047,0.207505142693463,0.365019388488511,0.00421977510431117,0.00456369376764551,5.94504637441768,0.511275760512908
10,BG,3,STS-L,RT_Pronation_pro_L,0.0650531023727209,0.651221318089021,0.716274420461742,0.00497687835356334,0.00529851416028763,5.92190665112573,0.496908696112816
10,BG,4,IPL-L,RT_Pronation_pro_L,0.446506725855438,0.181513484191732,0.62802021004717,0.00637107464539706,0.00690725021586851,5.89873458209693,0.499040433287071
10,BG,5,SPL-L,RT_Pronation_pro_L,0.688881028993001,0.393774123224928,1.08265515221793,0.00867031771356916,0.00934555533453897,5.85234884172161,0.479211835362703
10,BG,6,AG-L,RT_Pronation_pro_L,0.17592347874867,0.374876657968258,0.550800136716928,0.00566684096981544,0.00609613000299966,5.91402926896328,0.501262382222086
10,BG,7,mIPS-L,RT_Pronation_pro_L,0.937325366377769,0.467470984141696,1.40479635051947,0.00991108496799452,0.0106562392322883,5.81730723192346,0.453609218272705
10,BG,8,VIP-L,RT_Pronation_pro_L,0.433764837594865,0.230537748242998,0.664302585837863,0.00673002696260368,0.0072779837920818,5.89054284133993,0.495288987127136
10,BG,9,SPOC-L,RT_Pronation_pro_L,0.228920511227138,0.180795516667909,0.409716027895047,0.00489307732208653,0.00524732065583105,5.92981917969546,0.502604127219925
10,BG,10,S1-L,RT_Pronation_pro_L,0.291007363038231,0.331903488513747,0.622910851551978,0.0068982044035041,0.00746122204247522,5.89099344975638,0.500911182348565
10,BG,11,M1-L,RT_Pronation_pro_L,0.437696850930409,0.321535275003234,0.759232125933643,0.00661473103671239,0.00711768727392401,5.88707894463198,0.481911671384984
10,BG,12,SMA-L,RT_Pronation_pro_L,0.211078943754848,0.202593861642547,0.413672805397395,0.0044774666020158,0.00483355227634822,5.93370423159198,0.506872210001399
10,BG,13,PMd-L,RT_Pronation_pro_L,0.19690056969435,0.334694374194869,0.531594943889219,0.00518051124934712,0.00558274721470283,5.92109260774395,0.503022842398943
10,BG,14,PMv-L,RT_Pronation_pro_L,0.0704670181745372,0.266467585680405,0.336934603854942,0.00379069066914159,0.00408095144782697,5.95513347561822,0.510658521766261
10,BG,15,FEF-L,RT_Pronation_pro_L,0.247119414711658,0.282910378666616,0.530029793378274,0.00568915244604187,0.00613100674252529,5.91431003641131,0.499678126467401
10,BG,16,POJ-L,RT_Pronation_pro_L,0.237907680140859,0.173054691830875,0.410962371971735,0.00483592899928732,0.00521558705788923,5.93036837027136,0.505075253168484
10,BG,17,V1-R,RT_Pronation_pro_L,0.123369616920897,0.228648436128551,0.352018053049448,0.00407280304116726,0.00439443864746472,5.94711502798551,0.507980012637854
10,BG,18,V3-R,RT_Pronation_pro_L,0.0686308381160698,0.164646973762538,0.233277811878608,0.00329052713483736,0.00356106444520849,5.97005034862521,0.516792664231494
10,BG,19,STS-R,RT_Pronation_pro_L,0.054593940473051,0.165345773493002,0.219939713966053,0.00284100008316053,0.00307686401116738,5.98005017693999,0.515811068787406
10,BG,20,IPL-R,RT_Pronation_pro_L,0.45076426453595,0.209349509829777,0.660113774365728,0.00630667026259527,0.00679475301583637,5.89340826373215,0.496937662410993
10,BG,21,SPL-R,RT_Pronation_pro_L,0.207562991665855,0.247592363535347,0.455155355201201,0.00571940764901941,0.00617040459883162,5.9183139196504,0.507247868904087
10,BG,22,AG-R,RT_Pronation_pro_L,0.481339464787047,0.459786704477937,0.941126169264984,0.00864538794024271,0.00932723833760987,5.85666717441886,0.484469226455523
10,BG,23,mIPS-R,RT_Pronation_pro_L,0.50605334979012,0.349646782166621,0.855700131956741,0.00745090652606569,0.00802379594936009,5.87497625332204,0.483355862484426
10,BG,24,VIP-R,RT_Pronation_pro_L,0.454542246379286,0.281199813671707,0.735742060050993,0.00728513249572059,0.0079067790286686,5.87859569760176,0.497515772068624
10,BG,25,SPOC-R,RT_Pronation_pro_L,0.334164599996271,0.598733188944709,0.93289778894098,0.00788226246431069,0.00845383753900416,5.86755826215404,0.484856174722367
10,BG,26,S1-R,RT_Pronation_pro_L,0.22246555583905,0.232479643462605,0.454945199301655,0.00491167141258808,0.0053070662078982,5.92730198113874,0.50579906004201
10,BG,27,M1-R,RT_Pronation_pro_L,0.286719656784747,0.382578505396377,0.669298162181125,0.00626882027118324,0.00677206803080213,5.8952818344605,0.497913552640978
10,BG,28,SMA-R,RT_Pronation_pro_L,0.347386988083509,0.207179772931816,0.554566761015326,0.0059005134066741,0.00636342989765561,5.90820925487802,0.500450821663259
10,BG,29,PMd-R,RT_Pronation_pro_L,0.235998827433555,0.277770780352902,0.513769607786457,0.00552507384678003,0.00597123550842461,5.91635303605783,0.497408558590163
10,BG,30,PMv-R,RT_Pronation_pro_L,0.0929598047628184,0.244965602666933,0.337925407429751,0.00383644983149981,0.00418481872895598,5.94796713344803,0.506834870750008
10,BG,31,FEF-R,RT_Pronation_pro_L,0.285991898589248,0.350940495275248,0.636932393864496,0.00609519172535694,0.00655595662394677,5.90301145358622,0.494213437550415
10,BG,32,POJ-R,RT_Pronation_pro_L,0.719053818408397,0.523259534076515,1.24231335248491,0.00972881980232493,0.0104270028907499,5.82587181861455,0.450768846062878
1,DOC,1,V1-L,RT_Pronation_pro_R,0.180140546360892,0.290759343897484,0.470899890258376,0.0060546230952636,0.00646642561783616,6.18310366994609,0.566905816943303
1,DOC,2,V3-L,RT_Pronation_pro_R,0.200088008329872,0.403668452653916,0.603756460983788,0.00680206797497497,0.00727673124344972,6.16811539008976,0.566595918408291
1,DOC,3,STS-L,RT_Pronation_pro_R,0.0982345443157316,0.259453718123361,0.357688262439093,0.00429488087820044,0.00458644440688906,6.21714609104104,0.573306339115452
1,DOC,4,IPL-L,RT_Pronation_pro_R,0.922976800737127,0.285442688602681,1.20841948933981,0.0102334140329251,0.0109511827201324,6.09941975945026,0.54344297454115
1,DOC,5,SPL-L,RT_Pronation_pro_R,0.520673785085266,0.255748558790401,0.776422343875667,0.00828274247911082,0.00886864026270364,6.13949310709212,0.555883277796221
1,DOC,6,AG-L,RT_Pronation_pro_R,0.3340890656884,0.364647356160838,0.698736421849238,0.0070477910127552,0.00754098199245039,6.15626720588448,0.560269941807692
1,DOC,7,mIPS-L,RT_Pronation_pro_R,0.542790595920324,0.498451238771103,1.04124183469143,0.00912582678796276,0.00974515211825999,6.11823107076738,0.542007054836503
1,DOC,8,VIP-L,RT_Pronation_pro_R,0.589323803332497,0.31961648431404,0.908940287646537,0.00858275482059045,0.00916127531054393,6.13161967754834,0.553297396290056
1,DOC,9,SPOC-L,RT_Pronation_pro_R,0.45814593269473,0.311146541639586,0.769292474334317,0.006892577460394,0.00735818075779835,6.15386758949622,0.549965271183841
1,DOC,10,S1-L,RT_Pronation_pro_R,0.401876904362381,0.586891642746538,0.988768547108919,0.00897596935642386,0.00959108747398504,6.12367789288576,0.551897255725451
1,DOC,11,M1-L,RT_Pronation_pro_R,0.416504008175888,0.818628685918578,1.23513269409447,0.0096266996139926,0.0102416370688752,6.10073831355924,0.526713647531518
1,DOC,12,SMA-L,RT_Pronation_pro_R,0.308103596367818,0.345832053922745,0.653935650290562,0.00628942861558816,0.00673224163581357,6.1670894122415,0.556995057273207
1,DOC,13,PMd-L,RT_Pronation_pro_R,0.362800136530072,0.488822702124864,0.851622838654935,0.00779756894781856,0.0083596918116186,6.13895147568548,0.543534443467994
1,DOC,14,PMv-L,RT_Pronation_pro_R,0.079777504726312,0.185693627024155,0.265471131750467,0.0035553996224408,0.00380391351709648,6.23353025932377,0.57683354222442
1,DOC,15,FEF-L,RT_Pronation_pro_R,0.198832246753635,0.517383015209629,0.716215261963264,0.00714213214937044,0.00770364837886807,6.1584305935277,0.561788890270142
1,DOC,16,POJ-L,RT_Pronation_pro_R,0.418860934645506,0.29855912953179,0.717420064177296,0.00725568822173943,0.00780545811552864,6.15324314314848,0.561287651155974
1,DOC,17,V1-R,RT_Pronation_pro_R,0.120722963029395,0.454762978749831,0.575485941779225,0.00625016073120814,0.00670750205048608,6.17537243703541,0.569690400378146
1,DOC,18,V3-R,RT_Pronation_pro_R,0.124482805665521,0.435982397075645,0.560465202741166,0.00541884436376927,0.00582680218065099,6.18876645801831,0.567113575885829
1,DOC,19,STS-R,RT_Pronation_pro_R,0.177284520548823,0.216657122683868,0.393941643232691,0.00492011982618694,0.00526736336226432,6.20195171817967,0.572568442267852
1,DOC,20,IPL-R,RT_Pronation_pro_R,0.182067095529838,0.236402458002345,0.418469553532183,0.00480728487053932,0.00512168394250277,6.20556872551337,0.567452273800165
1,DOC,21,SPL-R,RT_Pronation_pro_R,0.491671668325772,0.176884362735349,0.66855603106112,0.00713164899198346,0.00768229188688621,6.15866263211135,0.563232181391769
1,DOC,22,AG-R,RT_Pronation_pro_R,0.662965399884944,0.338309168071998,1.00127456795694,0.00947412098167017,0.0101543919865338,6.11532336086257,0.550171654472666
1,DOC,23,mIPS-R,RT_Pronation_pro_R,0.586561560763371,0.347493699105726,0.934055259869097,0.00919315080830011,0.0098450211685242,6.1247318953229,0.550307551588449
1,DOC,24,VIP-R,RT_Pronation_pro_R,0.254400502391684,0.27761142550101,0.532011927892693,0.00573599291587345,0.00616230287692098,6.18070071295327,0.566469360968363
1,DOC,25,SPOC-R,RT_Pronation_pro_R,0.586638976971443,0.394665652944209,0.981304629915652,0.00943938092139071,0.0101499514802299,6.11368265105671,0.546110651766388
1,DOC,26,S1-R,RT_Pronation_pro_R,0.174775416658713,0.311203595674792,0.485979012333504,0.00570754115152089,0.00612044494503599,6.18707453080367,0.57010399362096
1,DOC,27,M1-R,RT_Pronation_pro_R,0.419564571142054,0.41285659920815,0.832421170350204,0.00765154292527693,0.00819710234508561,6.14349414960191,0.551028279825551
1,DOC,28,SMA-R,RT_Pronation_pro_R,0.471618308005482,0.355888690985829,0.827506998991311,0.00773601176076003,0.00827449087399792,6.14048654203892,0.55035765468295
1,DOC,29,PMd-R,RT_Pronation_pro_R,0.248314584949167,0.541713842810822,0.790028427759989,0.00765112985854415,0.00815951124506997,6.15104609432362,0.558694864245947
1,DOC,30,PMv-R,RT_Pronation_pro_R,0.105158519875681,0.187092401020924,0.292250920896605,0.00393891375992678,0.00423530385367742,6.22495504760657,0.576897134631134
1,DOC,31,FEF-R,RT_Pronation_pro_R,0.166841251978771,0.327647121653094,0.494488373631864,0.00567158700971298,0.00605481047006021,6.18928811926052,0.570171691547713
1,DOC,32,POJ-R,RT_Pronation_pro_R,0.713471981501273,0.273841785593086,0.987313767094358,0.00899716385630389,0.00967919422012236,6.12474708371846,0.553465019200005
2,GB,1,V1-L,RT_Pronation_pro_R,0.279484061833918,0.205494730790306,0.484978792624224,0.0046504728289402,0.00509267356976172,5.64919502570777,0.424072618200695
2,GB,2,V3-L,RT_Pronation_pro_R,0.193946863713934,0.142741018803498,0.336687882517431,0.00370903383831843,0.00408839784310664,5.67244654086306,0.435213985766894
2,GB,3,STS-L,RT_Pronation_pro_R,0.07121779802385,0.122970991858039,0.194188789881889,0.0024555539046875,0.00270051545442024,5.70781632162275,0.439118556919415
2,GB,4,IPL-L,RT_Pronation_pro_R,0.283556239347311,0.277780267742021,0.561336507089332,0.00433118349992852,0.00470944978596119,5.64523353873199,0.413417638498688
2,GB,5,SPL-L,RT_Pronation_pro_R,0.374857590348832,0.297013426341981,0.671871016690813,0.00597294614738059,0.00652297074848268,5.61511863215251,0.412739016041767
2,GB,6,AG-L,RT_Pronation_pro_R,0.273811725088589,0.152538991910065,0.426350716998653,0.00450820974935711,0.00493355149138501,5.654819205093,0.425648343367421
2,GB,7,mIPS-L,RT_Pronation_pro_R,0.706254197486149,0.236733504767556,0.942987702253706,0.00712941699538249,0.00779071485102458,5.58804980380512,0.403116815607499
2,GB,8,VIP-L,RT_Pronation_pro_R,0.183023852174864,0.311383305951275,0.49440715812614,0.00436902911891664,0.00483580515474653,5.64956004965557,0.422860182128382
2,GB,9,SPOC-L,RT_Pronation_pro_R,0.336273866566313,0.322963359257661,0.659237225823974,0.00557320158410133,0.00610445768719415,5.62296382061309,0.408476303777792
2,GB,10,S1-L,RT_Pronation_pro_R,0.194566326159302,0.176142304938156,0.370708631097458,0.00400214890680236,0.00436731477804934,5.66413165055521,0.4310200683768
2,GB,11,M1-L,RT_Pronation_pro_R,0.189627826134022,0.270148522224882,0.459776348358904,0.00450455426521535,0.00489536373259453,5.65316581787169,0.429212854147912
2,GB,12,SMA-L,RT_Pronation_pro_R,0.292885414459739,0.344665565468054,0.637550979927793,0.00540287270186659,0.00589272081483322,5.6297335176285,0.416129223222039
2,GB,13,PMd-L,RT_Pronation_pro_R,0.13183961343648,0.272667190401681,0.404506803838161,0.00412754363883563,0.00453808961772402,5.66182736624585,0.431415026893472
2,GB,14,PMv-L,RT_Pronation_pro_R,0.0911942218701255,0.104491570068289,0.195685791938415,0.00266104768566316,0.00292132990249349,5.70312482324189,0.437694620284757
2,GB,15,FEF-L,RT_Pronation_pro_R,0.129724668884953,0.354136573085125,0.483861241970077,0.0041894109079205,0.00456590562534562,5.65760325474751,0.427563212749587
2,GB,16,POJ-L,RT_Pronation_pro_R,0.773692284569972,0.22805138176919,1.00174366633916,0.00695627874404443,0.00761091252448645,5.58802472258616,0.398377240595717
2,GB,17,V1-R,RT_Pronation_pro_R,0.0966234909331488,0.1110014111903,0.207624902123449,0.00289643114053796,0.00316941801577264,5.69771871920787,0.437684237619328
2,GB,18,V3-R,RT_Pronation_pro_R,0.147097315099212,0.21292123979979,0.360018554899002,0.0036184287572351,0.00393609736862614,5.67514421445566,0.431485533791949
2,GB,19,STS-R,RT_Pronation_pro_R,0.128276210896451,0.183404261381041,0.311680472277492,0.00368104856055465,0.00404047366133603,5.67401984200423,0.433892972471002
2,GB,20,IPL-R,RT_Pronation_pro_R,0.24102654100982,0.349188658333822,0.590215199343642,0.00553583553920626,0.00603173809353498,5.63050482753994,0.419802871844698
2,GB,21,SPL-R,RT_Pronation_pro_R,0.182987912159777,0.182403521544905,0.365391433704682,0.00407611323566004,0.00446909795126543,5.66233360938669,0.430515975442287
2,GB,22,AG-R,RT_Pronation_pro_R,0.145679179318922,0.401041784658815,0.546720963977737,0.00448186377395766,0.00488038864321106,5.64944094085085,0.422528530059371
2,GB,23,mIPS-R,RT_Pronation_pro_R,0.240830642723667,0.421440408437332,0.662271051161,0.0058747722595534,0.00640050445749821,5.62295373227715,0.41793133493962
2,GB,24,VIP-R,RT_Pronation_pro_R,0.257568218902347,0.206738696795904,0.464306915698251,0.0045554941920935,0.00498219793297376,5.64699823143629,0.426461745818186
2,GB,25,SPOC-R,RT_Pronation_pro_R,0.367420626367102,0.452949401812289,0.82037002817939,0.00663317689174553,0.00719301127509033,5.6042227609217,0.408286487722381
2,GB,26,S1-R,RT_Pronation_pro_R,0.243943557818869,0.223702853674372,0.467646411493241,0.0047279781981678,0.00516419860907753,5.64895654778182,0.425529987528107
2,GB,27,M1-R,RT_Pronation_pro_R,0.118171807122576,0.313364120163147,0.431535927285723,0.00460786861667805,0.00502824784590364,5.65482411897754,0.431044963707647
2,GB,28,SMA-R,RT_Pronation_pro_R,0.197571676875377,0.303836878311985,0.501408555187362,0.00500935937313529,0.00547461041483779,5.64196449842737,0.426078088670708
2,GB,29,PMd-R,RT_Pronation_pro_R,0.396237132379594,0.186320288653255,0.582557421032849,0.00510191028583729,0.00559982923259723,5.63702062106575,0.422900415342882
2,GB,30,PMv-R,RT_Pronation_pro_R,0.100652805689466,0.117632337848511,0.218285143537977,0.00301941519536717,0.00329210113772594,5.69408829172007,0.440800675604897
2,GB,31,FEF-R,RT_Pronation_pro_R,0.146645637914623,0.165416301224565,0.312061939139188,0.00359367772628176,0.0039199634292519,5.67520179620549,0.432709142667273
2,GB,32,POJ-R,RT_Pronation_pro_R,0.529647510590684,0.395051946692178,0.924699457282862,0.00719980240788601,0.00783343694366339,5.5903689497168,0.401041530832923
3,JDC,1,V1-L,RT_Pronation_pro_R,0.172360320110239,0.227168874239357,0.399529194349596,0.00442638259590838,0.00486409745827994,6.24952436509053,0.649247187373683
3,JDC,2,V3-L,RT_Pronation_pro_R,0.172776418008076,0.184516277333109,0.357292695341185,0.00431636791664262,0.00470317068380309,6.25812384287301,0.653427080715397
3,JDC,3,STS-L,RT_Pronation_pro_R,0.0829271823651563,0.319340708283478,0.402267890648635,0.0043408103487185,0.00473542273928374,6.25942420365422,0.649654129944264
3,JDC,4,IPL-L,RT_Pronation_pro_R,0.550694627840828,0.376016626993123,0.926711254833951,0.00842178906733215,0.00912302433945182,6.17365910873902,0.624858254626405
3,JDC,5,SPL-L,RT_Pronation_pro_R,0.436337523282346,0.577466656055027,1.01380417933737,0.00918442486864832,0.00997640479460896,6.16681327809205,0.622362057961889
3,JDC,6,AG-L,RT_Pronation_pro_R,0.204070954678164,0.526279943104128,0.730350897782292,0.00658395467238299,0.0071609521170234,6.20792651800342,0.636831903352508
3,JDC,7,mIPS-L,RT_Pronation_pro_R,0.518812764009513,0.343122511707055,0.861935275716568,0.00728703107004407,0.00796846306397953,6.18926034709352,0.627386342063357
3,JDC,8,VIP-L,RT_Pronation_pro_R,0.544789948986594,0.524648218227244,1.06943816721384,0.00908521773180776,0.00981106731355473,6.15911730355926,0.611535955363807
3,JDC,9,SPOC-L,RT_Pronation_pro_R,0.505778763680823,0.354218621108993,0.859997384789815,0.00763886456433112,0.00830242416920002,6.18696755324487,0.623064172331723
3,JDC,10,S1-L,RT_Pronation_pro_R,0.447843215641995,0.334865740360645,0.78270895600264,0.00727628293264768,0.00790356504470682,6.19904230968574,0.631681676000843
3,JDC,11,M1-L,RT_Pronation_pro_R,0.765778816254124,0.31350988178426,1.07928869803838,0.00895411860435489,0.00974811040332226,6.16148875062375,0.619966655425049
3,JDC,12,SMA-L,RT_Pronation_pro_R,0.802802902765227,0.243196605894081,1.04599950865931,0.00918670586034499,0.0100463400663405,6.16183222880162,0.623615817588156
3,JDC,13,PMd-L,RT_Pronation_pro_R,0.295265439546554,0.324523825596475,0.619789265143029,0.00641167369485274,0.00697469108833361,6.21348088321528,0.641630538325313
3,JDC,14,PMv-L,RT_Pronation_pro_R,0.0850069377094648,0.357993234200011,0.443000171909476,0.00452049890909404,0.00490798117030365,6.25266355238314,0.647036012957523
3,JDC,15,FEF-L,RT_Pronation_pro_R,0.143766028397557,0.150849133936277,0.294615162333834,0.0043005480049855,0.0046811907408832,6.26142439117369,0.654550764580036
3,JDC,16,POJ-L,RT_Pronation_pro_R,0.636544074206073,0.159552965933407,0.79609704013948,0.00568321283296322,0.00620412724027603,6.21531176519853,0.629653940334094
3,JDC,17,V1-R,RT_Pronation_pro_R,0.113648714503594,0.40370827045583,0.517356984959424,0.00486555358349046,0.0053314109431077,6.244110548674,0.642880969695327
3,JDC,18,V3-R,RT_Pronation_pro_R,0.210957913087472,0.39490488235185,0.605862795439322,0.00615797888744079,0.00674752889565716,6.21833493150741,0.637490165232547
3,JDC,19,STS-R,RT_Pronation_pro_R,0.108505526142546,0.219132999825338,0.327638525967884,0.00441844140217858,0.00485861239351336,6.25609440876814,0.649676345787053
3,JDC,20,IPL-R,RT_Pronation_pro_R,0.549004810530514,0.655467083403012,1.20447189393353,0.010559651352408,0.0115379500625675,6.14035024566038,0.617396148117976
3,JDC,21,SPL-R,RT_Pronation_pro_R,0.623949779651402,0.535603790153036,1.15955356980444,0.00962988511888225,0.0105235412827062,6.14942117330941,0.617011527554924
3,JDC,22,AG-R,RT_Pronation_pro_R,0.365058472273555,0.145545759346449,0.510604231620004,0.00532480404636455,0.00582951011105809,6.23702396817689,0.64038760432128
3,JDC,23,mIPS-R,RT_Pronation_pro_R,0.695166062682764,0.15377738070416,0.848943443386924,0.00670099430835975,0.00733040057069551,6.20302890616201,0.632667118243322
3,JDC,24,VIP-R,RT_Pronation_pro_R,0.551146759767075,0.60202077392394,1.15316753369102,0.00993710376570199,0.0108739533513488,6.15164379423822,0.617280001914073
3,JDC,25,SPOC-R,RT_Pronation_pro_R,0.356980664464708,0.992880423842624,1.34986108830733,0.00923584891216633,0.0100711428259735,6.14650585914034,0.604548650594381
3,JDC,26,S1-R,RT_Pronation_pro_R,0.311862013791116,0.50711605352144,0.818978067312556,0.00774672586451658,0.0084108060856704,6.19001772274285,0.632433346324924
3,JDC,27,M1-R,RT_Pronation_pro_R,0.314572533424951,0.47884484327662,0.793417376701571,0.00720555912034432,0.00781200598352098,6.19449473112863,0.624737095976305
3,JDC,28,SMA-R,RT_Pronation_pro_R,0.848912296100701,0.203677881801243,1.05259017790194,0.00861604590690422,0.00939581491694804,6.16658483873498,0.621963727383611
3,JDC,29,PMd-R,RT_Pronation_pro_R,0.651178129594717,0.242058039125061,0.893236168719778,0.00804851710869143,0.00873234204059484,6.1806822257445,0.619002821807835
3,JDC,30,PMv-R,RT_Pronation_pro_R,0.081579816357169,0.537991926080764,0.619571742437933,0.00567720015848202,0.00614514628184879,6.23032894424269,0.645475079965373
3,JDC,31,FEF-R,RT_Pronation_pro_R,0.110636049407538,0.377697432892388,0.488333482299926,0.0054182490637091,0.00588256226770641,6.23728604851361,0.64942935576736
3,JDC,32,POJ-R,RT_Pronation_pro_R,0.408324269415998,0.899342363218129,1.30766663263413,0.00850562994494811,0.00919402241104899,6.14941968539875,0.607362545540565
4,JFXD,1,V1-L,RT_Pronation_pro_R,0.357675179805242,0.530571878156796,0.888247057962037,0.00946099191897297,0.0100211705739629,6.86148944730284,0.81438588234161
4,JFXD,2,V3-L,RT_Pronation_pro_R,0.351845200594643,0.361495625869595,0.713340826464239,0.00858925150557444,0.00916420219671525,6.87978811614985,0.823976827031964
4,JFXD,3,STS-L,RT_Pronation_pro_R,0.320327251060702,0.277882792366436,0.598210043427138,0.0076278222747917,0.00810791050909677,6.89866831035642,0.831398900088827
4,JFXD,4,IPL-L,RT_Pronation_pro_R,0.798523053463869,0.437631582834738,1.23615463629861,0.0117417791364438,0.0125042818096682,6.82922929212245,0.811067288313621
4,JFXD,5,SPL-L,RT_Pronation_pro_R,0.722746771730141,0.685481845206292,1.40822861693643,0.0136362918695096,0.0144854861246471,6.80785337959513,0.796553683772309
4,JFXD,6,AG-L,RT_Pronation_pro_R,0.633423792759113,0.523168873503497,1.15659266626261,0.0123583466969577,0.0131537614329113,6.82708781188865,0.799203307531211
4,JFXD,7,mIPS-L,RT_Pronation_pro_R,0.680154076862917,0.490395862855435,1.17054993971835,0.0128975737417373,0.0137380639749962,6.82171231100553,0.812751612392126
4,JFXD,8,VIP-L,RT_Pronation_pro_R,0.856313909178881,0.498851459234865,1.35516536841375,0.012597784025471,0.0134095257828026,6.81393590122772,0.803352930517313
4,JFXD,9,SPOC-L,RT_Pronation_pro_R,0.585101734870865,0.441400934934693,1.02650266980556,0.0113280919694412,0.0120618736062422,6.84341426321691,0.817886925149846
4,JFXD,10,S1-L,RT_Pronation_pro_R,0.575061911546035,0.287039238247316,0.862101149793351,0.00948434508121924,0.0100439096406567,6.86724467149094,0.818329152595815
4,JFXD,11,M1-L,RT_Pronation_pro_R,0.970745737927937,0.297666746638163,1.2684124845661,0.0120742237401275,0.0128275088369647,6.82839018726781,0.806765782315767
4,JFXD,12,SMA-L,RT_Pronation_pro_R,0.961757727778618,0.490663811375528,1.45242153915415,0.0136527318531104,0.0145364330089443,6.79980963970674,0.787062596272956
4,JFXD,13,PMd-L,RT_Pronation_pro_R,0.823913906165249,0.316469865568308,1.14038377173356,0.011719963033298,0.0124478040723233,6.83266752997774,0.815185798047569
4,JFXD,14,PMv-L,RT_Pronation_pro_R,0.286766538607894,0.810565102021823,1.09733164062972,0.0108390899438824,0.0115124401920881,6.84657633286268,0.816408600852236
4,JFXD,15,FEF-L,RT_Pronation_pro_R,0.235940371257825,0.825813381363659,1.06175375262148,0.0108554785387584,0.0115460661249461,6.84411579867719,0.813966794483723
4,JFXD,16,POJ-L,RT_Pronation_pro_R,0.633764180298734,0.586254288150946,1.22001846844968,0.0114828090948771,0.0121815237753091,6.81875522592301,0.798949157493367
4,JFXD,17,V1-R,RT_Pronation_pro_R,0.11592825918219,0.472988573376931,0.588916832559121,0.006652360225661,0.00708898305498712,6.91177174166917,0.831766376946243
4,JFXD,18,V3-R,RT_Pronation_pro_R,0.147333221311864,0.447216934329485,0.594550155641349,0.00708466721822991,0.00754535745327595,6.90431685060918,0.833622599564898
4,JFXD,19,STS-R,RT_Pronation_pro_R,0.30691145306451,0.516321905323111,0.823233358387621,0.00857944568804759,0.00913281214759831,6.8773457141299,0.82096161722185
4,JFXD,20,IPL-R,RT_Pronation_pro_R,0.51877056677297,0.389393260497466,0.908163827270436,0.0101129659947048,0.0107567279919463,6.86062507231407,0.815651980154917
4,JFXD,21,SPL-R,RT_Pronation_pro_R,0.586866040184028,0.442846966964953,1.02971300714898,0.0108249514885439,0.0115463526641682,6.84487771930951,0.815268435579836
4,JFXD,22,AG-R,RT_Pronation_pro_R,0.621290393904433,1.0037457474295,1.62503614133394,0.0160769553745778,0.0171653492725353,6.77351498436832,0.79936399078155
4,JFXD,23,mIPS-R,RT_Pronation_pro_R,0.764035670022813,0.858889604560461,1.62292527458327,0.0151442551712186,0.016136741229437,6.78323162514837,0.774740703170803
4,JFXD,24,VIP-R,RT_Pronation_pro_R,0.763110040227135,0.582749446462143,1.34585948668928,0.0127399867522195,0.0135397100681969,6.8114806159984,0.800718681430164
4,JFXD,25,SPOC-R,RT_Pronation_pro_R,0.305429269611816,0.38725940277989,0.692688672391706,0.00856692906418873,0.00911539358602979,6.8847496838736,0.829740229275908
4,JFXD,26,S1-R,RT_Pronation_pro_R,0.479144887820496,0.793300754890958,1.27244564271145,0.0118419580370512,0.0125638572152604,6.8211742711092,0.785533669551765
4,JFXD,27,M1-R,RT_Pronation_pro_R,0.476297398079381,0.517475965342246,0.993773363421628,0.0107384018187596,0.0114440465119745,6.85096021369371,0.816868265199151
4,JFXD,28,SMA-R,RT_Pronation_pro_R,0.762888016981919,0.483830467338009,1.24671848431993,0.0125195411999151,0.0133446173003501,6.82232345118962,0.808536286132992
4,JFXD,29,PMd-R,RT_Pronation_pro_R,0.352302251419384,0.537729722339714,0.890031973759099,0.00954380437669617,0.0101111820886465,6.86480644409063,0.818823076390101
4,JFXD,30,PMv-R,RT_Pronation_pro_R,0.211033353343543,0.98400396731223,1.19503732065577,0.0112970445363777,0.011993380013879,6.83298120694424,0.81088698476951
4,JFXD,31,FEF-R,RT_Pronation_pro_R,0.2205331783184,0.450143757926529,0.670676936244929,0.00797104984055314,0.00845667322293813,6.89084922466889,0.828853468958844
4,JFXD,32,POJ-R,RT_Pronation_pro_R,0.61579410565169,0.312479684603518,0.928273790255208,0.0105166019648524,0.0112024853896399,6.85373389114106,0.818580805975695
5,JZ,1,V1-L,RT_Pronation_pro_R,0.122560377766376,0.150701574375137,0.273261952141514,0.00364995176703256,0.00392040169833058,5.83426317784153,0.458822364319875
5,JZ,2,V3-L,RT_Pronation_pro_R,0.126644860249768,0.105177043992533,0.231821904242301,0.00325991722107124,0.00350036688469557,5.84087070508523,0.461669083106733
5,JZ,3,STS-L,RT_Pronation_pro_R,0.0933724564416364,0.256635220901386,0.350007677343023,0.00415780899592487,0.00446136184594037,5.82006778998948,0.457177049392071
5,JZ,4,IPL-L,RT_Pronation_pro_R,0.234939727669773,0.229550026291083,0.464489753960857,0.00496038266608189,0.00528621992409035,5.79634718201709,0.448285630510737
5,JZ,5,SPL-L,RT_Pronation_pro_R,0.596209208797068,0.365125064162035,0.961334272959103,0.00791996245833791,0.00849831083815927,5.73535861641277,0.426315073411124
5,JZ,6,AG-L,RT_Pronation_pro_R,0.375979461475518,0.218594328806773,0.594573790282291,0.00592617120232875,0.00636244787465132,5.7784156252863,0.44693319985503
5,JZ,7,mIPS-L,RT_Pronation_pro_R,0.486199788763696,0.191222581596985,0.677422370360681,0.0059369428230897,0.00637733181181825,5.77180184558954,0.439372578559443
5,JZ,8,VIP-L,RT_Pronation_pro_R,0.514343745552756,0.192083266379333,0.70642701193209,0.00643856474244661,0.00690292003040873,5.76662594182138,0.437416358194621
5,JZ,9,SPOC-L,RT_Pronation_pro_R,0.324868556737283,0.211923862400932,0.536792419138216,0.00585056442267795,0.00628182422302593,5.78022678247334,0.444419559837418
5,JZ,10,S1-L,RT_Pronation_pro_R,0.171080619421905,0.463431931289097,0.634512550711002,0.00582912478961383,0.00622086645039195,5.78074491324523,0.445700762242355
5,JZ,11,M1-L,RT_Pronation_pro_R,0.11666613660697,0.45131235707305,0.56797849368002,0.00504434840780944,0.00538387158713602,5.79589189747686,0.445222283380261
5,JZ,12,SMA-L,RT_Pronation_pro_R,0.365668504501941,0.265095550700041,0.630764055201982,0.00597861820092243,0.00647389511523569,5.77187040972882,0.444033469913105
5,JZ,13,PMd-L,RT_Pronation_pro_R,0.323948803354961,0.26298933594951,0.586938139304471,0.0061480337110904,0.0065793732419831,5.77675874722937,0.448280083230796
5,JZ,14,PMv-L,RT_Pronation_pro_R,0.116961163634421,0.20625792497775,0.323219088612171,0.00388542361638592,0.0041661732767645,5.82579949614192,0.458351792077833
5,JZ,15,FEF-L,RT_Pronation_pro_R,0.113762859404701,0.156140648121706,0.269903507526407,0.00333176987686965,0.0035599143491575,5.83889614684056,0.457485518719698
5,JZ,16,POJ-L,RT_Pronation_pro_R,0.460740242521162,0.146633183363444,0.607373425884606,0.0058736093859761,0.00628978521093939,5.78140102232404,0.449020135300373
5,JZ,17,V1-R,RT_Pronation_pro_R,0.0927336380837018,0.20145301589562,0.294186653979322,0.00351545980594432,0.00375172314877644,5.83442843560889,0.45799686796279
5,JZ,18,V3-R,RT_Pronation_pro_R,0.211265410779343,0.174499572156857,0.3857649829362,0.00449183903609036,0.00483030003858635,5.8092182826582,0.454445032832134
5,JZ,19,STS-R,RT_Pronation_pro_R,0.179010180827511,0.294320063310309,0.47333024413782,0.00485757818393376,0.00520007157198219,5.79727704706183,0.448294660819755
5,JZ,20,IPL-R,RT_Pronation_pro_R,0.239376020504829,0.255337218484589,0.494713238989418,0.00493418864391558,0.00526564649874313,5.79986123018147,0.44669135179171
5,JZ,21,SPL-R,RT_Pronation_pro_R,0.332826950514697,0.467024520206866,0.799851470721563,0.00692058968769429,0.00742572143884132,5.75657558527988,0.429740801030081
5,JZ,22,AG-R,RT_Pronation_pro_R,0.227400062003245,0.205150761304399,0.432550823307644,0.00499358377442152,0.00536561451381063,5.80065701157772,0.452802654522516
5,JZ,23,mIPS-R,RT_Pronation_pro_R,0.368791617742686,0.454914581069325,0.823706198812011,0.00642693395190263,0.00687689850778172,5.75992205720463,0.42624623261026
5,JZ,24,VIP-R,RT_Pronation_pro_R,0.553103288944774,0.252671784785464,0.805775073730238,0.00741335129225685,0.00796465210668024,5.74653564447979,0.43803541276969
5,JZ,25,SPOC-R,RT_Pronation_pro_R,0.237134184346958,0.390925144208747,0.628059328555706,0.00502411813314675,0.00534296371849976,5.7894398289108,0.436439634831346
5,JZ,26,S1-R,RT_Pronation_pro_R,0.0989709864750904,0.470972775796324,0.569943762271414,0.00541228898503421,0.00582460984961307,5.7903873473054,0.449768860084301
5,JZ,27,M1-R,RT_Pronation_pro_R,0.174105329798698,0.22807055377131,0.402175883570008,0.00456937371439804,0.00486990503618851,5.80860060429695,0.451010040184904
5,JZ,28,SMA-R,RT_Pronation_pro_R,0.506333820917943,0.192203593953749,0.698537414871691,0.0064916456244268,0.0070043894166034,5.76399657655036,0.440081198503714
5,JZ,29,PMd-R,RT_Pronation_pro_R,0.286903763426299,0.28804147800257,0.574945241428869,0.00539875509448605,0.00574153701304238,5.78423564290659,0.43397732546425
5,JZ,30,PMv-R,RT_Pronation_pro_R,0.0530240411774505,0.233705692830408,0.286729734007859,0.00326296195188937,0.00348820623429863,5.84072058362681,0.459178887147818
5,JZ,31,FEF-R,RT_Pronation_pro_R,0.209137603887295,0.419396532954235,0.62853413684153,0.0050464566730085,0.00536924720064549,5.79260605070659,0.436184576006037
5,JZ,32,POJ-R,RT_Pronation_pro_R,0.534718816138904,0.447221039357794,0.981939855496698,0.00719605673164201,0.00764693185120685,5.74031409332809,0.410011761434839
6,LT,1,V1-L,RT_Pronation_pro_R,0.0917006886097138,0.402432963374834,0.494133651984548,0.0052246625521452,0.00561151875587844,6.2184157991251,0.598856130730081
6,LT,2,V3-L,RT_Pronation_pro_R,0.273366122972424,0.302655109064176,0.5760212320366,0.00582817769317107,0.00619024619149346,6.20157355526047,0.583706326436165
6,LT,3,STS-L,RT_Pronation_pro_R,0.0752523042799894,0.236087659009134,0.311339963289124,0.00418938632218121,0.00451804191084486,6.24228060524203,0.60820415680344
6,LT,4,IPL-L,RT_Pronation_pro_R,0.991216786675457,0.489084026201131,1.48030081287659,0.0108295749953836,0.0115579790048646,6.10773344589602,0.561136725304946
6,LT,5,SPL-L,RT_Pronation_pro_R,0.437969765214298,0.359811974267093,0.797781739481391,0.00759454768819719,0.00810051448136395,6.17299038503403,0.585536248667239
6,LT,6,AG-L,RT_Pronation_pro_R,0.735651035302511,0.213563633050365,0.949214668352876,0.00864510983364891,0.00926944904362987,6.15470658780194,0.583467468206349
6,LT,7,mIPS-L,RT_Pronation_pro_R,0.675404207764115,0.331321045478594,1.00672525324271,0.00931715656198587,0.00995588390417468,6.13906295854469,0.575208633043489
6,LT,8,VIP-L,RT_Pronation_pro_R,0.714596354232222,0.337914454750187,1.05251080898241,0.00868880890371218,0.00928049343559699,6.15008391191653,0.574684270982512
6,LT,9,SPOC-L,RT_Pronation_pro_R,0.345890461846662,0.264865131779702,0.610755593626364,0.00741086293769539,0.00793478469452199,6.18218068177456,0.598422059384809
6,LT,10,S1-L,RT_Pronation_pro_R,0.420875886331113,0.720706777188929,1.14158266352004,0.00831809417644753,0.00883066843800854,6.1485285440725,0.567810285031147
6,LT,11,M1-L,RT_Pronation_pro_R,0.462011436986398,0.746668542717636,1.20867997970403,0.00911564906503258,0.00967265380794994,6.12690506341784,0.553270868538739
6,LT,12,SMA-L,RT_Pronation_pro_R,0.345873859695299,0.532708589637027,0.878582449332325,0.0082345993341823,0.00880431825799817,6.15919526780707,0.579568828945078
6,LT,13,PMd-L,RT_Pronation_pro_R,0.51487615245608,0.51491849858742,1.0297946510435,0.00900327249925345,0.00963404490869968,6.15030282382955,0.57806235063945
6,LT,14,PMv-L,RT_Pronation_pro_R,0.0910500490460462,0.39057692438213,0.481626973428176,0.00548901713056386,0.00588420904747841,6.21632350109699,0.604814192288422
6,LT,15,FEF-L,RT_Pronation_pro_R,0.192992989318545,0.339860030293893,0.532853019612438,0.00575305628139852,0.00614168478161871,6.20818625421775,0.593305577195052
6,LT,16,POJ-L,RT_Pronation_pro_R,0.618891439968309,0.367186817787286,0.986078257755595,0.00920081858722585,0.00980122243725221,6.13718760134396,0.579016025527354
6,LT,17,V1-R,RT_Pronation_pro_R,0.117995685827618,0.33312464166036,0.451120327487978,0.00510526845687588,0.00546821658675986,6.22176523003516,0.604151376823513
6,LT,18,V3-R,RT_Pronation_pro_R,0.161733767740601,0.464787142928269,0.62652091066887,0.00567499560830629,0.0060683231092074,6.20317053122772,0.591969731566115
6,LT,19,STS-R,RT_Pronation_pro_R,0.111158886425542,0.130951867155025,0.242110753580567,0.00349060717593934,0.00373888996188806,6.25855227133072,0.609971039966223
6,LT,20,IPL-R,RT_Pronation_pro_R,0.562701051058756,0.359792854595168,0.922493905653924,0.00788017808814199,0.00851977855246903,6.15816265289887,0.586363593720615
6,LT,21,SPL-R,RT_Pronation_pro_R,0.477960503987985,0.319344487443723,0.797304991431708,0.00847611182355006,0.00911371188208985,6.16124427964327,0.589206499911632
6,LT,22,AG-R,RT_Pronation_pro_R,0.284941670176903,0.21171119776556,0.496652867942463,0.00553579837798831,0.0059703993155228,6.20999316812754,0.603113062687425
6,LT,23,mIPS-R,RT_Pronation_pro_R,0.479720508456823,0.359857400923666,0.839577909380489,0.00756748845055417,0.00813148699996569,6.16672220799014,0.586995585892098
6,LT,24,VIP-R,RT_Pronation_pro_R,0.816699303823439,0.400498663906258,1.2171979677297,0.0095182712642563,0.0102492461759347,6.11739078754372,0.55951218901638
6,LT,25,SPOC-R,RT_Pronation_pro_R,0.319177858139765,0.359452744384037,0.678630602523802,0.00771046434969748,0.00827870979222448,6.17464660280077,0.595044757964356
6,LT,26,S1-R,RT_Pronation_pro_R,0.359582561303466,0.263718871954299,0.623301433257765,0.00655499356536544,0.00705716943653723,6.19059645986302,0.598162707615244
6,LT,27,M1-R,RT_Pronation_pro_R,0.478108078644753,0.20629076586534,0.684398844510093,0.006896523677615,0.00740708890360711,6.18349012929955,0.595624229103619
6,LT,28,SMA-R,RT_Pronation_pro_R,0.345878043761324,0.499639335121374,0.845517378882698,0.00781610648954648,0.00837263392964815,6.16197681203876,0.578559427701744
6,LT,29,PMd-R,RT_Pronation_pro_R,0.135946010755796,0.274381009471692,0.410327020227488,0.00492918025808837,0.00529266138343687,6.22422884074167,0.601953964576888
6,LT,30,PMv-R,RT_Pronation_pro_R,0.0929943519952102,0.618336961931031,0.711331313926241,0.00433200396529863,0.00461239451029492,6.20946724328808,0.586690708859278
6,LT,31,FEF-R,RT_Pronation_pro_R,0.106518635973354,0.36571020207923,0.472228838052584,0.00502370238307614,0.00538642311837206,6.22092924053581,0.596969552669013
6,LT,32,POJ-R,RT_Pronation_pro_R,0.25008654507491,0.370862679090857,0.620949224165766,0.00691661257442929,0.00740397956478773,6.18646182703785,0.598872993329886
7,NvA,1,V1-L,RT_Pronation_pro_R,0.0930545656992897,0.114255657829041,0.207310223528331,0.00265009184994087,0.00291029694337114,5.78197375306903,0.490931020432336
7,NvA,2,V3-L,RT_Pronation_pro_R,0.12391502414523,0.264640614445128,0.388555638590358,0.00386586814540501,0.00422662282133483,5.74649331725458,0.485516564917784
7,NvA,3,STS-L,RT_Pronation_pro_R,0.104784855879972,0.15601574691444,0.260800602794412,0.00334908566626349,0.00368513261723204,5.76404962378274,0.4915706407043
7,NvA,4,IPL-L,RT_Pronation_pro_R,0.153575136618244,0.188980707748387,0.34255584436663,0.00409282602819038,0.00448233238850468,5.74300666948163,0.486607001456722
7,NvA,5,SPL-L,RT_Pronation_pro_R,0.50488283721119,0.645941012365973,1.15082384957716,0.00785525459989075,0.00850167598838348,5.62972319629094,0.413231894801495
7,NvA,6,AG-L,RT_Pronation_pro_R,0.295052133789883,0.309137202937952,0.604189336727835,0.00504187180710925,0.0055263725920402,5.71396282201674,0.468868130375976
7,NvA,7,mIPS-L,RT_Pronation_pro_R,0.394139650650484,0.208201525238158,0.602341175888641,0.00554902630708923,0.00609274010383986,5.70524930347727,0.471746790683127
7,NvA,8,VIP-L,RT_Pronation_pro_R,0.31765940542452,0.235229699873218,0.552889105297738,0.00525025536104515,0.00579326839866728,5.71537644734451,0.474583570342577
7,NvA,9,SPOC-L,RT_Pronation_pro_R,0.302795289515853,0.318748451720702,0.621543741236556,0.00556389649450994,0.00611591859678423,5.70400852233815,0.474777114143121
7,NvA,10,S1-L,RT_Pronation_pro_R,0.262824404615075,0.203081460644422,0.465905865259496,0.00426992208513915,0.00466648760902979,5.73201482335984,0.470142889929365
7,NvA,11,M1-L,RT_Pronation_pro_R,0.187920274095452,0.300224556544495,0.488144830639947,0.00478985597160585,0.00522190943662551,5.72567751532798,0.474930695622322
7,NvA,12,SMA-L,RT_Pronation_pro_R,0.245218225343849,0.244791231340795,0.490009456684644,0.00501366378003934,0.00547702614489255,5.72314299455776,0.47805359834366
7,NvA,13,PMd-L,RT_Pronation_pro_R,0.187018861566668,0.340730134525198,0.527748996091866,0.00507564713418494,0.0055300897052764,5.71977485129407,0.475726172531887
7,NvA,14,PMv-L,RT_Pronation_pro_R,0.0629575735552335,0.187288540907781,0.250246114463014,0.00314366656679065,0.00344301254777329,5.77009368549421,0.493588219847139
7,NvA,15,FEF-L,RT_Pronation_pro_R,0.237678694462481,0.239083141472396,0.476761835934877,0.00522896102722862,0.00571227392376849,5.72084509559823,0.483450369957678
7,NvA,16,POJ-L,RT_Pronation_pro_R,0.287732523666813,0.317101803498006,0.604834327164819,0.00571091137522861,0.00624063290752797,5.7049232916778,0.473208263904681
7,NvA,17,V1-R,RT_Pronation_pro_R,0.094629193756077,0.252048278674292,0.346677472430369,0.00342245650610185,0.00373627028220292,5.75660474093318,0.481678221528808
7,NvA,18,V3-R,RT_Pronation_pro_R,0.189879925630969,0.185651488783612,0.375531414414581,0.00389452062091113,0.00426064658031015,5.74283684568309,0.478929055816684
7,NvA,19,STS-R,RT_Pronation_pro_R,0.0913729494195295,0.181143389742659,0.272516339162188,0.00347622886030159,0.00381551589214713,5.76099208683371,0.492147512102188
7,NvA,20,IPL-R,RT_Pronation_pro_R,0.544027611290895,0.213810520012313,0.757838131303208,0.00614581281845392,0.00675926884144104,5.69130475017924,0.467623809813661
7,NvA,21,SPL-R,RT_Pronation_pro_R,0.356852969129958,0.255382687202624,0.612235656332582,0.00471978693539825,0.00509646061448658,5.7154458024118,0.456927801978996
7,NvA,22,AG-R,RT_Pronation_pro_R,0.217521289947983,0.350289385945229,0.567810675893212,0.0050132406734788,0.00546577716613723,5.71588552117048,0.473861838813293
7,NvA,23,mIPS-R,RT_Pronation_pro_R,0.396119187573509,0.203068650826741,0.59918783840025,0.00569601240963831,0.0062262216852036,5.70810735387828,0.475153364060325
7,NvA,24,VIP-R,RT_Pronation_pro_R,0.606664996195987,0.386956191839137,0.993621188035124,0.00762126725322024,0.00833354525028534,5.65288312148643,0.447803218668385
7,NvA,25,SPOC-R,RT_Pronation_pro_R,0.315791671172095,0.411975513883262,0.727767185055357,0.00596420265855234,0.0065669768901752,5.69613343254411,0.474051189100922
7,NvA,26,S1-R,RT_Pronation_pro_R,0.18652974907363,0.292471728379602,0.479001477453231,0.0050489152906313,0.00556066751092499,5.72306652257405,0.474824719454623
7,NvA,27,M1-R,RT_Pronation_pro_R,0.35238776447118,0.250511596939063,0.602899361410243,0.00520861451440787,0.00564124818137574,5.71274470573386,0.465099137390162
7,NvA,28,SMA-R,RT_Pronation_pro_R,0.171053650416995,0.279645802989016,0.450699453406011,0.00467933185145954,0.00512255923511044,5.73086695006117,0.481532202881281
7,NvA,29,PMd-R,RT_Pronation_pro_R,0.285013120263377,0.234786156473939,0.519799276737316,0.0047032027284832,0.00517188030611506,5.7249764320534,0.47530673750656
7,NvA,30,PMv-R,RT_Pronation_pro_R,0.0438135208526266,0.184304568750358,0.228118089602985,0.00291709881159101,0.00318401684882246,5.7795833936122,0.494904074998836
7,NvA,31,FEF-R,RT_Pronation_pro_R,0.235922521813794,0.304212017951329,0.540134539765123,0.00485669873577815,0.00527870100239559,5.72565294140093,0.476114362757074
7,NvA,32,POJ-R,RT_Pronation_pro_R,0.627493544802802,0.216573655652377,0.844067200455179,0.00627470042956127,0.00688398039648107,5.68451503130143,0.460604811239657
8,RR,1,V1-L,RT_Pronation_pro_R,0.164339623381118,0.24895401433317,0.413293637714289,0.00507277447916174,0.00553069122603886,6.1932029212841,0.616655100190188
8,RR,2,V3-L,RT_Pronation_pro_R,0.220751050039801,0.339769286873975,0.560520336913777,0.00635229666358348,0.00695142442160084,6.16637252373653,0.611706780333472
8,RR,3,STS-L,RT_Pronation_pro_R,0.190975907370542,0.463395560607015,0.654371467977557,0.0060024082837928,0.0065643963135542,6.16567818803173,0.605112324232626
8,RR,4,IPL-L,RT_Pronation_pro_R,0.545958923282523,0.250644396470691,0.796603319753214,0.00739698685843313,0.00813387379726815,6.13438800628506,0.602268231126573
8,RR,5,SPL-L,RT_Pronation_pro_R,0.842392821334495,0.555655218541939,1.39804803987643,0.0100178788639956,0.010911823611209,6.07771163731223,0.561498504829557
8,RR,6,AG-L,RT_Pronation_pro_R,0.33953298310249,0.695770860451834,1.03530384355432,0.00794581126836884,0.00861073063089703,6.12432965818395,0.575557618814815
8,RR,7,mIPS-L,RT_Pronation_pro_R,0.71702975763701,0.346780388734238,1.06381014637125,0.00823552085144475,0.00900058016481085,6.12021589735132,0.589188492605233
8,RR,8,VIP-L,RT_Pronation_pro_R,0.565685582238888,0.319360522941138,0.885046105180026,0.00759866913207837,0.00829960804441045,6.12527841447843,0.592765093866047
8,RR,9,SPOC-L,RT_Pronation_pro_R,0.675513649294727,0.460579860455169,1.1360935097499,0.00885067190735365,0.00960926358740925,6.10739181482461,0.584618665014275
8,RR,10,S1-L,RT_Pronation_pro_R,0.116560644737187,0.536337139323859,0.652897784061046,0.00578338853446965,0.0063123572602483,6.17300688737364,0.607517629965752
8,RR,11,M1-L,RT_Pronation_pro_R,0.293085971114026,0.451134545846654,0.74422051696068,0.00719397644278919,0.00782241937337062,6.14472842018626,0.592834020152692
8,RR,12,SMA-L,RT_Pronation_pro_R,0.603064691910096,0.469352784378483,1.07241747628858,0.00950141844745573,0.0104251074344651,6.099532915239,0.58278136698851
8,RR,13,PMd-L,RT_Pronation_pro_R,0.477220504072309,0.358207471091942,0.835427975164251,0.00743234066614963,0.00804769996505452,6.13326714636984,0.585773112246998
8,RR,14,PMv-L,RT_Pronation_pro_R,0.0578593827432088,0.278810700905562,0.336670083648771,0.00362104153988036,0.00393098300861175,6.22278943210489,0.620617564445615
8,RR,15,FEF-L,RT_Pronation_pro_R,0.178202109209727,0.216046281552738,0.394248390762465,0.00505103168583061,0.00553763809850289,6.1908348966624,0.616933276533118
8,RR,16,POJ-L,RT_Pronation_pro_R,0.64170058281212,0.235419660547634,0.877120243359754,0.00810612263392825,0.0089237146809589,6.12780253785726,0.597216221897776
8,RR,17,V1-R,RT_Pronation_pro_R,0.174288008022592,0.192467966817355,0.366755974839947,0.00449233968200221,0.00493205171269099,6.19982874888095,0.620690766202746
8,RR,18,V3-R,RT_Pronation_pro_R,0.217450062914279,0.228115016953569,0.445565079867847,0.0055271232460049,0.00605810656217575,6.18158894398279,0.61881977669971
8,RR,19,STS-R,RT_Pronation_pro_R,0.21533640710956,0.272524453284662,0.487860860394222,0.00487654602508488,0.00530667152927827,6.18558039945884,0.609140428983499
8,RR,20,IPL-R,RT_Pronation_pro_R,0.495644087823829,0.347674688994654,0.843318776818483,0.00733485680008403,0.00801212078831014,6.13466849158778,0.593963501090313
8,RR,21,SPL-R,RT_Pronation_pro_R,0.260479688499547,0.352381343270705,0.612861031770252,0.00579869087478424,0.00629328941783089,6.16897236774017,0.605148890486441
8,RR,22,AG-R,RT_Pronation_pro_R,0.294043475444885,0.350230816168758,0.644274291613643,0.00646347155350701,0.00709128438435806,6.15888341520561,0.606000238134533
8,RR,23,mIPS-R,RT_Pronation_pro_R,0.312636194185365,0.477420530751698,0.790056724937063,0.00758853445757833,0.00830957103760163,6.13768399013877,0.601609406765276
8,RR,24,VIP-R,RT_Pronation_pro_R,0.356703664609157,0.375454222645455,0.732157887254612,0.00696475264153233,0.00764687212088339,6.14805016719359,0.603639510552655
8,RR,25,SPOC-R,RT_Pronation_pro_R,0.315889462995694,0.399718824999304,0.715608287994998,0.00626155494376427,0.00682671085741785,6.1536761998235,0.599244700217507
8,RR,26,S1-R,RT_Pronation_pro_R,0.26653771338621,0.271875963273008,0.538413676659218,0.00546446842363229,0.00596157770480451,6.17515117389982,0.60491112176504
8,RR,27,M1-R,RT_Pronation_pro_R,0.112782491426358,0.334529143192609,0.447311634618967,0.00457122692683449,0.00495052277682134,6.19657868084246,0.612235772607976
8,RR,28,SMA-R,RT_Pronation_pro_R,0.532479661558248,0.310877165804375,0.843356827362623,0.00831365621477247,0.00913224531994189,6.12519630725818,0.6029107379954
8,RR,29,PMd-R,RT_Pronation_pro_R,0.539452816836763,0.473956154680107,1.01340897151687,0.00966303331595045,0.0106048621547805,6.10445898999803,0.58367108717907
8,RR,30,PMv-R,RT_Pronation_pro_R,0.267516381922281,0.276744857507293,0.544261239429574,0.00607999766270781,0.00668509846944092,6.16806036724723,0.611751631717861
8,RR,31,FEF-R,RT_Pronation_pro_R,0.251439229114621,0.361120290283683,0.612559519398304,0.00642812108075161,0.00703063923060499,6.16097935867054,0.604270211975114
8,RR,32,POJ-R,RT_Pronation_pro_R,0.321616243308686,0.312859641755068,0.634475885063754,0.00702710417234726,0.0076989704299435,6.15185987619689,0.611213799615451
9,SJB,1,V1-L,RT_Pronation_pro_R,0.157740119222205,0.183928739864104,0.341668859086309,0.00453740406884814,0.00489185591180561,6.09494776607121,0.562217195460913
9,SJB,2,V3-L,RT_Pronation_pro_R,0.120356566251571,0.523929449987984,0.644286016239555,0.00534498731744735,0.00576896867252339,6.06695699333442,0.550983234327152
9,SJB,3,STS-L,RT_Pronation_pro_R,0.0537999818561515,0.213742801555018,0.267542783411169,0.00328083781059435,0.00352482449272345,6.12264567862962,0.568311808454634
9,SJB,4,IPL-L,RT_Pronation_pro_R,0.625505184643084,0.341225322988329,0.966730507631413,0.00927897030264335,0.0100110840262308,5.99847556764785,0.533831705247121
9,SJB,5,SPL-L,RT_Pronation_pro_R,0.590683085524492,0.419461279885522,1.01014436541001,0.00864859791940377,0.00933104906388149,6.00021054024851,0.528035842051332
9,SJB,6,AG-L,RT_Pronation_pro_R,0.578350029879994,0.305263589473351,0.883613619353346,0.00836152223921926,0.00902929174844509,6.01391853270867,0.53991240578844
9,SJB,7,mIPS-L,RT_Pronation_pro_R,0.737740013632281,0.366204041450826,1.10394405508311,0.00968766010712447,0.0104488506988128,5.98787983905162,0.531412358054776
9,SJB,8,VIP-L,RT_Pronation_pro_R,0.689867639606382,0.186186005161275,0.876053644767656,0.00764583174324149,0.00825584084894762,6.02631635392203,0.536070238874288
9,SJB,9,SPOC-L,RT_Pronation_pro_R,0.450070611689672,0.236477705823018,0.68654831751269,0.00708771005234465,0.0076566853972164,6.04252749957675,0.553837482038396
9,SJB,10,S1-L,RT_Pronation_pro_R,0.337711188410821,0.372461058287027,0.710172246697848,0.00731810053173223,0.00789809398949719,6.03982004589705,0.546496446176592
9,SJB,11,M1-L,RT_Pronation_pro_R,0.51456529891875,0.626538255044225,1.14110355396298,0.00843087976125134,0.00903204214233743,5.99033305256931,0.509991215929046
9,SJB,12,SMA-L,RT_Pronation_pro_R,0.613246319621635,0.426594082297593,1.03984040191923,0.00830710710236186,0.00890980268074091,6.00261594074222,0.515946928445135
9,SJB,13,PMd-L,RT_Pronation_pro_R,0.448892207502282,0.362958720530242,0.811850928032524,0.00768337702731508,0.00824934512173283,6.02852056501062,0.539169424748549
9,SJB,14,PMv-L,RT_Pronation_pro_R,0.126101593296243,0.201151070437396,0.327252663733639,0.00411822009466755,0.00441470385810299,6.10699135602167,0.562290278879312
9,SJB,15,FEF-L,RT_Pronation_pro_R,0.153939281670459,0.260114568726366,0.414053850396826,0.00515761526984436,0.00556777494542162,6.08374941145468,0.56092221247414
9,SJB,16,POJ-L,RT_Pronation_pro_R,0.506383377176104,0.307420173719576,0.81380355089568,0.00776742149819135,0.00835345660745758,6.02948948535252,0.545571613525908
9,SJB,17,V1-R,RT_Pronation_pro_R,0.161365594829519,0.256115785091126,0.417481379920645,0.00514642963995243,0.00553454682124922,6.08431946752795,0.561298817882491
9,SJB,18,V3-R,RT_Pronation_pro_R,0.161754083187678,0.231616805336898,0.393370888524576,0.00527484433254636,0.00570209748885367,6.0807649896321,0.564291653088051
9,SJB,19,STS-R,RT_Pronation_pro_R,0.0892908331536209,0.311098353034475,0.400389186188096,0.00478342335977084,0.00514294736570946,6.09154082978692,0.564311648267912
9,SJB,20,IPL-R,RT_Pronation_pro_R,0.195695243427582,0.581922784657379,0.777618028084961,0.00671794683011064,0.00721965436433074,6.04210693081134,0.542754093027592
9,SJB,21,SPL-R,RT_Pronation_pro_R,0.278088054858082,0.492884021730633,0.770972076588716,0.00740780242958093,0.00799373151713787,6.03526319899564,0.547910324392057
9,SJB,22,AG-R,RT_Pronation_pro_R,0.185954533974339,0.263985190461069,0.449939724435408,0.00516567781449854,0.00555899924413211,6.08070432633812,0.559287299105
9,SJB,23,mIPS-R,RT_Pronation_pro_R,0.224799139775341,0.404865562158806,0.629664701934147,0.00612552407495064,0.00659503284740376,6.05980503533603,0.552209319891705
9,SJB,24,VIP-R,RT_Pronation_pro_R,0.435489498647636,0.298904687995381,0.734394186643017,0.0072695875194345,0.00784295849078433,6.03345866253628,0.54961125168568
9,SJB,25,SPOC-R,RT_Pronation_pro_R,0.406770781433517,0.394916007050578,0.801686788484095,0.00683539902086315,0.00737161528695829,6.03033636714312,0.537506762262214
9,SJB,26,S1-R,RT_Pronation_pro_R,0.146818696656212,0.194139301119927,0.340957997776139,0.00361372558495044,0.00390144366951747,6.11303325541956,0.558015181449444
9,SJB,27,M1-R,RT_Pronation_pro_R,0.220409467853614,0.320580626139817,0.540990093993431,0.00527666703740586,0.00574604743368257,6.06637070326474,0.549908604968884
9,SJB,28,SMA-R,RT_Pronation_pro_R,0.4982327545495,0.504619707048611,1.00285246159811,0.00870417915514814,0.00940680602613408,6.00789704787998,0.534561253954299
9,SJB,29,PMd-R,RT_Pronation_pro_R,0.194514609346928,0.389478801664246,0.583993411011175,0.00586124342410466,0.00629698856704275,6.06317095818793,0.540607290850388
9,SJB,30,PMv-R,RT_Pronation_pro_R,0.10530301978963,0.233128614889382,0.338431634679012,0.00429156820419264,0.00463088448343263,6.10042383554822,0.566677754168942
9,SJB,31,FEF-R,RT_Pronation_pro_R,0.154483561488234,0.241983531364289,0.396467092852523,0.00517076883840057,0.00557762772099664,6.08232255049225,0.563929454612192
9,SJB,32,POJ-R,RT_Pronation_pro_R,0.646890771148205,0.356916498047294,1.0038072691955,0.00774195880065193,0.00829674041396063,6.01324284573703,0.528184008126362
10,BG,1,V1-L,RT_Pronation_pro_R,0.14966378806058,0.14953690294402,0.299200691004599,0.00381477400811875,0.00414886606682556,5.73307405518486,0.424761611879085
10,BG,2,V3-L,RT_Pronation_pro_R,0.0958158085732688,0.416681185021229,0.512496993594498,0.00471098755299784,0.0050938743763081,5.70943849211271,0.418577550606063
10,BG,3,STS-L,RT_Pronation_pro_R,0.0563288357164265,0.153859482393274,0.2101883181097,0.00257147262655469,0.00277569275980913,5.76509563117864,0.426476506678426
10,BG,4,IPL-L,RT_Pronation_pro_R,0.335526718732164,0.398393569022713,0.733920287754877,0.00671525249319319,0.00729789400556312,5.66564041651034,0.404507283271368
10,BG,5,SPL-L,RT_Pronation_pro_R,0.219456321198815,0.278326435625386,0.497782756824201,0.00486967537917178,0.00532001435234652,5.70373822584069,0.416117339393401
10,BG,6,AG-L,RT_Pronation_pro_R,0.207241726467417,0.25118403117814,0.458425757645558,0.00416871841379189,0.00450062829486942,5.71810629709221,0.414729080722179
10,BG,7,mIPS-L,RT_Pronation_pro_R,0.420850247686118,0.262787522914099,0.683637770600218,0.00592977589141596,0.0064460020283064,5.67681463427809,0.408073969155329
10,BG,8,VIP-L,RT_Pronation_pro_R,0.264093561883594,0.281826684732501,0.545920246616095,0.00515885399055279,0.00557644321221387,5.69735677335446,0.414860341904313
10,BG,9,SPOC-L,RT_Pronation_pro_R,0.121714466676195,0.518683437409191,0.640397904085386,0.00533467918275693,0.00581088329111228,5.69133777445721,0.413792047258134
10,BG,10,S1-L,RT_Pronation_pro_R,0.394878920168788,0.334638068324928,0.729516988493716,0.00629100772277716,0.00685935162925345,5.66960078340524,0.407011263797434
10,BG,11,M1-L,RT_Pronation_pro_R,0.462231801112786,0.349745769613634,0.81197757072642,0.00604821452410266,0.00656816239944884,5.66604264500119,0.402279540349373
10,BG,12,SMA-L,RT_Pronation_pro_R,0.142946195054261,0.295363820858062,0.438310015912323,0.00449781341454994,0.00489900420136269,5.71037273582846,0.418196756517517
10,BG,13,PMd-L,RT_Pronation_pro_R,0.236738694815168,0.463070090404746,0.699808785219914,0.00527961554461923,0.00572833455210652,5.68005169456091,0.405578321385114
10,BG,14,PMv-L,RT_Pronation_pro_R,0.0722827652195664,0.168124815532175,0.240407580751742,0.00306927517743241,0.00334144669294237,5.75330642239805,0.426604209779854
10,BG,15,FEF-L,RT_Pronation_pro_R,0.231607344793188,0.20959135043269,0.441198695225878,0.00391074162575705,0.00422199227321529,5.72617703860842,0.412351526539493
10,BG,16,POJ-L,RT_Pronation_pro_R,0.217462173395927,0.176336965725575,0.393799139121501,0.00412336863542251,0.00446515443817284,5.72507546973981,0.418676411579748
10,BG,17,V1-R,RT_Pronation_pro_R,0.155516286982701,0.191833436882649,0.347349723865351,0.00420784706864228,0.0045742954558075,5.72215135676666,0.425915726684284
10,BG,18,V3-R,RT_Pronation_pro_R,0.177935918830751,0.147961580735167,0.325897499565918,0.00384292253744613,0.00417208191286985,5.73021043637368,0.427049640962589
10,BG,19,STS-R,RT_Pronation_pro_R,0.0709975126148366,0.241835637355727,0.312833149970563,0.0032181493372536,0.00347106335274734,5.74786907614796,0.424207630656907
10,BG,20,IPL-R,RT_Pronation_pro_R,0.41777668167167,0.179298466493325,0.597075148164995,0.00544144694784312,0.00590193062335216,5.68988675348208,0.415132339669745
10,BG,21,SPL-R,RT_Pronation_pro_R,0.209984421610939,0.304020607285484,0.514005028896423,0.00496937619301215,0.00535894198265557,5.70260450609235,0.413036955509986
10,BG,22,AG-R,RT_Pronation_pro_R,0.320035364323405,0.0621242028213148,0.38215956714472,0.00406458138173984,0.00442280665863184,5.72418377052513,0.423674668660575
10,BG,23,mIPS-R,RT_Pronation_pro_R,0.487815891866712,0.129202567811953,0.617018459678665,0.00490969002800073,0.00533420326232526,5.69725131047382,0.410662036252601
10,BG,24,VIP-R,RT_Pronation_pro_R,0.57135550579481,0.293177336881433,0.864532842676243,0.00692035016622759,0.00751949318582247,5.64901285974073,0.394926445642471
10,BG,25,SPOC-R,RT_Pronation_pro_R,0.446486463411069,0.166960561964822,0.613447025375891,0.00533924733043583,0.00575015679994178,5.69043722531559,0.409081349353818
10,BG,26,S1-R,RT_Pronation_pro_R,0.18529965810368,0.288904354916018,0.474204013019698,0.00475428831171439,0.00515323463740339,5.70562077079207,0.4147650917155
10,BG,27,M1-R,RT_Pronation_pro_R,0.205645833424078,0.354739382126525,0.560385215550604,0.00473742939045813,0.00511767113895883,5.70311388235403,0.410843250884047
10,BG,28,SMA-R,RT_Pronation_pro_R,0.307231117188989,0.259447743139824,0.566678860328813,0.00567272724161948,0.00617691172371937,5.68997812115063,0.412314700136644
10,BG,29,PMd-R,RT_Pronation_pro_R,0.299736768392255,0.289835517302813,0.589572285695068,0.00490658122371748,0.00535140287823284,5.69680007270706,0.408845884365193
10,BG,30,PMv-R,RT_Pronation_pro_R,0.127518587653898,0.280368352543255,0.407886940197153,0.00396916802226457,0.00431888050135856,5.72549769292873,0.418164965210303
10,BG,31,FEF-R,RT_Pronation_pro_R,0.255039426153696,0.32738034667822,0.582419772831916,0.00502782268814357,0.00547106196103736,5.69747501983832,0.412996242524255
10,BG,32,POJ-R,RT_Pronation_pro_R,0.551626002572409,0.193600583079268,0.745226585651678,0.0059491630898119,0.00643986663089051,5.67328922683346,0.402390517716125
1,DOC,1,V1-L,RT_Pronation_anti_L,0.109747083444157,0.222797659435297,0.332544742879454,0.00443935674729177,0.0047169853413496,6.09332260465229,0.501918844880821
1,DOC,2,V3-L,RT_Pronation_anti_L,0.203256146873997,0.234327507604569,0.437583654478567,0.00534781330361926,0.00564698380322731,6.07779606898179,0.495628377114232
1,DOC,3,STS-L,RT_Pronation_anti_L,0.0595366985403863,0.421863314399716,0.481400012940103,0.00510015910179383,0.00538999055938342,6.08206660375865,0.49860558705561
1,DOC,4,IPL-L,RT_Pronation_anti_L,0.816638542895869,0.389124065803216,1.20576260869909,0.0103976561332665,0.0109781368238696,5.981057747139,0.459326495830604
1,DOC,5,SPL-L,RT_Pronation_anti_L,0.492472932670155,0.608435177776286,1.10090811044644,0.00929275886208501,0.00982723656330255,5.99794814920671,0.469697260342496
1,DOC,6,AG-L,RT_Pronation_anti_L,0.323139557741889,0.113828378019796,0.436967935761685,0.00512710150250533,0.00542433944983599,6.07997191954895,0.497722949312178
1,DOC,7,mIPS-L,RT_Pronation_anti_L,0.4498490082377,0.222350606342237,0.672199614579936,0.0073662375218126,0.00778636862638641,6.03754613733161,0.489676092093096
1,DOC,8,VIP-L,RT_Pronation_anti_L,0.591883403134084,0.39821475209815,0.990098155232234,0.00904809871946751,0.00954111138048671,6.00439678970046,0.473589258544768
1,DOC,9,SPOC-L,RT_Pronation_anti_L,0.450997939948565,0.252932880874579,0.703930820823144,0.007758569684654,0.0082228125921595,6.03102756798995,0.483552189399333
1,DOC,10,S1-L,RT_Pronation_anti_L,0.330625954345082,0.556518905430417,0.887144859775499,0.00815451880312154,0.00859062153310998,6.02072558115492,0.480060328503136
1,DOC,11,M1-L,RT_Pronation_anti_L,0.371872291139072,0.663832601964486,1.03570489310356,0.00836154636384972,0.00881526484364671,6.00893397950642,0.466882202334072
1,DOC,12,SMA-L,RT_Pronation_anti_L,0.511006425463728,0.367905897577098,0.878912323040825,0.0081063620394154,0.00854373487904332,6.02448489128512,0.474875335779177
1,DOC,13,PMd-L,RT_Pronation_anti_L,0.258297424997371,0.539283969002996,0.797581394000367,0.00703234050303901,0.00742137106342239,6.03845326040669,0.474912843148707
1,DOC,14,PMv-L,RT_Pronation_anti_L,0.0712426152765266,0.188408924187659,0.259651539464185,0.00353543359483943,0.00371743513588117,6.11926931256343,0.504225863581862
1,DOC,15,FEF-L,RT_Pronation_anti_L,0.160631285525331,0.620329520495079,0.78096080602041,0.00686754126229894,0.00724968490530639,6.04080196301922,0.482263459244329
1,DOC,16,POJ-L,RT_Pronation_anti_L,0.135779958531891,0.630242170169964,0.766022128701855,0.00687822664773449,0.00725086258867495,6.04479657284249,0.488366763114286
1,DOC,17,V1-R,RT_Pronation_anti_L,0.150867672473046,0.149713705330266,0.300581377803312,0.00392994124373402,0.00417325226002856,6.10382363812774,0.500094943237174
1,DOC,18,V3-R,RT_Pronation_anti_L,0.182725971465632,0.288181551878631,0.470907523344262,0.00514472513634813,0.00545684172582295,6.07294580361495,0.494064170999902
1,DOC,19,STS-R,RT_Pronation_anti_L,0.0872140944794801,0.2078806118639,0.29509470634338,0.00382263517229215,0.0040585870770202,6.10708327388638,0.504897849512521
1,DOC,20,IPL-R,RT_Pronation_anti_L,0.174205890985611,0.272961639554308,0.447167530539919,0.00535616164060722,0.00565910029034918,6.07362972321257,0.496544955361864
1,DOC,21,SPL-R,RT_Pronation_anti_L,0.401244867747361,0.272540483478003,0.673785351225364,0.00681016746515294,0.00720906264924405,6.04327444682995,0.48804260433538
1,DOC,22,AG-R,RT_Pronation_anti_L,0.702958701701077,0.316237989459943,1.01919669116102,0.00903593663322095,0.00957368312469253,6.0017289732317,0.476155191746097
1,DOC,23,mIPS-R,RT_Pronation_anti_L,0.541816324407364,0.281347730452517,0.823164054859881,0.00777180635327664,0.00821317513928331,6.02824096214492,0.483485995112356
1,DOC,24,VIP-R,RT_Pronation_anti_L,0.325894028646398,0.293027336144466,0.618921364790864,0.00657297974541134,0.00697724780089496,6.0482958508074,0.488978350937745
1,DOC,25,SPOC-R,RT_Pronation_anti_L,0.525702019490046,0.23037977631466,0.756081795804706,0.00723099178391344,0.00761932202426135,6.03502569142361,0.477344957524825
1,DOC,26,S1-R,RT_Pronation_anti_L,0.252324207195832,0.363528209319112,0.615852416514944,0.00670765049252872,0.0070988778719971,6.04900971572541,0.489796237876717
1,DOC,27,M1-R,RT_Pronation_anti_L,0.386598410078548,0.288527745975655,0.675126156054202,0.00681137701985109,0.00719898618178672,6.0447670882156,0.486535193904013
1,DOC,28,SMA-R,RT_Pronation_anti_L,0.390508698631434,0.346373270380522,0.736881969011956,0.00764141141269914,0.00807131060715214,6.0340383637114,0.483094185961196
1,DOC,29,PMd-R,RT_Pronation_anti_L,0.219246064677831,0.255012967509313,0.474259032187144,0.00584461217520562,0.00620209658131765,6.06443554019349,0.493846649921313
1,DOC,30,PMv-R,RT_Pronation_anti_L,0.108365386020933,0.309816603472286,0.418181989493219,0.00511333753013212,0.00541733570657086,6.07963161083487,0.498053220117549
1,DOC,31,FEF-R,RT_Pronation_anti_L,0.195351575737157,0.165705371841247,0.361056947578404,0.00424058527777778,0.0044761616026743,6.09901031946831,0.496649596707651
1,DOC,32,POJ-R,RT_Pronation_anti_L,0.764147229244145,0.274517087591326,1.03866431683547,0.00863304970880762,0.0091149566364416,6.00882330769664,0.473358727390146
2,GB,1,V1-L,RT_Pronation_anti_L,0.159989439185943,0.175314692608859,0.335304131794802,0.0038746107557106,0.0042104552480425,5.61600537915991,0.397187056703294
2,GB,2,V3-L,RT_Pronation_anti_L,0.170292703295168,0.314702357056375,0.484995060351543,0.00461375235502667,0.00499666011800331,5.5975199754931,0.391584813539026
2,GB,3,STS-L,RT_Pronation_anti_L,0.136808941944431,0.144542979923443,0.281351921867874,0.0035106429099935,0.00380705052558239,5.62590797420296,0.398958790694421
2,GB,4,IPL-L,RT_Pronation_anti_L,0.220397328549878,0.316583946670089,0.536981275219967,0.00483143475190754,0.00522479369964024,5.58654778204116,0.383872842454808
2,GB,5,SPL-L,RT_Pronation_anti_L,0.316994382988021,0.35407097551952,0.671065358507541,0.00564848883775486,0.00614552921104693,5.57066932624696,0.383103413043682
2,GB,6,AG-L,RT_Pronation_anti_L,0.382754672325335,0.245452708141602,0.628207380466937,0.00553754884771087,0.00602355967661473,5.56972561144346,0.38651927034364
2,GB,7,mIPS-L,RT_Pronation_anti_L,0.700896098325728,0.246770998040625,0.947667096366353,0.00707895346789533,0.00769179841634536,5.5311047020673,0.361110106495558
2,GB,8,VIP-L,RT_Pronation_anti_L,0.168050694298595,0.245014260741809,0.413064955040405,0.00428279648503765,0.0046705919294761,5.60479826447611,0.393177430217627
2,GB,9,SPOC-L,RT_Pronation_anti_L,0.351416595990361,0.285794261720823,0.637210857711184,0.00565299368877379,0.00612759656363071,5.57337906567078,0.376601372824357
2,GB,10,S1-L,RT_Pronation_anti_L,0.242093142790803,0.318788147267652,0.560881290058455,0.00478738574929497,0.00518029765482385,5.58867251269122,0.38180250482362
2,GB,11,M1-L,RT_Pronation_anti_L,0.213540387703429,0.368266024332127,0.581806412035556,0.00541623300202955,0.00585462034483024,5.5782062713,0.383769238840179
2,GB,12,SMA-L,RT_Pronation_anti_L,0.373528422424654,0.205849810478158,0.579378232902812,0.00551647819088611,0.00599457926520794,5.57565281526844,0.387945920223183
2,GB,13,PMd-L,RT_Pronation_anti_L,0.0926103757235857,0.100740311429479,0.193350687153065,0.00268864619548475,0.00292030470939482,5.64824660312247,0.405380098642909
2,GB,14,PMv-L,RT_Pronation_anti_L,0.115698374142539,0.267759230368243,0.383457604510782,0.00341659173563359,0.00369124318120487,5.62514650055158,0.390659051075673
2,GB,15,FEF-L,RT_Pronation_anti_L,0.113061098974376,0.176359226643228,0.289420325617604,0.00336374074297771,0.00366225182312315,5.63112353175044,0.4003302413311
2,GB,16,POJ-L,RT_Pronation_anti_L,0.798161785784374,0.272823921476801,1.07098570726117,0.00694404336434632,0.00754508494591448,5.53111138709416,0.358566325055193
2,GB,17,V1-R,RT_Pronation_anti_L,0.0885984701742363,0.131483947506407,0.220082417680644,0.00270675589210494,0.00294037131278545,5.64780003688935,0.401795133529369
2,GB,18,V3-R,RT_Pronation_anti_L,0.120698108458739,0.22961084856965,0.350308957028389,0.00368383551731826,0.00398744288962808,5.61846606162541,0.395902326228205
2,GB,19,STS-R,RT_Pronation_anti_L,0.196043322822923,0.333143408757157,0.52918673158008,0.00506508680001591,0.00551795775082174,5.58277497706598,0.388919035453203
2,GB,20,IPL-R,RT_Pronation_anti_L,0.208267039772473,0.243745747304589,0.452012787077062,0.00455740767749827,0.00492524951341039,5.59702144661303,0.390772979271847
2,GB,21,SPL-R,RT_Pronation_anti_L,0.22104148371303,0.17182814896617,0.3928696326792,0.00433058990703996,0.00469018875010918,5.60337983823212,0.392657528116821
2,GB,22,AG-R,RT_Pronation_anti_L,0.113161852196179,0.314934101277521,0.428095953473701,0.00379216655677832,0.00410879570255795,5.61309957385698,0.390783507640999
2,GB,23,mIPS-R,RT_Pronation_anti_L,0.192708016410821,0.196146663929709,0.38885468034053,0.00388438140927882,0.00421958852696579,5.61233088847068,0.390745865491608
2,GB,24,VIP-R,RT_Pronation_anti_L,0.249942795796798,0.193397243754009,0.443340039550807,0.00449993172162277,0.00488368368883981,5.5953250808254,0.392528672085557
2,GB,25,SPOC-R,RT_Pronation_anti_L,0.25451148124123,0.350369221392215,0.604880702633445,0.00559738795613743,0.00605308489248095,5.57179351801623,0.382150937802874
2,GB,26,S1-R,RT_Pronation_anti_L,0.303312114072996,0.172886980120359,0.476199094193356,0.00483295856248048,0.0052401393022977,5.59224495259455,0.390106835596328
2,GB,27,M1-R,RT_Pronation_anti_L,0.164302479946598,0.16738454022413,0.331687020170727,0.00402701078082971,0.0043889739779913,5.61158591714814,0.401563134116081
2,GB,28,SMA-R,RT_Pronation_anti_L,0.161986497697003,0.2588231531631,0.420809650860103,0.00427392611408295,0.00464983215092666,5.60222604780544,0.395086855902432
2,GB,29,PMd-R,RT_Pronation_anti_L,0.305777466967762,0.190668060090002,0.496445527057763,0.00477972578375833,0.00519971298351419,5.58929407521306,0.390339983112654
2,GB,30,PMv-R,RT_Pronation_anti_L,0.0938885052621897,0.161096585157769,0.254985090419959,0.00325758201083571,0.00353594278645221,5.63121026508957,0.401716004358153
2,GB,31,FEF-R,RT_Pronation_anti_L,0.103667917940349,0.178599275644308,0.282267193584657,0.00348098726801708,0.00377211828777128,5.62629749114268,0.400936783955171
2,GB,32,POJ-R,RT_Pronation_anti_L,0.170827837251055,0.172078055895674,0.342905893146729,0.00389085804425497,0.00421212414298111,5.61626662565966,0.395394389218558
3,JDC,1,V1-L,RT_Pronation_anti_L,0.186535551318072,0.257316687037178,0.44385223835525,0.00507020653842046,0.0055315781042029,6.06284621800334,0.584733594090767
3,JDC,2,V3-L,RT_Pronation_anti_L,0.113801290420127,0.363317348776752,0.477118639196879,0.00480241522598559,0.00525785522142434,6.07300915504947,0.591831559118646
3,JDC,3,STS-L,RT_Pronation_anti_L,0.0932412633050343,0.351125471934765,0.444366735239799,0.00424793997582273,0.00462076014361861,6.08112090261806,0.59186064121631
3,JDC,4,IPL-L,RT_Pronation_anti_L,0.299192671974507,0.384603567088766,0.683796239063272,0.0063185619660811,0.0068610649567538,6.03978639899272,0.580256004130411
3,JDC,5,SPL-L,RT_Pronation_anti_L,0.718794220849039,0.406716797741515,1.12551101859055,0.00882561129631616,0.00960574940335238,5.98040120201179,0.552280013696658
3,JDC,6,AG-L,RT_Pronation_anti_L,0.206653853092882,0.278767610625464,0.485421463718346,0.00540319958399567,0.00588637654055388,6.06129219783077,0.587747445343308
3,JDC,7,mIPS-L,RT_Pronation_anti_L,0.599602171304603,0.152770429710953,0.752372601015556,0.00654768517038675,0.00720386187314501,6.03204282890843,0.580700470999809
3,JDC,8,VIP-L,RT_Pronation_anti_L,0.422080258935777,0.367022214130868,0.789102473066645,0.00640781810669585,0.00696400867540377,6.0351305603833,0.57277126696511
3,JDC,9,SPOC-L,RT_Pronation_anti_L,0.277483271786126,0.793872429205432,1.07135570099156,0.00843498987763786,0.00918705649351815,5.99250387109594,0.560332143687273
3,JDC,10,S1-L,RT_Pronation_anti_L,0.380974318092927,0.396828891758311,0.777803209851239,0.00623409949539677,0.00676260129560362,6.0389278541084,0.573027012606471
3,JDC,11,M1-L,RT_Pronation_anti_L,0.773731506941088,0.457599970850646,1.23133147779173,0.00831168860182474,0.00902360065203736,5.98623295268051,0.54062133582102
3,JDC,12,SMA-L,RT_Pronation_anti_L,0.579603867631276,0.152430777087281,0.732034644718557,0.00652527183666827,0.00713653709700983,6.03242090275759,0.57835619496779
3,JDC,13,PMd-L,RT_Pronation_anti_L,0.268452079522904,0.25723217212431,0.525684251647214,0.00528164403196585,0.00574777571874108,6.06479900528965,0.581426914196698
3,JDC,14,PMv-L,RT_Pronation_anti_L,0.0946015611545552,0.270092762425325,0.36469432357988,0.00447913314899671,0.00487518894033753,6.07953615526825,0.595366107911232
3,JDC,15,FEF-L,RT_Pronation_anti_L,0.0832292615862191,0.224008826472389,0.307238088058608,0.00368941799401706,0.00402658652471751,6.09670374186856,0.595551473521557
3,JDC,16,POJ-L,RT_Pronation_anti_L,0.523755844972629,0.195766400012196,0.719522244984824,0.0061587663604364,0.00670314122507321,6.03883205114273,0.572890139716314
3,JDC,17,V1-R,RT_Pronation_anti_L,0.0886689920705691,0.336727500755226,0.425396492825795,0.00472254002766075,0.00516982905028268,6.0717701788251,0.59323681047826
3,JDC,18,V3-R,RT_Pronation_anti_L,0.215895959787883,0.166608352889698,0.382504312677581,0.00471590886459667,0.00513945365138131,6.07472484423204,0.590790751503126
3,JDC,19,STS-R,RT_Pronation_anti_L,0.0564631674823465,0.206055611733918,0.262518779216264,0.00342600017191472,0.00373356019468605,6.10734491632562,0.600739106808647
3,JDC,20,IPL-R,RT_Pronation_anti_L,0.422202187295717,0.475374547718024,0.89757673501374,0.00807401543655208,0.00877864558359524,6.01028162172526,0.568621470174993
3,JDC,21,SPL-R,RT_Pronation_anti_L,0.801546421499515,0.513088048403243,1.31463446990276,0.0100428668637456,0.0109318941359017,5.96557417655963,0.549269464523663
3,JDC,22,AG-R,RT_Pronation_anti_L,0.305826201632429,0.454505742954876,0.760331944587305,0.00585831746637592,0.00636322189143193,6.04334445928236,0.569861644385775
3,JDC,23,mIPS-R,RT_Pronation_anti_L,0.620702407847215,0.282909620120805,0.903612027968019,0.00697529490773127,0.00755786192927138,6.02134247124226,0.568172491388626
3,JDC,24,VIP-R,RT_Pronation_anti_L,0.61629155983621,0.40391859857291,1.02021015840912,0.00850661237583808,0.00927600172104256,5.99873415022513,0.569584690365416
3,JDC,25,SPOC-R,RT_Pronation_anti_L,0.250390543239206,0.913905561750928,1.16429610499013,0.00774683174527476,0.00838925238598309,5.99646785773424,0.55274626549783
3,JDC,26,S1-R,RT_Pronation_anti_L,0.313094853926334,0.208682644843872,0.521777498770205,0.00568154113467219,0.00618177795132442,6.05489473489907,0.588449136147214
3,JDC,27,M1-R,RT_Pronation_anti_L,0.265720387825388,0.227078443174266,0.492798830999654,0.00552235127085414,0.00599858404517445,6.05956177972634,0.589461052766957
3,JDC,28,SMA-R,RT_Pronation_anti_L,0.670669917170162,0.229229478968866,0.899899396139028,0.00745395709981715,0.00816274978295539,6.0112804008412,0.570230018372147
3,JDC,29,PMd-R,RT_Pronation_anti_L,0.525576836053878,0.310930100031309,0.836506936085187,0.00805432988135908,0.00876527286418329,6.00142791506102,0.5620234815827
3,JDC,30,PMv-R,RT_Pronation_anti_L,0.0768618750839573,0.600888745591087,0.677750620675044,0.00550286121752194,0.00595956352940902,6.05762861419267,0.584377470756868
3,JDC,31,FEF-R,RT_Pronation_anti_L,0.121415344809505,0.222133620202644,0.343548965012149,0.00426102265795729,0.00463833243264905,6.08632210894255,0.590443670750855
3,JDC,32,POJ-R,RT_Pronation_anti_L,0.407241955822768,0.518792629577027,0.926034585399795,0.00682743325727609,0.00742789408423044,6.01835096959791,0.568634269292853
4,JFXD,1,V1-L,RT_Pronation_anti_L,0.232790558735797,0.280723098468945,0.513513657204742,0.00715100543911233,0.00757833502380898,6.88700254245401,0.824693316709648
4,JFXD,2,V3-L,RT_Pronation_anti_L,0.284923192347509,0.494077285478675,0.779000477826184,0.00881151985988273,0.0093622199033764,6.85126708737561,0.817269028094931
4,JFXD,3,STS-L,RT_Pronation_anti_L,0.200524402846235,0.41504652005976,0.615570922905996,0.00788787993556818,0.00839139264026785,6.87338608673343,0.822391351994267
4,JFXD,4,IPL-L,RT_Pronation_anti_L,0.91007143251669,0.43560986538311,1.3456812978998,0.0116852133968472,0.0124169345442753,6.8006385325312,0.792323615693761
4,JFXD,5,SPL-L,RT_Pronation_anti_L,0.904676342013944,0.338966821734782,1.24364316374873,0.0129186956333263,0.0136975092818937,6.79758401778707,0.791625745459998
4,JFXD,6,AG-L,RT_Pronation_anti_L,0.625411243758465,0.373559085650636,0.9989703294091,0.0107395632314965,0.0113955291815214,6.82519686132496,0.807591062016197
4,JFXD,7,mIPS-L,RT_Pronation_anti_L,0.721451643533912,0.404257778425602,1.12570942195951,0.0122095159627751,0.0129376222917471,6.81347683389572,0.800890510800024
4,JFXD,8,VIP-L,RT_Pronation_anti_L,0.782739996577721,0.350777017986804,1.13351701456452,0.0107296912412659,0.0113781473965838,6.82076243156837,0.806921787747747
4,JFXD,9,SPOC-L,RT_Pronation_anti_L,0.606506545384969,0.596465976227673,1.20297252161264,0.0121787316792072,0.0129086898424319,6.80612848881269,0.796148725059797
4,JFXD,10,S1-L,RT_Pronation_anti_L,0.62911153823649,0.419853872368903,1.04896541060539,0.0097714921349697,0.0103564661850449,6.83816665964172,0.800834439476787
4,JFXD,11,M1-L,RT_Pronation_anti_L,0.934517901117299,0.307482126507053,1.24200002762435,0.0109878884189779,0.0116529702890156,6.81865036298601,0.800423697394316
4,JFXD,12,SMA-L,RT_Pronation_anti_L,0.964097033685999,0.273927602618982,1.23802463630498,0.0107955100515904,0.0114554182256899,6.81535024699425,0.797236269387952
4,JFXD,13,PMd-L,RT_Pronation_anti_L,0.927357374844378,0.155229192850016,1.08258656769439,0.0105155679216808,0.0111814354103772,6.82848802295037,0.813183462457781
4,JFXD,14,PMv-L,RT_Pronation_anti_L,0.423924436214076,0.690019132163129,1.1139435683772,0.0111445769364173,0.0118357441405902,6.81125398349899,0.789712669235217
4,JFXD,15,FEF-L,RT_Pronation_anti_L,0.284383163383242,0.553037535860586,0.837420699243828,0.00824411280612971,0.00875583334558889,6.85405250374435,0.8043995894124
4,JFXD,16,POJ-L,RT_Pronation_anti_L,0.567586250811086,0.605018780289521,1.17260503110061,0.0125330033805308,0.0133141323571224,6.80170930659003,0.798342774416727
4,JFXD,17,V1-R,RT_Pronation_anti_L,0.146458368182137,0.281447116933546,0.427905485115683,0.00631189561129895,0.00674079775413238,6.89679111059037,0.83247555185622
4,JFXD,18,V3-R,RT_Pronation_anti_L,0.157764250428217,0.201437080081338,0.359201330509555,0.00510589794475778,0.00542677292151513,6.91848049588885,0.830691143589436
4,JFXD,19,STS-R,RT_Pronation_anti_L,0.20798091090531,0.605754741058331,0.813735651963642,0.0086995062486692,0.00924046139029685,6.85380873721877,0.813410820650087
4,JFXD,20,IPL-R,RT_Pronation_anti_L,0.521971849158741,1.00888033079189,1.53085217995063,0.0140344491307479,0.0148735648366773,6.78076163035158,0.793889101416178
4,JFXD,21,SPL-R,RT_Pronation_anti_L,0.674445258013429,0.292324028539014,0.966769286552443,0.00984076092166912,0.0104097527938621,6.83733674491087,0.808356441071786
4,JFXD,22,AG-R,RT_Pronation_anti_L,0.460435974799654,0.907718595804698,1.36815457060435,0.0124257676164089,0.0131317123678512,6.79563079575981,0.777618698367078
4,JFXD,23,mIPS-R,RT_Pronation_anti_L,0.673984977592157,0.805692854044073,1.47967783163623,0.0136420700631783,0.014434833708929,6.78326472342267,0.78574038272187
4,JFXD,24,VIP-R,RT_Pronation_anti_L,0.822653559412027,1.10040675172492,1.92306031113694,0.0166772997127962,0.0176765548499766,6.73486797756469,0.767855060904158
4,JFXD,25,SPOC-R,RT_Pronation_anti_L,0.303575540190972,1.14369972579035,1.44727526598133,0.0129127988305682,0.0137238820997751,6.79349332628097,0.791110607577594
4,JFXD,26,S1-R,RT_Pronation_anti_L,0.640805575790637,0.659879022850683,1.30068459864132,0.0126696555540837,0.0133906863330721,6.79886781008617,0.793823669209817
4,JFXD,27,M1-R,RT_Pronation_anti_L,0.463300901234706,0.8113428776632,1.27464377889791,0.0123930016143844,0.0131251450347434,6.80235046852648,0.796743055656048
4,JFXD,28,SMA-R,RT_Pronation_anti_L,0.890347444329557,0.297584273170742,1.1879317175003,0.0108950279805516,0.0115788510482847,6.81742509005758,0.800759647487654
4,JFXD,29,PMd-R,RT_Pronation_anti_L,0.289881444774163,1.10005542997873,1.38993687475289,0.0119996175545169,0.0127970720365907,6.79458287535462,0.801287083254872
4,JFXD,30,PMv-R,RT_Pronation_anti_L,0.207288836427207,0.569310150348376,0.776598986775583,0.00961410225426338,0.010241362521249,6.84847744565928,0.820280218140434
4,JFXD,31,FEF-R,RT_Pronation_anti_L,0.30275923002796,0.317103304548166,0.619862534576125,0.00844810195482072,0.00898066673816805,6.86709527584205,0.823568174773239
4,JFXD,32,POJ-R,RT_Pronation_anti_L,0.830639105870279,0.797678307742727,1.62831741361301,0.0148856002981726,0.0157624070525463,6.76503719822691,0.772698287686688
5,JZ,1,V1-L,RT_Pronation_anti_L,0.0890957103193237,0.198817376177899,0.287913086497223,0.00384499692823683,0.00415193025310357,5.90950814605334,0.472360495741576
5,JZ,2,V3-L,RT_Pronation_anti_L,0.154588438951686,0.164384880270113,0.318973319221798,0.0040281848692602,0.00435569030381795,5.90271828490792,0.467776031694442
5,JZ,3,STS-L,RT_Pronation_anti_L,0.054584986908469,0.265987962743603,0.320572949652072,0.00336978905605838,0.00362251278119986,5.91896925523744,0.469800343786521
5,JZ,4,IPL-L,RT_Pronation_anti_L,0.242104403525695,0.461732819896074,0.703837223421768,0.00673087838943238,0.00727453439125935,5.83953282745705,0.45661141285399
5,JZ,5,SPL-L,RT_Pronation_anti_L,0.547779972426965,0.18008438043663,0.727864352863595,0.00596303105396583,0.00645055184790512,5.85281750134901,0.449595699369116
5,JZ,6,AG-L,RT_Pronation_anti_L,0.189665817721728,0.249831114403312,0.43949693212504,0.00512554447361172,0.00553765267534872,5.88000889027314,0.466371626731497
5,JZ,7,mIPS-L,RT_Pronation_anti_L,0.532477523091245,0.183554848210925,0.71603237130217,0.00653532811399022,0.00708095495544011,5.8445294543008,0.455045171970066
5,JZ,8,VIP-L,RT_Pronation_anti_L,0.407659927848439,0.297353165488756,0.705013093337194,0.00665328437912144,0.00716230060133855,5.8415091920666,0.449763102174142
5,JZ,9,SPOC-L,RT_Pronation_anti_L,0.451156240147705,0.33774632464963,0.788902564797335,0.00701544449988667,0.0075682326549357,5.83041432793322,0.441597793370849
5,JZ,10,S1-L,RT_Pronation_anti_L,0.229906698706938,0.539573212714426,0.769479911421364,0.00700144525541994,0.00755186378570151,5.83987933851805,0.453593841616225
5,JZ,11,M1-L,RT_Pronation_anti_L,0.155416677831661,0.454174101700212,0.609590779531873,0.00519084085956657,0.00559298352721259,5.87295817468124,0.458357483099153
5,JZ,12,SMA-L,RT_Pronation_anti_L,0.544467206839816,0.276512460604596,0.820979667444412,0.00673611333254818,0.00730385930933416,5.83462862372446,0.443227515910845
5,JZ,13,PMd-L,RT_Pronation_anti_L,0.47683239086341,0.34043785052843,0.81727024139184,0.00733115490833544,0.00788655074402161,5.82715584299346,0.443541686026424
5,JZ,14,PMv-L,RT_Pronation_anti_L,0.14400372721974,0.313199694400569,0.457203421620309,0.00472637554029486,0.00509229764843968,5.88739322848341,0.464893223802416
5,JZ,15,FEF-L,RT_Pronation_anti_L,0.239022004101265,0.233546758329104,0.472568762430369,0.00508583262744455,0.0054691557161157,5.87998455631518,0.461272743485686
5,JZ,16,POJ-L,RT_Pronation_anti_L,0.264499978155353,0.351952623812548,0.616452601967901,0.00590564441172292,0.00640083823838867,5.86151030069849,0.459793271247852
5,JZ,17,V1-R,RT_Pronation_anti_L,0.0731455594866559,0.227692132643126,0.300837692129782,0.00343977442113188,0.00370691366711364,5.91526215918566,0.471333844160142
5,JZ,18,V3-R,RT_Pronation_anti_L,0.175738468335007,0.224005012964458,0.399743481299465,0.00462682531039221,0.00499745440612994,5.89095579029943,0.468317161812855
5,JZ,19,STS-R,RT_Pronation_anti_L,0.101509692589559,0.158980863288514,0.260490555878073,0.00352302455330708,0.00380305170991086,5.91809360526421,0.474559005627148
5,JZ,20,IPL-R,RT_Pronation_anti_L,0.383666352086208,0.338588404080743,0.72225475616695,0.00646558596518422,0.00702413681502965,5.84511727686432,0.455656922521708
5,JZ,21,SPL-R,RT_Pronation_anti_L,0.354584819342842,0.286051277449687,0.640636096792529,0.00611285263766863,0.00659429395069723,5.85384912539195,0.453614346730595
5,JZ,22,AG-R,RT_Pronation_anti_L,0.197535092009551,0.209899718022176,0.407434810031727,0.00452052918455457,0.00487808869237525,5.89101145166858,0.466180391949305
5,JZ,23,mIPS-R,RT_Pronation_anti_L,0.543439340938938,0.250418081066446,0.793857422005384,0.00643728938893206,0.00694830168680725,5.84199155650372,0.446307690407627
5,JZ,24,VIP-R,RT_Pronation_anti_L,0.612073194710695,0.309642606864605,0.9217158015753,0.00738830762377968,0.00800308653717745,5.82651507936183,0.44848219624859
5,JZ,25,SPOC-R,RT_Pronation_anti_L,0.354522833479396,0.272995229859398,0.627518063338795,0.00577518903274335,0.00623160062173286,5.85978295054669,0.453829272581252
5,JZ,26,S1-R,RT_Pronation_anti_L,0.173082848219129,0.266466978529403,0.439549826748532,0.00504590438088432,0.00547875998114798,5.88004982828139,0.466011032949839
5,JZ,27,M1-R,RT_Pronation_anti_L,0.0960713481589443,0.443815216702542,0.539886564861486,0.00503941425339869,0.00542223840684165,5.87784114621882,0.461454966037848
5,JZ,28,SMA-R,RT_Pronation_anti_L,0.391025272856109,0.194863497423076,0.585888770279185,0.00549526119599433,0.00593456920826392,5.86454907516205,0.455540709492831
5,JZ,29,PMd-R,RT_Pronation_anti_L,0.413739315175336,0.382883009631899,0.796622324807235,0.00770823116539689,0.008341762046142,5.82333227044414,0.45087058839421
5,JZ,30,PMv-R,RT_Pronation_anti_L,0.0912731292296935,0.344474516194565,0.435747645424258,0.00399197855964412,0.00430469223070979,5.9023615607439,0.463549216334291
5,JZ,31,FEF-R,RT_Pronation_anti_L,0.173295630884352,0.344832097587097,0.518127728471449,0.0054513966688128,0.00588244035572241,5.87415624607512,0.46276111957446
5,JZ,32,POJ-R,RT_Pronation_anti_L,0.489110640114018,0.242577025601312,0.73168766571533,0.00669570719283605,0.0072278519062007,5.84026093327175,0.44965105321181
6,LT,1,V1-L,RT_Pronation_anti_L,0.109704599096639,0.28361679066282,0.393321389759459,0.00527963411154631,0.0055867825867348,6.57065116232106,0.652828407178895
6,LT,2,V3-L,RT_Pronation_anti_L,0.465848136790041,0.53223772915922,0.998085865949261,0.0103723974963424,0.0109750076867712,6.48512029521248,0.632611425466853
6,LT,3,STS-L,RT_Pronation_anti_L,0.204191006561069,0.758203276154146,0.962394282715215,0.00899419163639608,0.0094993861095724,6.50367172912333,0.637675081026576
6,LT,4,IPL-L,RT_Pronation_anti_L,0.864059353221167,0.570923991350349,1.43498334457152,0.0136383917999103,0.0144386743019815,6.4372306649619,0.619045203443629
6,LT,5,SPL-L,RT_Pronation_anti_L,0.501730139590043,0.369125448697704,0.870855588287747,0.00954107516806896,0.0100671696934768,6.49748439789514,0.632541928458277
6,LT,6,AG-L,RT_Pronation_anti_L,0.90560562978912,0.344297605579811,1.24990323536893,0.0115668558641493,0.0121980916430237,6.46220068202303,0.625884079860417
6,LT,7,mIPS-L,RT_Pronation_anti_L,0.759831888340669,0.242656050812238,1.00248793915291,0.00998283687500558,0.0105796373521988,6.48741562167313,0.635136371680655
6,LT,8,VIP-L,RT_Pronation_anti_L,0.856891655303289,0.617570227376885,1.47446188268017,0.0134958346918371,0.0142459225287636,6.43724940275782,0.615941003709319
6,LT,9,SPOC-L,RT_Pronation_anti_L,0.501191629025076,0.489765870463265,0.990957499488341,0.00969498569910313,0.0102183926213693,6.49034505578987,0.629565144134367
6,LT,10,S1-L,RT_Pronation_anti_L,0.54779652471554,0.688627472595579,1.23642399731112,0.0117499981337912,0.0123679740872485,6.46253361434056,0.619305388518505
6,LT,11,M1-L,RT_Pronation_anti_L,0.615959570260941,0.393796462790806,1.00975603305175,0.0104666960229986,0.0111024978981496,6.48140611957963,0.635134591906411
6,LT,12,SMA-L,RT_Pronation_anti_L,0.44412322281431,0.569705614653622,1.01382883746793,0.0102818041103636,0.0108250335597056,6.47612374019051,0.615499902316779
6,LT,13,PMd-L,RT_Pronation_anti_L,0.602827651291496,0.337118990909828,0.939946642201325,0.00983828951688536,0.0104038748065002,6.49470617130055,0.632811837079232
6,LT,14,PMv-L,RT_Pronation_anti_L,0.274113948753311,0.552588762087218,0.826702710840529,0.00860611218130899,0.00906308383107572,6.51200507734984,0.642536248359821
6,LT,15,FEF-L,RT_Pronation_anti_L,0.310024394043363,0.42402924735978,0.734053641403143,0.0069202803217797,0.00724549234637021,6.5303810324997,0.637263150777211
6,LT,16,POJ-L,RT_Pronation_anti_L,0.398851662011965,0.285251240973541,0.684102902985506,0.00809124992522534,0.00851208813721821,6.52298421072062,0.644492314827895
6,LT,17,V1-R,RT_Pronation_anti_L,0.0832404828241538,0.618012830443082,0.701253313267235,0.00648803538917432,0.00684750309913489,6.54346027066831,0.646266031870933
6,LT,18,V3-R,RT_Pronation_anti_L,0.109113511939347,0.488077575339527,0.597191087278874,0.00605733622324389,0.00637632974171093,6.55377882034266,0.64873073342115
6,LT,19,STS-R,RT_Pronation_anti_L,0.100989525531228,0.525983774697709,0.626973300228937,0.00669638024416357,0.00704902689587023,6.54423273855465,0.650772907622955
6,LT,20,IPL-R,RT_Pronation_anti_L,0.677076191247309,0.522489940957073,1.19956613220438,0.0117168581405557,0.0123661445347338,6.46530019904722,0.627464418377913
6,LT,21,SPL-R,RT_Pronation_anti_L,0.717050880518197,0.26102649988011,0.978077380398308,0.00956728179990865,0.0100596711466675,6.49023723356698,0.633227016991943
6,LT,22,AG-R,RT_Pronation_anti_L,0.424785962505402,0.180905149611317,0.605691112116719,0.00707466983154668,0.0074573633663448,6.53730223386567,0.645973733689262
6,LT,23,mIPS-R,RT_Pronation_anti_L,0.720336236801177,0.168209271227571,0.888545508028748,0.00860179137960734,0.00907162983567289,6.50529581923861,0.639030750232317
6,LT,24,VIP-R,RT_Pronation_anti_L,0.940676168856809,0.455269960998788,1.3959461298556,0.0130643547304517,0.0138087663631419,6.4405410330292,0.617175990251097
6,LT,25,SPOC-R,RT_Pronation_anti_L,0.50149165017347,0.337004152917921,0.83849580309139,0.00880983554194412,0.00928314790101166,6.50807838262027,0.641015634068638
6,LT,26,S1-R,RT_Pronation_anti_L,0.290850145901023,0.625208057335686,0.916058203236709,0.00841481563985179,0.00889038540423884,6.50723570027457,0.634963645128005
6,LT,27,M1-R,RT_Pronation_anti_L,0.291372993657941,0.406532782754037,0.697905776411978,0.00845564145250706,0.00897268809553303,6.51516952613024,0.647635252379037
6,LT,28,SMA-R,RT_Pronation_anti_L,0.25291595995773,0.595515399027403,0.848431358985132,0.00938905714536481,0.00994659399519243,6.50139024658437,0.64060943145376
6,LT,29,PMd-R,RT_Pronation_anti_L,0.114135031549251,0.262395874058288,0.376530905607539,0.00489016840177835,0.00515170486710261,6.578133918366,0.657105888581768
6,LT,30,PMv-R,RT_Pronation_anti_L,0.0827747634822307,0.623918290644078,0.706693054126309,0.00676194539886657,0.00714204961080955,6.5406873961745,0.64693996535953
6,LT,31,FEF-R,RT_Pronation_anti_L,0.177720258221755,0.481892809781615,0.659613068003371,0.00787434758771523,0.00834066101174907,6.52383555470676,0.643833299476572
6,LT,32,POJ-R,RT_Pronation_anti_L,0.52789226231783,0.363215885791873,0.891108148109703,0.00890642087924717,0.00939940689895137,6.5034312603149,0.639076141285796
7,NvA,1,V1-L,RT_Pronation_anti_L,0.0896191327831223,0.145501320840483,0.235120453623605,0.00309227440979974,0.00336520140621285,5.71792402411061,0.433402592539768
7,NvA,2,V3-L,RT_Pronation_anti_L,0.0786414029315682,0.16900574084262,0.247647143774188,0.00312243587849786,0.0034012900514792,5.71945083890276,0.431461507029478
7,NvA,3,STS-L,RT_Pronation_anti_L,0.0430986586390715,0.179638559288759,0.22273721792783,0.00294004225829828,0.00319135565634187,5.7246654028027,0.435316730405457
7,NvA,4,IPL-L,RT_Pronation_anti_L,0.181884013325487,0.157232872915032,0.339116886240519,0.00389769376831222,0.0042445190089259,5.6942606440974,0.428291482933796
7,NvA,5,SPL-L,RT_Pronation_anti_L,0.364138976787622,0.559131515027445,0.923270491815067,0.00725262076043795,0.00782042490603894,5.60583491546471,0.386621834978795
7,NvA,6,AG-L,RT_Pronation_anti_L,0.218316936557385,0.249917030166954,0.468233966724339,0.00481100788525226,0.00524915643473307,5.67223449442015,0.422172320678813
7,NvA,7,mIPS-L,RT_Pronation_anti_L,0.316993299786381,0.199976342507155,0.516969642293535,0.00490420614137879,0.0053326463146453,5.67016331351028,0.418898153017993
7,NvA,8,VIP-L,RT_Pronation_anti_L,0.240081133158587,0.12195206148835,0.362033194646937,0.00400543527062469,0.0043512533540555,5.69253866766509,0.428705623075572
7,NvA,9,SPOC-L,RT_Pronation_anti_L,0.31821295313956,0.214361506840187,0.532574459979747,0.00519946270758048,0.00565705090080468,5.66353699381039,0.41744604523376
7,NvA,10,S1-L,RT_Pronation_anti_L,0.203659406604314,0.258145140497553,0.461804547101867,0.00465626966824455,0.00504428101120643,5.67430235864985,0.421784340597403
7,NvA,11,M1-L,RT_Pronation_anti_L,0.237370349149263,0.235216233310253,0.472586582459517,0.00446470645501001,0.00483974511362687,5.67795860286175,0.420651850306552
7,NvA,12,SMA-L,RT_Pronation_anti_L,0.217659970655294,0.305397687565012,0.523057658220306,0.00507265119510566,0.00553183050671242,5.66730581197036,0.416366940944386
7,NvA,13,PMd-L,RT_Pronation_anti_L,0.210444944312714,0.233135216311218,0.443580160623932,0.00474781980823179,0.00516833055133905,5.6759155820355,0.423377299182952
7,NvA,14,PMv-L,RT_Pronation_anti_L,0.0802277108786245,0.090780530941291,0.171008241819915,0.00257227118733756,0.00280890695975466,5.73318130396428,0.437372354684498
7,NvA,15,FEF-L,RT_Pronation_anti_L,0.276902613836637,0.172845393969596,0.449748007806232,0.00495940371070173,0.00542558074927365,5.67270495689352,0.424985158700212
7,NvA,16,POJ-L,RT_Pronation_anti_L,0.24511568051904,0.249460244404531,0.494575924923571,0.00473356503484467,0.00513632499613862,5.67074783336951,0.419125707900299
7,NvA,17,V1-R,RT_Pronation_anti_L,0.135034673445672,0.184299050493986,0.319333723939659,0.0038591484331367,0.0041852188989905,5.69974529955133,0.427913245837211
7,NvA,18,V3-R,RT_Pronation_anti_L,0.154532019641678,0.26044722628723,0.414979245928908,0.00450010164022874,0.00491382260023074,5.67883063625645,0.423395251843361
7,NvA,19,STS-R,RT_Pronation_anti_L,0.110592079986638,0.153110394301737,0.263702474288375,0.0031759364933616,0.00346176129699353,5.713727539659,0.430280248282743
7,NvA,20,IPL-R,RT_Pronation_anti_L,0.432692795110011,0.399080531144127,0.831773326254138,0.00714285778795927,0.00781679177113414,5.62451977111172,0.411025776652221
7,NvA,21,SPL-R,RT_Pronation_anti_L,0.361545534443139,0.274222938833033,0.635768473276172,0.00533813686392962,0.00577378880751358,5.65554335621771,0.405836338367777
7,NvA,22,AG-R,RT_Pronation_anti_L,0.179973695815984,0.375924997249842,0.555898693065826,0.00448264409910131,0.00485598151931197,5.67313078140858,0.412279056306374
7,NvA,23,mIPS-R,RT_Pronation_anti_L,0.362149300033162,0.292513465838707,0.654662765871868,0.00601305442201355,0.00652962841783603,5.64468856470013,0.410413635596725
7,NvA,24,VIP-R,RT_Pronation_anti_L,0.628860662499343,0.419071073430963,1.04793173593031,0.00803379228539089,0.00871704437582391,5.59667479468423,0.392918098352414
7,NvA,25,SPOC-R,RT_Pronation_anti_L,0.273392020700006,0.436728303609634,0.710120324309639,0.00552524365214968,0.0060294713519195,5.65694817008413,0.410167558078564
7,NvA,26,S1-R,RT_Pronation_anti_L,0.182387507899522,0.28524190078396,0.467629408683481,0.00473873273192323,0.00513225742356788,5.67599937929562,0.419811666352861
7,NvA,27,M1-R,RT_Pronation_anti_L,0.37375818178837,0.194645010159973,0.568403191948343,0.00540696707870045,0.00585909589054753,5.65949792015025,0.415883209498342
7,NvA,28,SMA-R,RT_Pronation_anti_L,0.174958054338691,0.312509518164312,0.487467572503003,0.00510959133122592,0.00554762226203966,5.66733731104779,0.421519588659389
7,NvA,29,PMd-R,RT_Pronation_anti_L,0.373423129773427,0.251255429537466,0.624678559310893,0.00534420379132773,0.00578295094049659,5.66061255277423,0.412657687156387
7,NvA,30,PMv-R,RT_Pronation_anti_L,0.0558762765466777,0.1693419717262,0.225218248272877,0.00285692464659661,0.00311237892428379,5.72546359423884,0.435793595935334
7,NvA,31,FEF-R,RT_Pronation_anti_L,0.270247794228544,0.231529765502315,0.501777559730859,0.00474198874583207,0.00513699264505882,5.67647217955867,0.41838569416433
7,NvA,32,POJ-R,RT_Pronation_anti_L,0.640650688843096,0.25082262417871,0.891473313021806,0.00621028124070704,0.00669404903362994,5.63256666909817,0.394183372865974
8,RR,1,V1-L,RT_Pronation_anti_L,0.376025319232811,0.226138659419339,0.60216397865215,0.00622210738954512,0.00676499786023903,6.47826980643028,0.737764142241792
8,RR,2,V3-L,RT_Pronation_anti_L,0.160283293267065,0.374409360720062,0.534692653987127,0.00625748312386736,0.00683327044069591,6.49229185143446,0.751070651816821
8,RR,3,STS-L,RT_Pronation_anti_L,0.14603823700768,0.308894817123193,0.454933054130873,0.0057404433685081,0.00628642789475658,6.49891417092026,0.75530506346971
8,RR,4,IPL-L,RT_Pronation_anti_L,0.590938263792827,0.26775903587602,0.858697299668848,0.0085854610558086,0.00937536252064004,6.44324081775465,0.733172029636858
8,RR,5,SPL-L,RT_Pronation_anti_L,0.891968872983821,0.532310987335056,1.42427986031888,0.0119460253711246,0.0130762834979277,6.38435798756969,0.711328532819216
8,RR,6,AG-L,RT_Pronation_anti_L,0.37645184502161,0.319089845743514,0.695541690765124,0.00690816087888738,0.00749149981189973,6.46372545833061,0.734775305816298
8,RR,7,mIPS-L,RT_Pronation_anti_L,0.921831562157211,0.518805571916564,1.44063713407377,0.0119881156852686,0.0131525587570195,6.37968079221606,0.707146081800228
8,RR,8,VIP-L,RT_Pronation_anti_L,0.482104084143352,0.22306872710948,0.705172811252832,0.00764338850092204,0.00833621221433155,6.46522402833858,0.745934324799042
8,RR,9,SPOC-L,RT_Pronation_anti_L,0.871323961409462,0.682654320431029,1.55397828184049,0.0119150797123287,0.0129557314240904,6.36309385202975,0.685067521897483
8,RR,10,S1-L,RT_Pronation_anti_L,0.27580059166893,0.801287960282141,1.07708855195107,0.00877426820491708,0.00951874064858086,6.43333458319265,0.727987305708692
8,RR,11,M1-L,RT_Pronation_anti_L,0.225142686047772,0.382501857927361,0.607644543975133,0.00626047420084054,0.00680320091821399,6.4842361611736,0.743496727213832
8,RR,12,SMA-L,RT_Pronation_anti_L,0.528366164229213,0.461733871438339,0.990100035667552,0.00958287313730818,0.010426999471173,6.42483364824141,0.724474853795222
8,RR,13,PMd-L,RT_Pronation_anti_L,0.50066311434524,0.516629831618643,1.01729294596388,0.00944628804040301,0.0102491639078335,6.42316463605441,0.727740776233705
8,RR,14,PMv-L,RT_Pronation_anti_L,0.266244069262772,0.320791292143683,0.587035361406455,0.00705199199645052,0.00770906322723468,6.47720233899702,0.751585168187428
8,RR,15,FEF-L,RT_Pronation_anti_L,0.381852119397903,0.616147623596815,0.997999742994718,0.00934345293006644,0.0101591852288901,6.43057111025001,0.73140995183346
8,RR,16,POJ-L,RT_Pronation_anti_L,0.751182833379719,0.404313714514145,1.15549654789386,0.0101155475375096,0.0111412437533252,6.4174038097126,0.723935647797616
8,RR,17,V1-R,RT_Pronation_anti_L,0.164706255533157,0.221819664430212,0.386525919963369,0.00506392921492675,0.00553636510441645,6.51015293141674,0.755043180837808
8,RR,18,V3-R,RT_Pronation_anti_L,0.139093140469257,0.237917950708102,0.377011091177359,0.00481201306823054,0.00529838449004808,6.51357711690636,0.752310089161484
8,RR,19,STS-R,RT_Pronation_anti_L,0.217024238642286,0.328397264343381,0.545421502985667,0.00667712625760837,0.00726580903687082,6.48318923489671,0.751524388029616
8,RR,20,IPL-R,RT_Pronation_anti_L,0.647071814289369,0.577145309564973,1.22421712385434,0.0107519008764539,0.0117015032420316,6.39812343423556,0.697978325172074
8,RR,21,SPL-R,RT_Pronation_anti_L,0.374634588216766,0.389426493658842,0.764061081875608,0.00743864875331559,0.0081026476780878,6.45510942620518,0.736598030529032
8,RR,22,AG-R,RT_Pronation_anti_L,0.225116366969558,0.444226265609321,0.669342632578878,0.00710011612211897,0.00769518107183128,6.47045939195663,0.74346012143109
8,RR,23,mIPS-R,RT_Pronation_anti_L,0.281679753378606,0.479098714790102,0.760778468168708,0.00818242486619235,0.00892334967104322,6.45351112378887,0.739258843134639
8,RR,24,VIP-R,RT_Pronation_anti_L,0.348925655541328,0.202382223272065,0.551307878813392,0.00601601090615686,0.00657057930237715,6.49009200763017,0.744870161559571
8,RR,25,SPOC-R,RT_Pronation_anti_L,0.51823893866926,0.49597485384245,1.01421379251171,0.00971390150387379,0.0105529348220804,6.42218745156999,0.72268374695018
8,RR,26,S1-R,RT_Pronation_anti_L,0.289677342127973,0.541382534119528,0.831059876247501,0.00843409851785305,0.00918621556327085,6.44910232395849,0.735818223590973
8,RR,27,M1-R,RT_Pronation_anti_L,0.207577402240132,0.285651791772667,0.493229194012799,0.00603083465152407,0.00660598486676669,6.48935374239364,0.746871308505876
8,RR,28,SMA-R,RT_Pronation_anti_L,0.710916468294178,0.476645336094974,1.18756180438915,0.0109712920220745,0.0119507754677807,6.40142823833365,0.713019209555435
8,RR,29,PMd-R,RT_Pronation_anti_L,0.689231261085097,0.636749009995606,1.3259802710807,0.011123155631837,0.0120243661012147,6.38545313171298,0.683327825207478
8,RR,30,PMv-R,RT_Pronation_anti_L,0.371693621871264,0.595827202868987,0.967520824740251,0.00957378708903819,0.0104693805276496,6.42690823037393,0.732532743219853
8,RR,31,FEF-R,RT_Pronation_anti_L,0.297570649139008,0.413263364249898,0.710834013388907,0.00696761871313947,0.00756704655442981,6.46783135576542,0.730916483662995
8,RR,32,POJ-R,RT_Pronation_anti_L,0.458245700550163,0.405174757848296,0.863420458398459,0.00903791326811115,0.00984919389693212,6.43992274107155,0.732430894397603
9,SJB,1,V1-L,RT_Pronation_anti_L,0.155946584231229,0.301625814350059,0.457572398581288,0.00479842179267844,0.00518949740778447,5.91363298405682,0.487619064707626
9,SJB,2,V3-L,RT_Pronation_anti_L,0.15017314533897,0.410931937405217,0.561105082744188,0.00507894306917223,0.0055166642500756,5.90648043887118,0.488346956110949
9,SJB,3,STS-L,RT_Pronation_anti_L,0.0955896067707027,0.122984510428854,0.218574117199557,0.0034079851595215,0.00370624204724611,5.95292986691594,0.502932754808763
9,SJB,4,IPL-L,RT_Pronation_anti_L,0.279156776763219,0.253388233508054,0.532545010271273,0.00600082470487385,0.00652043026590554,5.89150825943028,0.489091217902716
9,SJB,5,SPL-L,RT_Pronation_anti_L,0.68858574986827,0.232415730192969,0.92100148006124,0.00751741134441805,0.0081696007026172,5.85196893176515,0.468789044356833
9,SJB,6,AG-L,RT_Pronation_anti_L,0.394342550450147,0.172826488208664,0.567169038658811,0.0061054955481918,0.00666388165314981,5.88807010408541,0.487912266914921
9,SJB,7,mIPS-L,RT_Pronation_anti_L,0.789580720014051,0.236184562833865,1.02576528284792,0.00794952637440663,0.00866267641817797,5.84584918313021,0.472208605675476
9,SJB,8,VIP-L,RT_Pronation_anti_L,0.131812667945504,0.190704030421401,0.322516698366904,0.00412117302070514,0.00449320305055717,5.9324895612266,0.497483609476743
9,SJB,9,SPOC-L,RT_Pronation_anti_L,0.523902029395017,0.180084353333843,0.70398638272886,0.00634029535781994,0.0068902961558672,5.88183339124496,0.48068236643355
9,SJB,10,S1-L,RT_Pronation_anti_L,0.203023366605309,0.522256685831761,0.72528005243707,0.00560633497412436,0.00605205684332513,5.88871647469357,0.473551468746548
9,SJB,11,M1-L,RT_Pronation_anti_L,0.450089435726335,0.452235549683299,0.902324985409634,0.00776735985211212,0.00842797657543369,5.84711338315334,0.464214114920429
9,SJB,12,SMA-L,RT_Pronation_anti_L,0.450890745953475,0.338376505647156,0.78926725160063,0.0067321446663353,0.00734217702267073,5.86903674743525,0.475390130035296
9,SJB,13,PMd-L,RT_Pronation_anti_L,0.445316422096605,0.337187708498962,0.782504130595568,0.00663459312564817,0.00718535320078819,5.87382888489706,0.471447384910287
9,SJB,14,PMv-L,RT_Pronation_anti_L,0.0891820467319236,0.342282036370186,0.43146408310211,0.00415997177211344,0.00447584144573873,5.92628430814868,0.487644467174516
9,SJB,15,FEF-L,RT_Pronation_anti_L,0.205974387359294,0.233174408550431,0.439148795909725,0.00496225491761304,0.00540578662145046,5.91462386666629,0.487616583874498
9,SJB,16,POJ-L,RT_Pronation_anti_L,0.608841909609355,0.276386515685398,0.885228425294753,0.00709703019499543,0.00770238740432106,5.86034999281501,0.469324266318436
9,SJB,17,V1-R,RT_Pronation_anti_L,0.15934317057464,0.256166794329976,0.415509964904616,0.00454040202469023,0.00494246008768495,5.91851020925496,0.491121971762105
9,SJB,18,V3-R,RT_Pronation_anti_L,0.110075896676167,0.714287259762795,0.824363156438962,0.00611207252084133,0.00662803877179791,5.88190569339385,0.4791561547003
9,SJB,19,STS-R,RT_Pronation_anti_L,0.0864443223893873,0.328594766872576,0.415039089261963,0.00466937987425743,0.00507284130468673,5.91965959732695,0.494465669314419
9,SJB,20,IPL-R,RT_Pronation_anti_L,0.109914662883675,0.316634103482602,0.426548766366277,0.00446832032249516,0.0048677419470994,5.92035828125992,0.490529530312184
9,SJB,21,SPL-R,RT_Pronation_anti_L,0.304660788485569,0.804330271250187,1.10899105973576,0.00810785764398916,0.00881345435573058,5.83444103177615,0.461099412277172
9,SJB,22,AG-R,RT_Pronation_anti_L,0.166228538387363,0.212002013168574,0.378230551555937,0.0047178649744601,0.00511924886434478,5.92197847752965,0.493310215933068
9,SJB,23,mIPS-R,RT_Pronation_anti_L,0.286047651779945,0.173908585360976,0.459956237140921,0.00432917411749864,0.00469209330702285,5.91926250959756,0.48698854026476
9,SJB,24,VIP-R,RT_Pronation_anti_L,0.331390324971387,0.389298810224538,0.720689135195925,0.00640325987891578,0.00693573948396288,5.87594148528061,0.481196599771499
9,SJB,25,SPOC-R,RT_Pronation_anti_L,0.515745196138251,0.189187455510196,0.704932651648448,0.00667254677804911,0.00725862505463491,5.87569076187184,0.48036836785118
9,SJB,26,S1-R,RT_Pronation_anti_L,0.196370030791285,0.223656612816302,0.420026643607587,0.00419221514435466,0.00454616840173602,5.92570272551444,0.49068374703921
9,SJB,27,M1-R,RT_Pronation_anti_L,0.175247603025712,0.249284608916001,0.424532211941713,0.0047767587753691,0.00522370374105357,5.91481578808673,0.492356947177939
9,SJB,28,SMA-R,RT_Pronation_anti_L,0.561147995346714,0.449115510007659,1.01026350535437,0.00826894737087179,0.00895596052319352,5.83621480017541,0.452877610747475
9,SJB,29,PMd-R,RT_Pronation_anti_L,0.295155520797044,0.216272441147234,0.511427961944278,0.0050905692414,0.00551625190817861,5.90024431110676,0.478246011335239
9,SJB,30,PMv-R,RT_Pronation_anti_L,0.175668933802622,0.195287133769779,0.370956067572401,0.00453605215981941,0.00495091493169864,5.92048289885375,0.494522755968808
9,SJB,31,FEF-R,RT_Pronation_anti_L,0.164122356230809,0.152419109090079,0.316541465320888,0.00347607795667971,0.00377586166128277,5.94087928811822,0.489652407082709
9,SJB,32,POJ-R,RT_Pronation_anti_L,0.498912554396496,0.325393144876878,0.824305699273374,0.00703765853443327,0.00763391665018154,5.86221597875113,0.471853557267519
10,BG,1,V1-L,RT_Pronation_anti_L,0.114817595111983,0.080421547323301,0.195239142435284,0.00301152898603659,0.00329225097703383,5.96285103161144,0.526035256911425
10,BG,2,V3-L,RT_Pronation_anti_L,0.187354788372679,0.233056732237967,0.420411520610646,0.0050881720244066,0.0055670607535476,5.90962536368694,0.514820144229529
10,BG,3,STS-L,RT_Pronation_anti_L,0.0581296335467876,0.544456949536649,0.602586583083436,0.00440428554310894,0.00477664311927818,5.91861516939432,0.509440542157395
10,BG,4,IPL-L,RT_Pronation_anti_L,0.345033508960999,0.223901599803551,0.56893510876455,0.0057225485874666,0.00625683728858322,5.89485503789956,0.505225666055162
10,BG,5,SPL-L,RT_Pronation_anti_L,0.691802135492313,0.246073180687488,0.937875316179801,0.0076151720929689,0.00834295084730059,5.85075546817238,0.489794853678746
10,BG,6,AG-L,RT_Pronation_anti_L,0.329359469716749,0.365099512003819,0.694458981720568,0.00610306110797665,0.00666288609614154,5.88199683764542,0.499424265241278
10,BG,7,mIPS-L,RT_Pronation_anti_L,0.874078155184658,0.298348965429834,1.17242712061449,0.00877224901555875,0.00954930870012388,5.82206810451686,0.480706879116987
10,BG,8,VIP-L,RT_Pronation_anti_L,0.421344811838674,0.21807134167603,0.639416153514704,0.00644576067546994,0.00702516302676898,5.87990185805214,0.504497992288119
10,BG,9,SPOC-L,RT_Pronation_anti_L,0.181448834770808,0.511575403038364,0.693024237809172,0.00625713602689416,0.00683629730436261,5.87995339676848,0.499929907155715
10,BG,10,S1-L,RT_Pronation_anti_L,0.350089373088728,0.294552564146197,0.644641937234925,0.00585451601947642,0.00637315828003505,5.88880790017056,0.500336844995815
10,BG,11,M1-L,RT_Pronation_anti_L,0.429166743247101,0.227675597746607,0.656842340993708,0.00614723542638362,0.00669933185111118,5.88514136441039,0.50502709940307
10,BG,12,SMA-L,RT_Pronation_anti_L,0.243477199284753,0.270801538700977,0.51427873798573,0.00524534610982483,0.00571357953901721,5.90021626815635,0.506160783949795
10,BG,13,PMd-L,RT_Pronation_anti_L,0.179570453920482,0.344765319487394,0.524335773407876,0.004788918453533,0.00520221526515355,5.9113772641991,0.505693882416159
10,BG,14,PMv-L,RT_Pronation_anti_L,0.0456692742221924,0.23942628704393,0.285095561266122,0.00293311439678377,0.00317404502789565,5.96219501618545,0.518326161075864
10,BG,15,FEF-L,RT_Pronation_anti_L,0.176176217188495,0.28480818891716,0.460984406105655,0.00466571860360557,0.00511269829012723,5.91268011170941,0.512219295747806
10,BG,16,POJ-L,RT_Pronation_anti_L,0.274253107504525,0.262337458672008,0.536590566176533,0.00498037392029065,0.00539504870028161,5.90658770927365,0.504787100783958
10,BG,17,V1-R,RT_Pronation_anti_L,0.197614000658121,0.169013901837087,0.366627902495208,0.00413693849271469,0.00452060782996401,5.92891178063554,0.509397300420158
10,BG,18,V3-R,RT_Pronation_anti_L,0.191045156977154,0.21287156136954,0.403916718346694,0.00450871996999653,0.0049074325879048,5.92060486340611,0.510080691174087
10,BG,19,STS-R,RT_Pronation_anti_L,0.0937464550594334,0.219920288558726,0.313666743618159,0.00401013901792999,0.00441104020007267,5.93346559818249,0.518910740317022
10,BG,20,IPL-R,RT_Pronation_anti_L,0.38451385332632,0.489263722973428,0.873777576299748,0.00717840161400255,0.00793893306792095,5.85837600143023,0.494387559026955
10,BG,21,SPL-R,RT_Pronation_anti_L,0.353791984897756,0.283344109036184,0.63713609393394,0.00528566874176053,0.00576525057471522,5.89243420319696,0.498079775449442
10,BG,22,AG-R,RT_Pronation_anti_L,0.429111084509526,0.27237651894901,0.701487603458535,0.00613088772714799,0.00672225614718963,5.88123521834239,0.499952270251747
10,BG,23,mIPS-R,RT_Pronation_anti_L,0.653720635083178,0.339358581951179,0.993079217034358,0.00707524108758428,0.00774070282758,5.84372721173352,0.481477350904962
10,BG,24,VIP-R,RT_Pronation_anti_L,0.460497910365545,0.587575932970331,1.04807384333588,0.00848439131699347,0.00929015893822313,5.82536090728716,0.481355898818676
10,BG,25,SPOC-R,RT_Pronation_anti_L,0.357096926869463,0.522057391252539,0.879154318122003,0.00669251907786841,0.00732448872064257,5.86188971904005,0.492090003867148
10,BG,26,S1-R,RT_Pronation_anti_L,0.2241572291495,0.242807350563564,0.466964579713064,0.00487720677945614,0.0053568215196841,5.9078513785996,0.505362266942141
10,BG,27,M1-R,RT_Pronation_anti_L,0.233780381822861,0.384172236556126,0.617952618378986,0.00493659271946666,0.005365230425822,5.90395502922487,0.495049587751129
10,BG,28,SMA-R,RT_Pronation_anti_L,0.287581911856179,0.296209105097176,0.583791016953355,0.00597994803169581,0.00654980866048294,5.88885158864726,0.504269608186231
10,BG,29,PMd-R,RT_Pronation_anti_L,0.199294073105313,0.290542701919559,0.489836775024872,0.00529199676109023,0.0057930534592533,5.90388915461458,0.512213484311733
10,BG,30,PMv-R,RT_Pronation_anti_L,0.105454177458067,0.175083762142909,0.280537939600976,0.00348215170410345,0.00380884183279733,5.94500293706894,0.519600152643415
10,BG,31,FEF-R,RT_Pronation_anti_L,0.228974829616748,0.291840489612761,0.520815319229509,0.005412174206852,0.00588473022311369,5.90226259287664,0.509518800302383
10,BG,32,POJ-R,RT_Pronation_anti_L,0.507142232463936,0.387484303429633,0.894626535893569,0.0063280982096433,0.00689803116511479,5.86471445337296,0.482889729505391
1,DOC,1,V1-L,RT_Pronation_anti_R,0.209996703764686,0.190089148230336,0.400085851995022,0.00517245164362728,0.00553610003034853,6.05152705323978,0.534932678225941
1,DOC,2,V3-L,RT_Pronation_anti_R,0.19514204475635,0.273783729788842,0.468925774545192,0.005735748452047,0.00617689143825761,6.04177845848948,0.536457538926444
1,DOC,3,STS-L,RT_Pronation_anti_R,0.0343866505995308,0.304964601394541,0.339351251994072,0.00339854931720901,0.0036554571444652,6.08861344940033,0.538304092509589
1,DOC,4,IPL-L,RT_Pronation_anti_R,0.933272827898735,0.46121580624586,1.39448863414459,0.00985150469089907,0.0104925177495461,5.947974458023,0.479305668407422
1,DOC,5,SPL-L,RT_Pronation_anti_R,0.428762640857981,0.262774053273545,0.691536694131526,0.00726209359132066,0.00779620504116441,6.01087389186372,0.521763305077377
1,DOC,6,AG-L,RT_Pronation_anti_R,0.362167861306714,0.257286011136593,0.619453872443307,0.00701644835511416,0.0075597654971542,6.01613643405287,0.532080322176494
1,DOC,7,mIPS-L,RT_Pronation_anti_R,0.532235761550929,0.246011649056488,0.778247410607417,0.0078737942483433,0.0084628422626358,5.99697585451145,0.519085398129958
1,DOC,8,VIP-L,RT_Pronation_anti_R,0.585891014091229,0.479482852797706,1.06537386688894,0.00845915379812741,0.00901747423485962,5.98153878450131,0.50564189573478
1,DOC,9,SPOC-L,RT_Pronation_anti_R,0.378330437620596,0.307520770138313,0.685851207758909,0.00665307802031333,0.00714152260738604,6.01096991125846,0.518132929663197
1,DOC,10,S1-L,RT_Pronation_anti_R,0.280570270571156,0.670245509278984,0.95081577985014,0.00779485079841319,0.00836683086345924,5.99664594933028,0.512002655091683
1,DOC,11,M1-L,RT_Pronation_anti_R,0.307158112000318,0.663842588835784,0.971000700836102,0.0083503639089416,0.00895528860261639,5.98903492321094,0.514041189867369
1,DOC,12,SMA-L,RT_Pronation_anti_R,0.239144556373655,0.326750621852875,0.56589517822653,0.00604120674910541,0.00649301502174944,6.03026686248732,0.529614725409144
1,DOC,13,PMd-L,RT_Pronation_anti_R,0.503394647016771,0.362862740709573,0.866257387726343,0.00743197095228455,0.00800689069777411,5.99553647301617,0.507783981450091
1,DOC,14,PMv-L,RT_Pronation_anti_R,0.0975348538616935,0.194465754994365,0.292000608856058,0.00369581911990961,0.00397781548783782,6.08325923692361,0.541848818429571
1,DOC,15,FEF-L,RT_Pronation_anti_R,0.271316607809066,0.310828865873417,0.582145473682483,0.00548408538616794,0.00587419492644614,6.03464148624923,0.526290740761047
1,DOC,16,POJ-L,RT_Pronation_anti_R,0.23877455322924,0.325624511544596,0.564399064773836,0.00593458216344008,0.00635450540748164,6.03197244488506,0.528246548435163
1,DOC,17,V1-R,RT_Pronation_anti_R,0.156434359437756,0.229283128199898,0.385717487637654,0.00498328341923473,0.00537043808023707,6.05353822971347,0.539104850099127
1,DOC,18,V3-R,RT_Pronation_anti_R,0.24576873412517,0.17786665317723,0.4236353873024,0.00524320242955171,0.00565786530326603,6.04716920021418,0.538820829430912
1,DOC,19,STS-R,RT_Pronation_anti_R,0.0838308372448401,0.169741712645891,0.253572549890731,0.00345219184600288,0.00370415488075623,6.08816013833481,0.542233673559893
1,DOC,20,IPL-R,RT_Pronation_anti_R,0.188126670007674,0.291423248474919,0.479549918482593,0.00550794298867728,0.00589763795694958,6.04287007541079,0.535781638807388
1,DOC,21,SPL-R,RT_Pronation_anti_R,0.354199697990807,0.489896348279153,0.84409604626996,0.00810078247993835,0.00865624317977736,5.99579755283231,0.517280627783052
1,DOC,22,AG-R,RT_Pronation_anti_R,0.606081114352668,0.326029177462225,0.932110291814893,0.00885962423242109,0.00949177355293258,5.97840790500933,0.51253662729929
1,DOC,23,mIPS-R,RT_Pronation_anti_R,0.643366335296697,0.421773931612135,1.06514026690883,0.00931757991525945,0.00990453248351864,5.9693316791535,0.499313439884553
1,DOC,24,VIP-R,RT_Pronation_anti_R,0.248498517161186,0.355621626867221,0.604120144028407,0.00608502609561336,0.00649079245523122,6.0280839540554,0.517801417119932
1,DOC,25,SPOC-R,RT_Pronation_anti_R,0.560147316182027,0.27085974558324,0.831007061765267,0.00730383178038409,0.00780062650971998,5.99959524754243,0.508251592246271
1,DOC,26,S1-R,RT_Pronation_anti_R,0.197895495276863,0.227055872934339,0.424951368211202,0.00500239633023134,0.00535711923052402,6.05285711946503,0.536844539172428
1,DOC,27,M1-R,RT_Pronation_anti_R,0.289113618261008,0.403190058102446,0.692303676363454,0.00675814706964587,0.00728227346856403,6.01551092621483,0.52063556230742
1,DOC,28,SMA-R,RT_Pronation_anti_R,0.200497126806737,0.269643236427251,0.470140363233988,0.00544644867517066,0.00585181166027804,6.0426208390554,0.536032804800701
1,DOC,29,PMd-R,RT_Pronation_anti_R,0.235592077324407,0.384950285252676,0.620542362577083,0.00618031332700613,0.00662609404666129,6.02702220119347,0.527760762422707
1,DOC,30,PMv-R,RT_Pronation_anti_R,0.0699989587677975,0.295047454836412,0.365046413604209,0.00420947440883611,0.00451318935335085,6.07269186209918,0.541197758727261
1,DOC,31,FEF-R,RT_Pronation_anti_R,0.187956939059891,0.276391305593726,0.464348244653617,0.00533987140545311,0.00576673549382336,6.04729241359333,0.53522040464276
1,DOC,32,POJ-R,RT_Pronation_anti_R,0.61730492562217,0.256369265625769,0.873674191247939,0.00836566853426494,0.00896799215761896,5.99200098740402,0.523235725585927
2,GB,1,V1-L,RT_Pronation_anti_R,0.144373338324994,0.149312711666277,0.293686049991272,0.00345459519372142,0.00372745055163699,5.53051576719987,0.365049140604994
2,GB,2,V3-L,RT_Pronation_anti_R,0.157918551177314,0.218625698634023,0.376544249811336,0.00390324359700121,0.00422201308047867,5.51877907475022,0.358236697424891
2,GB,3,STS-L,RT_Pronation_anti_R,0.0849870271658005,0.123150961014919,0.20813798818072,0.00266485409374909,0.00289270645547726,5.55392943461824,0.368229096502471
2,GB,4,IPL-L,RT_Pronation_anti_R,0.199280532575997,0.279232775364787,0.478513307940784,0.00434408549876448,0.00468685741893906,5.5034767735337,0.347608898901626
2,GB,5,SPL-L,RT_Pronation_anti_R,0.328722405537048,0.321253926476583,0.64997633201363,0.00553607504644455,0.00597782726716665,5.47871538200198,0.349327709838935
2,GB,6,AG-L,RT_Pronation_anti_R,0.19274451459092,0.245401283091317,0.438145797682237,0.00430498066360357,0.00465222161697834,5.50717182916018,0.357110743538719
2,GB,7,mIPS-L,RT_Pronation_anti_R,0.626281170605771,0.210727716440424,0.837008887046195,0.00628224031647008,0.00675685209142269,5.45541168173764,0.332529825857564
2,GB,8,VIP-L,RT_Pronation_anti_R,0.180696466279699,0.426699522268897,0.607395988548596,0.00497138907224251,0.00537710639113312,5.4902614906217,0.34734439483385
2,GB,9,SPOC-L,RT_Pronation_anti_R,0.389017599315349,0.274681886206924,0.663699485522274,0.00599400034862076,0.00649854389300761,5.46777794287225,0.350474451026412
2,GB,10,S1-L,RT_Pronation_anti_R,0.228661399492451,0.100644780162559,0.32930617965501,0.00343094049230036,0.00372297669200433,5.5285485072304,0.362452195341273
2,GB,11,M1-L,RT_Pronation_anti_R,0.23479010596356,0.155590501730944,0.390380607694505,0.00419014930309324,0.00454709166942053,5.51181469578702,0.360371418408239
2,GB,12,SMA-L,RT_Pronation_anti_R,0.232605070344516,0.195135055897378,0.427740126241894,0.00445548541644981,0.00483874221006874,5.5017560829752,0.35793682393842
2,GB,13,PMd-L,RT_Pronation_anti_R,0.178595435882926,0.184304732233089,0.362900168116014,0.00363070803282418,0.00395035315733783,5.52282640162159,0.36146777406946
2,GB,14,PMv-L,RT_Pronation_anti_R,0.0720925901846826,0.11434361124167,0.186436201426353,0.00254720777655355,0.00277464057225321,5.55560540455944,0.371208226732809
2,GB,15,FEF-L,RT_Pronation_anti_R,0.143013050858999,0.117317944329644,0.260330995188643,0.00261186877598269,0.00284676265772498,5.55015728699755,0.364485598825545
2,GB,16,POJ-L,RT_Pronation_anti_R,0.753207592042978,0.234546898741613,0.987754490784591,0.00673717061582207,0.00727550447984901,5.44230097722242,0.333956098031551
2,GB,17,V1-R,RT_Pronation_anti_R,0.0577485217007535,0.153208541296678,0.210957062997432,0.00259472894435733,0.00279063365346886,5.55887738914441,0.367528119464729
2,GB,18,V3-R,RT_Pronation_anti_R,0.106534511022364,0.202121053387042,0.308655564409406,0.00332328169836854,0.00358347177438795,5.53474579794514,0.362827833722857
2,GB,19,STS-R,RT_Pronation_anti_R,0.191807873339996,0.237187012540354,0.428994885880349,0.00420790675526984,0.00456150457032952,5.5077492986826,0.356802102273289
2,GB,20,IPL-R,RT_Pronation_anti_R,0.165750614921083,0.258503785024946,0.424254399946029,0.00439529502890791,0.00474268526110512,5.50659008867071,0.356804501570626
2,GB,21,SPL-R,RT_Pronation_anti_R,0.216492082115915,0.172794098744964,0.389286180860879,0.00385603783873442,0.00416612163478783,5.51937952465841,0.361318898691682
2,GB,22,AG-R,RT_Pronation_anti_R,0.176959641820915,0.564960546862112,0.741920188683027,0.00532929884004635,0.00574268621856737,5.47569298523889,0.344442085721532
2,GB,23,mIPS-R,RT_Pronation_anti_R,0.207742665028523,0.299914550188015,0.507657215216538,0.00443009247689299,0.00479024928495101,5.50010109865055,0.353737772084923
2,GB,24,VIP-R,RT_Pronation_anti_R,0.184338021030396,0.18243970707136,0.366777728101756,0.0038041567282924,0.00412747224268298,5.51993509667577,0.359420691084322
2,GB,25,SPOC-R,RT_Pronation_anti_R,0.281441300371866,0.366260361557566,0.647701661929432,0.005481723960707,0.00593574441709092,5.47675472282636,0.346703246320984
2,GB,26,S1-R,RT_Pronation_anti_R,0.215000498309238,0.197971685498584,0.412972183807822,0.0043860328052484,0.00474975653850341,5.507323242326,0.360279262770869
2,GB,27,M1-R,RT_Pronation_anti_R,0.183289378002997,0.233764373558787,0.417053751561784,0.00409833239652735,0.00445666975097079,5.50909447505866,0.357202163966251
2,GB,28,SMA-R,RT_Pronation_anti_R,0.197426141992185,0.211223959333067,0.408650101325251,0.00410733897710693,0.00448778946203485,5.50779657546425,0.358194389949139
2,GB,29,PMd-R,RT_Pronation_anti_R,0.25110047375905,0.214931797259278,0.466032271018328,0.00472530926531651,0.00513655232154129,5.49313941434369,0.35338872529249
2,GB,30,PMv-R,RT_Pronation_anti_R,0.0999881484299297,0.120380223576743,0.220368372006673,0.00273081059759317,0.0029538077222513,5.54973678395668,0.367311393536499
2,GB,31,FEF-R,RT_Pronation_anti_R,0.104504480403015,0.148507708437927,0.253012188840943,0.00294091327163882,0.00318256994520882,5.54343198808128,0.364452376353282
2,GB,32,POJ-R,RT_Pronation_anti_R,0.253596957076175,0.125568749828931,0.379165706905106,0.00393978116330545,0.00428222992834917,5.51754351219026,0.361598363892918
3,JDC,1,V1-L,RT_Pronation_anti_R,0.151930351359145,0.628692591808139,0.780622943167284,0.00680569754410245,0.00747682343666257,6.13665025931304,0.612039362900167
3,JDC,2,V3-L,RT_Pronation_anti_R,0.234594662823293,0.21807189167642,0.452666554499713,0.00477415672570882,0.00524435487849173,6.18539676688203,0.626668856322234
3,JDC,3,STS-L,RT_Pronation_anti_R,0.0770135109940121,0.266210533877707,0.343224044871719,0.0037856186151132,0.004138323506952,6.20601585217197,0.628232496583995
3,JDC,4,IPL-L,RT_Pronation_anti_R,0.244647550013371,0.489363631914936,0.734011181928307,0.0062201594441941,0.00676958761597671,6.15079381673779,0.608274582607041
3,JDC,5,SPL-L,RT_Pronation_anti_R,0.795884524942696,0.399406041632384,1.19529056657508,0.00948262885358781,0.0103781960990403,6.07732797332998,0.582527503048062
3,JDC,6,AG-L,RT_Pronation_anti_R,0.231489513031554,0.269624357162073,0.501113870193626,0.00524347633908204,0.00573431645737487,6.1714042344563,0.616648993101416
3,JDC,7,mIPS-L,RT_Pronation_anti_R,0.562224639610883,0.197062592978124,0.759287232589007,0.007128883432857,0.0078731083582995,6.13688621744675,0.615399905446972
3,JDC,8,VIP-L,RT_Pronation_anti_R,0.450222299466056,0.348586383697619,0.798808683163675,0.00713702172015792,0.00782583814575048,6.13080259949726,0.609177250657358
3,JDC,9,SPOC-L,RT_Pronation_anti_R,0.394451065276012,0.728977810529589,1.1234288758056,0.00871104208515538,0.00946619537082952,6.10507282554238,0.595888125206962
3,JDC,10,S1-L,RT_Pronation_anti_R,0.331202290760327,0.385398945983221,0.716601236743548,0.00656129434778681,0.00715343363356813,6.14349393127834,0.615129308037728
3,JDC,11,M1-L,RT_Pronation_anti_R,0.73654025525734,0.271594506235852,1.00813476149319,0.00810787780519526,0.00892043142814768,6.11202137117113,0.601361758393759
3,JDC,12,SMA-L,RT_Pronation_anti_R,0.73067163185713,0.385413113318446,1.11608474517558,0.00974647738414134,0.0107178871183267,6.08355518665516,0.597294891857811
3,JDC,13,PMd-L,RT_Pronation_anti_R,0.340076306382297,0.201226078537437,0.541302384919734,0.00548151726052799,0.00600902284117656,6.16520289427765,0.612946563357623
3,JDC,14,PMv-L,RT_Pronation_anti_R,0.0878320242976323,0.294915533684139,0.382747557981772,0.00441731922262034,0.0048435569490331,6.19244964886084,0.626392818322464
3,JDC,15,FEF-L,RT_Pronation_anti_R,0.0929051663210302,0.301862398954126,0.394767565275156,0.00402142211025415,0.00438485945208477,6.19826459368614,0.624787509116607
3,JDC,16,POJ-L,RT_Pronation_anti_R,0.549219780582729,0.514902459862379,1.06412224044511,0.00822902180008074,0.0089523586413929,6.10819230438224,0.596959622505983
3,JDC,17,V1-R,RT_Pronation_anti_R,0.0972918139409926,0.74196658657833,0.839258400519322,0.00622104125149674,0.0067945210020321,6.14719233220799,0.608702174532115
3,JDC,18,V3-R,RT_Pronation_anti_R,0.173838495994887,0.275041389562651,0.448879885557538,0.00513884601577791,0.00556614017856024,6.18075594921897,0.623764818692132
3,JDC,19,STS-R,RT_Pronation_anti_R,0.0582038120248658,0.239055798822778,0.297259610847644,0.00335182583107204,0.00366877225987537,6.21757327618237,0.632267017815979
3,JDC,20,IPL-R,RT_Pronation_anti_R,0.479258016129709,0.277441868164348,0.756699884294057,0.00774992370010563,0.00848215255999587,6.12980160097135,0.612718238045362
3,JDC,21,SPL-R,RT_Pronation_anti_R,0.738349959745783,0.454236228368908,1.19258618811469,0.00924405816644728,0.0100734100541726,6.09251673886421,0.58755265904712
3,JDC,22,AG-R,RT_Pronation_anti_R,0.42785297705265,0.364299155404073,0.792152132456723,0.00742381686855261,0.00807247440711563,6.13402287220157,0.612623409411295
3,JDC,23,mIPS-R,RT_Pronation_anti_R,0.735180962133598,0.401599613488064,1.13678057562166,0.00925150740307892,0.010075728342003,6.09981491929526,0.587770647215912
3,JDC,24,VIP-R,RT_Pronation_anti_R,0.68210114320737,0.339418537321347,1.02151968052872,0.0088590904860364,0.00969018046991896,6.10423155128865,0.595816378035594
3,JDC,25,SPOC-R,RT_Pronation_anti_R,0.32258172813429,0.950275777290711,1.272857505425,0.00832598109829421,0.00906926984912661,6.09554478317603,0.580028293408336
3,JDC,26,S1-R,RT_Pronation_anti_R,0.313430406292936,0.169483969349353,0.48291437564229,0.00493360504131168,0.00542788273606823,6.17939230988574,0.621560785482095
3,JDC,27,M1-R,RT_Pronation_anti_R,0.320063570379871,0.152703335482773,0.472766905862644,0.00473600042679853,0.00521830370489011,6.18091350045102,0.619523852818624
3,JDC,28,SMA-R,RT_Pronation_anti_R,0.630445170451758,0.290918199678695,0.921363370130453,0.0084568947075854,0.00931198733533493,6.10614176743479,0.602364284921671
3,JDC,29,PMd-R,RT_Pronation_anti_R,0.464713995597761,0.305069567864142,0.769783563461903,0.00727329362923287,0.00803722659118508,6.12782965094932,0.605104850229174
3,JDC,30,PMv-R,RT_Pronation_anti_R,0.136183936371418,0.344332676305591,0.480516612677009,0.00490793500347856,0.00535640354176742,6.18114311270096,0.624542781001154
3,JDC,31,FEF-R,RT_Pronation_anti_R,0.15821586766512,0.520234553163928,0.678450420829048,0.00615803873211479,0.00674022148257694,6.15013953815789,0.615339664445847
3,JDC,32,POJ-R,RT_Pronation_anti_R,0.44873046145473,0.469961760854965,0.918692222309695,0.00801809949414702,0.00871713439158358,6.11922655586711,0.601084155790639
4,JFXD,1,V1-L,RT_Pronation_anti_R,0.31238966552007,0.2168272039008,0.529216869420869,0.00807306469191983,0.00858784322372444,7.03603638555969,0.880754550398285
4,JFXD,2,V3-L,RT_Pronation_anti_R,0.37717213693457,0.474479272112273,0.851651409046844,0.00983130436815351,0.010425754377796,6.99673385362093,0.85712833973739
4,JFXD,3,STS-L,RT_Pronation_anti_R,0.172210124131906,0.499828077070042,0.672038201201948,0.00810153132318928,0.00862125358550379,7.02586817637417,0.869602350048815
4,JFXD,4,IPL-L,RT_Pronation_anti_R,0.926163520729889,0.555290885338677,1.48145440606857,0.014471366866666,0.0154116025327806,6.92823825768032,0.844111402865305
4,JFXD,5,SPL-L,RT_Pronation_anti_R,0.848241889873188,0.477590077165571,1.32583196703876,0.0142303998736404,0.0151873148600142,6.94427513653819,0.850883259663439
4,JFXD,6,AG-L,RT_Pronation_anti_R,0.596904892172177,0.791367268225043,1.38827216039722,0.0140118651780602,0.0149222544671986,6.94342848060579,0.84454610202645
4,JFXD,7,mIPS-L,RT_Pronation_anti_R,0.767702504629848,0.573168880977697,1.34087138560754,0.0140896153797231,0.0150298500013884,6.93938034990486,0.840413576746174
4,JFXD,8,VIP-L,RT_Pronation_anti_R,0.785426414463459,0.388323274472308,1.17374968893577,0.0125311636715787,0.0133608822323283,6.96429446557864,0.854077382607026
4,JFXD,9,SPOC-L,RT_Pronation_anti_R,0.434860121016155,0.309645180983035,0.74450530199919,0.00872299885349277,0.00925532425155764,7.0096125636251,0.864662437348524
4,JFXD,10,S1-L,RT_Pronation_anti_R,0.671723728748745,0.531417921104612,1.20314164985336,0.0123277295603308,0.0130700512618175,6.96180066222513,0.847913393298379
4,JFXD,11,M1-L,RT_Pronation_anti_R,0.923279690232194,0.506371191927396,1.42965088215959,0.01334702584788,0.0141949861486383,6.94342843033788,0.84114314545354
4,JFXD,12,SMA-L,RT_Pronation_anti_R,0.986512226586054,0.455517945942396,1.44203017252845,0.013924941301938,0.0147720395588939,6.93896849681892,0.837452246648517
4,JFXD,13,PMd-L,RT_Pronation_anti_R,0.907430618173587,0.382038757355633,1.28946937552922,0.0127817488383819,0.0135878716163197,6.95720120413251,0.843875550538349
4,JFXD,14,PMv-L,RT_Pronation_anti_R,0.36899814383864,0.493199168571682,0.862197312410322,0.00964693577226194,0.0102469789868841,7.00658423762689,0.858894191261552
4,JFXD,15,FEF-L,RT_Pronation_anti_R,0.382842153721163,0.547662370526578,0.93050452424774,0.0102821687195323,0.0109387637733267,6.9990102782904,0.856986743605649
4,JFXD,16,POJ-L,RT_Pronation_anti_R,0.662572628245347,0.560825119052589,1.22339774729794,0.0125842074219421,0.013349505875839,6.96020008497179,0.846264350679995
4,JFXD,17,V1-R,RT_Pronation_anti_R,0.0972780012796396,0.446030952752877,0.543308954032517,0.00700313777310568,0.00744979681733064,7.05103888733077,0.880314056247307
4,JFXD,18,V3-R,RT_Pronation_anti_R,0.171718366099464,0.439493860314528,0.611212226413992,0.00694348940405407,0.00734306922169461,7.03914186357451,0.863828765238568
4,JFXD,19,STS-R,RT_Pronation_anti_R,0.27993958042143,0.775783917116874,1.0557234975383,0.0107819532481764,0.0115312328875541,6.98706176989032,0.857174631687088
4,JFXD,20,IPL-R,RT_Pronation_anti_R,0.653826742086669,0.366385034125054,1.02021177621172,0.0109091414051081,0.0116106658700087,6.98432505134096,0.860301714393884
4,JFXD,21,SPL-R,RT_Pronation_anti_R,0.746971768651874,0.564388121656372,1.31135989030825,0.0125367256775154,0.0133142803554614,6.9596492870155,0.845377697836651
4,JFXD,22,AG-R,RT_Pronation_anti_R,0.68512206216399,1.02369288790008,1.70881495006407,0.0152192082515786,0.016164324953191,6.91067678000642,0.822216380565779
4,JFXD,23,mIPS-R,RT_Pronation_anti_R,0.685024854837081,0.895693301221109,1.58071815605819,0.0142847777442926,0.0152402108808187,6.93260491163774,0.834970740265249
4,JFXD,24,VIP-R,RT_Pronation_anti_R,0.815431965217305,0.410532627830788,1.22596459304809,0.0121492864747065,0.0129315669394867,6.968642975484,0.851358366959229
4,JFXD,25,SPOC-R,RT_Pronation_anti_R,0.406045921000179,1.02800901453762,1.4340549355378,0.0127618033946533,0.0135231306609327,6.95501557693312,0.841979578906699
4,JFXD,26,S1-R,RT_Pronation_anti_R,0.529085595152577,0.709406238423912,1.23849183357649,0.0120613269417552,0.0127603822477749,6.96531080304787,0.83873874207092
4,JFXD,27,M1-R,RT_Pronation_anti_R,0.443903810168638,0.557447651452986,1.00135146162162,0.0116127278159247,0.0123342231799496,6.98049888410557,0.860801774921835
4,JFXD,28,SMA-R,RT_Pronation_anti_R,0.865969473063612,0.443677482847713,1.30964695591133,0.0133251959185022,0.0141500106943606,6.9506755562582,0.847332989540962
4,JFXD,29,PMd-R,RT_Pronation_anti_R,0.443540943544592,0.426405140765006,0.869946084309598,0.0103095958176361,0.0109450106055884,6.99475262283782,0.864471549688657
4,JFXD,30,PMv-R,RT_Pronation_anti_R,0.266241057884575,0.980068963637363,1.24631002152194,0.0118290851066232,0.0126087107513341,6.96492800711146,0.846090704580186
4,JFXD,31,FEF-R,RT_Pronation_anti_R,0.319085126665576,0.631040565359444,0.950125692025019,0.0106371802196123,0.0113012437862611,6.98995339004759,0.851605313818594
4,JFXD,32,POJ-R,RT_Pronation_anti_R,0.784511159004714,0.856518531590849,1.64102969059556,0.0139377612174055,0.0147523197609747,6.92434794163583,0.825398386021505
5,JZ,1,V1-L,RT_Pronation_anti_R,0.157236011270531,0.17774282201829,0.334978833288821,0.00419943157109428,0.00449685369656625,5.75079825380446,0.401229626020982
5,JZ,2,V3-L,RT_Pronation_anti_R,0.124861471471848,0.295089173798231,0.419950645270079,0.00421858990551258,0.00454225781373727,5.74517448096224,0.397608271354205
5,JZ,3,STS-L,RT_Pronation_anti_R,0.0821696095820375,0.128035956173392,0.210205565755429,0.0029186366223614,0.00311650720922276,5.78495500449837,0.404700291165282
5,JZ,4,IPL-L,RT_Pronation_anti_R,0.156232559243932,0.351593524596919,0.50782608384085,0.00530173189591355,0.00567421557300846,5.72447263567676,0.391137796229388
5,JZ,5,SPL-L,RT_Pronation_anti_R,0.44430775737334,0.223366209177811,0.66767396655115,0.0061588840823471,0.00664159535343279,5.7026532825845,0.385967073976208
5,JZ,6,AG-L,RT_Pronation_anti_R,0.241859771913573,0.191796654549252,0.433656426462825,0.00442241430020472,0.00473876275778154,5.74032953428842,0.395271412516232
5,JZ,7,mIPS-L,RT_Pronation_anti_R,0.421788056783899,0.208923851688532,0.630711908472431,0.00573504310853018,0.00620053925710853,5.70580057191267,0.383907037551015
5,JZ,8,VIP-L,RT_Pronation_anti_R,0.448480139456713,0.148751935116997,0.59723207457371,0.00515828097157787,0.00550962235189548,5.72519655011604,0.391362088215634
5,JZ,9,SPOC-L,RT_Pronation_anti_R,0.234963900726215,0.36521855773164,0.600182458457855,0.00573392536081509,0.00619962653752246,5.70956902553635,0.388346411576001
5,JZ,10,S1-L,RT_Pronation_anti_R,0.192728567114672,0.522746103487764,0.715474670602436,0.00601684580010137,0.00642822378720563,5.70737003708856,0.38317976407165
5,JZ,11,M1-L,RT_Pronation_anti_R,0.0983099412046356,0.568108907286319,0.666418848490955,0.00518746885800209,0.00554380287715738,5.72332457838275,0.390517873245071
5,JZ,12,SMA-L,RT_Pronation_anti_R,0.482121339458067,0.229069110697528,0.711190450155595,0.00668641763716729,0.00720194661445205,5.68908084744648,0.383609973153155
5,JZ,13,PMd-L,RT_Pronation_anti_R,0.326866097638006,0.283574544712598,0.610440642350604,0.00551429748139909,0.00588815924546933,5.71316078841162,0.384635995842836
5,JZ,14,PMv-L,RT_Pronation_anti_R,0.15479225693024,0.205011414698353,0.359803671628593,0.00434523327043855,0.00464391495651383,5.74851844736901,0.400710268720891
5,JZ,15,FEF-L,RT_Pronation_anti_R,0.135356676037371,0.194182779981745,0.329539456019115,0.00402072382828867,0.00428537803138502,5.75504381985854,0.400632678748458
5,JZ,16,POJ-L,RT_Pronation_anti_R,0.164514650323666,0.435732411349911,0.600247061673578,0.00532438505864894,0.00572478874861396,5.72069610121536,0.391278627342451
5,JZ,17,V1-R,RT_Pronation_anti_R,0.153975914013115,0.216353504114001,0.370329418127116,0.00382622833751881,0.00407120264841046,5.75506065240309,0.396512526153956
5,JZ,18,V3-R,RT_Pronation_anti_R,0.243630115032737,0.209126107589438,0.452756222622174,0.00467684059366205,0.00502157470210396,5.73555973531393,0.394323314025799
5,JZ,19,STS-R,RT_Pronation_anti_R,0.0894010949676062,0.306678745489469,0.396079840457075,0.00388385632975423,0.00414972076183412,5.75310118017356,0.398261910585407
5,JZ,20,IPL-R,RT_Pronation_anti_R,0.260649696153348,0.213759075377347,0.474408771530695,0.00545977539356763,0.00589628710506689,5.72023014827849,0.397025339465146
5,JZ,21,SPL-R,RT_Pronation_anti_R,0.232385948495108,0.412195757920184,0.644581706415292,0.00621237521516293,0.00667192548959782,5.70329610767884,0.386736989330605
5,JZ,22,AG-R,RT_Pronation_anti_R,0.387564948169874,0.184901462144783,0.572466410314657,0.00558508051284436,0.00601588957263825,5.71079501215706,0.393579335977794
5,JZ,23,mIPS-R,RT_Pronation_anti_R,0.265809970910031,0.112083613849211,0.377893584759242,0.00429864603480096,0.00462245476714344,5.74623562131219,0.401619073715442
5,JZ,24,VIP-R,RT_Pronation_anti_R,0.450064926223847,0.240319189582945,0.690384115806792,0.00680190197066744,0.00735615369026721,5.68904010547763,0.389064201568197
5,JZ,25,SPOC-R,RT_Pronation_anti_R,0.26583112486421,0.265959548944396,0.531790673808606,0.00507103917416723,0.00539168074259324,5.72647681819981,0.389136152438233
5,JZ,26,S1-R,RT_Pronation_anti_R,0.103093938101742,0.173072139569656,0.276166077671398,0.00347170644231153,0.00372094771161193,5.76770639527016,0.403212606587887
5,JZ,27,M1-R,RT_Pronation_anti_R,0.200031107590664,0.193363837692425,0.393394945283089,0.00401919306516787,0.00428446632558707,5.75315758281823,0.394428708088121
5,JZ,28,SMA-R,RT_Pronation_anti_R,0.465437307063141,0.2114103905865,0.676847697649641,0.00607178157805257,0.00649122900148282,5.7034759236337,0.386046339749478
5,JZ,29,PMd-R,RT_Pronation_anti_R,0.407533952729762,0.26273540811104,0.670269360840802,0.00636364927828948,0.00684829717573727,5.7005252934549,0.385205137634206
5,JZ,30,PMv-R,RT_Pronation_anti_R,0.0886861798129894,0.126051216969772,0.214737396782761,0.00304250689738664,0.00325512328570225,5.7809967599369,0.404664360357141
5,JZ,31,FEF-R,RT_Pronation_anti_R,0.195157331324894,0.348898573232162,0.544055904557056,0.00494517528327684,0.00526965683335984,5.72741083026857,0.388604016409601
5,JZ,32,POJ-R,RT_Pronation_anti_R,0.538933546375573,0.208923380118778,0.747856926494351,0.00590610083065451,0.00629829647873992,5.70343575345083,0.37848742262812
6,LT,1,V1-L,RT_Pronation_anti_R,0.071484689055313,0.92649337518107,0.997978064236383,0.00711530746117558,0.00764744035245212,6.23962956298689,0.564232571109326
6,LT,2,V3-L,RT_Pronation_anti_R,0.159817858311422,0.743702070155447,0.903519928466869,0.00742628301774517,0.00796422599369083,6.23797804300278,0.560685418115721
6,LT,3,STS-L,RT_Pronation_anti_R,0.112404839824208,0.505213370725342,0.617618210549549,0.00607339082441168,0.0065353978570543,6.26590330905353,0.573148110816279
6,LT,4,IPL-L,RT_Pronation_anti_R,0.700395517482527,0.439085706099519,1.13948122358205,0.0101583925151263,0.0109057495398557,6.1939137004262,0.553993239108985
6,LT,5,SPL-L,RT_Pronation_anti_R,0.478558748417848,0.470998481023668,0.949557229441516,0.00881142261669812,0.00944695359821712,6.21872195618189,0.557250843134772
6,LT,6,AG-L,RT_Pronation_anti_R,0.818395393422374,0.374363266957582,1.19275866037996,0.00924626884398153,0.00988036489213662,6.20009319859353,0.547786795723359
6,LT,7,mIPS-L,RT_Pronation_anti_R,0.344620916560421,0.631763155759874,0.976384072320295,0.00938767473497947,0.0101036155487812,6.20746666639917,0.552880240775475
6,LT,8,VIP-L,RT_Pronation_anti_R,0.627714473949781,0.341598143944133,0.969312617893914,0.00872151202050687,0.00933449728958388,6.21807193198484,0.559373716064788
6,LT,9,SPOC-L,RT_Pronation_anti_R,0.445091850950352,0.23180652735981,0.676898378310162,0.00748227418404904,0.00805469026896704,6.24465661828382,0.571998774460553
6,LT,10,S1-L,RT_Pronation_anti_R,0.476342960844089,0.377362178751072,0.853705139595161,0.00855962215055499,0.00923954909912114,6.22433430700057,0.566033591581787
6,LT,11,M1-L,RT_Pronation_anti_R,0.421685767410891,0.310218519278619,0.731904286689511,0.00659946682221873,0.00707861742051346,6.25190214505429,0.561947514474574
6,LT,12,SMA-L,RT_Pronation_anti_R,0.412670803184668,0.337306431018193,0.749977234202861,0.0077075966149864,0.00829227280686544,6.2396123944734,0.567314856502858
6,LT,13,PMd-L,RT_Pronation_anti_R,0.540984934992347,0.407678152893926,0.948663087886274,0.00896922818996551,0.00963409552494938,6.21335305714392,0.556157189515546
6,LT,14,PMv-L,RT_Pronation_anti_R,0.147191841014552,0.495136271556209,0.64232811257076,0.00667485594804019,0.0071380383452721,6.26065766786165,0.569565339639063
6,LT,15,FEF-L,RT_Pronation_anti_R,0.277529292698842,0.205391235818062,0.482920528516903,0.00547245453872162,0.00588704022256245,6.27611792096368,0.5726756783323
6,LT,16,POJ-L,RT_Pronation_anti_R,0.644641642135998,0.396107942686913,1.04074958482291,0.0091056864025428,0.00974520735699318,6.2052738161126,0.544207187713566
6,LT,17,V1-R,RT_Pronation_anti_R,0.109935132446227,0.148481728531323,0.25841686097755,0.00387070624502263,0.00416939994806286,6.31760192427124,0.588519275816593
6,LT,18,V3-R,RT_Pronation_anti_R,0.165818678658813,0.414726538331554,0.580545216990367,0.00596439010066284,0.00641156945003409,6.26735667586125,0.570932030036421
6,LT,19,STS-R,RT_Pronation_anti_R,0.135625349390604,0.232852855715002,0.368478205105606,0.00491517133213402,0.00529721248628405,6.29131104151953,0.583217297351463
6,LT,20,IPL-R,RT_Pronation_anti_R,0.601894163799049,0.216920845099549,0.818815008898598,0.0072484174901949,0.00777860967286738,6.24178773903062,0.5681257805016
6,LT,21,SPL-R,RT_Pronation_anti_R,0.681297529517311,0.304207975583825,0.985505505101136,0.00921799142245896,0.00990597718455216,6.20810080557742,0.559943854501502
6,LT,22,AG-R,RT_Pronation_anti_R,0.451957648188739,0.228846100485888,0.680803748674627,0.00688560819091949,0.00741909655579282,6.25060497910584,0.568341154129939
6,LT,23,mIPS-R,RT_Pronation_anti_R,0.638437510784511,0.386862314687557,1.02529982547207,0.0090624038712376,0.00972046762842304,6.20931241493897,0.551691101824979
6,LT,24,VIP-R,RT_Pronation_anti_R,0.818644282098199,0.156142908840264,0.974787190938463,0.00808098502285792,0.00868932704340985,6.22530056787021,0.564650069238137
6,LT,25,SPOC-R,RT_Pronation_anti_R,0.399306378161766,0.43476992693353,0.834076305095295,0.00760815789470928,0.00816550206618129,6.23666665978429,0.559071137898387
6,LT,26,S1-R,RT_Pronation_anti_R,0.274836806522491,0.35447780859803,0.629314615120521,0.00652379193207122,0.00701196490539449,6.25608037654652,0.574726519325652
6,LT,27,M1-R,RT_Pronation_anti_R,0.282125033262353,0.239925583465691,0.522050616728044,0.00580110039396386,0.00623337002063006,6.26668937077379,0.573148813137893
6,LT,28,SMA-R,RT_Pronation_anti_R,0.291895126059206,0.305345845233942,0.597240971293149,0.00680014202302345,0.00733523938232359,6.25383120261203,0.572192580329754
6,LT,29,PMd-R,RT_Pronation_anti_R,0.121083197089165,0.264085771253267,0.385168968342432,0.00489924162785772,0.00525403451847596,6.29396040226557,0.582644072340405
6,LT,30,PMv-R,RT_Pronation_anti_R,0.131572516081864,0.489867301899744,0.621439817981609,0.00578938551021573,0.00618409469598197,6.27062239120106,0.570523969794279
6,LT,31,FEF-R,RT_Pronation_anti_R,0.230660511466954,0.37472900709098,0.605389518557934,0.00725422959567101,0.00779990268333832,6.25186568968606,0.573084423408595
6,LT,32,POJ-R,RT_Pronation_anti_R,0.359193907630272,0.627347960453571,0.986541868083844,0.00892228068411241,0.00955351285185134,6.21655419285334,0.556714400792999
7,NvA,1,V1-L,RT_Pronation_anti_R,0.050076354724198,0.127475899921191,0.177552254645389,0.0022548167883091,0.00249753141042496,5.75960050203117,0.472552991308796
7,NvA,2,V3-L,RT_Pronation_anti_R,0.0879473400069283,0.257868451495146,0.345815791502074,0.00345232806830289,0.00383328494333592,5.72469787961253,0.465766636271936
7,NvA,3,STS-L,RT_Pronation_anti_R,0.115757981974829,0.156451514072175,0.272209496047003,0.00324634141290713,0.00357044659542722,5.72902796549143,0.46513017599786
7,NvA,4,IPL-L,RT_Pronation_anti_R,0.287684328200005,0.266975927360646,0.554660255560651,0.00498074429055361,0.00549593889065317,5.68225128827222,0.449795649217162
7,NvA,5,SPL-L,RT_Pronation_anti_R,0.365963541505922,0.455978845902084,0.821942387408006,0.00648294731768459,0.00712517623117599,5.64640385893463,0.436376736329223
7,NvA,6,AG-L,RT_Pronation_anti_R,0.288229014282318,0.350663022071376,0.638892036353694,0.00504724939152777,0.00554884907859034,5.67913566423075,0.446465042496383
7,NvA,7,mIPS-L,RT_Pronation_anti_R,0.433854584287329,0.174077755447616,0.607932339734945,0.00530806969328456,0.00585735696399315,5.6812625394559,0.455102334820707
7,NvA,8,VIP-L,RT_Pronation_anti_R,0.282006662767291,0.179046310869239,0.46105297363653,0.00468277954515729,0.00521971971843892,5.69325801544229,0.461373695934171
7,NvA,9,SPOC-L,RT_Pronation_anti_R,0.274336398476587,0.182361323662853,0.45669772213944,0.00458673262810438,0.00509233087364271,5.69332895034214,0.462863422750756
7,NvA,10,S1-L,RT_Pronation_anti_R,0.371586550212803,0.300090357380805,0.671676907593608,0.00585933350850642,0.0064775009442784,5.66381272371364,0.445282562028963
7,NvA,11,M1-L,RT_Pronation_anti_R,0.277797743632992,0.183250151248175,0.461047894881167,0.00425327592653554,0.00469986656472681,5.70141214267808,0.455857610180597
7,NvA,12,SMA-L,RT_Pronation_anti_R,0.180161133153048,0.390510320377286,0.570671453530334,0.00535920666632608,0.00589374169021221,5.68019276270668,0.453336182754288
7,NvA,13,PMd-L,RT_Pronation_anti_R,0.127321429562689,0.249878351384944,0.377199780947633,0.00430888265318564,0.00475567128946291,5.70697170863793,0.465758648045188
7,NvA,14,PMv-L,RT_Pronation_anti_R,0.0697078781991784,0.134469283417796,0.204177161616974,0.00286415832705009,0.00317590695879433,5.7431374263046,0.474668222614483
7,NvA,15,FEF-L,RT_Pronation_anti_R,0.174147422121832,0.167864019966134,0.342011442087966,0.00386728929273254,0.00427277580602959,5.71559928580037,0.462508099677918
7,NvA,16,POJ-L,RT_Pronation_anti_R,0.16707493039212,0.195796056970762,0.362870987362881,0.00382994955014651,0.00423135058282749,5.71415863766284,0.465310807845618
7,NvA,17,V1-R,RT_Pronation_anti_R,0.119651883517267,0.160680692417773,0.280332575935039,0.0031384903305095,0.00346929795452159,5.7333523073506,0.468573239777811
7,NvA,18,V3-R,RT_Pronation_anti_R,0.186175930921693,0.154530480488215,0.340706411409908,0.00369945116903783,0.00411755536948444,5.71698765047115,0.466676440232378
7,NvA,19,STS-R,RT_Pronation_anti_R,0.152421145822025,0.471432468325482,0.623853614147508,0.00477671847786312,0.00527168285997892,5.68665112848585,0.449882391499313
7,NvA,20,IPL-R,RT_Pronation_anti_R,0.611128828748341,0.457986782116134,1.06911561086447,0.00752210056804285,0.00840238865615705,5.6271232143626,0.439929162372427
7,NvA,21,SPL-R,RT_Pronation_anti_R,0.361201106763864,0.297834075874999,0.659035182638863,0.00472408049146174,0.00520017894463294,5.68457825358059,0.444144241006851
7,NvA,22,AG-R,RT_Pronation_anti_R,0.231956566883062,0.193389963824421,0.425346530707483,0.0041204573707555,0.00452923539252004,5.70351384192989,0.453920337550986
7,NvA,23,mIPS-R,RT_Pronation_anti_R,0.367996271976549,0.132261275797512,0.500257547774061,0.00456818518583818,0.00502050887679132,5.69309043321268,0.455966040709945
7,NvA,24,VIP-R,RT_Pronation_anti_R,0.715765260128817,0.587054934045698,1.30282019417452,0.00829464658049816,0.0092041636539614,5.59404546172724,0.411659236228473
7,NvA,25,SPOC-R,RT_Pronation_anti_R,0.370517582892287,0.387531604744229,0.758049187636516,0.00561091033060781,0.00619486062074088,5.65977013524458,0.442552145965333
7,NvA,26,S1-R,RT_Pronation_anti_R,0.18056492479601,0.192563736114445,0.373128660910455,0.00420124250281622,0.00465313266670426,5.70911221025884,0.460453481602801
7,NvA,27,M1-R,RT_Pronation_anti_R,0.414412968480671,0.309798127191697,0.724211095672368,0.00659423393097398,0.00728514531170939,5.64898312707614,0.44821140147724
7,NvA,28,SMA-R,RT_Pronation_anti_R,0.125358921216228,0.358559773597213,0.483918694813441,0.00490899333856628,0.00540226883617035,5.69200331373617,0.459868085470498
7,NvA,29,PMd-R,RT_Pronation_anti_R,0.229930209129589,0.241203670996954,0.471133880126543,0.00472013219337213,0.0051975796032641,5.69225359888106,0.46135999568717
7,NvA,30,PMv-R,RT_Pronation_anti_R,0.0501918778932794,0.109816774705171,0.16000865259845,0.00237246630106202,0.00263229820723032,5.75985655492218,0.47527343265996
7,NvA,31,FEF-R,RT_Pronation_anti_R,0.195198732009908,0.489560905959804,0.684759637969712,0.00524997333518976,0.00573761637933525,5.67508394035779,0.445672678686227
7,NvA,32,POJ-R,RT_Pronation_anti_R,0.659347473814773,0.208510120746465,0.867857594561238,0.00613289562485418,0.00680909130789313,5.65111140539398,0.439498694567088
8,RR,1,V1-L,RT_Pronation_anti_R,0.136070389209772,0.200220540334909,0.336290929544681,0.00402301048611611,0.00434985821638634,6.31682036710066,0.657234204156534
8,RR,2,V3-L,RT_Pronation_anti_R,0.112279236467,0.378626910166486,0.490906146633487,0.0052265870035026,0.00567821921041962,6.28962495508273,0.651816318893543
8,RR,3,STS-L,RT_Pronation_anti_R,0.266753855019616,0.174324864244507,0.441078719264123,0.00552406272193246,0.00599084598260132,6.28757343693322,0.651101928113743
8,RR,4,IPL-L,RT_Pronation_anti_R,0.760265057137295,0.469460103996357,1.22972516113365,0.00939053939513315,0.0101572495596787,6.20151171845149,0.612872701864268
8,RR,5,SPL-L,RT_Pronation_anti_R,0.705444866275693,0.398588959236985,1.10403382551268,0.00938529261588586,0.0101133581525028,6.20965613865654,0.613759844443875
8,RR,6,AG-L,RT_Pronation_anti_R,0.468120640192288,0.240806196369249,0.708926836561537,0.00746238098131452,0.00809456345266049,6.25108687173452,0.644162659895866
8,RR,7,mIPS-L,RT_Pronation_anti_R,0.915187604318768,0.488927647883169,1.40411525220194,0.0108760581447324,0.0117565268454429,6.18490708728926,0.608494408777201
8,RR,8,VIP-L,RT_Pronation_anti_R,0.450953886518361,0.543040259284016,0.993994145802377,0.00763222508507941,0.00822173826472873,6.23431105479835,0.62332602015715
8,RR,9,SPOC-L,RT_Pronation_anti_R,0.513298530577337,0.238451217848762,0.751749748426099,0.00788690536730413,0.00851040341301478,6.24695939297326,0.636615109108016
8,RR,10,S1-L,RT_Pronation_anti_R,0.364870301507996,0.52578786555591,0.890658167063907,0.00793756504281308,0.00862070941888272,6.23806582677388,0.633899716160815
8,RR,11,M1-L,RT_Pronation_anti_R,0.268475565735978,0.182634481942909,0.451110047678887,0.00544602916664373,0.00589746201047541,6.28731480891299,0.647430410258911
8,RR,12,SMA-L,RT_Pronation_anti_R,0.356501933471869,0.690354386930634,1.0468563204025,0.00849253144192141,0.00915461809306256,6.22089953605677,0.621595410300452
8,RR,13,PMd-L,RT_Pronation_anti_R,0.58386551932314,0.607689278622589,1.19155479794573,0.00994038096294659,0.010669581538717,6.19386884717736,0.602979446250851
8,RR,14,PMv-L,RT_Pronation_anti_R,0.121109225130928,0.328754702737943,0.449863927868872,0.00552040309166393,0.00599243017501315,6.29047223087734,0.654486807218091
8,RR,15,FEF-L,RT_Pronation_anti_R,0.446519283573513,0.156902349422769,0.603421632996282,0.0063624376348279,0.00690573922162603,6.2701453268298,0.647502160644403
8,RR,16,POJ-L,RT_Pronation_anti_R,0.56359365588564,0.615161762306556,1.1787554181922,0.00955226489031273,0.0103161429667308,6.20453997171925,0.613470628790395
8,RR,17,V1-R,RT_Pronation_anti_R,0.214610385004238,0.247219253300604,0.461829638304842,0.00516371907910691,0.00558721622705738,6.29070327668595,0.650834201199752
8,RR,18,V3-R,RT_Pronation_anti_R,0.143102857612352,0.635066883060858,0.77816974067321,0.00731169479107167,0.00790921256882456,6.24936506974772,0.640012336031228
8,RR,19,STS-R,RT_Pronation_anti_R,0.158429491632344,0.210267208751675,0.368696700384019,0.00442211983768206,0.00479536816221457,6.30478902055504,0.651607647506684
8,RR,20,IPL-R,RT_Pronation_anti_R,0.619503754442204,0.333791770709612,0.953295525151815,0.00950974051274696,0.010349905282787,6.21373449174564,0.631846669664522
8,RR,21,SPL-R,RT_Pronation_anti_R,0.366021710795554,0.387129679858405,0.753151390653958,0.00723507503195208,0.00782447509413595,6.24926302876114,0.635160867209174
8,RR,22,AG-R,RT_Pronation_anti_R,0.279938020101965,0.428791195268856,0.708729215370821,0.00706246345155634,0.00763589768332141,6.25053845920965,0.637875956285596
8,RR,23,mIPS-R,RT_Pronation_anti_R,0.27991638645885,0.512625795065695,0.792542181524545,0.00766914135323145,0.00830691397130706,6.24407483294955,0.632040701263281
8,RR,24,VIP-R,RT_Pronation_anti_R,0.434541818788221,0.273907240648572,0.708449059436793,0.00751271896376792,0.00816640485551583,6.2459939923581,0.642477904452673
8,RR,25,SPOC-R,RT_Pronation_anti_R,0.408004129431631,0.4744214985616,0.882425627993231,0.00826421290259314,0.00892484385855757,6.23515152894449,0.634779405431524
8,RR,26,S1-R,RT_Pronation_anti_R,0.256524620794363,0.293047643447584,0.549572264241947,0.00624046657110809,0.0067907449107534,6.26884279665473,0.644439627087747
8,RR,27,M1-R,RT_Pronation_anti_R,0.216787288705592,0.38947459075089,0.606261879456482,0.00600934846702139,0.00647695143728026,6.2761657397338,0.640078552757227
8,RR,28,SMA-R,RT_Pronation_anti_R,0.742064665489268,0.643173463992861,1.38523812948213,0.0114379283061827,0.0123674807697635,6.16843948429077,0.598701432640936
8,RR,29,PMd-R,RT_Pronation_anti_R,0.521617156604903,0.644962288793279,1.16657944539818,0.00974969070630327,0.0104811696378627,6.20062473076512,0.611768240565045
8,RR,30,PMv-R,RT_Pronation_anti_R,0.21867877530246,0.176092796601083,0.394771571903543,0.00530943230252812,0.00576111300812147,6.29446282594562,0.64945159198307
8,RR,31,FEF-R,RT_Pronation_anti_R,0.188066465461227,0.222035086564425,0.410101552025651,0.00532562681863129,0.005776364470647,6.29128118426591,0.654156240556848
8,RR,32,POJ-R,RT_Pronation_anti_R,0.381719133645031,0.351098288355649,0.73281742200068,0.00713928004070118,0.00774034842046532,6.24949015337968,0.636792687359586
9,SJB,1,V1-L,RT_Pronation_anti_R,0.114005174650782,0.158290475793606,0.272295650444388,0.00377066646002715,0.00403641210438366,6.07498471081078,0.519009524300692
9,SJB,2,V3-L,RT_Pronation_anti_R,0.131521607919351,0.550997653065739,0.68251926098509,0.00528326263914393,0.00566398802826254,6.02738692766257,0.504289538152595
9,SJB,3,STS-L,RT_Pronation_anti_R,0.133585207601957,0.188503774294927,0.322088981896884,0.00389589785607182,0.00420384808077607,6.06494591196936,0.517378771979537
9,SJB,4,IPL-L,RT_Pronation_anti_R,0.266304671721159,0.325451795158021,0.59175646687918,0.00645237349449505,0.00692394006868884,6.01803349319852,0.509662342655043
9,SJB,5,SPL-L,RT_Pronation_anti_R,0.681925487718785,0.256934795712812,0.938860283431597,0.00827915874552562,0.00888559959836881,5.97819711460575,0.497501457272298
9,SJB,6,AG-L,RT_Pronation_anti_R,0.487705815484701,0.329519089639896,0.817224905124596,0.00790060580638407,0.00847040230156232,5.98478504550894,0.49845760676893
9,SJB,7,mIPS-L,RT_Pronation_anti_R,0.769636717410317,0.285802157392321,1.05543887480264,0.0086197731889487,0.00927422388500503,5.9666987864854,0.492238698902898
9,SJB,8,VIP-L,RT_Pronation_anti_R,0.169194930671162,0.204434070730057,0.37362900140122,0.00484320279166481,0.00518210867772576,6.05120431827434,0.515641763393854
9,SJB,9,SPOC-L,RT_Pronation_anti_R,0.417642653289289,0.22184862610703,0.639491279396319,0.00663014560835508,0.00712892695351108,6.01118726112473,0.505730515637625
9,SJB,10,S1-L,RT_Pronation_anti_R,0.326228598213318,0.37398178475579,0.700210382969108,0.00724538565399882,0.00776571068416622,6.0002663512453,0.505591923433843
9,SJB,11,M1-L,RT_Pronation_anti_R,0.513963753297947,0.37552541675189,0.889489170049837,0.00801579599402862,0.00858845242946396,5.97720574893014,0.485405621302538
9,SJB,12,SMA-L,RT_Pronation_anti_R,0.414158735027062,0.225141581022941,0.639300316050003,0.00603042505830072,0.00645151734033036,6.01633509065254,0.501795853586867
9,SJB,13,PMd-L,RT_Pronation_anti_R,0.527865928967076,0.325292254126193,0.853158183093269,0.00799093115594122,0.00855778862031241,5.98431331605947,0.494072372913978
9,SJB,14,PMv-L,RT_Pronation_anti_R,0.0502334237726186,0.302559908185052,0.352793331957671,0.00393418272356641,0.00420702442936308,6.07225082353762,0.519684921216325
9,SJB,15,FEF-L,RT_Pronation_anti_R,0.220363408261954,0.27876361326701,0.499127021528964,0.00559865572432046,0.00597286120108552,6.03219300870269,0.509808486626661
9,SJB,16,POJ-L,RT_Pronation_anti_R,0.596864124851508,0.27362413849888,0.870488263350388,0.00815710050526131,0.00873474561835518,5.97801669406413,0.494030533402088
9,SJB,17,V1-R,RT_Pronation_anti_R,0.168131028100438,0.316355394366734,0.484486422467172,0.00569825556713547,0.00609855222441139,6.03042238803507,0.511171483387973
9,SJB,18,V3-R,RT_Pronation_anti_R,0.129654949389277,0.351955549554402,0.481610498943679,0.0049113138340049,0.00529887238858048,6.04330003528217,0.509756279446246
9,SJB,19,STS-R,RT_Pronation_anti_R,0.124870671641672,0.317068345617692,0.441939017259364,0.00525752304487787,0.00564821817224949,6.04222824534537,0.515914954298571
9,SJB,20,IPL-R,RT_Pronation_anti_R,0.187560297899029,0.498951099768939,0.686511397667969,0.00604223773705733,0.00649453544949724,6.01709279313402,0.504309278972549
9,SJB,21,SPL-R,RT_Pronation_anti_R,0.318629668867012,0.18791120604549,0.506540874912501,0.00531999989556252,0.00573313451516192,6.0347615622892,0.510209209471267
9,SJB,22,AG-R,RT_Pronation_anti_R,0.213675718937912,0.691851412046136,0.905527130984048,0.00742009808895915,0.007956312170549,5.99299799893768,0.498121056866438
9,SJB,23,mIPS-R,RT_Pronation_anti_R,0.287563223597572,0.579813532976326,0.867376756573898,0.00757134706632742,0.00816326481917535,5.99168178390481,0.496483346699808
9,SJB,24,VIP-R,RT_Pronation_anti_R,0.373392376195379,0.369621045998407,0.743013422193786,0.00668692495762601,0.00716951437766858,6.00515016866467,0.499327786092997
9,SJB,25,SPOC-R,RT_Pronation_anti_R,0.465485065591939,0.338564185034106,0.804049250626045,0.00628602220432899,0.0067034887119665,6.0074819195982,0.498210533030164
9,SJB,26,S1-R,RT_Pronation_anti_R,0.200243815070524,0.242300556656814,0.442544371727338,0.00461396319639252,0.00496190206284464,6.04964423814114,0.509136892545047
9,SJB,27,M1-R,RT_Pronation_anti_R,0.330242078771696,0.392245829797153,0.722487908568849,0.00673642137634881,0.00722109130843669,6.00178172505592,0.490179535465411
9,SJB,28,SMA-R,RT_Pronation_anti_R,0.490051012791368,0.330701765546719,0.820752778338087,0.00798977366741015,0.0085617358272163,5.98576132709837,0.496560718500017
9,SJB,29,PMd-R,RT_Pronation_anti_R,0.278220846969969,0.304339059750979,0.582559906720948,0.00666009198016435,0.0071512310702918,6.01304578369002,0.508924776835456
9,SJB,30,PMv-R,RT_Pronation_anti_R,0.0929903025754238,0.213771369537426,0.30676167211285,0.00376853172511998,0.00408050811626408,6.07089387710487,0.521138689453825
9,SJB,31,FEF-R,RT_Pronation_anti_R,0.18415808570367,0.344463806870922,0.528621892574592,0.00599732872535908,0.00642070174209131,6.02767633676408,0.5124797880163
9,SJB,32,POJ-R,RT_Pronation_anti_R,0.837013036534513,0.346497123425971,1.18351015996048,0.00857336819204711,0.00919913051132778,5.95984106854082,0.485217293752965
10,BG,1,V1-L,RT_Pronation_anti_R,0.137391889303188,0.385617836829513,0.523009726132701,0.00513317509446801,0.00555049726211297,5.74674767157006,0.422097019326134
10,BG,2,V3-L,RT_Pronation_anti_R,0.183220579866853,0.497679364251649,0.680899944118502,0.00535776865571019,0.00582530732728555,5.73305301160759,0.413668165129949
10,BG,3,STS-L,RT_Pronation_anti_R,0.066860107342058,0.156138372276816,0.222998479618874,0.00286702829842534,0.00310602505499586,5.80466705308567,0.433448394430804
10,BG,4,IPL-L,RT_Pronation_anti_R,0.259119569782844,0.350950479142102,0.610070048924946,0.00567612683731689,0.00611448124968238,5.73145481009344,0.413202242321924
10,BG,5,SPL-L,RT_Pronation_anti_R,0.368464496058533,0.397834681640359,0.766299177698892,0.00498505184711599,0.00538446632041424,5.7332729907796,0.407172429198332
10,BG,6,AG-L,RT_Pronation_anti_R,0.290527750965015,0.241774719185804,0.53230247015082,0.00507825416293854,0.00550458865003544,5.74707342569398,0.418675042216131
10,BG,7,mIPS-L,RT_Pronation_anti_R,0.676244489060311,0.380049842101587,1.0562943311619,0.00714403845714304,0.00776398151962242,5.68135449936069,0.391608221557425
10,BG,8,VIP-L,RT_Pronation_anti_R,0.26135118245021,0.216925050897539,0.478276233347749,0.00498703215879118,0.0053788653649295,5.75204266708779,0.424477232331809
10,BG,9,SPOC-L,RT_Pronation_anti_R,0.285846775249377,0.211018926338672,0.496865701588049,0.00499676601963542,0.00544615196113635,5.7489230070421,0.422233218079743
10,BG,10,S1-L,RT_Pronation_anti_R,0.331615246092799,0.304957610002574,0.636572856095374,0.00642345664911561,0.00699045299378776,5.72139314471653,0.416883469640973
10,BG,11,M1-L,RT_Pronation_anti_R,0.50580290338392,0.349403250656248,0.855206154040168,0.00715291451503619,0.00774277518188065,5.69860792732864,0.401294953456226
10,BG,12,SMA-L,RT_Pronation_anti_R,0.277211356563324,0.306863234061563,0.584074590624887,0.00546760393433927,0.00589345581052224,5.73797571377126,0.416514495101065
10,BG,13,PMd-L,RT_Pronation_anti_R,0.172547991984511,0.39750864354836,0.570056635532871,0.00532179687440547,0.00575039078980401,5.73831719404903,0.419641480477833
10,BG,14,PMv-L,RT_Pronation_anti_R,0.0644239811538631,0.132364948565597,0.19678892971946,0.00292559117845291,0.00317018047398719,5.80572673433671,0.436975881131813
10,BG,15,FEF-L,RT_Pronation_anti_R,0.170620614908173,0.348665119912533,0.519285734820706,0.00543875696380375,0.00589296694819411,5.74054508207846,0.423075977707102
10,BG,16,POJ-L,RT_Pronation_anti_R,0.267393397726286,0.188698604660491,0.456092002386777,0.00413769447852447,0.00449355943647207,5.76985865305088,0.420767775408432
10,BG,17,V1-R,RT_Pronation_anti_R,0.131172291150951,0.196469315737971,0.327641606888922,0.00374647644520014,0.00406597939991813,5.78009085989878,0.430220088603176
10,BG,18,V3-R,RT_Pronation_anti_R,0.303166740322188,0.309328638863155,0.612495379185343,0.00552923136661486,0.0059922968038442,5.73246205025757,0.412907301666849
10,BG,19,STS-R,RT_Pronation_anti_R,0.106484233146028,0.17706265213359,0.283546885279618,0.00370227937478211,0.00404785869922443,5.78191068512579,0.433140954164932
10,BG,20,IPL-R,RT_Pronation_anti_R,0.316907412019809,0.168641129769173,0.485548541788982,0.00487256914834487,0.00529458354618457,5.75136598519666,0.424434502305933
10,BG,21,SPL-R,RT_Pronation_anti_R,0.230864704270158,0.201239756559797,0.432104460829954,0.00483350443519627,0.0052538190314869,5.75687138906287,0.427170684656145
10,BG,22,AG-R,RT_Pronation_anti_R,0.228440472277438,0.193055752070372,0.421496224347811,0.00486000400667352,0.00528664946183776,5.75322836086927,0.426758894259769
10,BG,23,mIPS-R,RT_Pronation_anti_R,0.398390603438848,0.117057726136007,0.515448329574855,0.00492239868265588,0.0053256616751648,5.74752929045922,0.422353465137203
10,BG,24,VIP-R,RT_Pronation_anti_R,0.45404795192069,0.218159317133855,0.672207269054545,0.0059661672070495,0.00644206760480178,5.72202004177405,0.411532360110541
10,BG,25,SPOC-R,RT_Pronation_anti_R,0.301552885916629,0.340258483046715,0.641811368963344,0.00602204507463026,0.00655962334901115,5.72700280476886,0.417383039436199
10,BG,26,S1-R,RT_Pronation_anti_R,0.222987183454997,0.178892690515105,0.401879873970102,0.00411479293237461,0.0044457366943931,5.76764031465025,0.426831652940894
10,BG,27,M1-R,RT_Pronation_anti_R,0.205203393764602,0.32592566041003,0.531129054174632,0.00457970165890205,0.00495571566464629,5.75418726561746,0.420566834765983
10,BG,28,SMA-R,RT_Pronation_anti_R,0.229041277718822,0.269475862468254,0.498517140187075,0.00519279375143645,0.00559866654975506,5.74704346777142,0.424782559195072
10,BG,29,PMd-R,RT_Pronation_anti_R,0.203684925590862,0.249378453503,0.453063379093862,0.00477850611951328,0.00519248614861716,5.7533437147117,0.426425918099993
10,BG,30,PMv-R,RT_Pronation_anti_R,0.0679611262606268,0.178619265862714,0.246580392123341,0.00318749349033686,0.00345267075458199,5.79701035215834,0.434762173997802
10,BG,31,FEF-R,RT_Pronation_anti_R,0.239449013572148,0.255750479661679,0.495199493233827,0.00518826285121082,0.00560781644033068,5.74463689888866,0.421809073196257
10,BG,32,POJ-R,RT_Pronation_anti_R,0.542833890069771,0.255064568843008,0.797898458912779,0.00634002685711493,0.00685833261731554,5.71413275605618,0.405999891745811
1,DOC,1,V1-L,RT_Down_pro_L,0.15962496594385,0.248865418807638,0.408490384751488,0.005608666554508,0.00595150720598865,6.22476749048464,0.539361929332942
1,DOC,2,V3-L,RT_Down_pro_L,0.160849243646368,0.190811766119184,0.351661009765552,0.00497072473781673,0.00526313946138078,6.23784131859926,0.54427321562783
1,DOC,3,STS-L,RT_Down_pro_L,0.0642715654392421,0.294707754599875,0.358979320039117,0.00448165606211059,0.00474866753409405,6.24678182165786,0.542607400601359
1,DOC,4,IPL-L,RT_Down_pro_L,0.977133937450501,0.274016177745534,1.25115011519604,0.00935675573065402,0.00988235831239032,6.13949643411912,0.506613326494025
1,DOC,5,SPL-L,RT_Down_pro_L,0.567483765773192,0.173306266238805,0.740790032011997,0.00724410357494247,0.00765518368960763,6.18725587532762,0.528144479966546
1,DOC,6,AG-L,RT_Down_pro_L,0.31987168612767,0.216039751748988,0.535911437876659,0.00645663762583976,0.00684363794389135,6.20615442580805,0.536103611830081
1,DOC,7,mIPS-L,RT_Down_pro_L,0.484335380253268,0.202785664785729,0.687121045038996,0.00750452560405357,0.00795665413598887,6.18325552827743,0.528328520499279
1,DOC,8,VIP-L,RT_Down_pro_L,0.626557640943182,0.315941386136862,0.942499027080045,0.00815135107688373,0.00859056754236208,6.17101987311136,0.518188993703869
1,DOC,9,SPOC-L,RT_Down_pro_L,0.464390476473439,0.371943506995576,0.836333983469016,0.00815245446520178,0.00864076084620917,6.16848262221187,0.515527067761356
1,DOC,10,S1-L,RT_Down_pro_L,0.3667528706783,0.763862649918623,1.13061552059692,0.00909348329072943,0.00961023591660718,6.15022583004524,0.512702341153208
1,DOC,11,M1-L,RT_Down_pro_L,0.335240137580652,0.944481363232317,1.27972150081297,0.010831987993209,0.0114674115656523,6.12626065498472,0.512041094991874
1,DOC,12,SMA-L,RT_Down_pro_L,0.306624140872048,0.479334083407409,0.785958224279457,0.00780254995458177,0.00826222921770599,6.17973259504842,0.522057063383764
1,DOC,13,PMd-L,RT_Down_pro_L,0.323516495358193,0.602980679783472,0.926497175141665,0.00864976227708084,0.00916132593655327,6.15822170330263,0.521566717772813
1,DOC,14,PMv-L,RT_Down_pro_L,0.0698645561442072,0.239264713423821,0.309129269568029,0.00401433060850119,0.00424899794614451,6.25702467423576,0.544751796191228
1,DOC,15,FEF-L,RT_Down_pro_L,0.19684670354641,0.317594534157246,0.514441237703656,0.0060384398484024,0.00639175043657557,6.21373227082759,0.534763972818195
1,DOC,16,POJ-L,RT_Down_pro_L,0.167967015188024,0.632170699552579,0.800137714740603,0.00715729364951039,0.0075897785620311,6.18751135894354,0.527265633474279
1,DOC,17,V1-R,RT_Down_pro_L,0.247204628131817,0.282917606449415,0.530122234581232,0.00668113079894102,0.00710024865824131,6.20245008123429,0.531549920506734
1,DOC,18,V3-R,RT_Down_pro_L,0.150111148583425,0.24458490027086,0.394696048854285,0.00496404250884382,0.00526454867083795,6.23525432723682,0.536733851688322
1,DOC,19,STS-R,RT_Down_pro_L,0.125238266019672,0.245769092194087,0.37100735821376,0.00496691779349304,0.00525755506106438,6.2381609146241,0.540851395981335
1,DOC,20,IPL-R,RT_Down_pro_L,0.271992313796061,0.259385690727097,0.531378004523159,0.00668923257015273,0.00707254780843771,6.20542928412228,0.533716490062709
1,DOC,21,SPL-R,RT_Down_pro_L,0.560639915311477,0.325447893514868,0.886087808826345,0.00806418237349361,0.00853121271475582,6.17355138487736,0.518872897868204
1,DOC,22,AG-R,RT_Down_pro_L,0.46429035412093,0.173101104118445,0.637391458239374,0.00664056307676379,0.00703089355626219,6.19983085319423,0.528776550594943
1,DOC,23,mIPS-R,RT_Down_pro_L,0.796266042343577,0.286867835823894,1.08313387816747,0.00917318685036794,0.00971943646916552,6.15004606805885,0.511499602015522
1,DOC,24,VIP-R,RT_Down_pro_L,0.397521571096973,0.409786078817795,0.807307649914768,0.00799126360595726,0.00846170689755704,6.17552556819039,0.523497471692931
1,DOC,25,SPOC-R,RT_Down_pro_L,0.634698377130669,0.302872040916259,0.937570418046928,0.00877187587317861,0.00928140641048682,6.15771689610616,0.515847538785318
1,DOC,26,S1-R,RT_Down_pro_L,0.230485183977393,0.508641567004543,0.739126750981936,0.00762348880610214,0.00808287948690131,6.18410600387902,0.527619425105335
1,DOC,27,M1-R,RT_Down_pro_L,0.390032561962926,0.368376311959275,0.758408873922201,0.00764475596672791,0.00809196370804107,6.18221882218916,0.520718762069056
1,DOC,28,SMA-R,RT_Down_pro_L,0.640056881181321,0.470497788778144,1.11055466995946,0.0105353492224764,0.0111568544307339,6.13290319226776,0.508013862285801
1,DOC,29,PMd-R,RT_Down_pro_L,0.276340174072685,0.554101945249353,0.830442119322038,0.00820818042010038,0.00869790113854819,6.17010896570292,0.520658571317995
1,DOC,30,PMv-R,RT_Down_pro_L,0.112259138114242,0.391182587939134,0.503441726053376,0.0054856863924375,0.00580702546250064,6.22389433756499,0.536694560280674
1,DOC,31,FEF-R,RT_Down_pro_L,0.195015813610642,0.427040884985643,0.622056698596285,0.00658614220096764,0.0069765419877648,6.2021444345415,0.530984015686571
1,DOC,32,POJ-R,RT_Down_pro_L,0.657898547314636,0.222701752784522,0.880600300099158,0.00797188354807648,0.00842520406042465,6.1741797112257,0.522353164258739
2,GB,1,V1-L,RT_Down_pro_L,0.115915934134247,0.158890214071358,0.274806148205604,0.00342754484098878,0.00371130997207204,5.7529319590643,0.44890583879163
2,GB,2,V3-L,RT_Down_pro_L,0.120873651318682,0.176351275868178,0.297224927186859,0.00359431818158935,0.00387700318847904,5.74992392289571,0.44970826773481
2,GB,3,STS-L,RT_Down_pro_L,0.0927584772950431,0.160251766832063,0.253010244127106,0.0030999868764047,0.00335079854643009,5.76315149214979,0.44953376508506
2,GB,4,IPL-L,RT_Down_pro_L,0.341640196982943,0.147249236876161,0.488889433859104,0.00473326547860649,0.00510876942517868,5.72097936443732,0.43454039322194
2,GB,5,SPL-L,RT_Down_pro_L,0.311702333101931,0.329334332456236,0.641036665558168,0.00641714438596835,0.00689002410068514,5.68921845278243,0.430368074609341
2,GB,6,AG-L,RT_Down_pro_L,0.359190339258832,0.252324975691826,0.611515314950658,0.00505615686043034,0.00541045042991548,5.70801817463157,0.426885854807179
2,GB,7,mIPS-L,RT_Down_pro_L,0.572137643087258,0.2644763624445,0.836614005531757,0.00688873843906568,0.00740942168502745,5.67129306910737,0.41889520376434
2,GB,8,VIP-L,RT_Down_pro_L,0.210691272619825,0.323234957150907,0.533926229770732,0.00543236497704415,0.00589954411244505,5.70738035677241,0.439252051888233
2,GB,9,SPOC-L,RT_Down_pro_L,0.40955284834424,0.539471870407593,0.949024718751833,0.00735085560843207,0.00795047657276879,5.66361197838916,0.424159309071934
2,GB,10,S1-L,RT_Down_pro_L,0.285182394048551,0.209659813760401,0.494842207808951,0.00534565192009082,0.00575830509960406,5.71321309450965,0.439250698290202
2,GB,11,M1-L,RT_Down_pro_L,0.399881308351252,0.305379132050573,0.705260440401826,0.00658698051218694,0.00707351619112364,5.68276633680538,0.428921350299474
2,GB,12,SMA-L,RT_Down_pro_L,0.453991098370686,0.288374740135786,0.742365838506472,0.00656914387589251,0.00706417866508791,5.68443926666928,0.426954662050879
2,GB,13,PMd-L,RT_Down_pro_L,0.10440606614799,0.171137138934966,0.275543205082956,0.00378684858643807,0.0041115456300206,5.74698781649142,0.452739263722926
2,GB,14,PMv-L,RT_Down_pro_L,0.069698607032069,0.258976400644132,0.328675007676201,0.00342560648935691,0.00371165046390087,5.75270195864625,0.445682739034719
2,GB,15,FEF-L,RT_Down_pro_L,0.142642125511915,0.187585834096011,0.330227959607926,0.00398558128850095,0.00434472652502316,5.73799608515511,0.44852486032362
2,GB,16,POJ-L,RT_Down_pro_L,0.861114416684566,0.503592315012083,1.36470673169665,0.0093240970329527,0.0100220231264539,5.61512357821791,0.387919676795311
2,GB,17,V1-R,RT_Down_pro_L,0.0844218108613774,0.129479109535519,0.213900920396896,0.00264367672158167,0.00286521656652784,5.77384856688323,0.453809016683992
2,GB,18,V3-R,RT_Down_pro_L,0.0544403680151096,0.128992536668855,0.183432904683964,0.00245268399210759,0.00265541024251328,5.78112183760449,0.454726684562147
2,GB,19,STS-R,RT_Down_pro_L,0.119872414976529,0.254479615277711,0.37435203025424,0.00402690568738023,0.00435149586130579,5.73633373764311,0.446829169219712
2,GB,20,IPL-R,RT_Down_pro_L,0.342412650842702,0.319581640335237,0.66199429117794,0.00600228256257259,0.00649518892396133,5.69199105275296,0.427199340979301
2,GB,21,SPL-R,RT_Down_pro_L,0.120334929164007,0.433128120759613,0.55346304992362,0.00453239477180472,0.00487017458242776,5.72564607347864,0.437118658275236
2,GB,22,AG-R,RT_Down_pro_L,0.270064838072113,0.405540983914918,0.675605821987032,0.00637831808956597,0.00690910969836425,5.68548727791002,0.433769911771397
2,GB,23,mIPS-R,RT_Down_pro_L,0.310511160856246,0.255342521270885,0.565853682127131,0.0060626002477751,0.00657836766226091,5.695108015673,0.434793033181649
2,GB,24,VIP-R,RT_Down_pro_L,0.239791952938423,0.550233011898094,0.790024964836518,0.00671447230276229,0.00722461192534964,5.67828543633045,0.429567115956485
2,GB,25,SPOC-R,RT_Down_pro_L,0.254997367568783,0.214767277967511,0.469764645536294,0.00509992684927938,0.0055080198503015,5.71342496000915,0.442089125353324
2,GB,26,S1-R,RT_Down_pro_L,0.383557605620295,0.189617067565165,0.57317467318546,0.00481409419060248,0.00519638400336365,5.71835180568026,0.435946726148345
2,GB,27,M1-R,RT_Down_pro_L,0.266178289679285,0.195471171119415,0.4616494607987,0.00431685419916381,0.00467456763884603,5.73079362891075,0.441481219446729
2,GB,28,SMA-R,RT_Down_pro_L,0.305037697007307,0.237614915298201,0.542652612305508,0.00493262562702123,0.00531453088536751,5.71288405771595,0.43260821157826
2,GB,29,PMd-R,RT_Down_pro_L,0.446265850394416,0.310280540863377,0.756546391257793,0.00639095368659767,0.00686209687498941,5.685579974747,0.420954525827892
2,GB,30,PMv-R,RT_Down_pro_L,0.0937417817261927,0.14807568987158,0.241817471597772,0.00321483411503292,0.0034873197981355,5.76035525164664,0.451969940276667
2,GB,31,FEF-R,RT_Down_pro_L,0.124062304215177,0.2020662132736,0.326128517488778,0.00373833915455334,0.00403872505300888,5.74681312166435,0.444417532809615
2,GB,32,POJ-R,RT_Down_pro_L,0.271380038509462,0.287488990684999,0.55886902919446,0.00583704535562709,0.00631581000319744,5.6983607174128,0.439128976941446
3,JDC,1,V1-L,RT_Down_pro_L,0.205919874558892,0.196951465173672,0.402871339732564,0.00498391151464531,0.00547384839101809,5.85275051536592,0.504599955718292
3,JDC,2,V3-L,RT_Down_pro_L,0.12641881288307,0.22977178972053,0.3561906026036,0.00424051430184366,0.0046370919976435,5.87325103919413,0.50913935539013
3,JDC,3,STS-L,RT_Down_pro_L,0.0941499998443919,0.1556293903921,0.249779390236492,0.00346484549540975,0.00381301669045265,5.89427130990412,0.511110065131569
3,JDC,4,IPL-L,RT_Down_pro_L,0.172894767207884,0.213791033250946,0.38668580045883,0.00385242799518295,0.00420610451852522,5.87918808219808,0.499761813471205
3,JDC,5,SPL-L,RT_Down_pro_L,0.512263226775212,0.2104119538182,0.722675180593412,0.00625912752391166,0.00686890645799716,5.82519505713932,0.491657891415136
3,JDC,6,AG-L,RT_Down_pro_L,0.16840891211603,0.190125976724774,0.358534888840804,0.00423609184538348,0.00463619023145977,5.87135492728845,0.503596493479968
3,JDC,7,mIPS-L,RT_Down_pro_L,0.581788043132107,0.217537266963826,0.799325310095932,0.0071554576817614,0.00787543766777122,5.80766313908808,0.490248956551357
3,JDC,8,VIP-L,RT_Down_pro_L,0.353592494819403,0.360691274526711,0.714283769346114,0.00670861272116113,0.00732499827166835,5.81855908557447,0.485080370335338
3,JDC,9,SPOC-L,RT_Down_pro_L,0.319144175050781,0.477387787482253,0.796531962533034,0.00663982348446749,0.0072714765486736,5.81665342694513,0.477983291500475
3,JDC,10,S1-L,RT_Down_pro_L,0.227962251476397,0.364843913098332,0.592806164574729,0.00521861542286308,0.00567228576287813,5.84287880088615,0.493488813286514
3,JDC,11,M1-L,RT_Down_pro_L,0.274484682471966,0.320592600039981,0.595077282511947,0.00530866094898029,0.00579526059126469,5.84025485840905,0.491682945118094
3,JDC,12,SMA-L,RT_Down_pro_L,0.391327909295709,0.340778341561162,0.732106250856871,0.00616025008607408,0.0067622835146187,5.82471183681754,0.48725204687492
3,JDC,13,PMd-L,RT_Down_pro_L,0.350114960197612,0.273080690513458,0.62319565071107,0.00563692414048005,0.00618217703445486,5.8335242142455,0.490898173092328
3,JDC,14,PMv-L,RT_Down_pro_L,0.0506416736749735,0.39452586106769,0.445167534742664,0.00415221617288446,0.00455342453508628,5.87184075428308,0.505994717657115
3,JDC,15,FEF-L,RT_Down_pro_L,0.246413176878235,0.340517049830293,0.586930226708528,0.00532702641283413,0.0058666987956517,5.8401664138253,0.491690056555942
3,JDC,16,POJ-L,RT_Down_pro_L,0.488155872564865,0.220262923774694,0.708418796339559,0.0057182354929509,0.00622482487749272,5.83417475807824,0.482394451581568
3,JDC,17,V1-R,RT_Down_pro_L,0.0987114142049315,0.349853494260818,0.448564908465749,0.00426577763032079,0.00465313353917967,5.87251487613409,0.499364364074721
3,JDC,18,V3-R,RT_Down_pro_L,0.218760927793354,0.163999034570207,0.382759962363561,0.00450594060519907,0.00492122406051282,5.86730353573474,0.505216447044873
3,JDC,19,STS-R,RT_Down_pro_L,0.110023557721558,0.157410624918698,0.267434182640256,0.00336926659198786,0.00369732229733194,5.89123308386799,0.510339700088987
3,JDC,20,IPL-R,RT_Down_pro_L,0.459612000670654,0.642396864449952,1.10200886512061,0.00763310811199223,0.00833816288021514,5.78247146225757,0.469298695864855
3,JDC,21,SPL-R,RT_Down_pro_L,0.742828134599662,0.430245757523311,1.17307389212297,0.00769880384419493,0.00839072697613128,5.78008551615111,0.467007504519589
3,JDC,22,AG-R,RT_Down_pro_L,0.191916148448178,0.224322073492342,0.416238221940521,0.00490821590983625,0.00535924613534453,5.86092867427594,0.498866421563235
3,JDC,23,mIPS-R,RT_Down_pro_L,0.544243170118141,0.133158696991288,0.67740186710943,0.00511405692131946,0.00555547608362279,5.84441839226459,0.488364783125657
3,JDC,24,VIP-R,RT_Down_pro_L,0.565646108719228,0.423127249927116,0.988773358646344,0.00726240591968402,0.00791879384610469,5.79972345289861,0.471440491724396
3,JDC,25,SPOC-R,RT_Down_pro_L,0.147465160340885,0.48242325706795,0.629888417408836,0.00558909862727398,0.00612924542581786,5.84010813793441,0.494947210679266
3,JDC,26,S1-R,RT_Down_pro_L,0.236987267463525,0.156885905898352,0.393873173361877,0.00447812538337565,0.00493630438203058,5.86445352158051,0.502741359350132
3,JDC,27,M1-R,RT_Down_pro_L,0.189675762380276,0.18498966271177,0.374665425092046,0.00445087452461912,0.00487880719202945,5.86663866095028,0.500253683713954
3,JDC,28,SMA-R,RT_Down_pro_L,0.487153458204585,0.377345096202828,0.864498554407413,0.00685387682263628,0.00750691770524593,5.80235914683786,0.476147244898411
3,JDC,29,PMd-R,RT_Down_pro_L,0.373243141776078,0.343290132393017,0.716533274169094,0.00666330602512803,0.00731021684316052,5.81295672108385,0.476818413741432
3,JDC,30,PMv-R,RT_Down_pro_L,0.0686816070728968,0.274350978393914,0.343032585466811,0.00359230047196127,0.0039452305429337,5.889168516383,0.502580868352571
3,JDC,31,FEF-R,RT_Down_pro_L,0.122507211094126,0.189244485509622,0.311751696603748,0.00357222491767625,0.003879615345943,5.88873999632211,0.502955351674338
3,JDC,32,POJ-R,RT_Down_pro_L,0.35537495404162,0.436568225347418,0.791943179389038,0.00635631749531137,0.00690995950350239,5.81858440343654,0.48201470306141
4,JFXD,1,V1-L,RT_Down_pro_L,0.172876816681343,0.198901863530606,0.371778680211949,0.00610028224485741,0.0064772988234125,6.92585061614586,0.833392190955754
4,JFXD,2,V3-L,RT_Down_pro_L,0.122381785537452,0.281920862245103,0.404302647782555,0.00560114414108993,0.00594920720048502,6.93309727172628,0.830411904195947
4,JFXD,3,STS-L,RT_Down_pro_L,0.139404849671805,0.466868617128309,0.606273466800114,0.00825708559870356,0.0087562027297084,6.89209173054215,0.825731441499537
4,JFXD,4,IPL-L,RT_Down_pro_L,0.825149627891299,0.363205643475064,1.18835527136636,0.0122642286389097,0.0130451222775129,6.82579492907055,0.800616106726385
4,JFXD,5,SPL-L,RT_Down_pro_L,0.815279906862623,0.577698421772071,1.39297832863469,0.0122598379369656,0.0130026146569796,6.81006947268778,0.777622103748153
4,JFXD,6,AG-L,RT_Down_pro_L,0.473311241158961,0.610621406566666,1.08393264772563,0.0105402819168558,0.0111047510783075,6.83927629048484,0.794814654739511
4,JFXD,7,mIPS-L,RT_Down_pro_L,0.996510517650704,0.429714957810359,1.42622547546106,0.0130701006698824,0.0139008607602021,6.80631428239322,0.785541560580962
4,JFXD,8,VIP-L,RT_Down_pro_L,0.830040687777791,0.459776411026533,1.28981709880432,0.0131406453723282,0.0139713998332858,6.81342858792745,0.79541301749698
4,JFXD,9,SPOC-L,RT_Down_pro_L,0.503694881470589,0.641884866732119,1.14557974820271,0.0112913668194328,0.0119196033789797,6.83461007581395,0.791770603019599
4,JFXD,10,S1-L,RT_Down_pro_L,0.523798818559334,0.289531368991282,0.813330187550616,0.00939490855361397,0.00992059690681641,6.86845269486712,0.807646017418662
4,JFXD,11,M1-L,RT_Down_pro_L,0.854132679247149,0.243735521984854,1.097868201232,0.0107945307239892,0.011425839989279,6.84231035061351,0.801243527554818
4,JFXD,12,SMA-L,RT_Down_pro_L,0.970296005384064,0.444989428396069,1.41528543378013,0.0135554389621741,0.0143884690355656,6.80537569633568,0.790085498994018
4,JFXD,13,PMd-L,RT_Down_pro_L,0.878318326294172,0.302375880025181,1.18069420631935,0.0118421491321562,0.0126180124381603,6.82875148415978,0.801576246761186
4,JFXD,14,PMv-L,RT_Down_pro_L,0.3106858537007,0.521123868868931,0.831809722569631,0.00854970690776895,0.00905947516377562,6.87534811311504,0.806139271626417
4,JFXD,15,FEF-L,RT_Down_pro_L,0.309216349122947,0.846255727376037,1.15547207649898,0.0104648818990513,0.0110727480189602,6.84026761307052,0.793523623932336
4,JFXD,16,POJ-L,RT_Down_pro_L,0.54048377857759,0.381033828620822,0.921517607198412,0.0101487898925766,0.0107685884433627,6.85702782869283,0.804495683341111
4,JFXD,17,V1-R,RT_Down_pro_L,0.223333666476208,0.167129691500151,0.390463357976359,0.00614601303904171,0.0065479402733857,6.924579281435,0.8319822600393
4,JFXD,18,V3-R,RT_Down_pro_L,0.136038930981065,0.378350946904734,0.514389877885798,0.00652955203016846,0.00693459174460061,6.91031414405796,0.825224867836067
4,JFXD,19,STS-R,RT_Down_pro_L,0.247462221407208,0.457422015866139,0.704884237273347,0.00797878576909781,0.00846213503650627,6.89144393543094,0.81140070782476
4,JFXD,20,IPL-R,RT_Down_pro_L,0.713670731112684,0.831800629304797,1.54547136041748,0.0146463525061395,0.0155692102142238,6.78912368916402,0.784715550044474
4,JFXD,21,SPL-R,RT_Down_pro_L,0.953689777455,0.467064810389873,1.42075458784487,0.0126234473124228,0.0133965699638499,6.81187367567732,0.793592511953017
4,JFXD,22,AG-R,RT_Down_pro_L,0.710321226518489,0.520998219760906,1.2313194462794,0.0110718939999699,0.0116906899916052,6.8314547396188,0.791943053476128
4,JFXD,23,mIPS-R,RT_Down_pro_L,0.859762048951241,0.342903351402693,1.20266540035393,0.0107187605737771,0.0113065768510149,6.83981244060014,0.798110949667888
4,JFXD,24,VIP-R,RT_Down_pro_L,0.732535634806577,0.714541702911174,1.44707733771775,0.0130224554952174,0.0138012367130333,6.80958154789966,0.788936916513382
4,JFXD,25,SPOC-R,RT_Down_pro_L,0.68641667199787,0.643744348404294,1.33016102040216,0.0132310763288087,0.01408542187779,6.80960326019073,0.79647868761733
4,JFXD,26,S1-R,RT_Down_pro_L,0.462741010256846,1.20621511410202,1.66895612435886,0.0142600734198721,0.0151195972031378,6.78397225213393,0.774345014131823
4,JFXD,27,M1-R,RT_Down_pro_L,0.558526704955558,1.31343193477754,1.8719586397331,0.0166030511569708,0.0176175710637407,6.76108161619208,0.773522425106298
4,JFXD,28,SMA-R,RT_Down_pro_L,0.854280536212533,0.456825498792137,1.31110603500467,0.0130777892818735,0.0138865689626268,6.81354429559202,0.79269711227546
4,JFXD,29,PMd-R,RT_Down_pro_L,0.227320024389294,1.6414335321289,1.8687535565182,0.0128399221713493,0.0136182641312121,6.7897338843559,0.779325763247449
4,JFXD,30,PMv-R,RT_Down_pro_L,0.168679378124059,0.578790077476516,0.747469455600575,0.00767196956719497,0.0081277722200412,6.8928322008428,0.815380988209046
4,JFXD,31,FEF-R,RT_Down_pro_L,0.20216973628826,0.508554536311749,0.71072427260001,0.00781210296174271,0.00825956922907303,6.88739322841357,0.814127439601406
4,JFXD,32,POJ-R,RT_Down_pro_L,0.908306579444906,0.621991920382688,1.53029849982759,0.0141642012165354,0.0150771455598619,6.78992838624189,0.786833167384683
5,JZ,1,V1-L,RT_Down_pro_L,0.177512643655578,0.147372100094652,0.324884743750229,0.00428611539878767,0.0045857685716989,5.76852822963751,0.410402543498196
5,JZ,2,V3-L,RT_Down_pro_L,0.183886644758676,0.202073684375246,0.385960329133921,0.00476060956725725,0.00510499848478427,5.7567088676476,0.408737810891462
5,JZ,3,STS-L,RT_Down_pro_L,0.101482916421745,0.201302470949016,0.302785387370761,0.00381630137934201,0.00407120609827516,5.77865033539556,0.413350626931243
5,JZ,4,IPL-L,RT_Down_pro_L,0.190216873305166,0.31870599974454,0.508922873049706,0.00527268631349738,0.00564988752181911,5.74120574794745,0.401517581289173
5,JZ,5,SPL-L,RT_Down_pro_L,0.496160489500586,0.28171825583914,0.777878745339726,0.00739985506875184,0.0079379686293933,5.69961402726801,0.392171240518661
5,JZ,6,AG-L,RT_Down_pro_L,0.253082788276553,0.256852819013916,0.509935607290469,0.00548881535390507,0.00587426903523666,5.74068292826776,0.404333944518627
5,JZ,7,mIPS-L,RT_Down_pro_L,0.406500476486267,0.236334311865805,0.642834788352073,0.00632272875500642,0.00674021230342335,5.72293060737981,0.39359091928942
5,JZ,8,VIP-L,RT_Down_pro_L,0.318471689486793,0.23900714197435,0.557478831461142,0.00525235129622666,0.00561811709777464,5.74175416797615,0.39570021391623
5,JZ,9,SPOC-L,RT_Down_pro_L,0.232378384649923,0.323411655758107,0.55579004040803,0.00547682644516024,0.00585028108806794,5.7388211833268,0.398388435478609
5,JZ,10,S1-L,RT_Down_pro_L,0.225362114945225,0.417698392914691,0.643060507859916,0.00562838560644111,0.00601109681752658,5.73303708918515,0.392712398309326
5,JZ,11,M1-L,RT_Down_pro_L,0.15049789923609,0.247020941640554,0.397518840876645,0.00421675176172859,0.00449636178098072,5.76714934334681,0.404860571150426
5,JZ,12,SMA-L,RT_Down_pro_L,0.373942389244459,0.445109414513462,0.819051803757921,0.00720436637376996,0.00772212903782257,5.70108467763051,0.387567311973059
5,JZ,13,PMd-L,RT_Down_pro_L,0.318002427061201,0.286588816283325,0.604591243344526,0.00569678289792462,0.00609068528711938,5.73257810556294,0.392126853587661
5,JZ,14,PMv-L,RT_Down_pro_L,0.0665425763014993,0.225315316726265,0.291857893027764,0.00354767466757378,0.00379716907999392,5.78627508277895,0.41338430448271
5,JZ,15,FEF-L,RT_Down_pro_L,0.110635829460224,0.202247918862083,0.312883748322307,0.00388815192143189,0.00416451152040677,5.77458711635202,0.407406348230867
5,JZ,16,POJ-L,RT_Down_pro_L,0.177066340147342,0.201748991900473,0.378815332047815,0.0047318395294527,0.00507648371348852,5.75536118032192,0.40984021733623
5,JZ,17,V1-R,RT_Down_pro_L,0.174879980800429,0.193247291299115,0.368127272099544,0.0043469425061375,0.00464551112846495,5.76435550989627,0.407528516756957
5,JZ,18,V3-R,RT_Down_pro_L,0.281895131622422,0.175907962933512,0.457803094555933,0.00488783165274096,0.00522955823727181,5.75059662392551,0.401069093615248
5,JZ,19,STS-R,RT_Down_pro_L,0.112788780870619,0.172346326292854,0.285135107163472,0.00334874103730143,0.00360128096348893,5.78729845109187,0.410292900243663
5,JZ,20,IPL-R,RT_Down_pro_L,0.400898175038112,0.173453303959451,0.574351478997563,0.0057290494709268,0.00612824233751495,5.73103992524891,0.399509347314339
5,JZ,21,SPL-R,RT_Down_pro_L,0.189683777211731,0.537461082341162,0.727144859552893,0.00604787656367943,0.00645165804132377,5.71856440405617,0.395125725056716
5,JZ,22,AG-R,RT_Down_pro_L,0.394148962004396,0.354650613040019,0.748799575044414,0.00588636815950868,0.00628176374444945,5.71574175401648,0.384810555311889
5,JZ,23,mIPS-R,RT_Down_pro_L,0.283006417654211,0.260554774344746,0.543561191998956,0.00534534880896485,0.00572417843516565,5.73480249598385,0.39931549731112
5,JZ,24,VIP-R,RT_Down_pro_L,0.524237078418341,0.194582999152178,0.718820077570519,0.00682486822029866,0.00730105586044959,5.70844799275906,0.394871852404055
5,JZ,25,SPOC-R,RT_Down_pro_L,0.330643594842157,0.221167443140151,0.551811037982308,0.00487655611301622,0.00519748174173,5.7485857842599,0.394503107586567
5,JZ,26,S1-R,RT_Down_pro_L,0.162107579427901,0.208507434539851,0.370615013967752,0.00440823037950133,0.00472163168566473,5.7644038223391,0.409478939879165
5,JZ,27,M1-R,RT_Down_pro_L,0.239053046891673,0.206661113656737,0.44571416054841,0.00506359294854884,0.00541129443864577,5.74994744380513,0.405492202072151
5,JZ,28,SMA-R,RT_Down_pro_L,0.391523775677188,0.391581520612331,0.783105296289519,0.0071383290952902,0.00761013286866116,5.70481284065233,0.388470729815981
5,JZ,29,PMd-R,RT_Down_pro_L,0.138865981292442,0.168392479150718,0.30725846044316,0.0038366831877649,0.00410947842317863,5.77641470237217,0.411336156764088
5,JZ,30,PMv-R,RT_Down_pro_L,0.119509837235094,0.18041516770385,0.299925004938944,0.00352666518843935,0.00376364067105759,5.78241036611055,0.407436566507841
5,JZ,31,FEF-R,RT_Down_pro_L,0.147797974203649,0.268005612562142,0.415803586765791,0.00478801251327439,0.00511175412294665,5.75549832157965,0.408824754047563
5,JZ,32,POJ-R,RT_Down_pro_L,0.467180122655179,0.200519341598426,0.667699464253604,0.00565275493894974,0.00606504168466948,5.73204211336019,0.39731669175587
6,LT,1,V1-L,RT_Down_pro_L,0.104766505325429,0.186768829158022,0.29153533448345,0.00416670193682807,0.00439513659846994,6.06105915086525,0.480881894387495
6,LT,2,V3-L,RT_Down_pro_L,0.140693650627716,0.371154295332002,0.511847945959718,0.00595613021881732,0.00627884009488592,6.02272332134811,0.468796842160002
6,LT,3,STS-L,RT_Down_pro_L,0.0696685455057609,0.292721376371275,0.362389921877036,0.00408208032575428,0.00430093424022874,6.05802556078756,0.475758704445276
6,LT,4,IPL-L,RT_Down_pro_L,0.529824727427529,0.308803971288199,0.838628698715727,0.00775707111645192,0.00820483080920453,5.98165213791969,0.455808015472836
6,LT,5,SPL-L,RT_Down_pro_L,0.491384943695069,0.442093457139435,0.933478400834504,0.00860015160759579,0.00904635295670474,5.96848764820198,0.453644258970877
6,LT,6,AG-L,RT_Down_pro_L,0.222482672721727,0.432740977886074,0.655223650607801,0.0067183805301911,0.00708715832527044,6.00611643007651,0.465058176573288
6,LT,7,mIPS-L,RT_Down_pro_L,0.328321539519243,0.39147045858028,0.719791998099523,0.00674884700056031,0.00710300774983809,6.00378437188845,0.459766722401276
6,LT,8,VIP-L,RT_Down_pro_L,0.53444745299554,0.238180285365877,0.772627738361417,0.00774141483652061,0.00818466701017328,5.98676667136927,0.461471449441121
6,LT,9,SPOC-L,RT_Down_pro_L,0.452636439491069,0.174022456166321,0.62665889565739,0.00675487330739427,0.00714497190314199,6.00546588121636,0.4672637405154
6,LT,10,S1-L,RT_Down_pro_L,0.17338271937578,0.525332754206329,0.698715473582109,0.00613301532818757,0.00647416898429087,6.00910022539727,0.462657222482936
6,LT,11,M1-L,RT_Down_pro_L,0.246825913563663,0.394237621386645,0.641063534950308,0.00687373119448972,0.00724797888132118,6.00178691049261,0.462878304405013
6,LT,12,SMA-L,RT_Down_pro_L,0.337479107054583,0.444778027392772,0.782257134447356,0.00803745314150709,0.00849178779961361,5.98252364027,0.460152975511047
6,LT,13,PMd-L,RT_Down_pro_L,0.162610963769616,0.320988251345199,0.483599215114815,0.00606363998821585,0.00641102672238307,6.0211013326804,0.474133032251606
6,LT,14,PMv-L,RT_Down_pro_L,0.0545542678006286,0.270843794779124,0.325398062579752,0.00375525636694331,0.0039563431741201,6.06606028240682,0.478521131528543
6,LT,15,FEF-L,RT_Down_pro_L,0.106365702204823,0.248534072912723,0.354899775117546,0.0044995554451959,0.00474215070227433,6.05385108661727,0.478467084173025
6,LT,16,POJ-L,RT_Down_pro_L,0.500203320838279,0.123413040463266,0.623616361301546,0.00631352059016704,0.00667262233584399,6.01157442122993,0.468162310322398
6,LT,17,V1-R,RT_Down_pro_L,0.139247994779171,0.247667638775846,0.386915633555017,0.00481975819133367,0.00509060724396151,6.04407515956094,0.476880939311155
6,LT,18,V3-R,RT_Down_pro_L,0.132248654686277,0.217156408058229,0.349405062744506,0.00481961646751381,0.00507181375280711,6.04714893504482,0.478720540440538
6,LT,19,STS-R,RT_Down_pro_L,0.087936465254893,0.252352065081046,0.340288530335939,0.00415980581504659,0.00439985512545333,6.05742244744874,0.47510835704421
6,LT,20,IPL-R,RT_Down_pro_L,0.558024427698024,0.395108689261735,0.953133116959759,0.00787490114077896,0.00828316243364247,5.98036349896816,0.448985371796142
6,LT,21,SPL-R,RT_Down_pro_L,0.730041937277561,0.351816350588694,1.08185828786625,0.00967520298782966,0.0102580942111454,5.94885902387017,0.442356455154246
6,LT,22,AG-R,RT_Down_pro_L,0.220564391379772,0.431323960553328,0.6518883519331,0.00674926044293175,0.00714238175041067,6.00650426303105,0.464614153418258
6,LT,23,mIPS-R,RT_Down_pro_L,0.617225012251133,0.330110993747492,0.947336005998625,0.00894912429022706,0.00947018959800815,5.96371373884265,0.453111794824474
6,LT,24,VIP-R,RT_Down_pro_L,0.930129480210999,0.403339935619623,1.33346941583062,0.00980109282249582,0.0103049437669327,5.93649321583883,0.42780732223358
6,LT,25,SPOC-R,RT_Down_pro_L,0.247521569030818,0.320278545874168,0.567800114904986,0.00649615625205862,0.00688430925134047,6.00892637989035,0.470770136673773
6,LT,26,S1-R,RT_Down_pro_L,0.357469869553002,0.390651211461885,0.748121081014887,0.00696783664726949,0.00735110857252507,5.99682264672013,0.452761770574514
6,LT,27,M1-R,RT_Down_pro_L,0.344385413124468,0.252636272210761,0.597021685335229,0.00671952293658697,0.00709241570087289,5.999836883434,0.455573444984647
6,LT,28,SMA-R,RT_Down_pro_L,0.419883346133455,0.24624198265079,0.666125328784245,0.00706083940907677,0.00745001552324941,5.99654052776419,0.465071220121387
6,LT,29,PMd-R,RT_Down_pro_L,0.186085169532463,0.462971368514068,0.649056538046532,0.00678865350065406,0.00718795727873409,6.00256708172702,0.467480111629788
6,LT,30,PMv-R,RT_Down_pro_L,0.0817292572094562,0.248757504407793,0.33048676161725,0.00432613151697801,0.00456198004252141,6.05503955258348,0.477834780659693
6,LT,31,FEF-R,RT_Down_pro_L,0.1579792746119,0.28462959822043,0.44260887283233,0.00472475453083068,0.00497543518122406,6.04361484713944,0.468012769519534
6,LT,32,POJ-R,RT_Down_pro_L,0.53248594576693,0.197480485617344,0.729966431384274,0.00717567180452093,0.00762035519405767,5.99229647552714,0.463423086881109
7,NvA,1,V1-L,RT_Down_pro_L,0.106209112792696,0.149071403672411,0.255280516465106,0.00342440407500986,0.00373196988248436,5.75525131850823,0.461732094650421
7,NvA,2,V3-L,RT_Down_pro_L,0.0847386073177367,0.23821466291409,0.322953270231827,0.0033732086649915,0.00366401253898936,5.755172438756,0.456189804304373
7,NvA,3,STS-L,RT_Down_pro_L,0.09109919350579,0.251886637846091,0.342985831351881,0.0035585925803031,0.00385235446505084,5.75046557699801,0.453150279856399
7,NvA,4,IPL-L,RT_Down_pro_L,0.701310990470222,0.38314887156769,1.08445986203791,0.00823143600928687,0.00890310769830733,5.64138311423224,0.407753590376982
7,NvA,5,SPL-L,RT_Down_pro_L,0.253100713861335,0.528554979263547,0.781655693124882,0.0062019928678844,0.00668883962738363,5.67840449805928,0.42865581256983
7,NvA,6,AG-L,RT_Down_pro_L,0.185656169453618,0.310798545456761,0.496454714910378,0.00481995860865321,0.00521230315113093,5.71929752887693,0.446316105653297
7,NvA,7,mIPS-L,RT_Down_pro_L,0.481432626838035,0.202502858852458,0.683935485690493,0.00589891126418084,0.00638606129205691,5.69584063538718,0.443501809557388
7,NvA,8,VIP-L,RT_Down_pro_L,0.230710063864288,0.250417934490131,0.481127998354419,0.00506516995209553,0.00549492070765271,5.71771652662958,0.444387740483103
7,NvA,9,SPOC-L,RT_Down_pro_L,0.262748087965982,0.274126116918076,0.536874204884058,0.00559531290669405,0.00608045056804468,5.70275328260901,0.447892642694824
7,NvA,10,S1-L,RT_Down_pro_L,0.444313065573305,0.396632244361527,0.840945309934831,0.007097262708518,0.0076736732027801,5.66838887149323,0.432598128477133
7,NvA,11,M1-L,RT_Down_pro_L,0.213785470493542,0.444284778737193,0.658070249230734,0.0054037596578445,0.00585971089249292,5.70167125343011,0.440106933014519
7,NvA,12,SMA-L,RT_Down_pro_L,0.223309032220406,0.191289907535641,0.414598939756047,0.00468958327515787,0.00511350744396385,5.72285988958721,0.455224671820414
7,NvA,13,PMd-L,RT_Down_pro_L,0.250459414237664,0.310436334786681,0.560895749024346,0.00539023070969758,0.00584268915028283,5.707211552164,0.445675530970029
7,NvA,14,PMv-L,RT_Down_pro_L,0.0818048859754214,0.170988156400413,0.252793042375835,0.00308650474108038,0.00334319756696588,5.7641442269507,0.459812070800678
7,NvA,15,FEF-L,RT_Down_pro_L,0.245628025926716,0.176186013504628,0.421814039431344,0.00449576778246351,0.00489515826000904,5.72726570724094,0.45184060141194
7,NvA,16,POJ-L,RT_Down_pro_L,0.227259053008613,0.185482335844214,0.412741388852827,0.00445692115393004,0.00485198978665269,5.72881496891606,0.45281412729436
7,NvA,17,V1-R,RT_Down_pro_L,0.0567331800754669,0.12689410053251,0.183627280607977,0.00257986656749649,0.00281188851495485,5.78069952720596,0.463672417009481
7,NvA,18,V3-R,RT_Down_pro_L,0.182491395176917,0.17635325926649,0.358844654443407,0.00381119283631976,0.00414149768743488,5.74211496615431,0.453072470770383
7,NvA,19,STS-R,RT_Down_pro_L,0.134087518824133,0.185155742552975,0.319243261377108,0.00369085368163839,0.0040323753198755,5.74576622575932,0.457796595507592
7,NvA,20,IPL-R,RT_Down_pro_L,0.149622386214348,0.274599807574454,0.424222193788802,0.00463823347734931,0.00503501420111624,5.72620718297394,0.45445504096657
7,NvA,21,SPL-R,RT_Down_pro_L,0.41708010610037,0.320001900646051,0.737082006746421,0.00618529521763209,0.00668804024576445,5.68723832333446,0.432855824075759
7,NvA,22,AG-R,RT_Down_pro_L,0.273947706724996,0.26194333887625,0.535891045601245,0.00495640764555697,0.00538189867920773,5.71344234541606,0.439832077598423
7,NvA,23,mIPS-R,RT_Down_pro_L,0.531314265095775,0.23780481031983,0.769119075415605,0.00619534277041118,0.0067079180269954,5.68414309981632,0.429347545367255
7,NvA,24,VIP-R,RT_Down_pro_L,0.249924717274132,0.450276716559827,0.700201433833959,0.0060958706664251,0.00662907458330492,5.69052279977193,0.443294698479598
7,NvA,25,SPOC-R,RT_Down_pro_L,0.301804704010663,0.402834087941736,0.704638791952399,0.00546993817214146,0.00593887314927859,5.69712750851461,0.43642201990311
7,NvA,26,S1-R,RT_Down_pro_L,0.244649884139415,0.177736461467274,0.422386345606688,0.00445683214803002,0.00483204229994528,5.72967395140795,0.447530708165941
7,NvA,27,M1-R,RT_Down_pro_L,0.340458072038152,0.241523630964943,0.581981703003095,0.0052039124963941,0.00563964004178534,5.70933833978133,0.44052987132654
7,NvA,28,SMA-R,RT_Down_pro_L,0.222282197713697,0.275519526987493,0.49780172470119,0.00524507935927898,0.00568115332476899,5.71222382677717,0.448268553686152
7,NvA,29,PMd-R,RT_Down_pro_L,0.506059186444904,0.342597222693727,0.848656409138631,0.006554450035812,0.00712355895320328,5.66979644435889,0.422818720015138
7,NvA,30,PMv-R,RT_Down_pro_L,0.0394780536686601,0.192084631415496,0.231562685084157,0.00263526000674973,0.00286970573925286,5.77681933204079,0.460863515289388
7,NvA,31,FEF-R,RT_Down_pro_L,0.292096881541903,0.222197184823209,0.514294066365112,0.00439537442146583,0.00475621777506724,5.7237687155986,0.442325850642632
7,NvA,32,POJ-R,RT_Down_pro_L,0.499350108595275,0.173400672370357,0.672750780965633,0.00527410424752659,0.00574145402355589,5.70256148442181,0.438295029832427
8,RR,1,V1-L,RT_Down_pro_L,0.207871989935126,0.554015961268006,0.761887951203131,0.00562234868557361,0.00611138378945837,5.73737387420065,0.467994689372828
8,RR,2,V3-L,RT_Down_pro_L,0.0622211565449392,0.254237998557893,0.316459155102832,0.00346954280422436,0.0038275678291385,5.79249353194258,0.485820329808199
8,RR,3,STS-L,RT_Down_pro_L,0.0943209146738116,0.291898010718414,0.386218925392226,0.00395105164991052,0.00430385255113877,5.77956347316693,0.481426602421335
8,RR,4,IPL-L,RT_Down_pro_L,0.696706785694135,0.162023920440387,0.858730706134522,0.00641116306287821,0.00702094050899867,5.71712719642213,0.465245541488851
8,RR,5,SPL-L,RT_Down_pro_L,0.36612182695538,0.600669511627265,0.966791338582645,0.00685179838106648,0.00745909794913132,5.70965943583546,0.460131328019432
8,RR,6,AG-L,RT_Down_pro_L,0.310576474384286,0.216281312587272,0.526857786971558,0.00517112397845562,0.0056459255748362,5.75123736773946,0.476612230589771
8,RR,7,mIPS-L,RT_Down_pro_L,0.708907888532987,0.352705891042924,1.06161377957591,0.00744527728380888,0.00810499762633603,5.69367353534667,0.447132685594322
8,RR,8,VIP-L,RT_Down_pro_L,0.397835218692138,0.197181305766665,0.595016524458803,0.00527820317944059,0.00575389058839199,5.74685391699849,0.473108234455095
8,RR,9,SPOC-L,RT_Down_pro_L,0.417976476197543,0.468763420440372,0.886739896637915,0.00660920270677413,0.00722650757137348,5.70760548588392,0.44996404466356
8,RR,10,S1-L,RT_Down_pro_L,0.551268331403086,0.137681941891706,0.688950273294792,0.00564713077394429,0.0061944378068861,5.73886886159534,0.472007829863001
8,RR,11,M1-L,RT_Down_pro_L,0.396032752515707,0.150043654165326,0.546076406681033,0.00495326389350144,0.00544850355570136,5.75300162448166,0.476573722927706
8,RR,12,SMA-L,RT_Down_pro_L,0.536691457414211,0.32459522781718,0.861286685231391,0.00762434154680401,0.00837742703081439,5.7005156352438,0.456370763087673
8,RR,13,PMd-L,RT_Down_pro_L,0.310644150110522,0.239421876525337,0.55006602663586,0.00499311067842057,0.00544094434048717,5.75128284472232,0.467544700136186
8,RR,14,PMv-L,RT_Down_pro_L,0.0749291080631745,0.171421388129824,0.246350496192999,0.00307415037125484,0.00336329145088393,5.80323895295943,0.492189892451801
8,RR,15,FEF-L,RT_Down_pro_L,0.200620454581992,0.27005559665585,0.470676051237842,0.00466776877667844,0.00512403841649298,5.76057010729215,0.479942414822043
8,RR,16,POJ-L,RT_Down_pro_L,0.373197997028269,0.239965443683495,0.613163440711765,0.00551041527286816,0.00599690925730172,5.74629481951639,0.473910589815738
8,RR,17,V1-R,RT_Down_pro_L,0.147898933496488,0.424075319928829,0.571974253425317,0.00506375869067503,0.00553910720523105,5.75146164021371,0.477376259598761
8,RR,18,V3-R,RT_Down_pro_L,0.13038855994036,0.251513845713367,0.381902405653727,0.00421159200543503,0.00460935225220709,5.7744887765926,0.482382168415318
8,RR,19,STS-R,RT_Down_pro_L,0.0650189012150567,0.116046201967446,0.181065103182503,0.00240979820545445,0.00265208211928119,5.82217317852345,0.492537549924003
8,RR,20,IPL-R,RT_Down_pro_L,0.267166722599226,0.304906583544936,0.572073306144162,0.00504594767252872,0.00555100905053522,5.74063438765978,0.458491486352899
8,RR,21,SPL-R,RT_Down_pro_L,0.181055266243887,0.341580340163026,0.522635606406913,0.00510478005031608,0.00560879209237349,5.75356195801584,0.478062547204179
8,RR,22,AG-R,RT_Down_pro_L,0.18442885104406,0.249832493739689,0.434261344783749,0.00442450961594618,0.00484213240595952,5.76402707290257,0.479208043476318
8,RR,23,mIPS-R,RT_Down_pro_L,0.140535531832673,0.351300758445375,0.491836290278047,0.00472033718499494,0.00518986695584486,5.76200010845845,0.480794650325052
8,RR,24,VIP-R,RT_Down_pro_L,0.2077488806368,0.174494889293388,0.382243769930188,0.00428530879664312,0.00470787489815647,5.77288367382873,0.486472170517073
8,RR,25,SPOC-R,RT_Down_pro_L,0.202951555561883,0.516182331617909,0.719133887179792,0.00596226455154687,0.00651699785813447,5.72940895595095,0.466617619069328
8,RR,26,S1-R,RT_Down_pro_L,0.17840882988981,0.208715097875604,0.387123927765414,0.00386107584906603,0.00422199161436108,5.77381206074226,0.477002767028853
8,RR,27,M1-R,RT_Down_pro_L,0.116603708388418,0.210509227890567,0.327112936278985,0.0039928352050442,0.00438564283233531,5.78099195899657,0.485018793856148
8,RR,28,SMA-R,RT_Down_pro_L,0.535100176423752,0.301158746147982,0.836258922571733,0.00719924508852072,0.00789819782669783,5.70263960958691,0.461275978147289
8,RR,29,PMd-R,RT_Down_pro_L,0.416212068859475,0.313443526473469,0.729655595332944,0.006416602654307,0.00700356390509173,5.71803576332131,0.449427992940293
8,RR,30,PMv-R,RT_Down_pro_L,0.0725064616052635,0.152319678251208,0.224826139856471,0.00286132875377526,0.00315188666071629,5.80594120443002,0.492296483980425
8,RR,31,FEF-R,RT_Down_pro_L,0.202484658149477,0.170397917534402,0.372882575683879,0.00368120043639572,0.00403529710200273,5.77898739743083,0.475214253621124
8,RR,32,POJ-R,RT_Down_pro_L,0.261645679263976,0.2986383479728,0.560284027236777,0.00501982673784911,0.00546986798902126,5.75236218887109,0.473002831808984
9,SJB,1,V1-L,RT_Down_pro_L,0.131961072558668,0.382978590083215,0.514939662641883,0.00441343116850529,0.00479479064363824,5.94977986522471,0.546796209369713
9,SJB,2,V3-L,RT_Down_pro_L,0.191989213773695,0.502374672776716,0.694363886550411,0.00551251038331652,0.00600351660509409,5.92778061834599,0.539935546440867
9,SJB,3,STS-L,RT_Down_pro_L,0.100693951762789,0.402552886714419,0.503246838477208,0.0043898001667486,0.0047621064484835,5.95757606417424,0.550500628390499
9,SJB,4,IPL-L,RT_Down_pro_L,0.65829404054613,0.235905511928824,0.894199552474954,0.00712848526803684,0.00780343087294293,5.89082918668926,0.528496054064713
9,SJB,5,SPL-L,RT_Down_pro_L,0.491263720400507,0.447276387303482,0.938540107703989,0.0079602603476623,0.00866517481428065,5.87992060022025,0.526831013008003
9,SJB,6,AG-L,RT_Down_pro_L,0.311921886051623,0.373032187979493,0.684954074031116,0.00601579793868671,0.00656840974722555,5.92138415605263,0.538665690859945
9,SJB,7,mIPS-L,RT_Down_pro_L,0.426436912257357,0.335181511984828,0.761618424242185,0.00687476251998002,0.00745238779555026,5.90124717432443,0.526172574281485
9,SJB,8,VIP-L,RT_Down_pro_L,0.55178757274346,0.322016571285706,0.873804144029166,0.00701453323326251,0.00764080323979272,5.8977272820475,0.523211633297629
9,SJB,9,SPOC-L,RT_Down_pro_L,0.791312472799991,0.34280690990102,1.13411938270101,0.00870064341854406,0.00952331776202525,5.85827214328689,0.518085502960958
9,SJB,10,S1-L,RT_Down_pro_L,0.160871874218676,0.347055598444433,0.507927472663109,0.00485886416441377,0.00525546913100786,5.9473215794702,0.542483758975002
9,SJB,11,M1-L,RT_Down_pro_L,0.650523284698821,0.341871523921702,0.992394808620524,0.00737678594183462,0.00803312664344285,5.88258619983062,0.518091365380069
9,SJB,12,SMA-L,RT_Down_pro_L,0.589846934472122,0.41404847921087,1.00389541368299,0.00765996495891447,0.00834951250761753,5.87506019720049,0.511063815536938
9,SJB,13,PMd-L,RT_Down_pro_L,0.414592467120221,0.392469224786183,0.807061691906405,0.00701740100621571,0.00764089127172414,5.90040855340454,0.525831414228536
9,SJB,14,PMv-L,RT_Down_pro_L,0.0482283943024642,0.272262259086513,0.320490653388978,0.0032133900638288,0.00352327968685696,5.98726543627357,0.558164133212061
9,SJB,15,FEF-L,RT_Down_pro_L,0.13414807186915,0.281138788590151,0.415286860459301,0.00445701334294,0.00486071854303499,5.95683660581953,0.549285112895468
9,SJB,16,POJ-L,RT_Down_pro_L,0.684250518631135,0.276275330696039,0.960525849327175,0.00772703444480105,0.00845470799402071,5.88442977508345,0.533125096489493
9,SJB,17,V1-R,RT_Down_pro_L,0.111152305077655,0.499623637258918,0.610775942336573,0.00494628262484701,0.00539839740053445,5.94461335057487,0.545240129123049
9,SJB,18,V3-R,RT_Down_pro_L,0.141086762855388,0.296930064178787,0.438016827034175,0.00469781982559366,0.00511930979198905,5.95151160052863,0.552626044815447
9,SJB,19,STS-R,RT_Down_pro_L,0.113972382420541,0.203797490684257,0.317769873104798,0.00384009243564619,0.00418254310615687,5.96992141229274,0.554176912388476
9,SJB,20,IPL-R,RT_Down_pro_L,0.187770028530822,0.211622248990513,0.399392277521335,0.00488816784177621,0.00534872889585169,5.94938268463053,0.551719796244207
9,SJB,21,SPL-R,RT_Down_pro_L,0.368895937648723,0.298332414173888,0.667228351822611,0.00651071738170361,0.00705514931829784,5.91533177766567,0.538264765742432
9,SJB,22,AG-R,RT_Down_pro_L,0.384956909300598,0.317582661750144,0.702539571050742,0.00668843190000409,0.00729341270958975,5.90933932058981,0.53990964587511
9,SJB,23,mIPS-R,RT_Down_pro_L,0.394419050506691,0.36151934717198,0.755938397678671,0.00671095439333543,0.00731034186087458,5.9068146757301,0.533381212779046
9,SJB,24,VIP-R,RT_Down_pro_L,0.34323549929629,0.344434683575698,0.687670182871988,0.00679851585791134,0.00742159799474498,5.90525896487851,0.539528203156859
9,SJB,25,SPOC-R,RT_Down_pro_L,0.322278471495338,0.346242632260485,0.668521103755824,0.0057634788537706,0.00622834669474453,5.92594307815608,0.530648657161435
9,SJB,26,S1-R,RT_Down_pro_L,0.0924765209398624,0.176814875072564,0.269291396012426,0.00339464648292324,0.00370508079329449,5.98362590897332,0.555965057855758
9,SJB,27,M1-R,RT_Down_pro_L,0.146534455898593,0.234014265439845,0.380548721338439,0.00411536115768223,0.00449138085301356,5.9646264256053,0.547139017015822
9,SJB,28,SMA-R,RT_Down_pro_L,0.361932703689307,0.204536841998681,0.566469545687989,0.00531980941530902,0.00583201681063436,5.93430348907634,0.542704765009732
9,SJB,29,PMd-R,RT_Down_pro_L,0.276549951416245,0.231694283120416,0.50824423453666,0.00514635124624447,0.00563079789486945,5.93749094879533,0.53826553417284
9,SJB,30,PMv-R,RT_Down_pro_L,0.0642507624035045,0.37230050497228,0.436551267375784,0.00371202661379254,0.00403346815659147,5.97048379085807,0.552424896385857
9,SJB,31,FEF-R,RT_Down_pro_L,0.148773929238732,0.275699630431716,0.424473559670448,0.00455330857045273,0.00494684769421872,5.95335271877675,0.551242875653502
9,SJB,32,POJ-R,RT_Down_pro_L,0.453143221311983,0.205159264463316,0.658302485775299,0.00651478978744768,0.00708239032497268,5.91526942346421,0.539115196183374
10,BG,1,V1-L,RT_Down_pro_L,0.076530362110141,0.232867571764561,0.309397933874702,0.00376693745164194,0.00406674008845225,5.89820002075553,0.464810470830403
10,BG,2,V3-L,RT_Down_pro_L,0.0994390771124591,0.159258784666165,0.258697861778625,0.00343714658632002,0.00368526743445271,5.90610991171615,0.466224086409714
10,BG,3,STS-L,RT_Down_pro_L,0.0800189383720877,0.148140863191024,0.228159801563112,0.00306015714054009,0.00328319692438267,5.91631569459388,0.468237044487331
10,BG,4,IPL-L,RT_Down_pro_L,0.176448239708956,0.368337627334845,0.5447858670438,0.00565134086491173,0.00605933727805737,5.85457394781315,0.458886414469677
10,BG,5,SPL-L,RT_Down_pro_L,0.637738014221081,0.211207713870662,0.848945728091743,0.00720092741331629,0.00772236948673977,5.81495274140186,0.441142478200848
10,BG,6,AG-L,RT_Down_pro_L,0.186154885325655,0.484265643757014,0.670420529082669,0.0062825239069724,0.00677878526383336,5.83624971195731,0.448581460740084
10,BG,7,mIPS-L,RT_Down_pro_L,0.607764040684659,0.222266648485044,0.830030689169703,0.00742121583865728,0.00797673414655266,5.80981048053481,0.441535272963565
10,BG,8,VIP-L,RT_Down_pro_L,0.123297832205109,0.294897490025418,0.418195322230527,0.00464131348171672,0.00498587361601903,5.87350915009361,0.461039361075087
10,BG,9,SPOC-L,RT_Down_pro_L,0.200927133419307,0.353904145885234,0.554831279304541,0.00584321713135581,0.0062911622203752,5.84832599745101,0.457935958231427
10,BG,10,S1-L,RT_Down_pro_L,0.422294937065455,0.19106959715045,0.613364534215906,0.00587014600056077,0.00631680923508789,5.84683766421632,0.455974749283382
10,BG,11,M1-L,RT_Down_pro_L,0.338881156520094,0.227903633831444,0.566784790351538,0.00574165996123795,0.00618159717014883,5.85291826635942,0.457241700875724
10,BG,12,SMA-L,RT_Down_pro_L,0.145845566787038,0.365155765393522,0.51100133218056,0.00512980218706117,0.00550632541434103,5.8614051690847,0.454286616554933
10,BG,13,PMd-L,RT_Down_pro_L,0.233830434886112,0.426246870968147,0.660077305854259,0.00565478961665374,0.00607990314685016,5.8434522207016,0.446280713002033
10,BG,14,PMv-L,RT_Down_pro_L,0.220262362055016,0.416151227438679,0.636413589493696,0.00625126346398178,0.00672327670884471,5.83865485747358,0.448464187387208
10,BG,15,FEF-L,RT_Down_pro_L,0.223979621420395,0.248806563451724,0.472786184872119,0.00459615898879437,0.00492356245902494,5.87161122044801,0.458686805771199
10,BG,16,POJ-L,RT_Down_pro_L,0.169832601700197,0.214678695376916,0.384511297077113,0.00495486410377602,0.00533805005113354,5.87233430024103,0.467275676760127
10,BG,17,V1-R,RT_Down_pro_L,0.117338935235136,0.118536652055265,0.235875587290401,0.00317274495295136,0.00340747102583434,5.90844248055153,0.468646869557171
10,BG,18,V3-R,RT_Down_pro_L,0.202956063645707,0.156217563661743,0.35917362730745,0.00433354988212139,0.00468656621478928,5.88139248125347,0.465271921647843
10,BG,19,STS-R,RT_Down_pro_L,0.151111961888735,0.123675047078825,0.27478700896756,0.00350696196218267,0.00376188327253476,5.9002491842947,0.46583555156673
10,BG,20,IPL-R,RT_Down_pro_L,0.656250761928577,0.416757438338547,1.07300820026712,0.00821499140955891,0.0088625322800702,5.78480366252078,0.428447451647724
10,BG,21,SPL-R,RT_Down_pro_L,0.335304531470151,0.376214277068883,0.711518808539034,0.00723793207245548,0.00776037019861075,5.82521840960747,0.450058052276297
10,BG,22,AG-R,RT_Down_pro_L,0.450240095173719,0.147358369219245,0.597598464392964,0.00567110544260801,0.00607800851864576,5.85436976675685,0.454255564283637
10,BG,23,mIPS-R,RT_Down_pro_L,0.529276350282339,0.16599939337169,0.695275743654029,0.00664537104640246,0.00715602780495076,5.83497430224362,0.450794575338913
10,BG,24,VIP-R,RT_Down_pro_L,0.554576257386775,0.50159405053825,1.05617030792503,0.00807945217416014,0.00873369339558024,5.79249669402456,0.430543543901733
10,BG,25,SPOC-R,RT_Down_pro_L,0.222186299350835,0.245818027750188,0.468004327101022,0.00479786549771627,0.0051339522838905,5.86944892915349,0.45147464853407
10,BG,26,S1-R,RT_Down_pro_L,0.339817450609376,0.297619370270425,0.637436820879802,0.0062865231343716,0.00675955346063179,5.83695662384043,0.448932422058662
10,BG,27,M1-R,RT_Down_pro_L,0.299547997311307,0.418664459906585,0.718212457217892,0.00653593040135346,0.00700083260308991,5.83582397610076,0.444714501885151
10,BG,28,SMA-R,RT_Down_pro_L,0.218235935796832,0.289407699513273,0.507643635310105,0.00567410563879626,0.00612292056225027,5.85442940568333,0.457548858490638
10,BG,29,PMd-R,RT_Down_pro_L,0.229892154453157,0.392593503023558,0.622485657476714,0.0055598319358755,0.00598053955192341,5.84552158266982,0.450138170750835
10,BG,30,PMv-R,RT_Down_pro_L,0.177589391344558,0.2958214822268,0.473410873571358,0.00462204549978513,0.00495137279261586,5.87285097660634,0.454170854252733
10,BG,31,FEF-R,RT_Down_pro_L,0.200326243537164,0.298867478895705,0.499193722432869,0.00537522536448022,0.00581932745746624,5.85919856890635,0.457985589512985
10,BG,32,POJ-R,RT_Down_pro_L,0.437359904751323,0.254951882249619,0.692311787000942,0.0065520128882223,0.00703012447896852,5.83288892882551,0.450385862944176
1,DOC,1,V1-L,RT_Down_pro_R,0.159428235085594,0.330939442720853,0.490367677806447,0.00554757212296831,0.00595215800851348,6.17352311090024,0.589192205648604
1,DOC,2,V3-L,RT_Down_pro_R,0.252094240395407,0.232990430227801,0.485084670623208,0.00579038470259107,0.00624379347527366,6.16614838858203,0.588650124710566
1,DOC,3,STS-L,RT_Down_pro_R,0.0326529570641889,0.377300474893769,0.409953431957958,0.00386682813479593,0.00416646237183625,6.20841353916732,0.595006394151476
1,DOC,4,IPL-L,RT_Down_pro_R,0.929305731877312,0.354701102053675,1.28400683393099,0.00939983579894663,0.0100992986827954,6.08837796816985,0.556112013464745
1,DOC,5,SPL-L,RT_Down_pro_R,0.475444798099319,0.498220643605944,0.973665441705263,0.00919687572337431,0.00989311815245666,6.10194518194204,0.559829375668366
1,DOC,6,AG-L,RT_Down_pro_R,0.353193850317762,0.26088300594332,0.614076856261083,0.00702673609901885,0.00756755560399608,6.14448868363025,0.585903884815809
1,DOC,7,mIPS-L,RT_Down_pro_R,0.514765052593649,0.410372745499576,0.925137798093225,0.00867971102786919,0.00936150449292397,6.10982511193492,0.565905860191488
1,DOC,8,VIP-L,RT_Down_pro_R,0.59396339875789,0.336270875489902,0.930234274247792,0.00774519101347693,0.0083039510811521,6.12571474912329,0.568348034373771
1,DOC,9,SPOC-L,RT_Down_pro_R,0.372672099139276,0.227541938641031,0.600214037780306,0.0063094656776864,0.00678519231674455,6.15481106861065,0.578539628936051
1,DOC,10,S1-L,RT_Down_pro_R,0.532514068361443,0.456962991814494,0.989477060175937,0.00865845558617093,0.00927109165750372,6.11116387444062,0.562146211645193
1,DOC,11,M1-L,RT_Down_pro_R,0.357772305397672,0.570911953702861,0.928684259100533,0.00832443377384338,0.00891618348460136,6.11319710432474,0.563801762431611
1,DOC,12,SMA-L,RT_Down_pro_R,0.31608619768452,0.359545246356403,0.675631444040923,0.00671536856915836,0.00721593169663359,6.14667554659077,0.577044535731267
1,DOC,13,PMd-L,RT_Down_pro_R,0.333015304602455,0.300793666730991,0.633808971333445,0.00656007909397566,0.00703702574731118,6.15108931795171,0.579234611625606
1,DOC,14,PMv-L,RT_Down_pro_R,0.0748194258504419,0.158044883648331,0.232864309498773,0.00348489355640174,0.00374475831338499,6.22096891297212,0.600366281543493
1,DOC,15,FEF-L,RT_Down_pro_R,0.164867707942336,0.46553221786549,0.630399925807826,0.0063562085640214,0.00684023823509684,6.15384013985112,0.584961017960031
1,DOC,16,POJ-L,RT_Down_pro_R,0.151250338228607,0.218136769263611,0.369387107492218,0.00525881114758872,0.00566907061748296,6.18251274680738,0.595611774001014
1,DOC,17,V1-R,RT_Down_pro_R,0.198008410738903,0.222285736517997,0.4202941472569,0.00516515537678548,0.00558122279598291,6.17592786106181,0.596166586682758
1,DOC,18,V3-R,RT_Down_pro_R,0.115766643253991,0.632361966815681,0.748128610069673,0.00661982704750068,0.00711986526919308,6.14827819789662,0.58358611632769
1,DOC,19,STS-R,RT_Down_pro_R,0.155374541081958,0.158769930526793,0.314144471608751,0.00448093750893842,0.00480955698368808,6.19648587044167,0.595930127947356
1,DOC,20,IPL-R,RT_Down_pro_R,0.201805794468236,0.197787682363099,0.399593476831335,0.0050932338583684,0.00548037344507825,6.1825494136487,0.592291788311245
1,DOC,21,SPL-R,RT_Down_pro_R,0.43320811745885,0.379097845019193,0.812305962478043,0.00792486621439832,0.00853580370418501,6.12889067876678,0.573698789487801
1,DOC,22,AG-R,RT_Down_pro_R,0.547096581865025,0.485216955770934,1.03231353763596,0.0100746409738435,0.0108715585557207,6.09350989234814,0.567024265432896
1,DOC,23,mIPS-R,RT_Down_pro_R,0.862266237947318,0.556117822739761,1.41838406068708,0.0119407795668015,0.0128642256176151,6.05467923298229,0.549695990684208
1,DOC,24,VIP-R,RT_Down_pro_R,0.298869422284708,0.229371111167775,0.528240533452482,0.00636596976702592,0.00683211115491852,6.15786635736545,0.588376941213933
1,DOC,25,SPOC-R,RT_Down_pro_R,0.637930305995428,0.49321986393716,1.13115016993259,0.00892749579148553,0.00954247728154519,6.09432925828317,0.54859808803879
1,DOC,26,S1-R,RT_Down_pro_R,0.228498513220615,0.335296762747982,0.563795275968597,0.00621550748359156,0.00667440633033215,6.15784179445041,0.58286896762146
1,DOC,27,M1-R,RT_Down_pro_R,0.356046610303903,0.506980982490634,0.863027592794536,0.008147405759019,0.00876962638912836,6.11800191719852,0.571436921610608
1,DOC,28,SMA-R,RT_Down_pro_R,0.376068809133812,0.31166721698711,0.687736026120922,0.00660312601689947,0.00710003399835887,6.14663839276374,0.576597336548373
1,DOC,29,PMd-R,RT_Down_pro_R,0.463199756738556,0.43864390636417,0.901843663102726,0.00810052395286777,0.0087039379740196,6.11270322562229,0.565226333005233
1,DOC,30,PMv-R,RT_Down_pro_R,0.153036740291597,0.305019812190274,0.458056552481871,0.0055465744926698,0.00596016800713332,6.17379984581802,0.59100888842869
1,DOC,31,FEF-R,RT_Down_pro_R,0.155706748970473,0.336006344868035,0.491713093838508,0.00538553333695036,0.00580915868644133,6.17332480262976,0.585529433422579
1,DOC,32,POJ-R,RT_Down_pro_R,0.695966088987557,0.34570270517415,1.04166879416171,0.00900338305340126,0.00964198299013494,6.10306206843791,0.559119783698694
2,GB,1,V1-L,RT_Down_pro_R,0.0947169344361113,0.118858119215311,0.213575053651423,0.00287350235612902,0.00313131479287989,5.74309689279426,0.437860359686877
2,GB,2,V3-L,RT_Down_pro_R,0.0911457762745705,0.177031701823381,0.268177478097951,0.00345930549163492,0.00375954524582233,5.73191328017628,0.437593832495882
2,GB,3,STS-L,RT_Down_pro_R,0.0831102588396672,0.0770088573426344,0.160119116182302,0.00219666561403746,0.00239297796728739,5.76790800189641,0.440689904905759
2,GB,4,IPL-L,RT_Down_pro_R,0.293503093465878,0.222785834630058,0.516288928095937,0.00457610024032964,0.00496272186069708,5.69456457545121,0.416781325910105
2,GB,5,SPL-L,RT_Down_pro_R,0.319497590653564,0.258542325266484,0.578039915920048,0.00599036555443827,0.00654486891377693,5.6714121873021,0.428358424939286
2,GB,6,AG-L,RT_Down_pro_R,0.337814697203019,0.30800088367704,0.645815580880059,0.00585913052467053,0.00640333103655424,5.67214416464779,0.423012749305108
2,GB,7,mIPS-L,RT_Down_pro_R,0.610396784433005,0.307568346354725,0.91796513078773,0.00778817922692093,0.00849480270790842,5.62699923566043,0.400902666138086
2,GB,8,VIP-L,RT_Down_pro_R,0.251631492109743,0.256820153196865,0.508451645306608,0.00490452206526675,0.00536137290749651,5.68946571498661,0.422992634240563
2,GB,9,SPOC-L,RT_Down_pro_R,0.291923607002568,0.320771299720106,0.612694906722674,0.00590110425815372,0.00640254234162842,5.67549004575067,0.422327307870165
2,GB,10,S1-L,RT_Down_pro_R,0.152579387732066,0.257404576116623,0.409983963848689,0.00444455009484479,0.00480796798776762,5.7056183297764,0.42956289698618
2,GB,11,M1-L,RT_Down_pro_R,0.452553586836758,0.38294919336368,0.835502780200438,0.00715016785392885,0.00772257032240967,5.64517579801968,0.400158248371686
2,GB,12,SMA-L,RT_Down_pro_R,0.482196475837211,0.208700644000027,0.690897119837238,0.00644902943596554,0.00702420542500094,5.66195189834818,0.424515699402898
2,GB,13,PMd-L,RT_Down_pro_R,0.131248633281517,0.268833141765199,0.400081775046716,0.0042126367014019,0.00461720057971311,5.70900859244001,0.433695351430937
2,GB,14,PMv-L,RT_Down_pro_R,0.0811866563866935,0.161171287073707,0.2423579434604,0.00313980909671191,0.00342004278531565,5.73977142777022,0.439873915386217
2,GB,15,FEF-L,RT_Down_pro_R,0.138196687094101,0.405351644724661,0.543548331818762,0.00505805868739409,0.00548398995439759,5.6913416326511,0.428844165375775
2,GB,16,POJ-L,RT_Down_pro_R,0.74097960490537,0.290359314397229,1.0313389193026,0.0076698387855647,0.00830161682816801,5.63388141980661,0.401170617367087
2,GB,17,V1-R,RT_Down_pro_R,0.162573211154967,0.11999339847515,0.282566609630117,0.00321252389111278,0.00350453489498664,5.73585884818086,0.438503576741614
2,GB,18,V3-R,RT_Down_pro_R,0.0730669967842723,0.395049407791154,0.468116404575426,0.0042645230338824,0.00464371171736586,5.70980430926422,0.431663972649662
2,GB,19,STS-R,RT_Down_pro_R,0.0816968801675808,0.201536635929932,0.283233516097513,0.00339325400677915,0.00370727252592968,5.7336031569493,0.437783686620023
2,GB,20,IPL-R,RT_Down_pro_R,0.27936157115372,0.239471523059713,0.518833094213433,0.00546332637056585,0.00594170805952178,5.68340540138312,0.426259568891953
2,GB,21,SPL-R,RT_Down_pro_R,0.13654236564477,0.300109317918964,0.436651683563734,0.00420846460525553,0.00456109589720177,5.7100652783453,0.430881479457468
2,GB,22,AG-R,RT_Down_pro_R,0.232452425202925,0.27471839645205,0.507170821654974,0.00511491433121836,0.00555083892769139,5.68890278453804,0.427915828218584
2,GB,23,mIPS-R,RT_Down_pro_R,0.329446034277974,0.165000406241148,0.494446440519122,0.00468406053679775,0.00508567925710541,5.69782924225512,0.429307680436891
2,GB,24,VIP-R,RT_Down_pro_R,0.228263097338342,0.332849234344497,0.561112331682839,0.00525814338268308,0.00570727655471243,5.68421571100661,0.425254512419367
2,GB,25,SPOC-R,RT_Down_pro_R,0.339685100786673,0.127455817213568,0.467140918000242,0.00473273273172258,0.00517198210649611,5.69665341250026,0.432724590136286
2,GB,26,S1-R,RT_Down_pro_R,0.341338258222496,0.359475014084184,0.700813272306681,0.00633776196353954,0.00686399123925171,5.66178058494239,0.420261206485645
2,GB,27,M1-R,RT_Down_pro_R,0.201068007921014,0.527525919161243,0.728593927082257,0.00585708768682938,0.00634989998907482,5.66829289189793,0.416159439415216
2,GB,28,SMA-R,RT_Down_pro_R,0.436166455891064,0.268298922514547,0.704465378405611,0.00591345177732735,0.00638204893974322,5.66731490827185,0.414955363381997
2,GB,29,PMd-R,RT_Down_pro_R,0.420979079723699,0.401628119046397,0.822607198770096,0.0068943168294581,0.00744787732715353,5.64692885689197,0.400800339002616
2,GB,30,PMv-R,RT_Down_pro_R,0.0837287085288712,0.0879685165730036,0.171697225101875,0.00256978191927365,0.00280790492510882,5.75459106442013,0.441371471478874
2,GB,31,FEF-R,RT_Down_pro_R,0.132565114327743,0.253484254331014,0.386049368658757,0.00397704701779991,0.00431434962233236,5.71692152889849,0.431763045898117
2,GB,32,POJ-R,RT_Down_pro_R,0.284711706407996,0.239604074221654,0.524315780629649,0.00476936651142076,0.00518703585803497,5.69455117287058,0.427623757338155
3,JDC,1,V1-L,RT_Down_pro_R,0.322408214488829,0.148710771454795,0.471118985943624,0.00507022276375446,0.00550552060762087,5.87888825672527,0.488502394281315
3,JDC,2,V3-L,RT_Down_pro_R,0.190789518150521,0.162907756628005,0.353697274778526,0.00426073772007491,0.00462297759790782,5.89442528931453,0.492946806629103
3,JDC,3,STS-L,RT_Down_pro_R,0.107845593988742,0.231494252987738,0.33933984697648,0.00395106115023967,0.00429993275077584,5.90650083500853,0.493462741576895
3,JDC,4,IPL-L,RT_Down_pro_R,0.166628296930473,0.191081138350899,0.357709435281372,0.00418996549544007,0.00455410094548886,5.89636575960983,0.493983568950666
3,JDC,5,SPL-L,RT_Down_pro_R,0.606366124221536,0.241920869802261,0.848286994023797,0.00748564543686839,0.00811633585662923,5.82586075504381,0.474517503880554
3,JDC,6,AG-L,RT_Down_pro_R,0.161228946915477,0.412918568232201,0.574147515147678,0.00523710876504284,0.00566326825757016,5.87034899208658,0.484411287352062
3,JDC,7,mIPS-L,RT_Down_pro_R,0.605393866125397,0.301257961206528,0.906651827331925,0.00785331775607331,0.00851630886203848,5.81899733935833,0.472349438832321
3,JDC,8,VIP-L,RT_Down_pro_R,0.441984202907559,0.287568038362991,0.72955224127055,0.00717112326192015,0.00780035505209544,5.83787460047112,0.481086879960809
3,JDC,9,SPOC-L,RT_Down_pro_R,0.274904040116658,0.571997625207816,0.846901665324474,0.00710028428035706,0.00770457955853642,5.82828386117771,0.463111538598685
3,JDC,10,S1-L,RT_Down_pro_R,0.305548095712579,0.276297265911129,0.581845361623708,0.00524089680280804,0.00568723182732308,5.86800800696369,0.47975755199621
3,JDC,11,M1-L,RT_Down_pro_R,0.539910999962604,0.277712120106791,0.817623120069395,0.00665768273891609,0.00726746210492463,5.83669300504079,0.471351921557713
3,JDC,12,SMA-L,RT_Down_pro_R,0.351292885555952,0.219813338048871,0.571106223604823,0.00580105972340048,0.00631698301017768,5.85738678925857,0.486010661835843
3,JDC,13,PMd-L,RT_Down_pro_R,0.331078038169873,0.259112733318296,0.590190771488169,0.00580203174820398,0.00628806659562562,5.85877662026281,0.480468009239794
3,JDC,14,PMv-L,RT_Down_pro_R,0.067155755554691,0.217314143079112,0.284469898633803,0.00313918953036053,0.00339150288122171,5.92593179268222,0.495156472213026
3,JDC,15,FEF-L,RT_Down_pro_R,0.165660939878223,0.276468252106716,0.442129191984939,0.00418809774842888,0.00455667772684509,5.89052295287735,0.488556229909784
3,JDC,16,POJ-L,RT_Down_pro_R,0.497886258987649,0.262316094265727,0.760202353253376,0.00602166544117016,0.00650434378404508,5.84676628915929,0.467691732680221
3,JDC,17,V1-R,RT_Down_pro_R,0.175030993348538,0.202612510872759,0.377643504221297,0.0045045286508238,0.00487868150311645,5.89016029961098,0.495117917911416
3,JDC,18,V3-R,RT_Down_pro_R,0.1047760164718,0.222941525630613,0.327717542102414,0.003857963081861,0.0041681220819426,5.90742828803284,0.495419252201496
3,JDC,19,STS-R,RT_Down_pro_R,0.121337490994856,0.213345071362362,0.334682562357218,0.00398774739121964,0.00433456320267963,5.90466894618073,0.493014767425703
3,JDC,20,IPL-R,RT_Down_pro_R,0.327895542134888,0.55282822377279,0.880723765907678,0.00723909339992294,0.00785497730313618,5.82978817764512,0.471223866137909
3,JDC,21,SPL-R,RT_Down_pro_R,0.571683214637405,0.537428578032873,1.10911179267028,0.00810211878719282,0.00875033835020781,5.80741092437372,0.459126902685889
3,JDC,22,AG-R,RT_Down_pro_R,0.0500586714129846,0.172149116878266,0.222207788291251,0.00276860428719717,0.00300349036699275,5.93270342490975,0.499683117461909
3,JDC,23,mIPS-R,RT_Down_pro_R,0.49182624626033,0.224705000473217,0.716531246733547,0.00571870004504979,0.00614157308357274,5.85910849957927,0.475097081531362
3,JDC,24,VIP-R,RT_Down_pro_R,0.48282736320501,0.465103475550068,0.947930838755078,0.00780046901094649,0.00847508183942986,5.82093837795427,0.464518140166002
3,JDC,25,SPOC-R,RT_Down_pro_R,0.214346853163127,0.585792437691314,0.800139290854441,0.00629935952341769,0.00684341081863831,5.84328632583137,0.473006274085386
3,JDC,26,S1-R,RT_Down_pro_R,0.333793721290218,0.258635578841948,0.592429300132166,0.00594326418384845,0.00644030103214245,5.85748496378822,0.484452579685304
3,JDC,27,M1-R,RT_Down_pro_R,0.36203450280571,0.293694048664855,0.655728551470564,0.00633526187150867,0.0068466315204265,5.84867642057193,0.480192009744258
3,JDC,28,SMA-R,RT_Down_pro_R,0.403736134701255,0.258489519966594,0.662225654667849,0.0059726986688805,0.00652889331181022,5.84651205688989,0.478490074731664
3,JDC,29,PMd-R,RT_Down_pro_R,0.317799527220139,0.2143375424224,0.53213706964254,0.00586642381198303,0.00638834040494907,5.86115264415529,0.484247532475334
3,JDC,30,PMv-R,RT_Down_pro_R,0.0545069200686719,0.319110502254578,0.373617422323249,0.00385174581578755,0.00417300159137123,5.90680407902972,0.491951953745315
3,JDC,31,FEF-R,RT_Down_pro_R,0.146943428731356,0.318553215865745,0.465496644597101,0.00460969934816252,0.00497761589083389,5.88591148621645,0.488452429173486
3,JDC,32,POJ-R,RT_Down_pro_R,0.298320859440421,0.414381986203214,0.712702845643635,0.00589746113660685,0.00637561646097062,5.85716834014648,0.476039842651252
4,JFXD,1,V1-L,RT_Down_pro_R,0.166415413209033,0.51417922631904,0.680594639528073,0.00831001086781328,0.00884962505751202,7.07450239707898,0.905866418289275
4,JFXD,2,V3-L,RT_Down_pro_R,0.172756150321998,0.27099491270588,0.443751063027878,0.0062510448931346,0.00667571437922429,7.0965420050824,0.915237552392652
4,JFXD,3,STS-L,RT_Down_pro_R,0.390666413034016,0.33835249657954,0.729018909613557,0.00968295719778862,0.0103567882344843,7.05123074315789,0.909123237582592
4,JFXD,4,IPL-L,RT_Down_pro_R,0.990158634850564,0.564671162447493,1.55482979729806,0.0150686506315564,0.0160242300062831,6.96603393484202,0.880286996088553
4,JFXD,5,SPL-L,RT_Down_pro_R,0.900657015237434,0.248136523727624,1.14879353896506,0.0109899361220939,0.0116732667413926,7.01936832321186,0.89046139145822
4,JFXD,6,AG-L,RT_Down_pro_R,0.546280597415818,0.390151407313397,0.936432004729215,0.0103389475519097,0.0110542895120753,7.0345313926318,0.900338180717968
4,JFXD,7,mIPS-L,RT_Down_pro_R,0.972407616368261,0.504749013896764,1.47715663026503,0.0135496996939159,0.0144226234839245,6.98513276582876,0.873975180861237
4,JFXD,8,VIP-L,RT_Down_pro_R,0.856183879928626,0.689570367932846,1.54575424786147,0.0146074697961521,0.0155050644126182,6.96433198801562,0.874443958116237
4,JFXD,9,SPOC-L,RT_Down_pro_R,0.663002538940734,0.863515896785457,1.52651843572619,0.0137365622915924,0.014562144168059,6.96852904102049,0.867014490082627
4,JFXD,10,S1-L,RT_Down_pro_R,0.834793835942135,0.619810556815949,1.45460439275808,0.0142405562818226,0.015157021567745,6.98255432020187,0.880349337946809
4,JFXD,11,M1-L,RT_Down_pro_R,0.823752457654419,0.449952070326633,1.27370452798105,0.0137938896404226,0.0147329333640144,6.99444564454095,0.895851727687169
4,JFXD,12,SMA-L,RT_Down_pro_R,0.992392341711234,0.658250064690695,1.65064240640193,0.015478509287654,0.0164769801272679,6.95195689341385,0.867892500364825
4,JFXD,13,PMd-L,RT_Down_pro_R,0.982730274075301,0.39981623257554,1.38254650665084,0.0140846400149893,0.0150299010563158,6.98941256568295,0.890987772273381
4,JFXD,14,PMv-L,RT_Down_pro_R,0.348497380201519,0.713083452056798,1.06158083225832,0.0107094179699307,0.0113952449298789,7.03067944770689,0.897454332175625
4,JFXD,15,FEF-L,RT_Down_pro_R,0.218263522106102,0.771863959816824,0.990127481922925,0.00958943276669373,0.010158695572194,7.04353134221486,0.898241849378387
4,JFXD,16,POJ-L,RT_Down_pro_R,0.607554377165787,0.907377861408203,1.51493223857399,0.0147628018822188,0.0157308515592257,6.97199579633474,0.877307797841123
4,JFXD,17,V1-R,RT_Down_pro_R,0.211974538382367,0.414070614316189,0.626045152698556,0.00792232045440115,0.00842589109585418,7.07256881741303,0.911152607009807
4,JFXD,18,V3-R,RT_Down_pro_R,0.131130859575586,0.275504911710214,0.4066357712858,0.00602510692772639,0.00643782613333305,7.10843126716409,0.92021049113012
4,JFXD,19,STS-R,RT_Down_pro_R,0.316999360573977,0.5138436866917,0.830843047265677,0.00919527726235823,0.0097700651816955,7.05539336618595,0.903419740255522
4,JFXD,20,IPL-R,RT_Down_pro_R,0.519955582589355,0.755954055033765,1.27590963762312,0.0117430662607379,0.0125205275794374,7.00759994104773,0.882868461889651
4,JFXD,21,SPL-R,RT_Down_pro_R,0.795346328844675,0.480293067284371,1.27563939612905,0.0127773613916601,0.0135742609593278,6.99649651318001,0.885490123967007
4,JFXD,22,AG-R,RT_Down_pro_R,0.712518594675342,0.536220507789307,1.24873910246465,0.0138356512826963,0.0147248914510368,6.98748087801793,0.888844943768336
4,JFXD,23,mIPS-R,RT_Down_pro_R,0.932428484224678,0.250500070130253,1.18292855435493,0.0116649848250853,0.0124188740983505,7.0102034373997,0.891092182680111
4,JFXD,24,VIP-R,RT_Down_pro_R,0.866621676359569,0.956575795061422,1.82319747142099,0.0165785960891456,0.017668286802187,6.93577123471718,0.85239792942406
4,JFXD,25,SPOC-R,RT_Down_pro_R,0.569105492336119,0.739917633336264,1.30902312567238,0.0130222922274368,0.0138875796939766,6.99948146681892,0.889456954983958
4,JFXD,26,S1-R,RT_Down_pro_R,0.521275783266508,0.473243667973324,0.994519451239832,0.0106405686257457,0.0113285569136889,7.02473040128662,0.887754398066883
4,JFXD,27,M1-R,RT_Down_pro_R,0.474141534956323,0.471444860907751,0.945586395864073,0.0107289414246594,0.011462430431762,7.02825574871343,0.894626561676951
4,JFXD,28,SMA-R,RT_Down_pro_R,0.780658447958404,0.686272349610538,1.46693079756894,0.0150238079848285,0.0160445689887659,6.97055059139077,0.883990399392881
4,JFXD,29,PMd-R,RT_Down_pro_R,0.382346339974204,0.681921640533065,1.06426798050727,0.0109710820861511,0.0116902318351213,7.01982991714991,0.894005995421288
4,JFXD,30,PMv-R,RT_Down_pro_R,0.181130940933682,0.964037681639255,1.14516862257294,0.0116120039286876,0.0123657067486876,7.02207631982896,0.900825290188818
4,JFXD,31,FEF-R,RT_Down_pro_R,0.238358283359449,0.764722386552641,1.00308066991209,0.0112848641703941,0.0120129909618726,7.02725896627882,0.900539580013772
4,JFXD,32,POJ-R,RT_Down_pro_R,0.803915337701725,1.0354218999062,1.83933723760793,0.0154400486381964,0.0163898404186626,6.9421466351958,0.851859382288567
5,JZ,1,V1-L,RT_Down_pro_R,0.103654468815688,0.255483238956455,0.359137707772144,0.00401346610421536,0.00433270893676074,5.8029869280196,0.426468371542487
5,JZ,2,V3-L,RT_Down_pro_R,0.149492671135421,0.195250357393555,0.344743028528976,0.00382233491492238,0.00412250147996356,5.80439092246284,0.428656936462107
5,JZ,3,STS-L,RT_Down_pro_R,0.114906110932491,0.131643208007147,0.246549318939638,0.00330825977025172,0.0035523959659285,5.82283407780037,0.431701348113996
5,JZ,4,IPL-L,RT_Down_pro_R,0.289252941665847,0.276352991870672,0.565605933536519,0.00559555034495506,0.00599611590753183,5.7676846230819,0.417551007113715
5,JZ,5,SPL-L,RT_Down_pro_R,0.617883278196121,0.183911724140816,0.801795002336937,0.00620295275380235,0.00667029191078223,5.75049421325647,0.410375536066788
5,JZ,6,AG-L,RT_Down_pro_R,0.488894457269878,0.259183933488097,0.748078390757975,0.0057805342216969,0.00619657602486402,5.75699981467062,0.408811093972543
5,JZ,7,mIPS-L,RT_Down_pro_R,0.428375098818466,0.122501989717816,0.550877088536283,0.00530524480933241,0.00570657290065509,5.77040276845938,0.417474224822118
5,JZ,8,VIP-L,RT_Down_pro_R,0.514690420721086,0.223372824241107,0.738063244962193,0.00626772907873823,0.00670032067486807,5.74837882959475,0.40841568420577
5,JZ,9,SPOC-L,RT_Down_pro_R,0.240198227267968,0.314089188316358,0.554287415584326,0.00577920282209825,0.00621222425580645,5.76489183598545,0.420125527563111
5,JZ,10,S1-L,RT_Down_pro_R,0.272998440365512,0.678453297982411,0.951451738347923,0.00738143486544386,0.00790329675475423,5.72442847814049,0.40207721557846
5,JZ,11,M1-L,RT_Down_pro_R,0.152305661762863,0.905678228725332,1.05798389048819,0.0071548446153181,0.007667225895583,5.72844317116182,0.402603341796187
5,JZ,12,SMA-L,RT_Down_pro_R,0.366169041172917,0.32972022383067,0.695889265003586,0.0065411793711137,0.00704168262322156,5.74412943842728,0.41432840387543
5,JZ,13,PMd-L,RT_Down_pro_R,0.23520280483941,0.376935035649902,0.612137840489312,0.0062957059944911,0.00676182412940256,5.74975884232993,0.414431728991159
5,JZ,14,PMv-L,RT_Down_pro_R,0.0457460967592946,0.163190345708657,0.208936442467952,0.0027977640716015,0.00300656481546536,5.8373845977033,0.431911893548516
5,JZ,15,FEF-L,RT_Down_pro_R,0.124519007929031,0.169489875512935,0.294008883441965,0.00374074929689531,0.00402362092466589,5.80956130683022,0.426494833204852
5,JZ,16,POJ-L,RT_Down_pro_R,0.443325309827507,0.297458515707612,0.74078382553512,0.00629833679229562,0.00676753141823951,5.75084217935412,0.411787425265214
5,JZ,17,V1-R,RT_Down_pro_R,0.113996580224342,0.213108144718905,0.327104724943247,0.00394426193777504,0.00425895950787656,5.80274343199463,0.427475731828246
5,JZ,18,V3-R,RT_Down_pro_R,0.149408943062639,0.213177135599672,0.362586078662311,0.00403844960962087,0.00434368407459045,5.79978279375006,0.427129265781451
5,JZ,19,STS-R,RT_Down_pro_R,0.0976539195935499,0.18099369629262,0.27864761588617,0.00363770631749962,0.00391265939030515,5.81255858404377,0.429754729142322
5,JZ,20,IPL-R,RT_Down_pro_R,0.508739779289974,0.0805003420837262,0.5892401213737,0.00535115573926011,0.00579833653431757,5.76770713154622,0.419654718074588
5,JZ,21,SPL-R,RT_Down_pro_R,0.17390130437301,0.407596555800247,0.581497860173257,0.00535549174020136,0.00575576720333637,5.76744338097643,0.4149411022016
5,JZ,22,AG-R,RT_Down_pro_R,0.306020973263946,0.186939144498922,0.492960117762869,0.00481754437451005,0.00519426255547322,5.78001727891402,0.418994773042225
5,JZ,23,mIPS-R,RT_Down_pro_R,0.419212239582783,0.215697247427646,0.634909487010429,0.00577551747358629,0.00622255259870543,5.75853376385051,0.416758966868923
5,JZ,24,VIP-R,RT_Down_pro_R,0.65372261441631,0.148827194054957,0.802549808471267,0.00683035067595896,0.00738860190505515,5.73687959705723,0.411483422678595
5,JZ,25,SPOC-R,RT_Down_pro_R,0.367088851636049,0.347077616702792,0.714166468338841,0.00623599531376409,0.0066812942731779,5.7493185405725,0.410448986777618
5,JZ,26,S1-R,RT_Down_pro_R,0.156738069313728,0.343295716960285,0.500033786274013,0.00476717213835766,0.00514401532155374,5.78392492252766,0.419620868542847
5,JZ,27,M1-R,RT_Down_pro_R,0.173057421875172,0.313988420704995,0.487045842580167,0.004639437887981,0.00498641197299051,5.78279611785419,0.419011078280029
5,JZ,28,SMA-R,RT_Down_pro_R,0.386864851602725,0.395074542356953,0.781939393959678,0.00712625646755964,0.00767717751689197,5.73166837207629,0.40867024533623
5,JZ,29,PMd-R,RT_Down_pro_R,0.185683859406683,0.326975082839316,0.512658942245999,0.00507002570027997,0.00547073161755113,5.77642330882392,0.419676090917916
5,JZ,30,PMv-R,RT_Down_pro_R,0.118594551337954,0.152862746129799,0.271457297467753,0.00328727726192736,0.00354024809833475,5.81957011753713,0.430817030198373
5,JZ,31,FEF-R,RT_Down_pro_R,0.144877075949355,0.224638261317538,0.369515337266893,0.00375257062763196,0.00402725539931542,5.80698628908281,0.424525302241409
5,JZ,32,POJ-R,RT_Down_pro_R,0.439619515227625,0.34932776089743,0.788947276125055,0.00657798040195996,0.00707389394307861,5.73817378093193,0.405905329967035
6,LT,1,V1-L,RT_Down_pro_R,0.160655113299851,0.203342471593621,0.363997584893472,0.00450655827827884,0.00480850264316332,6.15119465702505,0.530710911708229
6,LT,2,V3-L,RT_Down_pro_R,0.118327900416279,0.209141608001181,0.32746950841746,0.00431360912522408,0.00461798667003005,6.15884195707461,0.533939444782908
6,LT,3,STS-L,RT_Down_pro_R,0.0909438989230219,0.279097725422956,0.370041624345978,0.00424953367336591,0.00451314197004272,6.15859948306101,0.530612864901146
6,LT,4,IPL-L,RT_Down_pro_R,0.654541401976392,0.25024876354559,0.904790165521982,0.00807730644153383,0.00858601079987453,6.0757136704984,0.509755540567309
6,LT,5,SPL-L,RT_Down_pro_R,0.45057681695002,0.640525743454287,1.09110256040431,0.00884131259076672,0.00939163281597341,6.06353034405973,0.496703048794149
6,LT,6,AG-L,RT_Down_pro_R,0.455251992833722,0.301504251309454,0.756756244143176,0.00748873954183209,0.00797583953263785,6.09301762757438,0.516156046418315
6,LT,7,mIPS-L,RT_Down_pro_R,0.378118276522808,0.612165984276178,0.990284260798986,0.00864389019060931,0.00922359031768412,6.0655987590254,0.504713284250092
6,LT,8,VIP-L,RT_Down_pro_R,0.67814584115631,0.316770851337822,0.994916692494132,0.00900455230786006,0.00957833520644717,6.06475729942144,0.506655916429905
6,LT,9,SPOC-L,RT_Down_pro_R,0.554982041782648,0.211420191505993,0.766402233288641,0.00826153386923118,0.00881743478807053,6.08284724839966,0.518589868337662
6,LT,10,S1-L,RT_Down_pro_R,0.287503708711286,0.323656587249146,0.611160295960432,0.00744738926618791,0.00794646698880478,6.10082368546234,0.521808491432773
6,LT,11,M1-L,RT_Down_pro_R,0.312900674696264,0.40508128527087,0.717981959967134,0.00775375818153489,0.00826938420577133,6.09062567699411,0.52103118746326
6,LT,12,SMA-L,RT_Down_pro_R,0.348641993964453,0.282848436179114,0.631490430143567,0.00701931981542494,0.00748016683878288,6.10474688282016,0.523735866500069
6,LT,13,PMd-L,RT_Down_pro_R,0.201499840414235,0.273615276738903,0.475115117153138,0.00546541058168476,0.00580944978637302,6.13182498909899,0.524274319068754
6,LT,14,PMv-L,RT_Down_pro_R,0.0440226988152441,0.34654443329236,0.390567132107604,0.00371592250606577,0.00395216945258333,6.169067184703,0.527720579537474
6,LT,15,FEF-L,RT_Down_pro_R,0.142180803434879,0.386580567565127,0.528761371000006,0.00567204220042876,0.00600189616717883,6.13212163502967,0.527434868731463
6,LT,16,POJ-L,RT_Down_pro_R,0.744707957466573,0.292536882839987,1.03724484030656,0.00862203565488505,0.00916524256878826,6.05989799516143,0.492617587162898
6,LT,17,V1-R,RT_Down_pro_R,0.13296003341605,0.277873790741068,0.410833824157117,0.00462003168576045,0.00492629945951868,6.14675054937934,0.528549418597297
6,LT,18,V3-R,RT_Down_pro_R,0.122548375415709,0.418150475305856,0.540698850721565,0.00594522420344878,0.00633549964037321,6.12110969774335,0.528296276020954
6,LT,19,STS-R,RT_Down_pro_R,0.134020157004044,0.546448395897929,0.680468552901974,0.00618344059567799,0.00654572880017629,6.11569667746093,0.523699568494441
6,LT,20,IPL-R,RT_Down_pro_R,0.648386645756787,0.283628091559951,0.932014737316738,0.00811902328911939,0.00862376851393374,6.08064201408085,0.513636123614437
6,LT,21,SPL-R,RT_Down_pro_R,0.561686764864892,0.368358232639308,0.9300449975042,0.00906026907750605,0.00962572781345766,6.06587271782271,0.498976024642417
6,LT,22,AG-R,RT_Down_pro_R,0.220524213364484,0.273482872883232,0.494007086247716,0.00551567817673252,0.00585013225202256,6.13137516190215,0.524712761973967
6,LT,23,mIPS-R,RT_Down_pro_R,0.447596831562793,0.39003269398613,0.837629525548924,0.00846606769605016,0.00899743246133786,6.0773311061335,0.513956088800621
6,LT,24,VIP-R,RT_Down_pro_R,0.816903120135741,0.27942251547323,1.09632563560897,0.00893726087829746,0.0094820278925935,6.06273826919585,0.504225418643932
6,LT,25,SPOC-R,RT_Down_pro_R,0.344933086088921,0.382311040853088,0.727244126942009,0.00802859620068823,0.00855135281259567,6.08577786885001,0.517642403729405
6,LT,26,S1-R,RT_Down_pro_R,0.300237532942497,0.61805153627637,0.918289069218867,0.00736661002537259,0.007811400874608,6.08810681478419,0.50917209670109
6,LT,27,M1-R,RT_Down_pro_R,0.368359970900555,0.356555165475042,0.724915136375597,0.00726907140936379,0.0077257421798028,6.0970986091959,0.516271275682056
6,LT,28,SMA-R,RT_Down_pro_R,0.469716705357453,0.545609490836336,1.01532619619379,0.00973254282213144,0.010361734483249,6.05518175604982,0.495911587269526
6,LT,29,PMd-R,RT_Down_pro_R,0.15329386293718,0.199637094231799,0.352930957168979,0.00485922241722759,0.00516926123664552,6.14762096830502,0.534666155622227
6,LT,30,PMv-R,RT_Down_pro_R,0.127926797138424,0.153140970217056,0.281067767355481,0.00428577933973202,0.00458727463195345,6.16233745081214,0.534772212292256
6,LT,31,FEF-R,RT_Down_pro_R,0.185158782747392,0.316623698115256,0.501782480862648,0.00602114677334645,0.00642267468634215,6.12331414021011,0.528401996446076
6,LT,32,POJ-R,RT_Down_pro_R,0.362667884526694,0.275514601449367,0.638182485976061,0.00659230195390775,0.00702030709591743,6.10594801481142,0.521859945839538
7,NvA,1,V1-L,RT_Down_pro_R,0.0521514766756885,0.159420445731656,0.211571922407344,0.00299008228292714,0.00330176276468274,5.89344988945691,0.536636698701222
7,NvA,2,V3-L,RT_Down_pro_R,0.106166696373267,0.379597572158943,0.48576426853221,0.0038005869486868,0.00415918032502169,5.85859097093973,0.518716656820868
7,NvA,3,STS-L,RT_Down_pro_R,0.150145762778465,0.211221917260775,0.361367680039241,0.00410895170361155,0.00450740170228808,5.86421803175495,0.525090228225846
7,NvA,4,IPL-L,RT_Down_pro_R,0.941835625190623,0.49331926146068,1.4351548866513,0.00972426946829985,0.0106220408315327,5.73002487098668,0.464474349758701
7,NvA,5,SPL-L,RT_Down_pro_R,0.438991386296958,0.444814323801176,0.883805710098135,0.00680731166643074,0.00743396623576225,5.78678411113085,0.488141008776997
7,NvA,6,AG-L,RT_Down_pro_R,0.303327861826594,0.124612812991733,0.427940674818327,0.00426956873260565,0.0046661244683231,5.85746720376967,0.519279572680111
7,NvA,7,mIPS-L,RT_Down_pro_R,0.512838784601592,0.182200045565756,0.695038830167348,0.00611169290026561,0.00670478638728092,5.81259828856487,0.511435995543796
7,NvA,8,VIP-L,RT_Down_pro_R,0.289833901677594,0.450642660790071,0.740476562467665,0.00651233010566909,0.0070851690037758,5.80991360776144,0.502032784897955
7,NvA,9,SPOC-L,RT_Down_pro_R,0.309170972759781,0.273782898595664,0.582953871355445,0.00503520348599341,0.0055507749023299,5.83143371229851,0.514096027920099
7,NvA,10,S1-L,RT_Down_pro_R,0.529218981277233,0.538060283130329,1.06727926440756,0.00760371668466277,0.00826727525581849,5.780110748052,0.496725681270651
7,NvA,11,M1-L,RT_Down_pro_R,0.286842647251188,0.423653911174711,0.7104965584259,0.00661241762318791,0.00720580409923628,5.8085088124809,0.50866868663378
7,NvA,12,SMA-L,RT_Down_pro_R,0.264247673870518,0.396362104552358,0.660609778422876,0.00621528195767326,0.00675445947529185,5.81956013111678,0.515426241319098
7,NvA,13,PMd-L,RT_Down_pro_R,0.285967258607983,0.368500328217254,0.654467586825237,0.0055815484528197,0.00608124864267089,5.82391714823626,0.507351486141071
7,NvA,14,PMv-L,RT_Down_pro_R,0.058442076291544,0.252806684554672,0.311248760846216,0.00327200105699914,0.00356294946468384,5.88088767453965,0.528918778162375
7,NvA,15,FEF-L,RT_Down_pro_R,0.33390181926685,0.165387839693425,0.499289658960275,0.00465317788477232,0.00506645961566387,5.84964728910611,0.521440041530455
7,NvA,16,POJ-L,RT_Down_pro_R,0.22625500159277,0.204616811270314,0.430871812863085,0.0041027444576158,0.00448549357259864,5.85879955627966,0.518606058483699
7,NvA,17,V1-R,RT_Down_pro_R,0.121947524903659,0.169162141284403,0.291109666188061,0.00358028026726528,0.00392297379027277,5.87575453346785,0.53156204912515
7,NvA,18,V3-R,RT_Down_pro_R,0.194814965825998,0.209332475938495,0.404147441764493,0.00418483666031841,0.00458442082610711,5.85852187482816,0.523451134566132
7,NvA,19,STS-R,RT_Down_pro_R,0.136568181307922,0.19279879214089,0.329366973448812,0.00363612421090982,0.00396501198507903,5.87628226055043,0.530107724329143
7,NvA,20,IPL-R,RT_Down_pro_R,0.210746948813705,0.464560137230581,0.675307086044286,0.0062686692126927,0.00689348741739846,5.81264515529253,0.513470187569773
7,NvA,21,SPL-R,RT_Down_pro_R,0.369299820798263,0.254413598147518,0.623713418945781,0.0053479799777337,0.00580751538455741,5.8276784867881,0.514393449688173
7,NvA,22,AG-R,RT_Down_pro_R,0.216269711688048,0.267461562477631,0.483731274165679,0.00465118055786805,0.0050469251406171,5.84644017073308,0.515929904690168
7,NvA,23,mIPS-R,RT_Down_pro_R,0.297414073599048,0.109843786792966,0.407257860392013,0.00456174812690863,0.00496299044958904,5.85427195644489,0.526504674825057
7,NvA,24,VIP-R,RT_Down_pro_R,0.243852746030414,0.498671888779819,0.742524634810233,0.00678150502430689,0.00742652741689043,5.80290851723175,0.516029501427585
7,NvA,25,SPOC-R,RT_Down_pro_R,0.346209416115716,0.442648344807923,0.788857760923639,0.00660331929921943,0.00722848732157481,5.80404204619445,0.510363310022212
7,NvA,26,S1-R,RT_Down_pro_R,0.227295950501531,0.165591151791979,0.39288710229351,0.00471999304085889,0.00512343682640777,5.85347508188173,0.5276252753731
7,NvA,27,M1-R,RT_Down_pro_R,0.40540956620291,0.205340053981054,0.610749620183963,0.00604445391946277,0.00654817670510795,5.82294438857136,0.519740171133032
7,NvA,28,SMA-R,RT_Down_pro_R,0.163717531108923,0.429791415198747,0.59350894630767,0.00544919390138205,0.00588432473496803,5.83400680497025,0.518564970668825
7,NvA,29,PMd-R,RT_Down_pro_R,0.460938668077683,0.277022351857571,0.737961019935254,0.00676188703247544,0.00734599902940693,5.80491968882616,0.512416098606074
7,NvA,30,PMv-R,RT_Down_pro_R,0.0413446868317384,0.18174149786795,0.223086184699688,0.00253124534822722,0.00276230654556009,5.89971166428683,0.532422395035004
7,NvA,31,FEF-R,RT_Down_pro_R,0.425284386628954,0.314122376091991,0.739406762720945,0.00635203873138827,0.00688627893829855,5.81348683999423,0.510521889881063
7,NvA,32,POJ-R,RT_Down_pro_R,0.679793964714747,0.378744594148869,1.05853855886362,0.00788952573397254,0.00857050206374713,5.76527240546095,0.482211241794158
8,RR,1,V1-L,RT_Down_pro_R,0.196137044057511,0.17650913105797,0.372646175115482,0.00408719162222773,0.00444424584581984,5.93311056045378,0.561215713954524
8,RR,2,V3-L,RT_Down_pro_R,0.0872559856611887,0.206412892041463,0.293668877702652,0.00362822113881389,0.00395982216130775,5.9433794483423,0.569305763011025
8,RR,3,STS-L,RT_Down_pro_R,0.0784106812579655,0.218546142843255,0.29695682410122,0.00351138563888012,0.00382041149216635,5.94562530841389,0.566506952046583
8,RR,4,IPL-L,RT_Down_pro_R,0.79758054400915,0.228520816877128,1.02610136088628,0.00795663768579737,0.00866909046995478,5.84602198767787,0.537177617476106
8,RR,5,SPL-L,RT_Down_pro_R,0.647245529929048,0.359021435916173,1.00626696584522,0.00776925599828775,0.00842506417679731,5.84142144558873,0.527156089672521
8,RR,6,AG-L,RT_Down_pro_R,0.343774068101337,0.24564366401992,0.589417732121257,0.00539023036838712,0.00583636357698781,5.90132271910433,0.530791252202006
8,RR,7,mIPS-L,RT_Down_pro_R,0.735990377409571,0.274895561445502,1.01088593885507,0.0080420126658447,0.00876655601956702,5.84465741904167,0.533596059403551
8,RR,8,VIP-L,RT_Down_pro_R,0.459091775265061,0.27303249927986,0.732124274544921,0.00641743760256852,0.00696908269990514,5.87653744068496,0.547798330783803
8,RR,9,SPOC-L,RT_Down_pro_R,0.552523380478232,0.225896399969474,0.778419780447706,0.00606547148346699,0.00660641453531978,5.87637881372514,0.542786329302866
8,RR,10,S1-L,RT_Down_pro_R,0.397841339700753,0.415989749723375,0.813831089424129,0.0066070278969329,0.00715869295749941,5.87308804077326,0.544289881752443
8,RR,11,M1-L,RT_Down_pro_R,0.484302409193614,0.376760556003734,0.861062965197348,0.0074674022542471,0.00810176538469886,5.85814823965714,0.545430023401222
8,RR,12,SMA-L,RT_Down_pro_R,0.426486260881463,0.616518375660444,1.04300463654191,0.00787398073594974,0.00856488936537109,5.84419938776984,0.530901783446806
8,RR,13,PMd-L,RT_Down_pro_R,0.213115625965717,0.519940456738742,0.733056082704459,0.00597337210681904,0.00644169376292255,5.88044286964587,0.542193006206558
8,RR,14,PMv-L,RT_Down_pro_R,0.0650006914193418,0.184820227731996,0.249820919151338,0.00330042118407811,0.00356842517120572,5.95567219124855,0.571703307424691
8,RR,15,FEF-L,RT_Down_pro_R,0.110841587939722,0.295510563432055,0.406352151371777,0.00436818312760106,0.00473753732529442,5.92687758291449,0.565258194971011
8,RR,16,POJ-L,RT_Down_pro_R,0.463883182885927,0.243093485974834,0.706976668860761,0.00599946826083492,0.00656026836778316,5.88390910559832,0.546409945124587
8,RR,17,V1-R,RT_Down_pro_R,0.196717230145228,0.116345527905895,0.313062758051123,0.00355721288912638,0.00386505430628233,5.94325905526504,0.564346395387235
8,RR,18,V3-R,RT_Down_pro_R,0.128604343946145,0.338264226893009,0.466868570839154,0.0044251900815022,0.00484495528149982,5.91559688717996,0.558297498017433
8,RR,19,STS-R,RT_Down_pro_R,0.160270012660541,0.223554035894631,0.383824048555171,0.00470567955587584,0.00514740436648704,5.91868820295726,0.566724245450222
8,RR,20,IPL-R,RT_Down_pro_R,0.315293063652735,0.405253436057932,0.720546499710668,0.0067562626648637,0.00737986736101329,5.87111091650163,0.549007573563808
8,RR,21,SPL-R,RT_Down_pro_R,0.299144473270066,0.384616542491778,0.683761015761844,0.00607365911542205,0.00662871740726057,5.88141476216311,0.540732990051769
8,RR,22,AG-R,RT_Down_pro_R,0.0926779948658691,0.330371456289699,0.423049451155568,0.00395768014531429,0.00431083995728337,5.9309552247891,0.561254067518209
8,RR,23,mIPS-R,RT_Down_pro_R,0.384826787729936,0.411828125482498,0.796654913212435,0.00651359432689795,0.0071400582259342,5.85942794832693,0.535887165113814
8,RR,24,VIP-R,RT_Down_pro_R,0.273337206890462,0.272689386891848,0.546026593782309,0.00533070595836996,0.00581542807652137,5.90091097192736,0.555099011662389
8,RR,25,SPOC-R,RT_Down_pro_R,0.273643040375049,0.256859693732993,0.530502734108042,0.0052813178716656,0.00576559522400669,5.90312460271377,0.557118394799951
8,RR,26,S1-R,RT_Down_pro_R,0.209245375071945,0.44468751581714,0.653932890889085,0.00616149494261241,0.00670361715558249,5.88379711486617,0.555669027506537
8,RR,27,M1-R,RT_Down_pro_R,0.148137377543207,0.347598639684294,0.495736017227501,0.00482967032709443,0.00524800021235728,5.9141888854282,0.556463345398998
8,RR,28,SMA-R,RT_Down_pro_R,0.342517161940684,0.721773142126284,1.06429030406697,0.00781604793036042,0.00851240434417596,5.84827176129726,0.533581227175949
8,RR,29,PMd-R,RT_Down_pro_R,0.443888883834892,0.415902379811691,0.859791263646583,0.007463002920123,0.00813754437396039,5.85106713392321,0.525073522147259
8,RR,30,PMv-R,RT_Down_pro_R,0.196542660249155,0.164354598846856,0.360897259096012,0.00400315458046236,0.00435074538557875,5.93388700227533,0.561005696412099
8,RR,31,FEF-R,RT_Down_pro_R,0.192698045603342,0.214564018662819,0.407262064266162,0.00416999047773386,0.00453462960164174,5.92654896153645,0.558856726692425
8,RR,32,POJ-R,RT_Down_pro_R,0.40764122375037,0.214890680379941,0.622531904130311,0.00582404000317898,0.0063763031832014,5.88990001797873,0.551436241122529
9,SJB,1,V1-L,RT_Down_pro_R,0.0871736304795059,0.492040002287213,0.579213632766719,0.00505673843757323,0.0054895900606738,5.91568472475689,0.529124902780975
9,SJB,2,V3-L,RT_Down_pro_R,0.148039052354986,0.84979950183567,0.997838554190656,0.00592604173967104,0.00635635345529532,5.88270356105144,0.507220752191372
9,SJB,3,STS-L,RT_Down_pro_R,0.126832678754702,0.225889689374303,0.352722368129005,0.00386886088687546,0.00418766032469502,5.94800336100301,0.536840533387919
9,SJB,4,IPL-L,RT_Down_pro_R,0.669706926381208,0.171864576806162,0.84157150318737,0.00673242684757491,0.00730045365960051,5.88073147745924,0.518989742502676
9,SJB,5,SPL-L,RT_Down_pro_R,0.505607839531199,0.544395693769415,1.05000353330061,0.00880435924763673,0.009574434058076,5.84156735184409,0.500321794152341
9,SJB,6,AG-L,RT_Down_pro_R,0.44151126991998,0.457623021277969,0.899134291197949,0.00813654549385126,0.00882469587247743,5.85874761626818,0.515019139103028
9,SJB,7,mIPS-L,RT_Down_pro_R,0.599000086770239,0.561238967512546,1.16023905428279,0.00875608741176242,0.00946532299798933,5.8270095817186,0.485752077647543
9,SJB,8,VIP-L,RT_Down_pro_R,0.814158623920403,0.407397555261535,1.22155617918194,0.00841988164733671,0.00909699367530507,5.84176889701416,0.498396747914068
9,SJB,9,SPOC-L,RT_Down_pro_R,0.690907503892215,0.309202336014954,1.00010983990717,0.00823972903716103,0.00899726212230803,5.84856045237766,0.506742712101655
9,SJB,10,S1-L,RT_Down_pro_R,0.234707762314054,0.205736790727393,0.440444553041447,0.00450910985158809,0.00484118366425389,5.92916702412992,0.524196066826061
9,SJB,11,M1-L,RT_Down_pro_R,0.699732729188256,0.223187053529439,0.922919782717695,0.00709914535365157,0.00774439770991571,5.8671649933798,0.512360189940355
9,SJB,12,SMA-L,RT_Down_pro_R,0.224112236267223,0.526512970923054,0.750625207190277,0.0065554823889072,0.00707903740482372,5.88019522312285,0.514659775635365
9,SJB,13,PMd-L,RT_Down_pro_R,0.562726302063114,0.330646964236216,0.89337326629933,0.00788603839030168,0.00857306081799145,5.85534032892216,0.50392692193815
9,SJB,14,PMv-L,RT_Down_pro_R,0.0739200248189628,0.195091601621436,0.269011626440399,0.00346510144574053,0.00372637268802335,5.95952522604174,0.542120955269709
9,SJB,15,FEF-L,RT_Down_pro_R,0.175943736408738,0.263155523883631,0.439099260292369,0.00521562602219409,0.00565878784060186,5.91685306233074,0.530725506296428
9,SJB,16,POJ-L,RT_Down_pro_R,0.678833960921049,0.327365121502701,1.00619908242375,0.00749672654128844,0.00817107170782116,5.85599014716621,0.51062835340724
9,SJB,17,V1-R,RT_Down_pro_R,0.134085985041243,0.60004825737392,0.734134242415163,0.00551537306195479,0.00593984988433071,5.90202178291413,0.523177248689588
9,SJB,18,V3-R,RT_Down_pro_R,0.118411060149277,0.203533176056845,0.321944236206122,0.00409881901523009,0.00445203438666514,5.94194651453528,0.53979093148706
9,SJB,19,STS-R,RT_Down_pro_R,0.0611779249219499,0.243027395651384,0.304205320573334,0.00346645130245915,0.00373853308604595,5.95766336616918,0.538856346774012
9,SJB,20,IPL-R,RT_Down_pro_R,0.146474008283152,0.206080137530201,0.352554145813353,0.00372003136272839,0.00405493083006343,5.94341443737533,0.535137267508022
9,SJB,21,SPL-R,RT_Down_pro_R,0.189025407380536,0.312920410771985,0.50194581815252,0.00466140921697686,0.00504048632928178,5.92546954636284,0.528651918265759
9,SJB,22,AG-R,RT_Down_pro_R,0.399045350460756,0.205278711311777,0.604324061772534,0.00567278510426417,0.00617769667089045,5.90516982857969,0.526197184761067
9,SJB,23,mIPS-R,RT_Down_pro_R,0.322655962140102,0.188725843470138,0.51138180561024,0.00537717321053886,0.00588083898834588,5.9090524488761,0.532926859376451
9,SJB,24,VIP-R,RT_Down_pro_R,0.206750138324322,0.223212426128707,0.429962564453029,0.0048264175624507,0.00523065342807782,5.92055602405859,0.532305146207614
9,SJB,25,SPOC-R,RT_Down_pro_R,0.293849839448617,0.393029010581802,0.686878850030419,0.00554100215166608,0.00594456113609724,5.9027597273992,0.518665772625357
9,SJB,26,S1-R,RT_Down_pro_R,0.206415882068989,0.162760814019829,0.369176696088818,0.00402752816220991,0.00435248053604514,5.94135158260956,0.532287355653675
9,SJB,27,M1-R,RT_Down_pro_R,0.271278933262163,0.179115826755621,0.450394760017784,0.0047893045150093,0.00520087061880984,5.9228858035512,0.531970110289091
9,SJB,28,SMA-R,RT_Down_pro_R,0.277434250496537,0.457457288036024,0.734891538532561,0.00634131001573384,0.00684005179463019,5.887512336379,0.519593151318049
9,SJB,29,PMd-R,RT_Down_pro_R,0.226310655078204,0.166781786207164,0.393092441285368,0.00441031985274002,0.00478505299173415,5.93060972845421,0.534609930111685
9,SJB,30,PMv-R,RT_Down_pro_R,0.105791412565909,0.350612708715349,0.456404121281258,0.00475685268349281,0.00516680741953687,5.9240804366644,0.534550234526847
9,SJB,31,FEF-R,RT_Down_pro_R,0.125270183662705,0.182533811030433,0.307803994693138,0.00351349830510257,0.00379164443237713,5.95355654694499,0.53657363302191
9,SJB,32,POJ-R,RT_Down_pro_R,0.555265098630954,0.205891481696432,0.761156580327386,0.0062286512202766,0.00677306019365197,5.88884835587824,0.516978361436782
10,BG,1,V1-L,RT_Down_pro_R,0.0792608473107179,0.209070499950942,0.28833134726166,0.00330891948459447,0.00360987163096744,5.72509855112858,0.420597007482393
10,BG,2,V3-L,RT_Down_pro_R,0.150108195530638,0.274191506678268,0.424299702208906,0.00445602482860942,0.0048587310126272,5.69769771771372,0.413396381586249
10,BG,3,STS-L,RT_Down_pro_R,0.0970725047474713,0.251251185303466,0.348323690050937,0.00395378696437842,0.00431924628867862,5.71129621241677,0.418736357906305
10,BG,4,IPL-L,RT_Down_pro_R,0.106202288231043,0.280541224880369,0.386743513111413,0.0042829335675249,0.00468300563073905,5.70189564734749,0.414125003310237
10,BG,5,SPL-L,RT_Down_pro_R,0.455274104134963,0.143683688671741,0.598957792806704,0.00579875386761143,0.00632198004964202,5.66667836043889,0.410448675177533
10,BG,6,AG-L,RT_Down_pro_R,0.206343042316313,0.132637201446734,0.338980243763047,0.00375136391164131,0.00409381257141134,5.71410290854581,0.411524592401889
10,BG,7,mIPS-L,RT_Down_pro_R,0.289662112933901,0.194972677127536,0.484634790061437,0.00518288218572353,0.00564914585492483,5.68283414620189,0.409663855686872
10,BG,8,VIP-L,RT_Down_pro_R,0.138563033803606,0.405164000421337,0.543727034224943,0.00511103749271006,0.0055771450162116,5.68260334179205,0.407726372070519
10,BG,9,SPOC-L,RT_Down_pro_R,0.222785633865282,0.249229701935869,0.472015335801151,0.0046095292760437,0.00500340617821354,5.69036899624301,0.408644945777896
10,BG,10,S1-L,RT_Down_pro_R,0.304132817819501,0.368617543333903,0.672750361153404,0.00594736482008859,0.00645675432112613,5.65840753864582,0.398389794935971
10,BG,11,M1-L,RT_Down_pro_R,0.261116218366965,0.251012394490304,0.512128612857269,0.00472875175113433,0.00513361350309308,5.69285024097168,0.406698836264043
10,BG,12,SMA-L,RT_Down_pro_R,0.236259717271678,0.234139848008619,0.470399565280297,0.00486035428241037,0.00530360404849869,5.68591085174602,0.410622938057604
10,BG,13,PMd-L,RT_Down_pro_R,0.199159924171117,0.22285575529909,0.422015679470207,0.00418702007690789,0.00453778043131288,5.70142496595349,0.405131930805961
10,BG,14,PMv-L,RT_Down_pro_R,0.081005834317555,0.211473411458552,0.292479245776107,0.00340763277079212,0.00369572476220156,5.72571562924312,0.419155523427345
10,BG,15,FEF-L,RT_Down_pro_R,0.347101067146824,0.348549973937428,0.695651041084252,0.00634782908042196,0.00689462112499289,5.65569049227455,0.40005637184623
10,BG,16,POJ-L,RT_Down_pro_R,0.206403279830029,0.151026402443174,0.357429682273203,0.00374326513507445,0.00406903171821784,5.71214207831955,0.412579128415282
10,BG,17,V1-R,RT_Down_pro_R,0.117201439871014,0.140438391743534,0.257639831614548,0.00341841881832639,0.00374651884837746,5.72401268648362,0.422271452091179
10,BG,18,V3-R,RT_Down_pro_R,0.1005181325668,0.189909506760633,0.290427639327434,0.00356621174600903,0.00388847322681885,5.72216548737058,0.417302110074383
10,BG,19,STS-R,RT_Down_pro_R,0.044568003645536,0.106343118755111,0.150911122400647,0.00214031370542973,0.00233266430622579,5.76098094028423,0.425334654714516
10,BG,20,IPL-R,RT_Down_pro_R,0.426633910032517,0.273472823292161,0.700106733324678,0.00614180977817446,0.00672991176790892,5.65378468535438,0.399366418318746
10,BG,21,SPL-R,RT_Down_pro_R,0.297605097065147,0.228433138368072,0.526038235433219,0.00524818697022327,0.00569703802355042,5.68024458276665,0.404305230603503
10,BG,22,AG-R,RT_Down_pro_R,0.304120003277474,0.210510590022578,0.514630593300052,0.00505231648679085,0.0055134404788291,5.68285362213401,0.408319182416034
10,BG,23,mIPS-R,RT_Down_pro_R,0.499493524486732,0.198405008311333,0.697898532798065,0.00603896172646068,0.00659699894139643,5.6577655864114,0.398637830636625
10,BG,24,VIP-R,RT_Down_pro_R,0.501562050249566,0.390464704981692,0.892026755231259,0.00737625752826269,0.0080721286603938,5.62603823467368,0.38567306222455
10,BG,25,SPOC-R,RT_Down_pro_R,0.265568312885806,0.352391491023581,0.617959803909386,0.00557767766831583,0.00606856174485537,5.66985596421287,0.401735883504404
10,BG,26,S1-R,RT_Down_pro_R,0.184945502446775,0.357898856519945,0.54284435896672,0.00518316111228526,0.00562367742740476,5.68182314821047,0.406957509541478
10,BG,27,M1-R,RT_Down_pro_R,0.271920856052814,0.374786789119123,0.646707645171937,0.00572871712359607,0.00618880453195701,5.66869828697096,0.399880391561536
10,BG,28,SMA-R,RT_Down_pro_R,0.319011303538787,0.235625034181041,0.554636337719828,0.00564854257197654,0.00614135155394261,5.67361549212827,0.406292594659477
10,BG,29,PMd-R,RT_Down_pro_R,0.315358606564154,0.320371918067953,0.635730524632107,0.00539209769793173,0.00584593867323223,5.67216133906947,0.399801157003133
10,BG,30,PMv-R,RT_Down_pro_R,0.117063281206041,0.266301891734467,0.383365172940507,0.00398618264161983,0.00433081163378083,5.70985994338114,0.413392238382383
10,BG,31,FEF-R,RT_Down_pro_R,0.305280652394865,0.250195439963384,0.555476092358249,0.00484029390090887,0.00527264175212186,5.68664287358987,0.40265358170613
10,BG,32,POJ-R,RT_Down_pro_R,0.57078447347023,0.198120053319923,0.768904526790154,0.00558292600953166,0.00608344288421143,5.66234091817481,0.394735161379795
1,DOC,1,V1-L,RT_Down_anti_L,0.135411200087267,0.258489702869558,0.393900902956826,0.00499956481939026,0.00531296385097846,6.24298028053912,0.563926117831698
1,DOC,2,V3-L,RT_Down_anti_L,0.106413411068282,0.265930278949807,0.372343690018088,0.00509627191764229,0.00544153628492695,6.24076733555798,0.565517300497145
1,DOC,3,STS-L,RT_Down_anti_L,0.0751193276333508,0.247650917451671,0.322770245085022,0.00430964854529387,0.00462331455294629,6.25380145566646,0.566463528647055
1,DOC,4,IPL-L,RT_Down_anti_L,0.978507599146622,0.288432172964565,1.26693977211119,0.00979112916236432,0.0104064858401981,6.14090952297005,0.521573985034824
1,DOC,5,SPL-L,RT_Down_anti_L,0.528967869385208,0.430005367028546,0.958973236413754,0.00884315383819079,0.00936914285264227,6.16648997377205,0.537328106676345
1,DOC,6,AG-L,RT_Down_anti_L,0.351105021922819,0.299671682759534,0.650776704682352,0.00702657881384381,0.00743470819393346,6.20353717796221,0.546777826152883
1,DOC,7,mIPS-L,RT_Down_anti_L,0.512398357007204,0.294456733127194,0.806855090134399,0.00824376536958217,0.00875611363589565,6.17646053972021,0.542026905421553
1,DOC,8,VIP-L,RT_Down_anti_L,0.683235842185969,0.207033622725354,0.890269464911324,0.0074891269414081,0.00794666440233997,6.18653918712455,0.541899792771719
1,DOC,9,SPOC-L,RT_Down_anti_L,0.420959067674874,0.521963249394805,0.94292231706968,0.00836855901480461,0.00885443457079527,6.1697011966854,0.53525327197973
1,DOC,10,S1-L,RT_Down_anti_L,0.378107501314503,0.59617655656481,0.974284057879314,0.00863480760324979,0.00922340932758333,6.16865300224133,0.535557261115945
1,DOC,11,M1-L,RT_Down_anti_L,0.305992760597123,0.775420982144754,1.08141374274188,0.00867787136529549,0.00923045993046154,6.15647142489417,0.532094778241893
1,DOC,12,SMA-L,RT_Down_anti_L,0.317238021501756,0.460659829965852,0.777897851467608,0.00735795016977877,0.00780122785850057,6.18253980059509,0.544889695084494
1,DOC,13,PMd-L,RT_Down_anti_L,0.407161102162708,0.308705758593748,0.715866860756456,0.00752657675850711,0.0079926451191086,6.18953896849355,0.543193475621612
1,DOC,14,PMv-L,RT_Down_anti_L,0.10391910420273,0.221973686787344,0.325892790990074,0.00457362476854341,0.00484626095626601,6.25127575682751,0.565579873892362
1,DOC,15,FEF-L,RT_Down_anti_L,0.231975667856119,0.362512500241896,0.594488168098015,0.00696543357366181,0.00745102628593097,6.20279944851352,0.555288299242671
1,DOC,16,POJ-L,RT_Down_anti_L,0.216373470153575,0.361936497589971,0.578309967743546,0.00669529794840808,0.00711289337172018,6.21059022392604,0.552596846761033
1,DOC,17,V1-R,RT_Down_anti_L,0.0850554334130732,0.323692526850409,0.408747960263482,0.00464426564605266,0.00495160829696695,6.24863592732025,0.562298311689407
1,DOC,18,V3-R,RT_Down_anti_L,0.192719006514567,0.297539723196507,0.490258729711074,0.00550605537686636,0.00585887841080166,6.22878497143104,0.560492795342281
1,DOC,19,STS-R,RT_Down_anti_L,0.08767878490217,0.271878246069887,0.359557030972057,0.00461598828907639,0.00491957498186872,6.24788551636102,0.566752893124337
1,DOC,20,IPL-R,RT_Down_anti_L,0.226208260205636,0.312674779208493,0.538883039414129,0.00677130405922242,0.00721756398498222,6.21028027386421,0.558572236347555
1,DOC,21,SPL-R,RT_Down_anti_L,0.573607517765401,0.488265977395661,1.06187349516106,0.0108022563961045,0.0115389949176499,6.14168673350331,0.53587905470804
1,DOC,22,AG-R,RT_Down_anti_L,0.608441684292145,0.380486308810401,0.988927993102546,0.0100247378390913,0.0106863748038145,6.15414447093319,0.54630987359364
1,DOC,23,mIPS-R,RT_Down_anti_L,0.858584402044403,0.552899722173486,1.41148412421789,0.0122865954400176,0.013068085402509,6.11122718675172,0.520526325368902
1,DOC,24,VIP-R,RT_Down_anti_L,0.355132127821859,0.487499973159808,0.842632100981667,0.00874603033662194,0.00929455833271053,6.17642464394968,0.546672473929664
1,DOC,25,SPOC-R,RT_Down_anti_L,0.511485252293285,0.371437485593429,0.882922737886714,0.00889106885362383,0.00946077596735475,6.16590750841832,0.540281302970314
1,DOC,26,S1-R,RT_Down_anti_L,0.252548874323128,0.370468034994499,0.623016909317627,0.00703529546386122,0.00745910567161421,6.20197152482096,0.551104113622317
1,DOC,27,M1-R,RT_Down_anti_L,0.450447590615912,0.489614611403559,0.94006220201947,0.00924522876111572,0.00981058241660714,6.16323790853811,0.537492828027889
1,DOC,28,SMA-R,RT_Down_anti_L,0.446110950445238,0.353032290821626,0.799143241266864,0.00824816622236331,0.00879485135397638,6.17789661468846,0.54360457005926
1,DOC,29,PMd-R,RT_Down_anti_L,0.247929864370528,0.251849183929876,0.499779048300404,0.00631256233904512,0.00673120813267357,6.21576114765484,0.56217226042418
1,DOC,30,PMv-R,RT_Down_anti_L,0.0963358772448548,0.199120792310711,0.295456669555566,0.00443150343937614,0.00470696688283011,6.25649588581682,0.568788230519576
1,DOC,31,FEF-R,RT_Down_anti_L,0.198272376947368,0.192846336651715,0.391118713599083,0.00550348063852246,0.00587553852730649,6.23168522919926,0.566482957495089
1,DOC,32,POJ-R,RT_Down_anti_L,0.693780447257402,0.3928982426276,1.086678689885,0.0100731681152251,0.0107150109019291,6.14770333143507,0.537298490508483
2,GB,1,V1-L,RT_Down_anti_L,0.121659668715169,0.086921091086256,0.208580759801425,0.00265949582440894,0.00291408908410757,5.68335161734823,0.451957918729822
2,GB,2,V3-L,RT_Down_anti_L,0.112100286886884,0.117735140045698,0.229835426932582,0.00297386234193746,0.00326633174317315,5.67831690774087,0.450815453998464
2,GB,3,STS-L,RT_Down_anti_L,0.0501775261874531,0.105679705444818,0.155857231632271,0.00207813595895474,0.00226328336219684,5.70597429483397,0.456363289469483
2,GB,4,IPL-L,RT_Down_anti_L,0.207206308495539,0.249048540021091,0.45625484851663,0.00430477162476147,0.00467495486173245,5.63826990074479,0.43526721708289
2,GB,5,SPL-L,RT_Down_anti_L,0.273389257570496,0.162217076769157,0.435606334339653,0.00475064711778303,0.0051729352652912,5.63556039771773,0.444999054593351
2,GB,6,AG-L,RT_Down_anti_L,0.284098398825956,0.218878084395717,0.502976483221673,0.00470890143331663,0.00507780387905052,5.63273811144984,0.431703926830623
2,GB,7,mIPS-L,RT_Down_anti_L,0.526385967425423,0.183177210127028,0.709563177552451,0.00609756806913749,0.00659796734957466,5.60300155047006,0.430193812980595
2,GB,8,VIP-L,RT_Down_anti_L,0.222674315239055,0.208893750767914,0.43156806600697,0.00428658842032016,0.00463998119332063,5.64228095229997,0.4412172059255
2,GB,9,SPOC-L,RT_Down_anti_L,0.38607396067526,0.482631650914094,0.868705611589354,0.0069708476743404,0.00756596049794327,5.58464212366087,0.419078768001505
2,GB,10,S1-L,RT_Down_anti_L,0.207549238639612,0.271182759203368,0.47873199784298,0.00507868002089245,0.00548706043157248,5.62833510296793,0.440877157871005
2,GB,11,M1-L,RT_Down_anti_L,0.405561063016902,0.480561848918308,0.886122911935211,0.00755583380180406,0.00813929173050286,5.57253381677423,0.409743266708349
2,GB,12,SMA-L,RT_Down_anti_L,0.387726566640125,0.182504603419478,0.570231170059603,0.00547465928670344,0.0059484669924647,5.61693950435009,0.440745988883737
2,GB,13,PMd-L,RT_Down_anti_L,0.202749885270784,0.27481759232699,0.477567477597774,0.00481243154737702,0.00523294942098526,5.63102032972257,0.440116764188864
2,GB,14,PMv-L,RT_Down_anti_L,0.076124529418506,0.108464639370516,0.184589168789022,0.0025627048135824,0.00278767131861837,5.69213018357147,0.454964485498447
2,GB,15,FEF-L,RT_Down_anti_L,0.188346501485097,0.303481393865143,0.491827895350241,0.00485160786761743,0.00528244725919969,5.63115972290562,0.439983218290174
2,GB,16,POJ-L,RT_Down_anti_L,0.848429670577015,0.480357108685666,1.32878677926268,0.00887659367489806,0.00957623298180541,5.52830093357389,0.382166948852393
2,GB,17,V1-R,RT_Down_anti_L,0.0956854639626649,0.236932633755849,0.332618097718514,0.00345043383176294,0.00375072646076318,5.66672152871436,0.446936490770505
2,GB,18,V3-R,RT_Down_anti_L,0.0853548618539898,0.275346184914552,0.360701046768542,0.0035418371646033,0.00385302711742139,5.66344818602052,0.442941980349212
2,GB,19,STS-R,RT_Down_anti_L,0.101450328486687,0.177218762282754,0.27866909076944,0.00322857929044497,0.00350360084211543,5.67413133540464,0.449176826574126
2,GB,20,IPL-R,RT_Down_anti_L,0.323056987748914,0.29807109603759,0.621128083786505,0.00582026780823139,0.00632431683378995,5.60868958225875,0.436238148853333
2,GB,21,SPL-R,RT_Down_anti_L,0.17090040535072,0.456733629895439,0.627634035246159,0.00553518711080047,0.0060119064004222,5.61667641079888,0.437957850662604
2,GB,22,AG-R,RT_Down_anti_L,0.227674250810819,0.301162203904559,0.528836454715378,0.00508805385967952,0.00555241460600172,5.62095193125672,0.436955101774375
2,GB,23,mIPS-R,RT_Down_anti_L,0.297274276055058,0.0975908146352253,0.394865090690284,0.00416313161730155,0.00453432881083233,5.64847683329065,0.446908625778734
2,GB,24,VIP-R,RT_Down_anti_L,0.278603431268424,0.370541747289713,0.649145178558137,0.005794038010455,0.00625947340800262,5.61179874789747,0.433631871273212
2,GB,25,SPOC-R,RT_Down_anti_L,0.217660225980458,0.191490055537389,0.409150281517847,0.00427270500707834,0.00461760335961696,5.64414222924058,0.436807830878018
2,GB,26,S1-R,RT_Down_anti_L,0.388328396483005,0.238189113245508,0.626517509728514,0.00548002478327287,0.00591766442539142,5.61979071797512,0.436580604805282
2,GB,27,M1-R,RT_Down_anti_L,0.352862433386444,0.378888778286253,0.731751211672696,0.00632138489514541,0.00687035994309264,5.596205120328,0.421186360253231
2,GB,28,SMA-R,RT_Down_anti_L,0.242407670330365,0.209434495270836,0.451842165601201,0.00435299890050638,0.00471172553162354,5.64277878436137,0.442271084349735
2,GB,29,PMd-R,RT_Down_anti_L,0.335813347326732,0.228513185861031,0.564326533187762,0.00522076399086505,0.00565876429597859,5.61783712826517,0.427924637640129
2,GB,30,PMv-R,RT_Down_anti_L,0.06737374711297,0.202535270468965,0.269909017581935,0.00337343225462106,0.0036725908800021,5.66794979991663,0.449165187592195
2,GB,31,FEF-R,RT_Down_anti_L,0.136581767360921,0.211995323598088,0.348577090959009,0.00373702170141851,0.00406497967908053,5.65727924563923,0.445715474599628
2,GB,32,POJ-R,RT_Down_anti_L,0.194391755057308,0.224477003299762,0.418868758357071,0.00420034936439435,0.00458174698107326,5.64344932567095,0.445384650407806
3,JDC,1,V1-L,RT_Down_anti_L,0.247234180585942,0.276556405834781,0.523790586420723,0.00514116987246844,0.00551912743302681,6.14429012620612,0.583798099618248
3,JDC,2,V3-L,RT_Down_anti_L,0.218084280988569,0.318480717347314,0.536564998335883,0.00573770100625827,0.00619186177576097,6.13830766694148,0.58739297852712
3,JDC,3,STS-L,RT_Down_anti_L,0.114325941424653,0.447085695403492,0.561411636828145,0.0052166469733372,0.00557621642345174,6.14974168553241,0.589238952818197
3,JDC,4,IPL-L,RT_Down_anti_L,0.292936101618386,0.220826462413384,0.513762564031769,0.00585759940523863,0.00630703198359226,6.13651967296099,0.59001769696421
3,JDC,5,SPL-L,RT_Down_anti_L,0.801624950943254,0.291633227362318,1.09325817830557,0.00873466930552778,0.00946274918145072,6.07253176612246,0.56309084793477
3,JDC,6,AG-L,RT_Down_anti_L,0.157270043667975,0.260603195417447,0.417873239085423,0.00495012720294873,0.00534366120184065,6.15710694695911,0.594186460155979
3,JDC,7,mIPS-L,RT_Down_anti_L,0.714732886322691,0.217014215852237,0.931747102174929,0.00821557405378897,0.00890855469244958,6.08996877085105,0.579071631789846
3,JDC,8,VIP-L,RT_Down_anti_L,0.518545947318415,0.278886185620466,0.797432132938881,0.00777297104288895,0.00841306696363664,6.09948150934302,0.581147886748464
3,JDC,9,SPOC-L,RT_Down_anti_L,0.338384514640117,1.06441776309987,1.40280227773998,0.00894622227899808,0.00958404610822092,6.05540624087643,0.530006285022481
3,JDC,10,S1-L,RT_Down_anti_L,0.386193050463758,0.375087781984761,0.761280832448519,0.00757068640841993,0.00817014198586137,6.10510866559591,0.581567186060724
3,JDC,11,M1-L,RT_Down_anti_L,0.690427964073691,0.32349823009701,1.0139261941707,0.00905470936687738,0.00978613928486633,6.07431338140912,0.574542791041608
3,JDC,12,SMA-L,RT_Down_anti_L,0.324807599392071,0.333393682962806,0.658201282354877,0.00722993960148485,0.00779916044191885,6.11166601790796,0.586743061782997
3,JDC,13,PMd-L,RT_Down_anti_L,0.306759364689637,0.255733785529819,0.562493150219456,0.00683659857816061,0.00739137305207018,6.12428333392822,0.589117251199919
3,JDC,14,PMv-L,RT_Down_anti_L,0.0895361231022038,0.175727426303265,0.265263549405469,0.00380216285014764,0.00409041137356851,6.18512223211628,0.601294900875175
3,JDC,15,FEF-L,RT_Down_anti_L,0.149503469179819,0.221702023088982,0.371205492268801,0.00446963023713317,0.00480508347872568,6.16747610354262,0.589509506294276
3,JDC,16,POJ-L,RT_Down_anti_L,0.407562977040388,0.393942631790385,0.801505608830773,0.00733189899712913,0.00791365173250031,6.10688074231077,0.574093155797091
3,JDC,17,V1-R,RT_Down_anti_L,0.163416849027813,0.388063930526544,0.551480779554357,0.00616006061670255,0.00666894236595254,6.13517582688811,0.588959754413112
3,JDC,18,V3-R,RT_Down_anti_L,0.269310440522293,0.44478415349089,0.714094594013183,0.00709240104222522,0.00764918425303606,6.11291391018823,0.581729943029078
3,JDC,19,STS-R,RT_Down_anti_L,0.0689583686911665,0.103010793099806,0.171969161790972,0.00276332497082664,0.00298458931143684,6.21074988381778,0.606343966205184
3,JDC,20,IPL-R,RT_Down_anti_L,0.477309827478499,0.468291174232365,0.945601001710864,0.00809882064398162,0.00878252146884478,6.08024088813909,0.563628125490969
3,JDC,21,SPL-R,RT_Down_anti_L,0.827875122092343,0.506294374263009,1.33416949635535,0.00943404969181383,0.0101912712079044,6.05030714949517,0.545589289851918
3,JDC,22,AG-R,RT_Down_anti_L,0.268840033759324,0.266197804156953,0.535037837916276,0.00601396258610186,0.00648212641045904,6.13480564701952,0.585394099311575
3,JDC,23,mIPS-R,RT_Down_anti_L,0.533721237455249,0.207121148957278,0.740842386412527,0.00650240300507145,0.00699279211558564,6.1208515545055,0.575495693409035
3,JDC,24,VIP-R,RT_Down_anti_L,0.593081894937747,0.391634134243099,0.984716029180846,0.00900451495163933,0.00980558823962218,6.07899858158619,0.563376175743902
3,JDC,25,SPOC-R,RT_Down_anti_L,0.226444408785732,0.582306574316832,0.808750983102564,0.00699337403589956,0.00755079709798685,6.10574432929648,0.575006876254344
3,JDC,26,S1-R,RT_Down_anti_L,0.308991632761678,0.286468418662873,0.595460051424551,0.00635529967331053,0.0068635261838809,6.13092181350191,0.58389305534303
3,JDC,27,M1-R,RT_Down_anti_L,0.30447624386168,0.242233759041165,0.546710002902844,0.00557425202158544,0.00597848833161885,6.13981107120312,0.58564102169574
3,JDC,28,SMA-R,RT_Down_anti_L,0.374468945920769,0.346188513498259,0.720657459419028,0.00709948188485848,0.00766805081880143,6.1067138822608,0.573707763157111
3,JDC,29,PMd-R,RT_Down_anti_L,0.412912368716305,0.332353117521767,0.745265486238073,0.0073155241982377,0.00785436589783474,6.10149439955627,0.553275127337073
3,JDC,30,PMv-R,RT_Down_anti_L,0.0997557330965738,0.348149353453189,0.447905086549763,0.00519276779743212,0.00562777531999527,6.15374665080706,0.593271653948508
3,JDC,31,FEF-R,RT_Down_anti_L,0.251880636357999,0.333451195874417,0.585331832232416,0.00667125172664638,0.0071868074356625,6.12218758416983,0.587746845102334
3,JDC,32,POJ-R,RT_Down_anti_L,0.403435792128195,0.641671055598155,1.04510684772635,0.00784899806394627,0.00844211128359795,6.08564838098677,0.559400279163436
4,JFXD,1,V1-L,RT_Down_anti_L,0.186139748810303,0.496851699086105,0.682991447896409,0.00876695556514206,0.00918153040153814,7.11312794754197,0.830876455760856
4,JFXD,2,V3-L,RT_Down_anti_L,0.18672181544187,0.273723906998051,0.46044572243992,0.00710548366242133,0.00745790175430093,7.13930184556098,0.842170396593247
4,JFXD,3,STS-L,RT_Down_anti_L,0.382776630853766,0.390310294743187,0.773086925596953,0.0096756164489448,0.0101517358363539,7.10005796148331,0.825899525385098
4,JFXD,4,IPL-L,RT_Down_anti_L,0.972700766849747,0.247434618170661,1.22013538502041,0.0120652116398539,0.0126858899002743,7.05600649578683,0.818814778980031
4,JFXD,5,SPL-L,RT_Down_anti_L,0.902039391083382,0.438054099400027,1.34009349048341,0.0137938521028321,0.0144499627060507,7.03864270563339,0.803966338873808
4,JFXD,6,AG-L,RT_Down_anti_L,0.424096803395324,0.504608124651942,0.928704928047265,0.0115222164620699,0.0121025341360264,7.06929432243856,0.822926331456791
4,JFXD,7,mIPS-L,RT_Down_anti_L,0.998446158210849,0.435448847241076,1.43389500545192,0.0142882204220355,0.0149734109983389,7.02675976409863,0.809241261607453
4,JFXD,8,VIP-L,RT_Down_anti_L,0.887433387065299,0.322371807622723,1.20980519468802,0.0129630074794988,0.0136155684380252,7.05029016054465,0.815884707435623
4,JFXD,9,SPOC-L,RT_Down_anti_L,0.621928883007569,0.333221030464705,0.955149913472273,0.0109684342701387,0.0115408010933937,7.07913413317906,0.814829959305157
4,JFXD,10,S1-L,RT_Down_anti_L,0.723870118770888,0.283648938615083,1.00751905738597,0.0123735192914714,0.0130119919819632,7.06453280145204,0.82359575036559
4,JFXD,11,M1-L,RT_Down_anti_L,0.906724963740987,0.19016948164871,1.0968944453897,0.0122753196402188,0.0129049148304186,7.06275477209374,0.825072677361208
4,JFXD,12,SMA-L,RT_Down_anti_L,0.890883526530915,0.808906568576781,1.6997900951077,0.0166802948605029,0.017523277137168,6.9922491067566,0.792362068050062
4,JFXD,13,PMd-L,RT_Down_anti_L,0.940190900967536,0.198168473934286,1.13835937490182,0.011367320481434,0.0119541437279706,7.06763356556208,0.819767533754458
4,JFXD,14,PMv-L,RT_Down_anti_L,0.382962156127443,0.452886556355494,0.835848712482937,0.0099872675214169,0.0104521456979216,7.08896098109522,0.819712550338343
4,JFXD,15,FEF-L,RT_Down_anti_L,0.34849513796031,1.48111567567879,1.8296108136391,0.0148994736006933,0.0156477924306101,7.01059542800461,0.793266200562211
4,JFXD,16,POJ-L,RT_Down_anti_L,0.834839725039014,0.233616402802735,1.06845612784175,0.0123011598534119,0.0129200013763545,7.06176652757454,0.823498339417966
4,JFXD,17,V1-R,RT_Down_anti_L,0.193588286742617,0.48588562501774,0.679473911760358,0.00875752431787507,0.00917804042701927,7.10674599340544,0.821747831097377
4,JFXD,18,V3-R,RT_Down_anti_L,0.165130184432846,0.940948837262893,1.10607902169574,0.0106733353112724,0.0111856621920875,7.07779455624191,0.820589515638601
4,JFXD,19,STS-R,RT_Down_anti_L,0.289218656453971,0.586741260880569,0.87595991733454,0.0099336677290206,0.0104030234309369,7.08662791251459,0.818304631924805
4,JFXD,20,IPL-R,RT_Down_anti_L,0.579297704851148,1.15992557252028,1.73922327737143,0.0165500871022553,0.0173825752533676,7.00190674709321,0.794933386892414
4,JFXD,21,SPL-R,RT_Down_anti_L,0.724834349383545,0.563563966691751,1.2883983160753,0.0138490537953289,0.0145131560761537,7.03936202870934,0.809528478944721
4,JFXD,22,AG-R,RT_Down_anti_L,0.650361019562419,0.56790429354892,1.21826531311134,0.013505353420965,0.0142331367271744,7.04395650260316,0.807276278687063
4,JFXD,23,mIPS-R,RT_Down_anti_L,0.893683796149642,0.430804442688545,1.32448823883819,0.0134667673789769,0.0141296387332156,7.03732695775042,0.80936823455734
4,JFXD,24,VIP-R,RT_Down_anti_L,0.847309578086407,1.04443542871822,1.89174500680463,0.0174013683132796,0.0182338265164879,6.97876226660919,0.77380774445975
4,JFXD,25,SPOC-R,RT_Down_anti_L,0.437020341138127,0.505611213100441,0.942631554238568,0.0116371371792499,0.0122157744189646,7.07393848625447,0.826362800811872
4,JFXD,26,S1-R,RT_Down_anti_L,0.566819553759696,1.12634052980445,1.69316008356414,0.0172437180483634,0.0180930245477627,6.99283663944091,0.794159143359828
4,JFXD,27,M1-R,RT_Down_anti_L,0.468986933384619,0.949633451882924,1.41862038526754,0.0144450285351326,0.015137482275266,7.02938585522408,0.804431369270027
4,JFXD,28,SMA-R,RT_Down_anti_L,0.824593982180744,0.789406792104203,1.61400077428495,0.0167847536567359,0.0176410814837779,6.99928443352201,0.797425847586811
4,JFXD,29,PMd-R,RT_Down_anti_L,0.341146080435785,0.747062269005198,1.08820834944098,0.01218713819139,0.0127799683226037,7.06544540204278,0.818557305751261
4,JFXD,30,PMv-R,RT_Down_anti_L,0.27691859838143,0.850413207603293,1.12733180598472,0.0121503000569675,0.0127965002065505,7.05795566737924,0.815623072876009
4,JFXD,31,FEF-R,RT_Down_anti_L,0.283768943146323,0.60933931083383,0.893108253980152,0.011159384547921,0.0117263876408254,7.07972539994659,0.826202810399169
4,JFXD,32,POJ-R,RT_Down_anti_L,0.863380853678778,0.547756247969686,1.41113710164846,0.0139423811800381,0.0145471004219363,7.02502840661229,0.783445174038471
5,JZ,1,V1-L,RT_Down_anti_L,0.175700416171001,0.125727380245336,0.301427796416337,0.00361181330010964,0.00389195483496867,5.75713370409123,0.431718012276375
5,JZ,2,V3-L,RT_Down_anti_L,0.195186979418045,0.194607668995439,0.389794648413484,0.00428990976087022,0.00465269045791808,5.73909728380117,0.429552937901732
5,JZ,3,STS-L,RT_Down_anti_L,0.141696196404429,0.266898663866362,0.408594860270791,0.00427898299513667,0.00462513159865039,5.7389343499179,0.427720854748757
5,JZ,4,IPL-L,RT_Down_anti_L,0.250012296744652,0.410714746285865,0.660727043030517,0.00596184248564149,0.00645609509753289,5.69765367467294,0.417393617022966
5,JZ,5,SPL-L,RT_Down_anti_L,0.548313057452515,0.247199699423652,0.795512756876167,0.00676996547386676,0.00734254451702885,5.681783647726,0.417598494581189
5,JZ,6,AG-L,RT_Down_anti_L,0.446678910766578,0.229289899199707,0.675968809966285,0.00464764754999112,0.00503356483611386,5.7194622367969,0.412613528341496
5,JZ,7,mIPS-L,RT_Down_anti_L,0.496757867991857,0.168680644870518,0.665438512862375,0.00565810569140964,0.00611894887582252,5.70130126340309,0.414833087851738
5,JZ,8,VIP-L,RT_Down_anti_L,0.443996423111113,0.25369834366926,0.697694766780373,0.00601432095545281,0.0064715116513717,5.69695456980323,0.413529366327758
5,JZ,9,SPOC-L,RT_Down_anti_L,0.200566807705346,0.387728275890928,0.588295083596274,0.0056313812529922,0.00609304723682733,5.7095580355083,0.423494724097003
5,JZ,10,S1-L,RT_Down_anti_L,0.231250042954107,0.572966114603005,0.804216157557112,0.0056901461746781,0.00612811036207951,5.70122696167139,0.405028082407567
5,JZ,11,M1-L,RT_Down_anti_L,0.163725285963217,0.537564824595125,0.701290110558342,0.00546714269579937,0.00590266339857794,5.7089531220323,0.416113822413275
5,JZ,12,SMA-L,RT_Down_anti_L,0.512908899264179,0.297240685265779,0.810149584529958,0.00638528206550742,0.00689754032484249,5.6832417031176,0.40633867044892
5,JZ,13,PMd-L,RT_Down_anti_L,0.269030320677364,0.1720729968075,0.441103317484864,0.00480274391811392,0.0051930175908282,5.72805339513426,0.427255696052684
5,JZ,14,PMv-L,RT_Down_anti_L,0.0547383006482078,0.230828824904214,0.285567125552422,0.00319827710321848,0.00344572098968889,5.77070535310241,0.435433375918164
5,JZ,15,FEF-L,RT_Down_anti_L,0.0856947848250034,0.260296274282832,0.345991059107835,0.00375242089544072,0.00406109990120693,5.75358246069241,0.430696925807187
5,JZ,16,POJ-L,RT_Down_anti_L,0.149819851478397,0.324706073200351,0.474525924678748,0.00411781191374175,0.00443479522544869,5.73770983112262,0.421240009455974
5,JZ,17,V1-R,RT_Down_anti_L,0.144215252953383,0.233985778948803,0.378201031902186,0.00419267640645159,0.00452712550798476,5.74335232659466,0.431293244741252
5,JZ,18,V3-R,RT_Down_anti_L,0.241050079583434,0.0864501432948629,0.327500222878296,0.00383454150307257,0.00412665784243552,5.75181390746746,0.433869050169572
5,JZ,19,STS-R,RT_Down_anti_L,0.12193937557424,0.254890032374783,0.376829407949023,0.00433342493936821,0.00470440033510584,5.73870056874042,0.431130354735038
5,JZ,20,IPL-R,RT_Down_anti_L,0.498285350922922,0.17515376977301,0.673439120695931,0.00574550268763247,0.00622864005312753,5.70114407902995,0.420223488894737
5,JZ,21,SPL-R,RT_Down_anti_L,0.196080129140409,0.608980942882661,0.80506107202307,0.00641834135404315,0.00695530204285791,5.6829456069976,0.411598192657776
5,JZ,22,AG-R,RT_Down_anti_L,0.254809677023403,0.306809641641008,0.561619318664411,0.00527703292630216,0.00569268324809734,5.71685454068497,0.422619313930605
5,JZ,23,mIPS-R,RT_Down_anti_L,0.360762500222525,0.342194048652262,0.702956548874788,0.00640011622602342,0.00694022608392969,5.68874007044256,0.416244123548831
5,JZ,24,VIP-R,RT_Down_anti_L,0.514105006867731,0.178705889819323,0.692810896687054,0.00599698145408603,0.00648433613033307,5.6974218423545,0.41764958019109
5,JZ,25,SPOC-R,RT_Down_anti_L,0.336956891485147,0.197136364461344,0.534093255946491,0.00484086926624862,0.00523098174089057,5.7253666634048,0.422823218712055
5,JZ,26,S1-R,RT_Down_anti_L,0.169004901850567,0.156635533613238,0.325640435463805,0.00384784635422556,0.00416988228550441,5.75137406434689,0.430284789085204
5,JZ,27,M1-R,RT_Down_anti_L,0.160054525215578,0.2258485338318,0.385903059047378,0.00371370037026707,0.00399740295629585,5.75309706361854,0.426917226853441
5,JZ,28,SMA-R,RT_Down_anti_L,0.394405035352637,0.192602817092789,0.587007852445426,0.00550473944896027,0.00594756278304562,5.71191881346588,0.420065272498671
5,JZ,29,PMd-R,RT_Down_anti_L,0.19961998684377,0.415702273686059,0.615322260529829,0.0053551036287351,0.00576266704709519,5.71132346191467,0.419082798188899
5,JZ,30,PMv-R,RT_Down_anti_L,0.124273548965366,0.148559356766567,0.272832905731932,0.00318727298142726,0.00343266012943471,5.76918108852228,0.433170884256673
5,JZ,31,FEF-R,RT_Down_anti_L,0.12538086183291,0.209794174040236,0.335175035873145,0.00357883763280153,0.00384521714335848,5.75744737623663,0.430488924123642
5,JZ,32,POJ-R,RT_Down_anti_L,0.424074955415559,0.217424103840975,0.641499059256535,0.00517214001810313,0.00559901568374237,5.71313727851147,0.421768153147324
6,LT,1,V1-L,RT_Down_anti_L,0.159346471817398,0.146888912459597,0.306235384276995,0.00385581318107421,0.00414261815203509,6.05798084249989,0.505513156533679
6,LT,2,V3-L,RT_Down_anti_L,0.0749502430760831,0.16896093674582,0.243911179821903,0.00338628811047786,0.00363215122915672,6.07359231287308,0.507266932441412
6,LT,3,STS-L,RT_Down_anti_L,0.102735911330787,0.265874126650722,0.368610037981509,0.00425817538991657,0.00459741306534999,6.04879188723941,0.502198800610759
6,LT,4,IPL-L,RT_Down_anti_L,0.626751611310137,0.263073982112886,0.889825593423022,0.00773298498107075,0.0082888875187578,5.973522234991,0.476571751640314
6,LT,5,SPL-L,RT_Down_anti_L,0.362187796432958,0.459138401831631,0.821326198264589,0.00805008788435944,0.00865301874776834,5.97429292335929,0.484098398893744
6,LT,6,AG-L,RT_Down_anti_L,0.167912795500416,0.303767123335627,0.471679918836044,0.00544016490021049,0.00583134872276193,6.02731537510237,0.498037470387651
6,LT,7,mIPS-L,RT_Down_anti_L,0.422538426775379,0.345938480445746,0.768476907221125,0.00812211938986015,0.00873536661795761,5.97487252146731,0.487011559032653
6,LT,8,VIP-L,RT_Down_anti_L,0.564754898930543,0.30400778747743,0.868762686407972,0.00767591581877429,0.00822593472208671,5.97864935244776,0.481528215173252
6,LT,9,SPOC-L,RT_Down_anti_L,0.426083012997868,0.204589734588362,0.63067274758623,0.00650622912306844,0.00695644823436481,6.0059530532045,0.490669908678527
6,LT,10,S1-L,RT_Down_anti_L,0.190192320120784,0.453438601656355,0.643630921777139,0.00562020846346025,0.00603068741604857,6.01584876860648,0.489920299613432
6,LT,11,M1-L,RT_Down_anti_L,0.423196065052052,0.355864118069534,0.779060183121587,0.00769214563776032,0.00827485787652475,5.98297492379253,0.486998032987259
6,LT,12,SMA-L,RT_Down_anti_L,0.360542250904035,0.40590376273532,0.766446013639355,0.00793199598420389,0.00849987368029273,5.97985260139022,0.482350629425225
6,LT,13,PMd-L,RT_Down_anti_L,0.201061319896331,0.613078711057639,0.81414003095397,0.00686732905134819,0.00735874894003068,5.99013173778689,0.485886494041983
6,LT,14,PMv-L,RT_Down_anti_L,0.0522348614965494,0.137619588083787,0.189854449580337,0.00289815333688771,0.00310022764476648,6.08977693995974,0.50844632498074
6,LT,15,FEF-L,RT_Down_anti_L,0.180620274456803,0.489057578368697,0.6696778528255,0.005723706806859,0.00611691584637471,6.01493941950699,0.487518416608328
6,LT,16,POJ-L,RT_Down_anti_L,0.528772443378864,0.200875393349047,0.729647836727911,0.00656504857153574,0.00704548137307802,6.00070619886895,0.487531144687345
6,LT,17,V1-R,RT_Down_anti_L,0.172839971030857,0.324740655135335,0.497580626166192,0.00506357007095493,0.00541684822661927,6.02787467643118,0.492744814617739
6,LT,18,V3-R,RT_Down_anti_L,0.0992981208576957,0.487205955896178,0.586504076753874,0.00512659217854348,0.00547293558325755,6.03091905448618,0.492272720418174
6,LT,19,STS-R,RT_Down_anti_L,0.0782483888029095,0.265107819398629,0.343356208201538,0.00428825677200367,0.00460119972506148,6.05153157763268,0.503946668869914
6,LT,20,IPL-R,RT_Down_anti_L,0.687278972912983,0.356643398130492,1.04392237104348,0.00870161289629645,0.0093129242273273,5.95957873926862,0.477722032319363
6,LT,21,SPL-R,RT_Down_anti_L,0.501151776275342,0.369993948148303,0.871145724423644,0.00793573944056654,0.00846174286904058,5.9747308777682,0.475496293734307
6,LT,22,AG-R,RT_Down_anti_L,0.249608797991609,0.367445854658766,0.617054652650375,0.00637098487022751,0.00681494184523006,6.00605330049164,0.487572756133916
6,LT,23,mIPS-R,RT_Down_anti_L,0.600289629948909,0.302444443326873,0.902734073275782,0.00806162706797593,0.00858619532633781,5.97187982457554,0.477548468163208
6,LT,24,VIP-R,RT_Down_anti_L,0.870760499339043,0.397389385968031,1.26814988530707,0.0095114091148386,0.0101582635421381,5.93988352289428,0.461077364087486
6,LT,25,SPOC-R,RT_Down_anti_L,0.286794396819918,0.324660739260384,0.611455136080302,0.00706597740081031,0.00758891530780721,5.99708628232109,0.495258624711928
6,LT,26,S1-R,RT_Down_anti_L,0.297267041039376,0.520697974991684,0.81796501603106,0.00744888101321268,0.00795323729413384,5.98710691037061,0.482427912810567
6,LT,27,M1-R,RT_Down_anti_L,0.321317400510244,0.34614596005733,0.667463360567574,0.0069666561977105,0.0074614294407652,5.99723307025628,0.487937686306805
6,LT,28,SMA-R,RT_Down_anti_L,0.447909023474163,0.217321771685286,0.665230795159449,0.00663351631679146,0.00712394827216158,5.99770743789581,0.483518038368957
6,LT,29,PMd-R,RT_Down_anti_L,0.120976749625167,0.249962421921513,0.37093917154668,0.00416310516684358,0.004460558478879,6.05188972641172,0.499190315833892
6,LT,30,PMv-R,RT_Down_anti_L,0.151163042451567,0.188883997446596,0.340047039898163,0.0045938803171551,0.0049330208946197,6.04358409578284,0.500721578277865
6,LT,31,FEF-R,RT_Down_anti_L,0.15255880886282,0.387128912140687,0.539687721003507,0.00551625492997131,0.00591078624276285,6.02140300400368,0.492508017446364
6,LT,32,POJ-R,RT_Down_anti_L,0.593619681621263,0.251112527906565,0.844732209527829,0.00826490569856019,0.00887741961662552,5.9701478136896,0.478054202150615
7,NvA,1,V1-L,RT_Down_anti_L,0.0515058267961954,0.330185721183979,0.381691547980175,0.00375706680270499,0.00410016124246121,5.87366769091751,0.506598515643616
7,NvA,2,V3-L,RT_Down_anti_L,0.138939149560355,0.220196119006114,0.359135268566469,0.00377281827078621,0.00412712430809438,5.86727030193807,0.503479198479338
7,NvA,3,STS-L,RT_Down_anti_L,0.124667503294833,0.402347718944713,0.527015222239545,0.00484695210937107,0.00525175545457951,5.84730473297181,0.499485487815157
7,NvA,4,IPL-L,RT_Down_anti_L,0.894979219310144,0.561841984380689,1.45682120369083,0.0103381277943412,0.0111966491257271,5.72061777638134,0.433282961986819
7,NvA,5,SPL-L,RT_Down_anti_L,0.368414106153564,0.448865980542804,0.817280086696368,0.00677128472750659,0.00733583988891943,5.79983119517764,0.468869985544631
7,NvA,6,AG-L,RT_Down_anti_L,0.324424908015409,0.217142148193697,0.541567056209107,0.00521684955038727,0.00565973236708909,5.83811540592127,0.490819764747577
7,NvA,7,mIPS-L,RT_Down_anti_L,0.613797961218698,0.21203273333739,0.825830694556088,0.00676930323327584,0.00736293245114242,5.8018899204203,0.483967849680884
7,NvA,8,VIP-L,RT_Down_anti_L,0.181306206964218,0.215422874946036,0.396729081910253,0.0046932201753552,0.0051308703336931,5.85168623968067,0.505554732917246
7,NvA,9,SPOC-L,RT_Down_anti_L,0.274618038823847,0.216887925643314,0.49150596446716,0.00495464296282562,0.005438938218642,5.83814802441922,0.49709505200333
7,NvA,10,S1-L,RT_Down_anti_L,0.522109492528268,0.496995031625872,1.01910452415414,0.00829779904755066,0.00902589653068595,5.77489067776048,0.479778032803683
7,NvA,11,M1-L,RT_Down_anti_L,0.231770910085058,0.315531341911515,0.547302251996573,0.00523122262997137,0.00571683044010253,5.83561487158232,0.494426603400109
7,NvA,12,SMA-L,RT_Down_anti_L,0.295621965889117,0.202660696474718,0.498282662363834,0.00504633668426715,0.00548638091802891,5.84178783332307,0.499417911134416
7,NvA,13,PMd-L,RT_Down_anti_L,0.297822343852714,0.310211087134617,0.608033430987332,0.00577956756826569,0.00625052111957738,5.83012068123006,0.490762903299342
7,NvA,14,PMv-L,RT_Down_anti_L,0.0834434347264421,0.20947297947272,0.292916414199162,0.0036890234509975,0.0040153088644733,5.87734934935867,0.509902329991929
7,NvA,15,FEF-L,RT_Down_anti_L,0.417736463512497,0.199197367083774,0.616933830596272,0.00595776088536813,0.00648486213020729,5.8210127242646,0.491851337562946
7,NvA,16,POJ-L,RT_Down_anti_L,0.180388682841387,0.181334992284577,0.361723675125964,0.00450498886690146,0.00490660876151892,5.85962221610469,0.506491736567141
7,NvA,17,V1-R,RT_Down_anti_L,0.133151964655748,0.17001075153095,0.303162716186699,0.00339056843280546,0.00369865808946305,5.88327041503267,0.504774924458025
7,NvA,18,V3-R,RT_Down_anti_L,0.161467383235989,0.188102407894853,0.349569791130842,0.00368701857755171,0.00401350715867611,5.87280230961965,0.5057794035864
7,NvA,19,STS-R,RT_Down_anti_L,0.188241896742039,0.244084255670754,0.432326152412793,0.00497525480030257,0.00541050971922965,5.84565333089526,0.503879067406845
7,NvA,20,IPL-R,RT_Down_anti_L,0.461901456593228,0.360565009330903,0.822466465924131,0.00703994457249887,0.00771249580109668,5.79386508723411,0.48760859941757
7,NvA,21,SPL-R,RT_Down_anti_L,0.274955559254469,0.183398522995411,0.45835408224988,0.00446499223131228,0.00484723536757817,5.85070236788041,0.496150724029938
7,NvA,22,AG-R,RT_Down_anti_L,0.199652551735405,0.32356723875346,0.523219790488865,0.00478410277087541,0.00518117924523807,5.84375970955313,0.489900511038959
7,NvA,23,mIPS-R,RT_Down_anti_L,0.298620404410947,0.144627720393135,0.443248124804082,0.00502458522470292,0.0054879869332377,5.84491749901663,0.498752589178718
7,NvA,24,VIP-R,RT_Down_anti_L,0.439855656788599,0.425373560698164,0.865229217486763,0.00711637149329137,0.00779045115198324,5.78932923460303,0.48041895389387
7,NvA,25,SPOC-R,RT_Down_anti_L,0.202886949551283,0.588664937928623,0.791551887479906,0.00621775202772147,0.00681517211261705,5.81001128024728,0.492241832251088
7,NvA,26,S1-R,RT_Down_anti_L,0.257498737370976,0.393165297884607,0.650664035255583,0.00561541372492914,0.00610961024846976,5.82154710926342,0.484406844835995
7,NvA,27,M1-R,RT_Down_anti_L,0.310044140546622,0.377112759413377,0.687156899959999,0.00617487182916932,0.0067285937114462,5.81487294266231,0.487912912312241
7,NvA,28,SMA-R,RT_Down_anti_L,0.22620931605904,0.172646703752898,0.398856019811938,0.00493063752173549,0.00535060339675078,5.85103421569993,0.505563293860004
7,NvA,29,PMd-R,RT_Down_anti_L,0.22117864716887,0.251902823923954,0.473081471092824,0.00489910113783572,0.00530226221465343,5.84801156074646,0.49584289435573
7,NvA,30,PMv-R,RT_Down_anti_L,0.072884155577349,0.180637804917842,0.253521960495191,0.00330827310310469,0.00361256247619782,5.88486999260501,0.510712225195625
7,NvA,31,FEF-R,RT_Down_anti_L,0.28278666029358,0.222617760083987,0.505404420377567,0.00559302463936497,0.00611156799050845,5.83236895145227,0.49790822697297
7,NvA,32,POJ-R,RT_Down_anti_L,0.489343174412502,0.255420610629945,0.744763785042447,0.00625830530696682,0.00685805837153318,5.80983686693225,0.481706477177841
8,RR,1,V1-L,RT_Down_anti_L,0.141438727287485,0.15659071517904,0.298029442466525,0.00346320246749577,0.00377842909436743,5.74273018599699,0.445444979718419
8,RR,2,V3-L,RT_Down_anti_L,0.0855782927874193,0.331934021673861,0.41751231446128,0.00412712700297389,0.00449190622730965,5.7243799262047,0.439703624755409
8,RR,3,STS-L,RT_Down_anti_L,0.0603135153754727,0.105521451413353,0.165834966788826,0.00256705094298494,0.00279308845450297,5.76796372430343,0.450634366085991
8,RR,4,IPL-L,RT_Down_anti_L,0.662621556570053,0.15540830531957,0.818029861889623,0.00582439063401094,0.0063138919819893,5.67858026765449,0.424766945871731
8,RR,5,SPL-L,RT_Down_anti_L,0.367997706643141,0.397758538212085,0.765756244855226,0.00595525770141392,0.00644459601975635,5.67875743369535,0.421565905361962
8,RR,6,AG-L,RT_Down_anti_L,0.223793345402707,0.411565538588084,0.635358883990792,0.00565620954682188,0.00613297558078622,5.69011412466658,0.431306488012941
8,RR,7,mIPS-L,RT_Down_anti_L,0.566917902562936,0.30919939151208,0.876117294075016,0.00701169877295328,0.0076051372985098,5.6555657928415,0.412070877547281
8,RR,8,VIP-L,RT_Down_anti_L,0.331596435107023,0.149710167147573,0.481306602254596,0.00461281632288491,0.00500089952993319,5.70758464659114,0.432442392595581
8,RR,9,SPOC-L,RT_Down_anti_L,0.403920170550072,0.270569892688474,0.674490063238547,0.00555092213002614,0.00604497533027057,5.68712520478759,0.427372276007595
8,RR,10,S1-L,RT_Down_anti_L,0.48166766728161,0.225122525092583,0.706790192374193,0.00563500490552069,0.0060945381292312,5.68181222225078,0.427669735041701
8,RR,11,M1-L,RT_Down_anti_L,0.390310554201037,0.308541011397495,0.698851565598531,0.00635891720084336,0.00689125091930055,5.67423419951274,0.425963173621071
8,RR,12,SMA-L,RT_Down_anti_L,0.426696564740472,0.233362620823102,0.660059185563574,0.00617287412495577,0.0066992353647866,5.6778915735987,0.423699479489568
8,RR,13,PMd-L,RT_Down_anti_L,0.211261476110387,0.248483464635572,0.459744940745958,0.00463398337888661,0.00501445571408278,5.71321906685372,0.436484085586063
8,RR,14,PMv-L,RT_Down_anti_L,0.0620273028092693,0.275374968933585,0.337402271742854,0.00333962095913249,0.00361224494776674,5.74403548709396,0.441367661896052
8,RR,15,FEF-L,RT_Down_anti_L,0.0995189215753097,0.347614240996358,0.447133162571668,0.00437477125113129,0.00478005896394312,5.71863932086943,0.440919895256951
8,RR,16,POJ-L,RT_Down_anti_L,0.624000367578617,0.137315446704668,0.761315814283285,0.00518726224803194,0.00561309535803782,5.68918774604007,0.422598505909135
8,RR,17,V1-R,RT_Down_anti_L,0.293863263993562,0.283495021158175,0.577358285151736,0.00505661993973823,0.0055229931426417,5.68824590237525,0.428658301901911
8,RR,18,V3-R,RT_Down_anti_L,0.0864967147776643,0.166230316669848,0.252727031447512,0.00238807748414675,0.00260071463888601,5.76284464328573,0.441256719122347
8,RR,19,STS-R,RT_Down_anti_L,0.0996554194650597,0.0769653799387597,0.176620799403819,0.0025685040246173,0.00282027566992618,5.76512821553207,0.450911832920531
8,RR,20,IPL-R,RT_Down_anti_L,0.158443203666043,0.190450033610963,0.348893237277006,0.00408769176828499,0.00444844893051572,5.72672558329946,0.442683092848387
8,RR,21,SPL-R,RT_Down_anti_L,0.214995875992363,0.445129186104915,0.660125062097278,0.00527810800465585,0.00574366123406536,5.69233282283584,0.430424656413704
8,RR,22,AG-R,RT_Down_anti_L,0.159560758842901,0.200340370331408,0.359901129174309,0.00411379145535608,0.00448066117841513,5.72365529738042,0.441606769949188
8,RR,23,mIPS-R,RT_Down_anti_L,0.290784130939287,0.67066833422992,0.961452465169207,0.00653778243408074,0.00709053439061557,5.65620160692004,0.410852441375662
8,RR,24,VIP-R,RT_Down_anti_L,0.363585925434864,0.215352667378423,0.578938592813287,0.00553040235593049,0.00601826858908448,5.69340530695913,0.4333212971412
8,RR,25,SPOC-R,RT_Down_anti_L,0.230118933471154,0.363266968717162,0.593385902188317,0.00532347583710982,0.00580363130587003,5.69130756373097,0.427567444160118
8,RR,26,S1-R,RT_Down_anti_L,0.174632222676728,0.386610816840881,0.56124303951761,0.00498774035645736,0.00537282842384009,5.70282067544765,0.424909033225747
8,RR,27,M1-R,RT_Down_anti_L,0.115017959428664,0.568771510346864,0.683789469775528,0.00507184686953425,0.00548650468148953,5.69889544481676,0.430083676209012
8,RR,28,SMA-R,RT_Down_anti_L,0.338438144963611,0.277541653786685,0.615979798750296,0.00625934972189289,0.00682298853595435,5.67790521074452,0.43098481863975
8,RR,29,PMd-R,RT_Down_anti_L,0.355759515002832,0.197022845157438,0.55278236016027,0.00526743829618564,0.00574628150621776,5.69444935713815,0.432321465718196
8,RR,30,PMv-R,RT_Down_anti_L,0.0927420446110579,0.199958665314138,0.292700709925196,0.0035000493937236,0.00378282685547141,5.7413194906596,0.44307482135069
8,RR,31,FEF-R,RT_Down_anti_L,0.136063252087713,0.234125932288497,0.37018918437621,0.00397109176132232,0.0043012232816844,5.7261496428265,0.438998165295068
8,RR,32,POJ-R,RT_Down_anti_L,0.454221625185204,0.164037494930163,0.618259120115367,0.0050475850139365,0.00548477703855419,5.69523902076059,0.430796553239016
9,SJB,1,V1-L,RT_Down_anti_L,0.128380351012132,0.617221585921715,0.745601936933846,0.00599651275519057,0.00640685559817114,6.14111188084838,0.575361363606977
9,SJB,2,V3-L,RT_Down_anti_L,0.260986028284158,0.362856754433151,0.623842782717309,0.00598870486476289,0.00644475052373437,6.15032389040354,0.581891560721349
9,SJB,3,STS-L,RT_Down_anti_L,0.114587673643733,0.133175958731938,0.247763632375671,0.00363249588935346,0.00388839098123103,6.20300468272263,0.596942115015524
9,SJB,4,IPL-L,RT_Down_anti_L,0.849881932936738,0.236093341419885,1.08597527435662,0.00884682744134839,0.00948424029382413,6.09065771697333,0.563174530713108
9,SJB,5,SPL-L,RT_Down_anti_L,0.619792008484745,0.570988938268467,1.19078094675321,0.0102643173078095,0.0109707316953291,6.06771165056179,0.54925592511914
9,SJB,6,AG-L,RT_Down_anti_L,0.388354066911678,0.462345857721005,0.850699924632683,0.00767691387292397,0.00824524790009354,6.11679085906556,0.568730907941659
9,SJB,7,mIPS-L,RT_Down_anti_L,0.440509569209661,0.312722769193611,0.753232338403273,0.00751507086597264,0.00803677223874214,6.1197243978941,0.571358287461848
9,SJB,8,VIP-L,RT_Down_anti_L,0.559308520819912,0.319677925513422,0.878986446333334,0.00863070628779455,0.00923704678733299,6.10739474800426,0.567142846067793
9,SJB,9,SPOC-L,RT_Down_anti_L,0.715209291896828,0.496166807845645,1.21137609974247,0.0105470763519285,0.0113389330835283,6.06699737718382,0.553814222244962
9,SJB,10,S1-L,RT_Down_anti_L,0.228608377681822,0.628193992739756,0.856802370421578,0.00665322519157485,0.00706804279513015,6.13151336562454,0.562000744711157
9,SJB,11,M1-L,RT_Down_anti_L,0.864675687687938,0.491546817719122,1.35622250540706,0.0104141898056075,0.0111579948521731,6.05924004476564,0.540023385474904
9,SJB,12,SMA-L,RT_Down_anti_L,0.316092394425262,0.259973971107071,0.576066365532333,0.00640346137690618,0.00689472558582344,6.14310705181051,0.581284081923203
9,SJB,13,PMd-L,RT_Down_anti_L,0.430601234497555,0.219434179067869,0.650035413565424,0.006857593384199,0.00735836713721503,6.13521003572579,0.575566307226693
9,SJB,14,PMv-L,RT_Down_anti_L,0.0413026605634224,0.367267273855083,0.408569934418505,0.00396053644938383,0.00423821818547305,6.19839457732649,0.590479163483341
9,SJB,15,FEF-L,RT_Down_anti_L,0.128900731934391,0.259392517190909,0.3882932491253,0.00425572906983569,0.00456396070664165,6.18852000906623,0.583649355607396
9,SJB,16,POJ-L,RT_Down_anti_L,0.722411986252925,0.404243775460378,1.1266557617133,0.00903370286323189,0.00975030573811329,6.0836058637222,0.565493304316354
9,SJB,17,V1-R,RT_Down_anti_L,0.195571651683989,0.516680527155465,0.712252178839455,0.00639270089076074,0.00682167349308555,6.14246150324489,0.576700063327672
9,SJB,18,V3-R,RT_Down_anti_L,0.162651321764658,0.262668318759153,0.425319640523811,0.00547302099336956,0.00587435065883598,6.1682282527793,0.587110322641315
9,SJB,19,STS-R,RT_Down_anti_L,0.0809978474159924,0.302313735478628,0.383311582894621,0.00402612896434131,0.00431693631642968,6.19275456732903,0.589518574589264
9,SJB,20,IPL-R,RT_Down_anti_L,0.229281150170679,0.240567288009996,0.469848438180676,0.00608762735911921,0.00656696780911531,6.15264639742402,0.588963793679094
9,SJB,21,SPL-R,RT_Down_anti_L,0.315007720805539,0.574674835072407,0.889682555877946,0.00852021372149127,0.0091531499040874,6.1065207209002,0.568910542165734
9,SJB,22,AG-R,RT_Down_anti_L,0.610583063859048,0.565321023002836,1.17590408686188,0.00951454152630555,0.0101368156759438,6.07716673261279,0.544139247342791
9,SJB,23,mIPS-R,RT_Down_anti_L,0.585746585530978,0.316948213417559,0.902694798948538,0.00783970925727673,0.00839302186015652,6.11535503000253,0.568580002353835
9,SJB,24,VIP-R,RT_Down_anti_L,0.401958789432162,0.241827021578914,0.643785811011076,0.0068169416860256,0.00732029899549828,6.13396224244338,0.581407293026538
9,SJB,25,SPOC-R,RT_Down_anti_L,0.43222618497626,0.477388343751045,0.909614528727305,0.00842385971352324,0.0089834891598105,6.10303874098769,0.559931700765838
9,SJB,26,S1-R,RT_Down_anti_L,0.147933894120671,0.247699024587375,0.395632918708046,0.0044658653947059,0.00477222689271959,6.18255731412561,0.585294327326382
9,SJB,27,M1-R,RT_Down_anti_L,0.152840719784858,0.368190539011688,0.521031258796546,0.00590136394416937,0.0063113472110529,6.15597480844299,0.584888019385703
9,SJB,28,SMA-R,RT_Down_anti_L,0.37068821283628,0.365899231941827,0.736587444778107,0.00773800917448778,0.00833356640552644,6.118091701721,0.577877128137844
9,SJB,29,PMd-R,RT_Down_anti_L,0.284996779926382,0.32048776860114,0.605484548527522,0.00678271676629358,0.00728742090215113,6.13634324636575,0.577324629827049
9,SJB,30,PMv-R,RT_Down_anti_L,0.110340876749857,0.125035799983585,0.235376676733442,0.00363200350716648,0.00391386050392804,6.20295939741157,0.594869187631582
9,SJB,31,FEF-R,RT_Down_anti_L,0.13624741701726,0.302723374926471,0.438970791943732,0.00503196987936115,0.00538444777452148,6.17179620162533,0.583379942862528
9,SJB,32,POJ-R,RT_Down_anti_L,0.627818587780472,0.284765808630871,0.912584396411343,0.00877786390531417,0.00939522285198932,6.10231597475555,0.555319378276083
10,BG,1,V1-L,RT_Down_anti_L,0.0954024054894816,0.306588900693439,0.401991306182921,0.00410697739469881,0.00441914523392007,5.8591541873168,0.454137430674154
10,BG,2,V3-L,RT_Down_anti_L,0.179160995987868,0.397214145466303,0.576375141454171,0.00566877663555226,0.00609564624854852,5.82314395418734,0.447601508695207
10,BG,3,STS-L,RT_Down_anti_L,0.0998483575819184,0.418029398501208,0.517877756083126,0.00483393016384963,0.00516624717388654,5.84160183916261,0.449267326041704
10,BG,4,IPL-L,RT_Down_anti_L,0.137111341331154,0.350148828519567,0.487260169850722,0.00503169555678164,0.00541116922794766,5.8357365803382,0.44936565341677
10,BG,5,SPL-L,RT_Down_anti_L,0.578771237488152,0.164562573513462,0.743333811001614,0.0068733728479775,0.00742192184175692,5.79836891501921,0.443097561553562
10,BG,6,AG-L,RT_Down_anti_L,0.32308330209066,0.313513468200335,0.636596770290995,0.00647680902879859,0.0069516898385458,5.80646585133259,0.442716726688753
10,BG,7,mIPS-L,RT_Down_anti_L,0.571406233859405,0.280321752753506,0.851727986612911,0.00740478634641206,0.00798327054947563,5.78544338509192,0.432899132669799
10,BG,8,VIP-L,RT_Down_anti_L,0.254224093401886,0.307783670705739,0.562007764107625,0.00599606570195814,0.00643639328137982,5.81903774362252,0.446183504988091
10,BG,9,SPOC-L,RT_Down_anti_L,0.48768159655258,0.333080296846908,0.820761893399488,0.00793929284650378,0.008566936722613,5.77729453609877,0.43468587634179
10,BG,10,S1-L,RT_Down_anti_L,0.323613849844012,0.310365464867868,0.63397931471188,0.00569951737038052,0.00612343460139385,5.81870706827937,0.441411319729371
10,BG,11,M1-L,RT_Down_anti_L,0.368840267414163,0.343022383718914,0.711862651133077,0.00598155818044486,0.00642719869390074,5.81094743517154,0.43683645079602
10,BG,12,SMA-L,RT_Down_anti_L,0.147693272977821,0.289567875175203,0.437261148153024,0.00494806810875089,0.00534091664037229,5.8367972444176,0.454471308117626
10,BG,13,PMd-L,RT_Down_anti_L,0.329776986722099,0.420500365917926,0.750277352640025,0.00589863604991219,0.00632616963191006,5.8047563260388,0.432068528277404
10,BG,14,PMv-L,RT_Down_anti_L,0.127583173749103,0.149581773427708,0.277164947176811,0.0037372884175233,0.00401528387796141,5.86958411602784,0.459008704179805
10,BG,15,FEF-L,RT_Down_anti_L,0.285160178819138,0.314208356737572,0.59936853555671,0.00550819914624801,0.00592991261820664,5.82418446999999,0.441223352978028
10,BG,16,POJ-L,RT_Down_anti_L,0.242577421567092,0.263035915289097,0.505613336856189,0.00528359060695448,0.00568110104587099,5.83046663651985,0.440684975794386
10,BG,17,V1-R,RT_Down_anti_L,0.121178906574754,0.207313102651168,0.328492009225922,0.00417458803806273,0.00450052093039358,5.85976869760313,0.45590900793665
10,BG,18,V3-R,RT_Down_anti_L,0.12568948149319,0.309307798828748,0.434997280321938,0.00446591685208745,0.00480506598578061,5.85037108448875,0.451142373648757
10,BG,19,STS-R,RT_Down_anti_L,0.111104543799915,0.245164546683632,0.356269090483547,0.0043116285855543,0.00463056253604378,5.85313108460418,0.455815289978942
10,BG,20,IPL-R,RT_Down_anti_L,0.546867931412077,0.240663774777718,0.787531706189796,0.00699185154005207,0.0075486323529533,5.7914070467868,0.438950216094458
10,BG,21,SPL-R,RT_Down_anti_L,0.28603603712581,0.257332941645942,0.543368978771751,0.00527753064641116,0.0056872677000485,5.8263157109966,0.443654460210359
10,BG,22,AG-R,RT_Down_anti_L,0.304097983742371,0.139063247582161,0.443161231324532,0.00470729969251135,0.00507407169793346,5.8451834614041,0.449378044872915
10,BG,23,mIPS-R,RT_Down_anti_L,0.352122311103177,0.157535028040314,0.509657339143491,0.00516008867752902,0.00556058505951961,5.83281321846063,0.444656479182615
10,BG,24,VIP-R,RT_Down_anti_L,0.511160396993455,0.315241289789175,0.826401686782629,0.00696805724345438,0.00749962013427676,5.78752738322068,0.428563804655701
10,BG,25,SPOC-R,RT_Down_anti_L,0.266139292399507,0.338860340833696,0.604999633233203,0.00590002707397842,0.00633234180631446,5.81154140753897,0.436415931964421
10,BG,26,S1-R,RT_Down_anti_L,0.23749896450718,0.176774403007895,0.414273367515075,0.00440971407228952,0.00476251685844945,5.84829664408932,0.452478069068695
10,BG,27,M1-R,RT_Down_anti_L,0.254478590922007,0.179238636219354,0.43371722714136,0.00457010683323273,0.00490335933696064,5.84574781845451,0.450781455292015
10,BG,28,SMA-R,RT_Down_anti_L,0.181434975311657,0.266831770741927,0.448266746053585,0.00533674505436018,0.00575406700102596,5.83387441646946,0.453571886901649
10,BG,29,PMd-R,RT_Down_anti_L,0.181237142675533,0.285704281308311,0.466941423983844,0.00504120395025175,0.0054289414530915,5.83824546584516,0.450864924950997
10,BG,30,PMv-R,RT_Down_anti_L,0.0655428622090945,0.260472954989554,0.326015817198648,0.0039695696299412,0.00428894002525476,5.8637034356401,0.457724535844209
10,BG,31,FEF-R,RT_Down_anti_L,0.204591894398411,0.174302476106886,0.378894370505297,0.0044245849102382,0.00476290843273067,5.85313379701251,0.456012617190966
10,BG,32,POJ-R,RT_Down_anti_L,0.501638489426597,0.287422755430031,0.789061244856628,0.00641058178975063,0.00688531261984433,5.79490262690992,0.420979571419874
1,DOC,1,V1-L,RT_Down_anti_R,0.123408408156056,0.186172075281426,0.309580483437482,0.00470705433156517,0.00495376546952837,6.22184343637038,0.568049632959868
1,DOC,2,V3-L,RT_Down_anti_R,0.198770319500798,0.357315087047427,0.556085406548226,0.00640663413212438,0.00677008544508039,6.18444102549547,0.556536317481824
1,DOC,3,STS-L,RT_Down_anti_R,0.063550248478497,0.384516694948316,0.448066943426813,0.00478623885882023,0.00505545836597603,6.21591379074124,0.560583349635967
1,DOC,4,IPL-L,RT_Down_anti_R,0.984003157657945,0.268434569007178,1.25243772666512,0.00987043971093459,0.0104210630228033,6.11214392420062,0.528755046848422
1,DOC,5,SPL-L,RT_Down_anti_R,0.662894506225445,0.268189993723007,0.931084499948452,0.00943157005663216,0.00999848600867388,6.13153177397608,0.546555087347593
1,DOC,6,AG-L,RT_Down_anti_R,0.307832683124231,0.164200709610022,0.472033392734252,0.00547605315818408,0.00578638263224906,6.20022072328269,0.559249737415609
1,DOC,7,mIPS-L,RT_Down_anti_R,0.52837945129175,0.214059928708189,0.742439379999938,0.00810077168925299,0.00857438669372143,6.15503538660429,0.550242471005984
1,DOC,8,VIP-L,RT_Down_anti_R,0.64715681394352,0.267936097392386,0.915092911335906,0.00861276219810102,0.00909488161421942,6.14154877327195,0.543476985811616
1,DOC,9,SPOC-L,RT_Down_anti_R,0.451755892399666,0.371315292556868,0.823071184956534,0.00730646386883451,0.00772994264336533,6.15929327495729,0.535074291196542
1,DOC,10,S1-L,RT_Down_anti_R,0.386117602825027,0.591102229990796,0.977219832815823,0.00844339388009813,0.00888735010970174,6.14074090505863,0.535426720026151
1,DOC,11,M1-L,RT_Down_anti_R,0.417352023307254,0.487803196665508,0.905155219972763,0.00798618109255457,0.00841094313704674,6.14751023929908,0.537941840893453
1,DOC,12,SMA-L,RT_Down_anti_R,0.37909524805848,0.569908817601473,0.949004065659953,0.00795051456894467,0.00838979751277775,6.14834744854278,0.534042481290843
1,DOC,13,PMd-L,RT_Down_anti_R,0.235345905547218,0.533875030297214,0.769220935844432,0.00739577391838876,0.0078166748851735,6.16013090718727,0.541894872289871
1,DOC,14,PMv-L,RT_Down_anti_R,0.0709748678679882,0.190475308518914,0.261450176386902,0.00393533954998952,0.00416487002524023,6.23667748733043,0.56977515197173
1,DOC,15,FEF-L,RT_Down_anti_R,0.154308852989015,0.574852040253262,0.729160893242277,0.0067337244944073,0.00715293686454265,6.16737807316795,0.549138107442491
1,DOC,16,POJ-L,RT_Down_anti_R,0.28432934983331,0.305131072721165,0.589460422554475,0.0063365304940872,0.00668155865531732,6.1837217355055,0.55399698417486
1,DOC,17,V1-R,RT_Down_anti_R,0.162080595060632,0.473516552337047,0.635597147397678,0.00644989768348332,0.00680581243384344,6.1832315783266,0.549794598103907
1,DOC,18,V3-R,RT_Down_anti_R,0.159467722205768,0.2459232573575,0.405390979563268,0.00480980220474405,0.00507378215533093,6.21501384221211,0.559901137709381
1,DOC,19,STS-R,RT_Down_anti_R,0.0820175925320146,0.156919791059671,0.238937383591686,0.00365261615299393,0.00387692738027136,6.23909978148145,0.571257698099864
1,DOC,20,IPL-R,RT_Down_anti_R,0.178496567491086,0.290787397736981,0.469283965228067,0.00597231911733173,0.00631343959303472,6.1913276505821,0.562804878230083
1,DOC,21,SPL-R,RT_Down_anti_R,0.622709979226045,0.536166465691761,1.15887644491781,0.00996664189151405,0.0104732708102318,6.11714251410434,0.525844015321243
1,DOC,22,AG-R,RT_Down_anti_R,0.625785996087429,0.220860480707187,0.846646476794616,0.00790524416742996,0.00836250372092789,6.15246961392132,0.543758554442653
1,DOC,23,mIPS-R,RT_Down_anti_R,0.954564113097589,0.441846798491009,1.3964109115886,0.0110913752807332,0.011744364235574,6.09324746040354,0.520459523571371
1,DOC,24,VIP-R,RT_Down_anti_R,0.353557922086804,0.560243203693972,0.913801125780776,0.00937112619209919,0.00990072818730156,6.13167413016673,0.544780834172994
1,DOC,25,SPOC-R,RT_Down_anti_R,0.471522857181491,0.469780119968976,0.941302977150467,0.00897023923371817,0.00950232625770593,6.13471530346722,0.536155241931533
1,DOC,26,S1-R,RT_Down_anti_R,0.212242449279117,0.377779830110334,0.590022279389451,0.00721492686288248,0.00764059601676959,6.17257716055745,0.555813837488712
1,DOC,27,M1-R,RT_Down_anti_R,0.410320663564336,0.320343115893103,0.730663779457439,0.00738848153168282,0.00778072371348453,6.16480534223133,0.547625985698256
1,DOC,28,SMA-R,RT_Down_anti_R,0.410075297639882,0.525490584722941,0.935565882362823,0.00844929833611306,0.00893001030173003,6.14112146145285,0.538236750102612
1,DOC,29,PMd-R,RT_Down_anti_R,0.288725351999895,0.364431674130829,0.653157026130724,0.0074311729530187,0.00788156017270654,6.16474081639712,0.554376536584168
1,DOC,30,PMv-R,RT_Down_anti_R,0.0895761664560728,0.203461696710041,0.293037863166113,0.00403922000404724,0.0042760647660683,6.23284396822037,0.568753253204538
1,DOC,31,FEF-R,RT_Down_anti_R,0.221337671651333,0.309154232129192,0.530491903780526,0.00640432512523004,0.00678578068099098,6.18228465227136,0.559941847378114
1,DOC,32,POJ-R,RT_Down_anti_R,0.59224328278486,0.498006214486858,1.09024949727172,0.0105332971850744,0.0111514757920793,6.11236667808268,0.534952838486073
2,GB,1,V1-L,RT_Down_anti_R,0.109497674128026,0.14101317532326,0.250510849451286,0.00305700074803357,0.00332218944583841,5.67017374423163,0.42725329741044
2,GB,2,V3-L,RT_Down_anti_R,0.0701426750330711,0.181173885461414,0.251316560494485,0.00303433586256934,0.00329935017054176,5.67123376189902,0.428506755024751
2,GB,3,STS-L,RT_Down_anti_R,0.0564531542231903,0.13112887984575,0.18758203406894,0.00252304653090145,0.00275335108720002,5.68640398069343,0.430486613314856
2,GB,4,IPL-L,RT_Down_anti_R,0.236895347213253,0.216351248471089,0.453246595684342,0.00399390815211203,0.00432711157202825,5.63658977355382,0.411897853904358
2,GB,5,SPL-L,RT_Down_anti_R,0.277332253956268,0.312957515364683,0.590289769320952,0.00574073776101046,0.00624277598718875,5.60441719792595,0.413856835836911
2,GB,6,AG-L,RT_Down_anti_R,0.380472940005644,0.235367359158608,0.615840299164252,0.00540400381323043,0.00590842037510809,5.61200216952359,0.411305582471931
2,GB,7,mIPS-L,RT_Down_anti_R,0.554791170920931,0.282829225654209,0.837620396575139,0.00657930981448695,0.00717491107738966,5.57785001243737,0.385988304350513
2,GB,8,VIP-L,RT_Down_anti_R,0.191388442527429,0.437816080713295,0.629204523240724,0.00468462247166925,0.00509579432728988,5.61633731862229,0.406800765177076
2,GB,9,SPOC-L,RT_Down_anti_R,0.279335480877909,0.51575372051603,0.795089201393939,0.00569764471253488,0.0061732706309778,5.59830297534305,0.399365281927028
2,GB,10,S1-L,RT_Down_anti_R,0.180525298053113,0.227289789177295,0.407815087230408,0.0046846197111798,0.00509268553757539,5.62938980989399,0.419738312953229
2,GB,11,M1-L,RT_Down_anti_R,0.336698043504234,0.221369728455309,0.558067771959544,0.00537875732975774,0.00584472851918787,5.61093000063542,0.411931223028
2,GB,12,SMA-L,RT_Down_anti_R,0.448542663982443,0.268949892943909,0.717492556926352,0.00643029781907365,0.00697426969228787,5.58691971607752,0.404327500285229
2,GB,13,PMd-L,RT_Down_anti_R,0.199082118700947,0.338597611367025,0.537679730067972,0.00513858792446552,0.00560866033264404,5.61870192304881,0.418281105922656
2,GB,14,PMv-L,RT_Down_anti_R,0.0567260481168759,0.135901652686667,0.192627700803543,0.00248899826886802,0.00272519428789099,5.68566123453245,0.430615819235142
2,GB,15,FEF-L,RT_Down_anti_R,0.154773428663689,0.257768575055091,0.41254200371878,0.00386193528317055,0.00418439602733892,5.64543728918431,0.420837085819848
2,GB,16,POJ-L,RT_Down_anti_R,0.80786327076711,0.364819418105588,1.1726826888727,0.00720403113708839,0.0078002608728015,5.55853764690155,0.370513449176379
2,GB,17,V1-R,RT_Down_anti_R,0.0960069412537472,0.254483608430187,0.350490549683934,0.00357086813635786,0.0038923094754172,5.65345689747762,0.424523997403728
2,GB,18,V3-R,RT_Down_anti_R,0.0959198936762113,0.242173937363336,0.338093831039548,0.00359496675378536,0.00390007870089155,5.65518392314071,0.423684111771174
2,GB,19,STS-R,RT_Down_anti_R,0.173506866535043,0.227319846604304,0.400826713139347,0.0042352201221568,0.00461781692668646,5.63683860771457,0.424568187322002
2,GB,20,IPL-R,RT_Down_anti_R,0.198592735447621,0.202281512351362,0.400874247798983,0.0043195120553381,0.00466937077226549,5.63633454651375,0.417640519932863
2,GB,21,SPL-R,RT_Down_anti_R,0.200679289499425,0.18757066035014,0.388249949849565,0.00445443019084394,0.00485216152239761,5.63540021165571,0.424407057679714
2,GB,22,AG-R,RT_Down_anti_R,0.2093013841572,0.226506976697564,0.435808360854765,0.00469651285616514,0.00512467167237198,5.62866175967499,0.418991130557515
2,GB,23,mIPS-R,RT_Down_anti_R,0.323383951570955,0.252028549437739,0.575412501008695,0.00554064581083209,0.00602978354792804,5.60719925861711,0.411324574837623
2,GB,24,VIP-R,RT_Down_anti_R,0.215531299501288,0.240876644116418,0.456407943617706,0.00475201002154711,0.00513359843560896,5.6265794465192,0.419499841637867
2,GB,25,SPOC-R,RT_Down_anti_R,0.236875099100603,0.205651531584911,0.442526630685515,0.00446898559107525,0.00484845021597215,5.63011241575074,0.416455454360274
2,GB,26,S1-R,RT_Down_anti_R,0.342070330090152,0.166166155235494,0.508236485325645,0.00494481119445689,0.00536726315558201,5.61939000359878,0.418799371152158
2,GB,27,M1-R,RT_Down_anti_R,0.20785667977275,0.18846716281088,0.39632384258363,0.00416600358985149,0.0045527575436198,5.63869679154303,0.421904188399943
2,GB,28,SMA-R,RT_Down_anti_R,0.394803791078021,0.165625355692287,0.560429146770308,0.00476170944326899,0.00516248385159072,5.61872898365645,0.413960026127144
2,GB,29,PMd-R,RT_Down_anti_R,0.389068208009147,0.267490305627772,0.656558513636919,0.00563021835403705,0.0061133496025848,5.59660750435205,0.403264716351514
2,GB,30,PMv-R,RT_Down_anti_R,0.0634503358500071,0.300539588876556,0.363989924726564,0.0034259469850903,0.0037285665305556,5.65872930279889,0.424842702778374
2,GB,31,FEF-R,RT_Down_anti_R,0.139622441918504,0.180553277027398,0.320175718945902,0.0031961051630083,0.00347632544622592,5.66323576168443,0.4231789363508
2,GB,32,POJ-R,RT_Down_anti_R,0.243920657224103,0.29428704485334,0.538207702077443,0.00505040188879973,0.00548097118279176,5.61679517229454,0.412638542222358
3,JDC,1,V1-L,RT_Down_anti_R,0.285533150503141,0.458779686231664,0.744312836734805,0.00628906365782223,0.00691666676545248,6.00691022547249,0.543065796640225
3,JDC,2,V3-L,RT_Down_anti_R,0.22482392016897,0.229276701481876,0.454100621650846,0.00497075781810099,0.0054295001046765,6.04179552904082,0.555229125503344
3,JDC,3,STS-L,RT_Down_anti_R,0.095302561144711,0.150367875598283,0.245670436742994,0.00361019330184831,0.00393340367695335,6.07842121798884,0.564235607494219
3,JDC,4,IPL-L,RT_Down_anti_R,0.246709968151515,0.340725933630077,0.587435901781592,0.00634888557016857,0.0069240343610922,6.01795050648046,0.551625345521493
3,JDC,5,SPL-L,RT_Down_anti_R,0.613710289124807,0.327177350986453,0.940887640111259,0.00797829456021675,0.00875700448064128,5.97264729000558,0.534443814384028
3,JDC,6,AG-L,RT_Down_anti_R,0.196236461582497,0.383980673725686,0.580217135308183,0.0060461402096998,0.00656103183615881,6.02043091652188,0.544803172436883
3,JDC,7,mIPS-L,RT_Down_anti_R,0.63492514981613,0.315116913513612,0.950042063329741,0.00785110686611586,0.0086211312918246,5.97689916420319,0.530927261614431
3,JDC,8,VIP-L,RT_Down_anti_R,0.533507291654824,0.208307652896907,0.741814944551731,0.00763172706029368,0.00839068951139947,5.99227938787967,0.549471028261939
3,JDC,9,SPOC-L,RT_Down_anti_R,0.393008624954989,0.480970371200997,0.873978996155986,0.0075339519265704,0.0081434884660989,5.97843330003046,0.525763921225288
3,JDC,10,S1-L,RT_Down_anti_R,0.294699044172091,0.291067022187674,0.585766066359765,0.00644497061710727,0.00701287502421666,6.01541549614755,0.550588765408021
3,JDC,11,M1-L,RT_Down_anti_R,0.342826400588271,0.273558068224658,0.616384468812929,0.0064151589909461,0.00699749125023623,6.01218385468359,0.547960353555033
3,JDC,12,SMA-L,RT_Down_anti_R,0.267161348124017,0.253616456262119,0.520777804386136,0.00576106031273053,0.00624158015831705,6.0279042049328,0.553722847380064
3,JDC,13,PMd-L,RT_Down_anti_R,0.377057549885563,0.266848020781356,0.643905570666919,0.00634606930529514,0.00687495614528277,6.00968980572156,0.544023882544114
3,JDC,14,PMv-L,RT_Down_anti_R,0.0724466964200857,0.223178891789876,0.295625588209962,0.00369429414989143,0.00404365392077514,6.07042690007546,0.565840820677352
3,JDC,15,FEF-L,RT_Down_anti_R,0.197046961683378,0.350854703310073,0.547901664993451,0.00553725819932196,0.00599560930332172,6.03046820567993,0.547872611419868
3,JDC,16,POJ-L,RT_Down_anti_R,0.504690210336897,0.217525666300398,0.722215876637296,0.00640644220182478,0.00701587060386624,6.0118041276407,0.542377863701607
3,JDC,17,V1-R,RT_Down_anti_R,0.176450669376872,0.158261511371109,0.334712180747981,0.00391569153312204,0.0042947423382985,6.0650766249188,0.555669074599012
3,JDC,18,V3-R,RT_Down_anti_R,0.251331553204777,0.349948947715005,0.601280500919781,0.00567143729494662,0.00616976033896612,6.02443959240614,0.541853313532108
3,JDC,19,STS-R,RT_Down_anti_R,0.0565628624394415,0.293464411330965,0.350027273770407,0.00341684139902978,0.00369992954004272,6.07553706053156,0.559439763576234
3,JDC,20,IPL-R,RT_Down_anti_R,0.489337238950979,0.433454938033013,0.922792176983992,0.00768659154287619,0.00845867829533799,5.97747785311348,0.536314966752892
3,JDC,21,SPL-R,RT_Down_anti_R,0.804509532982515,0.74370700205588,1.5482165350384,0.0115992116148765,0.0125702612641816,5.89559976446909,0.485182225773929
3,JDC,22,AG-R,RT_Down_anti_R,0.221183621169391,0.23979626706127,0.460979888230661,0.00477395180396629,0.00520508328245844,6.04342831671856,0.550622596797433
3,JDC,23,mIPS-R,RT_Down_anti_R,0.527426277797311,0.361147260117071,0.888573537914382,0.00759213953559438,0.00823790111501471,5.98807830003251,0.532025425237878
3,JDC,24,VIP-R,RT_Down_anti_R,0.63831157290251,0.398711323540088,1.0370228964426,0.00851225839392822,0.00929752752832021,5.96364745064262,0.527582488668445
3,JDC,25,SPOC-R,RT_Down_anti_R,0.174001032015071,0.537057547822882,0.711058579837953,0.0057570408916225,0.00630022756170266,6.01797589956198,0.543212580755262
3,JDC,26,S1-R,RT_Down_anti_R,0.17680901406688,0.241409709520897,0.418218723587777,0.00497548735303877,0.005382200830477,6.04721873870585,0.558476712365391
3,JDC,27,M1-R,RT_Down_anti_R,0.292427160482524,0.421848673196856,0.71427583367938,0.00742204703747949,0.00809173218054806,5.9965547579569,0.547260993903899
3,JDC,28,SMA-R,RT_Down_anti_R,0.413058406420155,0.312657149802691,0.725715556222846,0.00703935484825252,0.00767830276963284,5.99830961123561,0.54280745178823
3,JDC,29,PMd-R,RT_Down_anti_R,0.398991483807404,0.207739686348187,0.606731170155591,0.00658597831676097,0.00714396148149928,6.01193110546463,0.54989665077011
3,JDC,30,PMv-R,RT_Down_anti_R,0.095553255325836,0.279753543967992,0.375306799293828,0.00443133143917207,0.00485508015871689,6.05679791253261,0.562722048710266
3,JDC,31,FEF-R,RT_Down_anti_R,0.146142093177866,0.262366833701917,0.408508926879784,0.00464352863480156,0.00501415192368091,6.05032753784121,0.554165258872916
3,JDC,32,POJ-R,RT_Down_anti_R,0.318441979482771,0.447546588206656,0.765988567689427,0.00593813407088908,0.00647969353731431,6.0083036025323,0.537452486215183
4,JFXD,1,V1-L,RT_Down_anti_R,0.172247624430243,0.474716344702581,0.646963969132824,0.00728693825905638,0.00763880949572116,7.07258012933139,0.834303203613622
4,JFXD,2,V3-L,RT_Down_anti_R,0.176706820582331,0.683878375163606,0.860585195745937,0.00883105131270517,0.00927776609018997,7.04720095875824,0.828797958840894
4,JFXD,3,STS-L,RT_Down_anti_R,0.309869058402943,0.612097706281497,0.92196676468444,0.0109590904283157,0.0115027325570868,7.02588265388363,0.824530074031177
4,JFXD,4,IPL-L,RT_Down_anti_R,0.91273353714176,0.214086989307938,1.1268205264497,0.0104035156284926,0.0110448578744798,7.0210880943361,0.821224616377158
4,JFXD,5,SPL-L,RT_Down_anti_R,0.88812543765334,0.338216031872857,1.2263414695262,0.0133316652786353,0.0140833804265909,6.99180881918975,0.818031730709249
4,JFXD,6,AG-L,RT_Down_anti_R,0.512561694927685,0.463845594496223,0.976407289423908,0.01154479256187,0.012173122394038,7.00827037843578,0.818358478348162
4,JFXD,7,mIPS-L,RT_Down_anti_R,0.983446273168745,0.476821826435573,1.46026809960432,0.0139403848436889,0.0146864326985736,6.97582367804696,0.810155707622788
4,JFXD,8,VIP-L,RT_Down_anti_R,0.78709337392697,0.262247656365398,1.04934103029237,0.0110738820687294,0.0117051541207356,7.01762777372368,0.822295618123421
4,JFXD,9,SPOC-L,RT_Down_anti_R,0.224315292392011,0.636765815695268,0.861081108087279,0.00976750174806774,0.0102241895828104,7.0364406629924,0.82001600176905
4,JFXD,10,S1-L,RT_Down_anti_R,0.740825675688599,0.348647550786267,1.08947322647487,0.0119096368961392,0.0126197055019542,7.00526707543944,0.818072691063379
4,JFXD,11,M1-L,RT_Down_anti_R,0.934481940376246,0.33886542312914,1.27334736350539,0.0130707340968858,0.0138576266618658,6.99084455542242,0.813261118669119
4,JFXD,12,SMA-L,RT_Down_anti_R,0.987904700644537,0.431651188049796,1.41955588869433,0.0141289502136087,0.015039573131737,6.97417182354922,0.806585281392948
4,JFXD,13,PMd-L,RT_Down_anti_R,0.91632361062819,0.369162964539407,1.2854865751676,0.0128030310269837,0.0136097664773143,6.98893335150724,0.812719346558721
4,JFXD,14,PMv-L,RT_Down_anti_R,0.519110145408039,0.623359206727204,1.14246935213524,0.0119145853207738,0.0125288115893982,7.00086334349251,0.803171495755014
4,JFXD,15,FEF-L,RT_Down_anti_R,0.318739732043912,0.575057916440009,0.893797648483921,0.00902835455790543,0.00944412197920102,7.03157966691419,0.815102645797986
4,JFXD,16,POJ-L,RT_Down_anti_R,0.812882516558964,0.653824408069591,1.46670692462855,0.0145259776154973,0.0152669458001254,6.9676458755968,0.804066043051739
4,JFXD,17,V1-R,RT_Down_anti_R,0.142845897271318,1.17168592484815,1.31453182211947,0.0108460465435175,0.0114186432099778,7.01284192809175,0.815998154176526
4,JFXD,18,V3-R,RT_Down_anti_R,0.164170200556862,0.671246856450791,0.835417057007652,0.00932874577031867,0.00981932666100168,7.04688766491315,0.824854995577965
4,JFXD,19,STS-R,RT_Down_anti_R,0.242780921663199,0.793074531947149,1.03585545361035,0.00891150661582649,0.00933152079250245,7.03280321586032,0.815491500530989
4,JFXD,20,IPL-R,RT_Down_anti_R,0.59971799563571,0.809194512311435,1.40891250794715,0.0135053014298032,0.0141063082656427,6.97830137326681,0.79513294520275
4,JFXD,21,SPL-R,RT_Down_anti_R,0.740226963899966,0.210505338457243,0.950732302357209,0.0102605032934103,0.0108388858859404,7.02870774951735,0.827706592766456
4,JFXD,22,AG-R,RT_Down_anti_R,0.791551818803839,0.81216452644086,1.6037163452447,0.0152962846045454,0.0161229003970822,6.95422755291904,0.78768348224397
4,JFXD,23,mIPS-R,RT_Down_anti_R,0.918153480896957,0.46010475108575,1.37825823198271,0.0136584334757189,0.0144252833398655,6.9767656475636,0.805617910918922
4,JFXD,24,VIP-R,RT_Down_anti_R,0.825432599180807,0.498704598207784,1.32413719738859,0.0142440285964219,0.0150116824286644,6.97882541837327,0.810163556202609
4,JFXD,25,SPOC-R,RT_Down_anti_R,0.648708898342615,0.475881126508509,1.12459002485112,0.0131146784987652,0.0138371767429072,6.99699466597753,0.819094365446449
4,JFXD,26,S1-R,RT_Down_anti_R,0.56616397774931,0.838825524439962,1.40498950218927,0.0148261400884283,0.0156610627183531,6.96840523573854,0.80265372355278
4,JFXD,27,M1-R,RT_Down_anti_R,0.385871293128438,0.807218346742662,1.1930896398711,0.0120349243671142,0.0126856874186382,7.00311479308286,0.8116616951756
4,JFXD,28,SMA-R,RT_Down_anti_R,0.679897604784253,0.506871417438994,1.18676902222325,0.0127302011887363,0.0134943971500628,6.99654346883495,0.818451906338154
4,JFXD,29,PMd-R,RT_Down_anti_R,0.506811415372088,0.524110788429611,1.0309222038017,0.0121861783375927,0.0128940056583328,7.00725667062428,0.815475700163601
4,JFXD,30,PMv-R,RT_Down_anti_R,0.24678913661698,0.875775936148296,1.12256507276528,0.0109632078842195,0.0115512080552152,7.01369127378735,0.815930183836047
4,JFXD,31,FEF-R,RT_Down_anti_R,0.251703176151618,1.30506151922102,1.55676469537264,0.0122916713278323,0.0129863821239462,6.98357651702734,0.803224253196095
4,JFXD,32,POJ-R,RT_Down_anti_R,0.868688983001119,0.513211100289016,1.38190008329013,0.0146212649866821,0.0154194065644263,6.97276539709551,0.802969316206167
5,JZ,1,V1-L,RT_Down_anti_R,0.149023799632859,0.131793278314447,0.280817077947306,0.00375208001997923,0.00405348709914071,5.78254727882654,0.415010334619554
5,JZ,2,V3-L,RT_Down_anti_R,0.152631633552513,0.166230151401663,0.318861784954177,0.00403965523627694,0.00435950021110284,5.77539824891202,0.412845378307177
5,JZ,3,STS-L,RT_Down_anti_R,0.108243529619159,0.27083087391815,0.379074403537309,0.00404167965288204,0.00436641758444167,5.7742793403878,0.408026217934418
5,JZ,4,IPL-L,RT_Down_anti_R,0.422580305136606,0.252227626841772,0.674807931978378,0.00605145201121006,0.00651348659250025,5.72622895334782,0.399934393325437
5,JZ,5,SPL-L,RT_Down_anti_R,0.569398927996542,0.24205373779557,0.811452665792113,0.00695547472484964,0.00749536369582383,5.7086879809422,0.397520877392056
5,JZ,6,AG-L,RT_Down_anti_R,0.365600273024786,0.191550277112327,0.557150550137113,0.00512201523956171,0.0054998804538148,5.74755249631226,0.400621003246136
5,JZ,7,mIPS-L,RT_Down_anti_R,0.557555666148437,0.203401918810395,0.760957584958833,0.00664886105563215,0.00715450935942931,5.71257288117138,0.394110091903816
5,JZ,8,VIP-L,RT_Down_anti_R,0.530651695921653,0.23836301594222,0.769014711863873,0.00663681849180198,0.00712022406669523,5.71534946843682,0.394424063519345
5,JZ,9,SPOC-L,RT_Down_anti_R,0.233521505565278,0.138044699791078,0.371566205356356,0.00412151470689102,0.00444766819574832,5.77104781417057,0.410133695246371
5,JZ,10,S1-L,RT_Down_anti_R,0.224987884952087,0.551745918005022,0.776733802957109,0.00571646115369237,0.00611404727166502,5.72904944587219,0.392845979463827
5,JZ,11,M1-L,RT_Down_anti_R,0.109221908258075,0.419491002799216,0.528712911057291,0.00472007932800769,0.00504232243347879,5.76028995796893,0.402789935381893
5,JZ,12,SMA-L,RT_Down_anti_R,0.537793524271823,0.192481103190304,0.730274627462127,0.0061027606670606,0.00660377809304899,5.71986174775352,0.394866089609489
5,JZ,13,PMd-L,RT_Down_anti_R,0.329135699153737,0.279799764364185,0.608935463517922,0.00594130257018654,0.00640161469690179,5.72915868683206,0.397208189054458
5,JZ,14,PMv-L,RT_Down_anti_R,0.0980848675212422,0.292696272350215,0.390781139871458,0.00425424497895227,0.00458109224305663,5.77005018160187,0.408795997837534
5,JZ,15,FEF-L,RT_Down_anti_R,0.146268677908411,0.400169025543198,0.546437703451609,0.00498036505073807,0.00531874103610976,5.74921426646359,0.401278835800078
5,JZ,16,POJ-L,RT_Down_anti_R,0.270126957755351,0.261899688897044,0.532026646652395,0.00529595328304988,0.00570214062724751,5.7450008030716,0.402219401586013
5,JZ,17,V1-R,RT_Down_anti_R,0.121174305024216,0.120939405063372,0.242113710087588,0.00317962879120331,0.00341856895741111,5.79704075337864,0.413698954511088
5,JZ,18,V3-R,RT_Down_anti_R,0.199807453807133,0.149124507935577,0.34893196174271,0.00404708033748047,0.00438098763580205,5.77409030256229,0.411206125874411
5,JZ,19,STS-R,RT_Down_anti_R,0.102793096259731,0.194304810383096,0.297097906642828,0.00339294094244104,0.00365391600578385,5.78994033939622,0.412391189037457
5,JZ,20,IPL-R,RT_Down_anti_R,0.481977432681932,0.30923323947981,0.791210672161742,0.00683317087734015,0.00739399264488363,5.70542586536104,0.3914003607781
5,JZ,21,SPL-R,RT_Down_anti_R,0.116823212364172,0.530391497868637,0.647214710232808,0.00523689950032185,0.00565113950127384,5.74073915801386,0.400646539311095
5,JZ,22,AG-R,RT_Down_anti_R,0.258559504302741,0.26028215785273,0.518841662155471,0.00497174336433641,0.00535950028499289,5.74743513599309,0.402778769999703
5,JZ,23,mIPS-R,RT_Down_anti_R,0.247784388394931,0.261762923400292,0.509547311795223,0.00532277769982732,0.0057271368648847,5.74156408959999,0.402547718637535
5,JZ,24,VIP-R,RT_Down_anti_R,0.490359198008969,0.277236153629166,0.767595351638135,0.00632408904017144,0.00684074129470726,5.71357398738124,0.393998718603929
5,JZ,25,SPOC-R,RT_Down_anti_R,0.23145726904695,0.423874870356746,0.655332139403696,0.0055127731646405,0.00590240473971512,5.73593550984418,0.392200305139752
5,JZ,26,S1-R,RT_Down_anti_R,0.0995047979151531,0.189169333264213,0.288674131179366,0.00339076709309294,0.00366726459670357,5.78891794340126,0.412937403008844
5,JZ,27,M1-R,RT_Down_anti_R,0.156013384312985,0.245972958005177,0.401986342318162,0.00457288926042001,0.00493894481018057,5.76316990243644,0.40824755691672
5,JZ,28,SMA-R,RT_Down_anti_R,0.442190165645321,0.127221706357335,0.569411872002656,0.00494542597828221,0.00531555236006013,5.74771240042558,0.400792464479182
5,JZ,29,PMd-R,RT_Down_anti_R,0.183749243249333,0.293762254755836,0.477511498005169,0.00533529074866073,0.00573090193275597,5.74597523598854,0.406654180285999
5,JZ,30,PMv-R,RT_Down_anti_R,0.151456399312635,0.28538948000417,0.436845879316805,0.00431245125680565,0.00464175715153399,5.76302224484226,0.400152020775513
5,JZ,31,FEF-R,RT_Down_anti_R,0.121752730288384,0.378389797125642,0.500142527414026,0.00439801252295977,0.00473673543183684,5.76097110730582,0.401621540992735
5,JZ,32,POJ-R,RT_Down_anti_R,0.395751204722516,0.326147191197053,0.721898395919569,0.00613442367197213,0.00661371646750459,5.72453703292303,0.392887487402988
6,LT,1,V1-L,RT_Down_anti_R,0.227201371568668,0.360051126359533,0.587252497928201,0.00683408480425042,0.00728667169051497,6.09170918354357,0.518022552080742
6,LT,2,V3-L,RT_Down_anti_R,0.151504445975021,0.464166172595038,0.615670618570059,0.00624098010770194,0.00663782338851081,6.09906509313049,0.515633151846853
6,LT,3,STS-L,RT_Down_anti_R,0.131426499498747,0.292874804641239,0.424301304139986,0.00487169497920361,0.00518279703524286,6.1304551232372,0.52484669738405
6,LT,4,IPL-L,RT_Down_anti_R,0.583535108220733,0.290432580093157,0.87396768831389,0.00800763363700378,0.00859654226104603,6.06382980434154,0.507549496259334
6,LT,5,SPL-L,RT_Down_anti_R,0.391049940766664,0.389542692033099,0.780592632799763,0.00747658031070929,0.00794143377207191,6.07498742522502,0.504318982747479
6,LT,6,AG-L,RT_Down_anti_R,0.343009593751047,0.262621286123944,0.605630879874991,0.00660206414292968,0.00702503250098637,6.09577662660465,0.516830352995341
6,LT,7,mIPS-L,RT_Down_anti_R,0.252340475896108,0.449803792282902,0.70214426817901,0.00740386027412056,0.00788710053678688,6.07997597177922,0.514423308074084
6,LT,8,VIP-L,RT_Down_anti_R,0.717854997718348,0.37674366731751,1.09459866503586,0.00874663845641322,0.00934473244504276,6.04411583287009,0.496201785236486
6,LT,9,SPOC-L,RT_Down_anti_R,0.450440864654821,0.336321557161305,0.786762421816126,0.00812627960028798,0.00863124937690903,6.06410026529967,0.508093861257286
6,LT,10,S1-L,RT_Down_anti_R,0.241434297614943,0.283335268437213,0.524769566052155,0.00597281064371906,0.00640769918084184,6.10675684350108,0.517431804037634
6,LT,11,M1-L,RT_Down_anti_R,0.322079674117561,0.224552497444264,0.546632171561825,0.00627408053759084,0.0067141903502371,6.10104005608988,0.520612135187205
6,LT,12,SMA-L,RT_Down_anti_R,0.498657500768107,0.630593020824217,1.12925052159232,0.0103692889244292,0.011046601168099,6.02353151756443,0.486380233476211
6,LT,13,PMd-L,RT_Down_anti_R,0.389707371821699,0.214930132192022,0.604637504013721,0.0061152210167959,0.0064766828720182,6.09957681384587,0.50876198909955
6,LT,14,PMv-L,RT_Down_anti_R,0.0415849998002096,0.395997172391577,0.437582172191787,0.00404776514409522,0.00428410593645873,6.14716816776173,0.521423128624444
6,LT,15,FEF-L,RT_Down_anti_R,0.214608735262939,0.447259234863151,0.661867970126089,0.00568169093206073,0.00601762870881485,6.10318889008624,0.50909285729303
6,LT,16,POJ-L,RT_Down_anti_R,0.450764718868988,0.262333294550424,0.713098013419412,0.00760814472411444,0.00808510312877922,6.07416227092747,0.509518567046369
6,LT,17,V1-R,RT_Down_anti_R,0.155060816491488,0.33770189106654,0.492762707558028,0.00557221109808287,0.00592128693717124,6.11276583029063,0.521699810960516
6,LT,18,V3-R,RT_Down_anti_R,0.134140510967212,0.263845222241234,0.397985733208446,0.00461394219909248,0.00490862214381337,6.13270607763075,0.521821551640026
6,LT,19,STS-R,RT_Down_anti_R,0.0614701629507337,0.289713298493209,0.351183461443943,0.00438509736016002,0.00466276501070779,6.14193518067545,0.527933074535938
6,LT,20,IPL-R,RT_Down_anti_R,0.517488016315709,0.338792222124798,0.856280238440506,0.00804907563065655,0.0085637545846851,6.06610052290746,0.502332071591208
6,LT,21,SPL-R,RT_Down_anti_R,0.61278266997086,0.207562558136613,0.820345228107473,0.00813156611313162,0.00865442283013265,6.06425777167192,0.5088463072245
6,LT,22,AG-R,RT_Down_anti_R,0.211403682990773,0.426415336914137,0.63781901990491,0.00617679278719392,0.00655504879010232,6.09916807806836,0.515288953230892
6,LT,23,mIPS-R,RT_Down_anti_R,0.502049909964174,0.277057351061618,0.779107261025792,0.00800218482462603,0.00852239691523739,6.0696867636244,0.510424727660817
6,LT,24,VIP-R,RT_Down_anti_R,0.901824109237751,0.291376064916924,1.19320017415467,0.00936275371568626,0.0099814872384409,6.03368113481823,0.486367703321562
6,LT,25,SPOC-R,RT_Down_anti_R,0.313137042303502,0.318502131208325,0.631639173511827,0.00677660115950347,0.00721905682719977,6.0885735595053,0.511863870517217
6,LT,26,S1-R,RT_Down_anti_R,0.269567183626328,0.500204988368588,0.769772171994916,0.00734459737864884,0.00782051702175707,6.07843005074861,0.51177842462356
6,LT,27,M1-R,RT_Down_anti_R,0.417465119630551,0.193644927222935,0.611110046853485,0.00631889496198057,0.00674242250752289,6.09550641539557,0.51797330066385
6,LT,28,SMA-R,RT_Down_anti_R,0.459224904970041,0.667150752029348,1.12637565699939,0.0097447817080668,0.0104099544341415,6.03235201437777,0.496980303921272
6,LT,29,PMd-R,RT_Down_anti_R,0.193405350810943,0.319338907094114,0.512744257905057,0.00589916869212853,0.00629717562260176,6.10583593370684,0.519658810788302
6,LT,30,PMv-R,RT_Down_anti_R,0.156634364143866,0.193045690845344,0.34968005498921,0.00481343833436528,0.00509774507944987,6.13364831344643,0.526699460526384
6,LT,31,FEF-R,RT_Down_anti_R,0.144499609327225,0.342026024773948,0.486525634101172,0.00536554610015892,0.00571125851035266,6.1184046332674,0.523542462257344
6,LT,32,POJ-R,RT_Down_anti_R,0.386848569149327,0.196266953346816,0.583115522496143,0.00654910706103109,0.00700013671601139,6.09358467584166,0.519683676009393
7,NvA,1,V1-L,RT_Down_anti_R,0.0765630733854688,0.179608328719415,0.256171402104883,0.0031487995232127,0.00343018109223256,5.73352744640327,0.425493889522232
7,NvA,2,V3-L,RT_Down_anti_R,0.10290221528136,0.22599427848022,0.32889649376158,0.00346882709874968,0.00376441547323469,5.72710990720442,0.418179584416253
7,NvA,3,STS-L,RT_Down_anti_R,0.149415905963614,0.280461072157978,0.429876978121591,0.00434579569338871,0.0047078360170311,5.70495248503812,0.418789908910285
7,NvA,4,IPL-L,RT_Down_anti_R,0.467550518085708,0.213485060176154,0.681035578261862,0.00609616501978858,0.00662587980271617,5.66227431446754,0.409820390768353
7,NvA,5,SPL-L,RT_Down_anti_R,0.341314325387116,0.39272705858924,0.734041383976356,0.0062293367859037,0.00674357993868207,5.65943378737226,0.403923615505693
7,NvA,6,AG-L,RT_Down_anti_R,0.328174111155538,0.330172306293065,0.658346417448602,0.00555702652822999,0.0060292613399915,5.66812472738203,0.399979574959553
7,NvA,7,mIPS-L,RT_Down_anti_R,0.484714876290074,0.149548687275325,0.634263563565398,0.00586425042263596,0.00635276436710946,5.66927277227393,0.410054827472738
7,NvA,8,VIP-L,RT_Down_anti_R,0.189104713818583,0.222093615797743,0.411198329616327,0.00428607849778476,0.0046443658013801,5.70310121437989,0.41673216586314
7,NvA,9,SPOC-L,RT_Down_anti_R,0.255385158554103,0.409046134503182,0.664431293057285,0.00593217478758272,0.00647651594656401,5.662674658973,0.409408655417563
7,NvA,10,S1-L,RT_Down_anti_R,0.439028687714651,0.269833132032347,0.708861819746998,0.00619992725611919,0.00673519560509714,5.65507210671028,0.403250488897295
7,NvA,11,M1-L,RT_Down_anti_R,0.210096755485517,0.165504124542505,0.375600880028021,0.00382989858989403,0.00415003742827001,5.71547983532737,0.418794625988542
7,NvA,12,SMA-L,RT_Down_anti_R,0.299415546461666,0.23543538084041,0.534850927302076,0.0055580028897521,0.00602970682218623,5.67429923495942,0.413926529489333
7,NvA,13,PMd-L,RT_Down_anti_R,0.212457581295334,0.252884763483853,0.465342344779187,0.00429410182040416,0.00463258894076122,5.70275066848801,0.413644581917325
7,NvA,14,PMv-L,RT_Down_anti_R,0.0563690383278849,0.186773943319858,0.243142981647743,0.00296438435728411,0.00321715263270042,5.73889946331593,0.427819752502823
7,NvA,15,FEF-L,RT_Down_anti_R,0.241256011317161,0.128162257385639,0.3694182687028,0.00387908674561908,0.00420056244757617,5.71476646233731,0.41679094674496
7,NvA,16,POJ-L,RT_Down_anti_R,0.220114209779979,0.380375158941538,0.600489368721517,0.00563390336642904,0.00612508253568973,5.67365727892216,0.411370206998117
7,NvA,17,V1-R,RT_Down_anti_R,0.0711644325070569,0.245952952973644,0.317117385480701,0.00331440662930365,0.00360408288046913,5.73049100561282,0.422926071950572
7,NvA,18,V3-R,RT_Down_anti_R,0.198595092647705,0.293781521415396,0.492376614063101,0.00475147835407814,0.00514513884777533,5.68990311764746,0.41439551894561
7,NvA,19,STS-R,RT_Down_anti_R,0.154833575699702,0.158042702860541,0.312876278560243,0.00392694970306429,0.00425868235950857,5.71574777182536,0.423315121017349
7,NvA,20,IPL-R,RT_Down_anti_R,0.176338537075512,0.409405017422717,0.585743554498229,0.00505068061688952,0.00546020819603306,5.68425751324152,0.407071292674766
7,NvA,21,SPL-R,RT_Down_anti_R,0.393959401447033,0.356417077450729,0.750376478897762,0.00610249218284715,0.00661943200247163,5.65951977601761,0.39948153453921
7,NvA,22,AG-R,RT_Down_anti_R,0.237651901567486,0.248253570383811,0.485905471951298,0.00474759227686401,0.00513068012611409,5.69338846868877,0.411379405351522
7,NvA,23,mIPS-R,RT_Down_anti_R,0.458016415578022,0.278779056838935,0.736795472416957,0.00659606746015299,0.00715957603189681,5.65345519152054,0.403837216926276
7,NvA,24,VIP-R,RT_Down_anti_R,0.281777600524936,0.33306488727881,0.614842487803746,0.00556197132177734,0.00601347181449588,5.67003815556189,0.40713341353536
7,NvA,25,SPOC-R,RT_Down_anti_R,0.259127286229259,0.400407853869373,0.659535140098633,0.00521854487423008,0.00566753599338468,5.67666550762539,0.402922244400267
7,NvA,26,S1-R,RT_Down_anti_R,0.214540410689601,0.202758925239928,0.417299335929529,0.00441361706357369,0.00479646917191216,5.69897501601219,0.415183542282891
7,NvA,27,M1-R,RT_Down_anti_R,0.274955141364562,0.189315159556079,0.464270300920642,0.00483537332630587,0.00524317316466272,5.69067321782582,0.417016836017851
7,NvA,28,SMA-R,RT_Down_anti_R,0.134987621768765,0.223902873150562,0.358890494919326,0.00410294998636408,0.00444845433601624,5.71316301915539,0.419965244995674
7,NvA,29,PMd-R,RT_Down_anti_R,0.309894160322703,0.245056705224107,0.55495086554681,0.00573275137725464,0.00621496201313812,5.67400595873873,0.412939338486875
7,NvA,30,PMv-R,RT_Down_anti_R,0.0694353750202243,0.122335692482564,0.191771067502789,0.00255030703674878,0.00277142211090593,5.74947773842637,0.429793113752247
7,NvA,31,FEF-R,RT_Down_anti_R,0.275958130380008,0.202275102036938,0.478233232416945,0.00508045724495766,0.00553007740608201,5.68746530510824,0.416181054139468
7,NvA,32,POJ-R,RT_Down_anti_R,0.567297283047747,0.220540693451475,0.787837976499222,0.00609849189099197,0.00663037712363904,5.65324836545923,0.397794895352834
8,RR,1,V1-L,RT_Down_anti_R,0.250771330555111,0.20091156396067,0.45168289451578,0.00478236243988317,0.00519029203336044,5.98893873472917,0.54426584927796
8,RR,2,V3-L,RT_Down_anti_R,0.0447507582067442,0.376837003189632,0.421587761396376,0.00415648853023769,0.00449765203348096,6.00721908902073,0.554320094382062
8,RR,3,STS-L,RT_Down_anti_R,0.110973716313829,0.112183030440615,0.223156746754444,0.00308407102066411,0.00335052701167785,6.0303052003358,0.561274696348366
8,RR,4,IPL-L,RT_Down_anti_R,0.870994090510487,0.392303409970915,1.2632975004814,0.00914752696429288,0.00986499180050551,5.89362928367185,0.519979666289475
8,RR,5,SPL-L,RT_Down_anti_R,0.564666156147318,0.29163777054824,0.856303926695558,0.00764179216034566,0.00827467747804341,5.93510573586082,0.534856295496964
8,RR,6,AG-L,RT_Down_anti_R,0.26648076929139,0.615653306877916,0.882134076169306,0.00695303065416939,0.00750919523936607,5.93757416041006,0.533207619796158
8,RR,7,mIPS-L,RT_Down_anti_R,0.775915448003429,0.256286674597748,1.03220212260118,0.00810788088969938,0.00874007610664933,5.91702183242173,0.524614370130496
8,RR,8,VIP-L,RT_Down_anti_R,0.377797388536982,0.433303028477044,0.811100417014026,0.00698145256970119,0.00751308208861472,5.9412439786459,0.532701333075319
8,RR,9,SPOC-L,RT_Down_anti_R,0.650408045095307,0.289339830041333,0.93974787513664,0.00767585492154905,0.00830870142993872,5.92991086620595,0.531196023294565
8,RR,10,S1-L,RT_Down_anti_R,0.569130623881387,0.205269027527248,0.774399651408635,0.00667017617814504,0.00720078157633394,5.94767451095598,0.539417781222948
8,RR,11,M1-L,RT_Down_anti_R,0.240220882291854,0.140539490019191,0.380760372311045,0.00469021346185556,0.00508011793615739,5.9950962845143,0.555856514751159
8,RR,12,SMA-L,RT_Down_anti_R,0.415479159833056,0.492745656331074,0.908224816164129,0.0068868248451593,0.00744172419837255,5.93009243854863,0.524736606950812
8,RR,13,PMd-L,RT_Down_anti_R,0.275655621146381,0.221528900645834,0.497184521792215,0.0052008789099076,0.00563911571724974,5.97980309398989,0.54675434992607
8,RR,14,PMv-L,RT_Down_anti_R,0.0899127453571764,0.132562019930285,0.222474765287461,0.00322389879166232,0.00350015442481224,6.02939679686997,0.559335957394609
8,RR,15,FEF-L,RT_Down_anti_R,0.198047031314073,0.219677156477375,0.417724187791448,0.00489608549051878,0.00532522985457245,5.99075731350678,0.553493598181515
8,RR,16,POJ-L,RT_Down_anti_R,0.610950594908438,0.19257771466332,0.803528309571758,0.00641680915914625,0.00691751343375867,5.94837389547517,0.521734455310148
8,RR,17,V1-R,RT_Down_anti_R,0.132703572700747,0.25922810571284,0.391931678413587,0.00430763507480978,0.00465346262773424,6.00357398732322,0.555049601035809
8,RR,18,V3-R,RT_Down_anti_R,0.158279503974509,0.160660118214402,0.318939622188911,0.0043602493543947,0.00472485988628802,6.001747051698,0.554996135752988
8,RR,19,STS-R,RT_Down_anti_R,0.105865651345226,0.262501830355837,0.368367481701063,0.00424903253077536,0.00460742179816387,6.00562682975419,0.556762286636309
8,RR,20,IPL-R,RT_Down_anti_R,0.270273954116714,0.319272934563005,0.589546888679719,0.00606035138396291,0.00657829620482818,5.96202825322173,0.540431046249116
8,RR,21,SPL-R,RT_Down_anti_R,0.214442312904897,0.464127689171841,0.678570002076737,0.00559626978470806,0.00606639518705771,5.96997791954842,0.540046501188179
8,RR,22,AG-R,RT_Down_anti_R,0.149991562527772,0.412782780924541,0.562774343452313,0.00520753643523993,0.00563118603299223,5.98015569121497,0.547091968389877
8,RR,23,mIPS-R,RT_Down_anti_R,0.180343150820649,0.858470326012561,1.03881347683321,0.00703201685934056,0.00758415250600436,5.9323131125245,0.525205804010444
8,RR,24,VIP-R,RT_Down_anti_R,0.244802403211671,0.37720510425366,0.622007507465331,0.00631004383062805,0.00682787353200544,5.95967725846185,0.536875502115986
8,RR,25,SPOC-R,RT_Down_anti_R,0.387258879105313,0.241500902198964,0.628759781304277,0.00565309515587995,0.006138796656793,5.96387569784177,0.5416942151761
8,RR,26,S1-R,RT_Down_anti_R,0.26196484426513,0.204691500580669,0.466656344845799,0.00508669097307587,0.00551787547726654,5.98565191325951,0.549297579487719
8,RR,27,M1-R,RT_Down_anti_R,0.169036982368921,0.783053582404545,0.952090564773466,0.00746993124577684,0.00806768024614095,5.93395927137427,0.531914300702233
8,RR,28,SMA-R,RT_Down_anti_R,0.614888108369319,0.529804070516523,1.14469217888584,0.00918564451179773,0.00994223785553351,5.89011124825878,0.493355688009478
8,RR,29,PMd-R,RT_Down_anti_R,0.64035700627794,0.468213973970881,1.10857098024882,0.00830831083024396,0.00892495604832798,5.89708076466647,0.499494784260208
8,RR,30,PMv-R,RT_Down_anti_R,0.0921620674089253,0.268267690936857,0.360429758345782,0.00424267401927565,0.00459369214212685,6.00671024262213,0.55204869132058
8,RR,31,FEF-R,RT_Down_anti_R,0.262553174362176,0.215082780640101,0.477635955002277,0.00495902449978278,0.00536117909300057,5.97975380889995,0.542920920417247
8,RR,32,POJ-R,RT_Down_anti_R,0.404455467711861,0.203314028709067,0.607769496420928,0.00542450392576716,0.00586574948112832,5.9720994322193,0.544137754487937
9,SJB,1,V1-L,RT_Down_anti_R,0.136523720041884,0.446834568492901,0.583358288534785,0.00522562454858378,0.00564216386328222,6.04135049644015,0.545731302521452
9,SJB,2,V3-L,RT_Down_anti_R,0.226634387278427,0.402846623838429,0.629481011116855,0.00550152756658627,0.00595780167896146,6.03737343789971,0.545656412327195
9,SJB,3,STS-L,RT_Down_anti_R,0.104870705080226,0.194847168666887,0.299717873747114,0.00351338873132852,0.00378344662884554,6.08835363585648,0.560483197851561
9,SJB,4,IPL-L,RT_Down_anti_R,0.796609904468895,0.203385427632523,0.999995332101418,0.00712410039916906,0.00770369945927034,5.99185590910811,0.531285082951231
9,SJB,5,SPL-L,RT_Down_anti_R,0.612391517727963,0.594490368424438,1.2068818861524,0.00987411466039556,0.0107243678994338,5.94998355641672,0.518358063857201
9,SJB,6,AG-L,RT_Down_anti_R,0.337330498581128,0.642967538499866,0.980298037080994,0.00739905773655672,0.00803072582324111,5.9931150434129,0.534885210452655
9,SJB,7,mIPS-L,RT_Down_anti_R,0.323535828251678,0.548413153486522,0.871948981738199,0.00794785663544804,0.00861923780103633,5.99061773578812,0.5362355483739
9,SJB,8,VIP-L,RT_Down_anti_R,0.654997274827244,0.258593892091489,0.913591166918734,0.00730019878886896,0.00788198395963788,5.99868790048872,0.525926506982519
9,SJB,9,SPOC-L,RT_Down_anti_R,0.692669553377637,0.224574858240756,0.917244411618393,0.00744232032692287,0.00805926207933709,5.99809019391939,0.532662237177501
9,SJB,10,S1-L,RT_Down_anti_R,0.241868298073644,0.611509111861829,0.853377409935474,0.00633318319266641,0.00673418782595334,6.01262835731861,0.525439840102823
9,SJB,11,M1-L,RT_Down_anti_R,0.88112593283648,0.410933669232854,1.29205960206933,0.00980279138705369,0.0106157743577148,5.94347290256786,0.497124226285934
9,SJB,12,SMA-L,RT_Down_anti_R,0.306663420306823,0.196365422013788,0.503028842320611,0.00516981931707177,0.00559218109677518,6.04672999681066,0.548336587219498
9,SJB,13,PMd-L,RT_Down_anti_R,0.381129877686224,0.193829583658463,0.574959461344687,0.00656325184383403,0.00711711453901617,6.02543019500365,0.549155377854176
9,SJB,14,PMv-L,RT_Down_anti_R,0.08686774387304,0.234491086202673,0.321358830075713,0.00400934270754575,0.00433267373107929,6.07668213035665,0.559073861471324
9,SJB,15,FEF-L,RT_Down_anti_R,0.154948318872131,0.36719888505948,0.522147203931611,0.0057973796037792,0.0062480211482632,6.03686285602332,0.551761891934116
9,SJB,16,POJ-L,RT_Down_anti_R,0.743214602491577,0.204278722380546,0.947493324872123,0.0074478885901858,0.00807839000576125,5.99433646741327,0.535895708108796
9,SJB,17,V1-R,RT_Down_anti_R,0.187622808562006,0.516654505067168,0.704277313629174,0.00580891769136943,0.00629307030941788,6.02803820532747,0.545259414707054
9,SJB,18,V3-R,RT_Down_anti_R,0.151616892749936,0.223740767031227,0.375357659781163,0.00429997203169901,0.00466457629249672,6.06645535007411,0.557477631934806
9,SJB,19,STS-R,RT_Down_anti_R,0.110941457580662,0.236721708377807,0.347663165958468,0.00423268479671131,0.00457356439461948,6.06879055519084,0.55926312717704
9,SJB,20,IPL-R,RT_Down_anti_R,0.148121700017846,0.329282422806138,0.477404122823984,0.0054738189880528,0.00592365080956635,6.04447473192872,0.551870121483821
9,SJB,21,SPL-R,RT_Down_anti_R,0.342982977315769,0.576708492037401,0.91969146935317,0.00755380196570438,0.00805427331858786,5.99715697506895,0.518986903336291
9,SJB,22,AG-R,RT_Down_anti_R,0.430476996908513,0.226946905618913,0.657423902527426,0.00626548236652338,0.00678620749259791,6.0224572407224,0.539349765441924
9,SJB,23,mIPS-R,RT_Down_anti_R,0.374941583040701,0.1495166900438,0.524458273084502,0.00530405036089289,0.00576000206597502,6.04313097283382,0.549329518692206
9,SJB,24,VIP-R,RT_Down_anti_R,0.301709140087405,0.498525902880936,0.800235042968341,0.00776218958325735,0.00838340574717168,5.99994885214553,0.534975033662255
9,SJB,25,SPOC-R,RT_Down_anti_R,0.398177442240178,0.521162764085759,0.919340206325937,0.00782765048157557,0.00840706157357281,5.99037420814292,0.529141921672552
9,SJB,26,S1-R,RT_Down_anti_R,0.184781254128186,0.289061427539089,0.473842681667275,0.00464752632255309,0.00501804458705308,6.05399173637377,0.551643630041113
9,SJB,27,M1-R,RT_Down_anti_R,0.220489778238868,0.405109814574846,0.625599592813714,0.00673629407132853,0.00725837082879474,6.01732353843658,0.545102955646654
9,SJB,28,SMA-R,RT_Down_anti_R,0.293130176600315,0.19346048716709,0.486590663767406,0.00486490962924781,0.00520853357189456,6.0485654046746,0.543210189109982
9,SJB,29,PMd-R,RT_Down_anti_R,0.242776538627084,0.28023775462458,0.523014293251664,0.00585970506762334,0.00633023882226092,6.03613662129077,0.55428095827682
9,SJB,30,PMv-R,RT_Down_anti_R,0.071936798041446,0.17920492222694,0.251141720268386,0.00350307784735,0.00378699195101684,6.08883556089688,0.563312171194332
9,SJB,31,FEF-R,RT_Down_anti_R,0.170031391099066,0.262302033970791,0.432333425069857,0.00500294194624204,0.00539897838583024,6.05281115692475,0.556939487711731
9,SJB,32,POJ-R,RT_Down_anti_R,0.567768364581946,0.254690205758996,0.822458570340942,0.00720379034614002,0.00774794608833582,6.00801628411897,0.536019303162242
10,BG,1,V1-L,RT_Down_anti_R,0.07975000122383,0.236451509026627,0.316201510250458,0.00314515469081192,0.00344033470617035,5.81289210131037,0.446419706501787
10,BG,2,V3-L,RT_Down_anti_R,0.102411604361627,0.175750717675281,0.278162322036909,0.00342371484140031,0.00373647635223764,5.81367356375401,0.450029103690809
10,BG,3,STS-L,RT_Down_anti_R,0.0376340980911656,0.408386906656733,0.446021004747898,0.0035865339766007,0.00391703993736965,5.80592095503279,0.44275293236092
10,BG,4,IPL-L,RT_Down_anti_R,0.104456931406649,0.279196022333391,0.38365295374004,0.00411171499158673,0.00448481574664501,5.79738357375396,0.445248655680988
10,BG,5,SPL-L,RT_Down_anti_R,0.533350568260591,0.208858740212743,0.742209308473334,0.00701046635601164,0.00771881795332475,5.73224503082285,0.431534377293939
10,BG,6,AG-L,RT_Down_anti_R,0.167918208320446,0.282609703887889,0.450527912208334,0.00428674515847294,0.00467462600168911,5.78826772470669,0.438611728412057
10,BG,7,mIPS-L,RT_Down_anti_R,0.646554014231241,0.28379460256728,0.930348616798522,0.00776993026183678,0.0084964749318852,5.70861623604069,0.419291151620061
10,BG,8,VIP-L,RT_Down_anti_R,0.273254489961552,0.365779099960062,0.639033589921614,0.00524717992869747,0.00569373617703755,5.76095611053689,0.421335532960674
10,BG,9,SPOC-L,RT_Down_anti_R,0.141553545645318,0.375938020882651,0.517491566527969,0.00533838559474685,0.00585701636174133,5.76799224431671,0.44279883290635
10,BG,10,S1-L,RT_Down_anti_R,0.362702493166745,0.261099392114746,0.623801885281491,0.00585524051454689,0.00639220082455369,5.75093421954916,0.435484003033786
10,BG,11,M1-L,RT_Down_anti_R,0.393102196964825,0.195256374054289,0.588358571019113,0.00542353639207065,0.00591669002511597,5.76255522451596,0.4388048872303
10,BG,12,SMA-L,RT_Down_anti_R,0.241748490938061,0.276170254250625,0.517918745188687,0.00513532870931516,0.00565908224695332,5.76902585886774,0.437453274640263
10,BG,13,PMd-L,RT_Down_anti_R,0.161546381468765,0.365678032429027,0.527224413897792,0.00486419143294436,0.00533187821127182,5.77194623926497,0.438203555926846
10,BG,14,PMv-L,RT_Down_anti_R,0.076282165688025,0.184493662747475,0.2607758284355,0.0033109992387223,0.00361931498475046,5.8176793103616,0.452645625177645
10,BG,15,FEF-L,RT_Down_anti_R,0.280332809105163,0.372962501781069,0.653295310886232,0.00592160403038985,0.00650130372503189,5.74776369747322,0.433516363110187
10,BG,16,POJ-L,RT_Down_anti_R,0.335309083912759,0.249523031481104,0.584832115393863,0.0053472095815145,0.00581606267836588,5.76254522692532,0.431758207695081
10,BG,17,V1-R,RT_Down_anti_R,0.127300908097637,0.291644750364339,0.418945658461976,0.00412975169360061,0.00448771640587579,5.79422588397519,0.440576788370343
10,BG,18,V3-R,RT_Down_anti_R,0.144495707631278,0.252407349054593,0.396903056685871,0.00419021525092439,0.0045483828167447,5.79499620056159,0.443772018513947
10,BG,19,STS-R,RT_Down_anti_R,0.175272014983554,0.39532343060325,0.570595445586804,0.00526763133624572,0.00573251812684281,5.76596409112109,0.438270459099188
10,BG,20,IPL-R,RT_Down_anti_R,0.398932266870435,0.248093477829002,0.647025744699437,0.00595614232720263,0.00650895982694593,5.75317867875275,0.435302097435583
10,BG,21,SPL-R,RT_Down_anti_R,0.269352387768175,0.268819071464929,0.538171459233103,0.00522868514497731,0.00570288672208047,5.77009790109051,0.437017336431696
10,BG,22,AG-R,RT_Down_anti_R,0.515684250132775,0.230525793567218,0.746210043699993,0.00683095946212175,0.00751909484180426,5.73361125267792,0.430904336245486
10,BG,23,mIPS-R,RT_Down_anti_R,0.466003580812159,0.215758725462313,0.681762306274473,0.00589729982309116,0.00646464951386045,5.74532017781365,0.422118180608814
10,BG,24,VIP-R,RT_Down_anti_R,0.453719147100562,0.344952009846019,0.798671156946582,0.00687921206448383,0.00752606904981849,5.72894860020922,0.426349120513564
10,BG,25,SPOC-R,RT_Down_anti_R,0.28232383340886,0.266027443625951,0.548351277034811,0.00513397185395677,0.00562029519043676,5.76894045003373,0.437649671539426
10,BG,26,S1-R,RT_Down_anti_R,0.274539475290545,0.281619759761133,0.556159235051678,0.00520223823605288,0.00569116480023448,5.76811698079252,0.431185749067965
10,BG,27,M1-R,RT_Down_anti_R,0.218377157247972,0.244117835812059,0.462494993060031,0.00432108703590942,0.0046780157320045,5.78544245859481,0.437159258056569
10,BG,28,SMA-R,RT_Down_anti_R,0.261770452123654,0.266195502614334,0.527965954737988,0.0051556561770427,0.00565117848250587,5.77190966929981,0.438181537142687
10,BG,29,PMd-R,RT_Down_anti_R,0.298780709278923,0.304498121690583,0.603278830969506,0.00574717544950639,0.0062682346988212,5.75600581130923,0.43290668143611
10,BG,30,PMv-R,RT_Down_anti_R,0.0881976036003145,0.182323057821404,0.270520661421719,0.00313351451473314,0.00344000357052754,5.81871940201545,0.447046861377779
10,BG,31,FEF-R,RT_Down_anti_R,0.302193017624095,0.226626174461304,0.528819192085399,0.00470378088736324,0.00513765463030271,5.77659395984411,0.436713718310432
10,BG,32,POJ-R,RT_Down_anti_R,0.582160602827311,0.256129121505586,0.838289724332898,0.00670293937755952,0.00733570943326234,5.72780720120651,0.423769122163426
1,DOC,1,V1-L,RT_Upright_pro_L,0.116514706222917,0.236035904448454,0.352550610671371,0.00454883475085405,0.00482394089934482,6.13817925405178,0.525731358818393
1,DOC,2,V3-L,RT_Upright_pro_L,0.121852311586233,0.347713699162537,0.469566010748769,0.00562850639566663,0.0059840896407816,6.11843104952105,0.520379592294405
1,DOC,3,STS-L,RT_Upright_pro_L,0.0698394393811743,0.623691330440434,0.693530769821609,0.00594715847713873,0.00628484733394423,6.10832504157529,0.518513819026643
1,DOC,4,IPL-L,RT_Upright_pro_L,0.968333661502067,0.402137089430482,1.37047075093255,0.0095601559216227,0.0100878372482499,6.03036273601828,0.480887941595174
1,DOC,5,SPL-L,RT_Upright_pro_L,0.404588904925844,0.271723047791434,0.676311952717278,0.0074912469786773,0.0079551729895195,6.08122640117468,0.513964043932319
1,DOC,6,AG-L,RT_Upright_pro_L,0.356663270087223,0.204191387513638,0.560854657600861,0.00664604804618125,0.00707835167986817,6.09701633146585,0.521494494781478
1,DOC,7,mIPS-L,RT_Upright_pro_L,0.481276333617254,0.45771628162638,0.938992615243634,0.00959091633301496,0.0101667285945984,6.04583377495228,0.505716810864706
1,DOC,8,VIP-L,RT_Upright_pro_L,0.600593153401979,0.38491591195861,0.985509065360589,0.00752741754487916,0.00793514504547187,6.07341433543812,0.50007397695533
1,DOC,9,SPOC-L,RT_Upright_pro_L,0.512434120153148,0.537660463292327,1.05009458344547,0.00895750899886853,0.00945587326256732,6.04411958607677,0.490351291925744
1,DOC,10,S1-L,RT_Upright_pro_L,0.326732010312079,0.745339058404921,1.072071068717,0.00781522724395456,0.0082606120430788,6.06659905505736,0.496148958666628
1,DOC,11,M1-L,RT_Upright_pro_L,0.255279022878056,0.66370976304463,0.918988785922686,0.00745831079869926,0.00793396875758564,6.07197343525877,0.503900563892509
1,DOC,12,SMA-L,RT_Upright_pro_L,0.289913934795855,0.295750820759702,0.585664755555558,0.00662422541631199,0.00706033158399483,6.09564721058367,0.51478080366616
1,DOC,13,PMd-L,RT_Upright_pro_L,0.224335777143276,0.316560626067956,0.540896403211232,0.00632774037348125,0.00672147290229829,6.10282581939245,0.513766270086933
1,DOC,14,PMv-L,RT_Upright_pro_L,0.078964949753395,0.147770500430175,0.22673545018357,0.00314625297465958,0.00335308350764109,6.16630876009622,0.528670331789993
1,DOC,15,FEF-L,RT_Upright_pro_L,0.165829225910723,0.258074312557648,0.423903538468371,0.00462473956687586,0.00490134289331165,6.13319150722103,0.51956561756306
1,DOC,16,POJ-L,RT_Upright_pro_L,0.190526282764272,0.362407333079889,0.552933615844161,0.0060506085070317,0.00640426682180158,6.10794936777248,0.51964515961866
1,DOC,17,V1-R,RT_Upright_pro_L,0.107429122818201,0.160825723932203,0.268254846750403,0.0038007368935906,0.00403637715211089,6.15392389377531,0.531409783789012
1,DOC,18,V3-R,RT_Upright_pro_L,0.179594469268107,0.268935873118336,0.448530342386443,0.00528019062537473,0.00561089239507644,6.12154852006119,0.524609381201622
1,DOC,19,STS-R,RT_Upright_pro_L,0.165092014071471,0.116475470876236,0.281567484947707,0.00390794666154739,0.00415267040653311,6.15202174841582,0.529183082393686
1,DOC,20,IPL-R,RT_Upright_pro_L,0.217337542334063,0.236061392610621,0.453398934944684,0.00581683627269109,0.00617610823893987,6.11657922702498,0.522544803639159
1,DOC,21,SPL-R,RT_Upright_pro_L,0.735701003196704,0.337765129838705,1.07346613303541,0.00997746226387936,0.0105721678354521,6.03644603741793,0.492033279015068
1,DOC,22,AG-R,RT_Upright_pro_L,0.598338561867853,0.440190013168654,1.03852857503651,0.00996035247195631,0.0105944598523258,6.04025137990294,0.502335665050237
1,DOC,23,mIPS-R,RT_Upright_pro_L,0.945319849514012,0.495709676263315,1.44102952577733,0.0118791929220877,0.012605553028719,6.0001644101468,0.474250734897721
1,DOC,24,VIP-R,RT_Upright_pro_L,0.430363462698748,0.29333367345604,0.723697136154788,0.0080837813781445,0.00856609074474552,6.07640277813841,0.511542929137507
1,DOC,25,SPOC-R,RT_Upright_pro_L,0.602801141968894,0.388592357471002,0.991393499439896,0.00889115874458476,0.0093964872792222,6.05219063642707,0.499767913397991
1,DOC,26,S1-R,RT_Upright_pro_L,0.256294651243493,0.363300434808294,0.619595086051787,0.00658726758135914,0.00694039650952282,6.0960629885949,0.514773032946766
1,DOC,27,M1-R,RT_Upright_pro_L,0.320536781022936,0.288358076186776,0.608894857209711,0.00715584854945684,0.00756730241457538,6.0899617417486,0.519165941936924
1,DOC,28,SMA-R,RT_Upright_pro_L,0.398038090274481,0.310225996867243,0.708264087141724,0.0078497477488182,0.00837029373628862,6.07387504870788,0.51588218834098
1,DOC,29,PMd-R,RT_Upright_pro_L,0.196265652369746,0.391193772910651,0.587459425280397,0.00648827886406264,0.00690816247017792,6.09830912640127,0.519340097696598
1,DOC,30,PMv-R,RT_Upright_pro_L,0.0990277919603985,0.148750846894416,0.247778638854814,0.00358487814266912,0.00378400736517272,6.16149290531591,0.528335157347668
1,DOC,31,FEF-R,RT_Upright_pro_L,0.155576088977992,0.358190232006086,0.513766320984078,0.00512163283990777,0.00541292616965021,6.11904231350866,0.516735836902631
1,DOC,32,POJ-R,RT_Upright_pro_L,0.632662150750044,0.350749278354844,0.983411429104888,0.00909695141516556,0.00963532600999158,6.05408129390252,0.501890883363138
2,GB,1,V1-L,RT_Upright_pro_L,0.0722809175311821,0.145347628632678,0.21762854616386,0.00276618619165363,0.00300158156075891,5.58312313075425,0.406268057558561
2,GB,2,V3-L,RT_Upright_pro_L,0.120234678060544,0.130930516052691,0.251165194113235,0.00291384886615311,0.00316129713003111,5.57639267520947,0.400511249650336
2,GB,3,STS-L,RT_Upright_pro_L,0.057100730859882,0.172414626866172,0.229515357726054,0.00259748000399458,0.002809882369134,5.58969415892906,0.403275203231425
2,GB,4,IPL-L,RT_Upright_pro_L,0.135535470748892,0.135045390870205,0.270580861619096,0.00330824669277692,0.00356059079659615,5.57050568841325,0.399091004500586
2,GB,5,SPL-L,RT_Upright_pro_L,0.241928836181804,0.315301150592283,0.557229986774087,0.00512208318698537,0.00552077607298542,5.5246682159052,0.386225533549265
2,GB,6,AG-L,RT_Upright_pro_L,0.20500167752509,0.170122958190951,0.375124635716041,0.00417283911176357,0.00452754699231517,5.54433874429916,0.399461538813464
2,GB,7,mIPS-L,RT_Upright_pro_L,0.475661739255057,0.177225107892835,0.652886847147892,0.00571389096701688,0.00617744155727654,5.50420159998683,0.379303705312749
2,GB,8,VIP-L,RT_Upright_pro_L,0.167735965533112,0.333783712813907,0.501519678347019,0.00491007012276842,0.00532779316382263,5.52398342984586,0.393780509065232
2,GB,9,SPOC-L,RT_Upright_pro_L,0.447827259698429,0.352362238448422,0.800189498146852,0.00618234595975111,0.00671315163915044,5.49577111874986,0.378843406816145
2,GB,10,S1-L,RT_Upright_pro_L,0.139544490337665,0.218946194346231,0.358490684683896,0.00430576919378985,0.00467475159646904,5.54265007066112,0.400229558854318
2,GB,11,M1-L,RT_Upright_pro_L,0.1447701454748,0.25869115229316,0.40346129776796,0.00410195414925312,0.00443892627074566,5.54504336682234,0.394811181829768
2,GB,12,SMA-L,RT_Upright_pro_L,0.443773063883921,0.25886727761388,0.702640341497801,0.00609895345647573,0.00659966034788492,5.49569886099735,0.378671209612925
2,GB,13,PMd-L,RT_Upright_pro_L,0.2919234125764,0.149464651614062,0.441388064190463,0.00421881645815071,0.00453828860872632,5.54272326671693,0.391000349676323
2,GB,14,PMv-L,RT_Upright_pro_L,0.0585999009416898,0.121424282510116,0.180024183451806,0.00248190959240556,0.00267299711238705,5.59348084809828,0.407060047782623
2,GB,15,FEF-L,RT_Upright_pro_L,0.128471749145617,0.197661448276093,0.32613319742171,0.00369780061679941,0.00402976274387627,5.55676455993123,0.398434239507454
2,GB,16,POJ-L,RT_Upright_pro_L,0.860556839814123,0.317260417158427,1.17781725697255,0.00784282335602232,0.00851196824968116,5.45102541998065,0.362844820656599
2,GB,17,V1-R,RT_Upright_pro_L,0.0880135208074798,0.115547602453565,0.203561123261045,0.00271704810917401,0.00293751186259897,5.58459475575934,0.405159712415431
2,GB,18,V3-R,RT_Upright_pro_L,0.121629442676473,0.344654494205795,0.466283936882268,0.00423570957895021,0.00461065460092838,5.54157892928472,0.394391907004306
2,GB,19,STS-R,RT_Upright_pro_L,0.0765649588756462,0.196248573905447,0.272813532781093,0.00318880303881327,0.0034490312330527,5.57126428976964,0.402276417782275
2,GB,20,IPL-R,RT_Upright_pro_L,0.186495751562037,0.261167173948714,0.447662925510752,0.00462786417978001,0.00502596782163733,5.53399094473432,0.396375587467542
2,GB,21,SPL-R,RT_Upright_pro_L,0.153978965408482,0.299396389146271,0.453375354554753,0.00436648989339572,0.00472909575971519,5.5370739269153,0.394510932647331
2,GB,22,AG-R,RT_Upright_pro_L,0.182561639471523,0.123004388501988,0.305566027973512,0.00367207047932643,0.00398120967179581,5.55939360442816,0.40029685504881
2,GB,23,mIPS-R,RT_Upright_pro_L,0.236263646191412,0.0956365492549686,0.331900195446381,0.00365118915492858,0.00394680749309759,5.55729199002866,0.400965794802688
2,GB,24,VIP-R,RT_Upright_pro_L,0.222117504341854,0.29052669158667,0.512644195928524,0.00497790548040514,0.00537815707829372,5.52541559172891,0.388132466018803
2,GB,25,SPOC-R,RT_Upright_pro_L,0.404463172323433,0.351467849744713,0.755931022068146,0.00549295074078453,0.00590159739299839,5.50135127981014,0.373767055711199
2,GB,26,S1-R,RT_Upright_pro_L,0.270661490537553,0.189116711263238,0.459778201800791,0.00451618824771433,0.00488880219966591,5.53800209818737,0.391213974776087
2,GB,27,M1-R,RT_Upright_pro_L,0.232982411904644,0.317065652522848,0.550048064427492,0.00487243627458876,0.00525320774731947,5.52278700636276,0.380704297822257
2,GB,28,SMA-R,RT_Upright_pro_L,0.350205693094473,0.304114679490654,0.654320372585126,0.00498658100380822,0.00540683754384774,5.52040909940572,0.379716304558869
2,GB,29,PMd-R,RT_Upright_pro_L,0.437670783969959,0.415863387993369,0.853534171963328,0.00644630715182492,0.00689619259684805,5.47754595830898,0.353602538715841
2,GB,30,PMv-R,RT_Upright_pro_L,0.0508949947099734,0.0989022492469804,0.149797243956954,0.00226264987560835,0.00247008449381025,5.59647726765181,0.409517976242992
2,GB,31,FEF-R,RT_Upright_pro_L,0.0980592035748794,0.348992838443414,0.447052042018293,0.00391997241199383,0.00422253544799183,5.5485340055511,0.390777257682504
2,GB,32,POJ-R,RT_Upright_pro_L,0.250166884665205,0.147122955802486,0.397289840467691,0.00383921880418514,0.00414872394909255,5.55071090057084,0.393893665459987
3,JDC,1,V1-L,RT_Upright_pro_L,0.184566164068643,0.273521817663553,0.458087981732196,0.00464007281703127,0.00508079940400512,6.14569879374231,0.587986266793583
3,JDC,2,V3-L,RT_Upright_pro_L,0.144557083264615,0.330181976662574,0.474739059927188,0.00513926420475353,0.00563116436774139,6.1437822446536,0.590578479074041
3,JDC,3,STS-L,RT_Upright_pro_L,0.148087184015411,0.196484568931358,0.344571752946769,0.00410228056864986,0.00444904813439879,6.16167727362514,0.587782021733882
3,JDC,4,IPL-L,RT_Upright_pro_L,0.73173547740469,0.381966848778946,1.11370232618364,0.00872786431003373,0.00954750149371816,6.06072367307293,0.550826536737241
3,JDC,5,SPL-L,RT_Upright_pro_L,0.636572719067856,0.414552355211417,1.05112507427927,0.00905139122945082,0.00987281196679701,6.06420900820213,0.566424200021922
3,JDC,6,AG-L,RT_Upright_pro_L,0.145176292201744,0.506148254183621,0.651324546385365,0.00540076511097265,0.00588515100409267,6.13134597945111,0.576175616307952
3,JDC,7,mIPS-L,RT_Upright_pro_L,0.599648166270149,0.364277229155202,0.963925395425351,0.00834223287428881,0.00915203829271924,6.0760310748563,0.566026080654391
3,JDC,8,VIP-L,RT_Upright_pro_L,0.775164185481501,0.305278752009066,1.08044293749057,0.00857860306924249,0.0093870001981488,6.07311822407214,0.568111244556729
3,JDC,9,SPOC-L,RT_Upright_pro_L,0.223594301724583,0.588283271052596,0.811877572777179,0.00733669319241868,0.00801027726720964,6.10151910573134,0.575831635499543
3,JDC,10,S1-L,RT_Upright_pro_L,0.298961008401231,0.316051198828418,0.61501220722965,0.00666484953597533,0.00728494115879021,6.11733515979956,0.58016440382292
3,JDC,11,M1-L,RT_Upright_pro_L,0.488137719266879,0.288845554272,0.776983273538879,0.00780660764793029,0.00850809097729318,6.09565927200158,0.580293574190562
3,JDC,12,SMA-L,RT_Upright_pro_L,0.523362919272771,0.378434057699472,0.901796976972243,0.00799687413325016,0.00868185281705231,6.08475453300432,0.567123877185935
3,JDC,13,PMd-L,RT_Upright_pro_L,0.402892926309459,0.69548115033941,1.09837407664887,0.00879893759669708,0.00956775754081328,6.06679460759745,0.557318689710122
3,JDC,14,PMv-L,RT_Upright_pro_L,0.0806724312877601,0.272232884401362,0.352905315689122,0.00399236687576646,0.00436859313794209,6.16974553425907,0.594517005378904
3,JDC,15,FEF-L,RT_Upright_pro_L,0.240247148904995,0.58081490286522,0.821062051770215,0.00709803481639796,0.00771225279464233,6.10252840645539,0.572808170983656
3,JDC,16,POJ-L,RT_Upright_pro_L,0.458862022597645,0.31702824357659,0.775890266174235,0.00718702328677339,0.0078596484347374,6.10170211005066,0.57558769903474
3,JDC,17,V1-R,RT_Upright_pro_L,0.132399543806962,0.116605744096311,0.249005287903272,0.00329321959217439,0.00359649910351376,6.186476608767,0.599280932526814
3,JDC,18,V3-R,RT_Upright_pro_L,0.142990212243828,0.108642080516249,0.251632292760077,0.00325301884132131,0.00358523036873261,6.18503451031295,0.600134293520611
3,JDC,19,STS-R,RT_Upright_pro_L,0.128601992671824,0.291188957308326,0.41979094998015,0.00457562835497929,0.00494861963741513,6.15619632839316,0.592960577834189
3,JDC,20,IPL-R,RT_Upright_pro_L,0.62794706892952,0.337879458300187,0.965826527229707,0.00906405345589452,0.00992278353358185,6.0698318963924,0.572086299588248
3,JDC,21,SPL-R,RT_Upright_pro_L,0.624932290673252,0.622865689997545,1.2477979806708,0.00944954245668077,0.010351999421616,6.04325033568959,0.549823637719494
3,JDC,22,AG-R,RT_Upright_pro_L,0.297575050662654,0.321751512902905,0.619326563565559,0.00672720196671064,0.00742828864875462,6.11237514498662,0.584393704681615
3,JDC,23,mIPS-R,RT_Upright_pro_L,0.565157418383404,0.315079841319048,0.880237259702452,0.00773608047625229,0.00847956213266912,6.08829258819687,0.566294745221983
3,JDC,24,VIP-R,RT_Upright_pro_L,0.610698568932517,0.332731291617282,0.943429860549799,0.00841572646124379,0.00918455491724633,6.07335768210407,0.566837044978326
3,JDC,25,SPOC-R,RT_Upright_pro_L,0.150523924989289,0.417915001542949,0.568438926532238,0.00563906608652592,0.00616478704780203,6.1279742278846,0.581661585440185
3,JDC,26,S1-R,RT_Upright_pro_L,0.460986027371917,0.218305678801895,0.679291706173812,0.00697773212936143,0.00765561599115518,6.10663167194098,0.581602810487432
3,JDC,27,M1-R,RT_Upright_pro_L,0.250938187963428,0.239933061499271,0.490871249462699,0.00608196516001734,0.00666003434976407,6.12984469976963,0.590231881187097
3,JDC,28,SMA-R,RT_Upright_pro_L,0.500962578603369,0.353090957934086,0.854053536537455,0.00802084467378136,0.00871355958483294,6.08891754292955,0.571758380681515
3,JDC,29,PMd-R,RT_Upright_pro_L,0.337840633412821,0.292104456959116,0.629945090371937,0.0070184468327284,0.00762773660151748,6.10918556462901,0.582886075096638
3,JDC,30,PMv-R,RT_Upright_pro_L,0.140147080138713,0.298548395092679,0.438695475231392,0.00510494114647376,0.00558819038713784,6.14556724864573,0.590959985743731
3,JDC,31,FEF-R,RT_Upright_pro_L,0.151916262245744,0.36649691606941,0.518413178315154,0.00521063184529707,0.00567311011517268,6.1414689299441,0.584730501721366
3,JDC,32,POJ-R,RT_Upright_pro_L,0.308815900731267,0.671948381712375,0.980764282443642,0.00778949487438073,0.00845510853505003,6.08326628501821,0.566837625541718
4,JFXD,1,V1-L,RT_Upright_pro_L,0.125369588107941,0.585567454794306,0.710937042902247,0.00834984850968405,0.00881670639340367,7.04196810352481,0.834034228595348
4,JFXD,2,V3-L,RT_Upright_pro_L,0.290537278846698,0.385277727842574,0.675815006689272,0.00895699499447402,0.0094786739320316,7.0278218186006,0.832407979995738
4,JFXD,3,STS-L,RT_Upright_pro_L,0.150706811941314,0.329271279775916,0.47997809171723,0.00750378194254216,0.00792284737570958,7.05837382547739,0.844236018752649
4,JFXD,4,IPL-L,RT_Upright_pro_L,0.939947254069462,0.648564821898239,1.5885120759677,0.0157311846024899,0.0166333820353335,6.93294445064351,0.801661407922294
4,JFXD,5,SPL-L,RT_Upright_pro_L,0.83869250996024,0.424278241819652,1.26297075177989,0.013340228317302,0.0140732722659823,6.96278573807164,0.811708441446891
4,JFXD,6,AG-L,RT_Upright_pro_L,0.297365482087997,0.554945983953941,0.852311466041938,0.0110413499403946,0.011661681083862,7.00467449492201,0.833721868948185
4,JFXD,7,mIPS-L,RT_Upright_pro_L,0.932764852501517,0.606399596987219,1.53916444948874,0.0163505640583049,0.0173135481399183,6.93153838931301,0.809497076939419
4,JFXD,8,VIP-L,RT_Upright_pro_L,0.838040212810138,0.422795938728798,1.26083615153894,0.0131148723963358,0.0138477260471482,6.9687683942684,0.815728667145212
4,JFXD,9,SPOC-L,RT_Upright_pro_L,0.460293405477764,0.580901426129217,1.04119483160698,0.011826552194713,0.0124861901340687,6.9883161492918,0.818411543426116
4,JFXD,10,S1-L,RT_Upright_pro_L,0.7245399489614,0.707323185653967,1.43186313461537,0.0139773960647938,0.0147758887917892,6.95214267012216,0.808007914667844
4,JFXD,11,M1-L,RT_Upright_pro_L,0.9738404578306,0.751582264328684,1.72542272215928,0.0165629610755843,0.017548983069972,6.92107044352115,0.797466050706147
4,JFXD,12,SMA-L,RT_Upright_pro_L,0.921667438716493,0.616013507691204,1.5376809464077,0.0142023182739337,0.0150384446232935,6.94423708601332,0.806010117601923
4,JFXD,13,PMd-L,RT_Upright_pro_L,0.95521019507329,0.748561315546444,1.70377151061973,0.0160340534236688,0.0169680181361742,6.91902218898794,0.795198278175359
4,JFXD,14,PMv-L,RT_Upright_pro_L,0.403207956260115,0.666552113047144,1.06976006930726,0.011932815718224,0.0126228874613345,6.98756103065725,0.822205444872331
4,JFXD,15,FEF-L,RT_Upright_pro_L,0.310638681149122,0.826655586056365,1.13729426720549,0.011505717979955,0.0121437477646321,6.98784217689161,0.815590592993756
4,JFXD,16,POJ-L,RT_Upright_pro_L,0.724629934150701,0.531563566155002,1.2561935003057,0.0134252537692857,0.014193126754553,6.96231075120718,0.809864260092823
4,JFXD,17,V1-R,RT_Upright_pro_L,0.148169335043022,0.479790715162924,0.627960050205945,0.0073442278110826,0.00774851634806326,7.05019480715802,0.836395306802197
4,JFXD,18,V3-R,RT_Upright_pro_L,0.150247949457719,0.612503961637534,0.762751911095253,0.00883941701122772,0.00935024275773204,7.02784423644125,0.829085573701118
4,JFXD,19,STS-R,RT_Upright_pro_L,0.280526765803039,0.553605333887437,0.834132099690476,0.0105508589709802,0.0111855415222438,7.00920821945319,0.831813153469669
4,JFXD,20,IPL-R,RT_Upright_pro_L,0.792283511004161,0.500680891401063,1.29296440240522,0.0137208984150001,0.0145209813255831,6.96003062884949,0.810932203840203
4,JFXD,21,SPL-R,RT_Upright_pro_L,0.882041190940302,0.568709455010473,1.45075064595077,0.014890092233171,0.0157304156849713,6.94479652293989,0.802584118120738
4,JFXD,22,AG-R,RT_Upright_pro_L,0.438001343688741,0.320106659555899,0.75810800324464,0.00951392644478002,0.0100623267695015,7.01957242475696,0.829864024387044
4,JFXD,23,mIPS-R,RT_Upright_pro_L,0.831212158572504,0.364202157547114,1.19541431611962,0.0117359401170915,0.0123726428434725,6.97694368017239,0.80573118295556
4,JFXD,24,VIP-R,RT_Upright_pro_L,0.88580109502089,0.452385796823262,1.33818689184415,0.0136305825687679,0.0144110063215494,6.95800195352405,0.805673236336767
4,JFXD,25,SPOC-R,RT_Upright_pro_L,0.273557688252328,0.541679676131323,0.815237364383651,0.0101458637442991,0.0107177163957788,7.01635608356947,0.828590582879437
4,JFXD,26,S1-R,RT_Upright_pro_L,0.584979893067917,1.17569910751356,1.76067900058148,0.016320031138713,0.0172036166783814,6.92061649647929,0.790868445539324
4,JFXD,27,M1-R,RT_Upright_pro_L,0.496358164624732,0.747289635903993,1.24364780052872,0.0129782057821672,0.0137112119006746,6.96525001970099,0.806234539085722
4,JFXD,28,SMA-R,RT_Upright_pro_L,0.892002446966371,0.595926970148076,1.48792941711445,0.0138736365417761,0.0146978772826475,6.95080870864185,0.807956483743998
4,JFXD,29,PMd-R,RT_Upright_pro_L,0.366202655575877,0.359555464567357,0.725758120143234,0.00942860082818208,0.00997907106058437,7.02453982206462,0.829164201860142
4,JFXD,30,PMv-R,RT_Upright_pro_L,0.214263646040901,0.840634152103206,1.05489779814411,0.0114208205478931,0.0121064016058955,6.9950424956812,0.82147783009255
4,JFXD,31,FEF-R,RT_Upright_pro_L,0.269493620971798,0.387340303381054,0.656833924352853,0.0090629672451012,0.00958697513170244,7.03390023806515,0.834382180595622
4,JFXD,32,POJ-R,RT_Upright_pro_L,0.809773707348904,0.316002889141043,1.12577659648995,0.0121253846493209,0.0127968289245576,6.97702192727131,0.803449473171242
5,JZ,1,V1-L,RT_Upright_pro_L,0.106578822024779,0.144808638416685,0.251387460441464,0.00362596878247495,0.00396485045937681,5.82731900236863,0.474413290972058
5,JZ,2,V3-L,RT_Upright_pro_L,0.113015515711401,0.15809359426954,0.271109109980941,0.00367017285855705,0.00401473255817023,5.82514805143931,0.471831975258459
5,JZ,3,STS-L,RT_Upright_pro_L,0.0974868996091074,0.213030676509546,0.310517576118653,0.00303820369809023,0.00328924376288046,5.836655630236,0.468311230686548
5,JZ,4,IPL-L,RT_Upright_pro_L,0.550904442064552,0.397628581815979,0.948533023880531,0.00748277470028397,0.00815378577095207,5.73388231232832,0.441239367611104
5,JZ,5,SPL-L,RT_Upright_pro_L,0.644059627452082,0.30977497183094,0.953834599283022,0.0074257728131273,0.00812870925847719,5.72965602289967,0.445586350745686
5,JZ,6,AG-L,RT_Upright_pro_L,0.254275744291436,0.253766341291187,0.508042085582623,0.00515144854565898,0.00560380353841583,5.78952009675685,0.462315605017855
5,JZ,7,mIPS-L,RT_Upright_pro_L,0.518154910329,0.17523396668579,0.69338887701479,0.00579759973606547,0.00632947055947759,5.76704482038296,0.456248569305989
5,JZ,8,VIP-L,RT_Upright_pro_L,0.528511719304511,0.275806372851927,0.804318092156439,0.00654515075810708,0.0071175170073195,5.75358103397704,0.450085297260884
5,JZ,9,SPOC-L,RT_Upright_pro_L,0.257076359756088,0.234060899035167,0.491137258791255,0.00492978134974224,0.005338796392319,5.79071473895711,0.458480592122249
5,JZ,10,S1-L,RT_Upright_pro_L,0.282881907763124,0.655260212632864,0.938142120395988,0.00645506203404816,0.00698486293409523,5.75239687791014,0.443526547150625
5,JZ,11,M1-L,RT_Upright_pro_L,0.176390850351848,0.791994839796446,0.968385690148293,0.00658848665607283,0.00711825196765042,5.74813476170897,0.446114396973932
5,JZ,12,SMA-L,RT_Upright_pro_L,0.457808691037537,0.215879137375964,0.673687828413501,0.00590807152881871,0.00644697773549403,5.76853100157593,0.456188283771772
5,JZ,13,PMd-L,RT_Upright_pro_L,0.278732459296925,0.403289051747928,0.682021511044854,0.00563507893874699,0.00607960180143809,5.76934935923062,0.449451849510557
5,JZ,14,PMv-L,RT_Upright_pro_L,0.0569332098702622,0.308364508989178,0.36529771885944,0.00357373695431408,0.00389459349264525,5.82414370121042,0.467523044992335
5,JZ,15,FEF-L,RT_Upright_pro_L,0.121020128822648,0.286350244328592,0.40737037315124,0.004002696780698,0.00436280859046303,5.81545864011295,0.466393920888783
5,JZ,16,POJ-L,RT_Upright_pro_L,0.105691902793033,0.163789555691001,0.269481458484034,0.00347706703592888,0.00379170444328753,5.82912617585111,0.472643407135056
5,JZ,17,V1-R,RT_Upright_pro_L,0.236794579767699,0.231674065580828,0.468468645348527,0.00464917207290484,0.00503065306638478,5.79572752593145,0.45934951071723
5,JZ,18,V3-R,RT_Upright_pro_L,0.251664624309341,0.185537453388509,0.43720207769785,0.00483038883278113,0.00523531898974248,5.79471718290256,0.461804673520577
5,JZ,19,STS-R,RT_Upright_pro_L,0.1686080933855,0.148934796692728,0.317542890078228,0.00382607964027046,0.00415074338859728,5.82016374898298,0.469060385565568
5,JZ,20,IPL-R,RT_Upright_pro_L,0.454840265899558,0.321751677585514,0.776591943485072,0.00709051117735985,0.00778547727259938,5.74260176832439,0.452833608988453
5,JZ,21,SPL-R,RT_Upright_pro_L,0.198602549278788,0.390584863442891,0.589187412721679,0.00598895463246104,0.00650916467745983,5.77240782865465,0.457583796161306
5,JZ,22,AG-R,RT_Upright_pro_L,0.257574362248857,0.380904348911242,0.638478711160099,0.00560491030989184,0.0060649100326498,5.77498928948,0.448864492534332
5,JZ,23,mIPS-R,RT_Upright_pro_L,0.5411667155732,0.343743905260544,0.884910620833744,0.00773843803183941,0.00839011922101406,5.72616078190243,0.428717184333825
5,JZ,24,VIP-R,RT_Upright_pro_L,0.525349040489558,0.337147381735458,0.862496422225016,0.00726648373538384,0.0079518478054987,5.73701974551631,0.44679615543534
5,JZ,25,SPOC-R,RT_Upright_pro_L,0.291671569280259,0.167976486887842,0.459648056168101,0.00450354858739259,0.00489686413264315,5.80195166419408,0.457873656927978
5,JZ,26,S1-R,RT_Upright_pro_L,0.127616075196186,0.197000419122786,0.324616494318972,0.0041175221834308,0.00447791769666976,5.81344293528374,0.470086715475988
5,JZ,27,M1-R,RT_Upright_pro_L,0.112189067850518,0.402809165153193,0.51499823300371,0.0043399471340515,0.00472217844559228,5.80333258061195,0.459925572225673
5,JZ,28,SMA-R,RT_Upright_pro_L,0.374278357899075,0.233701589256869,0.607979947155944,0.00546834746338054,0.0059450530323485,5.78031825853292,0.457666935708689
5,JZ,29,PMd-R,RT_Upright_pro_L,0.334155824735438,0.334281903416167,0.668437728151605,0.00645695835969839,0.00698668414685424,5.76180920430562,0.455911531375329
5,JZ,30,PMv-R,RT_Upright_pro_L,0.0968387047157188,0.143076950634686,0.239915655350405,0.00312565871712091,0.00340453113600368,5.8387040610031,0.470363365315176
5,JZ,31,FEF-R,RT_Upright_pro_L,0.213122949568916,0.165926759080012,0.379049708648928,0.00413121838425669,0.00448709368350029,5.81342555131495,0.466006448948445
5,JZ,32,POJ-R,RT_Upright_pro_L,0.428285641466739,0.190098252725683,0.618383894192422,0.00496432422325977,0.00536622885571612,5.78481985760726,0.450715901802272
6,LT,1,V1-L,RT_Upright_pro_L,0.151834929378308,0.269944778286546,0.421779707664854,0.00517128547169736,0.00556077907056616,6.27026855936109,0.61351708654526
6,LT,2,V3-L,RT_Upright_pro_L,0.114576990060704,0.310751361208738,0.425328351269442,0.00448741110850284,0.0048221867225737,6.27680736943559,0.605561324031372
6,LT,3,STS-L,RT_Upright_pro_L,0.0423031979320881,0.304894906933699,0.347198104865787,0.0040281964497534,0.00431519769232595,6.29848285861365,0.614943315424198
6,LT,4,IPL-L,RT_Upright_pro_L,0.995924157674377,0.371105835239894,1.36702999291427,0.00986852460225529,0.0105582952540226,6.16920615468357,0.572688568493206
6,LT,5,SPL-L,RT_Upright_pro_L,0.392320725493494,0.449656583076727,0.841977308570221,0.00849437215430621,0.00910067734536135,6.20935907336736,0.587967436169169
6,LT,6,AG-L,RT_Upright_pro_L,0.297317324190907,0.302055988331729,0.599373312522636,0.00591555618542104,0.00635476793859583,6.24881919943329,0.59496298793273
6,LT,7,mIPS-L,RT_Upright_pro_L,0.266870820227504,0.553754103389781,0.820624923617285,0.00775015587805412,0.00832128592230647,6.22017069479952,0.587957010025745
6,LT,8,VIP-L,RT_Upright_pro_L,0.702542689955231,0.470294161978431,1.17283685193366,0.00943255522628721,0.0101497268297113,6.18483710817881,0.578345640610537
6,LT,9,SPOC-L,RT_Upright_pro_L,0.522113872446547,0.494367945441774,1.01648181788832,0.00959692995266839,0.0103126679855028,6.18925984990327,0.585255970543859
6,LT,10,S1-L,RT_Upright_pro_L,0.696726689708072,0.506252669564425,1.2029793592725,0.00983312157557347,0.010548257611848,6.18386111590751,0.580494189317899
6,LT,11,M1-L,RT_Upright_pro_L,0.821435892861875,0.806278089085772,1.62771398194765,0.0125505149930754,0.0134800039083493,6.12739801946145,0.553437924209561
6,LT,12,SMA-L,RT_Upright_pro_L,0.534286933374538,0.646681299538261,1.1809682329128,0.00938212967853473,0.0100335483386493,6.18421746548723,0.57394616398627
6,LT,13,PMd-L,RT_Upright_pro_L,0.308897281135676,0.254608428554617,0.563505709690293,0.00627487464653194,0.00677762287509536,6.24862488179013,0.603101953369352
6,LT,14,PMv-L,RT_Upright_pro_L,0.157090972002632,0.1410838276913,0.298174799693932,0.00456564692958612,0.00492509393005357,6.2858400820874,0.61827566400776
6,LT,15,FEF-L,RT_Upright_pro_L,0.367123791696231,0.397281587188777,0.764405378885008,0.00786995177485665,0.00847294938093176,6.21710040020344,0.599091742738632
6,LT,16,POJ-L,RT_Upright_pro_L,0.734477460897655,0.420944792088826,1.15542225298648,0.010141851549426,0.0108929086354707,6.17299648477155,0.573039764726851
6,LT,17,V1-R,RT_Upright_pro_L,0.14206733066111,0.40117769344821,0.54324502410932,0.00632501646981584,0.0068100098263191,6.24825430720287,0.609814824005872
6,LT,18,V3-R,RT_Upright_pro_L,0.143062059765243,0.262351513898394,0.405413573663637,0.00533508346913396,0.00575428428088231,6.26661813964086,0.611090588195677
6,LT,19,STS-R,RT_Upright_pro_L,0.0658989059563438,0.294452985846228,0.360351891802571,0.0039703966598254,0.00424851150031717,6.29375316817798,0.613548805601369
6,LT,20,IPL-R,RT_Upright_pro_L,0.682227527295042,0.390958986142455,1.0731865134375,0.00961314488264242,0.0104272074415663,6.18023650446148,0.583913864242968
6,LT,21,SPL-R,RT_Upright_pro_L,0.596694579794095,0.198294435649415,0.79498901544351,0.00763601790454277,0.00828704238515199,6.21816592904091,0.599121004694694
6,LT,22,AG-R,RT_Upright_pro_L,0.471533750350045,0.367887439623819,0.839421189973864,0.00800852750268202,0.00859244927539496,6.21173905873511,0.589403049539168
6,LT,23,mIPS-R,RT_Upright_pro_L,0.634628922752044,0.294041144314544,0.928670067066588,0.00886066409239117,0.00953887151276052,6.19908902848066,0.588990551763391
6,LT,24,VIP-R,RT_Upright_pro_L,0.647466325387244,0.447192532282837,1.09465885767008,0.0098825162346722,0.0107000611919014,6.17574587540939,0.584160767145362
6,LT,25,SPOC-R,RT_Upright_pro_L,0.283161725308455,0.543194951329599,0.826356676638055,0.00762503192685161,0.00816766330974711,6.21864125815719,0.591934315040888
6,LT,26,S1-R,RT_Upright_pro_L,0.312993270721483,0.292392256526141,0.605385527247623,0.00653518629023255,0.0070174468357754,6.24050471080499,0.598450772764212
6,LT,27,M1-R,RT_Upright_pro_L,0.233000537036677,0.295658187938877,0.528658724975554,0.00579154892851922,0.00621830524493273,6.2550254610682,0.603438165233433
6,LT,28,SMA-R,RT_Upright_pro_L,0.259102721744485,0.837467878174136,1.09657059991862,0.00890534238367984,0.00957494157902701,6.1904937121708,0.579460341994948
6,LT,29,PMd-R,RT_Upright_pro_L,0.0704919847467843,0.36641394379508,0.436905928541865,0.00490024004710799,0.00527278890733165,6.27629558580319,0.612159553858301
6,LT,30,PMv-R,RT_Upright_pro_L,0.110434526358084,0.205458584235489,0.315893110593573,0.00421233293958443,0.00452776346962604,6.28854854469195,0.617633333312964
6,LT,31,FEF-R,RT_Upright_pro_L,0.232570626871294,0.270957083267972,0.503527710139266,0.00613219969021201,0.00659259416828503,6.24761555865481,0.607164521971386
6,LT,32,POJ-R,RT_Upright_pro_L,0.441258597116055,0.26458114682783,0.705839743943886,0.00790026632606006,0.00853072249694373,6.22170495833904,0.603365127519312
7,NvA,1,V1-L,RT_Upright_pro_L,0.064449775897151,0.225638807559793,0.290088583456944,0.0033330558345792,0.00365906801840106,5.68123738484184,0.44176333732169
7,NvA,2,V3-L,RT_Upright_pro_L,0.133663016944898,0.245316323704622,0.37897934064952,0.00388485433297244,0.00425854330660458,5.66198755208603,0.433934991505293
7,NvA,3,STS-L,RT_Upright_pro_L,0.0633705817697589,0.0955324754983431,0.158903057268102,0.00240022969396106,0.00263702104859515,5.70945470317234,0.446429302102411
7,NvA,4,IPL-L,RT_Upright_pro_L,0.810734994814207,0.565754098846011,1.37648909366022,0.00768698805023918,0.00834906603176792,5.54002925324339,0.369981236619402
7,NvA,5,SPL-L,RT_Upright_pro_L,0.306966500925964,0.335057137264783,0.642023638190747,0.00540931889082156,0.00596662747176087,5.62539637522417,0.424101524488542
7,NvA,6,AG-L,RT_Upright_pro_L,0.254089688655229,0.163009883772015,0.417099572427244,0.00401220234781276,0.00443761670294715,5.65980247845708,0.428927943740364
7,NvA,7,mIPS-L,RT_Upright_pro_L,0.390895366531246,0.194048096436708,0.584943462967954,0.00469783841484119,0.005165005589466,5.6368529140379,0.421929367728422
7,NvA,8,VIP-L,RT_Upright_pro_L,0.30068528198049,0.199100381045458,0.499785663025949,0.00449988890863815,0.00494857410761731,5.643517724904,0.426705947549561
7,NvA,9,SPOC-L,RT_Upright_pro_L,0.292679323352867,0.255557676869269,0.548237000222136,0.00468037097131535,0.00513523097108228,5.63569721763055,0.423269997370244
7,NvA,10,S1-L,RT_Upright_pro_L,0.377401682737592,0.493136629277168,0.87053831201476,0.00585834829627089,0.0064376530382748,5.60914444609417,0.413659495860942
7,NvA,11,M1-L,RT_Upright_pro_L,0.236493233950663,0.518909179136877,0.75540241308754,0.00515141977245701,0.00561153210767699,5.61770278358577,0.414534430388946
7,NvA,12,SMA-L,RT_Upright_pro_L,0.138813174950703,0.295683302745951,0.434496477696654,0.00423894538139314,0.00464320963602183,5.65376898253948,0.434332035215394
7,NvA,13,PMd-L,RT_Upright_pro_L,0.169719066934319,0.257416815160285,0.427135882094604,0.00455006456505173,0.00501603843123336,5.65051400787596,0.434176288152305
7,NvA,14,PMv-L,RT_Upright_pro_L,0.0700851461653442,0.181053656200131,0.251138802365475,0.00317216102907346,0.00349096971895933,5.6861569286994,0.444272066042828
7,NvA,15,FEF-L,RT_Upright_pro_L,0.196253448383802,0.254334127496492,0.450587575880294,0.00456876459164812,0.00500398427677244,5.64629993119631,0.43132683792
7,NvA,16,POJ-L,RT_Upright_pro_L,0.215637832194299,0.1724326627508,0.388070494945099,0.00362573508671858,0.00400287937891177,5.66540259058885,0.432761593223825
7,NvA,17,V1-R,RT_Upright_pro_L,0.105583202506496,0.188809633356485,0.294392835862981,0.00337415612186986,0.0037046757121329,5.67836641416967,0.442137200201073
7,NvA,18,V3-R,RT_Upright_pro_L,0.158107464385389,0.164292783139621,0.32240024752501,0.0037479090143584,0.00412383959221076,5.66839204247448,0.439406155946941
7,NvA,19,STS-R,RT_Upright_pro_L,0.12923482386262,0.144439943112037,0.273674766974657,0.00304741882358532,0.0033369431502894,5.68796368058208,0.443623393299256
7,NvA,20,IPL-R,RT_Upright_pro_L,0.267191681194983,0.189812816436602,0.457004497631585,0.00418315588641463,0.00459167920918979,5.65579349317213,0.434031566615417
7,NvA,21,SPL-R,RT_Upright_pro_L,0.372534585862279,0.196691423885113,0.569226009747391,0.00493633008503825,0.00541317493602414,5.63327801581153,0.428086996772257
7,NvA,22,AG-R,RT_Upright_pro_L,0.225817135393786,0.34640122595533,0.572218361349116,0.00455444157975728,0.00494761584012404,5.64036513476408,0.41447064415445
7,NvA,23,mIPS-R,RT_Upright_pro_L,0.397235637028133,0.177730277357558,0.574965914385691,0.00549658935506127,0.00605177914082239,5.62744527980329,0.428237874301946
7,NvA,24,VIP-R,RT_Upright_pro_L,0.262779857692322,0.28581137653788,0.548591234230202,0.00473369609325397,0.00515996416620302,5.6423084015752,0.426062994034778
7,NvA,25,SPOC-R,RT_Upright_pro_L,0.176881080492225,0.505742661005122,0.682623741497347,0.00533401781717002,0.00587834102738163,5.62319633687202,0.425769013742764
7,NvA,26,S1-R,RT_Upright_pro_L,0.22054622257587,0.207369696746861,0.427915919322731,0.00454098377319517,0.00498746848572405,5.64774246669656,0.432915067350868
7,NvA,27,M1-R,RT_Upright_pro_L,0.438197008607607,0.280360979234408,0.718557987842015,0.00616769585963205,0.00672092884695193,5.60643414287257,0.417941805359273
7,NvA,28,SMA-R,RT_Upright_pro_L,0.155157657578367,0.194867789007553,0.35002544658592,0.00387703442300361,0.00425872480950688,5.66304803080946,0.440294829362991
7,NvA,29,PMd-R,RT_Upright_pro_L,0.369471054946462,0.167196911217965,0.536667966164426,0.00511488414280311,0.00559778766987174,5.63479655829353,0.430464442735035
7,NvA,30,PMv-R,RT_Upright_pro_L,0.0627557587738311,0.30400459290963,0.366760351683461,0.00373698043905336,0.00408927041830323,5.6702822570216,0.441699958536526
7,NvA,31,FEF-R,RT_Upright_pro_L,0.298306128757642,0.178556256922518,0.476862385680159,0.00459213204925856,0.00503902854279436,5.64744635112079,0.434385075069543
7,NvA,32,POJ-R,RT_Upright_pro_L,0.491840700462696,0.169508495719855,0.661349196182551,0.00530188369460348,0.00576734838502276,5.62557738251576,0.419199281434912
8,RR,1,V1-L,RT_Upright_pro_L,0.179997652336898,0.264044525496958,0.444042177833857,0.00493952592895779,0.0053611519973398,5.87239892622549,0.480029216830038
8,RR,2,V3-L,RT_Upright_pro_L,0.16364250357539,0.237942745617569,0.40158524919296,0.00459085196509196,0.00497586087729835,5.88104464748378,0.479724308915637
8,RR,3,STS-L,RT_Upright_pro_L,0.0786650509549027,0.177409461731266,0.256074512686169,0.00312173990827146,0.00336607242391295,5.91805451805496,0.486894498035179
8,RR,4,IPL-L,RT_Upright_pro_L,0.540144051034813,0.226247141160506,0.766391192195319,0.00638761390801404,0.00696499677290612,5.83406467019441,0.4656845840207
8,RR,5,SPL-L,RT_Upright_pro_L,0.673106053917253,0.322883428132094,0.995989482049348,0.00771934696294074,0.00841531958292284,5.8038548914879,0.454640273067161
8,RR,6,AG-L,RT_Upright_pro_L,0.310846293517636,0.253464995482664,0.5643112890003,0.00560381368232147,0.00605922097721379,5.85459406504867,0.468130025054241
8,RR,7,mIPS-L,RT_Upright_pro_L,0.653885959219076,0.247561942531969,0.901447901751046,0.00681225748220186,0.00740095374401128,5.82344071720149,0.457965302796922
8,RR,8,VIP-L,RT_Upright_pro_L,0.454732723330205,0.246245888569898,0.700978611900103,0.00691031510443264,0.00753083314732245,5.83234701089608,0.469252242812305
8,RR,9,SPOC-L,RT_Upright_pro_L,0.440531671725774,0.197867775409877,0.638399447135651,0.00592984931007872,0.00645347877047548,5.84928130522496,0.473288916655314
8,RR,10,S1-L,RT_Upright_pro_L,0.457490306545943,0.268809753149978,0.726300059695922,0.006729665410625,0.00731115713788872,5.82977035791179,0.467607451964828
8,RR,11,M1-L,RT_Upright_pro_L,0.325908547115425,0.214070944600482,0.539979491715907,0.00561160487892124,0.00610190469707685,5.85631501084125,0.476568008372573
8,RR,12,SMA-L,RT_Upright_pro_L,0.491686947133423,0.249626847472795,0.741313794606218,0.00710057935457712,0.00769827264510871,5.82432103810627,0.461361494842378
8,RR,13,PMd-L,RT_Upright_pro_L,0.206829363016553,0.325923127842995,0.532752490859549,0.00508252719562854,0.00545247177796768,5.86897626603557,0.472264343989941
8,RR,14,PMv-L,RT_Upright_pro_L,0.0679132114716062,0.236463097149094,0.3043763086207,0.00348109059135039,0.00374160523807794,5.90952981531779,0.484690320427829
8,RR,15,FEF-L,RT_Upright_pro_L,0.115997437869896,0.269636369958385,0.385633807828281,0.00434477489968555,0.00468693040265199,5.8893236797114,0.48252070434577
8,RR,16,POJ-L,RT_Upright_pro_L,0.55455036727303,0.224762214859705,0.779312582132735,0.00675687298836497,0.00727416861266602,5.82672050188216,0.45807144738166
8,RR,17,V1-R,RT_Upright_pro_L,0.211425279360689,0.23173980915529,0.443165088515979,0.0049927667341183,0.00541340467509353,5.87183612770376,0.477553260355657
8,RR,18,V3-R,RT_Upright_pro_L,0.103153375788022,0.279112912214205,0.382266288002228,0.00438959518152798,0.00476356085508748,5.88559857445472,0.48248027738269
8,RR,19,STS-R,RT_Upright_pro_L,0.103853710398976,0.335261288909677,0.439114999308654,0.00441390062670393,0.00478914459703036,5.88238173750744,0.480308609343916
8,RR,20,IPL-R,RT_Upright_pro_L,0.411643232844292,0.262656529080016,0.674299761924309,0.00608953214679243,0.00661551253548168,5.84046582867715,0.466962400770312
8,RR,21,SPL-R,RT_Upright_pro_L,0.225163213260704,0.339543000051794,0.564706213312498,0.00564509967108126,0.00610525673405671,5.85725757247823,0.47064479660066
8,RR,22,AG-R,RT_Upright_pro_L,0.139824819692708,0.277704797728132,0.41752961742084,0.00399315599260001,0.00431036152130661,5.8910133107237,0.475898175672042
8,RR,23,mIPS-R,RT_Upright_pro_L,0.154812478156955,0.257675234578211,0.412487712735166,0.00465515923251379,0.00504779870464257,5.88051081596988,0.48303075040829
8,RR,24,VIP-R,RT_Upright_pro_L,0.260115131251638,0.735373719569133,0.995488850820771,0.00696904515784155,0.00750799813411088,5.81418327355594,0.450172776300507
8,RR,25,SPOC-R,RT_Upright_pro_L,0.251718690330848,0.372736735656261,0.624455425987109,0.00552392542106009,0.00599186171563254,5.85805232188645,0.471415587966697
8,RR,26,S1-R,RT_Upright_pro_L,0.185816077882927,0.211259349136414,0.39707542701934,0.00471381050812682,0.00511508205855185,5.877722735064,0.479163955269965
8,RR,27,M1-R,RT_Upright_pro_L,0.118545590479626,0.732660160860317,0.851205751339943,0.00570023909434946,0.0061249489924019,5.84456699391521,0.460277173819912
8,RR,28,SMA-R,RT_Upright_pro_L,0.417309278778598,0.196889828265096,0.614199107043694,0.00616664706359583,0.00668640563711832,5.84427643013043,0.472965801584913
8,RR,29,PMd-R,RT_Upright_pro_L,0.402320380538558,0.403633774255059,0.805954154793618,0.00765805630607334,0.00825894266728146,5.81389426350616,0.447398228963391
8,RR,30,PMv-R,RT_Upright_pro_L,0.0759968947073383,0.235030419034047,0.311027313741386,0.003670468900615,0.00395059495350692,5.90315221592023,0.486092642578069
8,RR,31,FEF-R,RT_Upright_pro_L,0.195720787009671,0.186997399851285,0.382718186860955,0.00498015870935145,0.00540488728566943,5.87413855848615,0.480553863802646
8,RR,32,POJ-R,RT_Upright_pro_L,0.360559266037342,0.312671129045545,0.673230395082888,0.00628559540981588,0.00679842887135502,5.84181932180546,0.466410347970869
9,SJB,1,V1-L,RT_Upright_pro_L,0.1452645420243,0.52764918667811,0.67291372870241,0.00614722094996245,0.0066168767382602,6.16579674137104,0.593774699974498
9,SJB,2,V3-L,RT_Upright_pro_L,0.149361484867143,0.184075107922911,0.333436592790054,0.00431479291083792,0.0046802265765451,6.20345976331635,0.60452805711515
9,SJB,3,STS-L,RT_Upright_pro_L,0.194742526902986,0.424574594140529,0.619317121043515,0.00614783183143194,0.00659796132969603,6.167736228862,0.587353799963748
9,SJB,4,IPL-L,RT_Upright_pro_L,0.943594649176943,0.469589234264331,1.41318388344127,0.0102524210862002,0.0110473263820276,6.07568433755202,0.555182724825541
9,SJB,5,SPL-L,RT_Upright_pro_L,0.587516951022819,0.992176791933361,1.57969374295618,0.0103529506103089,0.011184779652909,6.07482096836303,0.554978530207261
9,SJB,6,AG-L,RT_Upright_pro_L,0.293355261586562,0.833368781803371,1.12672404338993,0.00881264090767819,0.00951101433253488,6.11285892474134,0.575879607627047
9,SJB,7,mIPS-L,RT_Upright_pro_L,0.974739398572287,0.812265605496117,1.7870050040684,0.0120573706213146,0.0129827000790386,6.03932183064096,0.52699298669387
9,SJB,8,VIP-L,RT_Upright_pro_L,0.841759050067292,0.39002732926972,1.23178637933701,0.00929152416283078,0.00999110280126003,6.09573549266387,0.564197503142211
9,SJB,9,SPOC-L,RT_Upright_pro_L,0.455373035214123,0.273617755194344,0.728990790408466,0.00760371044309557,0.00825274832505499,6.1407957187732,0.591305869086282
9,SJB,10,S1-L,RT_Upright_pro_L,0.212473919418554,0.329966780841081,0.542440700259635,0.00553824029445543,0.0059524151594628,6.17621126328148,0.58881124172286
9,SJB,11,M1-L,RT_Upright_pro_L,0.49727150734568,0.33889190034046,0.836163407686139,0.00848211518179494,0.00920460070595119,6.1274851728693,0.583153666056396
9,SJB,12,SMA-L,RT_Upright_pro_L,0.550102832638614,0.255509866776553,0.805612699415167,0.00786815414935216,0.0085034225932665,6.13599292179954,0.586824682388784
9,SJB,13,PMd-L,RT_Upright_pro_L,0.579560955950153,0.284112777435821,0.863673733385974,0.00822411381965397,0.00890862089343882,6.12881651862449,0.583631151335243
9,SJB,14,PMv-L,RT_Upright_pro_L,0.0932875713109253,0.180973703119161,0.274261274430086,0.00405037726094558,0.00437555795167981,6.21712335256421,0.610737705470262
9,SJB,15,FEF-L,RT_Upright_pro_L,0.249133040769363,0.332587799213572,0.581720839982935,0.00586810312504645,0.00633677859483654,6.16879201558992,0.591592357189555
9,SJB,16,POJ-L,RT_Upright_pro_L,0.749598236440321,0.263923125443319,1.01352136188364,0.0083398195517536,0.00899032068054383,6.12008642003114,0.57496369255796
9,SJB,17,V1-R,RT_Upright_pro_L,0.17104840660427,0.327059308384676,0.498107714988946,0.00505153351715539,0.00543359178646395,6.18779397136244,0.599787651649255
9,SJB,18,V3-R,RT_Upright_pro_L,0.17352694995262,0.282770138381356,0.456297088333976,0.00567345892916804,0.00613788136560231,6.18103390564208,0.599448468109134
9,SJB,19,STS-R,RT_Upright_pro_L,0.065136444898025,0.164493780086974,0.229630224984999,0.00373503371404204,0.00406526381327907,6.22371383658226,0.613167940053297
9,SJB,20,IPL-R,RT_Upright_pro_L,0.144266221861776,0.246430329127747,0.390696550989523,0.00429879485638756,0.00463866396708056,6.20202927904455,0.599462235546979
9,SJB,21,SPL-R,RT_Upright_pro_L,0.253350893913246,0.378617713975856,0.631968607889102,0.00682406657913865,0.00739334080916596,6.15423774512355,0.593406281083723
9,SJB,22,AG-R,RT_Upright_pro_L,0.301369858689116,0.33781819829814,0.639188056987255,0.00667469611075808,0.00721006874691373,6.15068489889511,0.586851687235099
9,SJB,23,mIPS-R,RT_Upright_pro_L,0.32395632819693,0.378526392954455,0.702482721151384,0.00706699704860442,0.00762506704109636,6.1462591947146,0.575528163774213
9,SJB,24,VIP-R,RT_Upright_pro_L,0.383529826111964,0.242049984103387,0.625579810215351,0.005891922292282,0.00635649509454595,6.16593158769578,0.589055264889422
9,SJB,25,SPOC-R,RT_Upright_pro_L,0.447819289322473,0.507978811444236,0.955798100766709,0.00769362494393792,0.00825376522032863,6.12432959815428,0.551733240559606
9,SJB,26,S1-R,RT_Upright_pro_L,0.233071459239836,0.343431844917334,0.57650330415717,0.00567346661511916,0.0061366212742795,6.16775987237415,0.592517892855839
9,SJB,27,M1-R,RT_Upright_pro_L,0.330099258400809,0.407412159545975,0.737511417946783,0.00689884352394285,0.00747016514365752,6.14255209066409,0.585616322675711
9,SJB,28,SMA-R,RT_Upright_pro_L,0.604203723162236,0.188311813442994,0.79251553660523,0.00748144905284624,0.00808700221649622,6.13831793192515,0.590157366953557
9,SJB,29,PMd-R,RT_Upright_pro_L,0.286946698104974,0.431688388425746,0.718635086530719,0.00753204206545182,0.00815974498048052,6.13848283580496,0.585985806841401
9,SJB,30,PMv-R,RT_Upright_pro_L,0.0611259897214864,0.230889633379242,0.292015623100729,0.00402142847488249,0.00436530224394371,6.21522994297541,0.611116471709733
9,SJB,31,FEF-R,RT_Upright_pro_L,0.116208406538131,0.20050826343011,0.316716669968241,0.00421321483308978,0.00454019250640494,6.20840843105301,0.608480981968129
9,SJB,32,POJ-R,RT_Upright_pro_L,0.432495031283609,0.283992649538576,0.716487680822185,0.00762840971771805,0.00823242158393988,6.1422308809651,0.588800272074606
10,BG,1,V1-L,RT_Upright_pro_L,0.117911631459492,0.164184802298254,0.282096433757746,0.00363635787152737,0.00394217777491513,5.88637558604699,0.471452196549426
10,BG,2,V3-L,RT_Upright_pro_L,0.223992534376925,0.213942547861549,0.437935082238474,0.00513259329281541,0.00560140333585583,5.85111365253361,0.465382839920569
10,BG,3,STS-L,RT_Upright_pro_L,0.10452650082189,0.177318843357959,0.281845344179849,0.0033463085171067,0.00362489201272371,5.8895009138741,0.470569846823066
10,BG,4,IPL-L,RT_Upright_pro_L,0.14445179628689,0.276581239181659,0.42103303546855,0.00484395057999525,0.00526403955612394,5.8564554030701,0.467370035035869
10,BG,5,SPL-L,RT_Upright_pro_L,0.526326155355269,0.158485180174953,0.684811335530222,0.00565839799575265,0.00619142174039966,5.82883657976103,0.455778846549564
10,BG,6,AG-L,RT_Upright_pro_L,0.298322929962576,0.184108909200149,0.482431839162725,0.00550472423435462,0.00598694884806454,5.84275515555791,0.463442861829485
10,BG,7,mIPS-L,RT_Upright_pro_L,0.462067761940605,0.189815803693452,0.651883565634057,0.00609960820628388,0.00666105623929677,5.82535160514131,0.453853674496006
10,BG,8,VIP-L,RT_Upright_pro_L,0.233456489258884,0.430712140786066,0.66416863004495,0.00548556772817165,0.00593629729225413,5.83208834353852,0.456368198068701
10,BG,9,SPOC-L,RT_Upright_pro_L,0.245710436825069,0.342191558256312,0.587901995081381,0.0053964888262432,0.00582573344063645,5.83642836953252,0.453646051179843
10,BG,10,S1-L,RT_Upright_pro_L,0.395508610218831,0.205906504586704,0.601415114805536,0.00566949584378589,0.00612834625226196,5.83348108879949,0.458254865378578
10,BG,11,M1-L,RT_Upright_pro_L,0.412502065206329,0.229935660124824,0.642437725331153,0.00601381983026227,0.00651833552868616,5.8252102379459,0.455698129674358
10,BG,12,SMA-L,RT_Upright_pro_L,0.347142343591421,0.296816743615817,0.643959087207238,0.00620732178113356,0.00677506591631834,5.82133552368377,0.449224895123417
10,BG,13,PMd-L,RT_Upright_pro_L,0.229090541311521,0.476923746303407,0.706014287614929,0.00629438544078282,0.00682956454265163,5.82060789957533,0.451462101583294
10,BG,14,PMv-L,RT_Upright_pro_L,0.101902519289859,0.239988392483929,0.341890911773788,0.00371618319514567,0.00403552556033091,5.88293507864234,0.46596577434514
10,BG,15,FEF-L,RT_Upright_pro_L,0.232814014549025,0.333482406609208,0.566296421158233,0.00572359083176156,0.00622299062715518,5.83770860838789,0.455408502424935
10,BG,16,POJ-L,RT_Upright_pro_L,0.317495705416009,0.200503753956166,0.517999459372175,0.00555512756734216,0.00602620630184508,5.83973051659213,0.457645206138299
10,BG,17,V1-R,RT_Upright_pro_L,0.119223892171466,0.23341503378802,0.352638925959485,0.00405924938463792,0.00440920555816894,5.87439296754279,0.467142480352807
10,BG,18,V3-R,RT_Upright_pro_L,0.0826899114799495,0.151987247451372,0.234677158931321,0.00329159895586788,0.00357345957931934,5.89435641682425,0.474833499055464
10,BG,19,STS-R,RT_Upright_pro_L,0.0767862119858087,0.242953961040522,0.31974017302633,0.0036635810478591,0.0039740639128785,5.88507914046158,0.468667325157891
10,BG,20,IPL-R,RT_Upright_pro_L,0.441416085546307,0.340345124751199,0.781761210297505,0.00647750617095792,0.00703590558465829,5.81741777309975,0.448724344786307
10,BG,21,SPL-R,RT_Upright_pro_L,0.345018001369007,0.244800316596037,0.589818317965044,0.00580560347059853,0.00627238893888187,5.83623659073235,0.45544788075853
10,BG,22,AG-R,RT_Upright_pro_L,0.368052182932932,0.268032949584394,0.636085132517325,0.00603799289640379,0.00657773568628459,5.8230463434972,0.455447607202764
10,BG,23,mIPS-R,RT_Upright_pro_L,0.593907463996408,0.261422637426739,0.855330101423148,0.00725210875813452,0.00792174208695029,5.79576194887366,0.44742674212208
10,BG,24,VIP-R,RT_Upright_pro_L,0.510625838290584,0.345750365709391,0.856376203999975,0.00711515622560785,0.00773566565848878,5.8032778901421,0.445094838950885
10,BG,25,SPOC-R,RT_Upright_pro_L,0.221822390550504,0.417527967621204,0.639350358171708,0.00606048162021707,0.006585745326506,5.82708957925523,0.455891690173688
10,BG,26,S1-R,RT_Upright_pro_L,0.230383012719782,0.423323007914814,0.653706020634596,0.00601806872881611,0.0065006030275882,5.83177940817067,0.453986418665831
10,BG,27,M1-R,RT_Upright_pro_L,0.285318829386548,0.444112190375662,0.72943101976221,0.00592522379261605,0.00641263102647137,5.82753959184848,0.450682052747445
10,BG,28,SMA-R,RT_Upright_pro_L,0.324137937933448,0.213206050356069,0.537343988289517,0.00564565954192483,0.00613007397870621,5.83874002376462,0.459984918287602
10,BG,29,PMd-R,RT_Upright_pro_L,0.333332792562346,0.295858986979828,0.629191779542173,0.00513639184240897,0.00559264894284874,5.83892495191747,0.450475983080414
10,BG,30,PMv-R,RT_Upright_pro_L,0.105857173354174,0.306658324446915,0.412515497801089,0.00468511625970705,0.00510693240453875,5.85964905785748,0.464250067856886
10,BG,31,FEF-R,RT_Upright_pro_L,0.274916438095219,0.448030917505415,0.722947355600634,0.00519004037068803,0.00560114755582922,5.83342663322533,0.443933250156636
10,BG,32,POJ-R,RT_Upright_pro_L,0.40262124499636,0.351008129203448,0.753629374199808,0.00604155563469849,0.00647880171225095,5.81823993781684,0.436053808412233
1,DOC,1,V1-L,RT_Upright_pro_R,0.0779060416592331,0.216958838993836,0.294864880653069,0.00360472314226509,0.00388112702041539,5.96924912661609,0.500870137215579
1,DOC,2,V3-L,RT_Upright_pro_R,0.158116196403888,0.22034995204002,0.378466148443907,0.00466019579227167,0.00500750129575079,5.9438820308334,0.494674132274361
1,DOC,3,STS-L,RT_Upright_pro_R,0.0634304979424653,0.372364451521178,0.435794949463644,0.00443148277939173,0.00476438944321259,5.9508340218099,0.495009503204025
1,DOC,4,IPL-L,RT_Upright_pro_R,0.957651227265398,0.2985997506244,1.2562509778898,0.00806330819173707,0.00866099298266438,5.85592959565171,0.452049673282702
1,DOC,5,SPL-L,RT_Upright_pro_R,0.494372926759634,0.237743775445782,0.732116702205415,0.00693666177729741,0.00745761216150225,5.89597730404263,0.482710164253151
1,DOC,6,AG-L,RT_Upright_pro_R,0.314741442753564,0.36621260254362,0.680954045297184,0.00652803485243828,0.0069799813883625,5.90426134354642,0.472571710728125
1,DOC,7,mIPS-L,RT_Upright_pro_R,0.605667412247403,0.275335800267487,0.881003212514891,0.00800854698758934,0.00860775707265956,5.8743075900074,0.47148270881573
1,DOC,8,VIP-L,RT_Upright_pro_R,0.615021084477138,0.358101563396716,0.973122647873853,0.00741743213982541,0.00795409188058428,5.87933131292699,0.471965897188439
1,DOC,9,SPOC-L,RT_Upright_pro_R,0.396618306152809,0.229034266438406,0.625652572591215,0.00652326648360622,0.00701228581041485,5.90330766406215,0.484148830992086
1,DOC,10,S1-L,RT_Upright_pro_R,0.329719490648485,0.66259036464692,0.992309855295405,0.00621422939883901,0.00663850456865327,5.89284719430668,0.467320092013818
1,DOC,11,M1-L,RT_Upright_pro_R,0.213379849661348,0.93850108495636,1.15188093461771,0.00781890894303908,0.00838491585669163,5.8622859092263,0.470273222098845
1,DOC,12,SMA-L,RT_Upright_pro_R,0.279953999281012,0.322331707747822,0.602285707028835,0.00591130078155027,0.00638134167752639,5.91307103088939,0.48710734880779
1,DOC,13,PMd-L,RT_Upright_pro_R,0.25325927626123,0.275192092880249,0.528451369141479,0.00518252756672963,0.00557308737754989,5.9262283637593,0.482824663304268
1,DOC,14,PMv-L,RT_Upright_pro_R,0.0776290052027799,0.191341017787809,0.268970022990589,0.00358482088848006,0.00384575315651611,5.96757114315409,0.500443281310199
1,DOC,15,FEF-L,RT_Upright_pro_R,0.139762049749113,0.405704489897464,0.545466539646577,0.00517234009215607,0.00556432618475447,5.92832378492989,0.491162467769459
1,DOC,16,POJ-L,RT_Upright_pro_R,0.150190629439017,0.191255191819748,0.341445821258765,0.00435853773820545,0.0046747711740056,5.95070270179641,0.496566010394413
1,DOC,17,V1-R,RT_Upright_pro_R,0.133585679739218,0.194411291459147,0.327996971198365,0.00428405244015981,0.00460821284841432,5.95051735164858,0.499462405373028
1,DOC,18,V3-R,RT_Upright_pro_R,0.1896575123154,0.241714116286702,0.431371628602102,0.00503357521850317,0.00539772843560527,5.9330879173163,0.494139330825519
1,DOC,19,STS-R,RT_Upright_pro_R,0.0989632875112534,0.145055585204,0.244018872715254,0.00356985706739771,0.00385379034276654,5.96955242967944,0.503443146244816
1,DOC,20,IPL-R,RT_Upright_pro_R,0.21235344857412,0.281155196393479,0.493508644967599,0.0052209950026576,0.00561505493374587,5.93140044575822,0.489323861600179
1,DOC,21,SPL-R,RT_Upright_pro_R,0.318037277525691,0.376224741421323,0.694262018947015,0.00697852594534864,0.0075176274014797,5.89484814862787,0.484433507966491
1,DOC,22,AG-R,RT_Upright_pro_R,0.590486808424604,0.350314436426815,0.940801244851419,0.00800561245699017,0.00863260549004098,5.8653585376561,0.472438227763251
1,DOC,23,mIPS-R,RT_Upright_pro_R,0.581725183970678,0.435918387923285,1.01764357189396,0.00861046315396149,0.00924341869725856,5.85627390587631,0.462678082258509
1,DOC,24,VIP-R,RT_Upright_pro_R,0.30717656571027,0.391177573541962,0.698354139252232,0.00624041378180288,0.00666115373083552,5.90324233628121,0.477118562633217
1,DOC,25,SPOC-R,RT_Upright_pro_R,0.424739226945458,0.210547576820207,0.635286803765664,0.00636793936046004,0.00684061707575918,5.90305425683704,0.483524391870027
1,DOC,26,S1-R,RT_Upright_pro_R,0.193510985144378,0.187974354789275,0.381485339933653,0.00447285861501502,0.00481652443518457,5.94587179739823,0.493797130832333
1,DOC,27,M1-R,RT_Upright_pro_R,0.390193201290687,0.210518573836402,0.600711775127089,0.0056105394249556,0.00604911460485769,5.91769262172038,0.483283618991712
1,DOC,28,SMA-R,RT_Upright_pro_R,0.436646030028293,0.325824473281166,0.762470503309459,0.00722808654642699,0.00779204198224393,5.88761215197089,0.478913932992119
1,DOC,29,PMd-R,RT_Upright_pro_R,0.237497773802127,0.226134261511217,0.463632035313344,0.00554540452331688,0.00597934563968019,5.92420641269083,0.493475686502927
1,DOC,30,PMv-R,RT_Upright_pro_R,0.062414955606024,0.213556409646295,0.275971365252319,0.00327926373843324,0.00352648875241631,5.97633154983435,0.498036120528959
1,DOC,31,FEF-R,RT_Upright_pro_R,0.144644052630442,0.419862761066716,0.564506813697158,0.00475241893650123,0.00510842230334027,5.929830725544,0.482663443781938
1,DOC,32,POJ-R,RT_Upright_pro_R,0.543637031314564,0.220681765821911,0.764318797136475,0.00735766960991602,0.00793110722670511,5.88729078011209,0.484610136774599
2,GB,1,V1-L,RT_Upright_pro_R,0.180732821359265,0.198548030097372,0.379280851456637,0.00363007524328136,0.00393287321646078,5.61069829926612,0.422501203569253
2,GB,2,V3-L,RT_Upright_pro_R,0.229664142756036,0.196099998146461,0.425764140902497,0.00405994387800273,0.00438379958431333,5.60255240880713,0.420239192122691
2,GB,3,STS-L,RT_Upright_pro_R,0.0721593295647946,0.189883372458179,0.262042702022974,0.00275911364772186,0.00301240984238081,5.63561339608508,0.431332374474858
2,GB,4,IPL-L,RT_Upright_pro_R,0.102679863524064,0.334420316329102,0.437100179853166,0.00387660543343766,0.00419295439886903,5.60522110712933,0.422939538779712
2,GB,5,SPL-L,RT_Upright_pro_R,0.305969760850507,0.704636819172159,1.01060658002267,0.00669788538885091,0.0072645469103335,5.5306377039779,0.388558047174965
2,GB,6,AG-L,RT_Upright_pro_R,0.276953800495433,0.213636241177172,0.490590041672605,0.00449648763237673,0.00486996690392033,5.59229950237083,0.41766524074001
2,GB,7,mIPS-L,RT_Upright_pro_R,0.683716998971042,0.263799982816873,0.947516981787914,0.00706394918918238,0.00769368618395347,5.52643523806079,0.39514838248112
2,GB,8,VIP-L,RT_Upright_pro_R,0.160562125570003,0.308744486031358,0.469306611601361,0.00425346268137994,0.00462125941043427,5.59771501610064,0.422578154482914
2,GB,9,SPOC-L,RT_Upright_pro_R,0.384167321790512,0.294609060518477,0.678776382308989,0.00543930933205408,0.00593909335331844,5.56488692722455,0.414743563903171
2,GB,10,S1-L,RT_Upright_pro_R,0.158010324999382,0.208914271447594,0.366924596446976,0.00395922210444747,0.00433372388021945,5.60375638615397,0.428905261276072
2,GB,11,M1-L,RT_Upright_pro_R,0.243488198180269,0.404413714409289,0.647901912589558,0.00504458872835222,0.00547358696273779,5.56689821520406,0.413411790390455
2,GB,12,SMA-L,RT_Upright_pro_R,0.40982746212352,0.168506407545234,0.578333869668754,0.00508332834284859,0.00556412925899355,5.57433115395644,0.41511056223661
2,GB,13,PMd-L,RT_Upright_pro_R,0.223976145883557,0.390179274516433,0.614155420399989,0.00486238782391634,0.00524884956601347,5.57909502679904,0.397850055361885
2,GB,14,PMv-L,RT_Upright_pro_R,0.0471593464814464,0.151942582314239,0.199101928795685,0.00239970311894928,0.00260842661885726,5.64994081686336,0.429764527293995
2,GB,15,FEF-L,RT_Upright_pro_R,0.110909113298962,0.320785229999392,0.431694343298354,0.004091775057009,0.00447160356295629,5.59808438347503,0.422595781377575
2,GB,16,POJ-L,RT_Upright_pro_R,0.803212357395641,0.233987114712663,1.0371994721083,0.00658025680623765,0.00718243072349631,5.53406225181177,0.399432092964503
2,GB,17,V1-R,RT_Upright_pro_R,0.170678853679761,0.171604150147196,0.342283003826957,0.00344977276902453,0.00373325828999487,5.61684061400602,0.425889007957458
2,GB,18,V3-R,RT_Upright_pro_R,0.0956878447203002,0.176753143571499,0.272440988291799,0.00316804041963764,0.00344493651332997,5.6256183570365,0.431377895389637
2,GB,19,STS-R,RT_Upright_pro_R,0.0997532156461823,0.209396769943435,0.309149985589617,0.0033365807834062,0.00366320328165956,5.61767325965156,0.430642982768297
2,GB,20,IPL-R,RT_Upright_pro_R,0.196277615141891,0.200025978393974,0.396303593535865,0.00431082563168244,0.00469248004381793,5.59509633370192,0.42774666345501
2,GB,21,SPL-R,RT_Upright_pro_R,0.162403981289523,0.374050038866524,0.536454020156047,0.00475417364107054,0.0051704755424242,5.58083782203867,0.422018440645792
2,GB,22,AG-R,RT_Upright_pro_R,0.180178678378304,0.164993089585813,0.345171767964117,0.00387412605838843,0.00421520906873724,5.6055503040561,0.428175948644173
2,GB,23,mIPS-R,RT_Upright_pro_R,0.251049542912541,0.188963939390378,0.440013482302919,0.00446456098387484,0.00487902385318556,5.59202092429095,0.424650352019222
2,GB,24,VIP-R,RT_Upright_pro_R,0.207599560931558,0.233787975150772,0.44138753608233,0.00423196751952095,0.00462169192044676,5.59541548982624,0.424242195155817
2,GB,25,SPOC-R,RT_Upright_pro_R,0.209898563146389,0.256680825524547,0.466579388670936,0.0048880787056321,0.00533784085892687,5.58228687380469,0.426161092193125
2,GB,26,S1-R,RT_Upright_pro_R,0.293141480410105,0.151036502595335,0.44417798300544,0.00421905265999554,0.00458377614136153,5.59686532516892,0.420887400183451
2,GB,27,M1-R,RT_Upright_pro_R,0.337223588742467,0.168635268932587,0.505858857675054,0.00439480853573611,0.00477797535416498,5.58812584614177,0.422047491508611
2,GB,28,SMA-R,RT_Upright_pro_R,0.308138641838197,0.254645333608673,0.56278397544687,0.00458722832164576,0.00499123241207231,5.58404979323741,0.410268768923616
2,GB,29,PMd-R,RT_Upright_pro_R,0.385642251227354,0.245181402430765,0.630823653658119,0.00549266873161104,0.00599516291693304,5.56029662618186,0.406902994108799
2,GB,30,PMv-R,RT_Upright_pro_R,0.0750432840114371,0.168813947423338,0.243857231434775,0.0031141505995688,0.00338744751993103,5.62722512402273,0.433133341122818
2,GB,31,FEF-R,RT_Upright_pro_R,0.190287821076107,0.157364303841203,0.34765212491731,0.00356779895808192,0.00390101287817678,5.61266034045116,0.424002073077883
2,GB,32,POJ-R,RT_Upright_pro_R,0.386190832256164,0.237345297554678,0.623536129810841,0.00547852306121413,0.00597343743461172,5.5646187825831,0.415027993706036
3,JDC,1,V1-L,RT_Upright_pro_R,0.157992367862616,0.422463692441937,0.580456060304553,0.00608267485810274,0.00671304654240221,6.15040479264664,0.61703778599925
3,JDC,2,V3-L,RT_Upright_pro_R,0.18625241581629,0.141280032418069,0.327532448234359,0.00374790474668885,0.00411850389116451,6.20051508093422,0.623461414145673
3,JDC,3,STS-L,RT_Upright_pro_R,0.162136311043567,0.398894925524782,0.561031236568348,0.00580866251299055,0.00640045204874752,6.15504323219851,0.615188702133783
3,JDC,4,IPL-L,RT_Upright_pro_R,0.237205431909144,0.422291810659487,0.659497242568631,0.00668046167343647,0.00737636739367127,6.1399769278171,0.611477911429783
3,JDC,5,SPL-L,RT_Upright_pro_R,0.736808866835028,0.284950819507766,1.02175968634279,0.00756565929818143,0.00833264856273927,6.10027009429294,0.585635396514911
3,JDC,6,AG-L,RT_Upright_pro_R,0.248704238536409,0.358994321400625,0.607698559937034,0.00625312584908649,0.00688595448784134,6.14531985672656,0.604724674643281
3,JDC,7,mIPS-L,RT_Upright_pro_R,0.556795710388168,0.211723501886479,0.768519212274648,0.00667364527796283,0.00736921627357559,6.13127170321168,0.603911177310976
3,JDC,8,VIP-L,RT_Upright_pro_R,0.53970125801567,0.371169138053084,0.910870396068753,0.00740842773289917,0.00822208753597046,6.11431311404246,0.59507000609142
3,JDC,9,SPOC-L,RT_Upright_pro_R,0.331845206463933,0.465229523795144,0.797074730259077,0.00706632653645975,0.00772997502580757,6.12474655540768,0.599497649502531
3,JDC,10,S1-L,RT_Upright_pro_R,0.367479294276851,0.52460136565782,0.892080659934671,0.0071869156169721,0.00790347902062362,6.12505222752662,0.599009728032872
3,JDC,11,M1-L,RT_Upright_pro_R,0.650033113155326,0.512341539039863,1.16237465219519,0.00882160436379505,0.00969961319349345,6.08597644641737,0.578258318300528
3,JDC,12,SMA-L,RT_Upright_pro_R,0.713903376989117,0.373764378938317,1.08766775592743,0.0093695489901831,0.0103128396984402,6.08633498448367,0.589986738270321
3,JDC,13,PMd-L,RT_Upright_pro_R,0.300605795255698,0.550142824394169,0.850748619649866,0.00718858687408711,0.00791816549511897,6.12109471790586,0.602137267570457
3,JDC,14,PMv-L,RT_Upright_pro_R,0.14559310881045,0.277901889525923,0.423494998336373,0.00471272162041105,0.00519917232354742,6.18036062494439,0.620474502812814
3,JDC,15,FEF-L,RT_Upright_pro_R,0.201862180350183,0.289586968100118,0.4914491484503,0.00522922104425714,0.00576707849423044,6.16616059428008,0.615929723916287
3,JDC,16,POJ-L,RT_Upright_pro_R,0.463470981816971,0.298185216257443,0.761656198074414,0.00682095977982575,0.00755294809593552,6.12783524464505,0.606716854285658
3,JDC,17,V1-R,RT_Upright_pro_R,0.126739337605008,0.232243966216804,0.358983303821812,0.00406259185031774,0.00448275736120496,6.19108962443023,0.623426811289878
3,JDC,18,V3-R,RT_Upright_pro_R,0.208977667346762,0.249087026463298,0.458064693810059,0.00527173781754429,0.00581279029198897,6.16785635253384,0.617448892684019
3,JDC,19,STS-R,RT_Upright_pro_R,0.0808753169818304,0.283609683737433,0.364485000719263,0.00456297156060078,0.00502740757840137,6.18510207385381,0.62642979453597
3,JDC,20,IPL-R,RT_Upright_pro_R,0.633705072572131,0.427516210219448,1.06122128279158,0.00841630714665768,0.00927374521648181,6.08800544623081,0.588168650138762
3,JDC,21,SPL-R,RT_Upright_pro_R,0.597016042975461,0.519470826797925,1.11648686977339,0.00909146091464024,0.0100451979552031,6.0843269110598,0.589178981720715
3,JDC,22,AG-R,RT_Upright_pro_R,0.296269591794304,0.270937732180371,0.567207323974676,0.00633133025213864,0.00702218263403969,6.14477884417825,0.61441922320841
3,JDC,23,mIPS-R,RT_Upright_pro_R,0.562116459319564,0.370739758583382,0.932856217902946,0.00826628491544996,0.00911439675720513,6.10304996156152,0.600368238170242
3,JDC,24,VIP-R,RT_Upright_pro_R,0.626632838581323,0.34777210296564,0.974404941546963,0.00907240502124304,0.010066598149778,6.09574562854745,0.598833084974168
3,JDC,25,SPOC-R,RT_Upright_pro_R,0.196475860465359,0.532936345666352,0.729412206131711,0.00597216716977599,0.00656661598781129,6.14242891011104,0.608789978326624
3,JDC,26,S1-R,RT_Upright_pro_R,0.589454835523124,0.348299460865925,0.937754296389049,0.00794769519214058,0.00869142189339557,6.10265308505048,0.58506288901788
3,JDC,27,M1-R,RT_Upright_pro_R,0.301905650974983,0.314004712429786,0.615910363404769,0.00615427527472641,0.00675413274262725,6.14951335184532,0.608729014580871
3,JDC,28,SMA-R,RT_Upright_pro_R,0.48540118427968,0.410839788183716,0.896240972463396,0.00814578751703094,0.00896318649096728,6.10761616121175,0.592018340328708
3,JDC,29,PMd-R,RT_Upright_pro_R,0.322335694443562,0.336467170095773,0.658802864539335,0.00650206249818356,0.00712070592143105,6.14148572943674,0.606279863153261
3,JDC,30,PMv-R,RT_Upright_pro_R,0.173909454548492,0.183988455812415,0.357897910360907,0.00415391086805827,0.00455227482967424,6.18914558561086,0.61960240872912
3,JDC,31,FEF-R,RT_Upright_pro_R,0.153924957347272,0.292177572550977,0.446102529898248,0.00538958808221967,0.00592845744653238,6.16675481636803,0.619059064481338
3,JDC,32,POJ-R,RT_Upright_pro_R,0.281105962226138,0.613622824140144,0.894728786366283,0.00698769946176877,0.00769091439125326,6.12510931154006,0.601085662734134
4,JFXD,1,V1-L,RT_Upright_pro_R,0.136927582239981,0.339162090893625,0.476089673133606,0.00622282298422927,0.00652001808327649,6.97382698973015,0.789517397572828
4,JFXD,2,V3-L,RT_Upright_pro_R,0.135898726264404,0.374409890968605,0.51030861723301,0.00678226976931649,0.00709891227760258,6.96063841483939,0.79207280689219
4,JFXD,3,STS-L,RT_Upright_pro_R,0.138998049920259,0.429557109806998,0.568555159727257,0.00707548574163595,0.00741312285667853,6.95664202037258,0.787456932332527
4,JFXD,4,IPL-L,RT_Upright_pro_R,0.888711119638465,0.365275598073756,1.25398671771222,0.0131312675254903,0.0137867879981555,6.86900255752911,0.764648879778718
4,JFXD,5,SPL-L,RT_Upright_pro_R,0.856371363048944,0.385391869940138,1.24176323298908,0.0128967292560382,0.0135829801569695,6.86612788187719,0.765450795850828
4,JFXD,6,AG-L,RT_Upright_pro_R,0.742736290399168,0.503953418129093,1.24668970852826,0.0132862586691589,0.0140063893469929,6.86323683922306,0.766322598415061
4,JFXD,7,mIPS-L,RT_Upright_pro_R,0.769878484033115,0.320967983486653,1.09084646751977,0.0113116155033589,0.0119096274778166,6.88838092772883,0.770584405961778
4,JFXD,8,VIP-L,RT_Upright_pro_R,0.844802965233513,0.39687265451716,1.24167561975067,0.0128805295760494,0.0135205158605051,6.86600972581993,0.765222923105839
4,JFXD,9,SPOC-L,RT_Upright_pro_R,0.426324384651376,0.616878322853524,1.0432027075049,0.0117517351311014,0.0123032186936767,6.88759036345466,0.773804480728749
4,JFXD,10,S1-L,RT_Upright_pro_R,0.547083289815034,0.345894939282361,0.892978229097395,0.0107483182557125,0.0113046842613633,6.90152634883328,0.781232224366807
4,JFXD,11,M1-L,RT_Upright_pro_R,0.979963853216765,0.371179510125878,1.35114336334264,0.0129469364864097,0.0136140115926666,6.86319568129793,0.764883015690656
4,JFXD,12,SMA-L,RT_Upright_pro_R,0.987828757194922,0.570880163116831,1.55870892031175,0.015142925182558,0.0159479600748714,6.83699246016643,0.753102239644988
4,JFXD,13,PMd-L,RT_Upright_pro_R,0.854523378816201,0.367115384154081,1.22163876297028,0.0125609196473181,0.0132199612930126,6.87307938447612,0.767124803877349
4,JFXD,14,PMv-L,RT_Upright_pro_R,0.518402770349331,0.803034429771284,1.32143720012061,0.0123289441954982,0.012917080007659,6.85836266524482,0.744424418793902
4,JFXD,15,FEF-L,RT_Upright_pro_R,0.290194799256945,0.481000443138181,0.771195242395126,0.0082106218024931,0.0085774861504733,6.92208245623875,0.768601821095301
4,JFXD,16,POJ-L,RT_Upright_pro_R,0.728223308358497,0.838413508329849,1.56663681668835,0.0154072987311617,0.0161979025763716,6.83622948849553,0.752825955541845
4,JFXD,17,V1-R,RT_Upright_pro_R,0.164262158252508,0.777705123673484,0.941967281925992,0.00949950749251894,0.00996908705603035,6.91462690306315,0.781767298878055
4,JFXD,18,V3-R,RT_Upright_pro_R,0.108628765854263,0.600448403818433,0.709077169672696,0.00760040255270733,0.00796269731413791,6.94418449062903,0.788221457085446
4,JFXD,19,STS-R,RT_Upright_pro_R,0.283975573462894,0.683432101442671,0.967407674905565,0.0101213103406929,0.0105861936258483,6.91066068438584,0.776722834908116
4,JFXD,20,IPL-R,RT_Upright_pro_R,0.686309212440533,0.493536339567788,1.17984555200832,0.0116291867602661,0.0121703926502161,6.88000808644354,0.753650406940842
4,JFXD,21,SPL-R,RT_Upright_pro_R,0.768658389039085,0.376759326177992,1.14541771521708,0.0126192975556188,0.0132412858182312,6.87352428146039,0.766138204884228
4,JFXD,22,AG-R,RT_Upright_pro_R,0.330769320598219,0.590543924868377,0.921313245466596,0.0108112688783075,0.0113644009975084,6.90266708791395,0.777607602216301
4,JFXD,23,mIPS-R,RT_Upright_pro_R,0.789869679068712,0.490664602247245,1.28053428131596,0.0130214281622618,0.0136690520021313,6.86487674872087,0.759529044224343
4,JFXD,24,VIP-R,RT_Upright_pro_R,0.879512123936947,0.37392026639124,1.25343239032819,0.0130969163279177,0.0137214043564225,6.86607150815728,0.761593271073467
4,JFXD,25,SPOC-R,RT_Upright_pro_R,0.35606544010181,0.590724595975389,0.946790036077199,0.0110104396583495,0.0115468151994934,6.8984760185009,0.772748720021676
4,JFXD,26,S1-R,RT_Upright_pro_R,0.40203757432028,0.907721946823633,1.30975952114391,0.0127736290525627,0.0133821886208384,6.86839962155875,0.758327148214822
4,JFXD,27,M1-R,RT_Upright_pro_R,0.617763955363774,0.690419338704257,1.30818329406803,0.0140825835873557,0.0147581354739173,6.85538272808661,0.752243869945353
4,JFXD,28,SMA-R,RT_Upright_pro_R,0.81281345402433,0.693781284067379,1.50659473809171,0.0152023313606258,0.0160148315074592,6.84137562537152,0.760140789370445
4,JFXD,29,PMd-R,RT_Upright_pro_R,0.38237406953989,0.346682480353492,0.729056549893382,0.00960522507282316,0.0100901157313034,6.91921368135606,0.781587001287687
4,JFXD,30,PMv-R,RT_Upright_pro_R,0.221791409777825,1.13982521678809,1.36161662656592,0.012090323376406,0.012645110013461,6.87603785463011,0.761891935924546
4,JFXD,31,FEF-R,RT_Upright_pro_R,0.238482831502375,0.98247594057163,1.22095877207401,0.0121241450762444,0.0127159282745724,6.88183969423258,0.768942457999819
4,JFXD,32,POJ-R,RT_Upright_pro_R,0.690164894142152,0.331719765803398,1.02188465994555,0.0109635827435228,0.0114872334975302,6.89381745959952,0.773451377446339
5,JZ,1,V1-L,RT_Upright_pro_R,0.176788583337871,0.182888437086904,0.359677020424776,0.00422433543661775,0.00454668886993047,5.73388385503636,0.413039431665621
5,JZ,2,V3-L,RT_Upright_pro_R,0.0786270055273649,0.147805780988188,0.226432786515553,0.00282228535008747,0.00304230430008307,5.77055771200191,0.419075287502441
5,JZ,3,STS-L,RT_Upright_pro_R,0.0879135146833163,0.125239690340314,0.213153205023631,0.00284389405953792,0.00307039795861794,5.76920960706185,0.422138378459011
5,JZ,4,IPL-L,RT_Upright_pro_R,0.577946361570216,0.367963129720974,0.94590949129119,0.00718319302056951,0.00772206261102656,5.66213305219951,0.384711766183258
5,JZ,5,SPL-L,RT_Upright_pro_R,0.523650568211609,0.246797298646742,0.770447866858351,0.00664865320250115,0.00719020477441586,5.67526518810268,0.400989941287443
5,JZ,6,AG-L,RT_Upright_pro_R,0.203371596147711,0.299503000020705,0.502874596168416,0.00500447040819138,0.00538826662274922,5.7174491377944,0.411081781841715
5,JZ,7,mIPS-L,RT_Upright_pro_R,0.531923074531386,0.197293626105944,0.72921670063733,0.00647984344114619,0.00699770485457852,5.68098909081649,0.402001466146672
5,JZ,8,VIP-L,RT_Upright_pro_R,0.524351820753122,0.238331590786664,0.762683411539786,0.00579136516458615,0.00624687105396338,5.68886563988733,0.401110075682107
5,JZ,9,SPOC-L,RT_Upright_pro_R,0.276090796109911,0.198587380592907,0.474678176702818,0.00480745148510556,0.00519497052532444,5.71441224521599,0.407151330516594
5,JZ,10,S1-L,RT_Upright_pro_R,0.261623251316047,0.770945992717331,1.03256924403338,0.00669768228441805,0.00714466682014003,5.66740914166665,0.386522839907474
5,JZ,11,M1-L,RT_Upright_pro_R,0.122109486411546,0.97245625126374,1.09456573767529,0.00652274044548279,0.00694767460290781,5.6675861914498,0.390366993730242
5,JZ,12,SMA-L,RT_Upright_pro_R,0.500015224835303,0.147237928060876,0.647253152896179,0.00548034293230031,0.00589940490388668,5.70202214186338,0.402073395394651
5,JZ,13,PMd-L,RT_Upright_pro_R,0.29868663703363,0.338520565575686,0.637207202609317,0.00644505407472734,0.00696459454366072,5.6842756727939,0.404125302085521
5,JZ,14,PMv-L,RT_Upright_pro_R,0.115375071698583,0.229778350562095,0.345153422260679,0.00405430968242147,0.00439338069124399,5.73667751170355,0.416411947027556
5,JZ,15,FEF-L,RT_Upright_pro_R,0.170421284574196,0.256820625470776,0.427241910044972,0.00467225847088697,0.00504552821667313,5.72691045053894,0.412249996574463
5,JZ,16,POJ-L,RT_Upright_pro_R,0.10235060678042,0.281242040899177,0.383592647679597,0.00358885970759513,0.00385883737211117,5.74638757919894,0.412160058487852
5,JZ,17,V1-R,RT_Upright_pro_R,0.0884032793419615,0.170718145093242,0.259121424435204,0.0035876407282744,0.00386768800080451,5.75388836655959,0.422584112848831
5,JZ,18,V3-R,RT_Upright_pro_R,0.162854708001158,0.171046140817142,0.333900848818301,0.00393132870382808,0.00422966430215642,5.73838003170998,0.416598282744113
5,JZ,19,STS-R,RT_Upright_pro_R,0.108195232648521,0.17070250834582,0.278897740994342,0.00345483777453194,0.00372238410659732,5.753573314594,0.420848209026727
5,JZ,20,IPL-R,RT_Upright_pro_R,0.458884277076654,0.217832318292227,0.676716595368881,0.00588151557518872,0.00640972154956761,5.69013712230239,0.406337928246879
5,JZ,21,SPL-R,RT_Upright_pro_R,0.278442004506161,0.269717708475846,0.548159712982007,0.00547342220663554,0.00593127402841367,5.7035571107882,0.407196524491739
5,JZ,22,AG-R,RT_Upright_pro_R,0.269527443189983,0.273900466595377,0.54342790978536,0.00538873023679095,0.00583652978760041,5.70665680118925,0.410935073547238
5,JZ,23,mIPS-R,RT_Upright_pro_R,0.369408064185271,0.223720944573523,0.593129008758794,0.00548054978726255,0.00593734173812855,5.70241447721271,0.402692613939498
5,JZ,24,VIP-R,RT_Upright_pro_R,0.465358666255713,0.277554273940538,0.74291294019625,0.00647916054534811,0.00704780636470485,5.67835226895464,0.401496075407421
5,JZ,25,SPOC-R,RT_Upright_pro_R,0.153800108068505,0.415571094075873,0.569371202144378,0.00473552095298731,0.00509167110937383,5.71883152289256,0.405379255502185
5,JZ,26,S1-R,RT_Upright_pro_R,0.19199070036155,0.187962310314841,0.379953010676391,0.00381994082928639,0.00410933727277567,5.74049089087657,0.414467983120891
5,JZ,27,M1-R,RT_Upright_pro_R,0.127069413120183,0.145134825474078,0.272204238594262,0.0034088047590584,0.00367175531179541,5.75763476820677,0.418114440623045
5,JZ,28,SMA-R,RT_Upright_pro_R,0.444511153128485,0.100889089143414,0.545400242271899,0.0051873208656989,0.00557629985864391,5.71343645414098,0.410251305138322
5,JZ,29,PMd-R,RT_Upright_pro_R,0.297565274109676,0.23193210789652,0.529497382006196,0.00543046473223806,0.00586474409187209,5.70747084549095,0.406521100816622
5,JZ,30,PMv-R,RT_Upright_pro_R,0.097968753203891,0.236568075251228,0.334536828455119,0.00365088502954496,0.00393281021421752,5.74650806702967,0.416251462119356
5,JZ,31,FEF-R,RT_Upright_pro_R,0.226948106832218,0.206723985654397,0.433672092486615,0.00429701071371202,0.00463144361832727,5.72744050271928,0.410699086794152
5,JZ,32,POJ-R,RT_Upright_pro_R,0.260152185750627,0.250938570519702,0.511090756270329,0.00459770247880902,0.00496351462997517,5.71998973025155,0.408794238098861
6,LT,1,V1-L,RT_Upright_pro_R,0.172422492961485,0.195242396060043,0.367664889021528,0.00518467398851697,0.00557877533620645,6.2837656081876,0.6280830613516
6,LT,2,V3-L,RT_Upright_pro_R,0.184383707857297,0.45920447072181,0.643588178579107,0.00620115675211995,0.00663362892691404,6.26025001046786,0.612258448049289
6,LT,3,STS-L,RT_Upright_pro_R,0.107964095052435,0.554685975648348,0.662650070700783,0.00554042012873165,0.00592578761597742,6.26856091027501,0.609427894168335
6,LT,4,IPL-L,RT_Upright_pro_R,0.979111797978324,0.280557894813398,1.25966969279172,0.00934775470340666,0.0100258520072384,6.19486415756061,0.589315857878081
6,LT,5,SPL-L,RT_Upright_pro_R,0.568207548782581,0.397362732197871,0.965570280980452,0.00898405227347262,0.00963756482673069,6.20942791326079,0.600588989202707
6,LT,6,AG-L,RT_Upright_pro_R,0.243907040162241,0.205122772850285,0.449029813012526,0.00560844493654704,0.00601883980518355,6.27607603974116,0.616816761763028
6,LT,7,mIPS-L,RT_Upright_pro_R,0.629762220858367,0.388101539071597,1.01786375992996,0.00965638748256655,0.0103150688603335,6.20267356226391,0.595125209098872
6,LT,8,VIP-L,RT_Upright_pro_R,0.744180935496104,0.367433222992852,1.11161415848896,0.00987236872217954,0.0105833739987489,6.19909365182446,0.591474639614049
6,LT,9,SPOC-L,RT_Upright_pro_R,0.484283121575926,0.142775405922742,0.627058527498668,0.00632473459090916,0.00679211298688574,6.25934572701876,0.614571961223528
6,LT,10,S1-L,RT_Upright_pro_R,0.577435744574099,0.516351001729427,1.09378674630353,0.00846693916688563,0.00904190181340843,6.21195256342767,0.588835310269903
6,LT,11,M1-L,RT_Upright_pro_R,0.614848429398775,0.529825752025208,1.14467418142398,0.00919200470110524,0.00983837627966279,6.20400963610978,0.589807043276109
6,LT,12,SMA-L,RT_Upright_pro_R,0.347922082664818,0.97964761429447,1.32756969695929,0.010722198158246,0.0114836737210458,6.17130015006211,0.584700847611002
6,LT,13,PMd-L,RT_Upright_pro_R,0.407064159664787,0.554201515460198,0.961265675124985,0.00889222383590466,0.0095171031413974,6.21372942264432,0.589617475860103
6,LT,14,PMv-L,RT_Upright_pro_R,0.123969657696932,0.212538556917397,0.336508214614329,0.00476479080560941,0.00510324394030333,6.2955974859884,0.628560689052291
6,LT,15,FEF-L,RT_Upright_pro_R,0.23672124977699,0.483630289144798,0.720351538921788,0.00751931134347745,0.0080693781842347,6.23551926180302,0.612683881475734
6,LT,16,POJ-L,RT_Upright_pro_R,0.762631205710234,0.153582107960956,0.91621331367119,0.00721265076378187,0.00772251818635156,6.22737870626244,0.599198619795734
6,LT,17,V1-R,RT_Upright_pro_R,0.0989644111874195,0.226225416416144,0.325189827603564,0.00421726226092556,0.00452445363652836,6.30256687460614,0.626244873506852
6,LT,18,V3-R,RT_Upright_pro_R,0.126842839814769,0.151473614402129,0.278316454216898,0.00397847185902603,0.0042553085661886,6.30922999152959,0.624082177409836
6,LT,19,STS-R,RT_Upright_pro_R,0.137138708903663,0.307522551490456,0.444661260394118,0.00513769442314938,0.00552222537774469,6.28349820976559,0.62032533682533
6,LT,20,IPL-R,RT_Upright_pro_R,0.665453912065986,0.643360412208576,1.30881432427456,0.0103773160699988,0.0111608588631412,6.18243985663473,0.586508205667393
6,LT,21,SPL-R,RT_Upright_pro_R,0.380563559448517,0.44936117878812,0.829924738236637,0.00855991621055318,0.0091644119283125,6.22551885100344,0.603182118277216
6,LT,22,AG-R,RT_Upright_pro_R,0.422260535053976,0.357444496145758,0.779705031199735,0.00740924371310815,0.00797185526533563,6.23598003088468,0.604269993133756
6,LT,23,mIPS-R,RT_Upright_pro_R,0.571254889931364,0.182150890631543,0.753405780562908,0.00731715924088506,0.00783169535738989,6.24100060849424,0.613077354872974
6,LT,24,VIP-R,RT_Upright_pro_R,0.826457232454617,0.586540124403875,1.41299735685849,0.0107654477570758,0.0115649910587723,6.16755291979166,0.578637976246539
6,LT,25,SPOC-R,RT_Upright_pro_R,0.302396864139842,0.248666312129415,0.551063176269257,0.00665113557372107,0.00713130972641932,6.25785525219128,0.616289794839547
6,LT,26,S1-R,RT_Upright_pro_R,0.312644603932811,0.368256887958207,0.680901491891019,0.00695091653718203,0.00744088857189239,6.24981040035772,0.606726272683993
6,LT,27,M1-R,RT_Upright_pro_R,0.27010130906935,0.418001566406212,0.688102875475562,0.00674574226043215,0.00723962407793399,6.24613567827233,0.604820259664717
6,LT,28,SMA-R,RT_Upright_pro_R,0.377807008023278,0.539692020317296,0.917499028340574,0.00845819787533364,0.00904423668955383,6.21779952684279,0.589233698609812
6,LT,29,PMd-R,RT_Upright_pro_R,0.155955247491991,0.239497530936109,0.3954527784281,0.00493948488763743,0.0052726531555088,6.28961146509541,0.619152270448889
6,LT,30,PMv-R,RT_Upright_pro_R,0.167174586564431,0.649741081290002,0.816915667854433,0.00672809171823479,0.00721272337083116,6.2443698197092,0.6006249942673
6,LT,31,FEF-R,RT_Upright_pro_R,0.206607985611441,0.529837490213877,0.736445475825318,0.0077536037846418,0.00830418859429095,6.23836874809604,0.60976087780869
6,LT,32,POJ-R,RT_Upright_pro_R,0.372362610334077,0.260766972689814,0.633129583023891,0.00730418969709602,0.0078500974969782,6.24270132029617,0.6132004508508
7,NvA,1,V1-L,RT_Upright_pro_R,0.0495894641154138,0.201275683006763,0.250865147122177,0.00319762831143288,0.00347381049866657,5.8024829664494,0.470045582742677
7,NvA,2,V3-L,RT_Upright_pro_R,0.109145668432153,0.583352673478483,0.692498341910636,0.00506939025138701,0.00550635575845638,5.74769135676113,0.450460338121982
7,NvA,3,STS-L,RT_Upright_pro_R,0.135521465833879,0.14691574986865,0.282437215702529,0.00357346189894852,0.00389808869239063,5.78899561157897,0.468150105063981
7,NvA,4,IPL-L,RT_Upright_pro_R,0.908123764666239,0.412261965231966,1.32038572989821,0.00754303644201628,0.00817067055426871,5.67613186464428,0.40905544466694
7,NvA,5,SPL-L,RT_Upright_pro_R,0.313262251050126,0.239149564822544,0.55241181587267,0.00461719996283624,0.00499184084008135,5.75883635981867,0.449446891422329
7,NvA,6,AG-L,RT_Upright_pro_R,0.268389481125946,0.143751168491456,0.412140649617402,0.00457649392916543,0.00500465708603372,5.76763703601214,0.46223974480299
7,NvA,7,mIPS-L,RT_Upright_pro_R,0.480400736222092,0.187298820121587,0.667699556343679,0.00528756867661341,0.00574865767602573,5.74369664016625,0.44593931625815
7,NvA,8,VIP-L,RT_Upright_pro_R,0.354888279764937,0.130478395587652,0.485366675352589,0.00427632946949235,0.00465307697369307,5.76603343817103,0.454282646522084
7,NvA,9,SPOC-L,RT_Upright_pro_R,0.275185448094544,0.315171456972571,0.590356905067116,0.00533305170112915,0.00584442288609725,5.74494576789561,0.450529704416964
7,NvA,10,S1-L,RT_Upright_pro_R,0.415712881679251,0.646678847933523,1.06239172961277,0.00691427049787837,0.00756151387885055,5.70332649717726,0.433994733384359
7,NvA,11,M1-L,RT_Upright_pro_R,0.176111019340198,0.621768706587371,0.797879725927569,0.00539369918944659,0.0058651460034279,5.73790302809313,0.445469307569643
7,NvA,12,SMA-L,RT_Upright_pro_R,0.172047041748485,0.286986204583958,0.459033246332443,0.00479120974824046,0.00518723014100784,5.76330593863,0.460656461904139
7,NvA,13,PMd-L,RT_Upright_pro_R,0.195914129108526,0.364863457840951,0.560777586949477,0.00522994027878863,0.00568367614127471,5.75112788682403,0.455081851259015
7,NvA,14,PMv-L,RT_Upright_pro_R,0.0570270047825828,0.132649659679325,0.189676664461908,0.00263658388136221,0.00286066766986695,5.81708009922943,0.470675211699932
7,NvA,15,FEF-L,RT_Upright_pro_R,0.242853407607353,0.398494366237814,0.641347773845167,0.00542853740540285,0.00588316232292501,5.74313059981667,0.446803078804071
7,NvA,16,POJ-L,RT_Upright_pro_R,0.175325225457075,0.114531625179274,0.289856850636349,0.00333642100708691,0.00363882645822522,5.79310490679371,0.46658280654226
7,NvA,17,V1-R,RT_Upright_pro_R,0.0896223980584507,0.166036561304322,0.255658959362773,0.00306345361276623,0.0033466164193955,5.80490757990971,0.466467540128261
7,NvA,18,V3-R,RT_Upright_pro_R,0.153727297084671,0.180479632997784,0.334206930082455,0.00376649728511611,0.00411010650584801,5.78236601156095,0.462764929718377
7,NvA,19,STS-R,RT_Upright_pro_R,0.117070723932255,0.16445070491649,0.281521428848746,0.00350077328952977,0.00381322273705574,5.79419328279111,0.469495394158799
7,NvA,20,IPL-R,RT_Upright_pro_R,0.523273764221345,0.293722812917638,0.816996577138983,0.0062906636261458,0.00680910117278184,5.72440661866064,0.445581512527262
7,NvA,21,SPL-R,RT_Upright_pro_R,0.35022374373843,0.310995811434661,0.661219555173091,0.00607835057289071,0.0065694047595258,5.73204307586346,0.447632515253516
7,NvA,22,AG-R,RT_Upright_pro_R,0.137113827554619,0.474389614631945,0.611503442186564,0.00488218377704552,0.00526030454225141,5.75550618306948,0.450426623674304
7,NvA,23,mIPS-R,RT_Upright_pro_R,0.388776696476447,0.319104928803746,0.707881625280193,0.00642340242144013,0.0069881527208778,5.72497082230035,0.447671542471438
7,NvA,24,VIP-R,RT_Upright_pro_R,0.562220731660921,0.349488979156474,0.911709710817394,0.00734360188595662,0.00795689794029728,5.70412605231106,0.439343123087129
7,NvA,25,SPOC-R,RT_Upright_pro_R,0.315013070627335,0.542423614337663,0.857436684964998,0.00638781849104938,0.00691829859628849,5.7224676833513,0.443844434354518
7,NvA,26,S1-R,RT_Upright_pro_R,0.151876359847916,0.200203854204052,0.352080214051968,0.0043992323457887,0.00477031995324933,5.77355748353098,0.465347269893228
7,NvA,27,M1-R,RT_Upright_pro_R,0.412076889270834,0.11729096195315,0.529367851223984,0.00505839561465532,0.00548496349782081,5.75661791222132,0.45689918763812
7,NvA,28,SMA-R,RT_Upright_pro_R,0.222724141609911,0.212941013800728,0.435665155410639,0.00461348663826795,0.00500060445618444,5.76082833682256,0.457704721426408
7,NvA,29,PMd-R,RT_Upright_pro_R,0.387185340621795,0.212291998449759,0.599477339071555,0.00555493150054464,0.00607049359249588,5.73903327222524,0.453878396698607
7,NvA,30,PMv-R,RT_Upright_pro_R,0.0592466217583862,0.168694893915682,0.227941515674069,0.00269973575028418,0.00292255659775074,5.81372115979832,0.46942310825439
7,NvA,31,FEF-R,RT_Upright_pro_R,0.374849445601601,0.261130574510095,0.635980020111695,0.00573432401933912,0.00621432132266461,5.73936185278294,0.451635394829762
7,NvA,32,POJ-R,RT_Upright_pro_R,0.648897327644804,0.324121345780442,0.973018673425246,0.00755391711385403,0.00819347698256176,5.69597296132843,0.434091585052405
8,RR,1,V1-L,RT_Upright_pro_R,0.162357116401883,0.184552834973689,0.346909951375571,0.00399287394433764,0.00427845913985849,5.8143109942493,0.428066317499409
8,RR,2,V3-L,RT_Upright_pro_R,0.218759795056106,0.296116976501589,0.514876771557696,0.00529170642016813,0.00566316272643913,5.78607049710043,0.421542263023306
8,RR,3,STS-L,RT_Upright_pro_R,0.0636992266881189,0.165539216478128,0.229238443166247,0.00287369222362032,0.00306943810462816,5.84942219798279,0.432753196386101
8,RR,4,IPL-L,RT_Upright_pro_R,0.329794568907038,0.209582079813527,0.539376648720565,0.00538657479064039,0.00577502171107803,5.78379354245873,0.416495031159647
8,RR,5,SPL-L,RT_Upright_pro_R,0.461470464501716,0.472014085729902,0.933484550231618,0.00672146778964266,0.00716151493890398,5.74345201435329,0.396639707702054
8,RR,6,AG-L,RT_Upright_pro_R,0.311707926195353,0.258840842050104,0.570548768245456,0.00560190831870025,0.00600433670546369,5.77895589187213,0.416551041620433
8,RR,7,mIPS-L,RT_Upright_pro_R,0.613368087909265,0.227970343976238,0.841338431885503,0.0072624631259984,0.00781147881512604,5.74351763669785,0.408068596662036
8,RR,8,VIP-L,RT_Upright_pro_R,0.25973298088944,0.303189246526507,0.562922227415947,0.00561999057393337,0.00601855304636605,5.77830737220413,0.41798637796455
8,RR,9,SPOC-L,RT_Upright_pro_R,0.485705342259678,0.320698684319448,0.806404026579126,0.00704652997048481,0.00752843374083049,5.74687247750671,0.405606577071643
8,RR,10,S1-L,RT_Upright_pro_R,0.228901514862065,0.213079532708942,0.441981047571007,0.00487581345435398,0.00521228608994355,5.79515593290433,0.426815774650429
8,RR,11,M1-L,RT_Upright_pro_R,0.2223587847186,0.185641005746004,0.407999790464604,0.00460491495733942,0.00491765177231212,5.80113638222372,0.427479379001895
8,RR,12,SMA-L,RT_Upright_pro_R,0.436824694789711,0.270846304877367,0.707670999667079,0.00705009063712192,0.0075788953922688,5.7488315304272,0.414809584809212
8,RR,13,PMd-L,RT_Upright_pro_R,0.287501248265847,0.232562781892796,0.520064030158643,0.00544785750820757,0.00584721607185133,5.78148200595522,0.420675984361355
8,RR,14,PMv-L,RT_Upright_pro_R,0.0612478046377559,0.216195997936926,0.277443802574681,0.0031579441759862,0.00338330274074921,5.83906445784415,0.431405592336845
8,RR,15,FEF-L,RT_Upright_pro_R,0.189755904670659,0.188383349958377,0.378139254629037,0.00482256162913968,0.00518915768089951,5.80046391504036,0.430779822322266
8,RR,16,POJ-L,RT_Upright_pro_R,0.446939940836444,0.360612784208507,0.807552725044951,0.00685753862769099,0.00734968454854421,5.74856993066538,0.406440520949669
8,RR,17,V1-R,RT_Upright_pro_R,0.218620947998743,0.244230954645833,0.462851902644577,0.0049796031127232,0.00534923862223409,5.79369594781595,0.421810231655079
8,RR,18,V3-R,RT_Upright_pro_R,0.150224580820482,0.258917585397991,0.409142166218473,0.00480712675806134,0.00515139531353801,5.80139816598735,0.42755432654087
8,RR,19,STS-R,RT_Upright_pro_R,0.0733412543011558,0.290545630239091,0.363886884540246,0.00388776541444009,0.00416184420759998,5.81837526563963,0.430250657091915
8,RR,20,IPL-R,RT_Upright_pro_R,0.275117950443804,0.147737639155999,0.422855589599803,0.00485075866903082,0.00521163286927918,5.79877718525681,0.42849830543458
8,RR,21,SPL-R,RT_Upright_pro_R,0.249361027622548,0.310883710755213,0.560244738377761,0.00522778860213774,0.00559447917166741,5.78525155405986,0.41398168434292
8,RR,22,AG-R,RT_Upright_pro_R,0.103418981562842,0.401884878304166,0.505303859867008,0.00474444596952506,0.00507723225452035,5.79971147345758,0.422472129483879
8,RR,23,mIPS-R,RT_Upright_pro_R,0.231965504862981,0.244353240022272,0.476318744885253,0.00501371438358087,0.00539170452126374,5.79257440743443,0.419954463439015
8,RR,24,VIP-R,RT_Upright_pro_R,0.263938685091723,0.201137874151422,0.465076559243144,0.00508274397238388,0.00545247480230079,5.79417308891027,0.424533597041804
8,RR,25,SPOC-R,RT_Upright_pro_R,0.326123571202734,0.346452703957973,0.672576275160707,0.00585206488965878,0.00626488935266422,5.77127080559147,0.409854425948486
8,RR,26,S1-R,RT_Upright_pro_R,0.188527324307666,0.21709379389031,0.405621118197976,0.00496538197110811,0.00530576669660094,5.79851741607182,0.428586335805344
8,RR,27,M1-R,RT_Upright_pro_R,0.14803143250117,0.194680975819425,0.342712408320595,0.00417501833699344,0.00446439551332607,5.8141266556847,0.429441569636327
8,RR,28,SMA-R,RT_Upright_pro_R,0.291891596661521,0.225741112255083,0.517632708916604,0.0055684351666718,0.00598231210236902,5.7796466577728,0.425101812358687
8,RR,29,PMd-R,RT_Upright_pro_R,0.303738211478777,0.283517314482673,0.58725552596145,0.00641567601518107,0.00688761848935872,5.76655272505642,0.415747500262264
8,RR,30,PMv-R,RT_Upright_pro_R,0.145395753047286,0.331203292519057,0.476599045566343,0.00508073864062823,0.00546394910253244,5.79323550119475,0.424749939362768
8,RR,31,FEF-R,RT_Upright_pro_R,0.164663198337513,0.215402124085022,0.380065322422534,0.00464104163658683,0.00497911965120377,5.8034042291655,0.429582389688821
8,RR,32,POJ-R,RT_Upright_pro_R,0.470268853555965,0.365145378007012,0.835414231562976,0.00697327517285127,0.00748089371636036,5.74309236628192,0.400040798855528
9,SJB,1,V1-L,RT_Upright_pro_R,0.104064389042155,0.532834024656505,0.63689841369866,0.00585121174527607,0.00630980902174383,6.31073893811648,0.646728359802084
9,SJB,2,V3-L,RT_Upright_pro_R,0.245309215744993,0.240218185634165,0.485527401379159,0.00580485545905977,0.00627494754510459,6.31623043275173,0.649250532641449
9,SJB,3,STS-L,RT_Upright_pro_R,0.236744401803932,0.358846326695027,0.595590728498959,0.00661508556667858,0.00717703343814339,6.29808250630881,0.649646051417755
9,SJB,4,IPL-L,RT_Upright_pro_R,0.879862710165291,0.534254995880575,1.41411770604587,0.0108678069621046,0.0117605323666753,6.20704685554143,0.608363061714318
9,SJB,5,SPL-L,RT_Upright_pro_R,0.631379742573623,0.547176033345855,1.17855577591948,0.0102257227715385,0.0110575324693336,6.23116306606232,0.624612787067385
9,SJB,6,AG-L,RT_Upright_pro_R,0.531118606669596,0.789832118088041,1.32095072475764,0.0106958629559362,0.011571999030805,6.2087226312808,0.604181250873476
9,SJB,7,mIPS-L,RT_Upright_pro_R,0.775423062253344,0.46685461155544,1.24227767380878,0.0107767819130997,0.0116571870869366,6.21829162737795,0.621678442883437
9,SJB,8,VIP-L,RT_Upright_pro_R,0.686332964135066,0.873890650231538,1.5602236143666,0.0117434921084161,0.012672367663392,6.19115497329574,0.600007464085062
9,SJB,9,SPOC-L,RT_Upright_pro_R,0.550514422204622,0.438911989161402,0.989426411366024,0.00947002232090766,0.0102466163429236,6.24504300348564,0.628321703770581
9,SJB,10,S1-L,RT_Upright_pro_R,0.262548777979738,0.360628516229539,0.623177294209277,0.00703460662398394,0.00760679525548319,6.29040634320847,0.63846411712322
9,SJB,11,M1-L,RT_Upright_pro_R,0.720135287421021,0.319443048598726,1.03957833601975,0.00920188906279952,0.00995147222266969,6.23922102560308,0.622239543306325
9,SJB,12,SMA-L,RT_Upright_pro_R,0.749592012200655,0.473511824002707,1.22310383620336,0.0105905271049922,0.01148499026402,6.22298053664271,0.616866547443825
9,SJB,13,PMd-L,RT_Upright_pro_R,0.443903415977885,0.262288630107404,0.706192046085289,0.00720831046652289,0.00777742963100909,6.28261567047496,0.635047278587983
9,SJB,14,PMv-L,RT_Upright_pro_R,0.0720370699790645,0.140511794204193,0.212548864183257,0.00348200666564826,0.00377137905277468,6.36309610163524,0.664219866722842
9,SJB,15,FEF-L,RT_Upright_pro_R,0.145766372860489,0.420933509428328,0.566699882288817,0.00592356221178495,0.00640601139209075,6.30909334952359,0.649991884325349
9,SJB,16,POJ-L,RT_Upright_pro_R,0.606793804584763,0.159831263128287,0.76662506771305,0.00727858754660106,0.00786367900987796,6.27982054350868,0.639583372782488
9,SJB,17,V1-R,RT_Upright_pro_R,0.258051597613953,0.503124483704456,0.761176081318409,0.00754204814252962,0.00819239209773312,6.27124076387605,0.639171863801503
9,SJB,18,V3-R,RT_Upright_pro_R,0.166667235293434,0.322733194868422,0.489400430161856,0.00539477144149585,0.0058595589532436,6.31383825202286,0.650864052730447
9,SJB,19,STS-R,RT_Upright_pro_R,0.0710471210084884,0.248841301062318,0.319888422070806,0.00438080119314019,0.00475699963047253,6.34295375287917,0.66315899998314
9,SJB,20,IPL-R,RT_Upright_pro_R,0.198808195683842,0.243187627541266,0.441995823225107,0.00595134702801066,0.00644052930410919,6.31109609619018,0.655192586968881
9,SJB,21,SPL-R,RT_Upright_pro_R,0.397671265414463,0.531076844276728,0.92874810969119,0.00843355828308018,0.00911142327779375,6.25478996426281,0.621216848793959
9,SJB,22,AG-R,RT_Upright_pro_R,0.384133554626775,0.32908327144452,0.713216826071295,0.0069775320099358,0.0075211119415406,6.28416049625178,0.640666968570673
9,SJB,23,mIPS-R,RT_Upright_pro_R,0.181521552425789,0.256521121947155,0.438042674372943,0.00478385675789973,0.00517286816082516,6.32859282089711,0.649913914687079
9,SJB,24,VIP-R,RT_Upright_pro_R,0.488542401093413,0.36974153074665,0.858283931840063,0.00871645641214695,0.00942373963790085,6.25700382564807,0.633372838715908
9,SJB,25,SPOC-R,RT_Upright_pro_R,0.524921072812486,0.266368745315391,0.791289818127876,0.00734583712374984,0.00799495104706744,6.27608216058273,0.637372088131539
9,SJB,26,S1-R,RT_Upright_pro_R,0.2038419120889,0.403425590741684,0.607267502830584,0.0069207817825327,0.00746275280039841,6.29334848467369,0.649288152331138
9,SJB,27,M1-R,RT_Upright_pro_R,0.308247545716113,0.543612433740841,0.851859979456954,0.0082265968237901,0.00887024958669438,6.26097174207675,0.62914647009035
9,SJB,28,SMA-R,RT_Upright_pro_R,0.513537981236512,0.361886143255268,0.87542412449178,0.00869058681112752,0.00943679434028541,6.25827352614893,0.638003899985601
9,SJB,29,PMd-R,RT_Upright_pro_R,0.300684148940536,0.207650805204237,0.508334954144773,0.00607971299762699,0.00657767447176833,6.30656998335506,0.65298767854683
9,SJB,30,PMv-R,RT_Upright_pro_R,0.0680129096994004,0.388851515824133,0.456864425523533,0.00517877653046467,0.00559394035016227,6.32649387474499,0.65602845989008
9,SJB,31,FEF-R,RT_Upright_pro_R,0.111127403883288,0.483354621141071,0.594482025024359,0.00596861067310463,0.006440010853027,6.30839611472603,0.648585522855979
9,SJB,32,POJ-R,RT_Upright_pro_R,0.805304101479232,0.24421950285099,1.04952360433022,0.00917254468304266,0.00993560526948113,6.24385586413867,0.631508734202189
10,BG,1,V1-L,RT_Upright_pro_R,0.0819058753662491,0.0977280812879303,0.179633956654179,0.00260699994257568,0.00285743402096073,5.72032143240793,0.450019040480645
10,BG,2,V3-L,RT_Upright_pro_R,0.121175701922992,0.316016190205287,0.437191892128279,0.00400956102362134,0.00438042526776828,5.67443964693735,0.43639243160789
10,BG,3,STS-L,RT_Upright_pro_R,0.0362352733497871,0.19943641745622,0.235671690806007,0.00279020057796606,0.00305846884498256,5.71521876609881,0.447528761002574
10,BG,4,IPL-L,RT_Upright_pro_R,0.193503066588003,0.239733762272152,0.433236828860155,0.00425233064220627,0.00463478127161015,5.67075413226013,0.433629601261722
10,BG,5,SPL-L,RT_Upright_pro_R,0.217245011895422,0.141707262175992,0.358952274071414,0.00409804337437367,0.0045187401956303,5.67642877598859,0.440829388451354
10,BG,6,AG-L,RT_Upright_pro_R,0.218350267715326,0.226994541911282,0.445344809626608,0.00430708322704509,0.0047124272226365,5.67238224774729,0.433351838985896
10,BG,7,mIPS-L,RT_Upright_pro_R,0.276927462717613,0.200553213751602,0.477480676469214,0.00447312150288285,0.00490547849583222,5.66437013193893,0.432215246344128
10,BG,8,VIP-L,RT_Upright_pro_R,0.139265388125068,0.195763138718283,0.335028526843351,0.00350445793370839,0.00381474415082928,5.69116822884528,0.439253214801671
10,BG,9,SPOC-L,RT_Upright_pro_R,0.303078818620005,0.242139637694562,0.545218456314567,0.00517195883612636,0.00567600465249573,5.64936541825703,0.434270864156209
10,BG,10,S1-L,RT_Upright_pro_R,0.368626830130346,0.185564271114331,0.554191101244676,0.00475828448052106,0.00520777832465045,5.65274424026496,0.430051402151462
10,BG,11,M1-L,RT_Upright_pro_R,0.401638226290316,0.212227613641672,0.613865839931988,0.00485623006958275,0.00531512487295977,5.65029797716547,0.426721758345917
10,BG,12,SMA-L,RT_Upright_pro_R,0.141485089200406,0.290952136132229,0.432437225332634,0.00464305143855233,0.00508624606047106,5.66627979803193,0.439758412381685
10,BG,13,PMd-L,RT_Upright_pro_R,0.124133630359573,0.387589995467888,0.511723625827461,0.00420974697713052,0.00460342957016815,5.67126252508587,0.434529164171884
10,BG,14,PMv-L,RT_Upright_pro_R,0.0638638976060398,0.0948797938359245,0.158743691441964,0.00236021091689803,0.00259471246454032,5.72780609879091,0.45144490892226
10,BG,15,FEF-L,RT_Upright_pro_R,0.207660964283903,0.262782226075784,0.470443190359687,0.00422062209909645,0.00460125665230485,5.67013880897601,0.435760487697505
10,BG,16,POJ-L,RT_Upright_pro_R,0.212679714365041,0.211573171764445,0.424252886129486,0.00408726191502092,0.00447739922237947,5.67297116476399,0.434088361265765
10,BG,17,V1-R,RT_Upright_pro_R,0.179445500426157,0.310883016398789,0.490328516824945,0.00489145987479145,0.00535959429001102,5.6579421435282,0.434103207095803
10,BG,18,V3-R,RT_Upright_pro_R,0.172419837240708,0.280080591857402,0.452500429098109,0.00393744502032791,0.00430666387451303,5.67923596224625,0.433681887292901
10,BG,19,STS-R,RT_Upright_pro_R,0.081798189998518,0.198303074741309,0.280101264739827,0.00310451405451118,0.00337336128805871,5.70206697871254,0.443356236766712
10,BG,20,IPL-R,RT_Upright_pro_R,0.430806444209692,0.264409138215422,0.695215582425115,0.00560249082246539,0.00611170709145768,5.64038217074961,0.42405920263239
10,BG,21,SPL-R,RT_Upright_pro_R,0.318868310228966,0.162875636661649,0.481743946890615,0.00500118366355182,0.00546038459701929,5.65961186170678,0.432086999060624
10,BG,22,AG-R,RT_Upright_pro_R,0.358986502098362,0.159759295868126,0.518745797966488,0.00469616569899092,0.00511535084414656,5.6605043705628,0.430888904644212
10,BG,23,mIPS-R,RT_Upright_pro_R,0.501550675579959,0.149967103107648,0.651517778687606,0.00497775284783064,0.00544347222604166,5.64498608162249,0.420517691150806
10,BG,24,VIP-R,RT_Upright_pro_R,0.59494704566881,0.385230414156316,0.980177459825126,0.00760208728889148,0.00826513129892504,5.59058020094171,0.394678101556871
10,BG,25,SPOC-R,RT_Upright_pro_R,0.289564585052607,0.359077926636907,0.648642511689514,0.00531564585405799,0.00581384322388094,5.64395759031434,0.422981363788825
10,BG,26,S1-R,RT_Upright_pro_R,0.193776969227422,0.431581264300882,0.625358233528304,0.00565099308415047,0.00614334642414123,5.63964704281086,0.427618228388678
10,BG,27,M1-R,RT_Upright_pro_R,0.302989207992027,0.583016901516369,0.886006109508396,0.00625819957232435,0.0068060689296756,5.61995059849087,0.413001505343217
10,BG,28,SMA-R,RT_Upright_pro_R,0.243978320002915,0.281494615460076,0.525472935462991,0.00555354408090956,0.00608508438389059,5.64583658318326,0.435603239669
10,BG,29,PMd-R,RT_Upright_pro_R,0.388757458383397,0.308876001426561,0.697633459809959,0.00576589325963237,0.00628932384084648,5.63185432016636,0.42149456710481
10,BG,30,PMv-R,RT_Upright_pro_R,0.143230234695377,0.307397015603533,0.45062725029891,0.00436727021813326,0.00476742745543404,5.67038891934046,0.435980791878519
10,BG,31,FEF-R,RT_Upright_pro_R,0.317188478972119,0.218467914699937,0.535656393672056,0.00478935461381186,0.00521844297096084,5.65960940448816,0.430728373914232
10,BG,32,POJ-R,RT_Upright_pro_R,0.620282399519288,0.339304013675902,0.959586413195191,0.00656857144786247,0.00715327356383306,5.6052980890212,0.404510695248406
1,DOC,1,V1-L,RT_Upright_anti_L,0.0907736167503463,0.145541317313743,0.236314934064089,0.00348662812106753,0.00369827879711581,6.11424978155226,0.51054810028118
1,DOC,2,V3-L,RT_Upright_anti_L,0.127345377190331,0.13951991860166,0.266865295791991,0.00391024252814801,0.00414437270554118,6.10105183096391,0.511666873509278
1,DOC,3,STS-L,RT_Upright_anti_L,0.0553617715360178,0.397150840489872,0.45251261202589,0.00462879383984058,0.00489000367796008,6.08633544365714,0.50577493525151
1,DOC,4,IPL-L,RT_Upright_anti_L,0.939183932681159,0.329442419156825,1.26862635183798,0.00998577036085978,0.010582094391531,5.97588654445419,0.459505222716088
1,DOC,5,SPL-L,RT_Upright_anti_L,0.454763129845474,0.241281341043662,0.696044470889136,0.00734917528991876,0.00779823306425589,6.03076236840614,0.493862347153188
1,DOC,6,AG-L,RT_Upright_anti_L,0.339458142544143,0.132470319202273,0.471928461746416,0.00576534613084854,0.00612358610910611,6.06310763347082,0.503643875972024
1,DOC,7,mIPS-L,RT_Upright_anti_L,0.510441311544638,0.152304120604913,0.662745432149551,0.00685848396411207,0.00726176721803972,6.03663714919823,0.494148939184519
1,DOC,8,VIP-L,RT_Upright_anti_L,0.60934108557267,0.340429402361329,0.949770487933998,0.00842206209592716,0.00891578117696549,6.00836456341664,0.476099572588976
1,DOC,9,SPOC-L,RT_Upright_anti_L,0.535401538692578,0.35862465874779,0.894026197440368,0.00821449414382228,0.00867895163254242,6.00752778075081,0.476452051780367
1,DOC,10,S1-L,RT_Upright_anti_L,0.300190614046959,0.618660980816065,0.918851594863024,0.00780462565502268,0.00822962901446426,6.01936644074649,0.481880334681154
1,DOC,11,M1-L,RT_Upright_anti_L,0.230459989845634,0.791200780335011,1.02166077018065,0.00801311344086864,0.00851174703767199,6.00997445409689,0.480954133037249
1,DOC,12,SMA-L,RT_Upright_anti_L,0.247883690288694,0.608705065035842,0.856588755324536,0.00680835550867625,0.00720170474932772,6.0286335454708,0.483242487833922
1,DOC,13,PMd-L,RT_Upright_anti_L,0.361340355981075,0.287553745833549,0.648894101814624,0.00687187234078164,0.00730283166083593,6.03917501610784,0.491258999089971
1,DOC,14,PMv-L,RT_Upright_anti_L,0.118753679442952,0.293671586586054,0.412425266029006,0.00495475147841165,0.00523939975914434,6.07863549389065,0.5051756530685
1,DOC,15,FEF-L,RT_Upright_anti_L,0.215507469132088,0.273563622794501,0.489071091926589,0.00553756866869488,0.00588243835938392,6.06373467042549,0.496207303584024
1,DOC,16,POJ-L,RT_Upright_anti_L,0.234486016444381,0.252749222469995,0.487235238914376,0.00550176529003591,0.00583055128947705,6.06501574239212,0.501752441590185
1,DOC,17,V1-R,RT_Upright_anti_L,0.0773493262403226,0.329544337974584,0.406893664214907,0.00461786835485881,0.00489996055019067,6.08426099075305,0.503293124107266
1,DOC,18,V3-R,RT_Upright_anti_L,0.156124814964483,0.311516167112058,0.467640982076541,0.00557801444551203,0.00591314315442073,6.06614643103949,0.504692870259658
1,DOC,19,STS-R,RT_Upright_anti_L,0.13119341451599,0.165834136514961,0.297027551030951,0.00366037410941527,0.00386971722172717,6.10394171752667,0.509157858764339
1,DOC,20,IPL-R,RT_Upright_anti_L,0.325501616733532,0.151062885605008,0.47656450233854,0.00571676826708132,0.00608288917304636,6.06258260539758,0.504379322944732
1,DOC,21,SPL-R,RT_Upright_anti_L,0.425038624469961,0.339537758021741,0.764576382491703,0.0075794150887927,0.0080110860202779,6.0268733119223,0.489741131920092
1,DOC,22,AG-R,RT_Upright_anti_L,0.615683275536811,0.370973395383371,0.986656670920183,0.00856889786188251,0.00912032034554071,6.00358588124044,0.482062117847075
1,DOC,23,mIPS-R,RT_Upright_anti_L,0.68000202236618,0.36593820980788,1.04594023217406,0.00864229453888098,0.00917111924191462,5.9978489449348,0.478580745621464
1,DOC,24,VIP-R,RT_Upright_anti_L,0.304338980526308,0.276589612317061,0.580928592843369,0.00639269589920938,0.00677722977457617,6.04732467938414,0.498643295635312
1,DOC,25,SPOC-R,RT_Upright_anti_L,0.43686282389468,0.321608020242707,0.758470844137387,0.00748053983100039,0.00791243697685098,6.03044949462966,0.490662906347689
1,DOC,26,S1-R,RT_Upright_anti_L,0.20579382079564,0.253220163457874,0.459013984253514,0.00558907986577056,0.0059324370811858,6.0647383472543,0.50216118021031
1,DOC,27,M1-R,RT_Upright_anti_L,0.339126381883633,0.301530365928981,0.640656747812615,0.00670758767063486,0.00709850382959924,6.04101282174764,0.492455915147843
1,DOC,28,SMA-R,RT_Upright_anti_L,0.380279073037006,0.634231861812898,1.0145109348499,0.00890039153345934,0.0094375862143879,5.99596143600705,0.478826785963551
1,DOC,29,PMd-R,RT_Upright_anti_L,0.336894803664552,0.427997014483336,0.764891818147888,0.00710445238881788,0.00755535416767441,6.03409027978125,0.490433374319647
1,DOC,30,PMv-R,RT_Upright_anti_L,0.0880582276635745,0.384117742663425,0.472175970327,0.00503943907964044,0.00534754398578655,6.07466883284118,0.503795088584508
1,DOC,31,FEF-R,RT_Upright_anti_L,0.159696106983482,0.403345712283511,0.563041819266993,0.00581872519980185,0.00618625231249838,6.06072749540338,0.497305639423699
1,DOC,32,POJ-R,RT_Upright_anti_L,0.657185025124652,0.289903334937462,0.947088360062114,0.00837419020796946,0.00888319490696163,6.00953878769478,0.48331872321962
2,GB,1,V1-L,RT_Upright_anti_L,0.159305945769437,0.0918096088572239,0.251115554626661,0.00311343394302555,0.00334732264167024,5.65770828249859,0.412864442035565
2,GB,2,V3-L,RT_Upright_anti_L,0.261423760862861,0.250732231417946,0.512155992280808,0.00467708876734037,0.00499419471915345,5.61946133509182,0.396607610380436
2,GB,3,STS-L,RT_Upright_anti_L,0.0522310477057301,0.0833395363256507,0.135570584031381,0.00210436333810046,0.00226032092691922,5.68878942078993,0.419901286006797
2,GB,4,IPL-L,RT_Upright_anti_L,0.162886474119937,0.29338187899527,0.456268353115207,0.00502713245026713,0.00542866257567746,5.61172345394079,0.407280309903036
2,GB,5,SPL-L,RT_Upright_anti_L,0.222659033724981,0.398032711764257,0.620691745489238,0.00567494444121486,0.00610303002020436,5.59734290172257,0.395926702957806
2,GB,6,AG-L,RT_Upright_anti_L,0.323998582597298,0.216367942084784,0.540366524682082,0.00520646755476481,0.00557118994487818,5.60785353831111,0.402010721142732
2,GB,7,mIPS-L,RT_Upright_anti_L,0.586275589856123,0.211712128194375,0.797987718050499,0.00638313600050809,0.00688502934791981,5.57427104751676,0.381456000661067
2,GB,8,VIP-L,RT_Upright_anti_L,0.175791237259126,0.277270443730882,0.453061680990008,0.00472521722207192,0.00507250715036027,5.61873207774334,0.406781772676872
2,GB,9,SPOC-L,RT_Upright_anti_L,0.412525670114628,0.455576986120197,0.868102656234825,0.00628908542754397,0.00673437743431284,5.5773754780623,0.384974533040114
2,GB,10,S1-L,RT_Upright_anti_L,0.115817079153707,0.311740580966101,0.427557660119808,0.00419530448129324,0.00452177432836051,5.62757324401516,0.408271463180059
2,GB,11,M1-L,RT_Upright_anti_L,0.179800393487337,0.283606265542807,0.463406659030145,0.00480763288568296,0.00517325333630827,5.61372191857888,0.406829606177143
2,GB,12,SMA-L,RT_Upright_anti_L,0.344964980628992,0.220505468752996,0.565470449381989,0.00524060369513105,0.00563118629653474,5.60403819465785,0.401599330989759
2,GB,13,PMd-L,RT_Upright_anti_L,0.208247620580377,0.28369004068699,0.491937661267367,0.0050804393104747,0.00550760782384293,5.60408039839733,0.40595475248996
2,GB,14,PMv-L,RT_Upright_anti_L,0.0445752726512919,0.171132324170323,0.215707596821615,0.00256404042063738,0.00277046057661983,5.67174446192232,0.418515171533634
2,GB,15,FEF-L,RT_Upright_anti_L,0.14803978886835,0.134634525087236,0.282674313955586,0.00320805040011137,0.00343360641044423,5.65224858215137,0.41170202692162
2,GB,16,POJ-L,RT_Upright_anti_L,0.930303935963046,0.493915584036331,1.42421951999938,0.00839331130503383,0.0089260261826745,5.52131492509534,0.34891757533431
2,GB,17,V1-R,RT_Upright_anti_L,0.156044991026153,0.0867418685589427,0.242786859585095,0.00304684149563475,0.00327067547498026,5.66019943809396,0.412188251565842
2,GB,18,V3-R,RT_Upright_anti_L,0.13318998324203,0.40533472330192,0.53852470654395,0.0044706158970753,0.00476980692155746,5.62294128876587,0.399129190608086
2,GB,19,STS-R,RT_Upright_anti_L,0.153054748565784,0.198932560737695,0.351987309303479,0.00401915634116697,0.00432888096813076,5.63302768423412,0.413031442679218
2,GB,20,IPL-R,RT_Upright_anti_L,0.149366487519225,0.285194287197656,0.434560774716881,0.00447958236819252,0.00480449490171954,5.62177156003565,0.407849125399916
2,GB,21,SPL-R,RT_Upright_anti_L,0.155912166425819,0.171603864278895,0.327516030704714,0.00378081663598843,0.00405862115363764,5.63863406485791,0.411628644698879
2,GB,22,AG-R,RT_Upright_anti_L,0.192194701093434,0.200312481643077,0.392507182736511,0.00420776243653465,0.00452758361714957,5.63125246260849,0.407872464587107
2,GB,23,mIPS-R,RT_Upright_anti_L,0.21197482427699,0.11160394123414,0.32357876551113,0.00371335713303469,0.00401725111005023,5.64120584115784,0.413707336892118
2,GB,24,VIP-R,RT_Upright_anti_L,0.197781659182765,0.176284609769441,0.374066268952206,0.00422670721243747,0.00458426761962224,5.62553590505794,0.410628956621058
2,GB,25,SPOC-R,RT_Upright_anti_L,0.381455790592096,0.423366531560992,0.804822322153087,0.00617753677197063,0.00661739455482214,5.57763002883653,0.381341635569071
2,GB,26,S1-R,RT_Upright_anti_L,0.317268889001864,0.15351916342947,0.470788052431334,0.00482243194066949,0.00517763447278182,5.61319446570622,0.405597633260193
2,GB,27,M1-R,RT_Upright_anti_L,0.262117886848722,0.166787828748552,0.428905715597274,0.00423278628947121,0.00457827474283846,5.62103704881557,0.403682745319068
2,GB,28,SMA-R,RT_Upright_anti_L,0.316351836692101,0.309340023570784,0.625691860262885,0.00571857734981778,0.00617896466488494,5.58841103875082,0.39280783822321
2,GB,29,PMd-R,RT_Upright_anti_L,0.335387630542392,0.21342899580192,0.548816626344313,0.00442786374286689,0.00472413787081142,5.61258338889867,0.3969760958661
2,GB,30,PMv-R,RT_Upright_anti_L,0.0791828663787864,0.16866936505715,0.247852231435936,0.00318659146973848,0.00342712759781842,5.65596477327601,0.416421601403017
2,GB,31,FEF-R,RT_Upright_anti_L,0.0922362755633022,0.253249915918754,0.345486191482057,0.00365994602490485,0.00393582222645514,5.64316979428297,0.410371584092204
2,GB,32,POJ-R,RT_Upright_anti_L,0.406720805353805,0.367269538105731,0.773990343459536,0.00668139760999771,0.00719530502083801,5.5704182035053,0.392289017389618
3,JDC,1,V1-L,RT_Upright_anti_L,0.146887659538065,0.499143886758979,0.646031546297044,0.00616423217641378,0.00663078999114271,6.03633151878754,0.543349087618484
3,JDC,2,V3-L,RT_Upright_anti_L,0.138673919539032,0.284163148630916,0.422837068169948,0.00457924368473801,0.00496231384066987,6.06814561918413,0.556578814280292
3,JDC,3,STS-L,RT_Upright_anti_L,0.113616826589553,0.243439670993026,0.357056497582579,0.00434771693365621,0.00467878715135307,6.07803449888898,0.559732834193101
3,JDC,4,IPL-L,RT_Upright_anti_L,0.460918217573404,0.247836585068103,0.708754802641507,0.00674394586115142,0.00728010744211997,6.02761857787585,0.544431222474285
3,JDC,5,SPL-L,RT_Upright_anti_L,0.66980869177478,0.279627734342329,0.949436426117109,0.0079953712665349,0.00862512498979414,5.99957904804628,0.534402624755436
3,JDC,6,AG-L,RT_Upright_anti_L,0.15756040369454,0.263801120110815,0.421361523805355,0.00474969279830518,0.00514331100333551,6.06755907347484,0.553811247800208
3,JDC,7,mIPS-L,RT_Upright_anti_L,0.55900040879094,0.186262506302909,0.745262915093849,0.00720133331526753,0.00781374360132997,6.01752215807405,0.547892180698332
3,JDC,8,VIP-L,RT_Upright_anti_L,0.662816863257319,0.415153630719599,1.07797049397692,0.0081281369208848,0.00875893567166548,5.98845235820244,0.524422888693913
3,JDC,9,SPOC-L,RT_Upright_anti_L,0.310763651022994,0.593030942336755,0.90379459335975,0.00767759010048265,0.0082796016891905,6.00086287666018,0.52386006140803
3,JDC,10,S1-L,RT_Upright_anti_L,0.292998951149082,0.477321239347899,0.770320190496982,0.00727702097066544,0.00781499071455392,6.01832547616513,0.540751525219403
3,JDC,11,M1-L,RT_Upright_anti_L,0.424099512959619,0.486656277362135,0.910755790321754,0.00799953756784955,0.00862077296192545,6.0030937242893,0.535550907906231
3,JDC,12,SMA-L,RT_Upright_anti_L,0.49935259778562,0.218648184089535,0.718000781875154,0.00720053790500379,0.00778317586810233,6.0196242808365,0.546289440420637
3,JDC,13,PMd-L,RT_Upright_anti_L,0.213887547884824,0.641971477896529,0.855859025781353,0.00691183267702452,0.00743524913601732,6.02100561684771,0.541299054229863
3,JDC,14,PMv-L,RT_Upright_anti_L,0.0771775529020533,0.151084995463656,0.228262548365709,0.00314478608691134,0.00339519012438366,6.10873461946527,0.563470217259853
3,JDC,15,FEF-L,RT_Upright_anti_L,0.0975250202558085,0.342935881057794,0.440460901313603,0.00430178414885828,0.00461996619325369,6.07715304336811,0.548260470199978
3,JDC,16,POJ-L,RT_Upright_anti_L,0.324694568466179,0.270106703677305,0.594801272143484,0.00644385160614542,0.00696519979703542,6.03291438015995,0.548606220384319
3,JDC,17,V1-R,RT_Upright_anti_L,0.166438751343907,0.168101842351623,0.334540593695531,0.00419262062112306,0.00451773129939769,6.08141819103551,0.560525800266332
3,JDC,18,V3-R,RT_Upright_anti_L,0.194417963002256,0.275711227953487,0.470129190955743,0.00507394570017696,0.0054646654218584,6.06145723578996,0.551666005532153
3,JDC,19,STS-R,RT_Upright_anti_L,0.0873777129363685,0.447545871637605,0.534923584573974,0.00471210194719964,0.00504559940075591,6.06649969223177,0.552292713616104
3,JDC,20,IPL-R,RT_Upright_anti_L,0.518816465370161,0.39999068629851,0.918807151668671,0.00828390655672377,0.00893511669420701,5.99476101845573,0.537161409336913
3,JDC,21,SPL-R,RT_Upright_anti_L,0.519838196277257,0.346102674871971,0.865940871149228,0.0082471345522822,0.0089155484469055,5.99733870264136,0.542694587844251
3,JDC,22,AG-R,RT_Upright_anti_L,0.320468187772482,0.374364634941523,0.694832822714005,0.0065945994802524,0.00705421916668238,6.02918827453509,0.543509752376707
3,JDC,23,mIPS-R,RT_Upright_anti_L,0.713407518749011,0.243391505284482,0.956799024033493,0.00824587219943269,0.00885196188191646,5.99746265304182,0.531994874680218
3,JDC,24,VIP-R,RT_Upright_anti_L,0.539932589820123,0.448484864230439,0.988417454050562,0.008801642134753,0.00949382148794961,5.98670198770097,0.524730653714842
3,JDC,25,SPOC-R,RT_Upright_anti_L,0.188324453148326,0.457888536040514,0.64621298918884,0.00637683214633533,0.0068664943507649,6.03269510803634,0.55076751079079
3,JDC,26,S1-R,RT_Upright_anti_L,0.615078176832773,0.223507110731552,0.838585287564325,0.00770858600685047,0.00830278100752455,6.00731587265018,0.528079601900018
3,JDC,27,M1-R,RT_Upright_anti_L,0.249624826478496,0.349681892386723,0.59930671886522,0.00608635400381699,0.00654416272737867,6.04255369285422,0.543999690420157
3,JDC,28,SMA-R,RT_Upright_anti_L,0.490240127292788,0.342057511426057,0.832297638718844,0.00778354000823565,0.00839074628456603,6.00358905775821,0.524167121328954
3,JDC,29,PMd-R,RT_Upright_anti_L,0.274664307664151,0.288694190260611,0.563358497924762,0.0062615981247859,0.00675107386935579,6.03813528754969,0.552144523912581
3,JDC,30,PMv-R,RT_Upright_anti_L,0.160290688104979,0.230777009339203,0.391067697444182,0.00452850487771766,0.00486877054531382,6.07484938791642,0.557831863774596
3,JDC,31,FEF-R,RT_Upright_anti_L,0.163855280751676,0.253667447009774,0.41752272776145,0.00498636672721972,0.00537451974682169,6.06313802168744,0.557624431373534
3,JDC,32,POJ-R,RT_Upright_anti_L,0.439320758973208,0.340727408779418,0.780048167752626,0.00693663917284318,0.00742769324315771,6.02030226994187,0.538183684008998
4,JFXD,1,V1-L,RT_Upright_anti_L,0.182804158164862,0.329017516898995,0.511821675063858,0.00711349428452014,0.00748113692961349,7.00805092197865,0.833097662849053
4,JFXD,2,V3-L,RT_Upright_anti_L,0.149572970036571,0.449636395148204,0.599209365184775,0.00701643780951911,0.00738902791416929,7.0088014112692,0.827942928107165
4,JFXD,3,STS-L,RT_Upright_anti_L,0.157739808146384,0.715650457254422,0.873390265400806,0.00806579651479994,0.00845846344247406,6.9823907616858,0.817426105482112
4,JFXD,4,IPL-L,RT_Upright_anti_L,0.906307631241841,0.653720303856202,1.56002793509804,0.0151109723317109,0.0159079149207065,6.88874761794412,0.787007886461293
4,JFXD,5,SPL-L,RT_Upright_anti_L,0.935751834654457,0.423169798375741,1.3589216330302,0.0136000555109455,0.0143177154396805,6.91196329572089,0.805339411016727
4,JFXD,6,AG-L,RT_Upright_anti_L,0.402097487740914,0.305448551504548,0.707546039245462,0.00960018859578139,0.0101245787761302,6.97404260188379,0.828576517838288
4,JFXD,7,mIPS-L,RT_Upright_anti_L,0.889597096824357,0.411275666186669,1.30087276301103,0.0140338865156867,0.0147598970512541,6.90783977055018,0.805387923060355
4,JFXD,8,VIP-L,RT_Upright_anti_L,0.646589942514254,0.901180275710456,1.54777021822471,0.0145177543883015,0.015234648052571,6.89952635753281,0.789077712049861
4,JFXD,9,SPOC-L,RT_Upright_anti_L,0.515246314852389,0.748176645937797,1.26342296079019,0.0124372952415085,0.0130436163429158,6.91842503355995,0.795183735877624
4,JFXD,10,S1-L,RT_Upright_anti_L,0.714746730712675,0.478530036879109,1.19327676759178,0.012666494656012,0.0132590484836565,6.92551975866247,0.804846214637343
4,JFXD,11,M1-L,RT_Upright_anti_L,0.895407934395346,0.34973990432797,1.24514783872332,0.0129510913097091,0.0136030547894056,6.92223520157897,0.8028768723516
4,JFXD,12,SMA-L,RT_Upright_anti_L,0.976852847547102,0.337329950406372,1.31418279795347,0.0131308204265283,0.0138139926619596,6.91789668060279,0.803577469763608
4,JFXD,13,PMd-L,RT_Upright_anti_L,0.817536411362669,0.259215569975495,1.07675198133816,0.0117246214392453,0.0123597071664744,6.9392993839495,0.811345123960992
4,JFXD,14,PMv-L,RT_Upright_anti_L,0.304596612729169,1.24439999392118,1.54899660665035,0.0127276338025454,0.0132835897808713,6.906523873629,0.775059264248262
4,JFXD,15,FEF-L,RT_Upright_anti_L,0.341529230563964,0.383132753383742,0.724661983947706,0.00845339529879231,0.00881850781742289,6.97769024817838,0.797818514447266
4,JFXD,16,POJ-L,RT_Upright_anti_L,0.72299539972162,0.441449686824416,1.16444508654604,0.0130096565089423,0.0136562933189741,6.91776939221768,0.797416565034824
4,JFXD,17,V1-R,RT_Upright_anti_L,0.193975045837025,0.302313401197202,0.496288447034227,0.00729738363319205,0.00768439909198136,7.00592169031326,0.833438077228408
4,JFXD,18,V3-R,RT_Upright_anti_L,0.13129945507281,0.821748826824156,0.953048281896966,0.00920235965797609,0.00966422317333439,6.97099234569765,0.817191283285694
4,JFXD,19,STS-R,RT_Upright_anti_L,0.245085787188984,1.00545181274157,1.25053759993056,0.0111080703273005,0.0116221820503914,6.94073290160943,0.805134763600782
4,JFXD,20,IPL-R,RT_Upright_anti_L,0.738407541918465,0.385668268036048,1.12407580995451,0.011236854319412,0.0118021605326418,6.93691622770362,0.807082418332593
4,JFXD,21,SPL-R,RT_Upright_anti_L,0.856857020118985,0.358140909651825,1.21499792977081,0.0125803714468178,0.01322163089454,6.92478307688724,0.806955567438884
4,JFXD,22,AG-R,RT_Upright_anti_L,0.563763124931484,0.527125457018628,1.09088858195011,0.0119246622681013,0.0125222220494762,6.93680591555628,0.807616624446818
4,JFXD,23,mIPS-R,RT_Upright_anti_L,0.7645776128533,0.41142104422785,1.17599865708115,0.011954728745399,0.0125639323526524,6.93343265363116,0.801894680893694
4,JFXD,24,VIP-R,RT_Upright_anti_L,0.916596288435124,0.574760710578288,1.49135699901341,0.0137456384189843,0.0143997385231207,6.89820223081173,0.777610529585207
4,JFXD,25,SPOC-R,RT_Upright_anti_L,0.35715758220204,0.477161640329393,0.834319222531432,0.00974570157864058,0.0102324025943963,6.96350200040266,0.811507304170619
4,JFXD,26,S1-R,RT_Upright_anti_L,0.683278854978391,0.979266941006839,1.66254579598523,0.0162719725579718,0.0170470703400528,6.87152437220231,0.787965509437293
4,JFXD,27,M1-R,RT_Upright_anti_L,0.55397799176579,0.712459021204768,1.26643701297056,0.0137358197064803,0.0144052811226021,6.91649287671759,0.802152461722208
4,JFXD,28,SMA-R,RT_Upright_anti_L,0.875376961713271,0.369290660815112,1.24466762252838,0.0131475533909482,0.0138395739783269,6.92122627972787,0.810608348878466
4,JFXD,29,PMd-R,RT_Upright_anti_L,0.43219467535279,0.658994797929495,1.09118947328228,0.012193962552716,0.0128010006529289,6.93442839002528,0.808806320688546
4,JFXD,30,PMv-R,RT_Upright_anti_L,0.177142884449635,0.884173808352515,1.06131669280215,0.0109429072292649,0.0114790773854078,6.95109802079305,0.817507027711523
4,JFXD,31,FEF-R,RT_Upright_anti_L,0.241805819751039,0.624334168974964,0.866139988726002,0.0101749656908147,0.0106848212419514,6.96406004282964,0.817946669824062
4,JFXD,32,POJ-R,RT_Upright_anti_L,0.807254585053395,0.574738667351124,1.38199325240452,0.0138241806543738,0.0145091930840944,6.90679013957881,0.788279012049623
5,JZ,1,V1-L,RT_Upright_anti_L,0.100966950183456,0.263650898960748,0.364617849144204,0.00418777855846848,0.00452654459623904,5.76708182774492,0.426701713506417
5,JZ,2,V3-L,RT_Upright_anti_L,0.113792297422605,0.250136375118667,0.363928672541272,0.00400368802159647,0.0043222803888116,5.77089184841279,0.425278579927576
5,JZ,3,STS-L,RT_Upright_anti_L,0.0707114912713495,0.228909558303331,0.29962104957468,0.0033192211898395,0.00357416989861865,5.78725867420498,0.421880452433288
5,JZ,4,IPL-L,RT_Upright_anti_L,0.424785616756677,0.465898642394423,0.8906842591511,0.00705878180734055,0.00763575959126192,5.69880019456029,0.394163565608855
5,JZ,5,SPL-L,RT_Upright_anti_L,0.604595878207524,0.183334670579321,0.787930548786845,0.00650935677655604,0.00703565776102306,5.71236261071965,0.411646843591075
5,JZ,6,AG-L,RT_Upright_anti_L,0.31523747073422,0.237270801483151,0.552508272217371,0.0053974510136549,0.00580965420918345,5.7398067087995,0.415638037565674
5,JZ,7,mIPS-L,RT_Upright_anti_L,0.558424169229592,0.140196740596281,0.698620909825873,0.00595857966582759,0.00642374439662843,5.72547970477236,0.414145457997316
5,JZ,8,VIP-L,RT_Upright_anti_L,0.491347674073033,0.185132741734398,0.676480415807431,0.00522273313107773,0.00562265957919687,5.73925550743317,0.408147142052603
5,JZ,9,SPOC-L,RT_Upright_anti_L,0.236548439594918,0.22367959391948,0.460228033514398,0.00486923981646799,0.00524940123771275,5.74791232115867,0.412092376246102
5,JZ,10,S1-L,RT_Upright_anti_L,0.24283390068288,0.730087974306992,0.972921874989872,0.00637872050748704,0.00683182159596202,5.70721961732666,0.400412855668467
5,JZ,11,M1-L,RT_Upright_anti_L,0.153670645233257,0.928635573454071,1.08230621868733,0.00723423460936043,0.00780946069779,5.6941249816711,0.399712295405655
5,JZ,12,SMA-L,RT_Upright_anti_L,0.374921395427889,0.21687850889461,0.591799904322499,0.00572036361995361,0.0061655170911641,5.72805835158705,0.410308517187909
5,JZ,13,PMd-L,RT_Upright_anti_L,0.44509371874272,0.599143593776931,1.04423731251965,0.0078440864189669,0.0083718150907954,5.67695872415563,0.375634330392524
5,JZ,14,PMv-L,RT_Upright_anti_L,0.114086870952382,0.258986882362753,0.373073753315135,0.00416051782403033,0.00448140754494672,5.76954507385002,0.424068357187595
5,JZ,15,FEF-L,RT_Upright_anti_L,0.161369827365399,0.271219870442526,0.432589697807926,0.00487003475909353,0.00526650704844874,5.75375208088739,0.424843679455861
5,JZ,16,POJ-L,RT_Upright_anti_L,0.131597893448382,0.325587077685625,0.457184971134008,0.00483289429381287,0.00521231649645451,5.75541980941171,0.423624996286749
5,JZ,17,V1-R,RT_Upright_anti_L,0.0649215181357576,0.17872967718993,0.243651195325687,0.00323005616463805,0.00347027699886394,5.79427480246754,0.429984766012331
5,JZ,18,V3-R,RT_Upright_anti_L,0.152808706427376,0.131749831990157,0.284558538417533,0.0037249656496387,0.00401955272716535,5.78086954068597,0.428801533349835
5,JZ,19,STS-R,RT_Upright_anti_L,0.113361383845614,0.133301822118036,0.24666320596365,0.00313993776677501,0.003379857762329,5.79388433184138,0.429164205759129
5,JZ,20,IPL-R,RT_Upright_anti_L,0.420150272531468,0.21487997406219,0.635030246593658,0.00623771909952154,0.00674283937618778,5.71980374840741,0.41719486642584
5,JZ,21,SPL-R,RT_Upright_anti_L,0.156101217745853,0.321147579334351,0.477248797080204,0.00440073188789215,0.00471118020978249,5.7587788407211,0.413433371898924
5,JZ,22,AG-R,RT_Upright_anti_L,0.212797955291164,0.138927639612821,0.351725594903985,0.00448718249072516,0.00486549402413542,5.76113118452914,0.427563057009097
5,JZ,23,mIPS-R,RT_Upright_anti_L,0.483406121474809,0.257058296236782,0.740464417711591,0.00651363329351066,0.00700654698786619,5.70771253222165,0.400478860493464
5,JZ,24,VIP-R,RT_Upright_anti_L,0.46301050260777,0.175612024191465,0.638622526799235,0.005867045145981,0.00632777494991395,5.73009131767718,0.415677212310366
5,JZ,25,SPOC-R,RT_Upright_anti_L,0.259813719985107,0.148636210031745,0.408449930016852,0.00439882374863365,0.00475112008023391,5.76183907450833,0.421923371499234
5,JZ,26,S1-R,RT_Upright_anti_L,0.173291368778978,0.144484689091659,0.317776057870636,0.00369638191933798,0.00398119797064153,5.7778109223755,0.422012163729305
5,JZ,27,M1-R,RT_Upright_anti_L,0.124278103372376,0.280613063286128,0.404891166658503,0.00429760669202484,0.0046146038202059,5.76584043115653,0.421572122602751
5,JZ,28,SMA-R,RT_Upright_anti_L,0.498751960609382,0.284337568929326,0.783089529538708,0.00707617450311348,0.00763317673295885,5.70400930130737,0.40341745246651
5,JZ,29,PMd-R,RT_Upright_anti_L,0.405569497205679,0.224464435943611,0.63003393314929,0.00593182460985583,0.00636226784574156,5.72656738949546,0.412450624327106
5,JZ,30,PMv-R,RT_Upright_anti_L,0.0636795448115129,0.150185099563176,0.213864644374689,0.00291195588705925,0.00313535534446942,5.80133101250845,0.429288379376359
5,JZ,31,FEF-R,RT_Upright_anti_L,0.190781773552189,0.229126195213949,0.419907968766138,0.00458454656453395,0.00492888561764855,5.75789154255601,0.422607211423125
5,JZ,32,POJ-R,RT_Upright_anti_L,0.362163967294529,0.162868242187213,0.525032209481742,0.00501549273044166,0.00543893181190471,5.74443438117484,0.418471767019269
6,LT,1,V1-L,RT_Upright_anti_L,0.247733468049583,0.512120146125363,0.759853614174946,0.00754665203699393,0.00802384009338888,6.2953494296769,0.607480646914052
6,LT,2,V3-L,RT_Upright_anti_L,0.12809827749499,0.320635721448418,0.448733998943408,0.00537043294684577,0.00573933124479658,6.33612177685914,0.620737901129956
6,LT,3,STS-L,RT_Upright_anti_L,0.058901171422525,0.396966266784623,0.455867438207148,0.00485674318435983,0.0051960738393761,6.34758993233678,0.620369605376024
6,LT,4,IPL-L,RT_Upright_anti_L,0.984227036404681,0.498310082849022,1.4825371192537,0.00925144179993155,0.00988782173276224,6.24033894822693,0.58053874469958
6,LT,5,SPL-L,RT_Upright_anti_L,0.431544319641507,0.458081373720303,0.88962569336181,0.00821424116279045,0.0087745323465651,6.27669542608863,0.599743842114542
6,LT,6,AG-L,RT_Upright_anti_L,0.379341440794218,0.369114682720895,0.748456123515114,0.00767155248623461,0.00817997541876466,6.28767056935805,0.608065875779446
6,LT,7,mIPS-L,RT_Upright_anti_L,0.52662887269016,0.314219645731158,0.840848518421318,0.00763550915694138,0.00812464528534461,6.28163079184432,0.599569092368255
6,LT,8,VIP-L,RT_Upright_anti_L,0.78777828211566,0.520612492213639,1.3083907743293,0.00925679559957301,0.00988573939208185,6.24877145115749,0.584496739009031
6,LT,9,SPOC-L,RT_Upright_anti_L,0.483820482310153,0.523352234289659,1.00717271659981,0.00891400705932887,0.00950870494626484,6.26254699024844,0.594718052798246
6,LT,10,S1-L,RT_Upright_anti_L,0.617915117464945,0.618949450510862,1.23686456797581,0.00781122692554944,0.00836435273783248,6.27341705884442,0.587008581191305
6,LT,11,M1-L,RT_Upright_anti_L,0.740056234406709,0.588193027631674,1.32824926203838,0.00862087269319451,0.00929033567237243,6.25053700372178,0.579643018235152
6,LT,12,SMA-L,RT_Upright_anti_L,0.314505086191332,0.886901332352279,1.20140641854361,0.00973362155940244,0.0104702343680044,6.24202086870081,0.591005801012881
6,LT,13,PMd-L,RT_Upright_anti_L,0.251626875561849,0.446292825326636,0.697919700888485,0.00747219667502328,0.00799943723529149,6.29560864842759,0.607367639364923
6,LT,14,PMv-L,RT_Upright_anti_L,0.126292705356558,0.35263166178718,0.478924367143738,0.00537435609172689,0.00573217805442585,6.33539487824057,0.617893885488181
6,LT,15,FEF-L,RT_Upright_anti_L,0.376968851375258,0.591826608928379,0.968795460303637,0.00888020603599231,0.00944091789491056,6.2657343179644,0.596399647862286
6,LT,16,POJ-L,RT_Upright_anti_L,0.860294880724478,0.264479224439082,1.12477410516356,0.00875220331899502,0.00932323909011263,6.26190708964023,0.591893423475302
6,LT,17,V1-R,RT_Upright_anti_L,0.117292628058196,0.412041605151692,0.529334233209888,0.00517806113580751,0.00549917794657871,6.33816215088499,0.616543700841617
6,LT,18,V3-R,RT_Upright_anti_L,0.114315494483078,0.48649911442113,0.600814608904208,0.00570131780079564,0.00606979201814205,6.3229974451193,0.612621247447155
6,LT,19,STS-R,RT_Upright_anti_L,0.142648847660905,0.281349393055204,0.423998240716109,0.00518963742151345,0.00552499737201982,6.33742869815537,0.614702736178289
6,LT,20,IPL-R,RT_Upright_anti_L,0.64748276185857,0.564808914098073,1.21229167595664,0.0104804215068772,0.0111618830049195,6.23986036557618,0.594289825586451
6,LT,21,SPL-R,RT_Upright_anti_L,0.695697552467397,0.313754702166902,1.0094522546343,0.00946232795587037,0.0100884723884299,6.26332233623405,0.59985579086868
6,LT,22,AG-R,RT_Upright_anti_L,0.50046304029385,0.159458671114747,0.659921711408597,0.00707225015372529,0.00752115677179636,6.30551429898847,0.609693893033174
6,LT,23,mIPS-R,RT_Upright_anti_L,0.738211533003834,0.196951147255238,0.935162680259072,0.00890984833918942,0.00948726910683544,6.2725361731961,0.603201740049179
6,LT,24,VIP-R,RT_Upright_anti_L,0.925914157824102,0.530350775413226,1.45626493323733,0.0125713735764931,0.0134222731122674,6.20652823582368,0.578478938567181
6,LT,25,SPOC-R,RT_Upright_anti_L,0.345658351380625,0.242406784553135,0.588065135933759,0.00715199355263705,0.00762844084194143,6.30364168276487,0.616842368390058
6,LT,26,S1-R,RT_Upright_anti_L,0.297610428855839,0.520038650422189,0.817649079278028,0.0083892775220187,0.00897198194291082,6.28269245421877,0.604843598054434
6,LT,27,M1-R,RT_Upright_anti_L,0.253677325233247,0.35074586344067,0.604423188673917,0.00693793701368399,0.00746131748039619,6.30506842704616,0.614736931681332
6,LT,28,SMA-R,RT_Upright_anti_L,0.304687104294198,0.457561741167349,0.762248845461547,0.00790823723212898,0.00843937283618739,6.28413379230502,0.606136019514538
6,LT,29,PMd-R,RT_Upright_anti_L,0.109200534837597,0.206930686728521,0.316131221566119,0.00430444747168901,0.00460717605745328,6.35626467793661,0.621042239195011
6,LT,30,PMv-R,RT_Upright_anti_L,0.0930750932951443,0.229183022131773,0.322258115426917,0.00456113580382176,0.00486487295588984,6.35372413653566,0.625406982611952
6,LT,31,FEF-R,RT_Upright_anti_L,0.138066443682784,0.440810903988929,0.578877347671713,0.00632209679744091,0.00677008276598999,6.31942914119284,0.614339441862225
6,LT,32,POJ-R,RT_Upright_anti_L,0.529857850483453,0.214013497749476,0.743871348232929,0.00848451732163716,0.00910885252136445,6.27991575042338,0.607657698920818
7,NvA,1,V1-L,RT_Upright_anti_L,0.0478250466159241,0.241742916197247,0.289567962813171,0.00313341923740697,0.0034222487214413,5.80915743417055,0.496948843668063
7,NvA,2,V3-L,RT_Upright_anti_L,0.0762666204621223,0.200679843614329,0.276946464076452,0.00362290052396569,0.00397299001341195,5.79717232785925,0.498527304131003
7,NvA,3,STS-L,RT_Upright_anti_L,0.0716630276839511,0.261906732899721,0.333569760583672,0.00344971908244378,0.0037554700244376,5.7995723130796,0.491998030191016
7,NvA,4,IPL-L,RT_Upright_anti_L,0.914439802007129,0.507947823934266,1.4223876259414,0.00813927940517594,0.00881831140757804,5.67080947559079,0.431488932358358
7,NvA,5,SPL-L,RT_Upright_anti_L,0.34477960587678,0.377095190718808,0.721874796595587,0.00641589556734369,0.00695814450432937,5.72838099200656,0.466803305279253
7,NvA,6,AG-L,RT_Upright_anti_L,0.251559323413323,0.17918882125464,0.430748144667963,0.0046498001819794,0.005084462249919,5.77003726189103,0.485691646795179
7,NvA,7,mIPS-L,RT_Upright_anti_L,0.448846630057336,0.135788691526609,0.584635321583945,0.00500259024307256,0.00544554527891442,5.75746509136716,0.478554420801352
7,NvA,8,VIP-L,RT_Upright_anti_L,0.384293559990329,0.240262578190228,0.624556138180557,0.0053672859371159,0.00583077467106512,5.75133891655239,0.478379699249626
7,NvA,9,SPOC-L,RT_Upright_anti_L,0.245288863823343,0.235397197208154,0.480686061031497,0.005126123327636,0.00561113867065007,5.75842298995628,0.489586425457876
7,NvA,10,S1-L,RT_Upright_anti_L,0.439373943740282,0.554023090851411,0.993397034591693,0.00656340717235191,0.00712500838895886,5.71888372275294,0.464738805648709
7,NvA,11,M1-L,RT_Upright_anti_L,0.200363505987695,0.613710405756703,0.814073911744398,0.0060946650205377,0.00662268749527804,5.73208215442589,0.46872787381322
7,NvA,12,SMA-L,RT_Upright_anti_L,0.149643714760733,0.413188378116724,0.562832092877457,0.00483665734371273,0.00527785832996706,5.76375230763568,0.479622302629751
7,NvA,13,PMd-L,RT_Upright_anti_L,0.31636895142923,0.260838914975835,0.577207866405065,0.00567307891983861,0.00619529070628427,5.74700359444124,0.481883612545393
7,NvA,14,PMv-L,RT_Upright_anti_L,0.0873527240478498,0.128578613364037,0.215931337411887,0.00294366503428321,0.00322227010976643,5.81558007533988,0.497757124990842
7,NvA,15,FEF-L,RT_Upright_anti_L,0.245740468188395,0.257480426393968,0.503220894582363,0.00506288115451991,0.00551891522097048,5.76119128305974,0.484993632852409
7,NvA,16,POJ-L,RT_Upright_anti_L,0.247350388285528,0.167994962836685,0.415345351122213,0.00450648051517176,0.00491194273340845,5.77491606283859,0.48836419732287
7,NvA,17,V1-R,RT_Upright_anti_L,0.0613453982926938,0.162229254735263,0.223574653027956,0.00265818188014456,0.00289244216330642,5.82141902322755,0.497738212405332
7,NvA,18,V3-R,RT_Upright_anti_L,0.138919326761527,0.180641291091888,0.319560617853414,0.0036096425046013,0.00393217712210932,5.79303082044765,0.49088033040454
7,NvA,19,STS-R,RT_Upright_anti_L,0.132730502521718,0.236820800251719,0.369551302773437,0.00352745000588258,0.00386375878209007,5.79301496175308,0.490002370566729
7,NvA,20,IPL-R,RT_Upright_anti_L,0.556138393415357,0.281832655849205,0.837971049264563,0.00652310670697243,0.00715658013286415,5.72150949441612,0.470166492162978
7,NvA,21,SPL-R,RT_Upright_anti_L,0.341654114873459,0.280001651526847,0.621655766400306,0.00480545922975976,0.00523022387659951,5.75536083640752,0.466556913003358
7,NvA,22,AG-R,RT_Upright_anti_L,0.252903756541901,0.344252158178761,0.597155914720662,0.00587993325098226,0.00640984141617108,5.74180573219784,0.476933158369875
7,NvA,23,mIPS-R,RT_Upright_anti_L,0.447362673751426,0.27243669938663,0.719799373138057,0.00657577663298485,0.00717287373817852,5.7297290607232,0.473356478422665
7,NvA,24,VIP-R,RT_Upright_anti_L,0.578568865481008,0.329425686068679,0.907994551549687,0.00671619186210479,0.00735401840942031,5.7143632706701,0.461785339883105
7,NvA,25,SPOC-R,RT_Upright_anti_L,0.189055327311638,0.421196526757596,0.610251854069233,0.00494080214786383,0.00535537151430248,5.75902520908857,0.481506354677878
7,NvA,26,S1-R,RT_Upright_anti_L,0.217479257589576,0.190692574948745,0.408171832538321,0.00422574960418535,0.00459212240405767,5.77854973342539,0.482062889440551
7,NvA,27,M1-R,RT_Upright_anti_L,0.391860528622753,0.160569176863052,0.552429705485805,0.00549756685399272,0.00600983012544087,5.75509608949424,0.484935617822381
7,NvA,28,SMA-R,RT_Upright_anti_L,0.17078730267304,0.533228965276523,0.704016267949563,0.00534577284283249,0.00580471375188952,5.74730188938429,0.467073936780154
7,NvA,29,PMd-R,RT_Upright_anti_L,0.294275745142315,0.261702774369302,0.555978519511617,0.0052292156974455,0.00569249714496712,5.75648548515378,0.482802642462478
7,NvA,30,PMv-R,RT_Upright_anti_L,0.0894812369752784,0.183025774032889,0.272507011008167,0.00334281515436614,0.00364126361941662,5.80464780362476,0.4963825394693
7,NvA,31,FEF-R,RT_Upright_anti_L,0.292973285026935,0.319873897409027,0.612847182435962,0.00526641067584727,0.00571488644609639,5.74947869153892,0.476492815674544
7,NvA,32,POJ-R,RT_Upright_anti_L,0.558484917299821,0.251422334064906,0.809907251364727,0.00669096368062875,0.00729141068844039,5.72114135870431,0.460618652303462
8,RR,1,V1-L,RT_Upright_anti_L,0.152750910142344,0.197244755139914,0.349995665282258,0.0042384317205872,0.00461242051895128,5.96830809732823,0.526426318340341
8,RR,2,V3-L,RT_Upright_anti_L,0.0622692298992616,0.150656632081214,0.212925861980475,0.00279102530395899,0.00303927802093275,6.00217463719717,0.531463342103958
8,RR,3,STS-L,RT_Upright_anti_L,0.129751391800869,0.185265019843422,0.315016411644292,0.00408397648196397,0.00445003494178324,5.97712537648435,0.529610421352359
8,RR,4,IPL-L,RT_Upright_anti_L,0.633042044734657,0.353774157344081,0.986816202078737,0.00796736748124737,0.00865144183046151,5.88614639092718,0.498596910112935
8,RR,5,SPL-L,RT_Upright_anti_L,0.537158930794964,0.345488912680341,0.882647843475305,0.0078495187369225,0.00849562886376015,5.89148255224593,0.507802771621735
8,RR,6,AG-L,RT_Upright_anti_L,0.270847627251368,0.276486694722557,0.547334321973925,0.00572822808026831,0.00622734470209443,5.93667099386067,0.51978115140053
8,RR,7,mIPS-L,RT_Upright_anti_L,0.6040732522,0.260861801932668,0.864935054132668,0.00805883035525136,0.00876369703972064,5.89243635431541,0.508745955922483
8,RR,8,VIP-L,RT_Upright_anti_L,0.360945830447303,0.339395334189061,0.700341164636364,0.00606740423555018,0.00658835476072303,5.92647344044263,0.509477618435391
8,RR,9,SPOC-L,RT_Upright_anti_L,0.604949063479584,0.283115306846436,0.88806437032602,0.00760266566404831,0.00828633768484715,5.89341291778049,0.502906809121458
8,RR,10,S1-L,RT_Upright_anti_L,0.301879075448766,0.589017408291868,0.890896483740635,0.00708663734091402,0.00766807764644573,5.90568135054069,0.506675725846895
8,RR,11,M1-L,RT_Upright_anti_L,0.263470368711018,0.497542003469084,0.761012372180102,0.00682501305986434,0.00737254251203549,5.91355021723403,0.50860497304902
8,RR,12,SMA-L,RT_Upright_anti_L,0.448947378485606,0.253113308211764,0.70206068669737,0.006641564885587,0.00721396798200357,5.92067747540862,0.512739952757881
8,RR,13,PMd-L,RT_Upright_anti_L,0.29666634656518,0.216739296278291,0.513405642843471,0.00572426495010973,0.00622859450500507,5.93958031135677,0.51735786290165
8,RR,14,PMv-L,RT_Upright_anti_L,0.0719750039870617,0.403324227804553,0.475299231791615,0.00441983901298077,0.00474947238332933,5.96687938927122,0.524514431805177
8,RR,15,FEF-L,RT_Upright_anti_L,0.193236070277455,0.312457413131823,0.505693483409278,0.00537078242716091,0.00584148451545557,5.9447492771383,0.525877027704008
8,RR,16,POJ-L,RT_Upright_anti_L,0.537474198747784,0.291947763498191,0.829421962245975,0.00741966111288387,0.00809489672220441,5.89841388203587,0.510305805746621
8,RR,17,V1-R,RT_Upright_anti_L,0.10479642848831,0.193925087904627,0.298721516392937,0.0039935233568137,0.00435800418819019,5.97707776199085,0.534643183826128
8,RR,18,V3-R,RT_Upright_anti_L,0.151542690856955,0.155676924348289,0.307219615205245,0.00404698090839368,0.00440141170472482,5.97403964250318,0.530137315559393
8,RR,19,STS-R,RT_Upright_anti_L,0.0931739658634717,0.28130828994269,0.374482255806161,0.00421706672224952,0.00459592526139131,5.97087636341581,0.528898465630904
8,RR,20,IPL-R,RT_Upright_anti_L,0.231499971216078,0.223101631727554,0.454601602943632,0.00499009088817166,0.00543536630346654,5.95193397779732,0.524505145781862
8,RR,21,SPL-R,RT_Upright_anti_L,0.311957030216226,0.42180387417248,0.733760904388706,0.00612808797935306,0.00666401347172547,5.91808574042414,0.505018664383625
8,RR,22,AG-R,RT_Upright_anti_L,0.171040478062323,0.373146927206348,0.544187405268671,0.00558360092337257,0.00606825557925926,5.93788243409824,0.521846125419557
8,RR,23,mIPS-R,RT_Upright_anti_L,0.482978078168898,0.301300751159352,0.784278829328251,0.00708537818223585,0.00770065847041538,5.90623605680056,0.502082213552334
8,RR,24,VIP-R,RT_Upright_anti_L,0.310983612772016,0.448403662978004,0.759387275750019,0.0059120557343032,0.00641317255067718,5.91730727263501,0.502358878368049
8,RR,25,SPOC-R,RT_Upright_anti_L,0.324467771554925,0.230151265321398,0.554619036876323,0.00560008253259211,0.00612245275753071,5.93170924371071,0.522272795807895
8,RR,26,S1-R,RT_Upright_anti_L,0.224471720366346,0.174327216156012,0.398798936522358,0.00492752317222167,0.00533734444399044,5.95845352434373,0.528180878809576
8,RR,27,M1-R,RT_Upright_anti_L,0.125417751536969,0.63648222670423,0.761899978241199,0.00625840604767901,0.00676700711404425,5.92460083322305,0.516496157110068
8,RR,28,SMA-R,RT_Upright_anti_L,0.611068292642159,0.405510967008705,1.01657925965086,0.00845225209033878,0.00915330478108727,5.87736377558021,0.491707809966222
8,RR,29,PMd-R,RT_Upright_anti_L,0.495953683992414,0.347942676179878,0.843896360172292,0.00759451778412471,0.00824970010648161,5.89699519536625,0.500287438095402
8,RR,30,PMv-R,RT_Upright_anti_L,0.17835133760958,0.179281187002181,0.357632524611761,0.00415208712506593,0.00452088895119273,5.96932661351854,0.525507642536316
8,RR,31,FEF-R,RT_Upright_anti_L,0.215172914279033,0.172364248627292,0.387537162906325,0.00471404613569965,0.0051003151875029,5.96128899284399,0.5251030124689
8,RR,32,POJ-R,RT_Upright_anti_L,0.469040885755738,0.470196364450354,0.939237250206092,0.00727530328718634,0.00789275441585956,5.88450958914385,0.48077108188351
9,SJB,1,V1-L,RT_Upright_anti_L,0.184187756660317,0.658902566632014,0.843090323292331,0.00719486603854035,0.00771745160920163,6.13086129318904,0.569080996620934
9,SJB,2,V3-L,RT_Upright_anti_L,0.225525770757471,0.293337472972116,0.518863243729588,0.00595187446131475,0.006394621323221,6.16545049642917,0.584219504026292
9,SJB,3,STS-L,RT_Upright_anti_L,0.0970969284514856,0.134314042049504,0.23141097050099,0.00343192464180767,0.00370031139146471,6.21679313792977,0.599665710193997
9,SJB,4,IPL-L,RT_Upright_anti_L,0.473600551529798,0.297502876621913,0.771103428151712,0.00725251290965723,0.00780719961826435,6.12666930428486,0.570187994806958
9,SJB,5,SPL-L,RT_Upright_anti_L,0.65751848984007,0.587881717786076,1.24540020762615,0.0106763714737572,0.0115076521641673,6.07573734271265,0.550706761679948
9,SJB,6,AG-L,RT_Upright_anti_L,0.374168363035089,0.53111028677593,0.905278649811019,0.0077492685469253,0.00834789254391234,6.11326232564416,0.566563797084675
9,SJB,7,mIPS-L,RT_Upright_anti_L,0.874626650317491,0.639215089509195,1.51384173982669,0.0124998826721225,0.0134262659282822,6.03947466217403,0.53060209029318
9,SJB,8,VIP-L,RT_Upright_anti_L,0.596109627578472,0.234054591146053,0.830164218724525,0.00776005443697982,0.00833087771047236,6.120705168123,0.573759716112716
9,SJB,9,SPOC-L,RT_Upright_anti_L,0.503851900558702,0.373052401209145,0.876904301767847,0.00857129668075578,0.0092122215156718,6.11627040614824,0.564834636366499
9,SJB,10,S1-L,RT_Upright_anti_L,0.31794167546987,0.286982223412099,0.604923898881969,0.00623136698658905,0.00665223535156519,6.15214756583177,0.576568132578697
9,SJB,11,M1-L,RT_Upright_anti_L,0.654565470324006,0.357540315564373,1.01210578588838,0.00936434656702424,0.010043108109,6.09633996454308,0.566142186669029
9,SJB,12,SMA-L,RT_Upright_anti_L,0.487311479673059,0.370133011520763,0.857444491193822,0.00830594790571979,0.00895229415413447,6.11458477419367,0.57267157820687
9,SJB,13,PMd-L,RT_Upright_anti_L,0.444264290195852,0.299671502256753,0.743935792452605,0.00687434487624776,0.00737176832749451,6.13129239117453,0.565899062318288
9,SJB,14,PMv-L,RT_Upright_anti_L,0.0609562170729932,0.191734766835202,0.252690983908195,0.00329975404648637,0.00354961736048902,6.22323875331974,0.594569982155656
9,SJB,15,FEF-L,RT_Upright_anti_L,0.16825747781122,0.365716975708659,0.533974453519879,0.00590016851924862,0.00635821238192736,6.16352087393085,0.583449065655386
9,SJB,16,POJ-L,RT_Upright_anti_L,0.649484191018594,0.211087760796462,0.860571951815056,0.00759995037019709,0.00817514042947953,6.12486915985499,0.564510427325291
9,SJB,17,V1-R,RT_Upright_anti_L,0.219280509714635,0.510615809521351,0.729896319235986,0.00725006481657434,0.0078182944683898,6.13413805531175,0.57917764611565
9,SJB,18,V3-R,RT_Upright_anti_L,0.14358976002346,0.296727761637086,0.440317521660546,0.0055471597832108,0.00598444691369838,6.17154338757678,0.587349079014871
9,SJB,19,STS-R,RT_Upright_anti_L,0.122094010606082,0.443581264602008,0.56567527520809,0.00590360108573492,0.00637357750976212,6.16156667039753,0.586057530207941
9,SJB,20,IPL-R,RT_Upright_anti_L,0.222957373764158,0.391092469482607,0.614049843246765,0.00630062895424313,0.00679793572972323,6.15448204620437,0.579589280881181
9,SJB,21,SPL-R,RT_Upright_anti_L,0.313055835954766,0.248947107023779,0.562002942978545,0.00619246002410102,0.0066832506282076,6.15498094157181,0.581623164826388
9,SJB,22,AG-R,RT_Upright_anti_L,0.24917435545743,0.449447600532332,0.698621955989762,0.00673280666142569,0.0071921003043795,6.14155872933818,0.574071794679855
9,SJB,23,mIPS-R,RT_Upright_anti_L,0.354570799777071,0.523623187449909,0.87819398722698,0.00802303088199167,0.00863229722981698,6.12024738396979,0.571269572205746
9,SJB,24,VIP-R,RT_Upright_anti_L,0.521004130502646,0.453133442994856,0.974137573497502,0.00836518856099801,0.0089741730446728,6.10369640246005,0.55294955286195
9,SJB,25,SPOC-R,RT_Upright_anti_L,0.439109963206144,0.418697635866833,0.857807599072977,0.00778220570852999,0.00835046106048179,6.12670316341483,0.56898390942384
9,SJB,26,S1-R,RT_Upright_anti_L,0.143471227585776,0.275792569022674,0.41926379660845,0.00416995630357506,0.00447156476908537,6.19048639611221,0.582767964092715
9,SJB,27,M1-R,RT_Upright_anti_L,0.246076048893384,0.371917559620167,0.617993608513551,0.00682513493486989,0.00732380283880791,6.14478104020679,0.57969922283277
9,SJB,28,SMA-R,RT_Upright_anti_L,0.523598925129087,0.345654082411746,0.869253007540833,0.00885194996115919,0.00955821688258243,6.10765696244694,0.570928707478366
9,SJB,29,PMd-R,RT_Upright_anti_L,0.250526625720135,0.235811292714533,0.486337918434668,0.00633219719126021,0.00681336177939588,6.15872830281716,0.586100669067357
9,SJB,30,PMv-R,RT_Upright_anti_L,0.0780440351345684,0.258461932435311,0.33650596756988,0.00434040329903676,0.00467562423858031,6.19372859921593,0.595412926300696
9,SJB,31,FEF-R,RT_Upright_anti_L,0.135464068664533,0.191340716535174,0.326804785199707,0.00446034302644285,0.00481128149388774,6.19292771515683,0.594966856897242
9,SJB,32,POJ-R,RT_Upright_anti_L,0.742414484985193,0.226816962766935,0.969231447752129,0.00812837582887241,0.00869485420686197,6.11829548749849,0.565508645150535
10,BG,1,V1-L,RT_Upright_anti_L,0.117260865948596,0.165525216034246,0.282786081982842,0.00372266645772488,0.00400022208245662,5.78717724618489,0.437950013257706
10,BG,2,V3-L,RT_Upright_anti_L,0.107101387389842,0.142416304123774,0.249517691513616,0.00335609017518085,0.00361342784319859,5.79581652871168,0.439859870278716
10,BG,3,STS-L,RT_Upright_anti_L,0.0724987825350471,0.200563611126405,0.273062393661452,0.00329335583464652,0.00354097809428055,5.79647045221131,0.441315982558195
10,BG,4,IPL-L,RT_Upright_anti_L,0.167949193567196,0.313832813244696,0.481782006811892,0.00483494368272409,0.00518427322614014,5.75490867581091,0.42747901420357
10,BG,5,SPL-L,RT_Upright_anti_L,0.329694730693436,0.332902251492979,0.662596982186415,0.00664866239183757,0.0071694598047531,5.72419380015912,0.426310594313279
10,BG,6,AG-L,RT_Upright_anti_L,0.206017794698488,0.314874435506314,0.520892230204802,0.00600837058228008,0.00649237266992951,5.7351993552551,0.429724963642475
10,BG,7,mIPS-L,RT_Upright_anti_L,0.16598536479497,0.244076077739313,0.410061442534283,0.00473742486373435,0.00508930093264684,5.76218794682588,0.432736897790926
10,BG,8,VIP-L,RT_Upright_anti_L,0.148185071881736,0.242314503948117,0.390499575829852,0.00440368746259593,0.00475084945768761,5.77010009609775,0.434937537041937
10,BG,9,SPOC-L,RT_Upright_anti_L,0.222184277770481,0.330989133123895,0.553173410894376,0.00582540849623918,0.00625905390134415,5.74263512592508,0.427463514322389
10,BG,10,S1-L,RT_Upright_anti_L,0.396178655113594,0.213586793784842,0.609765448898436,0.00569723332496429,0.00615546378244782,5.73509276570645,0.422736839078475
10,BG,11,M1-L,RT_Upright_anti_L,0.416351415902661,0.277397557008927,0.693748972911588,0.00561934018776535,0.00602240402431958,5.73150459260956,0.416845883537846
10,BG,12,SMA-L,RT_Upright_anti_L,0.125623615568922,0.282692101942458,0.40831571751138,0.00412170744341346,0.00445687455210807,5.77031027527758,0.430574692476205
10,BG,13,PMd-L,RT_Upright_anti_L,0.209745758151778,0.379886961856589,0.589632720008366,0.0047668244648451,0.00511243386615775,5.74661395288262,0.421951111628739
10,BG,14,PMv-L,RT_Upright_anti_L,0.095886504159199,0.161665269278924,0.257551773438123,0.00321693248557962,0.00347245067478305,5.7980000591925,0.440819538689523
10,BG,15,FEF-L,RT_Upright_anti_L,0.15883409563409,0.210547392502608,0.369381488136698,0.00386739949902382,0.0041643484252233,5.78073040890673,0.43154662939294
10,BG,16,POJ-L,RT_Upright_anti_L,0.319992002956775,0.246519247505555,0.56651125046233,0.00571413723849032,0.00613739167447335,5.74145060381485,0.425637932843485
10,BG,17,V1-R,RT_Upright_anti_L,0.114073626578225,0.218828192098922,0.332901818677147,0.00380403297783343,0.00408483649318839,5.78140076743753,0.437061042210195
10,BG,18,V3-R,RT_Upright_anti_L,0.102656978343706,0.20825944890745,0.310916427251156,0.0037372448982735,0.0040266437638277,5.78565724130186,0.437207106298975
10,BG,19,STS-R,RT_Upright_anti_L,0.106916587345938,0.153108606253237,0.260025193599175,0.00341290616276827,0.00365629625689393,5.79710990201604,0.439073651497699
10,BG,20,IPL-R,RT_Upright_anti_L,0.559638204799241,0.268364778728938,0.828002983528179,0.00666448257443458,0.00714049633523888,5.71831566822307,0.415261879942122
10,BG,21,SPL-R,RT_Upright_anti_L,0.35057235212321,0.394468646341385,0.745040998464595,0.00691117620728403,0.00743531743705158,5.71718620924726,0.410311712072172
10,BG,22,AG-R,RT_Upright_anti_L,0.541609020384318,0.138052254015822,0.67966127440014,0.00540750699072607,0.00579149069249389,5.73893090602164,0.419301878535471
10,BG,23,mIPS-R,RT_Upright_anti_L,0.675562152467036,0.188374500845309,0.863936653312345,0.00713724147067677,0.00764926761358539,5.70706927980859,0.414787689845833
10,BG,24,VIP-R,RT_Upright_anti_L,0.678762938849769,0.353597422610177,1.03236036145995,0.00824960189231194,0.00888402255234765,5.68471997616189,0.403503916267439
10,BG,25,SPOC-R,RT_Upright_anti_L,0.353264922018954,0.273568286472077,0.626833208491031,0.00553007636069262,0.00590162423109042,5.74243697056276,0.416232170922031
10,BG,26,S1-R,RT_Upright_anti_L,0.316108057854592,0.414895211879918,0.73100326973451,0.0062148201793558,0.00668570056179802,5.72794779749675,0.415468262424653
10,BG,27,M1-R,RT_Upright_anti_L,0.281345253136293,0.578120755425189,0.859466008561481,0.00599181941658856,0.00640329958449081,5.72149625655992,0.408628466410385
10,BG,28,SMA-R,RT_Upright_anti_L,0.241204178668277,0.245319727453847,0.486523906122123,0.00478937950097785,0.00516295307649404,5.75246717336628,0.427338835349531
10,BG,29,PMd-R,RT_Upright_anti_L,0.301663971605749,0.239735847377829,0.541399818983578,0.00531448931213177,0.00573765684045457,5.74416040762339,0.421083293812931
10,BG,30,PMv-R,RT_Upright_anti_L,0.0753849711409338,0.278210438333265,0.353595409474198,0.00392387008994882,0.00423408946761388,5.78037516487287,0.436465200297571
10,BG,31,FEF-R,RT_Upright_anti_L,0.258450029320262,0.166840394947147,0.425290424267409,0.00417337365203057,0.00447643360353866,5.77040955668156,0.428593784330525
10,BG,32,POJ-R,RT_Upright_anti_L,0.415616020448588,0.452784599941752,0.86840062039034,0.0068839040972221,0.00735937823220518,5.70977791858993,0.407679649029606
1,DOC,1,V1-L,RT_Upright_anti_R,0.0902350793709909,0.357926853203474,0.448161932574465,0.00420095580547562,0.00455341726628347,6.11260519000173,0.582882787404868
1,DOC,2,V3-L,RT_Upright_anti_R,0.2180931725292,0.607828947964744,0.825922120493944,0.00676383741044341,0.00730140269090997,6.05467565113379,0.571161817027845
1,DOC,3,STS-L,RT_Upright_anti_R,0.0609551607215692,0.38834981291065,0.449304973632219,0.00384871015860814,0.0041565379838898,6.11487122897461,0.57966349158226
1,DOC,4,IPL-L,RT_Upright_anti_R,0.981949019527506,0.363406789218975,1.34535580874648,0.00774789487106154,0.0083996119558805,6.01448389182582,0.540422552523251
1,DOC,5,SPL-L,RT_Upright_anti_R,0.547571592162943,0.151630695727762,0.699202287890704,0.00640083927039219,0.00697153150882748,6.06487003499123,0.5731362354979
1,DOC,6,AG-L,RT_Upright_anti_R,0.313765713981755,0.105293790125483,0.419059504107238,0.00507122186553109,0.00551515686681002,6.0980531542807,0.585764296554004
1,DOC,7,mIPS-L,RT_Upright_anti_R,0.566762147163296,0.126661443569385,0.693423590732681,0.00661454391245598,0.00717980097658822,6.06346919377803,0.57491333744158
1,DOC,8,VIP-L,RT_Upright_anti_R,0.553350315865119,0.401365841080242,0.954716156945361,0.00664946799634575,0.00717351013605333,6.05394192912188,0.554791413154232
1,DOC,9,SPOC-L,RT_Upright_anti_R,0.560179609464631,0.360683017241194,0.920862626705825,0.00789781491841866,0.00853114582415938,6.03281614430572,0.562217065481614
1,DOC,10,S1-L,RT_Upright_anti_R,0.322539756502521,0.850315400873273,1.17285515737579,0.00728907434926819,0.00786324709367209,6.03289944059039,0.548886621346278
1,DOC,11,M1-L,RT_Upright_anti_R,0.309357687849638,0.875628495464061,1.1849861833137,0.00819790808992068,0.00881130482093348,6.01234477102487,0.536558202297356
1,DOC,12,SMA-L,RT_Upright_anti_R,0.31706592038846,0.279152365995846,0.596218286384306,0.00603441807674669,0.00653344830126363,6.06836246291036,0.570988487466584
1,DOC,13,PMd-L,RT_Upright_anti_R,0.258034377514754,0.454544049672944,0.712578427187698,0.00691121412169744,0.00749055204363707,6.05470229117509,0.566082064907232
1,DOC,14,PMv-L,RT_Upright_anti_R,0.102335803554591,0.188561345151054,0.290897148705646,0.00382680531942341,0.00416408040315368,6.11907354824547,0.588295474337128
1,DOC,15,FEF-L,RT_Upright_anti_R,0.192427964369653,0.597207142955111,0.789635107324764,0.00661560997196403,0.00715699947903669,6.05701570463765,0.564778727050748
1,DOC,16,POJ-L,RT_Upright_anti_R,0.186504917741573,0.16387033485897,0.350375252600542,0.00443826333893189,0.00481855052241518,6.10976759810853,0.587357663167714
1,DOC,17,V1-R,RT_Upright_anti_R,0.100291525307144,0.35920670827211,0.459498233579254,0.00432935151179741,0.00468279316257339,6.10451058941518,0.580792711156307
1,DOC,18,V3-R,RT_Upright_anti_R,0.218159533871865,0.349966533223772,0.568126067095637,0.00526534582140971,0.00569875254254181,6.08432701574266,0.578434574892673
1,DOC,19,STS-R,RT_Upright_anti_R,0.114379767661377,0.266920636405418,0.381300404066795,0.00452949934733488,0.00489393573305489,6.10694737435809,0.584504899118018
1,DOC,20,IPL-R,RT_Upright_anti_R,0.194968428183331,0.136182584097109,0.331151012280439,0.00435049811068292,0.00472716357749279,6.11039393502979,0.5901507953203
1,DOC,21,SPL-R,RT_Upright_anti_R,0.696445678510229,0.308736957004873,1.0051826355151,0.00822145779375123,0.0089256375190782,6.02267736602166,0.550307834071941
1,DOC,22,AG-R,RT_Upright_anti_R,0.759893621454937,0.173661198066407,0.933554819521344,0.00741059484633728,0.00804929912290982,6.04037915094403,0.566375572877019
1,DOC,23,mIPS-R,RT_Upright_anti_R,0.858190781586156,0.23761120379404,1.0958019853802,0.00840747183864722,0.00913674685514864,6.02301309277686,0.561295733410782
1,DOC,24,VIP-R,RT_Upright_anti_R,0.310499279063476,0.166104688600461,0.476603967663937,0.0054505714231198,0.00593112477573897,6.08715022190838,0.581313680360323
1,DOC,25,SPOC-R,RT_Upright_anti_R,0.55563604951063,0.608456077719655,1.16409212723029,0.00901642571132916,0.00972379951510355,6.00964479414891,0.549600809348884
1,DOC,26,S1-R,RT_Upright_anti_R,0.154459922830972,0.26505102717061,0.419510950001582,0.00488847821915581,0.00531114852194783,6.09456205004796,0.582677174035151
1,DOC,27,M1-R,RT_Upright_anti_R,0.323700611003552,0.272294247707677,0.595994858711229,0.0056160856212162,0.00608508015299581,6.07667787677174,0.568299943938723
1,DOC,28,SMA-R,RT_Upright_anti_R,0.476515248596345,0.291250799468931,0.767766048065276,0.0068284430711961,0.00737455172587581,6.04790398166733,0.554492840091368
1,DOC,29,PMd-R,RT_Upright_anti_R,0.44485278315834,0.4006502207505,0.84550300390884,0.00711155475241034,0.00774547028875314,6.03707014147678,0.548790663320555
1,DOC,30,PMv-R,RT_Upright_anti_R,0.0915030503491003,0.357086712721992,0.448589763071092,0.004600652816369,0.00497456799158214,6.10295440068603,0.580574866822152
1,DOC,31,FEF-R,RT_Upright_anti_R,0.181868830441862,0.78505836362337,0.966927194065232,0.00692518112107909,0.00749136883266561,6.04623324078962,0.553626051017859
1,DOC,32,POJ-R,RT_Upright_anti_R,0.615810440515526,0.427639506112956,1.04344994662848,0.0088602101167683,0.00961970062318722,6.01958056897286,0.562065374845274
2,GB,1,V1-L,RT_Upright_anti_R,0.139148873801345,0.170637432250785,0.30978630605213,0.00345309677799636,0.00381825943814404,5.67281353591204,0.448181906241417
2,GB,2,V3-L,RT_Upright_anti_R,0.206732173714369,0.347560645658901,0.55429281937327,0.00468571837246757,0.00513718580806211,5.63628034409462,0.433865917236053
2,GB,3,STS-L,RT_Upright_anti_R,0.102637584353698,0.115467700821202,0.2181052851749,0.00266007702365579,0.00292921028170676,5.69334823636399,0.452265624449772
2,GB,4,IPL-L,RT_Upright_anti_R,0.323330893070138,0.237777193803436,0.561108086873574,0.00505015880127137,0.00552156996134716,5.63185567659303,0.428704034645763
2,GB,5,SPL-L,RT_Upright_anti_R,0.286644725638646,0.392264651059314,0.67890937669796,0.00566101046260401,0.00623120216285411,5.61785187519292,0.432159094220868
2,GB,6,AG-L,RT_Upright_anti_R,0.224097544087538,0.408323014704602,0.63242055879214,0.00513639295005853,0.00562653412946322,5.63225107525819,0.432717045802523
2,GB,7,mIPS-L,RT_Upright_anti_R,0.525185129048513,0.253818188456966,0.779003317505478,0.00580599812657655,0.00635987777787432,5.6015498823381,0.415343880056405
2,GB,8,VIP-L,RT_Upright_anti_R,0.2406115234478,0.308479197448602,0.549090720896402,0.00513259137022432,0.0056627563059532,5.62859332708836,0.430084852019847
2,GB,9,SPOC-L,RT_Upright_anti_R,0.395888654543932,0.533338212844153,0.929226867388085,0.00618674271407939,0.00679499517579321,5.60015412508325,0.419838891072813
2,GB,10,S1-L,RT_Upright_anti_R,0.113406795936839,0.291364695484801,0.40477149142164,0.00392509515760677,0.00433026046812334,5.66039825309648,0.441734199142843
2,GB,11,M1-L,RT_Upright_anti_R,0.239469293778864,0.237417802621626,0.47688709640049,0.00468670631028321,0.00516508436970933,5.64102794041987,0.438949623045177
2,GB,12,SMA-L,RT_Upright_anti_R,0.421333015762666,0.255632761985777,0.676965777748443,0.00582916457994654,0.00641713140136584,5.61383908719475,0.43817774409034
2,GB,13,PMd-L,RT_Upright_anti_R,0.29635400683929,0.273631429318136,0.569985436157425,0.00545559570842353,0.00601359537351801,5.62468809953237,0.439825246511648
2,GB,14,PMv-L,RT_Upright_anti_R,0.10653590802997,0.11873689988381,0.225272807913781,0.00284948580514099,0.00313989378039099,5.69198558875941,0.450082164594648
2,GB,15,FEF-L,RT_Upright_anti_R,0.121917184907507,0.281488058740037,0.403405243647545,0.00392924028822078,0.00431215111291133,5.66075567528148,0.443115884603831
2,GB,16,POJ-L,RT_Upright_anti_R,0.809516447727868,0.310407650145438,1.11992409787331,0.00617484557270797,0.00676402302723112,5.58994552224534,0.410612757771635
2,GB,17,V1-R,RT_Upright_anti_R,0.0937808609396703,0.0763319171112385,0.170112778050909,0.00218941801157896,0.00240639012396606,5.70999127365344,0.451572450690062
2,GB,18,V3-R,RT_Upright_anti_R,0.0779699842416352,0.376070034590887,0.454040018832522,0.00371916664597086,0.00410661351861437,5.66223577179538,0.440573510106066
2,GB,19,STS-R,RT_Upright_anti_R,0.0757520071178691,0.153113099373086,0.228865106490955,0.00298278642150552,0.0032915648382232,5.68655621152089,0.453300752183855
2,GB,20,IPL-R,RT_Upright_anti_R,0.180372316509602,0.21146851206214,0.391840828571742,0.0043303805880564,0.00477191409608358,5.65055067805589,0.44788297455109
2,GB,21,SPL-R,RT_Upright_anti_R,0.18569838839842,0.34252272317722,0.52822111157564,0.0049257183156362,0.00539668329866459,5.63356802667417,0.436810263215573
2,GB,22,AG-R,RT_Upright_anti_R,0.240760218775217,0.12395934381187,0.364719562587087,0.00374226535990103,0.00411739710005986,5.66473022546203,0.446741762713502
2,GB,23,mIPS-R,RT_Upright_anti_R,0.307860142345522,0.163581955750067,0.471442098095589,0.00472429000186436,0.00519442250524199,5.63762664003377,0.441904716356971
2,GB,24,VIP-R,RT_Upright_anti_R,0.217419856908453,0.256458831943353,0.473878688851806,0.00469455548610072,0.0051528684008618,5.64368519798123,0.440162471171166
2,GB,25,SPOC-R,RT_Upright_anti_R,0.251488949791686,0.252188895382401,0.503677845174088,0.00448121436919017,0.00494056902610751,5.64191904038952,0.436292451591307
2,GB,26,S1-R,RT_Upright_anti_R,0.225245815737005,0.142143450792311,0.367389266529316,0.00430097235146702,0.00473873075281978,5.65418799913264,0.448436311030063
2,GB,27,M1-R,RT_Upright_anti_R,0.185199447633727,0.20043123022355,0.385630677857277,0.00415945095270512,0.00456746132069811,5.65317927777943,0.445249523471957
2,GB,28,SMA-R,RT_Upright_anti_R,0.594900504700904,0.20676956625202,0.801670070952924,0.00601179645496745,0.00661032971067903,5.59983948648133,0.426339648847647
2,GB,29,PMd-R,RT_Upright_anti_R,0.388808324110801,0.434066153325711,0.822874477436512,0.00567046227757501,0.00615422929878865,5.60246307226581,0.416240865057316
2,GB,30,PMv-R,RT_Upright_anti_R,0.0812498300855208,0.0939018032108594,0.17515163329638,0.00256989560988052,0.00283730665495845,5.70023552593798,0.455346569766502
2,GB,31,FEF-R,RT_Upright_anti_R,0.183682169271888,0.311591089773587,0.495273259045475,0.00421501793686341,0.00460741117084627,5.64667322900396,0.436562311806727
2,GB,32,POJ-R,RT_Upright_anti_R,0.382563365967736,0.344617795216755,0.727181161184491,0.00582656215960968,0.00640067699188265,5.60366075214176,0.414260378827597
3,JDC,1,V1-L,RT_Upright_anti_R,0.139932092307829,0.224543224580604,0.364475316888433,0.00442336511192399,0.00479246615072362,6.08531865962907,0.550097227103082
3,JDC,2,V3-L,RT_Upright_anti_R,0.192206731486883,0.290068915738068,0.482275647224952,0.00533473754832245,0.00576462658599925,6.06624401766707,0.543444064192596
3,JDC,3,STS-L,RT_Upright_anti_R,0.100238410930795,0.527287790567253,0.627526201498048,0.0052314010074526,0.00560478111681637,6.06521028845466,0.538087886794526
3,JDC,4,IPL-L,RT_Upright_anti_R,0.438521162610968,0.302987012832464,0.741508175443432,0.00715012360841053,0.00770655737946713,6.02502870196763,0.52010633669338
3,JDC,5,SPL-L,RT_Upright_anti_R,0.549574267402004,0.310630281507681,0.860204548909685,0.00776540773300381,0.0083727050210371,6.01264179560124,0.525318087285992
3,JDC,6,AG-L,RT_Upright_anti_R,0.172300037334263,0.310782315349029,0.483082352683292,0.00491153992521828,0.0052734017837958,6.07047914241039,0.538092217338332
3,JDC,7,mIPS-L,RT_Upright_anti_R,0.466059020001436,0.243565548164753,0.709624568166189,0.00666799393414776,0.00720128742180621,6.03696654886198,0.537126513368666
3,JDC,8,VIP-L,RT_Upright_anti_R,0.574614520825933,0.282556356436928,0.857170877262861,0.00796397360534246,0.00864349781589281,6.01251197797011,0.534703975301037
3,JDC,9,SPOC-L,RT_Upright_anti_R,0.407614577587632,0.486767572598397,0.894382150186029,0.00755191409298118,0.00807805692035362,6.01771785943959,0.517352549674389
3,JDC,10,S1-L,RT_Upright_anti_R,0.333515766041073,0.250501230955933,0.584016996997007,0.00671675640407206,0.00725550034032193,6.04069973735603,0.543999272858138
3,JDC,11,M1-L,RT_Upright_anti_R,0.308222912861313,0.239719254231235,0.547942167092547,0.00632444713166843,0.00682160341509687,6.04779027474111,0.54263283626947
3,JDC,12,SMA-L,RT_Upright_anti_R,0.648516028621351,0.333794064658631,0.982310093279982,0.00847149627367129,0.00913675806071978,6.00088339491971,0.520258180240222
3,JDC,13,PMd-L,RT_Upright_anti_R,0.200010357384822,0.456177849051157,0.65618820643598,0.00653144794876473,0.00700485035739686,6.03954129700726,0.53688672798857
3,JDC,14,PMv-L,RT_Upright_anti_R,0.0585396185276596,0.462323183866699,0.520862802394358,0.00424808742016656,0.00456506016962393,6.08503560744135,0.541916459455557
3,JDC,15,FEF-L,RT_Upright_anti_R,0.13852650013647,0.361295662205199,0.499822162341669,0.0049521524763654,0.00532434943371787,6.06924254281428,0.538605325134161
3,JDC,16,POJ-L,RT_Upright_anti_R,0.444401112105314,0.223401624557187,0.667802736662501,0.00635325270214058,0.00683481439597408,6.04165148166317,0.537254033605706
3,JDC,17,V1-R,RT_Upright_anti_R,0.12964306024471,0.293534924268796,0.423177984513506,0.00480076796008038,0.00516505970734001,6.07731150762709,0.547092490234342
3,JDC,18,V3-R,RT_Upright_anti_R,0.134157722970053,0.20203590416864,0.336193627138694,0.00439967789938417,0.00475146812471711,6.08820336540178,0.550805597990218
3,JDC,19,STS-R,RT_Upright_anti_R,0.117476623722351,0.246948314284068,0.364424938006419,0.00466334858712448,0.00500254367562075,6.08359270302253,0.547656299259345
3,JDC,20,IPL-R,RT_Upright_anti_R,0.661726699531281,0.389368881731895,1.05109558126318,0.00938729915748181,0.0101352888104123,5.98577800560607,0.520419389123021
3,JDC,21,SPL-R,RT_Upright_anti_R,0.431229065651706,0.442895440332251,0.874124505983957,0.00836139732267989,0.00899053072556145,6.008520582274,0.524087979489494
3,JDC,22,AG-R,RT_Upright_anti_R,0.216886629999301,0.450992921242035,0.667879551241336,0.00683833953992149,0.00734763482864426,6.03792975027724,0.537866446311149
3,JDC,23,mIPS-R,RT_Upright_anti_R,0.564545011622156,0.328330400731413,0.892875412353569,0.00829297584046847,0.00892348559230567,6.00829794133543,0.525907774056659
3,JDC,24,VIP-R,RT_Upright_anti_R,0.622043513819668,0.391474065410413,1.01351757923008,0.00944857262687269,0.0102296386407711,5.98909821313532,0.525284055999905
3,JDC,25,SPOC-R,RT_Upright_anti_R,0.201356475390995,0.699013408421479,0.900369883812474,0.00739254077326148,0.00792742024122473,6.02107263787848,0.526890519625089
3,JDC,26,S1-R,RT_Upright_anti_R,0.548065485566515,0.214914030300912,0.762979515867426,0.0069374476003418,0.00751906083624874,6.02936486048723,0.534383878870986
3,JDC,27,M1-R,RT_Upright_anti_R,0.342563880437277,0.360794246394979,0.703358126832256,0.00633023673338003,0.00678600172400482,6.04459481884265,0.531577780833312
3,JDC,28,SMA-R,RT_Upright_anti_R,0.531553875019297,0.416859603766677,0.948413478785974,0.00847208940393772,0.00914819401806003,5.99968154219019,0.517663571791123
3,JDC,29,PMd-R,RT_Upright_anti_R,0.451884657068391,0.272698190639637,0.724582847708028,0.00684332133764315,0.00738449297444155,6.03025510933423,0.529510425915767
3,JDC,30,PMv-R,RT_Upright_anti_R,0.0813493090029311,0.157987466530357,0.239336775533288,0.00349660702946642,0.0037703260147152,6.1092750179174,0.556818098472922
3,JDC,31,FEF-R,RT_Upright_anti_R,0.134182270049762,0.193972464456339,0.328154734506102,0.00438678318090002,0.00470303154757468,6.08740057008811,0.550888747347651
3,JDC,32,POJ-R,RT_Upright_anti_R,0.367381186481874,0.340616432762903,0.707997619244777,0.00668563083777443,0.00716272002836353,6.03964297690487,0.533726564149322
4,JFXD,1,V1-L,RT_Upright_anti_R,0.225737322573756,0.498347032475568,0.724084355049323,0.00895733479768059,0.00942938203683308,7.0021259540032,0.806908129358794
4,JFXD,2,V3-L,RT_Upright_anti_R,0.227134038591228,0.597816438888399,0.824950477479626,0.00977447118193088,0.0102775962286541,6.99078342071056,0.798891866305214
4,JFXD,3,STS-L,RT_Upright_anti_R,0.184479532924925,0.493665884589334,0.67814541751426,0.00774492754942221,0.00807348098681523,7.01811643420223,0.804119633793337
4,JFXD,4,IPL-L,RT_Upright_anti_R,0.944141498679648,0.424209561700822,1.36835106038047,0.0144622468079294,0.015202588841454,6.92660815662135,0.781271151395985
4,JFXD,5,SPL-L,RT_Upright_anti_R,0.925185194725937,0.519612979158909,1.44479817388485,0.0149852503574698,0.0157485433161147,6.91453381322835,0.767686947688938
4,JFXD,6,AG-L,RT_Upright_anti_R,0.456431432203427,0.442973205466423,0.899404637669851,0.0108782839242869,0.0114108067096708,6.97757592143885,0.796677094442639
4,JFXD,7,mIPS-L,RT_Upright_anti_R,0.828560634442229,0.436192670477623,1.26475330491985,0.0144774138620726,0.0152384343853911,6.93159613179403,0.791296391008969
4,JFXD,8,VIP-L,RT_Upright_anti_R,0.711911511241379,0.400030680230615,1.11194219147199,0.012182828837637,0.0127836799790312,6.95390549455492,0.790221730804235
4,JFXD,9,SPOC-L,RT_Upright_anti_R,0.479912692574108,0.661204096933569,1.14111678950768,0.0126527227518762,0.0132775306963686,6.95502507652464,0.791960685938925
4,JFXD,10,S1-L,RT_Upright_anti_R,0.633123023110671,0.449334298048609,1.08245732115928,0.0124573352374978,0.0130704412837984,6.95569519371105,0.791133952908623
4,JFXD,11,M1-L,RT_Upright_anti_R,0.925782943310073,0.388232111486722,1.3140150547968,0.0121256422558324,0.0126548838730243,6.94104715205838,0.775596633285658
4,JFXD,12,SMA-L,RT_Upright_anti_R,0.960666265953168,0.410745050876029,1.3714113168292,0.0130113033014127,0.0136722870330098,6.93889254875017,0.784746596004644
4,JFXD,13,PMd-L,RT_Upright_anti_R,0.830321849857866,0.382733622820353,1.21305547267822,0.0123065719663952,0.0129378306249077,6.94820454414078,0.783723289190541
4,JFXD,14,PMv-L,RT_Upright_anti_R,0.398240882774963,0.678880719020656,1.07712160179562,0.0108114020361299,0.0113147164382842,6.96592890130129,0.77546377154304
4,JFXD,15,FEF-L,RT_Upright_anti_R,0.367720425778701,0.51111818029874,0.87883860607744,0.00962059814470349,0.0100935140815145,6.98775326043563,0.786775812726818
4,JFXD,16,POJ-L,RT_Upright_anti_R,0.681045856780402,0.300813886831473,0.981859743611875,0.0116082233204129,0.0121991550588852,6.96424139612499,0.794385493504037
4,JFXD,17,V1-R,RT_Upright_anti_R,0.164084469633463,0.457823163011316,0.621907632644779,0.00746314367071629,0.00781689973433126,7.02474231551139,0.808811211958507
4,JFXD,18,V3-R,RT_Upright_anti_R,0.12945759253463,0.471741706895731,0.601199299430361,0.00745749480122822,0.00782353096528932,7.02632708535768,0.8112719884426
4,JFXD,19,STS-R,RT_Upright_anti_R,0.173487688305847,1.11588914780597,1.28937683611182,0.0115905278920232,0.0121522550694207,6.9573044642157,0.785514629154717
4,JFXD,20,IPL-R,RT_Upright_anti_R,0.741230345856405,0.78616276628629,1.5273931121427,0.0152860302548521,0.0160448568416444,6.9124927077673,0.772056392291505
4,JFXD,21,SPL-R,RT_Upright_anti_R,0.931493805742598,0.445814415324146,1.37730822106674,0.0128955407535908,0.0135040800757052,6.93952240409514,0.780718968813512
4,JFXD,22,AG-R,RT_Upright_anti_R,0.406511446951019,0.607221172281276,1.01373261923229,0.0118387498516283,0.0123739647382838,6.96287665803093,0.79398362157007
4,JFXD,23,mIPS-R,RT_Upright_anti_R,0.762433197512531,0.593490086869015,1.35592328438155,0.0139394715797266,0.0146006740179664,6.92901244557782,0.778055542456576
4,JFXD,24,VIP-R,RT_Upright_anti_R,0.7560196923276,0.81020790697343,1.56622759930103,0.0148609242267291,0.0155902327071925,6.91394576998999,0.770593768589265
4,JFXD,25,SPOC-R,RT_Upright_anti_R,0.411853501217672,0.300674040906728,0.7125275421244,0.00980020569358947,0.0102779165976051,6.99409264473512,0.803946377184991
4,JFXD,26,S1-R,RT_Upright_anti_R,0.595692877648704,0.820692050929836,1.41638492857854,0.0152935903868119,0.0160611685792592,6.91698439497565,0.773696747081418
4,JFXD,27,M1-R,RT_Upright_anti_R,0.384456517921728,0.683137777576033,1.06759429549776,0.0122604553632746,0.0128480152622435,6.95911066710281,0.792331516569119
4,JFXD,28,SMA-R,RT_Upright_anti_R,0.859228425896279,0.453853874450408,1.31308230034669,0.0130678995689537,0.0137376413209213,6.94093594078581,0.787454927177122
4,JFXD,29,PMd-R,RT_Upright_anti_R,0.591392928197169,0.895678271589155,1.48707119978632,0.0143640609153485,0.0150849374685766,6.92209254197665,0.768909427149113
4,JFXD,30,PMv-R,RT_Upright_anti_R,0.20656071040068,0.774497386362786,0.981058096763466,0.0107467115748986,0.0112908356693281,6.97845506579803,0.792605710623871
4,JFXD,31,FEF-R,RT_Upright_anti_R,0.370272708332609,0.580750275155791,0.951022983488401,0.0101136506471867,0.0105724995127474,6.98103341293304,0.79303859176896
4,JFXD,32,POJ-R,RT_Upright_anti_R,0.75319762082336,0.624224173103017,1.37742179392638,0.0145925591458612,0.0153351180325265,6.92545001979405,0.773365083401986
5,JZ,1,V1-L,RT_Upright_anti_R,0.121598161848141,0.221445958347698,0.343044120195839,0.00420188650703981,0.00456060051188248,5.63491654719355,0.389440335240605
5,JZ,2,V3-L,RT_Upright_anti_R,0.12934320845126,0.281015817926022,0.410359026377282,0.00408710749244984,0.00441856973393397,5.63434781823186,0.385292000925477
5,JZ,3,STS-L,RT_Upright_anti_R,0.0890557555689123,0.224146488056757,0.31320224362567,0.00333058632824985,0.00361186729371079,5.65192482374319,0.386555820169344
5,JZ,4,IPL-L,RT_Upright_anti_R,0.461442709624703,0.361769965618763,0.823212675243466,0.00638852494118805,0.00686976005481405,5.57614878638557,0.354604385495266
5,JZ,5,SPL-L,RT_Upright_anti_R,0.41185967011408,0.260874880743389,0.672734550857469,0.00620921829092927,0.00674179991455836,5.58415959798506,0.373402847184584
5,JZ,6,AG-L,RT_Upright_anti_R,0.210076191156908,0.259644417581853,0.46972060873876,0.00486846346535148,0.00525804559022583,5.617798426351,0.378288984352521
5,JZ,7,mIPS-L,RT_Upright_anti_R,0.370514561570931,0.172012905863945,0.542527467434877,0.00508765468440354,0.0055027752520162,5.61089407100094,0.377837862879677
5,JZ,8,VIP-L,RT_Upright_anti_R,0.48833862288145,0.255746557740893,0.744085180622343,0.00551915444908707,0.00593727728399696,5.59160349109803,0.361307627709108
5,JZ,9,SPOC-L,RT_Upright_anti_R,0.294533677174635,0.170468262754582,0.465001939929217,0.00473394164745579,0.00513999598834541,5.61899079359216,0.38212125468672
5,JZ,10,S1-L,RT_Upright_anti_R,0.255975762779073,0.529215095046491,0.785190857825564,0.00568786567561127,0.00609448589177942,5.59165701247738,0.362980386077116
5,JZ,11,M1-L,RT_Upright_anti_R,0.129280881116333,0.740966837593386,0.87024771870972,0.00600828072552373,0.00648280755434315,5.58240127320232,0.36606870484719
5,JZ,12,SMA-L,RT_Upright_anti_R,0.444686107251347,0.295975453056188,0.740661560307534,0.006212417448325,0.0067198655611843,5.58279733098692,0.369727409560706
5,JZ,13,PMd-L,RT_Upright_anti_R,0.279112558997552,0.322176925493488,0.60128948449104,0.0053907463017283,0.00583177033202806,5.60217729965305,0.376922243809636
5,JZ,14,PMv-L,RT_Upright_anti_R,0.0774608061226674,0.0959129552047881,0.173373761327455,0.00233543341269596,0.00251840952586675,5.68435587193781,0.39509631017027
5,JZ,15,FEF-L,RT_Upright_anti_R,0.0952694364985255,0.151301775951789,0.246571212450314,0.0031910571425013,0.00345483495251386,5.66155022229615,0.391152150263098
5,JZ,16,POJ-L,RT_Upright_anti_R,0.191139250770069,0.145666148744669,0.336805399514739,0.00383288143221163,0.00413573697135342,5.64235442533772,0.38740978487675
5,JZ,17,V1-R,RT_Upright_anti_R,0.0907542683497211,0.145169040020821,0.235923308370542,0.00281056178302153,0.00302771699998792,5.67068919936766,0.389738402406693
5,JZ,18,V3-R,RT_Upright_anti_R,0.175792832812919,0.195937796214255,0.371730629027174,0.00418983176615031,0.00453889654995599,5.63395022763332,0.388405123983841
5,JZ,19,STS-R,RT_Upright_anti_R,0.116868184829229,0.196155723020029,0.313023907849258,0.00355728400318125,0.00384769491197339,5.64885709608039,0.388457792317821
5,JZ,20,IPL-R,RT_Upright_anti_R,0.232468992692201,0.193195627096463,0.425664619788664,0.00473962213782117,0.00513071823257876,5.62027630362698,0.385486306878727
5,JZ,21,SPL-R,RT_Upright_anti_R,0.194265063001294,0.267042273152524,0.461307336153818,0.00460401584957908,0.00497004469575172,5.62056580189823,0.376868882410034
5,JZ,22,AG-R,RT_Upright_anti_R,0.252722407008182,0.21946908571116,0.472191492719342,0.00501384840813713,0.0054336132261933,5.6143022168846,0.381475272797424
5,JZ,23,mIPS-R,RT_Upright_anti_R,0.358037596912315,0.196513790179691,0.554551387092006,0.0047743979842431,0.0051665843953225,5.60836005270956,0.367737501623608
5,JZ,24,VIP-R,RT_Upright_anti_R,0.347294027883799,0.164452178031522,0.511746205915321,0.00526584984881412,0.00571021743354082,5.60836438063272,0.383193406172802
5,JZ,25,SPOC-R,RT_Upright_anti_R,0.196714906271935,0.183412228963172,0.380127135235107,0.00383411585534324,0.00413916551636611,5.64139456803686,0.383319946864967
5,JZ,26,S1-R,RT_Upright_anti_R,0.173822335942633,0.237823641417076,0.411645977359709,0.00413613558989139,0.00446614412073709,5.63015776351012,0.384151413392641
5,JZ,27,M1-R,RT_Upright_anti_R,0.105234069989465,0.228557679237398,0.333791749226863,0.00359585023982373,0.00388830948536383,5.64689408625123,0.387187394697946
5,JZ,28,SMA-R,RT_Upright_anti_R,0.408707800008749,0.230645949002388,0.639353749011137,0.00573200421522962,0.00619295346337415,5.59630219117051,0.37493294278147
5,JZ,29,PMd-R,RT_Upright_anti_R,0.285869024538109,0.196719315909723,0.482588340447832,0.00470568903295104,0.00509473271992984,5.61923863451479,0.379195972798159
5,JZ,30,PMv-R,RT_Upright_anti_R,0.0957346671323333,0.181529258975844,0.277263926108177,0.00336519295984621,0.00363234989912637,5.6550467135279,0.390041807700123
5,JZ,31,FEF-R,RT_Upright_anti_R,0.174372083980027,0.163105470372724,0.337477554352752,0.00372656667621747,0.00402013128805544,5.64496334830473,0.385531808567247
5,JZ,32,POJ-R,RT_Upright_anti_R,0.365394175882205,0.135670296132213,0.501064472014418,0.00492496868076927,0.00534407959668649,5.61386415089205,0.380267288983209
6,LT,1,V1-L,RT_Upright_anti_R,0.0987560133287797,0.280063352411994,0.378819365740774,0.00429496253927214,0.00460199362926265,6.24971615672256,0.570088922790365
6,LT,2,V3-L,RT_Upright_anti_R,0.13834780656606,0.394238313699821,0.532586120265881,0.00611569345505274,0.00654958789753752,6.21565366591211,0.567859974440852
6,LT,3,STS-L,RT_Upright_anti_R,0.0593590694393962,0.439540866096325,0.498899935535721,0.00431974479130969,0.00461164217383565,6.24421675470664,0.568209474047115
6,LT,4,IPL-L,RT_Upright_anti_R,0.966125019450371,0.262372594054236,1.22849761350461,0.00934375099678079,0.0099707464268496,6.1452529922979,0.543260405425496
6,LT,5,SPL-L,RT_Upright_anti_R,0.415867854324586,0.326337396766014,0.7422052510906,0.00779716211346258,0.00832981404286947,6.18015265890712,0.553422531350515
6,LT,6,AG-L,RT_Upright_anti_R,0.364714686849469,0.233068881855103,0.597783568704572,0.0066414972324011,0.00711638511215534,6.20572812039172,0.564193690504341
6,LT,7,mIPS-L,RT_Upright_anti_R,0.416814989096744,0.441689401717282,0.858504390814026,0.00855769344956251,0.00917316304128729,6.16696776723366,0.552194716555416
6,LT,8,VIP-L,RT_Upright_anti_R,0.718847342049364,0.306614147823913,1.02546148987328,0.00875859543844064,0.00937217365446993,6.16146479019408,0.548866333220071
6,LT,9,SPOC-L,RT_Upright_anti_R,0.589399872967502,0.30367677863514,0.893076651602642,0.00767658677171435,0.00824361134835541,6.17426229392004,0.550171808269959
6,LT,10,S1-L,RT_Upright_anti_R,0.62425361767219,0.333257632232486,0.957511249904676,0.00825818219512154,0.00881197561413027,6.16789628195205,0.549768965309379
6,LT,11,M1-L,RT_Upright_anti_R,0.684647716029318,0.503578691875379,1.1882264079047,0.00897615005476265,0.00959122601346479,6.15043758096531,0.53922019146119
6,LT,12,SMA-L,RT_Upright_anti_R,0.305235935615283,0.507919806006521,0.813155741621804,0.00791628032185569,0.00844671034976975,6.18175894494713,0.553846961386967
6,LT,13,PMd-L,RT_Upright_anti_R,0.225271522624356,0.668459756924249,0.893731279548606,0.00672921130643705,0.00714488811777398,6.19142550329325,0.550160714990925
6,LT,14,PMv-L,RT_Upright_anti_R,0.0920407598958586,0.446995318086642,0.5390360779825,0.00552166680524816,0.00591179811715459,6.22545359099248,0.566983417810909
6,LT,15,FEF-L,RT_Upright_anti_R,0.304571208411299,0.219629516048106,0.524200724459405,0.00589843041588274,0.00627791351158949,6.21837881198824,0.558885819279413
6,LT,16,POJ-L,RT_Upright_anti_R,0.805847040465374,0.243914767626347,1.04976180809172,0.00842155095096701,0.00899787884644775,6.15758693857065,0.540153820341565
6,LT,17,V1-R,RT_Upright_anti_R,0.119736843303832,0.590501491354378,0.71023833465821,0.00641345248573275,0.00685025371296039,6.20527737761199,0.56094499578746
6,LT,18,V3-R,RT_Upright_anti_R,0.117517868918151,0.362452612365191,0.479970481283342,0.00530464075784858,0.00566319285340971,6.2292506347952,0.569250572838805
6,LT,19,STS-R,RT_Upright_anti_R,0.093007316105505,0.629371864908646,0.722379181014151,0.00599253955926464,0.00640155400927263,6.21215219377846,0.563379688773546
6,LT,20,IPL-R,RT_Upright_anti_R,0.607134201637474,0.296660440675531,0.903794642313006,0.00824020388665166,0.00881249892561251,6.17041016223434,0.549168247539184
6,LT,21,SPL-R,RT_Upright_anti_R,0.625394188158369,0.290115661460272,0.915509849618641,0.00849012419113069,0.00909204126847914,6.16652114247137,0.550415126766852
6,LT,22,AG-R,RT_Upright_anti_R,0.318183733144806,0.225532798318258,0.543716531463064,0.00645896980905683,0.00689693288199057,6.20971010555927,0.566549606297932
6,LT,23,mIPS-R,RT_Upright_anti_R,0.570669085458945,0.296012194001152,0.866681279460097,0.00834192658651991,0.00892521410348365,6.17075494351559,0.553090062544883
6,LT,24,VIP-R,RT_Upright_anti_R,0.806304651042331,0.296294139031319,1.10259879007365,0.00911461681985227,0.00971926239441812,6.14976872240929,0.540568375643935
6,LT,25,SPOC-R,RT_Upright_anti_R,0.360212393079491,0.414046297565482,0.774258690644973,0.00776770327452761,0.00829569573682275,6.17946985087431,0.550434764632085
6,LT,26,S1-R,RT_Upright_anti_R,0.298454372581894,0.406791080990277,0.705245453572171,0.00676407022797721,0.00722348458062868,6.19874392146301,0.554140987664469
6,LT,27,M1-R,RT_Upright_anti_R,0.333477636292816,0.38538718569538,0.718864821988196,0.00763677616290227,0.00818801275902758,6.18497215765048,0.557811236879697
6,LT,28,SMA-R,RT_Upright_anti_R,0.337405824395056,0.322472087687156,0.659877912082213,0.00725029633532472,0.00773602374179436,6.1894580156107,0.554043301490391
6,LT,29,PMd-R,RT_Upright_anti_R,0.108645136790936,0.402063092000618,0.510708228791554,0.00566285505176614,0.0060601380094482,6.22179279817437,0.565343834954944
6,LT,30,PMv-R,RT_Upright_anti_R,0.103287059547895,0.331234806596125,0.43452186614402,0.00460556742780533,0.00491980661498947,6.24194104484364,0.566762483222311
6,LT,31,FEF-R,RT_Upright_anti_R,0.156053905938943,0.644268832141729,0.800322738080672,0.00745856580498505,0.00794490081136133,6.18833598372876,0.559446161943849
6,LT,32,POJ-R,RT_Upright_anti_R,0.448322071031747,0.409344935563065,0.857667006594812,0.00799150445596922,0.00853523127070786,6.17499758813509,0.552000981924791
7,NvA,1,V1-L,RT_Upright_anti_R,0.0620290065601978,0.253548291264738,0.315577297824935,0.00337470571519188,0.00364549886674371,5.79013802128582,0.464941004183385
7,NvA,2,V3-L,RT_Upright_anti_R,0.103431245277937,0.188330277219457,0.291761522497394,0.0034707766127861,0.0037626623014469,5.78890445304421,0.463808594396135
7,NvA,3,STS-L,RT_Upright_anti_R,0.0898650159509326,0.172473044286798,0.26233806023773,0.00337036528251173,0.00363314748528338,5.78979832752524,0.467513287628793
7,NvA,4,IPL-L,RT_Upright_anti_R,0.661037082180954,0.280783331433026,0.94182041361398,0.00721592678121849,0.00782113100256688,5.6930199676084,0.43927421618364
7,NvA,5,SPL-L,RT_Upright_anti_R,0.283183162184265,0.476728337272,0.759911499456265,0.0063839797521237,0.00688380200941916,5.70682413426215,0.434150403554574
7,NvA,6,AG-L,RT_Upright_anti_R,0.206144488521772,0.134439397051891,0.340583885573664,0.00403075750403045,0.00438098802561606,5.77243673183442,0.461020778643743
7,NvA,7,mIPS-L,RT_Upright_anti_R,0.336211849923131,0.222582984762416,0.558794834685547,0.00539215487633554,0.00583049239956228,5.73730295188929,0.453217997612444
7,NvA,8,VIP-L,RT_Upright_anti_R,0.351719690986052,0.321856552290849,0.673576243276901,0.00568406087906434,0.00612219402570065,5.72646057437213,0.440877095966547
7,NvA,9,SPOC-L,RT_Upright_anti_R,0.279573299125371,0.317958783439404,0.597532082564775,0.00559063230821545,0.00607832843137434,5.73509830379318,0.447484351688573
7,NvA,10,S1-L,RT_Upright_anti_R,0.339087895101205,0.314818197579434,0.653906092680638,0.00565328486046456,0.00610125683466324,5.73266165526882,0.448898012783779
7,NvA,11,M1-L,RT_Upright_anti_R,0.155543883113536,0.477633707780514,0.63317759089405,0.00547187753035039,0.00591234895013791,5.73807491994777,0.451496857424833
7,NvA,12,SMA-L,RT_Upright_anti_R,0.0994045694589233,0.349609597761594,0.449014167220517,0.00423445787353043,0.0045637603236238,5.76621357619176,0.458651186663168
7,NvA,13,PMd-L,RT_Upright_anti_R,0.318747562269411,0.299109424080355,0.617856986349766,0.00578151503646491,0.0062697614354979,5.73040257500989,0.449171307075845
7,NvA,14,PMv-L,RT_Upright_anti_R,0.0841737337591167,0.127420555015191,0.211594288774307,0.00309050373898486,0.00336231187291464,5.79813045673542,0.470747591238302
7,NvA,15,FEF-L,RT_Upright_anti_R,0.18129362587966,0.249471479161426,0.430765105041086,0.00459572867251581,0.0049649914171481,5.76031701640659,0.459370497677739
7,NvA,16,POJ-L,RT_Upright_anti_R,0.334459664075792,0.180093193227323,0.514552857303116,0.00502633265951216,0.00546203720539632,5.74726157839224,0.452630254394219
7,NvA,17,V1-R,RT_Upright_anti_R,0.0743150388177305,0.151127778787226,0.225442817604957,0.0029396528162182,0.00320246762298429,5.80171283315489,0.468846448596917
7,NvA,18,V3-R,RT_Upright_anti_R,0.124657891448377,0.197964565138655,0.322622456587032,0.00352640059031455,0.00384707584428355,5.77733874147129,0.465216238516812
7,NvA,19,STS-R,RT_Upright_anti_R,0.153237521075498,0.209224842064974,0.362462363140472,0.00353683974294328,0.00384002015296303,5.77882655522091,0.459834610276837
7,NvA,20,IPL-R,RT_Upright_anti_R,0.648914714331755,0.38356774070132,1.03248245503308,0.00740479944638552,0.00801853920852764,5.68360996901876,0.424946696923823
7,NvA,21,SPL-R,RT_Upright_anti_R,0.397836783445802,0.241081262652794,0.638918046098596,0.00539493095315806,0.00582223780457624,5.73282606420903,0.433745164969143
7,NvA,22,AG-R,RT_Upright_anti_R,0.208173344644993,0.345238780193713,0.553412124838706,0.00474961969681022,0.00512357772547889,5.74966422787691,0.446909550262699
7,NvA,23,mIPS-R,RT_Upright_anti_R,0.38041797190199,0.211574681545121,0.591992653447111,0.00574550552863824,0.0062195633898625,5.72991751268419,0.44420492128815
7,NvA,24,VIP-R,RT_Upright_anti_R,0.47686621116808,0.432643191773146,0.909509402941226,0.00736738880479419,0.008009534266428,5.69456496969481,0.442939361590274
7,NvA,25,SPOC-R,RT_Upright_anti_R,0.28154114238367,0.354748442013632,0.636289584397302,0.00565944099112805,0.00613893453592407,5.73274582974437,0.450391204801086
7,NvA,26,S1-R,RT_Upright_anti_R,0.235620520963689,0.238014687898086,0.473635208861775,0.00521180918658882,0.00566603843029739,5.74396510682659,0.454383576132435
7,NvA,27,M1-R,RT_Upright_anti_R,0.44415603939814,0.284256952195306,0.728412991593447,0.00634362319564338,0.00686316746464162,5.71759615732985,0.442156241083742
7,NvA,28,SMA-R,RT_Upright_anti_R,0.194470679995591,0.247210687526395,0.441681367521987,0.00467292541978799,0.00503615404668198,5.75806486848926,0.457607938915809
7,NvA,29,PMd-R,RT_Upright_anti_R,0.383273328899208,0.269886035090685,0.653159363989893,0.00610481026802554,0.00660504363829013,5.72583198284874,0.451712144482877
7,NvA,30,PMv-R,RT_Upright_anti_R,0.0663891377974399,0.211897698481643,0.278286836279083,0.00308726410271749,0.00335721189735438,5.79635735248153,0.465002285377597
7,NvA,31,FEF-R,RT_Upright_anti_R,0.283239809037218,0.328346036752166,0.611585845789384,0.0054739549268137,0.00589791051599764,5.73946354371444,0.449972367046165
7,NvA,32,POJ-R,RT_Upright_anti_R,0.458470210129277,0.22384558336544,0.682315793494716,0.00617866989647655,0.00671714075485765,5.72111864979771,0.441318361727766
8,RR,1,V1-L,RT_Upright_anti_R,0.225893297212764,0.221268620411475,0.447161917624239,0.00534706910491517,0.00580072658313666,5.91118967175592,0.496378795926757
8,RR,2,V3-L,RT_Upright_anti_R,0.136480763836694,0.420082322664816,0.55656308650151,0.00554540953279468,0.00600546692733028,5.90326027133451,0.490816706924124
8,RR,3,STS-L,RT_Upright_anti_R,0.11201876138649,0.145228598782335,0.257247360168825,0.00338009335951375,0.00365088252575822,5.95513188541891,0.506248480278793
8,RR,4,IPL-L,RT_Upright_anti_R,0.594036934964098,0.172657948912264,0.766694883876363,0.00587643949886125,0.00635801173351707,5.88736440197326,0.483454011939697
8,RR,5,SPL-L,RT_Upright_anti_R,0.709240885218278,0.356977057107942,1.06621794232622,0.00788473035004613,0.00858763870212639,5.8442259057884,0.463785408171454
8,RR,6,AG-L,RT_Upright_anti_R,0.244889601161983,0.21393337673446,0.458822977896443,0.00493660415754328,0.0053417017581809,5.91398652879035,0.489572373463656
8,RR,7,mIPS-L,RT_Upright_anti_R,0.697774775005727,0.192548852373052,0.890323627378779,0.0079326458164481,0.00860291510647407,5.85533091127687,0.480268366916433
8,RR,8,VIP-L,RT_Upright_anti_R,0.392209016465833,0.174868294186857,0.567077310652689,0.00518154276806366,0.00558744348701016,5.90969692123518,0.485148472092628
8,RR,9,SPOC-L,RT_Upright_anti_R,0.585725681744618,0.250648310447732,0.83637399219235,0.00677149958581917,0.00734379224525402,5.87432755580345,0.482434665745543
8,RR,10,S1-L,RT_Upright_anti_R,0.229902042450136,0.713468993811005,0.943371036261141,0.00633104107708071,0.00684128797836565,5.87083520330161,0.47552931838159
8,RR,11,M1-L,RT_Upright_anti_R,0.384941784050856,0.548590176554364,0.933531960605219,0.00745995545215919,0.00803841996695489,5.85408815832231,0.470669525678088
8,RR,12,SMA-L,RT_Upright_anti_R,0.403354518032066,0.342448148477127,0.745802666509193,0.00733482571047617,0.00795477058807731,5.86610870855427,0.477476028385044
8,RR,13,PMd-L,RT_Upright_anti_R,0.391401596575507,0.409340477455247,0.800742074030754,0.00750266078139984,0.00808794371021362,5.86134498133075,0.469621435817496
8,RR,14,PMv-L,RT_Upright_anti_R,0.0920916132083716,0.247746181257656,0.339837794466027,0.00398952871644298,0.00431995907478076,5.93961936602179,0.501042110676529
8,RR,15,FEF-L,RT_Upright_anti_R,0.212364352762969,0.234461924270358,0.446826277033328,0.00516604708677727,0.00561691560434467,5.9092925392668,0.495170468822803
8,RR,16,POJ-L,RT_Upright_anti_R,0.49029050730606,0.205189256924333,0.695479764230393,0.00579111492203286,0.00623679229550491,5.88999260345466,0.478293601947951
8,RR,17,V1-R,RT_Upright_anti_R,0.217490818492392,0.47461656377634,0.692107382268732,0.0070540675899066,0.00765879111818687,5.87652265936912,0.490203009205302
8,RR,18,V3-R,RT_Upright_anti_R,0.110572814493712,0.168895378972302,0.279468193466014,0.00367537479010238,0.00400072514878513,5.94703524760722,0.502576389764901
8,RR,19,STS-R,RT_Upright_anti_R,0.146965403267659,0.200362525821962,0.34732792908962,0.00419140640094413,0.00452428320633192,5.93476499028361,0.498308168691798
8,RR,20,IPL-R,RT_Upright_anti_R,0.247157431582792,0.257770380394173,0.504927811976965,0.00542918946972674,0.00590578007587906,5.90517325430797,0.495563148104379
8,RR,21,SPL-R,RT_Upright_anti_R,0.26228730937062,0.569233527761425,0.831520837132045,0.00708416524141425,0.00763206216885824,5.86607720937242,0.475291975575735
8,RR,22,AG-R,RT_Upright_anti_R,0.188250230458618,0.245282175224149,0.433532405682767,0.00416799651622393,0.00446569153850606,5.93185747197828,0.489676798640481
8,RR,23,mIPS-R,RT_Upright_anti_R,0.172763261872645,0.377688739559161,0.550452001431806,0.00561794258918,0.00610953695453409,5.8977663086003,0.493730020889793
8,RR,24,VIP-R,RT_Upright_anti_R,0.201862765530971,0.311464180377742,0.513326945908712,0.00542210879607283,0.00586693248205158,5.90432587667531,0.49331494965796
8,RR,25,SPOC-R,RT_Upright_anti_R,0.446658810033304,0.405342502760865,0.852001312794169,0.00766795859507568,0.00834429089606462,5.85646438660844,0.472042934531499
8,RR,26,S1-R,RT_Upright_anti_R,0.243599973159845,0.205153846609389,0.448753819769234,0.00495144955329339,0.00534306734930882,5.91969859416311,0.490988795710285
8,RR,27,M1-R,RT_Upright_anti_R,0.0690098331957023,0.343785682676755,0.412795515872457,0.00418076546139874,0.0045122481998638,5.93511184266478,0.497320178942727
8,RR,28,SMA-R,RT_Upright_anti_R,0.301875418071463,0.247759317004627,0.54963473507609,0.00578355381318247,0.00624299668894351,5.89573996521725,0.49061294859959
8,RR,29,PMd-R,RT_Upright_anti_R,0.375465128745476,0.288444209861966,0.663909338607441,0.00605175150345748,0.00652382956388276,5.88529366199166,0.480744072315902
8,RR,30,PMv-R,RT_Upright_anti_R,0.0734282119031407,0.253079465716634,0.326507677619774,0.00397156576672126,0.00429837503269263,5.94140451951809,0.503557936784455
8,RR,31,FEF-R,RT_Upright_anti_R,0.245731402935526,0.210424983213625,0.456156386149151,0.00465872741241433,0.0050247606283804,5.91800839446089,0.490687715075983
8,RR,32,POJ-R,RT_Upright_anti_R,0.474399315725473,0.271372240119648,0.745771555845121,0.00664422139574583,0.00717033097434192,5.87815372292742,0.480505886841081
9,SJB,1,V1-L,RT_Upright_anti_R,0.205575088013214,0.34241629840719,0.547991386420404,0.00586513562655352,0.00631952326330005,6.12789340834583,0.572949280089946
9,SJB,2,V3-L,RT_Upright_anti_R,0.192344018961398,0.305156405053149,0.497500424014547,0.00543490506991119,0.00587504881731583,6.13614112721766,0.576077358579234
9,SJB,3,STS-L,RT_Upright_anti_R,0.131698306714784,0.20481836410837,0.336516670823154,0.00454297791569912,0.00489980221900904,6.158588349898,0.585239248003937
9,SJB,4,IPL-L,RT_Upright_anti_R,0.492504550071067,0.372260854404534,0.864765404475601,0.0080234058510471,0.00861755666061177,6.0845819460144,0.558682682521282
9,SJB,5,SPL-L,RT_Upright_anti_R,0.581117641292582,0.715620822377138,1.29673846366972,0.00965918780731392,0.010314810382184,6.04924626299083,0.544014667450601
9,SJB,6,AG-L,RT_Upright_anti_R,0.547858407316866,0.572989258088074,1.12084766540494,0.0098726297045422,0.0106446055355558,6.05248885892479,0.55483100948931
9,SJB,7,mIPS-L,RT_Upright_anti_R,0.848230484213652,0.718864058074064,1.56709454228772,0.011862675735384,0.0127528391938823,6.01328746423027,0.529352879460294
9,SJB,8,VIP-L,RT_Upright_anti_R,0.602109140701892,0.364997558815965,0.967106699517858,0.00830974832827691,0.0088912229170757,6.07905222257435,0.556481991571847
9,SJB,9,SPOC-L,RT_Upright_anti_R,0.439268638261699,0.261648213439898,0.700916851701597,0.00734829973025779,0.00789410204199642,6.10047030112915,0.565992239488849
9,SJB,10,S1-L,RT_Upright_anti_R,0.380326470632033,0.428982097969767,0.809308568601801,0.00756740773193861,0.00811110261423262,6.09266402442938,0.556903862949135
9,SJB,11,M1-L,RT_Upright_anti_R,0.655039583987745,0.483746226202181,1.13878581018993,0.00953229743784604,0.010269641248186,6.04996958466141,0.541947073587876
9,SJB,12,SMA-L,RT_Upright_anti_R,0.689983684689922,0.329234985183935,1.01921866987386,0.00852511353704224,0.00920127580201366,6.06633796174804,0.55422208472173
9,SJB,13,PMd-L,RT_Upright_anti_R,0.605402696439371,0.354325020168308,0.959727716607679,0.00763619817861529,0.00823211779675987,6.07927395389494,0.551677886640615
9,SJB,14,PMv-L,RT_Upright_anti_R,0.0499541380232179,0.211796818898515,0.261750956921733,0.00357286703076856,0.00384305255354383,6.18260939603477,0.591469795454644
9,SJB,15,FEF-L,RT_Upright_anti_R,0.17725171649943,0.578254340042195,0.755506056541626,0.00629203089702024,0.00676492659827813,6.11059114369909,0.564033379996372
9,SJB,16,POJ-L,RT_Upright_anti_R,0.65956387545597,0.157756968108485,0.817320843564455,0.00692151368215116,0.00740724838110641,6.10505901766219,0.563032776165595
9,SJB,17,V1-R,RT_Upright_anti_R,0.242597975082687,0.510659464681341,0.753257439764028,0.00678062818371039,0.00730066862518051,6.10567288705903,0.569169541834238
9,SJB,18,V3-R,RT_Upright_anti_R,0.217657116949508,0.35488144105224,0.572538558001747,0.00610474605849439,0.00656753053237116,6.12333741495928,0.570525834936637
9,SJB,19,STS-R,RT_Upright_anti_R,0.124986294829584,0.219483261999989,0.344469556829573,0.0044527387032113,0.00480427373699422,6.15674874906896,0.584173676339725
9,SJB,20,IPL-R,RT_Upright_anti_R,0.220326140011103,0.411896482386236,0.632222622397339,0.00680799395534899,0.00732126378566766,6.11173482399906,0.57109164141742
9,SJB,21,SPL-R,RT_Upright_anti_R,0.274869847318811,0.210916161827148,0.485786009145959,0.00526058047749652,0.0056779307187088,6.13463939846668,0.575958852645203
9,SJB,22,AG-R,RT_Upright_anti_R,0.315428977587424,0.309443783958289,0.624872761545713,0.00660217222311086,0.0071030666413898,6.11568147970937,0.571890521597819
9,SJB,23,mIPS-R,RT_Upright_anti_R,0.203398454080452,0.385151369745208,0.588549823825661,0.00580201714268147,0.00621492655558509,6.12576322088243,0.573924366285814
9,SJB,24,VIP-R,RT_Upright_anti_R,0.309613429871936,0.309196727135758,0.618810157007694,0.00659855969525742,0.00711063749682528,6.11190806016961,0.573106092138589
9,SJB,25,SPOC-R,RT_Upright_anti_R,0.298124430223014,0.286034561150377,0.584158991373391,0.00621414091760582,0.0066910091749569,6.11851741869159,0.574881503714839
9,SJB,26,S1-R,RT_Upright_anti_R,0.103965161451835,0.366522912614571,0.470488074066406,0.00502081788994811,0.00541027749480682,6.14360625797663,0.579190145343606
9,SJB,27,M1-R,RT_Upright_anti_R,0.193776984998839,0.263705931364631,0.457482916363471,0.00557104343886727,0.00602772533050133,6.1339573675426,0.577528467758188
9,SJB,28,SMA-R,RT_Upright_anti_R,0.464721466308456,0.238189109189619,0.702910575498074,0.00705574268664454,0.00760887265010762,6.10362874851682,0.568581665742527
9,SJB,29,PMd-R,RT_Upright_anti_R,0.248153154525509,0.192315504480192,0.440468659005701,0.00523796913027584,0.00563856440795632,6.14012351067928,0.575281879579742
9,SJB,30,PMv-R,RT_Upright_anti_R,0.0800509351585438,0.318142928647998,0.398193863806542,0.00389046781199627,0.00418327695725887,6.16382442003064,0.581954141872483
9,SJB,31,FEF-R,RT_Upright_anti_R,0.128926920344974,0.348612187099619,0.477539107444593,0.00540983327845651,0.00582767693603736,6.13870299660893,0.581302201156902
9,SJB,32,POJ-R,RT_Upright_anti_R,0.713437123132498,0.270242736475034,0.983679859607532,0.00850515551132807,0.00911837170590505,6.07574035231719,0.552394513996702
10,BG,1,V1-L,RT_Upright_anti_R,0.111114331702969,0.187224462722886,0.298338794425855,0.00361361019620572,0.0039175028392566,5.81328718548331,0.454874871201606
10,BG,2,V3-L,RT_Upright_anti_R,0.175999282066417,0.263679730938649,0.439679013005067,0.00449265857161181,0.00487445158943131,5.78785504609453,0.448173472640272
10,BG,3,STS-L,RT_Upright_anti_R,0.0899190019816332,0.273690167675231,0.363609169656864,0.00399983115948179,0.00435243743723673,5.80198751715159,0.453499654146203
10,BG,4,IPL-L,RT_Upright_anti_R,0.261938025433412,0.318688566876034,0.580626592309446,0.00561781194485923,0.00611780830194183,5.76599297815963,0.446803817204412
10,BG,5,SPL-L,RT_Upright_anti_R,0.231079816311694,0.222350934088441,0.453430750400134,0.0051713089092485,0.00562200394889807,5.77855984238402,0.449878723129518
10,BG,6,AG-L,RT_Upright_anti_R,0.234859485577499,0.167690126913187,0.402549612490686,0.00442663630149164,0.00480909689128998,5.79304548131807,0.453343029416873
10,BG,7,mIPS-L,RT_Upright_anti_R,0.311434794525311,0.1845309809205,0.49596577544581,0.00525960004846336,0.00572547431781418,5.77533067614236,0.447887668624009
10,BG,8,VIP-L,RT_Upright_anti_R,0.273421238058798,0.282736799791711,0.556158037850509,0.00551818631823958,0.00597454452450487,5.77062529960586,0.444559164607301
10,BG,9,SPOC-L,RT_Upright_anti_R,0.157847209790236,0.264434532195138,0.422281741985374,0.00432021915662943,0.0046690572460633,5.79463515811345,0.450218594716506
10,BG,10,S1-L,RT_Upright_anti_R,0.401320657807679,0.161753414063047,0.563074071870726,0.0048090910763257,0.00520579559745657,5.77557110124261,0.442044078947086
10,BG,11,M1-L,RT_Upright_anti_R,0.419295208958566,0.151022204336376,0.570317413294942,0.00515734821788868,0.00560856749726012,5.77292029252524,0.446610658679171
10,BG,12,SMA-L,RT_Upright_anti_R,0.332356841484543,0.370941333026477,0.70329817451102,0.00623534434865995,0.00675687532882974,5.7516419561037,0.436461125879556
10,BG,13,PMd-L,RT_Upright_anti_R,0.207865268239386,0.340937777308023,0.548803045547409,0.00449293156140637,0.00485493983109347,5.78497877822697,0.44292324537969
10,BG,14,PMv-L,RT_Upright_anti_R,0.134556664878712,0.16375799552994,0.298314660408652,0.00376902157924091,0.00408758711433278,5.81226008317089,0.457866240118652
10,BG,15,FEF-L,RT_Upright_anti_R,0.239059990817661,0.32147944352787,0.56053943434553,0.00579279691245797,0.0062962686707874,5.76281727426452,0.446928036989799
10,BG,16,POJ-L,RT_Upright_anti_R,0.225074646939583,0.204221363668474,0.429296010608057,0.00501697448223207,0.00545228128907557,5.78227691591655,0.454073648781159
10,BG,17,V1-R,RT_Upright_anti_R,0.115418907558876,0.186690158430483,0.302109065989359,0.00356252891847482,0.00386040862865296,5.81632847762883,0.454795221072995
10,BG,18,V3-R,RT_Upright_anti_R,0.102824894233936,0.190551946014827,0.293376840248763,0.00382851933859864,0.00416883576585994,5.81049042521654,0.460646161738682
10,BG,19,STS-R,RT_Upright_anti_R,0.104133957542577,0.1654071417118,0.269541099254377,0.00336315310786963,0.00366651179663068,5.82049961349724,0.457900275565406
10,BG,20,IPL-R,RT_Upright_anti_R,0.390043335474018,0.279311084941037,0.669354420415055,0.00606364411491308,0.00660582576042218,5.75697040634369,0.438472507544267
10,BG,21,SPL-R,RT_Upright_anti_R,0.356463551178559,0.26643021531882,0.62289376649738,0.0058425008360103,0.00633026877162285,5.76338779660572,0.434471146728162
10,BG,22,AG-R,RT_Upright_anti_R,0.326458922358495,0.316036467382228,0.642495389740723,0.00548742924012678,0.00599632438418534,5.76038364933579,0.438542935840914
10,BG,23,mIPS-R,RT_Upright_anti_R,0.557133083178474,0.361949792165023,0.919082875343497,0.00712768190603138,0.00774869254418956,5.72638133597296,0.425425464896743
10,BG,24,VIP-R,RT_Upright_anti_R,0.522732077105639,0.420029488750605,0.942761565856244,0.00791491086575478,0.00854153463337265,5.70728230418888,0.407573874517164
10,BG,25,SPOC-R,RT_Upright_anti_R,0.31986587063055,0.24263174635104,0.56249761698159,0.00592455086737665,0.00640535507531597,5.76205364101485,0.442350193847517
10,BG,26,S1-R,RT_Upright_anti_R,0.234038632220256,0.388648846352175,0.62268747857243,0.00569112911461864,0.00615175346040322,5.76451064345053,0.436311780022604
10,BG,27,M1-R,RT_Upright_anti_R,0.286159226002598,0.60510779138548,0.891267017388078,0.00673072050017393,0.00726753490713834,5.73014350722416,0.420967859750524
10,BG,28,SMA-R,RT_Upright_anti_R,0.298646331560738,0.352156581358952,0.65080291291969,0.0061795943834131,0.00672583140152671,5.75569718671698,0.441056926550978
10,BG,29,PMd-R,RT_Upright_anti_R,0.283974812102932,0.282744237202921,0.566719049305854,0.00539302289030588,0.00582988639407185,5.77004252353149,0.443682667886969
10,BG,30,PMv-R,RT_Upright_anti_R,0.0775961420880108,0.230980371782202,0.308576513870213,0.00338794062615564,0.0036676230229078,5.81912698527979,0.455485388995427
10,BG,31,FEF-R,RT_Upright_anti_R,0.264721888223894,0.170618556358679,0.435340444582573,0.00462949226094251,0.00501775495983263,5.79196138981939,0.450217025213564
10,BG,32,POJ-R,RT_Upright_anti_R,0.480997639988872,0.189917476934272,0.670915116923144,0.00605405738224972,0.0065665391024346,5.75184295667204,0.437755687343813
1,DOC,1,V1-L,LT_Pronation_pro_L,0.103521664005777,0.543885057980129,0.647406721985906,0.00547421150024956,0.00588571635111772,6.0849723588816,0.545938478844681
1,DOC,2,V3-L,LT_Pronation_pro_L,0.228631589577422,0.349796382012268,0.57842797158969,0.0063880708792643,0.00691209182380975,6.07340697290778,0.547866301100784
1,DOC,3,STS-L,LT_Pronation_pro_L,0.0866080763936149,0.322234755603043,0.408842831996657,0.00440656697425303,0.00477074587149352,6.11015053521206,0.556847066959037
1,DOC,4,IPL-L,LT_Pronation_pro_L,0.677899179414921,0.345093964483577,1.0229931438985,0.00765237356142781,0.00822137473428047,6.03234764252413,0.527245261805866
1,DOC,5,SPL-L,LT_Pronation_pro_L,0.544668532069396,0.28021547494734,0.824884007016736,0.0078178798077432,0.00846229599334355,6.03475180644681,0.532760445954129
1,DOC,6,AG-L,LT_Pronation_pro_L,0.220691149606764,0.184728884603988,0.405420034210752,0.00483297876144293,0.00519937412535333,6.10188110855018,0.552852094311297
1,DOC,7,mIPS-L,LT_Pronation_pro_L,0.427978007988401,0.206047398781195,0.634025406769596,0.00667158218547455,0.00723391501828959,6.06159520843854,0.542112641243876
1,DOC,8,VIP-L,LT_Pronation_pro_L,0.48877380771367,0.310021299284907,0.798795106998577,0.00607025070472841,0.00652954841016023,6.06461620472767,0.535485415647597
1,DOC,9,SPOC-L,LT_Pronation_pro_L,0.609193180271385,0.305443503470559,0.914636683741943,0.00724231103592955,0.00778050335174676,6.02682564178089,0.520158487477078
1,DOC,10,S1-L,LT_Pronation_pro_L,0.283089617413056,0.519847782617778,0.802937400030834,0.00670042053779953,0.00724432896588133,6.05738577746286,0.536799889634101
1,DOC,11,M1-L,LT_Pronation_pro_L,0.323073967046192,0.558461057563294,0.881535024609487,0.00776423965628302,0.00841950661973549,6.03447577160028,0.532469160055028
1,DOC,12,SMA-L,LT_Pronation_pro_L,0.297054545787728,0.16027150582527,0.457326051612999,0.00543294279626654,0.00585626716841385,6.08732855482288,0.548709786773354
1,DOC,13,PMd-L,LT_Pronation_pro_L,0.384572382342079,0.249194351503878,0.633766733845957,0.00645709391698634,0.0069684774253542,6.06692085281378,0.543214288623573
1,DOC,14,PMv-L,LT_Pronation_pro_L,0.095580352844383,0.268915267088152,0.364495619932535,0.0044439030009321,0.00478462127329114,6.11061262650856,0.557275937969079
1,DOC,15,FEF-L,LT_Pronation_pro_L,0.121069117598756,0.253902919827112,0.374972037425868,0.00478784566973314,0.00516862792090075,6.10650110836859,0.55313342927684
1,DOC,16,POJ-L,LT_Pronation_pro_L,0.366561794091679,0.434022925465665,0.800584719557344,0.00737176119459767,0.00795461366861303,6.04441990684773,0.530501423489298
1,DOC,17,V1-R,LT_Pronation_pro_L,0.186105465930115,0.269068791677141,0.455174257607256,0.00550909639669522,0.00597690310557044,6.08846810534712,0.551616786029114
1,DOC,18,V3-R,LT_Pronation_pro_L,0.253446032280513,0.356485385095274,0.609931417375786,0.0056162683507775,0.00601821782087789,6.08169745963625,0.541915564432585
1,DOC,19,STS-R,LT_Pronation_pro_L,0.163409444822918,0.615781376464559,0.779190821287477,0.00641896757498627,0.00692310164682409,6.06343568471423,0.536766262082041
1,DOC,20,IPL-R,LT_Pronation_pro_L,0.177794274003095,0.468284879763731,0.646079153766826,0.00563288164783535,0.00605529850662092,6.07483298570591,0.538219193485377
1,DOC,21,SPL-R,LT_Pronation_pro_L,0.394423483735394,0.376938119517532,0.771361603252926,0.00781802113907375,0.00842925573022038,6.04413032043961,0.535495633098953
1,DOC,22,AG-R,LT_Pronation_pro_L,0.579243293615801,0.34993862812239,0.929181921738192,0.00836327320234596,0.00908558873070173,6.02774151826869,0.53421044026529
1,DOC,23,mIPS-R,LT_Pronation_pro_L,0.869329442506479,0.402381862139326,1.2717113046458,0.0107426830742593,0.0116772225227262,5.98293457289005,0.520813716334839
1,DOC,24,VIP-R,LT_Pronation_pro_L,0.296824514579375,0.294238339641363,0.591062854220738,0.00619655695641849,0.0067161759541072,6.07108416818036,0.54735999709332
1,DOC,25,SPOC-R,LT_Pronation_pro_L,0.749194828526264,0.339321296626647,1.08851612515291,0.00827374863656381,0.00900626288950589,6.01454564494916,0.519270300948244
1,DOC,26,S1-R,LT_Pronation_pro_L,0.195040465352446,0.328173120265363,0.523213585617809,0.00595619106815113,0.00642156528713405,6.07916699557404,0.547522800127696
1,DOC,27,M1-R,LT_Pronation_pro_L,0.295320294175117,0.281656830716323,0.57697712489144,0.00539481313791405,0.00580395878557943,6.08553082862185,0.544559036776933
1,DOC,28,SMA-R,LT_Pronation_pro_L,0.46739089554378,0.200279700078177,0.667670595621957,0.00672735341100184,0.00732115073750314,6.06072946709652,0.541528267517092
1,DOC,29,PMd-R,LT_Pronation_pro_L,0.228232642950405,0.454263141539607,0.682495784490012,0.00605662229236051,0.00651694318362027,6.06647807368739,0.539568174058057
1,DOC,30,PMv-R,LT_Pronation_pro_L,0.0629006654830302,0.375160590432695,0.438061255915725,0.00401239584003667,0.00431648002353465,6.1162188495778,0.548549002321357
1,DOC,31,FEF-R,LT_Pronation_pro_L,0.122336060677855,0.285180661286937,0.407516721964792,0.00406105598735501,0.00437175795808916,6.11457269779343,0.551017007894923
1,DOC,32,POJ-R,LT_Pronation_pro_L,0.673573010975642,0.284296524898232,0.957869535873874,0.00774369638838606,0.00842078054499322,6.03326359564668,0.531494229777529
2,GB,1,V1-L,LT_Pronation_pro_L,0.115161951429498,0.184280730745247,0.299442682174744,0.00329466219976175,0.00360196653477132,5.6255206569553,0.420376218198775
2,GB,2,V3-L,LT_Pronation_pro_L,0.149120862077955,0.149251886154775,0.29837274823273,0.00355879879397564,0.00386182382028393,5.62212412093634,0.418273564840859
2,GB,3,STS-L,LT_Pronation_pro_L,0.0899101116403859,0.210731258350142,0.300641369990527,0.00320267973136768,0.00348792772756996,5.63214267029724,0.419051467051097
2,GB,4,IPL-L,LT_Pronation_pro_L,0.238186855086348,0.202515164507693,0.440702019594041,0.00499910074766498,0.00546271297421651,5.58836138318898,0.413422674262285
2,GB,5,SPL-L,LT_Pronation_pro_L,0.283329708006306,0.171943014647972,0.455272722654279,0.00506818883682351,0.00554477558248192,5.58404521134446,0.415018139267039
2,GB,6,AG-L,LT_Pronation_pro_L,0.404437332387076,0.206814648872984,0.611251981260061,0.00567175355362723,0.006172338146007,5.57070659858726,0.405977924574579
2,GB,7,mIPS-L,LT_Pronation_pro_L,0.445249976776479,0.194646909283707,0.639896886060186,0.00574466343976653,0.00625900276452544,5.56273761083334,0.397218969519225
2,GB,8,VIP-L,LT_Pronation_pro_L,0.150097451929339,0.370774313979489,0.520871765908828,0.00482620055403538,0.00523453900789977,5.5897248804266,0.407804076974354
2,GB,9,SPOC-L,LT_Pronation_pro_L,0.36649347679057,0.323960100694494,0.690453577485064,0.0055801308285533,0.00605347201453627,5.57078390165129,0.401758791303029
2,GB,10,S1-L,LT_Pronation_pro_L,0.218725006447607,0.123757082638779,0.342482089086386,0.00342617044210897,0.00371444623652863,5.62007834762235,0.416010004945053
2,GB,11,M1-L,LT_Pronation_pro_L,0.137705105744642,0.295106990325403,0.432812096070046,0.00420757065205232,0.00457445226771848,5.60201040985616,0.411724275484146
2,GB,12,SMA-L,LT_Pronation_pro_L,0.32979347605652,0.22029962351883,0.55009309957535,0.00524980985637361,0.00570867425790167,5.58078501456822,0.412219377218142
2,GB,13,PMd-L,LT_Pronation_pro_L,0.145178214437405,0.171210498739821,0.316388713177226,0.00334953746878604,0.00365287371903734,5.62437515542027,0.419488777409009
2,GB,14,PMv-L,LT_Pronation_pro_L,0.0958213262572732,0.12251997935751,0.218341305614783,0.00254041574817751,0.00275138578610726,5.64982568906213,0.420021888160815
2,GB,15,FEF-L,LT_Pronation_pro_L,0.142194870863215,0.193793086861206,0.335987957724421,0.00335279158227194,0.00366985346060059,5.62297052319427,0.417122181689113
2,GB,16,POJ-L,LT_Pronation_pro_L,0.735597127237281,0.33582562134843,1.07142274858571,0.00721161597989878,0.007773019250616,5.52006220333685,0.37367564733579
2,GB,17,V1-R,LT_Pronation_pro_L,0.113466573102922,0.107763006056244,0.221229579159166,0.00267597015915698,0.00291000141083835,5.64325238140894,0.423777551829869
2,GB,18,V3-R,LT_Pronation_pro_L,0.0811459229557788,0.169166442397503,0.250312365353282,0.00300585385546861,0.00330599780961517,5.63410325862393,0.421846213924956
2,GB,19,STS-R,LT_Pronation_pro_L,0.112739400127617,0.233789210708224,0.346528610835841,0.00394525303478403,0.00429618294386808,5.61283612642774,0.417876259391922
2,GB,20,IPL-R,LT_Pronation_pro_L,0.479737280980377,0.497425644101165,0.977162925081543,0.00685270746876267,0.00745474421587648,5.53030460446035,0.379919567397922
2,GB,21,SPL-R,LT_Pronation_pro_L,0.152484371182563,0.357420657041904,0.509905028224467,0.00463698280941423,0.00507642161306054,5.59256619751929,0.412595959478976
2,GB,22,AG-R,LT_Pronation_pro_L,0.195673242331218,0.277990339912178,0.473663582243396,0.00491582702970159,0.00532484388620093,5.59037160355464,0.411444032470014
2,GB,23,mIPS-R,LT_Pronation_pro_L,0.323840986384036,0.206417657209692,0.530258643593728,0.00515504371816176,0.00560061541293081,5.57985175419263,0.410810055913007
2,GB,24,VIP-R,LT_Pronation_pro_L,0.333932559722513,0.510067948065504,0.844000507788017,0.00667383588756844,0.00727331736207661,5.54646005067745,0.39704918272341
2,GB,25,SPOC-R,LT_Pronation_pro_L,0.207489734784833,0.296032046116905,0.503521780901739,0.00482135781712966,0.00522979644008265,5.58944260410419,0.404425065814274
2,GB,26,S1-R,LT_Pronation_pro_L,0.289473666640228,0.199025996750731,0.488499663390959,0.00433063067230835,0.00470024801349155,5.59898201472544,0.408015041468146
2,GB,27,M1-R,LT_Pronation_pro_L,0.476353196502365,0.307081594240724,0.78343479074309,0.00516327542484435,0.0055621829803365,5.56624809324466,0.387902555104772
2,GB,28,SMA-R,LT_Pronation_pro_L,0.226081466227793,0.279631510107767,0.505712976335561,0.00467357741183826,0.0050996636434203,5.58797824228918,0.408973318931709
2,GB,29,PMd-R,LT_Pronation_pro_L,0.255881657004417,0.200315301491655,0.456196958496071,0.00455657101546108,0.00495894518784437,5.59414233327786,0.406713372759858
2,GB,30,PMv-R,LT_Pronation_pro_L,0.0636832949800917,0.22107968757358,0.284762982553671,0.00314792043856391,0.00342137905524808,5.63552300112027,0.421643385316401
2,GB,31,FEF-R,LT_Pronation_pro_L,0.179879374417053,0.212412370096112,0.392291744513164,0.00428165240687117,0.00465292666761604,5.60231372768415,0.41055779369002
2,GB,32,POJ-R,LT_Pronation_pro_L,0.148403160483305,0.134218419098642,0.282621579581947,0.00304976219216881,0.00330617106970593,5.63227215119232,0.415827016342739
3,JDC,1,V1-L,LT_Pronation_pro_L,0.131427622972448,0.207583211913509,0.339010834885956,0.00401255496968675,0.00434153305101264,5.77115117122074,0.426100891520234
3,JDC,2,V3-L,LT_Pronation_pro_L,0.121570029590308,0.25665555230894,0.378225581899248,0.00398397176306443,0.00430276538566308,5.7696137354874,0.420829803806773
3,JDC,3,STS-L,LT_Pronation_pro_L,0.0635171607547737,0.536486806093326,0.600003966848099,0.00484850914445467,0.00522500333261293,5.74915653281979,0.41631721934936
3,JDC,4,IPL-L,LT_Pronation_pro_L,0.510124744062184,0.257698997627857,0.767823741690041,0.00564770975939287,0.00606869073320974,5.72387796706951,0.40093950693314
3,JDC,5,SPL-L,LT_Pronation_pro_L,0.165135253018905,0.360085081538187,0.525220334557092,0.00551444252991751,0.0059484266760876,5.73657860277268,0.415951546536153
3,JDC,6,AG-L,LT_Pronation_pro_L,0.175178788396327,0.266508153974217,0.441686942370544,0.00458523686124855,0.00492911952378305,5.7573295321248,0.417676777010482
3,JDC,7,mIPS-L,LT_Pronation_pro_L,0.427198948682026,0.25746510837223,0.684664057054255,0.00598804875462956,0.00645470937082499,5.722719598805,0.405846341779283
3,JDC,8,VIP-L,LT_Pronation_pro_L,0.387549591435594,0.26080646953872,0.648356060974314,0.00638119983631004,0.00689460715141578,5.71720623813655,0.408043658625819
3,JDC,9,SPOC-L,LT_Pronation_pro_L,0.141973738164155,0.367760326428763,0.509734064592918,0.00444931201270925,0.00479690893810327,5.75579846127492,0.415457732299281
3,JDC,10,S1-L,LT_Pronation_pro_L,0.366701838206934,0.353519208904869,0.720221047111802,0.0056860367425241,0.00609358264178083,5.72691064976465,0.404031813205869
3,JDC,11,M1-L,LT_Pronation_pro_L,0.741030616283278,0.303060232209179,1.04409084849246,0.00773992596048579,0.00834634428937638,5.68089053228662,0.392707533096768
3,JDC,12,SMA-L,LT_Pronation_pro_L,0.303703568504602,0.304019499622139,0.60772306812674,0.0054853150512352,0.0058855864522177,5.73247203954177,0.410566778992248
3,JDC,13,PMd-L,LT_Pronation_pro_L,0.309792394909351,0.155401943929412,0.465194338838763,0.00534360590330944,0.00578256493569078,5.74090373725061,0.418369290199813
3,JDC,14,PMv-L,LT_Pronation_pro_L,0.0737130165212967,0.137237263032327,0.210950279553624,0.00299776348633752,0.00322393053992673,5.8004169020819,0.430040203177302
3,JDC,15,FEF-L,LT_Pronation_pro_L,0.177605120943477,0.221778362652415,0.399383483595892,0.0042673825045626,0.00458138224147205,5.76526636067297,0.418682282596464
3,JDC,16,POJ-L,LT_Pronation_pro_L,0.297762214314545,0.251027427479008,0.548789641793553,0.00487847184373867,0.00526598040364153,5.74148024467683,0.413129192393533
3,JDC,17,V1-R,LT_Pronation_pro_L,0.170992110867067,0.245980050233235,0.416972161100303,0.004436856975899,0.00477690300357281,5.76042559249294,0.42073371538781
3,JDC,18,V3-R,LT_Pronation_pro_L,0.192938067135247,0.296392345419736,0.489330412554983,0.00483345786745255,0.00521773825960698,5.74718071881057,0.415678366020139
3,JDC,19,STS-R,LT_Pronation_pro_L,0.0582061200147504,0.225078502401846,0.283284622416597,0.00330573887598922,0.00356753014901024,5.79039235168574,0.426622732616221
3,JDC,20,IPL-R,LT_Pronation_pro_L,0.338894906490249,0.252634286688118,0.591529193178367,0.00593356848112832,0.00638417167359043,5.72272469049517,0.413656417021554
3,JDC,21,SPL-R,LT_Pronation_pro_L,0.490339505787136,0.178473535587578,0.668813041374714,0.0059804617747859,0.00645312696040953,5.72471271150545,0.412516256483703
3,JDC,22,AG-R,LT_Pronation_pro_L,0.226824351216601,0.287112320727926,0.513936671944526,0.00511885426979725,0.00552854194884501,5.74231246006014,0.412244121654317
3,JDC,23,mIPS-R,LT_Pronation_pro_L,0.543713063569788,0.282560332032726,0.826273395602513,0.00678443916182425,0.00729412554657871,5.69633103994675,0.393966882258017
3,JDC,24,VIP-R,LT_Pronation_pro_L,0.457246540745465,0.264810120505376,0.722056661250842,0.00628154268679338,0.0067718403094854,5.71274927195985,0.404347891765749
3,JDC,25,SPOC-R,LT_Pronation_pro_L,0.125890876031196,0.169962821287986,0.295853697319183,0.0034401082846911,0.00371564808769202,5.78342970002,0.422159056628474
3,JDC,26,S1-R,LT_Pronation_pro_L,0.17512118363164,0.271908377383047,0.447029561014686,0.00468397811871593,0.00502303307801604,5.75040483158837,0.41596993723853
3,JDC,27,M1-R,LT_Pronation_pro_L,0.0947864829448693,0.266332179082696,0.361118662027565,0.00412627067438399,0.00444943036023238,5.76931459346926,0.424770980418507
3,JDC,28,SMA-R,LT_Pronation_pro_L,0.36387622524359,0.344268641095931,0.70814486633952,0.00602294515963588,0.00647655589747592,5.71731669891505,0.404484778926828
3,JDC,29,PMd-R,LT_Pronation_pro_L,0.288869949310988,0.262621727454045,0.551491676765033,0.00577078153806975,0.00619954899436439,5.72791338075523,0.414692800861889
3,JDC,30,PMv-R,LT_Pronation_pro_L,0.0850048005039764,0.19773941196871,0.282744212472687,0.00343574102390515,0.00369850388294503,5.78576979433689,0.426200504615411
3,JDC,31,FEF-R,LT_Pronation_pro_L,0.18613948439256,0.20116712160869,0.38730660600125,0.00473455802483797,0.00511375688040188,5.75597066481749,0.424619247089953
3,JDC,32,POJ-R,LT_Pronation_pro_L,0.256003896910606,0.204696792453187,0.460700689363794,0.00463636233536362,0.00500295564769454,5.75215293069566,0.41131044447553
4,JFXD,1,V1-L,LT_Pronation_pro_L,0.562677360032946,0.585249446232888,1.14792680626583,0.0131837346012592,0.0139422510686107,7.15496101782817,0.910231143895027
4,JFXD,2,V3-L,LT_Pronation_pro_L,0.189228758683612,0.302659816305616,0.491888574989228,0.00766001047636543,0.00814230154210283,7.23297855733042,0.946883086513443
4,JFXD,3,STS-L,LT_Pronation_pro_L,0.226903859810031,0.576971286300231,0.803875146110261,0.00981833037573722,0.0104035960218049,7.19772413438632,0.932374235711358
4,JFXD,4,IPL-L,LT_Pronation_pro_L,0.85870248965874,0.484302806876189,1.34300529653493,0.0133170616781288,0.0140569463975341,7.13925921991772,0.900255792490198
4,JFXD,5,SPL-L,LT_Pronation_pro_L,0.934158503279219,0.626264743509426,1.56042324678864,0.0160767269448342,0.0170488834526121,7.11555706219449,0.895345012055853
4,JFXD,6,AG-L,LT_Pronation_pro_L,0.85355623370504,0.624331822539837,1.47788805624488,0.0147590293048789,0.0156991316535498,7.11698067066563,0.896946197399292
4,JFXD,7,mIPS-L,LT_Pronation_pro_L,0.899824032451502,0.620673830138117,1.52049786258962,0.0155949887217856,0.0166264934835413,7.11962201614419,0.902172672663142
4,JFXD,8,VIP-L,LT_Pronation_pro_L,0.763164579428988,0.483279160920364,1.24644374034935,0.0133478352860589,0.0141038549485883,7.14758367702326,0.910087662725859
4,JFXD,9,SPOC-L,LT_Pronation_pro_L,0.619719914121422,0.549877872869015,1.16959778699044,0.0130204032442346,0.0138337083358088,7.15210131825216,0.914379255070688
4,JFXD,10,S1-L,LT_Pronation_pro_L,0.769385451771133,0.495420746831147,1.26480619860228,0.0140624015556447,0.0149586684652161,7.1388076891914,0.911678693889088
4,JFXD,11,M1-L,LT_Pronation_pro_L,0.780454306318864,0.396224534685866,1.17667884100473,0.0135688323694261,0.0144540383121725,7.15155666406462,0.921666915118116
4,JFXD,12,SMA-L,LT_Pronation_pro_L,0.955683985970997,1.12795528210062,2.08363926807162,0.0196189110297771,0.021116041777092,7.05852126791893,0.879289820088371
4,JFXD,13,PMd-L,LT_Pronation_pro_L,0.851234076856839,0.500377655888821,1.35161173274566,0.0148545886735534,0.0159192885785927,7.13164996006794,0.914989791983612
4,JFXD,14,PMv-L,LT_Pronation_pro_L,0.615350537445253,0.796532234543078,1.41188277198833,0.0129339429031296,0.0135913496212643,7.13674276252666,0.896564391737362
4,JFXD,15,FEF-L,LT_Pronation_pro_L,0.406890966015873,0.844691955811611,1.25158292182748,0.0125450203809834,0.0133312997863905,7.1521265366258,0.908005357524411
4,JFXD,16,POJ-L,LT_Pronation_pro_L,0.660832190910874,0.450439098614456,1.11127128952533,0.0123050598709199,0.013051361587961,7.15919179417743,0.912669041856447
4,JFXD,17,V1-R,LT_Pronation_pro_L,0.37305734792607,0.590817800610066,0.963875148536136,0.0114875917544221,0.0121039546428043,7.17428058999631,0.92032303421477
4,JFXD,18,V3-R,LT_Pronation_pro_L,0.148317029286317,0.34126317832639,0.489580207612706,0.00700709335940972,0.00740634198084597,7.24278653326653,0.938963532775179
4,JFXD,19,STS-R,LT_Pronation_pro_L,0.337550552993458,0.841987592582325,1.17953814557578,0.0108648600331231,0.0114776629159187,7.16549224596103,0.907194988548455
4,JFXD,20,IPL-R,LT_Pronation_pro_L,0.704899330946118,0.514049274554787,1.21894860550091,0.013147309085099,0.0139189078432575,7.14622726772384,0.914011115551972
4,JFXD,21,SPL-R,LT_Pronation_pro_L,0.691557165288722,0.786613224100568,1.47817038938929,0.013854698313537,0.0146329901130982,7.12601784277018,0.897542763234914
4,JFXD,22,AG-R,LT_Pronation_pro_L,0.367909647232294,0.434550078663324,0.802459725895618,0.00994158124616227,0.0105883302368702,7.19233459242777,0.930026171666499
4,JFXD,23,mIPS-R,LT_Pronation_pro_L,0.786437378091473,0.417940691045156,1.20437806913663,0.0136814868061309,0.0145504760076893,7.14676329525954,0.917785644369311
4,JFXD,24,VIP-R,LT_Pronation_pro_L,0.888349623665173,0.720238945096532,1.60858856876171,0.0163782316411483,0.017354607417177,7.10213170205178,0.884573311154267
4,JFXD,25,SPOC-R,LT_Pronation_pro_L,0.677190541844819,0.593495982046363,1.27068652389118,0.0126216958731946,0.0133310076925841,7.14577252373582,0.906523707496184
4,JFXD,26,S1-R,LT_Pronation_pro_L,0.589976387585979,0.592700573772209,1.18267696135819,0.0137323600819243,0.0145641760270569,7.14800971686401,0.918516844402582
4,JFXD,27,M1-R,LT_Pronation_pro_L,0.460972659790697,0.512918977753362,0.973891637544059,0.0125940794228263,0.013371375476412,7.16742160594066,0.924815490954635
4,JFXD,28,SMA-R,LT_Pronation_pro_L,0.862867784394643,1.2037745211472,2.06664230554185,0.0199491366309415,0.0214766522773478,7.063873408951,0.886506006481934
4,JFXD,29,PMd-R,LT_Pronation_pro_L,0.286057344645214,0.665831729353276,0.95188907399849,0.0119932698481711,0.0127923207124296,7.17389932429254,0.929272737125232
4,JFXD,30,PMv-R,LT_Pronation_pro_L,0.211822766522716,0.634596659754748,0.846419426277464,0.00961755509553268,0.0102647644553184,7.19672530042608,0.920084580307855
4,JFXD,31,FEF-R,LT_Pronation_pro_L,0.277909058719836,0.49574004055247,0.773649099272305,0.0096886203593492,0.0102804207836919,7.19712345164942,0.927142556855796
4,JFXD,32,POJ-R,LT_Pronation_pro_L,0.878498100298643,0.679368402167446,1.55786650246609,0.0139513543684806,0.0147361323818468,7.11665253868115,0.883042191294513
5,JZ,1,V1-L,LT_Pronation_pro_L,0.115243319469161,0.231004746307277,0.346248065776438,0.00408959005860722,0.00438635870314276,5.8746109152977,0.454128348707647
5,JZ,2,V3-L,LT_Pronation_pro_L,0.138868772431391,0.290405482155405,0.429274254586795,0.00396827590839331,0.00424796231865383,5.87369308788743,0.444297189709533
5,JZ,3,STS-L,LT_Pronation_pro_L,0.0513534671272564,0.357631406121757,0.408984873249014,0.00338036417563271,0.00360182536487373,5.89067568380812,0.451166233931071
5,JZ,4,IPL-L,LT_Pronation_pro_L,0.268173096120379,0.29118247410359,0.55935557022397,0.00598042316724988,0.00639728690166855,5.83245336202841,0.444557922450882
5,JZ,5,SPL-L,LT_Pronation_pro_L,0.399432891522269,0.317374582493822,0.716807474016092,0.00711554344958692,0.00762242479367238,5.81089614421277,0.436014829718584
5,JZ,6,AG-L,LT_Pronation_pro_L,0.326133639948608,0.157306647056904,0.483440287005513,0.00501497959254124,0.00534618834052788,5.85339182330827,0.441445589345817
5,JZ,7,mIPS-L,LT_Pronation_pro_L,0.597987202140035,0.252334128095401,0.850321330235436,0.00763412840262317,0.00819628167494638,5.79645152025764,0.435081603377269
5,JZ,8,VIP-L,LT_Pronation_pro_L,0.337790177390615,0.255127262768791,0.592917440159406,0.00613658094784433,0.00658877310911109,5.82763150726158,0.446445064172089
5,JZ,9,SPOC-L,LT_Pronation_pro_L,0.338150279310599,0.385225325234401,0.723375604545,0.00702584679831844,0.00754023237686195,5.81399855147667,0.440671343094923
5,JZ,10,S1-L,LT_Pronation_pro_L,0.128137054198354,0.421358325375035,0.549495379573389,0.00498624786081578,0.00529512317835966,5.85116949296164,0.444595904259174
5,JZ,11,M1-L,LT_Pronation_pro_L,0.236191422412139,0.182897044123342,0.419088466535481,0.00462957285738981,0.00495571780336121,5.85831049987812,0.447619276735396
5,JZ,12,SMA-L,LT_Pronation_pro_L,0.320235390767551,0.248675127317379,0.568910518084929,0.00592098781560307,0.00634381288685937,5.82928926337659,0.446496412438354
5,JZ,13,PMd-L,LT_Pronation_pro_L,0.273223338512439,0.165475371931159,0.438698710443598,0.00470811218527765,0.00504028398589541,5.85617961771383,0.449000359253573
5,JZ,14,PMv-L,LT_Pronation_pro_L,0.0808097299930889,0.250807913561963,0.331617643555051,0.00387813168898661,0.00413885530401787,5.88073886002536,0.454039149792437
5,JZ,15,FEF-L,LT_Pronation_pro_L,0.101296774397505,0.160600651362501,0.261897425760006,0.00363946210780211,0.00388640424758716,5.88734879425439,0.457931704366284
5,JZ,16,POJ-L,LT_Pronation_pro_L,0.531421019183138,0.231063561671989,0.762484580855127,0.00731728100913053,0.00786639707610602,5.80589950207599,0.437443225942939
5,JZ,17,V1-R,LT_Pronation_pro_L,0.179455825500564,0.327233658610945,0.506689484111509,0.00507901417809557,0.00543835556776121,5.84989658554719,0.445023466928235
5,JZ,18,V3-R,LT_Pronation_pro_L,0.185712393600742,0.178449023071259,0.364161416672001,0.00414584155768039,0.00448362098317445,5.86735341537597,0.449156626527278
5,JZ,19,STS-R,LT_Pronation_pro_L,0.0999187702488473,0.148459942740029,0.248378712988876,0.00329979286278461,0.00355970422015536,5.89398190110682,0.456624796859698
5,JZ,20,IPL-R,LT_Pronation_pro_L,0.373666817971646,0.341851726168745,0.715518544140391,0.00681243138466617,0.00732807496346993,5.81454126340626,0.438249509988673
5,JZ,21,SPL-R,LT_Pronation_pro_L,0.32213131806943,0.479070552912147,0.801201870981577,0.00728997810341742,0.00778665554607027,5.80340701876782,0.429875648878605
5,JZ,22,AG-R,LT_Pronation_pro_L,0.160611099304529,0.699349881168031,0.85996098047256,0.00604329100573795,0.00643921180244442,5.82055061115873,0.431531381363161
5,JZ,23,mIPS-R,LT_Pronation_pro_L,0.373264600259317,0.376029898343604,0.749294498602921,0.00630643919193396,0.00672759276685397,5.81306076701883,0.424001012082791
5,JZ,24,VIP-R,LT_Pronation_pro_L,0.641918395860715,0.485364571501538,1.12728296736225,0.00891775389856596,0.00953136047971685,5.76491768517544,0.410520151736631
5,JZ,25,SPOC-R,LT_Pronation_pro_L,0.590537150505831,0.21793688016722,0.808474030673051,0.00718332718169451,0.00773818069483855,5.80412769355072,0.430974562365767
5,JZ,26,S1-R,LT_Pronation_pro_L,0.216386632217102,0.358448821087406,0.574835453304508,0.00589501515502808,0.00630694258960483,5.83564048551829,0.442245106394035
5,JZ,27,M1-R,LT_Pronation_pro_L,0.154960952506619,0.418861982593626,0.573822935100245,0.00586189002123518,0.00628586264623479,5.83399829648621,0.445495912260186
5,JZ,28,SMA-R,LT_Pronation_pro_L,0.396350531129902,0.232843940218113,0.629194471348015,0.00634783901856778,0.00676454465444231,5.82306659819162,0.438237926569555
5,JZ,29,PMd-R,LT_Pronation_pro_L,0.214040519231925,0.177251778609389,0.391292297841314,0.00493918544976663,0.0052994043536081,5.85674629871965,0.453433944802393
5,JZ,30,PMv-R,LT_Pronation_pro_L,0.082730553154697,0.200251144252083,0.28298169740678,0.00342024736792597,0.00365823835358292,5.89007891416276,0.454079336109009
5,JZ,31,FEF-R,LT_Pronation_pro_L,0.265082103351658,0.12222704354116,0.387309146892818,0.00451421199010149,0.00484250459452723,5.86370608404354,0.449669914089224
5,JZ,32,POJ-R,LT_Pronation_pro_L,0.682687132020303,0.221801475192346,0.904488607212649,0.0076396490117823,0.00820719618873045,5.80014510585347,0.43312494490642
6,LT,1,V1-L,LT_Pronation_pro_L,0.230974264026007,0.3235649234237,0.554539187449707,0.00677077287707529,0.00725613974407764,6.09598973886657,0.523513414408247
6,LT,2,V3-L,LT_Pronation_pro_L,0.144688528109806,0.376970603814859,0.521659131924665,0.00503159206824552,0.00534440470191858,6.1199844766867,0.517716166550244
6,LT,3,STS-L,LT_Pronation_pro_L,0.0981491316922007,0.448808338414114,0.546957470106314,0.00570542427730575,0.00611318742800083,6.11257588036476,0.524241498404165
6,LT,4,IPL-L,LT_Pronation_pro_L,0.610149200030066,0.400133251477334,1.0102824515074,0.00813076304586309,0.00868869439480654,6.05534211360148,0.503626023637837
6,LT,5,SPL-L,LT_Pronation_pro_L,0.386295664469073,0.372165717906375,0.758461382375448,0.0077947253265537,0.00834791771661729,6.07097070629646,0.512808673143394
6,LT,6,AG-L,LT_Pronation_pro_L,0.21793258296263,0.421455917718206,0.639388500680836,0.00630341633901991,0.00674408372793095,6.09643220421615,0.517074603265846
6,LT,7,mIPS-L,LT_Pronation_pro_L,0.339137953978139,0.342021593448814,0.681159547426953,0.00728171216744769,0.00777828298079774,6.08118636690161,0.514481141337034
6,LT,8,VIP-L,LT_Pronation_pro_L,0.513724496486272,0.483690085184606,0.997414581670879,0.00840331873980086,0.00900490649164581,6.05033075199104,0.498848773189686
6,LT,9,SPOC-L,LT_Pronation_pro_L,0.527836818378361,0.238918272069671,0.766755090448032,0.00731728407656918,0.00783105518594706,6.07558062837171,0.513753652765122
6,LT,10,S1-L,LT_Pronation_pro_L,0.377568459089012,0.290416212013808,0.66798467110282,0.00670175729278766,0.00713948174500132,6.09026413224274,0.516170051019668
6,LT,11,M1-L,LT_Pronation_pro_L,0.476637114759295,0.160148058110826,0.636785172870121,0.00652811950239503,0.00698075304796932,6.09456181436507,0.519990451399596
6,LT,12,SMA-L,LT_Pronation_pro_L,0.501686273683705,0.21251744162342,0.714203715307125,0.00707293965021256,0.00754493457937955,6.08493447094215,0.512186025073165
6,LT,13,PMd-L,LT_Pronation_pro_L,0.323248618521652,0.381510338605758,0.704758957127409,0.00697362751650439,0.00746172303833423,6.08604241723521,0.51415765061332
6,LT,14,PMv-L,LT_Pronation_pro_L,0.0331921088379181,0.608153215817143,0.641345324655061,0.0047723270654138,0.00509873820083666,6.12658493870396,0.522401859515542
6,LT,15,FEF-L,LT_Pronation_pro_L,0.138495637062352,0.41971199946846,0.558207636530812,0.00569375650885209,0.0060696602802034,6.1114818012551,0.518937200357552
6,LT,16,POJ-L,LT_Pronation_pro_L,0.653227000894716,0.193832405180008,0.847059406074724,0.00765925110171685,0.008203123303281,6.07021402513433,0.510206764034495
6,LT,17,V1-R,LT_Pronation_pro_L,0.108226921379524,0.247553034728174,0.355779956107698,0.00448496164361094,0.00478958352762509,6.14016527141395,0.530785437484616
6,LT,18,V3-R,LT_Pronation_pro_L,0.230573644113835,0.273897732294109,0.504471376407944,0.0057123058556711,0.00608655898069709,6.1129947908097,0.523986175503862
6,LT,19,STS-R,LT_Pronation_pro_L,0.0471595146732879,0.341660001457362,0.38881951613065,0.00392973404398,0.00418316694029665,6.14875180916782,0.526681987679927
6,LT,20,IPL-R,LT_Pronation_pro_L,0.495445558450887,0.519737598603564,1.01518315705445,0.00899577110182907,0.0095767476889374,6.0478834672954,0.50179978877787
6,LT,21,SPL-R,LT_Pronation_pro_L,0.392285131040781,0.514348864979031,0.906633996019813,0.00853464150234614,0.00915866732489329,6.05825223964588,0.505995910323551
6,LT,22,AG-R,LT_Pronation_pro_L,0.25990854657148,0.31398210637147,0.573890652942949,0.00641463520142348,0.00688325046752572,6.09679863070945,0.517749420684821
6,LT,23,mIPS-R,LT_Pronation_pro_L,0.570566966172432,0.224530320478411,0.795097286650843,0.00713702630670915,0.00760932720266183,6.07506668686368,0.506480013867832
6,LT,24,VIP-R,LT_Pronation_pro_L,0.748978208354193,0.481163207925772,1.23014141627997,0.0101567993557177,0.0108185610018627,6.02410016429336,0.48918943886149
6,LT,25,SPOC-R,LT_Pronation_pro_L,0.402918697008099,0.323854489471307,0.726773186479406,0.00736017693646166,0.00785006546477149,6.08124789585267,0.512509282982589
6,LT,26,S1-R,LT_Pronation_pro_L,0.235437947149313,0.254659451937598,0.490097399086911,0.00555769047635309,0.00593406622423911,6.11480914262231,0.52015777303578
6,LT,27,M1-R,LT_Pronation_pro_L,0.272980876237834,0.236810845734283,0.509791721972117,0.00575461645773324,0.00615966960671149,6.11192289111755,0.522333254891382
6,LT,28,SMA-R,LT_Pronation_pro_L,0.5981612248204,0.277450976334169,0.875612201154569,0.00865015926340549,0.00922933217201694,6.05623338006617,0.506145415151598
6,LT,29,PMd-R,LT_Pronation_pro_L,0.171003002749675,0.386677576837445,0.55768057958712,0.00580423892348376,0.00618394769411116,6.10811886300946,0.511190387063118
6,LT,30,PMv-R,LT_Pronation_pro_L,0.110164293412187,0.389405958664903,0.499570252077089,0.00544856110361107,0.0058362140995334,6.1190138769255,0.525049382776547
6,LT,31,FEF-R,LT_Pronation_pro_L,0.203105906126583,0.240954380971711,0.444060287098295,0.00502223980537569,0.00537442983297722,6.12743194745948,0.5270661289118
6,LT,32,POJ-R,LT_Pronation_pro_L,0.516441330494109,0.235596700669416,0.752038031163524,0.00708968623530095,0.00758567143807622,6.08133633702953,0.509605113641724
7,NvA,1,V1-L,LT_Pronation_pro_L,0.0550940400166155,0.159600861962335,0.21469490197895,0.00284603107150352,0.00306238679459184,5.76197763122522,0.421352295414815
7,NvA,2,V3-L,LT_Pronation_pro_L,0.117263390669449,0.268265797609713,0.385529188279161,0.00408364319729391,0.00441205088885908,5.72677142186709,0.41233713474627
7,NvA,3,STS-L,LT_Pronation_pro_L,0.107425428349619,0.404395898939035,0.511821327288655,0.00458789539869763,0.00490859910623774,5.71545883719017,0.406784472662411
7,NvA,4,IPL-L,LT_Pronation_pro_L,0.649828130609027,0.326279604658213,0.97610773526724,0.00773146705024477,0.00830970507539868,5.64147764784534,0.389067958180524
7,NvA,5,SPL-L,LT_Pronation_pro_L,0.205171812783733,0.287884596877773,0.493056409661506,0.00488842923437249,0.00527762928843709,5.70863299601138,0.407188221333114
7,NvA,6,AG-L,LT_Pronation_pro_L,0.284244053533098,0.183792799578552,0.46803685311165,0.00506475633205884,0.00545548409499481,5.70570649659046,0.410507124036994
7,NvA,7,mIPS-L,LT_Pronation_pro_L,0.383096072572709,0.207574328403918,0.590670400976627,0.00560385512804013,0.00601798733307837,5.69193818224679,0.401642773069266
7,NvA,8,VIP-L,LT_Pronation_pro_L,0.234310275634257,0.190844892097834,0.425155167732091,0.00435780843884463,0.00467946812642991,5.71624146963786,0.407494684303285
7,NvA,9,SPOC-L,LT_Pronation_pro_L,0.205090013442306,0.419550576086712,0.624640589529018,0.00575583629276209,0.00618232017686718,5.68708222778481,0.403386092513868
7,NvA,10,S1-L,LT_Pronation_pro_L,0.581245062130708,0.267587353909194,0.848832416039902,0.0072206614439693,0.00776761829758694,5.65845690891813,0.39385793086885
7,NvA,11,M1-L,LT_Pronation_pro_L,0.419501137805198,0.271883884237118,0.691385022042316,0.00637346448632255,0.00687799652493345,5.6745444007545,0.402481897157178
7,NvA,12,SMA-L,LT_Pronation_pro_L,0.203446068326868,0.233199669872232,0.4366457381991,0.00443049960540614,0.00476955127730061,5.71662555058106,0.408593497968003
7,NvA,13,PMd-L,LT_Pronation_pro_L,0.230318828304838,0.143014031012809,0.373332859317647,0.00442215121721996,0.00475513530918423,5.72180430013247,0.414487036245274
7,NvA,14,PMv-L,LT_Pronation_pro_L,0.0879340698604068,0.291648268436305,0.379582338296712,0.00416056934049508,0.00445935420121318,5.72833600363755,0.413468506789752
7,NvA,15,FEF-L,LT_Pronation_pro_L,0.282194450693637,0.216824932400988,0.499019383094625,0.00543424279124094,0.00585684835049979,5.69860482832594,0.406712171629569
7,NvA,16,POJ-L,LT_Pronation_pro_L,0.221286935540157,0.37400568832933,0.595292623869487,0.00521815857071005,0.00558295991476536,5.69902533565913,0.403971549296309
7,NvA,17,V1-R,LT_Pronation_pro_L,0.161344381760645,0.123919459672947,0.285263841433592,0.00355665986422552,0.00381894856031452,5.74111936497973,0.414451836962907
7,NvA,18,V3-R,LT_Pronation_pro_L,0.137429341322812,0.184290945593994,0.321720286916805,0.00383350612788248,0.00414651133873463,5.73445690815993,0.416112883940335
7,NvA,19,STS-R,LT_Pronation_pro_L,0.159753458990537,0.206906406079398,0.366659865069935,0.00416243985557825,0.00449314725868139,5.7252480089211,0.415168530933257
7,NvA,20,IPL-R,LT_Pronation_pro_L,0.255575151642395,0.252354139478499,0.507929291120894,0.00513450427478962,0.00556405863026422,5.70145701425794,0.407606047038347
7,NvA,21,SPL-R,LT_Pronation_pro_L,0.297393041195373,0.184389137574177,0.481782178769551,0.00501338761671104,0.00538201848561465,5.70713037063033,0.404794721435717
7,NvA,22,AG-R,LT_Pronation_pro_L,0.207955747897045,0.19940258725752,0.407358335154565,0.00351154955325384,0.00376091675310467,5.73222823702998,0.400214361052427
7,NvA,23,mIPS-R,LT_Pronation_pro_L,0.27687560100498,0.13269937479728,0.40957497580226,0.00463966082983397,0.00500086094243393,5.7166152140266,0.411528603922402
7,NvA,24,VIP-R,LT_Pronation_pro_L,0.38059588434193,0.281619148393366,0.662215032735296,0.00592175701748896,0.00641596685838474,5.6789792113153,0.399333075164139
7,NvA,25,SPOC-R,LT_Pronation_pro_L,0.244231993018027,0.429216931805759,0.673448924823786,0.00564137501683835,0.00610224708387188,5.68100669093279,0.400724638565953
7,NvA,26,S1-R,LT_Pronation_pro_L,0.206046578490765,0.30029035962127,0.506336938112035,0.00551186569872607,0.00590396093002601,5.69376471427774,0.405858657597434
7,NvA,27,M1-R,LT_Pronation_pro_L,0.226981066893374,0.292323628633208,0.519304695526583,0.00505290888995796,0.00541541661603528,5.69898970923788,0.401796546234099
7,NvA,28,SMA-R,LT_Pronation_pro_L,0.150075093448801,0.221690497842491,0.371765591291291,0.00424096337935578,0.00455270962816829,5.72352604597609,0.413035956197081
7,NvA,29,PMd-R,LT_Pronation_pro_L,0.385122778292889,0.266805529213689,0.651928307506578,0.00576079464885941,0.00621356239085087,5.68186406143485,0.397826109606128
7,NvA,30,PMv-R,LT_Pronation_pro_L,0.0731740929490807,0.271176569051902,0.344350662000982,0.00351937263995647,0.00376240460013616,5.74153601659493,0.414525582038987
7,NvA,31,FEF-R,LT_Pronation_pro_L,0.220407552856361,0.19504644007973,0.415453992936092,0.00392499692093939,0.00422838998722138,5.72519338413987,0.406869342603221
7,NvA,32,POJ-R,LT_Pronation_pro_L,0.412442584977968,0.274369779848318,0.686812364826286,0.00575530111217045,0.00616932445668314,5.68325389184854,0.393916757756074
8,RR,1,V1-L,LT_Pronation_pro_L,0.187501534820949,0.163502604235588,0.351004139056537,0.00452848542940211,0.00489768449207085,6.04195897658858,0.540456057549119
8,RR,2,V3-L,LT_Pronation_pro_L,0.152985112507991,0.44557295015203,0.598558062660021,0.00601352119619471,0.00652586980854124,6.00951917905844,0.533035242775011
8,RR,3,STS-L,LT_Pronation_pro_L,0.0631840624479378,0.399150697116517,0.462334759564455,0.00452489954961034,0.00493621739620612,6.03961342786771,0.536187377786046
8,RR,4,IPL-L,LT_Pronation_pro_L,0.492550046673012,0.213941354805543,0.706491401478555,0.00667599801338215,0.00728034803508709,5.99278568487292,0.526434343433349
8,RR,5,SPL-L,LT_Pronation_pro_L,0.565615463479606,0.439861724484834,1.00547718796444,0.0083399112596665,0.00904121500367105,5.95299654370939,0.501338189084914
8,RR,6,AG-L,LT_Pronation_pro_L,0.233426382233402,0.440998962807983,0.674425345041385,0.00618802479865876,0.00671002470116776,6.00059922913435,0.512110986366323
8,RR,7,mIPS-L,LT_Pronation_pro_L,0.617083004469419,0.258469329123659,0.875552333593078,0.00771944980041799,0.00838775043982521,5.97113379360345,0.517100604870818
8,RR,8,VIP-L,LT_Pronation_pro_L,0.313093797028684,0.133646016919461,0.446739813948145,0.00456358102808626,0.00494004959305102,6.03656219108776,0.533658653994159
8,RR,9,SPOC-L,LT_Pronation_pro_L,0.592711246145339,0.213745651522589,0.806456897667928,0.00675759438927982,0.00732415884868292,5.98485695395782,0.520825148309941
8,RR,10,S1-L,LT_Pronation_pro_L,0.339086754126864,0.39993060217444,0.739017356301304,0.00720739876193858,0.00787424662201304,5.98348770874068,0.520803399538153
8,RR,11,M1-L,LT_Pronation_pro_L,0.223108479749397,0.327035956805784,0.550144436555182,0.00605849078578801,0.00662301001133137,6.00624828466992,0.531982677387343
8,RR,12,SMA-L,LT_Pronation_pro_L,0.413137545948334,0.457037080583474,0.870174626531808,0.00764239430880098,0.00832926374312873,5.97339891939959,0.518278756767546
8,RR,13,PMd-L,LT_Pronation_pro_L,0.326719812588581,0.228357482006036,0.555077294594616,0.00570994857196648,0.00618721989242043,6.01249025592708,0.527141856863452
8,RR,14,PMv-L,LT_Pronation_pro_L,0.0946968455522428,0.173904584613454,0.268601430165697,0.00357226668802672,0.00386971091329369,6.06499503735633,0.542797295142911
8,RR,15,FEF-L,LT_Pronation_pro_L,0.178961748811105,0.191938998915999,0.370900747727104,0.00439862146037791,0.0047345888088933,6.03968056116753,0.535918986286048
8,RR,16,POJ-L,LT_Pronation_pro_L,0.439253175385243,0.149644463316378,0.588897638701621,0.00517075129737013,0.00561103986033227,6.02128805979018,0.524068343471909
8,RR,17,V1-R,LT_Pronation_pro_L,0.173611218252864,0.241837004915666,0.41544822316853,0.00513826980334559,0.00557071970677784,6.03099163891404,0.539426610039098
8,RR,18,V3-R,LT_Pronation_pro_L,0.208168986385632,0.271829454846364,0.479998441231996,0.00542955957577073,0.00592814791350781,6.01828295809691,0.534872727118772
8,RR,19,STS-R,LT_Pronation_pro_L,0.187376539870235,0.234669537286044,0.422046077156279,0.00464852441124289,0.0050190655907099,6.03342645899427,0.532615394008424
8,RR,20,IPL-R,LT_Pronation_pro_L,0.239684979620504,0.229328984779318,0.469013964399822,0.00579100426041009,0.00628619783383545,6.01785946621896,0.53164583006131
8,RR,21,SPL-R,LT_Pronation_pro_L,0.452545941283007,0.483576939262456,0.936122880545464,0.0081792672429079,0.00890985301278186,5.96167289240318,0.51580095475558
8,RR,22,AG-R,LT_Pronation_pro_L,0.191672353470069,0.455733992578392,0.64740634604846,0.00549863430578277,0.00595552063168327,6.01295555283391,0.523983152685978
8,RR,23,mIPS-R,LT_Pronation_pro_L,0.63918139172841,0.52782670277589,1.1670080945043,0.00891605605389956,0.00967535459357587,5.93773960975483,0.49601672638416
8,RR,24,VIP-R,LT_Pronation_pro_L,0.263641275251829,0.384883386547576,0.648524661799405,0.00658023271758483,0.00713127066206344,5.99628622825733,0.524893034954076
8,RR,25,SPOC-R,LT_Pronation_pro_L,0.327072718359076,0.292137354901955,0.619210073261031,0.00623054671551188,0.00677489312244368,6.00214054255841,0.528201815955598
8,RR,26,S1-R,LT_Pronation_pro_L,0.168370133564008,0.569525030687079,0.737895164251086,0.00654650651209925,0.00708690019080924,5.99412059168361,0.519418527419881
8,RR,27,M1-R,LT_Pronation_pro_L,0.177093930561188,0.510673148476345,0.687767079037533,0.00575389153029148,0.00620775912126181,6.00888002668607,0.524475783481683
8,RR,28,SMA-R,LT_Pronation_pro_L,0.63354929737099,0.398863734874337,1.03241303224533,0.00847887411742393,0.00921240737320351,5.94824177879142,0.504955786800749
8,RR,29,PMd-R,LT_Pronation_pro_L,0.525667080650456,0.413267229542241,0.938934310192697,0.00773612085910946,0.00834170127267311,5.95877372958725,0.499574099916713
8,RR,30,PMv-R,LT_Pronation_pro_L,0.149281696977018,0.242353018775431,0.391634715752449,0.00490213935014181,0.00534689064155625,6.03294746086572,0.541364430506867
8,RR,31,FEF-R,LT_Pronation_pro_L,0.201048056282529,0.245774211790343,0.446822268072872,0.00517753346361783,0.00562213968931321,6.02626431212485,0.53075542267558
8,RR,32,POJ-R,LT_Pronation_pro_L,0.558888349514599,0.190950769487315,0.749839119001913,0.00594055702112371,0.00639603690211914,5.99947709204388,0.521627415176842
9,SJB,1,V1-L,LT_Pronation_pro_L,0.0769896032389463,0.2182602186465,0.295249821885446,0.00340499909317604,0.0036548567026057,6.10788269846014,0.559194906245586
9,SJB,2,V3-L,LT_Pronation_pro_L,0.104258366705396,0.591533422689884,0.69579178939528,0.00567187773936177,0.00610026132103544,6.05546676961963,0.550780482902014
9,SJB,3,STS-L,LT_Pronation_pro_L,0.108416077412792,0.150328561704336,0.258744639117128,0.00343551185898467,0.00372953228022472,6.11030712211763,0.565673887501456
9,SJB,4,IPL-L,LT_Pronation_pro_L,0.670989965955931,0.205138944749709,0.876128910705641,0.00693501113902935,0.00745040422287125,6.02950751445625,0.53125821125426
9,SJB,5,SPL-L,LT_Pronation_pro_L,0.62302321654833,0.523705435408241,1.14672865195657,0.0097605632001575,0.0105330381976973,5.98125497760522,0.522227081639382
9,SJB,6,AG-L,LT_Pronation_pro_L,0.510829743755544,0.451358125773798,0.962187869529342,0.00885701477665267,0.00953584108262459,6.00249282376633,0.532031903700248
9,SJB,7,mIPS-L,LT_Pronation_pro_L,0.694324943011091,0.597931449012715,1.29225639202381,0.0103071151010327,0.0110288215712953,5.96731041440032,0.506746301888286
9,SJB,8,VIP-L,LT_Pronation_pro_L,0.551492302877554,0.213261570359095,0.764753873236649,0.00680756855879324,0.00735157297686505,6.03358495865185,0.542706028628329
9,SJB,9,SPOC-L,LT_Pronation_pro_L,0.52562321375956,0.524774170782577,1.05039738454214,0.00865970208604297,0.00927248380174191,6.00395480504173,0.525424430855305
9,SJB,10,S1-L,LT_Pronation_pro_L,0.251349443393805,0.391471868233531,0.642821311627336,0.0059122456895272,0.00631609209509347,6.05464768000421,0.539185097254399
9,SJB,11,M1-L,LT_Pronation_pro_L,0.501208310807133,0.363949912404397,0.86515822321153,0.00794325258294336,0.00857171489840441,6.01732789939753,0.53404870165594
9,SJB,12,SMA-L,LT_Pronation_pro_L,0.219423851063469,0.365685675472813,0.585109526536282,0.00622982035129023,0.00672168841290561,6.04584518297431,0.548716112080866
9,SJB,13,PMd-L,LT_Pronation_pro_L,0.368242463368588,0.205523188079356,0.573765651447944,0.00570377180983639,0.00616726517474493,6.05369135455043,0.545356280178302
9,SJB,14,PMv-L,LT_Pronation_pro_L,0.0780524943357791,0.200112938526453,0.278165432862232,0.00361829445921479,0.00388945583302864,6.10760162314942,0.562608046301254
9,SJB,15,FEF-L,LT_Pronation_pro_L,0.159935703917259,0.181708898150992,0.341644602068251,0.00425717442907183,0.00458760330000535,6.08859184076669,0.555816185219713
9,SJB,16,POJ-L,LT_Pronation_pro_L,0.651659934139819,0.425564587084438,1.07722452122426,0.00885702407573544,0.00951276289641509,5.99556479370106,0.519101626453552
9,SJB,17,V1-R,LT_Pronation_pro_L,0.159016030676354,0.247227394452529,0.406243425128884,0.00503669455960051,0.00544477104036524,6.07456484547677,0.555262226096438
9,SJB,18,V3-R,LT_Pronation_pro_L,0.130746167578063,0.238480933483676,0.369227101061739,0.00447190369147515,0.00481601610868599,6.08738448598401,0.55122127329178
9,SJB,19,STS-R,LT_Pronation_pro_L,0.0827010017888955,0.339798253084121,0.422499254873017,0.00451340879800518,0.00482349620680179,6.0900883837663,0.556168603190205
9,SJB,20,IPL-R,LT_Pronation_pro_L,0.178665605246155,0.328337841327815,0.507003446573971,0.00550090495863618,0.00593937626002393,6.06230155481659,0.553246820776023
9,SJB,21,SPL-R,LT_Pronation_pro_L,0.27532883911814,0.709219785358798,0.984548624476938,0.00801961199518151,0.00863565389967386,6.01043615617093,0.531992726527433
9,SJB,22,AG-R,LT_Pronation_pro_L,0.486121076492711,0.418709490058967,0.904830566551678,0.00864358409853915,0.0092750686995418,6.0110866826461,0.532872150182789
9,SJB,23,mIPS-R,LT_Pronation_pro_L,0.659387598157398,0.238653142238038,0.898040740395435,0.00804769877991268,0.00862924397744693,6.01534701322364,0.536740484995665
9,SJB,24,VIP-R,LT_Pronation_pro_L,0.509784809281138,0.27927086573808,0.789055675019218,0.00778850361225653,0.00836297694408035,6.02074834133485,0.537587826620358
9,SJB,25,SPOC-R,LT_Pronation_pro_L,0.343782512589517,0.55096604282548,0.894748555414997,0.0075146107022667,0.00804730008768639,6.02546231956758,0.535253492847176
9,SJB,26,S1-R,LT_Pronation_pro_L,0.264478056123778,0.423151391467291,0.687629447591069,0.00735294735339219,0.00791217783227099,6.03193986075348,0.545945252106677
9,SJB,27,M1-R,LT_Pronation_pro_L,0.223863968503393,0.529604535777071,0.753468504280464,0.00731761137675842,0.0078716359024552,6.02987127539655,0.542862691454525
9,SJB,28,SMA-R,LT_Pronation_pro_L,0.205293387267611,0.269477600069974,0.474770987337586,0.00542094695819648,0.0058749754694174,6.06412700184718,0.553050507065444
9,SJB,29,PMd-R,LT_Pronation_pro_L,0.240420765920235,0.189872776900635,0.43029354282087,0.0050962735448832,0.00547592856672705,6.07328649704877,0.552734601418145
9,SJB,30,PMv-R,LT_Pronation_pro_L,0.102668200005848,0.136697421170623,0.239365621176471,0.00362142180516003,0.00391008258226489,6.10985118959172,0.566851977997595
9,SJB,31,FEF-R,LT_Pronation_pro_L,0.186540090757324,0.189131457921857,0.37567154867918,0.00475005761780578,0.0051132696485032,6.07877034655985,0.557031269960136
9,SJB,32,POJ-R,LT_Pronation_pro_L,0.899182807325724,0.344892652169489,1.24407545949521,0.0087481161448106,0.00937183455829647,5.98989798047808,0.520440888445755
1,DOC,1,V1-L,LT_Pronation_pro_R,0.159394311155723,0.192765898418894,0.352160209574617,0.00477688091277421,0.00506498379531846,6.38137371162068,0.610583951424478
1,DOC,2,V3-L,LT_Pronation_pro_R,0.167557833974051,0.251611101181125,0.419168935155177,0.00562787854175855,0.00599028263995099,6.362420097115,0.608323940940665
1,DOC,3,STS-L,LT_Pronation_pro_R,0.0836044807622989,0.486683554045707,0.570288034808005,0.0059536267548133,0.00631408024525603,6.35618462133266,0.605229927155572
1,DOC,4,IPL-L,LT_Pronation_pro_R,0.664918232941086,0.712857219071429,1.37777545201251,0.0116449033029007,0.0123120919057407,6.24542765403306,0.558619985817491
1,DOC,5,SPL-L,LT_Pronation_pro_R,0.588648240761987,0.494460286297808,1.08310852705979,0.00969402275185233,0.0103464708400551,6.27764872817798,0.576604986530396
1,DOC,6,AG-L,LT_Pronation_pro_R,0.279431800461798,0.395573674974083,0.675005475435881,0.00753314771687939,0.00799809644835349,6.32718073915786,0.592551181918583
1,DOC,7,mIPS-L,LT_Pronation_pro_R,0.57922178605493,0.521602495277064,1.10082428133199,0.0105310178454561,0.0112286432154827,6.27080409300483,0.573955957197374
1,DOC,8,VIP-L,LT_Pronation_pro_R,0.585288582704942,0.593474059762744,1.17876264246769,0.0106078419981813,0.0112406544447839,6.2681722241955,0.57726951293956
1,DOC,9,SPOC-L,LT_Pronation_pro_R,0.478186186637859,0.289135906065224,0.767322092703083,0.00770909476568803,0.00814450972783914,6.31938866145039,0.588496063746077
1,DOC,10,S1-L,LT_Pronation_pro_R,0.36653873645108,0.539890758143723,0.906429494594803,0.00876789588377953,0.00932244278453497,6.30290680413307,0.588621736514517
1,DOC,11,M1-L,LT_Pronation_pro_R,0.454974350400411,0.34406445025139,0.799038800651801,0.00820244645348471,0.00870913002806878,6.31648897186853,0.593009182940992
1,DOC,12,SMA-L,LT_Pronation_pro_R,0.771282299862591,0.329744721063335,1.10102702092593,0.0105155027420686,0.0111673569121956,6.27624744291866,0.582050411665382
1,DOC,13,PMd-L,LT_Pronation_pro_R,0.629243369026063,0.34495393676443,0.974197305790493,0.00907298629381743,0.00964089589337157,6.29670921434962,0.586137420810068
1,DOC,14,PMv-L,LT_Pronation_pro_R,0.0669705327926426,0.618591640861608,0.685562173654251,0.00591328871936844,0.00625774277565847,6.35399552001323,0.603059972832878
1,DOC,15,FEF-L,LT_Pronation_pro_R,0.148327762546315,0.440265884202892,0.588593646749207,0.00680259478549236,0.00723328455368134,6.34213784010957,0.605880191890786
1,DOC,16,POJ-L,LT_Pronation_pro_R,0.291258619414022,0.245551788576715,0.536810407990737,0.006914667430361,0.0073510225373759,6.3420953569803,0.604135691449544
1,DOC,17,V1-R,LT_Pronation_pro_R,0.249946072491661,0.460109217727459,0.71005529021912,0.00780174294403429,0.00831051753661998,6.31875127940114,0.597006839570524
1,DOC,18,V3-R,LT_Pronation_pro_R,0.278119590864613,0.29109992254441,0.569219513409024,0.00660535529413936,0.00703279438179197,6.34251749706396,0.603537069778752
1,DOC,19,STS-R,LT_Pronation_pro_R,0.0851152239812679,0.255725541649449,0.340840765630717,0.00443771411348021,0.00473624633932069,6.38524320821469,0.613629514851739
1,DOC,20,IPL-R,LT_Pronation_pro_R,0.181325706417281,0.446514916409904,0.627840622827185,0.00635904798406395,0.00674112522681657,6.34763320284941,0.596288475170225
1,DOC,21,SPL-R,LT_Pronation_pro_R,0.517303499798704,0.300822756221543,0.818126256020248,0.00864278914880391,0.00918557865496508,6.30173613324048,0.592463189203616
1,DOC,22,AG-R,LT_Pronation_pro_R,0.685334019679871,0.261418624972458,0.946752644652328,0.00965248782981205,0.0103055107866581,6.28835280237527,0.590920955245155
1,DOC,23,mIPS-R,LT_Pronation_pro_R,0.869543205007606,0.331557514881748,1.20110071988935,0.0107052418054529,0.0114325119789622,6.26434397123328,0.582760915940171
1,DOC,24,VIP-R,LT_Pronation_pro_R,0.253625424073042,0.299229357528492,0.552854781601534,0.00581118935912585,0.0061534223067813,6.35110122387262,0.597855753879433
1,DOC,25,SPOC-R,LT_Pronation_pro_R,0.534121346711651,0.459280217486407,0.993401564198059,0.0101108510729862,0.0107549522031877,6.28231380359833,0.57988954407155
1,DOC,26,S1-R,LT_Pronation_pro_R,0.266139564511043,0.193113187444958,0.459252751956002,0.00572224137436115,0.0061069339774672,6.35752384653609,0.605312335864889
1,DOC,27,M1-R,LT_Pronation_pro_R,0.29791761472558,0.27469459730849,0.57261221203407,0.00649859817415959,0.00695693724078611,6.34000904142504,0.601563511996625
1,DOC,28,SMA-R,LT_Pronation_pro_R,0.878095320488969,0.263425260406159,1.14152058089513,0.0103285502806094,0.0109959397459154,6.27471507450887,0.585154871924021
1,DOC,29,PMd-R,LT_Pronation_pro_R,0.307580027542812,0.681749423597162,0.989329451139974,0.00959233500933567,0.010209420983903,6.29013611608707,0.580322340112166
1,DOC,30,PMv-R,LT_Pronation_pro_R,0.112694415458287,0.592215531267549,0.704909946725835,0.00711823655146342,0.00754774646084243,6.33240810812657,0.600074868943454
1,DOC,31,FEF-R,LT_Pronation_pro_R,0.166684584379432,0.324793423378461,0.491478007757893,0.00597798245726319,0.00634076962684461,6.35927097866131,0.604378948019989
1,DOC,32,POJ-R,LT_Pronation_pro_R,0.701736110222979,0.46315198451978,1.16488809474276,0.01058699789593,0.0112528617258985,6.26857584858872,0.579305402818176
2,GB,1,V1-L,LT_Pronation_pro_R,0.186467303240647,0.215465066514421,0.401932369755068,0.00452117333013409,0.00489434955461727,5.69747432031535,0.410543452120313
2,GB,2,V3-L,LT_Pronation_pro_R,0.175824096318362,0.207460880534625,0.383284976852987,0.00446040100841159,0.00483844500745851,5.69827236042156,0.413996772447623
2,GB,3,STS-L,LT_Pronation_pro_R,0.0791769405914427,0.245506538512195,0.324683479103637,0.00350739158822805,0.00379939295404151,5.72191981035268,0.415792392891963
2,GB,4,IPL-L,LT_Pronation_pro_R,0.206886954036193,0.246817692523129,0.453704646559321,0.00453174951401336,0.00491155903619033,5.69448360322661,0.407023178848454
2,GB,5,SPL-L,LT_Pronation_pro_R,0.31911277990975,0.278746923242228,0.597859703151977,0.00574655497216098,0.00619704637723589,5.66910440052861,0.401303316018221
2,GB,6,AG-L,LT_Pronation_pro_R,0.300337044220206,0.266504656956764,0.566841701176971,0.00511849850808906,0.00552616960065908,5.6790444051836,0.39994794092272
2,GB,7,mIPS-L,LT_Pronation_pro_R,0.603897240250642,0.199709151503715,0.803606391754357,0.00638881600808481,0.00689982761222872,5.64865965973512,0.390036996601221
2,GB,8,VIP-L,LT_Pronation_pro_R,0.136659414833515,0.279512301666865,0.41617171650038,0.00432568397113382,0.00468215395084718,5.7040438348537,0.409940362794987
2,GB,9,SPOC-L,LT_Pronation_pro_R,0.312946999116696,0.354612714789103,0.667559713905799,0.00523171156833157,0.00560873351943694,5.67468114378951,0.390456945075129
2,GB,10,S1-L,LT_Pronation_pro_R,0.234975882692865,0.221788953858478,0.456764836551343,0.00468016792816319,0.0050638514294616,5.69288691149628,0.407785599292052
2,GB,11,M1-L,LT_Pronation_pro_R,0.15091019127093,0.184028330830074,0.334938522101004,0.0037966955301723,0.0041272105918698,5.71593013292859,0.413949306743424
2,GB,12,SMA-L,LT_Pronation_pro_R,0.419056867206274,0.254546316315776,0.67360318352205,0.00608360272740685,0.00660106740051241,5.65819122517377,0.398652124855801
2,GB,13,PMd-L,LT_Pronation_pro_R,0.287630768777792,0.157654430806517,0.445285199584309,0.00416485703427781,0.00449970654535105,5.69939325040439,0.408302735586428
2,GB,14,PMv-L,LT_Pronation_pro_R,0.120699163725919,0.126346596476681,0.2470457602026,0.00339510049368605,0.00368492634776065,5.72625656250197,0.420640583860704
2,GB,15,FEF-L,LT_Pronation_pro_R,0.125347299699253,0.231056939557571,0.356404239256824,0.00365007618140429,0.00397760011545455,5.71622426327753,0.413492517326978
2,GB,16,POJ-L,LT_Pronation_pro_R,0.820007447089222,0.270078836599399,1.09008628368862,0.00766825265931299,0.00828923743901124,5.62025748643253,0.375733294868442
2,GB,17,V1-R,LT_Pronation_pro_R,0.0928062621758142,0.16378744992854,0.256593712104354,0.00335812107493726,0.00363495883490446,5.72806722313617,0.41963742045458
2,GB,18,V3-R,LT_Pronation_pro_R,0.120777733748649,0.302734502200899,0.423512235949548,0.00410430647188207,0.004434763134462,5.70531571438821,0.409908122554578
2,GB,19,STS-R,LT_Pronation_pro_R,0.144774392365055,0.250284772237661,0.395059164602716,0.0039942495418693,0.00430274571903017,5.70961633739538,0.4114351199784
2,GB,20,IPL-R,LT_Pronation_pro_R,0.320824454063786,0.162468631013813,0.483293085077599,0.00491096609839503,0.00530256076672234,5.68726290502224,0.407227326945703
2,GB,21,SPL-R,LT_Pronation_pro_R,0.290553306261661,0.300073145650617,0.590626451912278,0.00468032161484339,0.00507819106641063,5.6794112115004,0.401482224861292
2,GB,22,AG-R,LT_Pronation_pro_R,0.191547062944873,0.269930844014995,0.461477906959868,0.00468469981487101,0.00507791607205124,5.69220998784612,0.407955471144775
2,GB,23,mIPS-R,LT_Pronation_pro_R,0.323477957876255,0.200715528815216,0.524193486691471,0.00543461332270929,0.00588398787732087,5.67434662631267,0.407426426290444
2,GB,24,VIP-R,LT_Pronation_pro_R,0.250925460528334,0.37230023409461,0.623225694622944,0.00563136774747532,0.00613747852436014,5.66872763592942,0.405404986835162
2,GB,25,SPOC-R,LT_Pronation_pro_R,0.150485493461765,0.425625356984659,0.576110850446423,0.00550923645952205,0.00596918692051696,5.67538785657792,0.405592160352565
2,GB,26,S1-R,LT_Pronation_pro_R,0.282929878871263,0.185526140993362,0.468456019864625,0.00434899180765046,0.00470891116003394,5.70032010780882,0.408017444676348
2,GB,27,M1-R,LT_Pronation_pro_R,0.436982304862642,0.27475460510143,0.711736909964072,0.0054677914967868,0.00589233407459914,5.66255193215751,0.393678440025093
2,GB,28,SMA-R,LT_Pronation_pro_R,0.302592664144098,0.477375625007287,0.779968289151385,0.00629759390456547,0.00676343003937144,5.64851999097478,0.389840162965129
2,GB,29,PMd-R,LT_Pronation_pro_R,0.272891762795968,0.186903848508645,0.459795611304613,0.00486989559053809,0.00528768029063109,5.68836091270011,0.408436131264399
2,GB,30,PMv-R,LT_Pronation_pro_R,0.0608414594552974,0.335766655825265,0.396608115280562,0.00411930603749249,0.00446343765970205,5.70880790116481,0.416645657803165
2,GB,31,FEF-R,LT_Pronation_pro_R,0.199909518048259,0.227632697097462,0.427542215145722,0.00493336014947217,0.00534493752655161,5.6909723737164,0.412306860004004
2,GB,32,POJ-R,LT_Pronation_pro_R,0.142761229514149,0.189300965935574,0.332062195449724,0.00364294155670574,0.00393300283602826,5.71881980764592,0.41565076517914
3,JDC,1,V1-L,LT_Pronation_pro_R,0.223106780910277,0.131611795148557,0.354718576058834,0.00414815035170327,0.00457558267412304,5.73074323121458,0.4585502416794
3,JDC,2,V3-L,LT_Pronation_pro_R,0.0799567150562675,0.162746383673555,0.242703098729822,0.00300646251905696,0.00330370254188888,5.75926505332361,0.460783190897255
3,JDC,3,STS-L,LT_Pronation_pro_R,0.154896949024968,0.102475686292387,0.257372635317355,0.00329418775761226,0.00362209744388626,5.75203820078091,0.459172837308166
3,JDC,4,IPL-L,LT_Pronation_pro_R,0.568671700787543,0.275951560031801,0.844623260819344,0.00656814793319235,0.00724735046254904,5.66827233307923,0.433706390571406
3,JDC,5,SPL-L,LT_Pronation_pro_R,0.500466504605955,0.274740654585821,0.775207159191776,0.00709679281706287,0.00779866692608874,5.66655801403152,0.43584909847561
3,JDC,6,AG-L,LT_Pronation_pro_R,0.0800958269470277,0.276392355621992,0.356488182569019,0.00351385798340547,0.00385593128053955,5.74473787412067,0.458344220782138
3,JDC,7,mIPS-L,LT_Pronation_pro_R,0.326209322878489,0.256571029089793,0.582780351968282,0.00560108514459566,0.00616490463382568,5.69577787501329,0.44423821107218
3,JDC,8,VIP-L,LT_Pronation_pro_R,0.479617436472096,0.259704218125547,0.739321654597643,0.00595788505308862,0.00651204143857272,5.68108793934476,0.435620711422434
3,JDC,9,SPOC-L,LT_Pronation_pro_R,0.219803158373752,0.176715305314649,0.396518463688401,0.00371972356370939,0.0040930142630969,5.73585292033016,0.451065234529697
3,JDC,10,S1-L,LT_Pronation_pro_R,0.405835013557462,0.299267705572323,0.705102719129786,0.0060390036417456,0.00663488828184488,5.68627686562332,0.441865680990052
3,JDC,11,M1-L,LT_Pronation_pro_R,0.543333807935773,0.396192712097752,0.939526520033525,0.00698997447945866,0.00767192721036872,5.65766030384719,0.426556455580599
3,JDC,12,SMA-L,LT_Pronation_pro_R,0.387263105973964,0.22868447585895,0.615947581832914,0.00527373304637047,0.00580619550630623,5.69755001944265,0.447376680212472
3,JDC,13,PMd-L,LT_Pronation_pro_R,0.375345045096316,0.204766650094171,0.580111695190487,0.00527479164455581,0.00579832661284039,5.70178706244324,0.446430164505726
3,JDC,14,PMv-L,LT_Pronation_pro_R,0.0848384106382398,0.317756567310857,0.402594977949097,0.00368717844617249,0.00402888080692649,5.7422223002588,0.453098777669265
3,JDC,15,FEF-L,LT_Pronation_pro_R,0.174222076771422,0.101444663332109,0.275666740103531,0.00344599523139565,0.00379223680300429,5.74887374127476,0.456185720354472
3,JDC,16,POJ-L,LT_Pronation_pro_R,0.253946405660467,0.237723353018612,0.491669758679079,0.00435007959648428,0.00477009509020467,5.72067791280576,0.449697969126302
3,JDC,17,V1-R,LT_Pronation_pro_R,0.206479577463821,0.177410700253278,0.383890277717099,0.00430533955891025,0.00473843187185639,5.72601494790353,0.453565122470161
3,JDC,18,V3-R,LT_Pronation_pro_R,0.114626230431609,0.145953492351739,0.260579722783348,0.00335322463479184,0.00370228612409532,5.75028915177307,0.460029085035538
3,JDC,19,STS-R,LT_Pronation_pro_R,0.0641528740336057,0.328940221138613,0.393093095172219,0.00374744140124367,0.00413094991407,5.73753816833914,0.458624370079833
3,JDC,20,IPL-R,LT_Pronation_pro_R,0.312008582557757,0.263091084301743,0.575099666859501,0.00501521901151675,0.00548945862373353,5.70504599238728,0.438509299078488
3,JDC,21,SPL-R,LT_Pronation_pro_R,0.38838731035621,0.187752517437252,0.576139827793461,0.00526620492021775,0.00583728109053305,5.70028672888288,0.450046291557888
3,JDC,22,AG-R,LT_Pronation_pro_R,0.205224709408369,0.287051729557232,0.492276438965601,0.00485107128121824,0.00534012336376835,5.71230451033941,0.448253181926797
3,JDC,23,mIPS-R,LT_Pronation_pro_R,0.566537515776132,0.36597914740346,0.932516663179592,0.00752845352318224,0.0082332655853232,5.64531795743995,0.408286053349857
3,JDC,24,VIP-R,LT_Pronation_pro_R,0.246450076953683,0.216843756012194,0.463293832965876,0.00472741955702083,0.00520254129270387,5.71770314908221,0.450557530859969
3,JDC,25,SPOC-R,LT_Pronation_pro_R,0.121083299610664,0.400015578021325,0.521098877631988,0.00469129662503608,0.00515464033772429,5.71713348675196,0.447611295077422
3,JDC,26,S1-R,LT_Pronation_pro_R,0.158554212366572,0.212655857624641,0.371210069991213,0.00388509942841251,0.00426687965731491,5.73616390207261,0.452859680761639
3,JDC,27,M1-R,LT_Pronation_pro_R,0.139294783608413,0.269973068361498,0.409267851969911,0.00383644207143952,0.00420415046989431,5.73393706927898,0.452876483048771
3,JDC,28,SMA-R,LT_Pronation_pro_R,0.44253218111713,0.286733893693852,0.729266074810982,0.00595902049862287,0.00656767873550462,5.68418041964763,0.440804308869196
3,JDC,29,PMd-R,LT_Pronation_pro_R,0.209357316170671,0.349856432104703,0.559213748275374,0.00489641350764036,0.00538190678610985,5.70856165113158,0.449296464007771
3,JDC,30,PMv-R,LT_Pronation_pro_R,0.0761804359894348,0.392172563766216,0.468352999755651,0.00404540614761167,0.00445328796044352,5.73085797443373,0.454679713106497
3,JDC,31,FEF-R,LT_Pronation_pro_R,0.152439663309243,0.438322761305908,0.590762424615151,0.00439883984139772,0.00481702501162855,5.71498436604218,0.446851528225433
3,JDC,32,POJ-R,LT_Pronation_pro_R,0.278940381916942,0.514359493257747,0.793299875174689,0.00585082813741751,0.00633421682563654,5.68177567154039,0.423074936269991
4,JFXD,1,V1-L,LT_Pronation_pro_R,0.197856999274517,0.512565667832486,0.710422667107002,0.00874674029280528,0.00916092042367379,6.94274040809898,0.796066666392506
4,JFXD,2,V3-L,LT_Pronation_pro_R,0.150706664362672,0.73447605757087,0.885182721933542,0.00925963391320115,0.00970681423715087,6.93664798852071,0.790908000820363
4,JFXD,3,STS-L,LT_Pronation_pro_R,0.243265918436998,1.01171833884511,1.25498425728211,0.0114773670370766,0.0120140657787497,6.89624564937297,0.77434650027408
4,JFXD,4,IPL-L,LT_Pronation_pro_R,0.82408111987478,0.553227135665301,1.37730825554008,0.01270937878186,0.0133548043099436,6.87596944944235,0.771877856655024
4,JFXD,5,SPL-L,LT_Pronation_pro_R,0.807383727253024,0.347057798938315,1.15444152619134,0.0120761475803045,0.0126794238162079,6.89735986219653,0.780637115067592
4,JFXD,6,AG-L,LT_Pronation_pro_R,0.847226559924706,0.29513373696115,1.14236029688586,0.0115999500181631,0.0121710350834576,6.8962170194656,0.777001879069449
4,JFXD,7,mIPS-L,LT_Pronation_pro_R,0.932627691864781,0.337382464265328,1.27001015613011,0.0133881214370393,0.0140712530888896,6.8797220747118,0.774792606862288
4,JFXD,8,VIP-L,LT_Pronation_pro_R,0.838295483681876,0.498151518450326,1.3364470021322,0.0124416101318372,0.0130724031134501,6.88306732981789,0.772933238331346
4,JFXD,9,SPOC-L,LT_Pronation_pro_R,0.469329605910195,0.655848744289573,1.12517835019977,0.0124051051856103,0.0130161418062599,6.89186404549561,0.777342235320293
4,JFXD,10,S1-L,LT_Pronation_pro_R,0.510911524754871,0.522588137942419,1.03349966269729,0.0111086991953644,0.0116524733367746,6.90379645188632,0.778938313091263
4,JFXD,11,M1-L,LT_Pronation_pro_R,0.89130594737234,0.51227691031183,1.40358285768417,0.0134291497484149,0.0141225412904796,6.8700192819209,0.768383293037695
4,JFXD,12,SMA-L,LT_Pronation_pro_R,0.99110312556544,0.975603515286578,1.96670664085202,0.0170018379140994,0.0178688798631103,6.81813552327047,0.7486922104078
4,JFXD,13,PMd-L,LT_Pronation_pro_R,0.793563052045253,0.559901529833819,1.35346458187907,0.0123728856914387,0.0129961999157648,6.88042969995551,0.772459066067352
4,JFXD,14,PMv-L,LT_Pronation_pro_R,0.505345604732211,0.946264537869433,1.45161014260164,0.0126540901506732,0.0132806357707074,6.87445367180664,0.764995547059973
4,JFXD,15,FEF-L,LT_Pronation_pro_R,0.347172023164985,0.74868310935916,1.09585513252415,0.0101863131380873,0.0106568485221491,6.90982477732149,0.776604818902209
4,JFXD,16,POJ-L,LT_Pronation_pro_R,0.597854195613726,0.420913728323589,1.01876792393732,0.0111503290204751,0.0117131742169866,6.91005075017799,0.783699867511458
4,JFXD,17,V1-R,LT_Pronation_pro_R,0.243124479613115,0.466009121096117,0.709133600709231,0.00861222302800116,0.00902477469537421,6.94749096266098,0.798362527564545
4,JFXD,18,V3-R,LT_Pronation_pro_R,0.135995625764055,0.681383927197721,0.817379552961777,0.00768026154459083,0.00807561606760131,6.95079191701986,0.79152928361926
4,JFXD,19,STS-R,LT_Pronation_pro_R,0.328688385808371,0.418953329444844,0.747641715253215,0.00877998109760068,0.00920531828232886,6.9422712189721,0.798538741585461
4,JFXD,20,IPL-R,LT_Pronation_pro_R,0.477623240002416,0.309456400049626,0.787079640052042,0.00980651642525202,0.0103047383271775,6.93078731801154,0.794675158650981
4,JFXD,21,SPL-R,LT_Pronation_pro_R,0.739777275471706,0.334684476246784,1.07446175171849,0.0116738258952559,0.0122315014912468,6.89923293182196,0.788487895275141
4,JFXD,22,AG-R,LT_Pronation_pro_R,0.543100713913799,0.4010995841772,0.944200298090999,0.0117418410448465,0.0123073531847364,6.90392649484319,0.787075116964671
4,JFXD,23,mIPS-R,LT_Pronation_pro_R,0.832756046049699,0.292796123611807,1.12555216966151,0.0117972103740763,0.012354185961949,6.89414816735009,0.786261975181628
4,JFXD,24,VIP-R,LT_Pronation_pro_R,0.688803103374928,0.372983637475136,1.06178674085006,0.0118212470700901,0.0124141576595261,6.89879659891086,0.779739398941949
4,JFXD,25,SPOC-R,LT_Pronation_pro_R,0.601893305162849,0.385647882596638,0.987541187759487,0.0114930352655923,0.0120774676118571,6.90572667334124,0.790822977746851
4,JFXD,26,S1-R,LT_Pronation_pro_R,0.461073646615123,0.423413245711435,0.884486892326558,0.0108172985184196,0.011369771946183,6.91817177960004,0.790448345130096
4,JFXD,27,M1-R,LT_Pronation_pro_R,0.417213765955233,0.237204663157273,0.654418429112506,0.00814588992933492,0.0085350535586832,6.95339067604687,0.796410724006852
4,JFXD,28,SMA-R,LT_Pronation_pro_R,0.622018375211789,1.11649522426995,1.73851359948174,0.0158147002134279,0.0166443355449347,6.84189444615829,0.760234932168809
4,JFXD,29,PMd-R,LT_Pronation_pro_R,0.359989532625507,0.536178837113318,0.896168369738825,0.010957178796586,0.0115199127341936,6.91297610824175,0.791024176437604
4,JFXD,30,PMv-R,LT_Pronation_pro_R,0.249773427621704,1.14763487779457,1.39740830541627,0.012686382319816,0.0133327290289817,6.87994591800434,0.775650848447649
4,JFXD,31,FEF-R,LT_Pronation_pro_R,0.248011051485368,0.534117418702167,0.782128470187536,0.00884656164213671,0.00928948746223785,6.94332570211296,0.792724289667325
4,JFXD,32,POJ-R,LT_Pronation_pro_R,0.810383264376493,0.41840280249466,1.22878606687115,0.0130942559175145,0.0137292981857488,6.8829989207982,0.78057698443562
5,JZ,1,V1-L,LT_Pronation_pro_R,0.139523251786575,0.341034782480367,0.480558034266943,0.00436568057453231,0.00476083278911179,5.77954163846145,0.485200210268361
5,JZ,2,V3-L,LT_Pronation_pro_R,0.0947651378630955,0.176167986384197,0.270933124247292,0.00328142000983919,0.00358609348388325,5.81379180498071,0.496886514991116
5,JZ,3,STS-L,LT_Pronation_pro_R,0.0589015187492632,0.329846062362889,0.388747581112153,0.00359356144028731,0.00394864537090921,5.80275886020079,0.495360220989359
5,JZ,4,IPL-L,LT_Pronation_pro_R,0.377610469893374,0.432340823479092,0.809951293372466,0.00653028119875344,0.00708308292675111,5.73161851633525,0.467751931767477
5,JZ,5,SPL-L,LT_Pronation_pro_R,0.58741206955002,0.31012376856904,0.89753583811906,0.00726477292024398,0.0079108540069895,5.7184779713143,0.470952538163791
5,JZ,6,AG-L,LT_Pronation_pro_R,0.192542107153875,0.362106889132622,0.554648996286497,0.0053136184316032,0.00574679556227003,5.76224071185356,0.47788676812025
5,JZ,7,mIPS-L,LT_Pronation_pro_R,0.528178858467264,0.291532493535558,0.819711352002822,0.00717623593696743,0.00781012198124572,5.72122893857187,0.468453441374816
5,JZ,8,VIP-L,LT_Pronation_pro_R,0.523652242482968,0.163265162809354,0.686917405292322,0.00550394770249013,0.00599405326590745,5.7582838784622,0.480264102214755
5,JZ,9,SPOC-L,LT_Pronation_pro_R,0.303778548954648,0.324732441155355,0.628510990110004,0.00564509274469768,0.00615010603307189,5.75604736217943,0.480580164264396
5,JZ,10,S1-L,LT_Pronation_pro_R,0.1545990604093,0.763038470286486,0.917637530695785,0.00557241862608315,0.00602524433978241,5.74764366738924,0.467794246540998
5,JZ,11,M1-L,LT_Pronation_pro_R,0.202529482324101,0.241762422849847,0.444291905173948,0.00414256074433075,0.00449775479059916,5.78596225275814,0.488346028503116
5,JZ,12,SMA-L,LT_Pronation_pro_R,0.345483753927456,0.31364771760835,0.659131471535806,0.00597121357480975,0.00655338374667886,5.74542738039627,0.481962187463557
5,JZ,13,PMd-L,LT_Pronation_pro_R,0.358056603133255,0.209018532565723,0.567075135698978,0.00465526906572579,0.0050275935722257,5.77337719648537,0.479449579598323
5,JZ,14,PMv-L,LT_Pronation_pro_R,0.0822802340251153,0.201455677908012,0.283735911933127,0.00353305141160306,0.0038481447105294,5.80807451869055,0.496364906675729
5,JZ,15,FEF-L,LT_Pronation_pro_R,0.157101351925206,0.136039110953554,0.29314046287876,0.0037679678963373,0.00410868528098123,5.80189441701412,0.494963753143041
5,JZ,16,POJ-L,LT_Pronation_pro_R,0.68214234809933,0.23606700413945,0.918209352238781,0.00642442448643064,0.00696832689054208,5.73161198472857,0.459233268241434
5,JZ,17,V1-R,LT_Pronation_pro_R,0.115978354133083,0.155597649266506,0.271576003399589,0.00325330016480971,0.00353729956535783,5.81085440082156,0.497693193189605
5,JZ,18,V3-R,LT_Pronation_pro_R,0.18141268791619,0.220081159788634,0.401493847704824,0.00455725138082198,0.00498685877597708,5.78052235484416,0.492531323287971
5,JZ,19,STS-R,LT_Pronation_pro_R,0.0782403423502062,0.245769005002062,0.324009347352268,0.00333816827332587,0.00362806459388166,5.8070894382118,0.492634457047902
5,JZ,20,IPL-R,LT_Pronation_pro_R,0.353390928415558,0.562136109044104,0.915527037459661,0.00685228775019653,0.00758356477691686,5.72459877402156,0.476917993450764
5,JZ,21,SPL-R,LT_Pronation_pro_R,0.358392511836015,0.210719831505484,0.569112343341499,0.00547521165352877,0.00599160352035086,5.75842350253616,0.480623085501218
5,JZ,22,AG-R,LT_Pronation_pro_R,0.182197334960807,0.247523311817515,0.429720646778322,0.00405028600869724,0.00443002699466925,5.78969773044166,0.488784313202001
5,JZ,23,mIPS-R,LT_Pronation_pro_R,0.38241700611865,0.295853958769771,0.678270964888421,0.00569414308206318,0.00616206125021362,5.74732524761953,0.473896627757355
5,JZ,24,VIP-R,LT_Pronation_pro_R,0.76332862593484,0.490810128713397,1.25413875464824,0.00841985271237101,0.00921713112590036,5.67344535226785,0.440011833751666
5,JZ,25,SPOC-R,LT_Pronation_pro_R,0.397705128059699,0.182305837324092,0.580010965383791,0.0057951604657954,0.00632527893427833,5.7540429058053,0.487282339400878
5,JZ,26,S1-R,LT_Pronation_pro_R,0.234392574205336,0.243591758615186,0.477984332820522,0.0051730949247586,0.00566780122997602,5.76757323140195,0.489832620523704
5,JZ,27,M1-R,LT_Pronation_pro_R,0.136253964588354,0.259430680850792,0.395684645439145,0.00424838458735599,0.00465130987406455,5.78642916450714,0.492091929932644
5,JZ,28,SMA-R,LT_Pronation_pro_R,0.359546195313215,0.266611299139414,0.626157494452629,0.00577832206698529,0.00627793634225978,5.75381760198054,0.477731301940496
5,JZ,29,PMd-R,LT_Pronation_pro_R,0.133441838869342,0.228401584834331,0.361843423703673,0.0042414948884752,0.00464231754725957,5.78952817468652,0.493804896911253
5,JZ,30,PMv-R,LT_Pronation_pro_R,0.0963885688914772,0.314218185790506,0.410606754681983,0.00394725567005165,0.00429418161637282,5.79506375837857,0.488719945715362
5,JZ,31,FEF-R,LT_Pronation_pro_R,0.241415675804466,0.289558553604087,0.530974229408552,0.00466174938166052,0.0050484764152028,5.76825444012827,0.476817383761499
5,JZ,32,POJ-R,LT_Pronation_pro_R,0.406751950278388,0.165022326134697,0.571774276413085,0.00509383274008835,0.00555038589118523,5.76089780813113,0.485185999784068
6,LT,1,V1-L,LT_Pronation_pro_R,0.221887457944703,0.253193552672451,0.475081010617153,0.00594536801038525,0.00644076761436925,6.38684960962267,0.705673469003844
6,LT,2,V3-L,LT_Pronation_pro_R,0.137889715801617,0.286727352551543,0.42461706835316,0.00502315790596054,0.00539561057669399,6.40380103419886,0.703472010793401
6,LT,3,STS-L,LT_Pronation_pro_R,0.0778033723489301,0.24762272795632,0.32542610030525,0.00443415553680594,0.00477494694230427,6.42002258683705,0.712481817604967
6,LT,4,IPL-L,LT_Pronation_pro_R,0.992312746157779,0.661869287890007,1.65418203404779,0.012477569069575,0.0133658262555256,6.26856436793847,0.654383459080267
6,LT,5,SPL-L,LT_Pronation_pro_R,0.416502226609455,0.532042563453897,0.948544790063353,0.0088369821410569,0.00947738829172656,6.33319531809894,0.680007958199789
6,LT,6,AG-L,LT_Pronation_pro_R,0.41282426483987,0.343978905171571,0.756803170011442,0.00826511547007991,0.00887514048884031,6.35526076088069,0.692251834541886
6,LT,7,mIPS-L,LT_Pronation_pro_R,0.48122621191064,0.57743611537525,1.05866232728589,0.00964442382599941,0.010310717888854,6.32080567049941,0.671822040078032
6,LT,8,VIP-L,LT_Pronation_pro_R,0.774876452269839,0.682226401616659,1.4571028538865,0.0112122445997216,0.0119787900065365,6.29182997409343,0.661737904504537
6,LT,9,SPOC-L,LT_Pronation_pro_R,0.529958301046691,0.243992277295154,0.773950578341845,0.00768909319845477,0.0083230764490616,6.35240463033648,0.692145501725612
6,LT,10,S1-L,LT_Pronation_pro_R,0.571771181780773,0.491797283153327,1.0635684649341,0.00896346489237019,0.00960544037936172,6.33066067064769,0.672616746070914
6,LT,11,M1-L,LT_Pronation_pro_R,0.738603207242873,0.248715093485414,0.987318300728287,0.00817220356518621,0.00876102887203206,6.34353993901262,0.671828285677687
6,LT,12,SMA-L,LT_Pronation_pro_R,0.670723738878463,0.478800285360129,1.14952402423859,0.0106003483924725,0.0114240426251889,6.31108071793334,0.678006343876708
6,LT,13,PMd-L,LT_Pronation_pro_R,0.3625060572991,0.649004898308993,1.01151095560809,0.00933670072582579,0.0100153251303124,6.3240747089106,0.669612737520201
6,LT,14,PMv-L,LT_Pronation_pro_R,0.0618105874423507,0.360303491450627,0.422114078892978,0.00470059456300786,0.00505946154307691,6.41284910805516,0.709766008754949
6,LT,15,FEF-L,LT_Pronation_pro_R,0.155765536228084,0.272108763579086,0.427874299807169,0.00520919834431583,0.00560884244027002,6.40498870759857,0.701894404803753
6,LT,16,POJ-L,LT_Pronation_pro_R,0.843932478049196,0.365539921302114,1.20947239935131,0.0106377991009987,0.0114310599386897,6.29798853453766,0.667364562354386
6,LT,17,V1-R,LT_Pronation_pro_R,0.130984654278051,0.213361476556167,0.344346130834218,0.00512416368897583,0.00552452440901945,6.40731496617565,0.715765708021082
6,LT,18,V3-R,LT_Pronation_pro_R,0.13574659631466,0.407616955603213,0.543363551917873,0.00575365474575105,0.0061643043457415,6.38972025870545,0.700331532691105
6,LT,19,STS-R,LT_Pronation_pro_R,0.0577876231645865,0.314520756783877,0.372308379948464,0.00426762092842512,0.00457058036150499,6.42646085458393,0.710437969603042
6,LT,20,IPL-R,LT_Pronation_pro_R,0.761438143608344,0.460465173853293,1.22190331746164,0.0101143105820809,0.0109069041467963,6.3072316931932,0.670984532040912
6,LT,21,SPL-R,LT_Pronation_pro_R,0.389039172118983,0.345957321212325,0.734996493331307,0.00812935468990893,0.00879798963770029,6.34882495337214,0.693644358330322
6,LT,22,AG-R,LT_Pronation_pro_R,0.225390794752224,0.488604258517692,0.713995053269916,0.00822277813920021,0.00884530048041913,6.35259603074723,0.698840411561903
6,LT,23,mIPS-R,LT_Pronation_pro_R,0.48168678817987,0.623866702234145,1.10555349041401,0.0106984245790601,0.0115230425513769,6.30526762218072,0.678977472224838
6,LT,24,VIP-R,LT_Pronation_pro_R,0.867807603341628,0.412029255982616,1.27983685932424,0.0105725282360316,0.0114043410546072,6.30063626510836,0.672208037781355
6,LT,25,SPOC-R,LT_Pronation_pro_R,0.34867831547509,0.519076337580723,0.867754653055813,0.00830016923805837,0.00890944193968566,6.34455281348219,0.686159159067481
6,LT,26,S1-R,LT_Pronation_pro_R,0.454271940907212,0.355084192866288,0.8093561337735,0.00838167677019511,0.00904944821152987,6.34571432573875,0.69176557328986
6,LT,27,M1-R,LT_Pronation_pro_R,0.292554753686752,0.329737902764479,0.62229265645123,0.00719914804655814,0.0077495170933924,6.36895837012775,0.698015170402396
6,LT,28,SMA-R,LT_Pronation_pro_R,0.858054335716415,0.614022529838757,1.47207686555517,0.0121485310636927,0.0130628924060404,6.27614128568672,0.648617194650511
6,LT,29,PMd-R,LT_Pronation_pro_R,0.373304973434354,0.4869390126701,0.860243986104454,0.00785302981488232,0.0084164744672451,6.34241963048249,0.67332693079114
6,LT,30,PMv-R,LT_Pronation_pro_R,0.122993627905716,0.236088730674122,0.359082358579838,0.00464283535984119,0.00499749836362097,6.41682377921069,0.709784801297723
6,LT,31,FEF-R,LT_Pronation_pro_R,0.214982557063771,0.491354262276093,0.706336819339864,0.00734090808161037,0.00793684079103039,6.36029082625782,0.694118302060036
6,LT,32,POJ-R,LT_Pronation_pro_R,0.323493834391248,0.494525460152839,0.818019294544088,0.00862494541962571,0.00928151376712257,6.34251961058329,0.691967341370018
7,NvA,1,V1-L,LT_Pronation_pro_R,0.072419061394775,0.133841518130756,0.206260579525531,0.00270281182660458,0.00296983646001795,5.7624318265098,0.477462735417095
7,NvA,2,V3-L,LT_Pronation_pro_R,0.101155343387458,0.125807559711495,0.226962903098953,0.00301289688883576,0.00330773406413105,5.75559720051561,0.479298236608358
7,NvA,3,STS-L,LT_Pronation_pro_R,0.0902464686953579,0.378282656371035,0.468529125066393,0.00449320144059827,0.00488292210622578,5.72128231520798,0.469148637227746
7,NvA,4,IPL-L,LT_Pronation_pro_R,0.643422022313008,0.488582148091361,1.13200417040437,0.00838335804645766,0.00908899832431,5.62411533937371,0.424786683271746
7,NvA,5,SPL-L,LT_Pronation_pro_R,0.206865317349277,0.524910095258636,0.731775412607913,0.00613717256860866,0.00669734536795144,5.67380131086307,0.451239839705202
7,NvA,6,AG-L,LT_Pronation_pro_R,0.259314575255155,0.176795287027277,0.436109862282432,0.00459925372686482,0.00502591195920957,5.71585769586369,0.46837686413722
7,NvA,7,mIPS-L,LT_Pronation_pro_R,0.417948191147238,0.159005034750702,0.576953225897941,0.00471979581079866,0.00512982727875634,5.70176658462791,0.457537456641859
7,NvA,8,VIP-L,LT_Pronation_pro_R,0.242133751402291,0.240953238588485,0.483086989990776,0.00461421300242326,0.00498937307900991,5.71446149270707,0.459921630671236
7,NvA,9,SPOC-L,LT_Pronation_pro_R,0.264325844348028,0.188804085909992,0.45312993025802,0.0044684931243764,0.00488193873289288,5.71522638289023,0.46134388125271
7,NvA,10,S1-L,LT_Pronation_pro_R,0.422328799900546,0.360631204616484,0.78296000451703,0.0066505446099999,0.00724460012143421,5.66613877942604,0.448241359772849
7,NvA,11,M1-L,LT_Pronation_pro_R,0.398840409877812,0.368687427487959,0.767527837365771,0.0063059438777099,0.00688990628399334,5.67045586169301,0.450974950600253
7,NvA,12,SMA-L,LT_Pronation_pro_R,0.147608924174512,0.268157073096279,0.415765997270791,0.0041763774502693,0.00457392207033886,5.72190499084878,0.469910313904903
7,NvA,13,PMd-L,LT_Pronation_pro_R,0.217583273995681,0.207396311911579,0.42497958590726,0.00468442915633487,0.00513758901813571,5.71304303808407,0.469506358140772
7,NvA,14,PMv-L,LT_Pronation_pro_R,0.0826870925050198,0.167400246206509,0.250087338711529,0.00293638709262142,0.0032034414962519,5.75590957277117,0.475606558467866
7,NvA,15,FEF-L,LT_Pronation_pro_R,0.153148563227439,0.261668371922446,0.414816935149885,0.00447771071251995,0.00489345584207454,5.72132992490068,0.469846593084385
7,NvA,16,POJ-L,LT_Pronation_pro_R,0.152029235668837,0.201861563847853,0.35389079951669,0.00372763467852752,0.00408190850046223,5.73770821902635,0.467665032625468
7,NvA,17,V1-R,LT_Pronation_pro_R,0.110979371347755,0.187946930828068,0.298926302175823,0.00358266159217168,0.00392223646918057,5.73945114514408,0.473612144214888
7,NvA,18,V3-R,LT_Pronation_pro_R,0.087520214231103,0.263629641194131,0.351149855425234,0.00378484439003128,0.0041374127969059,5.73685502792154,0.47345262638928
7,NvA,19,STS-R,LT_Pronation_pro_R,0.110274819090735,0.202937230083118,0.313212049173852,0.00324153074612037,0.00353168532113825,5.74802224409974,0.46858741611098
7,NvA,20,IPL-R,LT_Pronation_pro_R,0.424801385542055,0.372115314827933,0.796916700369988,0.00697082821400696,0.00763863666522886,5.66460128254281,0.453930204012214
7,NvA,21,SPL-R,LT_Pronation_pro_R,0.504000444668937,0.369403720992203,0.87340416566114,0.00608804104298054,0.0066301160601206,5.66035046569295,0.433855088403585
7,NvA,22,AG-R,LT_Pronation_pro_R,0.199171984757218,0.282577897118119,0.481749881875337,0.0047672358846294,0.00517803467165181,5.71172059159417,0.464839725242836
7,NvA,23,mIPS-R,LT_Pronation_pro_R,0.460956256816698,0.238808599243739,0.699764856060437,0.00647201098544425,0.00710040130302276,5.67458446895527,0.462696568946211
7,NvA,24,VIP-R,LT_Pronation_pro_R,0.503581744500515,0.425583073473617,0.929164817974132,0.00769223789345556,0.00841096837488301,5.64308345412029,0.446011626828508
7,NvA,25,SPOC-R,LT_Pronation_pro_R,0.299395996737738,0.55673203266487,0.856128029402608,0.00658567949903568,0.007157603914161,5.66406401179811,0.449320243624401
7,NvA,26,S1-R,LT_Pronation_pro_R,0.18517969243389,0.27964139758594,0.464821090019831,0.00451203837698482,0.00488699164832041,5.71734071586791,0.463670669062826
7,NvA,27,M1-R,LT_Pronation_pro_R,0.309858444039434,0.211732431682124,0.521590875721559,0.00544812856321345,0.00595284605564251,5.69768958969908,0.466596152266275
7,NvA,28,SMA-R,LT_Pronation_pro_R,0.152340881299382,0.140399761389615,0.292740642688997,0.00354377920953746,0.00387555767510451,5.74062877835207,0.474103137112486
7,NvA,29,PMd-R,LT_Pronation_pro_R,0.37307360220104,0.222467247177539,0.595540849378579,0.00535997208275676,0.0058248441305861,5.69409445501566,0.459830315958613
7,NvA,30,PMv-R,LT_Pronation_pro_R,0.0874818497942841,0.143215254645466,0.23069710443975,0.00276821712522828,0.00303349645523935,5.76112256634336,0.478027057512542
7,NvA,31,FEF-R,LT_Pronation_pro_R,0.337266849765988,0.162282473728215,0.499549323494203,0.00471718861500578,0.00516203375086294,5.71032312669443,0.466635906639073
7,NvA,32,POJ-R,LT_Pronation_pro_R,0.513945471972011,0.219629054277673,0.733574526249684,0.00624590114572718,0.00682333997859917,5.67432832074639,0.455156834792019
8,RR,1,V1-L,LT_Pronation_pro_R,0.11651136091263,0.156123696451923,0.272635057364554,0.00299281745588847,0.00330875889151292,5.90959029117291,0.560455516151051
8,RR,2,V3-L,LT_Pronation_pro_R,0.105536913248542,0.226343122514292,0.331880035762833,0.00354601518881246,0.00393012371057038,5.89432359619553,0.559786750558769
8,RR,3,STS-L,LT_Pronation_pro_R,0.0633651565881542,0.144236107066397,0.207601263654551,0.00266051810656246,0.0029285629257534,5.92366557485009,0.569130572459081
8,RR,4,IPL-L,LT_Pronation_pro_R,0.512215961316517,0.172393669849029,0.684609631165546,0.00618894327500293,0.00687293055560772,5.83276463965753,0.548370344428723
8,RR,5,SPL-L,LT_Pronation_pro_R,0.488419776496506,0.455521472841142,0.943941249337648,0.00747632750639922,0.00825172563291808,5.80377121486468,0.524824625583889
8,RR,6,AG-L,LT_Pronation_pro_R,0.281634784619007,0.196624753746297,0.478259538365304,0.00485236808908952,0.00535963687800319,5.86773277696147,0.553414939232743
8,RR,7,mIPS-L,LT_Pronation_pro_R,0.47170630047921,0.277716593327033,0.749422893806243,0.00609525485594659,0.00669885058303383,5.8283317946295,0.527569788045911
8,RR,8,VIP-L,LT_Pronation_pro_R,0.307338980034858,0.190272832003396,0.497611812038254,0.00519432508147617,0.0057583597161584,5.86150036541487,0.554724008842206
8,RR,9,SPOC-L,LT_Pronation_pro_R,0.646501137058884,0.445801577581838,1.09230271464072,0.00803242919991912,0.00894320862637268,5.78456501706832,0.518174643435046
8,RR,10,S1-L,LT_Pronation_pro_R,0.430552221033648,0.159235115092501,0.589787336126149,0.00546959185616837,0.00603080577026587,5.85076078156586,0.54733911867703
8,RR,11,M1-L,LT_Pronation_pro_R,0.371374150277367,0.17686875680392,0.548242907081287,0.00494059973380865,0.00542541981713207,5.86317455737035,0.550580532032044
8,RR,12,SMA-L,LT_Pronation_pro_R,0.401413249288388,0.260936228662653,0.66234947795104,0.00595814021618709,0.006581438537742,5.83416686218604,0.53809535543875
8,RR,13,PMd-L,LT_Pronation_pro_R,0.258345724766332,0.296144771195939,0.554490495962272,0.00531060464722209,0.0058731034885201,5.85539702982252,0.550613625078762
8,RR,14,PMv-L,LT_Pronation_pro_R,0.0785155264278583,0.192254135838325,0.270769662266183,0.00335056601435546,0.00370366970406489,5.90366722783964,0.566882335354455
8,RR,15,FEF-L,LT_Pronation_pro_R,0.167512262425161,0.257181193424613,0.424693455849774,0.00434198017724357,0.00483384390963459,5.87571228173361,0.558228541431904
8,RR,16,POJ-L,LT_Pronation_pro_R,0.733953695672667,0.465064664432511,1.19901836010518,0.00846005209758521,0.0093633975480097,5.7796710251908,0.514775451549125
8,RR,17,V1-R,LT_Pronation_pro_R,0.142714723812282,0.423004351945491,0.565719075757772,0.00504904464425448,0.00561148356998489,5.85958069103052,0.549887879763027
8,RR,18,V3-R,LT_Pronation_pro_R,0.15130023898092,0.179484990489073,0.330785229469993,0.00343569619868583,0.00381768768725801,5.89589391258153,0.561103581357765
8,RR,19,STS-R,LT_Pronation_pro_R,0.0975091907718586,0.243095689915742,0.340604880687601,0.00297424317388279,0.00330688237411618,5.9055552395096,0.555458163436862
8,RR,20,IPL-R,LT_Pronation_pro_R,0.282873026902226,0.306122770961224,0.58899579786345,0.0059141126183533,0.00656434424947641,5.84327653497738,0.546220987438637
8,RR,21,SPL-R,LT_Pronation_pro_R,0.426536121162223,0.322757961970481,0.749294083132704,0.0059390074308782,0.00660708471513248,5.83295589451002,0.538670619917988
8,RR,22,AG-R,LT_Pronation_pro_R,0.134723669220223,0.440948025316523,0.575671694536746,0.00462781781206693,0.00513783933104055,5.86248980400345,0.546833664610804
8,RR,23,mIPS-R,LT_Pronation_pro_R,0.439372408544147,0.296663302672712,0.73603571121686,0.00584022595235838,0.00646812946432639,5.83143691101074,0.540471367563703
8,RR,24,VIP-R,LT_Pronation_pro_R,0.294476174826459,0.395501566188897,0.689977741015356,0.00596211411610118,0.00659696106434861,5.83740709637588,0.548067616457659
8,RR,25,SPOC-R,LT_Pronation_pro_R,0.392343238672246,0.280409180756576,0.672752419428822,0.00536606318213378,0.00593742237715642,5.84847286072825,0.537588081361934
8,RR,26,S1-R,LT_Pronation_pro_R,0.218718968244371,0.366644530089017,0.585363498333388,0.00577022302817088,0.00641982201541508,5.84547689016278,0.550402922789906
8,RR,27,M1-R,LT_Pronation_pro_R,0.132404993502543,0.242708409702214,0.375113403204757,0.0044024962318499,0.00486390754497117,5.88067057287373,0.561543082894898
8,RR,28,SMA-R,LT_Pronation_pro_R,0.441466668254795,0.400350690460628,0.841817358715424,0.00746981662254473,0.00828659939448436,5.80719474840894,0.533583961164821
8,RR,29,PMd-R,LT_Pronation_pro_R,0.437573591378677,0.704747661539171,1.14232125291785,0.00818193939474354,0.00897116085305516,5.78553417016708,0.497350560723421
8,RR,30,PMv-R,LT_Pronation_pro_R,0.0702180241786592,0.208081047016995,0.278299071195654,0.00357848310884248,0.0039721532420233,5.89967642322097,0.56831148389242
8,RR,31,FEF-R,LT_Pronation_pro_R,0.231914170452984,0.550364229317498,0.782278399770482,0.00637305703069558,0.00704359363398415,5.83024894545925,0.539085929735116
8,RR,32,POJ-R,LT_Pronation_pro_R,0.447827310688914,0.343266621065206,0.79109393175412,0.00638444331187146,0.00713242207668824,5.82610454669809,0.535472260204675
9,SJB,1,V1-L,LT_Pronation_pro_R,0.132742977865027,0.487071533737182,0.619814511602209,0.0055923916026122,0.00598332159892974,6.0121632164546,0.507897064313994
9,SJB,2,V3-L,LT_Pronation_pro_R,0.163277449130217,0.60584530762202,0.769122756752237,0.00589045533821352,0.0062835657384975,6.00383914943114,0.499688300337658
9,SJB,3,STS-L,LT_Pronation_pro_R,0.121592609441374,0.188179612692627,0.309772222134001,0.00393741020162803,0.00421145079449549,6.05480826805462,0.518115107486319
9,SJB,4,IPL-L,LT_Pronation_pro_R,0.522192879152774,0.511018561569283,1.03321144072206,0.00881671136690315,0.00939907927174301,5.94861035161805,0.486636326760528
9,SJB,5,SPL-L,LT_Pronation_pro_R,0.769615079623303,0.495134304382637,1.26474938400594,0.0104458295481866,0.0111779637693043,5.9180228173093,0.484202400545211
9,SJB,6,AG-L,LT_Pronation_pro_R,0.607758842586885,0.188570094783391,0.796328937370277,0.00713623625000306,0.00764343491759509,5.98492107119323,0.504100209934324
9,SJB,7,mIPS-L,LT_Pronation_pro_R,0.47646193660473,0.562993412442997,1.03945534904773,0.0096696425101993,0.0103268771203449,5.93749445520471,0.488938565432199
9,SJB,8,VIP-L,LT_Pronation_pro_R,0.468905896715266,0.576517031456476,1.04542292817174,0.0085663673913518,0.00917829452741338,5.95029319294529,0.491358904397118
9,SJB,9,SPOC-L,LT_Pronation_pro_R,0.591787980748644,0.235559375976392,0.827347356725036,0.00765282674156061,0.00819862762750124,5.97654131333487,0.504765313979613
9,SJB,10,S1-L,LT_Pronation_pro_R,0.132745394961257,0.298250908988753,0.430996303950011,0.00468692107999533,0.0049769636354112,6.03848118069838,0.512146791953297
9,SJB,11,M1-L,LT_Pronation_pro_R,0.476290624845222,0.320757131614497,0.797047756459719,0.00764157636286517,0.00816773592966481,5.97367535180872,0.497571678515564
9,SJB,12,SMA-L,LT_Pronation_pro_R,0.225973507949684,0.244706262119039,0.470679770068723,0.00506427093003346,0.00540550123147958,6.02508363464733,0.514553018393707
9,SJB,13,PMd-L,LT_Pronation_pro_R,0.454759093804808,0.275055018318701,0.729814112123509,0.0076270831855305,0.00815641062256858,5.98000115540402,0.507076496815727
9,SJB,14,PMv-L,LT_Pronation_pro_R,0.0607868017423135,0.259837209873418,0.320624011615731,0.00403178537138467,0.00430746515084445,6.05225005656972,0.525157883809414
9,SJB,15,FEF-L,LT_Pronation_pro_R,0.110787837434206,0.383811423864531,0.494599261298737,0.00534759946293912,0.00571058870536787,6.02208894609269,0.512895434310692
9,SJB,16,POJ-L,LT_Pronation_pro_R,0.780230073203022,0.16261537848798,0.942845451691002,0.00723894041349233,0.00775088789279092,5.97674359755013,0.498045417965587
9,SJB,17,V1-R,LT_Pronation_pro_R,0.231501368546976,0.187374659102646,0.418876027649622,0.00477950548344842,0.00511455862259924,6.03102666085453,0.519402811744128
9,SJB,18,V3-R,LT_Pronation_pro_R,0.196842574085713,0.245228699343489,0.442071273429202,0.00551090691632939,0.00593157890820798,6.01819632377213,0.519356759099892
9,SJB,19,STS-R,LT_Pronation_pro_R,0.0836627507767212,0.526393580777163,0.610056331553885,0.00525051033045174,0.00560667883554326,6.01969913426934,0.512249690208879
9,SJB,20,IPL-R,LT_Pronation_pro_R,0.203201001620408,0.213291067176517,0.416492068796924,0.00521177496053165,0.00559599156451735,6.024156188774,0.518105053339087
9,SJB,21,SPL-R,LT_Pronation_pro_R,0.280908110103705,0.412437449595055,0.69334555969876,0.00720918813946826,0.00773329311934509,5.987926607407,0.510804962049426
9,SJB,22,AG-R,LT_Pronation_pro_R,0.282068063670589,0.557430620141228,0.839498683811817,0.00769522694392696,0.00820772622083037,5.97841824963674,0.500876435773135
9,SJB,23,mIPS-R,LT_Pronation_pro_R,0.572300527537119,0.361670835121246,0.933971362658365,0.00824525442630183,0.00878753882919982,5.96299263442597,0.495169414523606
9,SJB,24,VIP-R,LT_Pronation_pro_R,0.386292794010241,0.239646766371717,0.625939560381958,0.00632156761034586,0.00675175710610199,5.9978524610614,0.505682164186106
9,SJB,25,SPOC-R,LT_Pronation_pro_R,0.346742489580529,0.335962520010142,0.682705009590671,0.00711876437530072,0.00761778535275328,5.99134464983313,0.508458234353595
9,SJB,26,S1-R,LT_Pronation_pro_R,0.236400014524502,0.313317445821927,0.549717460346429,0.00621629690323028,0.00664010136577696,6.00372910700087,0.512856883329387
9,SJB,27,M1-R,LT_Pronation_pro_R,0.197587484192825,0.305985202411201,0.503572686604027,0.00488080306535881,0.00520627974768917,6.02512488300871,0.509984317726833
9,SJB,28,SMA-R,LT_Pronation_pro_R,0.258796918745186,0.197278464908786,0.456075383653972,0.00533618514750393,0.00570836694540826,6.021779607927,0.516929679443732
9,SJB,29,PMd-R,LT_Pronation_pro_R,0.228816793753033,0.263227093543233,0.492043887296267,0.00563876513918765,0.00601689178391545,6.0128771856443,0.509699681328981
9,SJB,30,PMv-R,LT_Pronation_pro_R,0.0550870303312044,0.105456336829577,0.160543367160782,0.00277415856728748,0.00297842456366709,6.08331900488275,0.533409959659023
9,SJB,31,FEF-R,LT_Pronation_pro_R,0.142777452070064,0.159315687434615,0.302093139504679,0.00430527686651512,0.00462854289132252,6.04425698033319,0.524498663045589
9,SJB,32,POJ-R,LT_Pronation_pro_R,0.6636179300416,0.242573292880678,0.906191222922278,0.00800500669693874,0.0085705799525471,5.96345631704737,0.495587835891712
1,DOC,1,V1-L,LT_Pronation_anti_L,0.0951043294023281,0.24264168067608,0.337746010078408,0.00404942024791877,0.00430010237386261,6.13721470244586,0.532473772154274
1,DOC,2,V3-L,LT_Pronation_anti_L,0.185058733641965,0.461744177241916,0.646802910883881,0.00651569075342299,0.00694168978535423,6.08381034950167,0.522620215011387
1,DOC,3,STS-L,LT_Pronation_anti_L,0.0524676120072419,0.275548000781842,0.328015612789084,0.00403080550237738,0.00430309804263511,6.13901511839835,0.534895792499558
1,DOC,4,IPL-L,LT_Pronation_anti_L,0.734600285454115,0.567894910059333,1.30249519551345,0.0104699317236887,0.0111414428457197,5.99836022833923,0.479765499740553
1,DOC,5,SPL-L,LT_Pronation_anti_L,0.537125328551493,0.254569856345971,0.791695184897463,0.00761475194498553,0.00813565186429628,6.05269096853594,0.509914974184251
1,DOC,6,AG-L,LT_Pronation_anti_L,0.282824017895416,0.304830751054027,0.587654768949443,0.00670931630447965,0.00719336575076533,6.08121696691227,0.525404314511007
1,DOC,7,mIPS-L,LT_Pronation_anti_L,0.443697902050659,0.39815946014517,0.841857362195829,0.0080002167045148,0.00853159688663496,6.05035131474181,0.501801368626981
1,DOC,8,VIP-L,LT_Pronation_anti_L,0.475334591833837,0.379231007845895,0.854565599679733,0.00850569495693698,0.00911188041527007,6.04762313787185,0.513050898207637
1,DOC,9,SPOC-L,LT_Pronation_anti_L,0.510347399143648,0.249799213422493,0.760146612566142,0.00639949115955555,0.00681233383707904,6.07075706964881,0.507038968271355
1,DOC,10,S1-L,LT_Pronation_anti_L,0.350401838880219,0.248871215838079,0.599273054718298,0.00623765833222307,0.00662517315479605,6.090277106414,0.509820978492143
1,DOC,11,M1-L,LT_Pronation_anti_L,0.368024038825562,0.248985828053266,0.617009866878828,0.00599454697206004,0.00638259810565593,6.09362634097773,0.517436024091723
1,DOC,12,SMA-L,LT_Pronation_anti_L,0.262646694789753,0.347274137302903,0.609920832092655,0.00586136879535439,0.00627861556708391,6.09036655107487,0.518261363537078
1,DOC,13,PMd-L,LT_Pronation_anti_L,0.354706898043294,0.298971817555246,0.653678715598541,0.00676382529857393,0.00723012649436841,6.07866302938816,0.515975099074943
1,DOC,14,PMv-L,LT_Pronation_anti_L,0.0888140431518779,0.656499328781429,0.745313371933307,0.00567019789311429,0.00602126026264235,6.08850405645899,0.511995739263821
1,DOC,15,FEF-L,LT_Pronation_anti_L,0.173415266651638,0.391902346084651,0.565317612736289,0.00622220573586537,0.00667035679224293,6.09218359713939,0.523400861783397
1,DOC,16,POJ-L,LT_Pronation_anti_L,0.173016480731801,0.38202726172732,0.555043742459121,0.00636649630292411,0.00679727691803884,6.09080990156581,0.52364952885229
1,DOC,17,V1-R,LT_Pronation_anti_L,0.196979694881578,0.405353139942678,0.602332834824257,0.00658991774438715,0.0070996708400387,6.08280405045461,0.523484326054625
1,DOC,18,V3-R,LT_Pronation_anti_L,0.204546452486448,0.338136442678604,0.542682895165051,0.00545062800929834,0.00581225585230977,6.10548313846934,0.522948677196119
1,DOC,19,STS-R,LT_Pronation_anti_L,0.166575674626775,0.251078930848854,0.417654605475629,0.00488688269907528,0.00521849821243217,6.11610077490165,0.529350452096469
1,DOC,20,IPL-R,LT_Pronation_anti_L,0.156291241416039,0.210044167564374,0.366335408980413,0.00474974225080759,0.00507493942704373,6.11972441126987,0.529810057971121
1,DOC,21,SPL-R,LT_Pronation_anti_L,0.62146536870137,0.241214081396693,0.862679450098063,0.00765512732429618,0.00810139278685702,6.05610665479545,0.503688926818425
1,DOC,22,AG-R,LT_Pronation_anti_L,0.664106780207812,0.204864391763691,0.868971171971503,0.00823609195421819,0.00884559119640375,6.04774229357393,0.513658857539844
1,DOC,23,mIPS-R,LT_Pronation_anti_L,0.745816925615308,0.19897020487283,0.944787130488138,0.00855745562267383,0.00917745854267671,6.04198998687,0.507364768067467
1,DOC,24,VIP-R,LT_Pronation_anti_L,0.317643084083376,0.277987196266549,0.595630280349925,0.00651916952443792,0.00699541890831482,6.082263752728,0.518204252588282
1,DOC,25,SPOC-R,LT_Pronation_anti_L,0.708387397787264,0.443846709249812,1.15223410703708,0.00965504065632723,0.0103213970742997,6.01555142676689,0.495834836168998
1,DOC,26,S1-R,LT_Pronation_anti_L,0.197662234124375,0.235513254476617,0.433175488600992,0.0052822218988509,0.00564377584392641,6.10928349929834,0.526692042455307
1,DOC,27,M1-R,LT_Pronation_anti_L,0.29047413869039,0.370354201560084,0.660828340250474,0.0066587754409959,0.00711157458402665,6.08154165396503,0.51915343159774
1,DOC,28,SMA-R,LT_Pronation_anti_L,0.420024122708765,0.514889548748976,0.934913671457742,0.00822935608682585,0.00880009560956669,6.0423454757037,0.498687564282094
1,DOC,29,PMd-R,LT_Pronation_anti_L,0.171312558252455,0.642502529538309,0.813815087790764,0.00724535588947087,0.00776189431946976,6.06806921458606,0.514834675626705
1,DOC,30,PMv-R,LT_Pronation_anti_L,0.077023223626477,0.158174257078471,0.235197480704948,0.00354177582142511,0.00377432354666386,6.15058982833174,0.535139394902183
1,DOC,31,FEF-R,LT_Pronation_anti_L,0.136217179036899,0.320663705393295,0.456880884430193,0.00552487718445947,0.00591350624827993,6.10497333103763,0.525771399614104
1,DOC,32,POJ-R,LT_Pronation_anti_L,0.657742660583462,0.297310443588181,0.955053104171643,0.00836918163279481,0.00894685084395314,6.04512538382182,0.506286016165382
2,GB,1,V1-L,LT_Pronation_anti_L,0.129941081209361,0.29396153677074,0.423902617980102,0.00431383142473855,0.0046753751011083,5.68346617123234,0.43909760440847
2,GB,2,V3-L,LT_Pronation_anti_L,0.176885938895163,0.461243767412951,0.638129706308114,0.00505261988819436,0.00545926511726413,5.65985091588211,0.423731763542759
2,GB,3,STS-L,LT_Pronation_anti_L,0.150750664353938,0.146931118172469,0.297681782526407,0.00352973675384302,0.00382044557683417,5.70524761041903,0.44290813951099
2,GB,4,IPL-L,LT_Pronation_anti_L,0.32486854712241,0.236184075914861,0.561052623037271,0.00518156584436426,0.00560048502255418,5.66331856876208,0.426867617151181
2,GB,5,SPL-L,LT_Pronation_anti_L,0.25037737897489,0.275777966900401,0.526155345875291,0.00538269814109486,0.00582823758618912,5.66198808132293,0.429861494951481
2,GB,6,AG-L,LT_Pronation_anti_L,0.471970829832075,0.368764827811911,0.840735657643987,0.00720538506433035,0.00784131640965051,5.62180855482083,0.422081439773424
2,GB,7,mIPS-L,LT_Pronation_anti_L,0.555592010266466,0.337467627243432,0.893059637509898,0.00705109386445883,0.00763928246989709,5.61655372653928,0.410991172971051
2,GB,8,VIP-L,LT_Pronation_anti_L,0.166426839880461,0.353713163443116,0.520140003323577,0.00465891294354092,0.00504944155168826,5.67716740841399,0.428942625164204
2,GB,9,SPOC-L,LT_Pronation_anti_L,0.374730088948199,0.365129294137132,0.73985938308533,0.00524137880349096,0.00563071963244555,5.65489288235551,0.416488399474212
2,GB,10,S1-L,LT_Pronation_anti_L,0.234648096357332,0.190333415727851,0.424981512085183,0.00496019669022921,0.00539322247108894,5.67269019866257,0.438245825906847
2,GB,11,M1-L,LT_Pronation_anti_L,0.256384392952197,0.196555942730236,0.452940335682433,0.00476517393020672,0.00515205381246222,5.67415646732684,0.437456930981181
2,GB,12,SMA-L,LT_Pronation_anti_L,0.440791666647809,0.140195119954126,0.580986786601935,0.00505880001479602,0.00545160730136165,5.66150287369447,0.428141593185612
2,GB,13,PMd-L,LT_Pronation_anti_L,0.25730034619747,0.323279542049436,0.580579888246906,0.00534977693977825,0.00576888161275075,5.65961922744538,0.429426234985784
2,GB,14,PMv-L,LT_Pronation_anti_L,0.0615945948033376,0.151687871554252,0.21328246635759,0.00299745171772397,0.00325202493970912,5.72275549553898,0.448568921493017
2,GB,15,FEF-L,LT_Pronation_anti_L,0.225350863622986,0.304625664172674,0.52997652779566,0.00511279176715119,0.00553146897587898,5.66250646038484,0.4330371504958
2,GB,16,POJ-L,LT_Pronation_anti_L,0.861046431776118,0.305000862292517,1.16604729406863,0.00736224037607133,0.00796235876588764,5.60481081853893,0.392141866202932
2,GB,17,V1-R,LT_Pronation_anti_L,0.125346549963244,0.167159165468262,0.292505715431506,0.00352744856604382,0.00383192039404411,5.70417675514853,0.444956895326474
2,GB,18,V3-R,LT_Pronation_anti_L,0.113887877961019,0.149428387671636,0.263316265632655,0.00313865287599108,0.00340781074057286,5.71404454039483,0.442672577350452
2,GB,19,STS-R,LT_Pronation_anti_L,0.114683415760361,0.129076971833304,0.243760387593664,0.0031337517640865,0.00340271362595813,5.71511442241808,0.445882546886612
2,GB,20,IPL-R,LT_Pronation_anti_L,0.354186270185038,0.217286608912309,0.571472879097347,0.00533238607930913,0.00577820006100725,5.65482602957677,0.428562902787515
2,GB,21,SPL-R,LT_Pronation_anti_L,0.153645179422507,0.351845085502213,0.50549026492472,0.00494213792712691,0.00538633160701587,5.66726065114148,0.434529731193091
2,GB,22,AG-R,LT_Pronation_anti_L,0.137718868630325,0.366488194165198,0.504207062795523,0.00470823538147436,0.00509234005593274,5.67483931082502,0.43289117983435
2,GB,23,mIPS-R,LT_Pronation_anti_L,0.28890710557694,0.396669695043042,0.685576800619982,0.00595717425739391,0.00644473121872938,5.64255783135152,0.415078783600701
2,GB,24,VIP-R,LT_Pronation_anti_L,0.253159248758719,0.249729339391145,0.502888588149864,0.00471701245468885,0.00512072236186462,5.67291274134873,0.431315959985815
2,GB,25,SPOC-R,LT_Pronation_anti_L,0.225861936228418,0.212487429513453,0.438349365741871,0.00433669999648383,0.00467518744250681,5.68006160508821,0.430818257572701
2,GB,26,S1-R,LT_Pronation_anti_L,0.324189871847629,0.137087882815051,0.46127775466268,0.00407378571378832,0.00438743686328259,5.68835326801217,0.434143578485299
2,GB,27,M1-R,LT_Pronation_anti_L,0.133476457686928,0.282379160600428,0.415855618287356,0.00434277638366855,0.00470845071764155,5.6837936453711,0.439772352021047
2,GB,28,SMA-R,LT_Pronation_anti_L,0.299409370132246,0.262014438203705,0.561423808335951,0.00500212015566209,0.0054118765995104,5.66687359090776,0.4301033372463
2,GB,29,PMd-R,LT_Pronation_anti_L,0.387552232967688,0.258551779791882,0.64610401275957,0.00607391594094189,0.0065348379125007,5.63986914226603,0.425683021338197
2,GB,30,PMv-R,LT_Pronation_anti_L,0.0469322336879922,0.0718257745566007,0.118758008244593,0.00203099263756589,0.00220273578586441,5.74839475333537,0.452889094310095
2,GB,31,FEF-R,LT_Pronation_anti_L,0.165958160827687,0.373469276020448,0.539427436848136,0.00534455383479331,0.00580431447615425,5.65990812097597,0.434588991515981
2,GB,32,POJ-R,LT_Pronation_anti_L,0.156913327939811,0.144136893639983,0.301050221579794,0.0034825219145907,0.00378164558524209,5.70280513025954,0.443075908479824
3,JDC,1,V1-L,LT_Pronation_anti_L,0.0738576045780639,0.170284275605285,0.244141880183349,0.00353147604219105,0.00382891639764597,5.96977434009805,0.519351609983705
3,JDC,2,V3-L,LT_Pronation_anti_L,0.0523341935257812,0.13201512418216,0.184349317707941,0.00278820472059963,0.00301746766999477,5.99025152701261,0.520478951983613
3,JDC,3,STS-L,LT_Pronation_anti_L,0.123573754884886,0.659711581171894,0.78328533605678,0.0051556722063684,0.005522735049062,5.91743438417495,0.494880504805909
3,JDC,4,IPL-L,LT_Pronation_anti_L,0.615476163387062,0.212414851026004,0.827891014413066,0.0072972472931732,0.00787777822262384,5.88571949415277,0.492223415055199
3,JDC,5,SPL-L,LT_Pronation_anti_L,0.508776584666446,0.329691934611504,0.83846851927795,0.00748155585642171,0.0080507894098996,5.87815677132778,0.483591361725109
3,JDC,6,AG-L,LT_Pronation_anti_L,0.203998514962931,0.324047115286308,0.528045630249239,0.0054674243476168,0.00591891611145898,5.91981917710935,0.50224278326428
3,JDC,7,mIPS-L,LT_Pronation_anti_L,0.490280751228728,0.434878305536299,0.925159056765027,0.00833888307257808,0.0090178427904098,5.86176284790202,0.47720700152063
3,JDC,8,VIP-L,LT_Pronation_anti_L,0.59810241823597,0.257901531575906,0.856003949811876,0.00752048998255199,0.00807997378372538,5.88008209511539,0.487177214040169
3,JDC,9,SPOC-L,LT_Pronation_anti_L,0.178139778409114,0.47745286603313,0.655592644442244,0.00572312227605509,0.00614967375651672,5.91292421577691,0.49705714171749
3,JDC,10,S1-L,LT_Pronation_anti_L,0.458133519427473,0.305569156005395,0.763702675432869,0.0069639809678543,0.00750088950779825,5.89546955011983,0.49446958926004
3,JDC,11,M1-L,LT_Pronation_anti_L,0.787327656089842,0.332231360131184,1.11955901622103,0.00853850252480061,0.009253712859213,5.85547105019683,0.480186030552458
3,JDC,12,SMA-L,LT_Pronation_anti_L,0.514697411711825,0.156237841733049,0.670935253444874,0.00623923911366688,0.00677224569617673,5.90578038543326,0.501414546913002
3,JDC,13,PMd-L,LT_Pronation_anti_L,0.424365209457085,0.292620105770444,0.716985315227529,0.00685829307276304,0.00743223833451304,5.89824822676347,0.500269452662302
3,JDC,14,PMv-L,LT_Pronation_anti_L,0.101696197522528,0.20797641135167,0.309672608874198,0.00374552617780564,0.0040366293358039,5.96412644153503,0.510311686938895
3,JDC,15,FEF-L,LT_Pronation_anti_L,0.163946645428795,0.302861613572431,0.466808259001226,0.00542733546488619,0.00585216580106443,5.92791177485629,0.508784145409009
3,JDC,16,POJ-L,LT_Pronation_anti_L,0.310097953139912,0.411103809633216,0.721201762773128,0.00662807692713066,0.00717005153960382,5.8968128847408,0.495060615018546
3,JDC,17,V1-R,LT_Pronation_anti_L,0.0684219286834067,0.222568406482323,0.29099033516573,0.00352315677978843,0.00380455784026776,5.96948487888116,0.514184006100438
3,JDC,18,V3-R,LT_Pronation_anti_L,0.138481632671078,0.118067412682598,0.256549045353677,0.00333304624416454,0.00361489084375092,5.97218887753701,0.514485437963241
3,JDC,19,STS-R,LT_Pronation_anti_L,0.0905189498118007,0.691931083946544,0.782450033758344,0.0059700018248298,0.00644050497399115,5.90858122689618,0.497758832228057
3,JDC,20,IPL-R,LT_Pronation_anti_L,0.559026265009424,0.344265301354276,0.9032915663637,0.00777539647269772,0.00841342719298811,5.86703214660928,0.479667377220424
3,JDC,21,SPL-R,LT_Pronation_anti_L,0.480913711402484,0.319592717144394,0.800506428546878,0.00726547475487095,0.00785454707509874,5.88718066001523,0.496610855160941
3,JDC,22,AG-R,LT_Pronation_anti_L,0.233776327336067,0.2366664778341,0.470442805170167,0.00501724200564183,0.00539567410939138,5.93599306429082,0.502474569672972
3,JDC,23,mIPS-R,LT_Pronation_anti_L,0.672386653389153,0.569794529396911,1.24218118278606,0.00931511649382665,0.00998676414298488,5.83545123651357,0.460970502070067
3,JDC,24,VIP-R,LT_Pronation_anti_L,0.482992209659651,0.440467119417769,0.92345932907742,0.0074887780947461,0.00810718503233217,5.87225224685769,0.485346367685712
3,JDC,25,SPOC-R,LT_Pronation_anti_L,0.121066187065139,0.235002017720375,0.356068204785514,0.00452706049000195,0.00489067820122951,5.94929467094442,0.514352405464447
3,JDC,26,S1-R,LT_Pronation_anti_L,0.195743069733195,0.349109417209539,0.544852486942734,0.00565824917704004,0.00610761233751106,5.92177283228009,0.507324873156139
3,JDC,27,M1-R,LT_Pronation_anti_L,0.145901633768659,0.269623211037349,0.415524844806008,0.00432350620907983,0.00465589340588969,5.94303967621621,0.503125061427429
3,JDC,28,SMA-R,LT_Pronation_anti_L,0.451657142170832,0.167788937084015,0.619446079254847,0.00611291063551898,0.006622412510584,5.91179773724279,0.502070538594625
3,JDC,29,PMd-R,LT_Pronation_anti_L,0.237449537450994,0.267692882959721,0.505142420410714,0.00518885466704078,0.00559454227310542,5.93120898748056,0.504898601103415
3,JDC,30,PMv-R,LT_Pronation_anti_L,0.091466060676064,0.168967013431681,0.260433074107745,0.00326948796308034,0.00353278222889864,5.97285141242961,0.515536044736906
3,JDC,31,FEF-R,LT_Pronation_anti_L,0.224982217545423,0.256049735819271,0.481031953364694,0.00526998160823416,0.00568672344974985,5.92781855882339,0.504976491889178
3,JDC,32,POJ-R,LT_Pronation_anti_L,0.328901193051731,0.463904929334801,0.792806122386532,0.00681693118857938,0.00734506135301641,5.89272857502432,0.492141376147033
4,JFXD,1,V1-L,LT_Pronation_anti_L,0.369908688765066,0.396641895132326,0.766550583897391,0.00893427633201479,0.00945316425129218,7.13687676361133,0.894350795271867
4,JFXD,2,V3-L,LT_Pronation_anti_L,0.210925035409274,0.306857937942894,0.517782973352168,0.00679321013312621,0.0072169301407923,7.17879864542893,0.901914258034215
4,JFXD,3,STS-L,LT_Pronation_anti_L,0.300913082026434,0.947285232761539,1.24819831478797,0.0113058340122628,0.011975177959805,7.09460463576581,0.87690649215196
4,JFXD,4,IPL-L,LT_Pronation_anti_L,0.822719004309185,0.723754224553471,1.54647322886266,0.0144963636267189,0.0152809327898101,7.0647404161038,0.858931724748606
4,JFXD,5,SPL-L,LT_Pronation_anti_L,0.822859876400602,0.761934696571934,1.58479457297254,0.014679984671328,0.015580603704645,7.0534635761669,0.862240138098727
4,JFXD,6,AG-L,LT_Pronation_anti_L,0.835688961784349,0.920933730553311,1.75662269233766,0.0158033301236826,0.0167100138133036,7.03194215640977,0.84179695807722
4,JFXD,7,mIPS-L,LT_Pronation_anti_L,0.946891845993704,0.641819446254246,1.58871129224795,0.015122295649282,0.0160426117433732,7.05152007999355,0.866047395639776
4,JFXD,8,VIP-L,LT_Pronation_anti_L,0.799904770139369,0.597807298096805,1.39771206823617,0.0142837119634067,0.0151010134345606,7.07545760346464,0.876002020164491
4,JFXD,9,SPOC-L,LT_Pronation_anti_L,0.598091867806459,0.524040074218754,1.12213194202521,0.0126694023799858,0.013460883341269,7.09038233814647,0.885222916434683
4,JFXD,10,S1-L,LT_Pronation_anti_L,0.594644284735017,0.842459490260447,1.43710377499546,0.0136486428497788,0.0143761713793582,7.0760652994502,0.872834747889499
4,JFXD,11,M1-L,LT_Pronation_anti_L,0.894867081857999,0.568399082943149,1.46326616480115,0.0141175579714037,0.0149184420472512,7.07264785672061,0.86921395325762
4,JFXD,12,SMA-L,LT_Pronation_anti_L,0.964787823393208,0.467889337123258,1.43267716051647,0.0151045718143137,0.0159847575346121,7.06331905783018,0.878876148484622
4,JFXD,13,PMd-L,LT_Pronation_anti_L,0.87032569514539,0.508567104339741,1.37889279948513,0.0135056136791395,0.0142638735238293,7.07075964465188,0.868830177029824
4,JFXD,14,PMv-L,LT_Pronation_anti_L,0.3885011106642,0.971416083740311,1.35991719440451,0.0127609209868487,0.0134468883864428,7.08542393635637,0.873142493062483
4,JFXD,15,FEF-L,LT_Pronation_anti_L,0.287172899456368,0.598104999068824,0.885277898525192,0.00997615101105607,0.010475643512744,7.13372430166622,0.886684550785617
4,JFXD,16,POJ-L,LT_Pronation_anti_L,0.695638600731707,0.391952071741508,1.08759067247321,0.0108626186795692,0.0115535656418593,7.10756524102417,0.88031227880057
4,JFXD,17,V1-R,LT_Pronation_anti_L,0.275432674415872,0.536886918361311,0.812319592777183,0.00983951408361035,0.0104077772764912,7.13411707817255,0.897880215143086
4,JFXD,18,V3-R,LT_Pronation_anti_L,0.333799765128804,0.746050752705957,1.07985051783476,0.0111873370457798,0.0117935149983529,7.10937946818864,0.885476391878509
4,JFXD,19,STS-R,LT_Pronation_anti_L,0.323719963987013,0.480057837724334,0.803777801711347,0.00976333127289579,0.0103168857283492,7.13744621401202,0.899686531388709
4,JFXD,20,IPL-R,LT_Pronation_anti_L,0.528270193059781,0.497895760604927,1.02616595366471,0.0122822501791921,0.013011106396057,7.10314579080685,0.894107041713017
4,JFXD,21,SPL-R,LT_Pronation_anti_L,0.717616245042708,0.37978030357763,1.09739654862034,0.0125933186410542,0.013383792756582,7.09318926368062,0.887476789403534
4,JFXD,22,AG-R,LT_Pronation_anti_L,0.690618841723011,0.454405270107836,1.14502411183085,0.0123252641878948,0.0130157171979371,7.09308091234477,0.877703632462546
4,JFXD,23,mIPS-R,LT_Pronation_anti_L,0.833786832930601,0.423991161180495,1.2577779941111,0.0132355414067808,0.0140297288365951,7.08044809795782,0.877135976279174
4,JFXD,24,VIP-R,LT_Pronation_anti_L,0.836940147941515,0.430259807372716,1.26719995531423,0.0138525823797454,0.0147064553684843,7.07589437694484,0.882300004916824
4,JFXD,25,SPOC-R,LT_Pronation_anti_L,0.662924206273801,0.68581434354422,1.34873854981802,0.0147001336814642,0.0155869957969868,7.0700004844866,0.880376090061805
4,JFXD,26,S1-R,LT_Pronation_anti_L,0.61195477791481,0.522129471805791,1.1340842497206,0.0127225705357992,0.0134215966621665,7.09337657524369,0.886280518998245
4,JFXD,27,M1-R,LT_Pronation_anti_L,0.436635497213984,0.574343225907738,1.01097872312172,0.0120726853679257,0.0127522513171308,7.10446436157285,0.885399595383722
4,JFXD,28,SMA-R,LT_Pronation_anti_L,0.822272839289309,0.547830724619614,1.37010356390892,0.0145548085123722,0.0153866122345293,7.06979060801706,0.879244140570412
4,JFXD,29,PMd-R,LT_Pronation_anti_L,0.365545040581859,0.859685367112107,1.22523040769397,0.0122505198599385,0.0129434111580922,7.09365754742207,0.877124067294504
4,JFXD,30,PMv-R,LT_Pronation_anti_L,0.217755016698976,0.72797229903527,0.945727315734246,0.0100227025288174,0.0105632425839386,7.12515171767351,0.893406268843848
4,JFXD,31,FEF-R,LT_Pronation_anti_L,0.344782106693541,0.659474676864041,1.00425678355758,0.011382060577716,0.0120607204837313,7.11152317704984,0.894572731345551
4,JFXD,32,POJ-R,LT_Pronation_anti_L,0.890294175388978,0.599748327076384,1.49004250246536,0.0147473187662173,0.015577859371313,7.0580771891222,0.868579553697796
5,JZ,1,V1-L,LT_Pronation_anti_L,0.123775121876657,0.230862594192268,0.354637716068925,0.00397455566078557,0.00427071745562447,5.9239338874907,0.462635294506837
5,JZ,2,V3-L,LT_Pronation_anti_L,0.106489641545023,0.203940797653366,0.310430439198388,0.00363036376253078,0.00392054679063282,5.93103251806879,0.463563629954639
5,JZ,3,STS-L,LT_Pronation_anti_L,0.0807343863202059,0.399622264507881,0.480356650828087,0.00475293563409148,0.00510707004883132,5.90891753173252,0.460565851498891
5,JZ,4,IPL-L,LT_Pronation_anti_L,0.359150672505476,0.38490103709813,0.744051709603606,0.00704640906700172,0.00760662798415365,5.85423529916983,0.446273458891725
5,JZ,5,SPL-L,LT_Pronation_anti_L,0.498654689695981,0.26133760973005,0.75999229942603,0.00689611107755903,0.0074314707053834,5.85766921396993,0.44762046441296
5,JZ,6,AG-L,LT_Pronation_anti_L,0.297297243464229,0.292842589907972,0.590139833372202,0.00573945604997707,0.00611532318597445,5.88597869434474,0.450923926565557
5,JZ,7,mIPS-L,LT_Pronation_anti_L,0.573246425056719,0.133220301043418,0.706466726100137,0.00611585686315094,0.0065855921141167,5.87219155903152,0.450863811208686
5,JZ,8,VIP-L,LT_Pronation_anti_L,0.46691586280949,0.383793482389642,0.850709345199132,0.00836033963114331,0.00901438989045659,5.83767474273245,0.446464536731099
5,JZ,9,SPOC-L,LT_Pronation_anti_L,0.242526888150959,0.425376772499542,0.667903660650502,0.00639155053540451,0.00684091082956953,5.87145779253779,0.452071635574663
5,JZ,10,S1-L,LT_Pronation_anti_L,0.251145821245705,0.427397802985121,0.678543624230826,0.00579552768575044,0.00621378331764722,5.87776706119443,0.44371857916752
5,JZ,11,M1-L,LT_Pronation_anti_L,0.155146099792511,0.762320192336602,0.917466292129113,0.00709636617430268,0.00761545849823766,5.853592494477,0.442354537924459
5,JZ,12,SMA-L,LT_Pronation_anti_L,0.439123024313121,0.275643595050284,0.714766619363405,0.00669753227491274,0.00721353837406177,5.86003649598654,0.448376230798108
5,JZ,13,PMd-L,LT_Pronation_anti_L,0.310594887219813,0.219566220374741,0.530161107594554,0.00529794771423854,0.00566488858063667,5.8921113545177,0.45297858175477
5,JZ,14,PMv-L,LT_Pronation_anti_L,0.213448946171301,0.582931030108811,0.796379976280112,0.00692755699918558,0.0074607898064527,5.85802902248409,0.444839672875947
5,JZ,15,FEF-L,LT_Pronation_anti_L,0.124951887444413,0.412022991566965,0.536974879011378,0.00531847820913117,0.00568517951237234,5.89491239423597,0.455007677378838
5,JZ,16,POJ-L,LT_Pronation_anti_L,0.49047855496297,0.224606979759082,0.715085534722052,0.00648649263582844,0.00695852826427021,5.86716527866786,0.44791027436495
5,JZ,17,V1-R,LT_Pronation_anti_L,0.148402844241094,0.299624908133183,0.448027752374277,0.00477605944457557,0.00513272809219937,5.90642825783419,0.459074812555037
5,JZ,18,V3-R,LT_Pronation_anti_L,0.167885517188778,0.448201320051027,0.616086837239805,0.00516139043028329,0.00554497471074241,5.88913234394283,0.453261184903526
5,JZ,19,STS-R,LT_Pronation_anti_L,0.0745153353979271,0.134455462006709,0.208970797404636,0.00304414849112711,0.003275938512036,5.94991526256009,0.468996635577395
5,JZ,20,IPL-R,LT_Pronation_anti_L,0.502837409946583,0.200502841285291,0.703340251231874,0.0062136195265501,0.00668766837537764,5.87101489717036,0.450728007857729
5,JZ,21,SPL-R,LT_Pronation_anti_L,0.296361491905223,0.360641062743349,0.657002554648572,0.006348465188436,0.00679318347911604,5.87188463799182,0.448663714988628
5,JZ,22,AG-R,LT_Pronation_anti_L,0.173866007286404,0.407830804747995,0.581696812034399,0.00563374357989798,0.00604066592673912,5.88550183427428,0.452587834003869
5,JZ,23,mIPS-R,LT_Pronation_anti_L,0.335554886959927,0.257506429257117,0.593061316217044,0.00605858614063768,0.00649660042198605,5.87873790680739,0.448381094261027
5,JZ,24,VIP-R,LT_Pronation_anti_L,0.565528220913681,0.227577719705627,0.793105940619309,0.00694977731247186,0.00747637810985406,5.8576521948629,0.444960676786455
5,JZ,25,SPOC-R,LT_Pronation_anti_L,0.505078366101759,0.255477837305841,0.7605562034076,0.0067223602664145,0.00718032996456239,5.85975603401586,0.44374019450246
5,JZ,26,S1-R,LT_Pronation_anti_L,0.206502271756385,0.163698287380079,0.370200559136465,0.0044295745864319,0.004776513397371,5.91426207624563,0.460637656340664
5,JZ,27,M1-R,LT_Pronation_anti_L,0.141316811113157,0.158514688610953,0.29983149972411,0.00359765007102345,0.00385552103201387,5.93521825934036,0.460808683579472
5,JZ,28,SMA-R,LT_Pronation_anti_L,0.416796299992952,0.14363829446455,0.560434594457502,0.00549782317192868,0.00590403141745796,5.88885175184881,0.453736669237926
5,JZ,29,PMd-R,LT_Pronation_anti_L,0.34780700071575,0.248991346184928,0.596798346900678,0.00644439632898365,0.00694397980182898,5.87191856731001,0.452901850532194
5,JZ,30,PMv-R,LT_Pronation_anti_L,0.123503582390382,0.178045291771402,0.301548874161784,0.00402723052060717,0.00431364418495108,5.92591834783662,0.466822341487895
5,JZ,31,FEF-R,LT_Pronation_anti_L,0.234998972742608,0.316416303122099,0.551415275864707,0.00532048727244318,0.00569502513358758,5.89005600602334,0.448469915649773
5,JZ,32,POJ-R,LT_Pronation_anti_L,0.61173129724651,0.164857610499665,0.776588907746175,0.00669290848765798,0.00720667985739779,5.86260038956894,0.448280110754524
6,LT,1,V1-L,LT_Pronation_anti_L,0.154498261733573,0.50734165057844,0.661839912312013,0.00629825799534659,0.00676884399945315,6.17600112533859,0.553070677547568
6,LT,2,V3-L,LT_Pronation_anti_L,0.126417025974743,0.767114654400233,0.893531680374977,0.00758570881759372,0.00810230794400687,6.15029169320831,0.539284994033792
6,LT,3,STS-L,LT_Pronation_anti_L,0.0580228869258415,0.610007864978246,0.668030751904088,0.00507932686553231,0.00539539891401162,6.20023538701859,0.549807043003241
6,LT,4,IPL-L,LT_Pronation_anti_L,0.942194772853804,0.563247119209034,1.50544189206284,0.0116893475316498,0.0124606017329831,6.07505225688588,0.506209204045031
6,LT,5,SPL-L,LT_Pronation_anti_L,0.415313410699747,0.428203722994892,0.84351713369464,0.00848221229891269,0.00904126115361396,6.142755541228,0.545285647320025
6,LT,6,AG-L,LT_Pronation_anti_L,0.275414034671808,0.28833804983008,0.563752084501888,0.00624055737043284,0.00667291880270807,6.17952361041502,0.557063317169143
6,LT,7,mIPS-L,LT_Pronation_anti_L,0.511632708822747,0.27320238756648,0.784835096389227,0.00788661306718904,0.00841389425636074,6.14855137770873,0.539081793222371
6,LT,8,VIP-L,LT_Pronation_anti_L,0.555440099379437,0.419815990142455,0.975256089521891,0.00877119067259333,0.00935698950123993,6.13485914497479,0.53723413380777
6,LT,9,SPOC-L,LT_Pronation_anti_L,0.591863419954746,0.541160430799601,1.13302385075435,0.0100305406325038,0.0107612537968892,6.10578989293347,0.526998821243222
6,LT,10,S1-L,LT_Pronation_anti_L,0.460144148307454,0.501979894971311,0.962124043278765,0.00867827113531031,0.00929013587883441,6.1332344233863,0.537092405706333
6,LT,11,M1-L,LT_Pronation_anti_L,0.541366875275231,0.238277366581148,0.779644241856379,0.00717735103000389,0.00764536913925326,6.16146221223285,0.541290346700191
6,LT,12,SMA-L,LT_Pronation_anti_L,0.558392194377176,0.278020651366568,0.836412845743745,0.00799387058111814,0.00854280174323062,6.14231745815837,0.541627899581363
6,LT,13,PMd-L,LT_Pronation_anti_L,0.445452092825053,0.226035766511655,0.671487859336708,0.00696597429521729,0.00745645021502383,6.16668960686688,0.544709950142826
6,LT,14,PMv-L,LT_Pronation_anti_L,0.0745742545931937,0.230792745448121,0.305367000041314,0.00425992394919508,0.00456743860113647,6.22631796452644,0.56797179334624
6,LT,15,FEF-L,LT_Pronation_anti_L,0.17637301260451,0.183969823139015,0.360342835743524,0.00477605628959208,0.00510307614158164,6.21080043063759,0.561032821395327
6,LT,16,POJ-L,LT_Pronation_anti_L,0.761548073821087,0.334404503033985,1.09595257685507,0.0101057932171322,0.0108369125741239,6.11128774030077,0.53646256609335
6,LT,17,V1-R,LT_Pronation_anti_L,0.140287249922276,0.309033123109956,0.449320373032231,0.0051191978941935,0.00546973947535599,6.20121492654852,0.55613834312313
6,LT,18,V3-R,LT_Pronation_anti_L,0.164685895771868,0.409052799831848,0.573738695603715,0.00621878866379354,0.00667734561429325,6.18337244347911,0.557290657755785
6,LT,19,STS-R,LT_Pronation_anti_L,0.0478780895791393,0.146380932222591,0.194259021801731,0.0027087772097352,0.00289027311743974,6.25916991111755,0.567866524044582
6,LT,20,IPL-R,LT_Pronation_anti_L,0.615843294022595,0.27153778413678,0.887381078159376,0.00871781187784446,0.00932152006016812,6.13906219147057,0.545350240090069
6,LT,21,SPL-R,LT_Pronation_anti_L,0.477682172249444,0.313072123449677,0.790754295699121,0.00782295419619757,0.00833152171597126,6.15304211150987,0.544243841753905
6,LT,22,AG-R,LT_Pronation_anti_L,0.299813523353888,0.544866205541009,0.844679728894897,0.00788576737451613,0.00838316645699774,6.15054872103977,0.545079157076973
6,LT,23,mIPS-R,LT_Pronation_anti_L,0.45655420690542,0.438005729004409,0.894559935909829,0.00860711963394254,0.00922675895402899,6.1366099473018,0.540346875923644
6,LT,24,VIP-R,LT_Pronation_anti_L,0.910010080239065,0.277717303358998,1.18772738359806,0.00973718068261576,0.0103840293407587,6.11572131197975,0.528490086299202
6,LT,25,SPOC-R,LT_Pronation_anti_L,0.327749439952662,0.33961566488451,0.667365104837172,0.00740274976899644,0.00792368488295177,6.16183547941387,0.554527174857002
6,LT,26,S1-R,LT_Pronation_anti_L,0.254388556428953,0.304038560642424,0.558427117071376,0.00641105080704986,0.00688102442378155,6.17975887761893,0.554096309958719
6,LT,27,M1-R,LT_Pronation_anti_L,0.296811247710361,0.541999342496535,0.838810590206896,0.00776541204727681,0.00824992415799651,6.15014600712053,0.542389737465465
6,LT,28,SMA-R,LT_Pronation_anti_L,0.381755299423717,0.308692790894634,0.690448090318351,0.00744296609505793,0.00795570939356025,6.15882493056295,0.547923136245942
6,LT,29,PMd-R,LT_Pronation_anti_L,0.123865321856691,0.226389195901038,0.350254517757729,0.0047616825794783,0.00509338659298335,6.21279388629182,0.56445166536135
6,LT,30,PMv-R,LT_Pronation_anti_L,0.0759157728126046,0.391045539435571,0.466961312248176,0.00499050649538247,0.00530703885619523,6.2083619588293,0.560877401792081
6,LT,31,FEF-R,LT_Pronation_anti_L,0.163627258583547,0.266818367884018,0.430445626467565,0.00526716524955671,0.00563972143785571,6.20123197711368,0.560274212910587
6,LT,32,POJ-R,LT_Pronation_anti_L,0.372481912217056,0.277818509504179,0.650300421721235,0.00637000961640177,0.00678776342111162,6.17315511890021,0.550399140396944
7,NvA,1,V1-L,LT_Pronation_anti_L,0.0528723972818555,0.129986353001879,0.182858750283735,0.0025951410767587,0.00280356760690809,5.8525697295228,0.484132973025779
7,NvA,2,V3-L,LT_Pronation_anti_L,0.109016599412662,0.298115186632436,0.407131786045098,0.00384002040442687,0.00415658015007565,5.8147117502964,0.470251152176842
7,NvA,3,STS-L,LT_Pronation_anti_L,0.0882726168331156,0.216735341011228,0.305007957844344,0.00360041580858937,0.00389847462330806,5.82240644909291,0.47783281635242
7,NvA,4,IPL-L,LT_Pronation_anti_L,0.569238731583461,0.342001066376508,0.91123979795997,0.00785826218997653,0.00853511844793074,5.72957375738671,0.451015721133047
7,NvA,5,SPL-L,LT_Pronation_anti_L,0.215129982722562,0.356385568146115,0.571515550868677,0.00587475689930293,0.00635819014159887,5.77007410708668,0.46478472216785
7,NvA,6,AG-L,LT_Pronation_anti_L,0.268929914202448,0.166578462325024,0.435508376527472,0.00476522614147499,0.00518655919384486,5.79389249465843,0.473018231207873
7,NvA,7,mIPS-L,LT_Pronation_anti_L,0.474990987236654,0.245801625192142,0.720792612428796,0.00635238084715721,0.0068962086853512,5.75619623077957,0.459997917774212
7,NvA,8,VIP-L,LT_Pronation_anti_L,0.205089377094642,0.222350732478649,0.42744010957329,0.00432603645540679,0.00465461493060871,5.80163857610037,0.470152794330312
7,NvA,9,SPOC-L,LT_Pronation_anti_L,0.31043250122722,0.330553751704659,0.640986252931879,0.00609232967668824,0.00663594997191588,5.7616603791919,0.459743321450556
7,NvA,10,S1-L,LT_Pronation_anti_L,0.44474090662491,0.367783076562254,0.812523983187164,0.00721346699917577,0.00784726735761414,5.74160916863405,0.455860923172341
7,NvA,11,M1-L,LT_Pronation_anti_L,0.359451557223713,0.400498978530306,0.759950535754018,0.00670165670645626,0.00725335828205512,5.7489117028917,0.459665727515242
7,NvA,12,SMA-L,LT_Pronation_anti_L,0.204705893201366,0.28326156649897,0.487967459700337,0.0049458961841725,0.00537715361945277,5.78738205792477,0.46597226359748
7,NvA,13,PMd-L,LT_Pronation_anti_L,0.2958479367218,0.180526038340453,0.476373975062253,0.00465745055491648,0.00501426876411258,5.79702948637306,0.466853699270585
7,NvA,14,PMv-L,LT_Pronation_anti_L,0.106058451557042,0.134714085568657,0.240772537125699,0.00340903043321304,0.00370190342301506,5.82867513679142,0.481139373114853
7,NvA,15,FEF-L,LT_Pronation_anti_L,0.253234505130173,0.179444102224799,0.432678607354971,0.00469652809381569,0.00508176826828142,5.79668787502683,0.469306856540702
7,NvA,16,POJ-L,LT_Pronation_anti_L,0.217697341349207,0.163885930399248,0.381583271748455,0.00404911901847324,0.00440341085040173,5.81155149926801,0.47504789599539
7,NvA,17,V1-R,LT_Pronation_anti_L,0.106331944394073,0.158038850996333,0.264370795390407,0.00372600198343425,0.00405513587752131,5.82359345437057,0.482546243644002
7,NvA,18,V3-R,LT_Pronation_anti_L,0.134249653429453,0.267701599355643,0.401951252785096,0.00388263391011374,0.00418787724375099,5.81265349210798,0.470141287364885
7,NvA,19,STS-R,LT_Pronation_anti_L,0.0934626522544562,0.165221676902172,0.258684329156628,0.00349976481110935,0.00379657716760625,5.82727960143382,0.481883774849605
7,NvA,20,IPL-R,LT_Pronation_anti_L,0.514491994279209,0.309847491697968,0.824339485977176,0.00667017583939052,0.0072597810095107,5.7432078062635,0.451449202927343
7,NvA,21,SPL-R,LT_Pronation_anti_L,0.349460508837107,0.320049152189414,0.66950966102652,0.00603902921319838,0.00655278302851903,5.76048603251915,0.457216779669489
7,NvA,22,AG-R,LT_Pronation_anti_L,0.24922924684968,0.295313549394972,0.544542796244652,0.0052729959230509,0.00569118757797681,5.78402188394743,0.463674912013473
7,NvA,23,mIPS-R,LT_Pronation_anti_L,0.391945016206092,0.174548611408436,0.566493627614528,0.00564399941954097,0.00613021558511728,5.7740664892052,0.462998819366206
7,NvA,24,VIP-R,LT_Pronation_anti_L,0.414763161449471,0.347737775512519,0.76250093696199,0.00618771982527196,0.00674055670503043,5.7509669483488,0.452375228779886
7,NvA,25,SPOC-R,LT_Pronation_anti_L,0.322846441192457,0.477368277660387,0.800214718852844,0.0062489917213156,0.00675730212385166,5.75592210822012,0.454693598738207
7,NvA,26,S1-R,LT_Pronation_anti_L,0.238122198828402,0.414570278755543,0.652692477583945,0.00550297512591502,0.00594859359620911,5.77329491239669,0.460504642451003
7,NvA,27,M1-R,LT_Pronation_anti_L,0.251568386167759,0.326156078284055,0.577724464451814,0.00574014945391932,0.00619633353836584,5.77510927720859,0.463818039919237
7,NvA,28,SMA-R,LT_Pronation_anti_L,0.241468253999713,0.210890563494924,0.452358817494637,0.00490996040853351,0.00534327235922739,5.79186417325098,0.467262509956833
7,NvA,29,PMd-R,LT_Pronation_anti_L,0.342919518474245,0.42025651022009,0.763176028694335,0.00627756342707434,0.00677450956360749,5.75735932114671,0.450972890946834
7,NvA,30,PMv-R,LT_Pronation_anti_L,0.121957416369455,0.388092198747433,0.510049615116888,0.00495449417091759,0.00538112938127959,5.78593617453793,0.46859646088661
7,NvA,31,FEF-R,LT_Pronation_anti_L,0.322877933956996,0.27929889112348,0.602176825080475,0.00552530590186678,0.00600751310958086,5.77640152675407,0.463115131661304
7,NvA,32,POJ-R,LT_Pronation_anti_L,0.567406921987394,0.265097577342095,0.832504499329489,0.00706494314527573,0.00766157599222305,5.74196303579203,0.452208423805507
8,RR,1,V1-L,LT_Pronation_anti_L,0.141153048431305,0.143538584620093,0.284691633051398,0.00371438682278273,0.00399352746212933,5.86499321723458,0.486339296360366
8,RR,2,V3-L,LT_Pronation_anti_L,0.0919556519833158,0.292050413221048,0.384006065204364,0.00403282665897577,0.00436279305701003,5.85612030467848,0.482730860700303
8,RR,3,STS-L,LT_Pronation_anti_L,0.0817120210869524,0.507584674521732,0.589296695608684,0.00500514301397848,0.00540055163606764,5.83299249367907,0.478672277891929
8,RR,4,IPL-L,LT_Pronation_anti_L,0.811550313718048,0.241869721746908,1.05342003546495,0.00752341844596399,0.0081028293377675,5.76933632422577,0.44793407318284
8,RR,5,SPL-L,LT_Pronation_anti_L,0.430663734857824,0.316352595505585,0.747016330363409,0.00692821146822559,0.00750459926503465,5.7923730234936,0.469707526910809
8,RR,6,AG-L,LT_Pronation_anti_L,0.266319567111151,0.356020316283703,0.622339883394853,0.00552555500990885,0.00595276739477113,5.81925124214702,0.470501589168842
8,RR,7,mIPS-L,LT_Pronation_anti_L,0.490605295878446,0.200449857329696,0.691055153208142,0.00645345830107422,0.00698552642353047,5.7991475264969,0.470125846447437
8,RR,8,VIP-L,LT_Pronation_anti_L,0.304717851032896,0.203364335336246,0.508082186369142,0.00512997940134018,0.00551747769982937,5.83039661808717,0.470582633040657
8,RR,9,SPOC-L,LT_Pronation_anti_L,0.551419411913599,0.437321716057635,0.988741127971235,0.00756523729796232,0.00818302701132623,5.76687290538478,0.448543084731302
8,RR,10,S1-L,LT_Pronation_anti_L,0.341962620089644,0.250409513700338,0.592372133789982,0.00557765894435014,0.0060122002021594,5.82085120814764,0.474611835551383
8,RR,11,M1-L,LT_Pronation_anti_L,0.184738162043386,0.203915591600576,0.388653753643962,0.0042329659051324,0.00457331564821833,5.85278803423584,0.483538457454281
8,RR,12,SMA-L,LT_Pronation_anti_L,0.333257180567541,0.249215900302728,0.582473080870269,0.00598269065859954,0.00646806963444729,5.8131184159099,0.477529944220345
8,RR,13,PMd-L,LT_Pronation_anti_L,0.328524103937722,0.198980197648346,0.527504301586069,0.005681371581944,0.00615824994331668,5.82018416518256,0.477466557489316
8,RR,14,PMv-L,LT_Pronation_anti_L,0.0487611151533063,0.220491091486828,0.269252206640134,0.00335977423312031,0.00362329623117129,5.87698196022791,0.492000768466685
8,RR,15,FEF-L,LT_Pronation_anti_L,0.129493629095673,0.170398625466748,0.29989225456242,0.00408363730401322,0.00441684794115565,5.85760939739364,0.489899116550803
8,RR,16,POJ-L,LT_Pronation_anti_L,0.510284904026121,0.272023966884046,0.782308870910167,0.00673156444618715,0.00731406172906158,5.79466694150867,0.464476839382364
8,RR,17,V1-R,LT_Pronation_anti_L,0.127894048565891,0.257759231885605,0.385653280451496,0.00394797031948174,0.00427768776875028,5.85732438288332,0.482336616058295
8,RR,18,V3-R,LT_Pronation_anti_L,0.172849076830801,0.196255131187723,0.369104208018524,0.00415334759946377,0.0045167264948412,5.85354823715095,0.487284130695846
8,RR,19,STS-R,LT_Pronation_anti_L,0.082122902907798,0.301764376406672,0.38388727931447,0.00377203235453503,0.00408922604382167,5.86236081471521,0.48080252848402
8,RR,20,IPL-R,LT_Pronation_anti_L,0.247118395028438,0.229740150172784,0.476858545201221,0.00469607932738138,0.00509082150011993,5.83817835613234,0.476804982019143
8,RR,21,SPL-R,LT_Pronation_anti_L,0.251842935522501,0.530944159908681,0.782787095431183,0.00580944766971832,0.00630796145706876,5.80459470300769,0.459147511045005
8,RR,22,AG-R,LT_Pronation_anti_L,0.195016828969729,0.367821245161617,0.562838074131346,0.00565600020709913,0.00613494400506749,5.81686532233205,0.476240453361656
8,RR,23,mIPS-R,LT_Pronation_anti_L,0.437332914182766,0.298736610628371,0.736069524811137,0.00569984023148118,0.00620824765798602,5.80558379170626,0.460586319649548
8,RR,24,VIP-R,LT_Pronation_anti_L,0.276603951233956,0.2511176922235,0.527721643457456,0.00555776922938538,0.0060326556625741,5.8212281110637,0.47822187042697
8,RR,25,SPOC-R,LT_Pronation_anti_L,0.31341712474523,0.471205674453792,0.784622799199022,0.00721157502657003,0.00782628291427954,5.78258797783302,0.467394132777811
8,RR,26,S1-R,LT_Pronation_anti_L,0.196266284453954,0.365149857851274,0.561416142305229,0.00481551018252106,0.00521077823836819,5.82992863851258,0.470347992734386
8,RR,27,M1-R,LT_Pronation_anti_L,0.154001761048607,0.330670709490178,0.484672470538785,0.00512382721158834,0.0055426757189601,5.83009271574693,0.478860887546016
8,RR,28,SMA-R,LT_Pronation_anti_L,0.482982833309731,0.304500424431831,0.787483257741561,0.00727074260250404,0.00789190327539064,5.78327005737824,0.466763013252171
8,RR,29,PMd-R,LT_Pronation_anti_L,0.470058198008018,0.303301185699497,0.773359383707515,0.0069069472428822,0.00743444537207473,5.79048216487706,0.458218207687378
8,RR,30,PMv-R,LT_Pronation_anti_L,0.0868045620653466,0.208534914829829,0.295339476895175,0.00352696484557556,0.00379484818895703,5.86934888104303,0.488273888116914
8,RR,31,FEF-R,LT_Pronation_anti_L,0.222593482095719,0.162666968480234,0.385260450575953,0.00453640055912758,0.00489137648071714,5.84530097750917,0.481244608794544
8,RR,32,POJ-R,LT_Pronation_anti_L,0.425040795797841,0.344909271169415,0.769950066967257,0.00595125132957531,0.00642048645899409,5.80528020128343,0.463650245867625
9,SJB,1,V1-L,LT_Pronation_anti_L,0.207305957335497,0.431370657333608,0.638676614669106,0.00576169753533813,0.00626340317843297,5.97969319677408,0.547189739101093
9,SJB,2,V3-L,LT_Pronation_anti_L,0.114763053602636,0.479943741777779,0.594706795380416,0.00492045110771086,0.00534085920049159,5.9972058377452,0.55496684870223
9,SJB,3,STS-L,LT_Pronation_anti_L,0.112725405889834,0.146509340022666,0.2592347459125,0.00360516935343962,0.00390928299284654,6.03377018612922,0.569520291768408
9,SJB,4,IPL-L,LT_Pronation_anti_L,0.569819354065944,0.192638579059161,0.762457933125105,0.00655120375950138,0.00712422354201652,5.95995767724858,0.544079622781488
9,SJB,5,SPL-L,LT_Pronation_anti_L,0.671863685362445,0.367413236486585,1.03927692184903,0.00836104510259479,0.00908409730351674,5.92829383320029,0.536084348842012
9,SJB,6,AG-L,LT_Pronation_anti_L,0.350972958283366,0.208333076385048,0.559306034668413,0.00592536975224537,0.00644301084246382,5.98065921820815,0.556773129146798
9,SJB,7,mIPS-L,LT_Pronation_anti_L,0.607870341479139,0.566289097808251,1.17415943928739,0.00963476833926232,0.0104458834759335,5.90280804916586,0.525280535583324
9,SJB,8,VIP-L,LT_Pronation_anti_L,0.615405205372246,0.17690855514041,0.792313760512656,0.00684155452285229,0.00745930373027872,5.95757466236697,0.549843959026302
9,SJB,9,SPOC-L,LT_Pronation_anti_L,0.487029969301644,0.374609164863987,0.861639134165631,0.00760238329247716,0.0082481564321246,5.94501221657741,0.529196823236397
9,SJB,10,S1-L,LT_Pronation_anti_L,0.216590827736484,0.290174362891985,0.506765190628469,0.00524530163526736,0.00568999138306785,5.99057415751882,0.55826723281321
9,SJB,11,M1-L,LT_Pronation_anti_L,0.284276963510895,0.330994585638251,0.615271549149146,0.00650173060991777,0.00706326701717616,5.96510427349546,0.551801669613497
9,SJB,12,SMA-L,LT_Pronation_anti_L,0.205005462047705,0.31826565337776,0.523271115425465,0.00538512078778761,0.00581677206637741,5.98825802391242,0.558610110391831
9,SJB,13,PMd-L,LT_Pronation_anti_L,0.339822096938023,0.35563735539767,0.695459452335694,0.00695127233719008,0.00757038065079591,5.95729728332884,0.544213880921257
9,SJB,14,PMv-L,LT_Pronation_anti_L,0.0457778097031242,0.187174535361051,0.232952345064175,0.00281843754581409,0.00306179598895874,6.05277265917345,0.570673065526278
9,SJB,15,FEF-L,LT_Pronation_anti_L,0.163215733512203,0.22438167077999,0.387597404292193,0.00478047420690389,0.00518950040690501,6.00492243925063,0.562764097235694
9,SJB,16,POJ-L,LT_Pronation_anti_L,0.527266201568358,0.342719299797266,0.869985501365624,0.00741010411428078,0.00802272974789379,5.94385863839497,0.535272972091142
9,SJB,17,V1-R,LT_Pronation_anti_L,0.243759006597475,0.343622708047603,0.587381714645078,0.00531165755255391,0.00572696032177386,5.98624629436798,0.552936523038372
9,SJB,18,V3-R,LT_Pronation_anti_L,0.284713923587074,0.485421288471782,0.770135212058856,0.00748977524272073,0.00814769081238826,5.95192450511337,0.551204105061471
9,SJB,19,STS-R,LT_Pronation_anti_L,0.0857745471005122,0.201231479718095,0.287006026818607,0.00389068094394122,0.00420328186010486,6.02936155523896,0.571879878605046
9,SJB,20,IPL-R,LT_Pronation_anti_L,0.15471655185319,0.140391371243274,0.295107923096464,0.00370228349082807,0.00403279309384195,6.02703626893398,0.571141009046837
9,SJB,21,SPL-R,LT_Pronation_anti_L,0.303146227349052,0.61215420663244,0.915300433981492,0.00795271645679602,0.00861793600876493,5.93990011752819,0.541566278631284
9,SJB,22,AG-R,LT_Pronation_anti_L,0.324349721466962,0.269538218918231,0.593887940385194,0.00619773698233091,0.00673500646578235,5.97461451915347,0.55176710858069
9,SJB,23,mIPS-R,LT_Pronation_anti_L,0.497839511371812,0.236176490142232,0.734016001514045,0.00689077107096923,0.00757068592050678,5.95709066258273,0.552522951808874
9,SJB,24,VIP-R,LT_Pronation_anti_L,0.357205904493224,0.21022499608087,0.567430900574093,0.00593968993904195,0.00643817441483137,5.97910565633414,0.557806175546017
9,SJB,25,SPOC-R,LT_Pronation_anti_L,0.340470956860608,0.453045303769888,0.793516260630495,0.00710419285005464,0.00768256275487972,5.95519544234202,0.544046786842726
9,SJB,26,S1-R,LT_Pronation_anti_L,0.378905860999705,0.417769661963961,0.796675522963666,0.00769321347687521,0.00835964937547135,5.93916345411023,0.542219675788619
9,SJB,27,M1-R,LT_Pronation_anti_L,0.290330335897804,0.387071548412614,0.677401884310418,0.0068176216120489,0.00740056439946764,5.96357980491744,0.549325051576706
9,SJB,28,SMA-R,LT_Pronation_anti_L,0.231497137787588,0.23702984082397,0.468526978611558,0.00519448761551451,0.00564030151641622,5.99170077538686,0.561354957227455
9,SJB,29,PMd-R,LT_Pronation_anti_L,0.260498468857151,0.254868217467273,0.515366686324424,0.00573913648114394,0.00624546729713162,5.98562791241806,0.559506709180386
9,SJB,30,PMv-R,LT_Pronation_anti_L,0.0680578030541099,0.277966140737911,0.346023943792021,0.00366168090242716,0.00395974312597513,6.02896541141007,0.567419967969044
9,SJB,31,FEF-R,LT_Pronation_anti_L,0.127288311059178,0.159364902783201,0.286653213842379,0.00406522677264375,0.00443241866895298,6.02261734080848,0.572414920662799
9,SJB,32,POJ-R,LT_Pronation_anti_L,0.809411689367347,0.598437696077522,1.40784938544487,0.0102999851468228,0.0111310416991054,5.87715429070744,0.491879937298762
1,DOC,1,V1-L,LT_Pronation_anti_R,0.145983351728006,0.272964416935355,0.418947768663361,0.00487362732141666,0.00522188082800024,6.21930296821164,0.585960529401741
1,DOC,2,V3-L,LT_Pronation_anti_R,0.210705988870322,0.328339740423211,0.539045729293533,0.00620516931417119,0.00664774125602496,6.19476889531669,0.582698704530867
1,DOC,3,STS-L,LT_Pronation_anti_R,0.0609032598222031,0.21371806837276,0.274621328194963,0.00360258248357849,0.00390346711713021,6.24626448449823,0.594915593609081
1,DOC,4,IPL-L,LT_Pronation_anti_R,0.721229240487215,0.314785566071221,1.03601480655844,0.00898988720058259,0.00961653688918036,6.13347776165792,0.558176215976986
1,DOC,5,SPL-L,LT_Pronation_anti_R,0.462365978612198,0.307512885889666,0.769878864501863,0.00791950877655537,0.00848839410134952,6.16088911222665,0.571414977727061
1,DOC,6,AG-L,LT_Pronation_anti_R,0.244870534441854,0.16207696239645,0.406947496838304,0.00463865814465303,0.00496319556822158,6.22096765802627,0.582208290407369
1,DOC,7,mIPS-L,LT_Pronation_anti_R,0.449497581487988,0.25171721118835,0.701214792676339,0.0077993030229734,0.00840362980144523,6.16470858107113,0.576870989044122
1,DOC,8,VIP-L,LT_Pronation_anti_R,0.49370317398427,0.254737315513136,0.748440489497405,0.00764649627418392,0.00819181648123793,6.16462036228597,0.573627540605266
1,DOC,9,SPOC-L,LT_Pronation_anti_R,0.51360436549624,0.357831913231768,0.871436278728009,0.00766943281123135,0.00817611095959968,6.15086360116417,0.553540800091138
1,DOC,10,S1-L,LT_Pronation_anti_R,0.282992028918112,0.32425221870609,0.607244247624203,0.006693968676302,0.00715665708052121,6.18217783752287,0.574495365293338
1,DOC,11,M1-L,LT_Pronation_anti_R,0.483053943439854,0.386366867673171,0.869420811113025,0.00872754820727755,0.00936609335620578,6.14363017943514,0.572175089088933
1,DOC,12,SMA-L,LT_Pronation_anti_R,0.358037274753785,0.459847361642267,0.817884636396053,0.00821859999456565,0.00881379110143574,6.15716719047106,0.570107485899037
1,DOC,13,PMd-L,LT_Pronation_anti_R,0.409052071955909,0.252141857988216,0.661193929944125,0.0074825717715346,0.00805267444618558,6.17176715378788,0.578470572443098
1,DOC,14,PMv-L,LT_Pronation_anti_R,0.0842507200338895,0.449985389487524,0.534236109521413,0.00522397834186761,0.00557307002891508,6.20968474746589,0.587150519381043
1,DOC,15,FEF-L,LT_Pronation_anti_R,0.120112279444871,0.269036076289383,0.389148355734254,0.00491738527063398,0.00527678631538788,6.22116873788868,0.58972651790831
1,DOC,16,POJ-L,LT_Pronation_anti_R,0.399026619266464,0.829596816992508,1.22862343625897,0.00938536149611043,0.0100493351591884,6.1195760811166,0.540028866826287
1,DOC,17,V1-R,LT_Pronation_anti_R,0.189840766194686,0.464100127146647,0.653940893341333,0.00667857871590869,0.00717517435218114,6.18727368595778,0.578324223869311
1,DOC,18,V3-R,LT_Pronation_anti_R,0.320243635978589,0.407675041462431,0.727918677441019,0.00717991559595001,0.00771166415314068,6.17227398591038,0.573382321201055
1,DOC,19,STS-R,LT_Pronation_anti_R,0.128511053933332,0.248586163465996,0.377097217399328,0.0047515450933789,0.00512367219921919,6.22320704724734,0.587989840122207
1,DOC,20,IPL-R,LT_Pronation_anti_R,0.143825914944641,0.562110136041852,0.705936050986493,0.00678064379879051,0.00728192729796412,6.18080743921424,0.579460643255238
1,DOC,21,SPL-R,LT_Pronation_anti_R,0.743641933421817,0.468162272195088,1.2118042056169,0.010197506959145,0.0109486143923929,6.11130791765957,0.545725415706234
1,DOC,22,AG-R,LT_Pronation_anti_R,0.657175870367412,0.273817895140724,0.930993765508136,0.00848058600906107,0.00913048647002234,6.1416274069023,0.561064884949554
1,DOC,23,mIPS-R,LT_Pronation_anti_R,0.807140197756315,0.305247699605807,1.11238789736212,0.00953774603471232,0.0102879091217559,6.12285475386179,0.561807139920489
1,DOC,24,VIP-R,LT_Pronation_anti_R,0.396785358483373,0.379258481970718,0.776043840454091,0.00800431336514336,0.00860748568475009,6.15786039866764,0.569698970765282
1,DOC,25,SPOC-R,LT_Pronation_anti_R,0.812702656135874,0.488784808029745,1.30148746416562,0.0105363046066212,0.0112960989846097,6.1044193063433,0.54327444691782
1,DOC,26,S1-R,LT_Pronation_anti_R,0.180478566500588,0.35071320171028,0.531191768210869,0.00626599116591603,0.0067072842671028,6.19516448448291,0.584835137287278
1,DOC,27,M1-R,LT_Pronation_anti_R,0.212419192686053,0.432638339252983,0.645057531939036,0.0070533714180608,0.00756329898146767,6.17656651817238,0.580307515621939
1,DOC,28,SMA-R,LT_Pronation_anti_R,0.418891354023037,0.490720041287203,0.90961139531024,0.00857036197697664,0.00918546172191012,6.13980686325062,0.554766104845197
1,DOC,29,PMd-R,LT_Pronation_anti_R,0.121761377057395,0.383339897048739,0.505101274106135,0.00573892808876259,0.00616164816857169,6.20376843412565,0.587756934651072
1,DOC,30,PMv-R,LT_Pronation_anti_R,0.10865227453578,0.209404410157158,0.318056684692938,0.00420416318779656,0.00449436200179341,6.23256038906128,0.590653504372117
1,DOC,31,FEF-R,LT_Pronation_anti_R,0.183655772436996,0.329157463034287,0.512813235471283,0.00555090418722056,0.00593558538411807,6.20651531440982,0.581433864819929
1,DOC,32,POJ-R,LT_Pronation_anti_R,0.705145347041559,0.341633037889894,1.04677838493145,0.00900961415259495,0.00968943981546864,6.13619452716508,0.560621946805345
2,GB,1,V1-L,LT_Pronation_anti_R,0.207746407191118,0.169347240994288,0.377093648185406,0.00427264022199879,0.00460783083503481,5.56411224471761,0.365719191657365
2,GB,2,V3-L,LT_Pronation_anti_R,0.159063310086801,0.160429071927712,0.319492382014512,0.00383369595226338,0.00411823816282726,5.57832141891602,0.369572167522303
2,GB,3,STS-L,LT_Pronation_anti_R,0.0961712722316111,0.239086471548644,0.335257743780255,0.00374452646212336,0.00400957464117589,5.58302053078329,0.367754256932244
2,GB,4,IPL-L,LT_Pronation_anti_R,0.239340011705691,0.287196890629392,0.526536902335083,0.00512686028446524,0.00550232427897459,5.54420975630441,0.357251238314297
2,GB,5,SPL-L,LT_Pronation_anti_R,0.252730068686559,0.277223602453243,0.529953671139803,0.00507412918846973,0.00543411526900971,5.54725143873124,0.358800372047121
2,GB,6,AG-L,LT_Pronation_anti_R,0.271330995050672,0.31886366752875,0.590194662579422,0.00502183411097735,0.00537702869576806,5.54360000505728,0.355105533675442
2,GB,7,mIPS-L,LT_Pronation_anti_R,0.574833928836512,0.147294399038913,0.722128327875425,0.00630868582832849,0.00677700546642551,5.51876502921749,0.353221834392427
2,GB,8,VIP-L,LT_Pronation_anti_R,0.178802155996291,0.31496785897063,0.493770014966922,0.00448313803612135,0.00481781644875025,5.55959806074174,0.358861921898499
2,GB,9,SPOC-L,LT_Pronation_anti_R,0.38325671426299,0.307433550713557,0.690690264976547,0.00590551442250713,0.00634485254006824,5.52889352535117,0.35032131981445
2,GB,10,S1-L,LT_Pronation_anti_R,0.154067280126792,0.224044179727829,0.378111459854621,0.0044282380441145,0.00474262310453298,5.56471212627772,0.365871344665326
2,GB,11,M1-L,LT_Pronation_anti_R,0.20107494743272,0.218489590216143,0.419564537648862,0.00426030730717207,0.00457894250410532,5.5660060501237,0.362674186307409
2,GB,12,SMA-L,LT_Pronation_anti_R,0.427750522747888,0.148455627627846,0.576206150375734,0.004991425975343,0.00536324169516294,5.54550717632869,0.359640716374921
2,GB,13,PMd-L,LT_Pronation_anti_R,0.153771006031752,0.23456568952259,0.388336695554342,0.00368351720242549,0.00396610142015981,5.57526975699624,0.362525917307743
2,GB,14,PMv-L,LT_Pronation_anti_R,0.0884797003392779,0.257346614299435,0.345826314638713,0.00357578911244992,0.00383563446369562,5.58490479274597,0.367920675486278
2,GB,15,FEF-L,LT_Pronation_anti_R,0.107001378224635,0.173210688438705,0.28021206666334,0.00339240914695435,0.00365338452875605,5.59080384912841,0.37152652106085
2,GB,16,POJ-L,LT_Pronation_anti_R,0.783322965609241,0.25941665358744,1.04273961919668,0.00695018762872742,0.00743677604591037,5.49612417269119,0.333340363772533
2,GB,17,V1-R,LT_Pronation_anti_R,0.150315746749244,0.103754639771958,0.254070386521202,0.00300430131935606,0.0032469178205769,5.59988406122533,0.372758605803635
2,GB,18,V3-R,LT_Pronation_anti_R,0.0943551127585299,0.174346140965949,0.268701253724479,0.00298213205689437,0.00320935197738553,5.59951511682175,0.370004672824101
2,GB,19,STS-R,LT_Pronation_anti_R,0.103899144778949,0.140743573506701,0.244642718285651,0.00303774853166755,0.00325199322428289,5.60068976717431,0.371025682932716
2,GB,20,IPL-R,LT_Pronation_anti_R,0.217081284030863,0.168786186001686,0.38586747003255,0.00431495203812145,0.00463984295598754,5.56828368201687,0.367314585860438
2,GB,21,SPL-R,LT_Pronation_anti_R,0.197778772052254,0.201966988805235,0.399745760857489,0.00403431427979635,0.00436614087530861,5.56907933560752,0.363852204279711
2,GB,22,AG-R,LT_Pronation_anti_R,0.158405674149656,0.304541275472846,0.462946949622502,0.00420868462793876,0.00450463582139732,5.56649485554245,0.360775762318588
2,GB,23,mIPS-R,LT_Pronation_anti_R,0.225511526925391,0.313100376699175,0.538611903624566,0.00538554156598584,0.00580128433632165,5.54167438908522,0.362945341725696
2,GB,24,VIP-R,LT_Pronation_anti_R,0.25251762427889,0.272213292563159,0.524730916842049,0.00525088813352813,0.00566604579444579,5.54263156878065,0.361103990474379
2,GB,25,SPOC-R,LT_Pronation_anti_R,0.168513160030636,0.26672700614731,0.435240166177946,0.00423791647010512,0.00455399857924774,5.56505956449907,0.363015821201784
2,GB,26,S1-R,LT_Pronation_anti_R,0.265650878562827,0.185478897032796,0.451129775595623,0.00432183670886931,0.00463025922577506,5.56347709107403,0.359936909625793
2,GB,27,M1-R,LT_Pronation_anti_R,0.158070074585725,0.322706860108924,0.480776934694649,0.0042146992936252,0.0045030707601094,5.56404683713832,0.359704881561863
2,GB,28,SMA-R,LT_Pronation_anti_R,0.20782498213867,0.164547926722979,0.372372908861649,0.00388252787960984,0.0041690102788246,5.57609295809791,0.365708771603685
2,GB,29,PMd-R,LT_Pronation_anti_R,0.353923686912098,0.230703794758179,0.584627481670277,0.00538958137986594,0.00576440817140048,5.53897866045637,0.356421504186508
2,GB,30,PMv-R,LT_Pronation_anti_R,0.0498188954545305,0.243160522409155,0.292979417863685,0.00297691291122824,0.00321540595609907,5.59913176345996,0.372509600054301
2,GB,31,FEF-R,LT_Pronation_anti_R,0.209673285090789,0.250025256061686,0.459698541152475,0.00438272167467152,0.0046878107150178,5.56185777063912,0.36392091669285
2,GB,32,POJ-R,LT_Pronation_anti_R,0.139505444376763,0.151413423183513,0.290918867560276,0.00317342885400519,0.00342166159474994,5.59331103938137,0.366046967111291
3,JDC,1,V1-L,LT_Pronation_anti_R,0.185458609233332,0.157405671883797,0.342864281117129,0.00421363253593125,0.00463295820258035,5.77091249905822,0.48852656840805
3,JDC,2,V3-L,LT_Pronation_anti_R,0.163515599207553,0.130770432991707,0.29428603219926,0.0035567070886544,0.00389342661791326,5.78662296002485,0.489622494554897
3,JDC,3,STS-L,LT_Pronation_anti_R,0.0389626416886224,0.164069495202781,0.203032136891403,0.00276947461108785,0.00304012673169525,5.80847696263263,0.49419550148522
3,JDC,4,IPL-L,LT_Pronation_anti_R,0.553642263392451,0.211592268800296,0.765234532192748,0.00594486324456917,0.00652517243791081,5.72948877806969,0.465974344400021
3,JDC,5,SPL-L,LT_Pronation_anti_R,0.368571050271419,0.63976242797982,1.00833347825124,0.00690926591525651,0.00751159340103102,5.7000935355352,0.446518228068453
3,JDC,6,AG-L,LT_Pronation_anti_R,0.157652994465903,0.161970915970593,0.319623910436496,0.00398796913540705,0.00437739455492374,5.77809149250574,0.487423376079447
3,JDC,7,mIPS-L,LT_Pronation_anti_R,0.352182047290279,0.3405242542448,0.692706301535078,0.00555484037303496,0.00608688930418252,5.7343113327424,0.465860667816158
3,JDC,8,VIP-L,LT_Pronation_anti_R,0.523640347708235,0.237745193967855,0.76138554167609,0.00623290718648709,0.00682363298296059,5.71953747550558,0.465835917470678
3,JDC,9,SPOC-L,LT_Pronation_anti_R,0.15998490332842,0.235782796818218,0.395767700146638,0.00417175994390523,0.00457259150393429,5.76997286409402,0.481074089898413
3,JDC,10,S1-L,LT_Pronation_anti_R,0.44800472773094,0.39685528192789,0.844860009658829,0.00565563241390376,0.00616840557501166,5.72267173624238,0.459751926486213
3,JDC,11,M1-L,LT_Pronation_anti_R,0.618891270224301,0.343279189594231,0.962170459818531,0.00686009095930357,0.00749848260040169,5.70302745773199,0.453041673247277
3,JDC,12,SMA-L,LT_Pronation_anti_R,0.28311824135263,0.377343866043222,0.660462107395852,0.0058148439124088,0.00634286776913092,5.730295767796,0.466502554346925
3,JDC,13,PMd-L,LT_Pronation_anti_R,0.356943211951987,0.319056135876936,0.675999347828923,0.00550958679219157,0.00602363238674836,5.73585442357902,0.465639281895752
3,JDC,14,PMv-L,LT_Pronation_anti_R,0.0783750730016416,0.22139673435111,0.299771807352751,0.00320883128221228,0.00349372148866837,5.79485531073277,0.484957488143561
3,JDC,15,FEF-L,LT_Pronation_anti_R,0.154134731833366,0.118656575613302,0.272791307446668,0.00334273161545412,0.0036415982376744,5.79321539943639,0.484510233375231
3,JDC,16,POJ-L,LT_Pronation_anti_R,0.350301741986899,0.270910219298546,0.621211961285445,0.00530831016175221,0.00578238258047062,5.73742086234525,0.466881213872705
3,JDC,17,V1-R,LT_Pronation_anti_R,0.18523680051944,0.138101478648982,0.323338279168422,0.00383084424002607,0.00419388815961225,5.78073647481967,0.487003468101216
3,JDC,18,V3-R,LT_Pronation_anti_R,0.194536541708449,0.181017948508172,0.375554490216621,0.00382411202085568,0.00417177348274893,5.77411813579712,0.4828901582584
3,JDC,19,STS-R,LT_Pronation_anti_R,0.0917900775942518,0.195936416322509,0.287726493916761,0.00311580825209884,0.00339727091747727,5.79381840276202,0.488755155891282
3,JDC,20,IPL-R,LT_Pronation_anti_R,0.386278998814578,0.3287549588045,0.715033957619078,0.0062649200481525,0.00690128060745867,5.71855873469311,0.467891565009477
3,JDC,21,SPL-R,LT_Pronation_anti_R,0.467365348069559,0.239201666580282,0.706567014649841,0.00583449740289953,0.00637977804383177,5.72844220523389,0.470076143486298
3,JDC,22,AG-R,LT_Pronation_anti_R,0.25486402816938,0.159238947267718,0.414102975437098,0.00436841844599434,0.00476797260519253,5.76567123483164,0.483254525291756
3,JDC,23,mIPS-R,LT_Pronation_anti_R,0.539442746278497,0.183947933188426,0.723390679466923,0.00616720577967507,0.00677155527958527,5.72303562709411,0.467214531162159
3,JDC,24,VIP-R,LT_Pronation_anti_R,0.351994457151415,0.319614509820601,0.671608966972017,0.00628179043154676,0.00689041976989828,5.71622526378518,0.471073235395867
3,JDC,25,SPOC-R,LT_Pronation_anti_R,0.183969070522432,0.249340754875405,0.433309825397837,0.00452554293306999,0.00499251447933224,5.76097859819668,0.483762997174305
3,JDC,26,S1-R,LT_Pronation_anti_R,0.178619553575136,0.211858030875393,0.390477584450529,0.00428884792134569,0.00467302552836827,5.76819476272112,0.484861610404897
3,JDC,27,M1-R,LT_Pronation_anti_R,0.103541988025608,0.245088113075806,0.348630101101414,0.00372643356148359,0.00407000757539256,5.78239841818071,0.486462876256735
3,JDC,28,SMA-R,LT_Pronation_anti_R,0.385094250879718,0.262648269199307,0.647742520079026,0.00627408323539381,0.00685223919411781,5.72211287820551,0.474294240463997
3,JDC,29,PMd-R,LT_Pronation_anti_R,0.306534925556073,0.620938826712015,0.927473752268089,0.00732355806983639,0.00804102532278454,5.69305266274574,0.45533052706121
3,JDC,30,PMv-R,LT_Pronation_anti_R,0.0725409241079615,0.287713752985365,0.360254677093327,0.00366837079213815,0.00400222169106636,5.78241696262895,0.486514851476286
3,JDC,31,FEF-R,LT_Pronation_anti_R,0.176355035546298,0.390638708844661,0.566993744390959,0.00524086501028794,0.00572640120196405,5.74665551985208,0.475108834655442
3,JDC,32,POJ-R,LT_Pronation_anti_R,0.252666294483077,0.583048719395606,0.835715013878683,0.00633857036169271,0.00689412911505506,5.71514060240864,0.457172241291798
4,JFXD,1,V1-L,LT_Pronation_anti_R,0.292117773592886,0.407500638113079,0.699618411705965,0.00861483150857776,0.0091009624075754,7.06715469275748,0.858169073435078
4,JFXD,2,V3-L,LT_Pronation_anti_R,0.32137314002419,0.431841771247234,0.753214911271423,0.00894451468216861,0.00946304547144482,7.06059416030118,0.852398799179416
4,JFXD,3,STS-L,LT_Pronation_anti_R,0.358774693855555,0.708447062575175,1.06722175643073,0.0119078340501885,0.0125859904779576,7.02122924405592,0.844430873813463
4,JFXD,4,IPL-L,LT_Pronation_anti_R,0.848512834317002,0.177261298574485,1.02577413289149,0.0108187407588668,0.0114811605801897,7.03120422308044,0.847738755144523
4,JFXD,5,SPL-L,LT_Pronation_anti_R,0.776971510425857,0.69450654971697,1.47147806014283,0.0144074103697119,0.0152984617407856,6.98398870307086,0.833026314817461
4,JFXD,6,AG-L,LT_Pronation_anti_R,0.703739494632299,0.640846888217525,1.34458638284982,0.0138598771324207,0.0146454092538296,6.99300483143298,0.826037138146706
4,JFXD,7,mIPS-L,LT_Pronation_anti_R,0.988328538103233,0.602091493996201,1.59042003209943,0.0139740785918079,0.0147801093123539,6.97613654204463,0.824927626003453
4,JFXD,8,VIP-L,LT_Pronation_anti_R,0.832392377417021,0.331566189781371,1.16395856719839,0.0122460828907719,0.0130116348053305,7.01082699257202,0.840657247875616
4,JFXD,9,SPOC-L,LT_Pronation_anti_R,0.706749682887942,1.00421992119009,1.71096960407803,0.0155357883011708,0.0164146160326162,6.94292438470412,0.806089952795876
4,JFXD,10,S1-L,LT_Pronation_anti_R,0.561528930530948,0.234100604845025,0.795629535375973,0.00968855353508793,0.0102821323775239,7.05224745952387,0.856004292984606
4,JFXD,11,M1-L,LT_Pronation_anti_R,0.728476653469756,0.319198301869659,1.04767495533942,0.0112054083330429,0.0118536050199801,7.0264817851853,0.844493180126039
4,JFXD,12,SMA-L,LT_Pronation_anti_R,0.90608334703992,0.72957461529169,1.63565796233161,0.0163706281760985,0.0173044491220095,6.96093728647042,0.822119580284681
4,JFXD,13,PMd-L,LT_Pronation_anti_R,0.955620090002245,0.571080676982711,1.52670076698496,0.0143994056451256,0.015245259740556,6.97500112630081,0.815779274837573
4,JFXD,14,PMv-L,LT_Pronation_anti_R,0.403262422510475,1.25312934235087,1.65639176486134,0.0142852115623184,0.0150935021454845,6.97974103319634,0.822282748267377
4,JFXD,15,FEF-L,LT_Pronation_anti_R,0.305548110284346,1.24888272612141,1.55443083640575,0.0129173194215881,0.0136054199376638,6.9938901546619,0.82247322406144
4,JFXD,16,POJ-L,LT_Pronation_anti_R,0.529549532271451,0.164567794566022,0.694117326837473,0.00839906325557297,0.00893206645270592,7.0707168696074,0.859073963151089
4,JFXD,17,V1-R,LT_Pronation_anti_R,0.178938942308283,0.306732479429936,0.48567142173822,0.00686549278793147,0.00724883619968242,7.09693948174337,0.866657568136908
4,JFXD,18,V3-R,LT_Pronation_anti_R,0.336331316017405,0.397596699528655,0.733928015546061,0.0091716812863884,0.00964911378635319,7.0598629865542,0.852728581768491
4,JFXD,19,STS-R,LT_Pronation_anti_R,0.318638975637174,0.846163988036124,1.1648029636733,0.0121865109711442,0.0128987229723988,7.01412525421044,0.840806387607026
4,JFXD,20,IPL-R,LT_Pronation_anti_R,0.626580146021373,0.462194110630678,1.08877425665205,0.012887325509872,0.0136450929650542,7.01180598048915,0.840403385764191
4,JFXD,21,SPL-R,LT_Pronation_anti_R,0.59890608795607,0.409355593774614,1.00826168173068,0.0106597297625216,0.0112861612520095,7.03007483458797,0.837216423252775
4,JFXD,22,AG-R,LT_Pronation_anti_R,0.515981691249616,0.698673648267248,1.21465533951686,0.0111639309915908,0.0117794370454507,7.01290570470799,0.832134044380501
4,JFXD,23,mIPS-R,LT_Pronation_anti_R,0.965951981489149,0.471596732379045,1.43754871386819,0.013047760322365,0.0138214265025865,6.99180126442177,0.823249066552625
4,JFXD,24,VIP-R,LT_Pronation_anti_R,0.671931868759799,0.420908024256817,1.09283989301662,0.0115490485582129,0.0122158717729673,7.01754756460513,0.840555325980146
4,JFXD,25,SPOC-R,LT_Pronation_anti_R,0.558533958497996,0.723863124340885,1.28239708283888,0.0131426104296506,0.0139154777611212,7.00124615175903,0.830299103626605
4,JFXD,26,S1-R,LT_Pronation_anti_R,0.575208766062302,0.454134247843615,1.02934301390592,0.0126762727989759,0.0134527556735745,7.01493285139441,0.851492397695303
4,JFXD,27,M1-R,LT_Pronation_anti_R,0.442479216978487,0.456549989315889,0.899029206294376,0.0112142022868743,0.011902707974151,7.03481442139507,0.85284625661429
4,JFXD,28,SMA-R,LT_Pronation_anti_R,0.732066424462118,0.732627627129264,1.46469405159138,0.0152904233798903,0.0161817186453511,6.978663518773,0.830366086283287
4,JFXD,29,PMd-R,LT_Pronation_anti_R,0.425545980113187,0.449332440967544,0.874878421080731,0.0106205263560492,0.0112246613317251,7.03649164383788,0.84916702978983
4,JFXD,30,PMv-R,LT_Pronation_anti_R,0.248400560203352,1.03399711097412,1.28239767117747,0.0116375325796602,0.0122428033406522,7.0055188818679,0.826912759685702
4,JFXD,31,FEF-R,LT_Pronation_anti_R,0.335192491409425,0.553314183768562,0.888506675177987,0.010320378866145,0.0108847028751945,7.04220250977557,0.844919024573939
4,JFXD,32,POJ-R,LT_Pronation_anti_R,0.903582652159545,0.717444314607889,1.62102696676743,0.0153983162503511,0.0162849241780293,6.95842382235107,0.809155512753068
5,JZ,1,V1-L,LT_Pronation_anti_R,0.102432126247743,0.163564352959674,0.265996479207417,0.00345425235479737,0.00374654926260949,5.95403028125109,0.544965511697547
5,JZ,2,V3-L,LT_Pronation_anti_R,0.0839247257983686,0.188324218333512,0.27224894413188,0.00350889674429216,0.00381711483288949,5.95207010505453,0.541443928959112
5,JZ,3,STS-L,LT_Pronation_anti_R,0.0530121351983786,0.39466716233916,0.447679297537538,0.00407820362781602,0.00442048096964695,5.93597930812517,0.534676119463952
5,JZ,4,IPL-L,LT_Pronation_anti_R,0.421661149799284,0.368084702011989,0.789745851811273,0.00660179276261936,0.00715436195674662,5.87185024203395,0.499910339804114
5,JZ,5,SPL-L,LT_Pronation_anti_R,0.626936823867285,0.297765284538887,0.924702108406173,0.00810327410304426,0.00881950645098719,5.85547892658201,0.514377899094943
5,JZ,6,AG-L,LT_Pronation_anti_R,0.347431205561723,0.353961137717461,0.701392343279185,0.00713800853410426,0.00773435688547099,5.87509297296006,0.523891285218209
5,JZ,7,mIPS-L,LT_Pronation_anti_R,0.580591539867925,0.485852254625566,1.06644379449349,0.00902808557765723,0.00977797040962024,5.83484340724374,0.506635257168337
5,JZ,8,VIP-L,LT_Pronation_anti_R,0.53671378382575,0.218366445823479,0.755080229649229,0.00669530282286703,0.00725646914672309,5.88015290995938,0.523340548895436
5,JZ,9,SPOC-L,LT_Pronation_anti_R,0.328878069834634,0.372028433106116,0.70090650294075,0.00689544804044302,0.00748845983667671,5.88041428371545,0.523229405690282
5,JZ,10,S1-L,LT_Pronation_anti_R,0.17912782579719,0.659587599506828,0.838715425304018,0.00575030933116517,0.00620384881823935,5.88857078329275,0.513057820542384
5,JZ,11,M1-L,LT_Pronation_anti_R,0.248819405100692,0.351132062049192,0.599951467149884,0.00602761744561686,0.00653314725835706,5.8958645308345,0.524018560472619
5,JZ,12,SMA-L,LT_Pronation_anti_R,0.455637707075576,0.301864125885706,0.757501832961282,0.00681477484041154,0.0074491175981506,5.87282145691658,0.508469461357839
5,JZ,13,PMd-L,LT_Pronation_anti_R,0.455820152596542,0.236717527989243,0.692537680585785,0.00646761234458269,0.00704016548664688,5.8827929574211,0.526000356287443
5,JZ,14,PMv-L,LT_Pronation_anti_R,0.0668210005002993,0.127989950270204,0.194810950770504,0.00294154848768908,0.00318666522877026,5.97033159247525,0.546194181252151
5,JZ,15,FEF-L,LT_Pronation_anti_R,0.108459147910332,0.29253322889779,0.400992376808122,0.00464692925449204,0.00503568789102178,5.92657172356617,0.538681516551288
5,JZ,16,POJ-L,LT_Pronation_anti_R,0.803227255956862,0.379350492725641,1.1825777486825,0.00882196268009345,0.00955910541906075,5.83003653270283,0.490672436399063
5,JZ,17,V1-R,LT_Pronation_anti_R,0.0774710972496061,0.291149598415449,0.368620695665055,0.00387098177971461,0.00420333669218952,5.9401600468625,0.536675463715854
5,JZ,18,V3-R,LT_Pronation_anti_R,0.130217337073374,0.157806584385918,0.288023921459292,0.00393435546739528,0.00429723200411406,5.94201363190261,0.545871877881793
5,JZ,19,STS-R,LT_Pronation_anti_R,0.136053016878363,0.180279981789455,0.316332998667818,0.00400978688209543,0.004373649969734,5.93710958030198,0.543210687421177
5,JZ,20,IPL-R,LT_Pronation_anti_R,0.327731292912114,0.549494001713877,0.877225294625991,0.00761311931250198,0.00830826140765235,5.86024219793558,0.519370700505547
5,JZ,21,SPL-R,LT_Pronation_anti_R,0.373061450106477,0.312637603830102,0.685699053936579,0.00604257714694383,0.00657083430587372,5.88266728110229,0.519710435540117
5,JZ,22,AG-R,LT_Pronation_anti_R,0.154647943008413,0.365637455832,0.520285398840413,0.00484022836941594,0.00523549870649341,5.91537601646392,0.526425128188859
5,JZ,23,mIPS-R,LT_Pronation_anti_R,0.512008848523042,0.27522131979636,0.787230168319402,0.00680209622829605,0.00739272713210861,5.87377325196516,0.518235199823464
5,JZ,24,VIP-R,LT_Pronation_anti_R,0.623338974878639,0.553658821643734,1.17699779652237,0.0089430817818052,0.00971478068727044,5.82469220073716,0.500107280777566
5,JZ,25,SPOC-R,LT_Pronation_anti_R,0.43747918212598,0.398899053703475,0.836378235829455,0.0067250331398221,0.00727650823561782,5.87440224891231,0.513995033823701
5,JZ,26,S1-R,LT_Pronation_anti_R,0.136511319475181,0.269244479134382,0.405755798609563,0.00480010469496745,0.00525388781926748,5.92289799302671,0.536454338709366
5,JZ,27,M1-R,LT_Pronation_anti_R,0.123846360828782,0.373010856877091,0.496857217705872,0.00449011064697839,0.0048319572324458,5.92539104578626,0.529403376683212
5,JZ,28,SMA-R,LT_Pronation_anti_R,0.420414865861709,0.224919993557536,0.645334859419245,0.00637038562455516,0.00695768203808566,5.88714076744395,0.525288959604037
5,JZ,29,PMd-R,LT_Pronation_anti_R,0.228201356608871,0.195421186816157,0.423622543425028,0.00481785120311608,0.00525536960528735,5.92157695076732,0.537432325856774
5,JZ,30,PMv-R,LT_Pronation_anti_R,0.0779431665188791,0.132750677774153,0.210693844293032,0.00307173509650909,0.0033358213966078,5.96576162689558,0.545215676570787
5,JZ,31,FEF-R,LT_Pronation_anti_R,0.207054274738535,0.146261661976845,0.35331593671538,0.00405732699705344,0.00441885967893147,5.93439347967898,0.536221172941751
5,JZ,32,POJ-R,LT_Pronation_anti_R,0.765753834940355,0.513046120639926,1.27879995558028,0.0090213374151859,0.00976445829283236,5.81780998703576,0.479951244924953
6,LT,1,V1-L,LT_Pronation_anti_R,0.178324004017542,0.382286459924515,0.560610463942057,0.00592478901530294,0.00637288970693167,6.22909832285975,0.613935664274921
6,LT,2,V3-L,LT_Pronation_anti_R,0.145919955404142,0.417701272244688,0.563621227648829,0.00631009076848481,0.00679457889748726,6.22602942895082,0.616743426525218
6,LT,3,STS-L,LT_Pronation_anti_R,0.117581292078531,0.200964039589323,0.318545331667853,0.00451531821881665,0.00485149872268065,6.26571336457779,0.62499681308485
6,LT,4,IPL-L,LT_Pronation_anti_R,0.730296850764125,0.576456519418911,1.30675337018304,0.0106080379427812,0.0113834646385506,6.13065346584567,0.571183802669486
6,LT,5,SPL-L,LT_Pronation_anti_R,0.496803226043135,0.322379280926161,0.819182506969297,0.00786430126350919,0.00839871519428034,6.19168102054247,0.600410186023977
6,LT,6,AG-L,LT_Pronation_anti_R,0.260387859322366,0.280827640124975,0.541215499447341,0.00616069168127642,0.0065895124996082,6.22919403601706,0.612246029017722
6,LT,7,mIPS-L,LT_Pronation_anti_R,0.452520191861404,0.270379989541936,0.72290018140334,0.00773982354426287,0.00829627311817819,6.19601899287603,0.606681227055212
6,LT,8,VIP-L,LT_Pronation_anti_R,0.500595547849155,0.620999469889695,1.12159501773885,0.00952624221931282,0.0102531444086413,6.1614287599522,0.592956673169661
6,LT,9,SPOC-L,LT_Pronation_anti_R,0.571709262169651,0.262647986931904,0.834357249101555,0.00820896046405875,0.00879705320840924,6.18820163336302,0.59763845418204
6,LT,10,S1-L,LT_Pronation_anti_R,0.390608560995791,0.328708217036447,0.719316778032238,0.00709736778169524,0.0076598738863365,6.20886768689476,0.60736903500784
6,LT,11,M1-L,LT_Pronation_anti_R,0.4864382101877,0.440582111643134,0.927020321830834,0.0082294449902601,0.00884741969654715,6.18224797144758,0.590698311509032
6,LT,12,SMA-L,LT_Pronation_anti_R,0.689155143942479,0.346538041794935,1.03569318573741,0.00841091877267912,0.00901015821201375,6.17016201576853,0.5777823885427
6,LT,13,PMd-L,LT_Pronation_anti_R,0.369100683017889,0.251378946760682,0.620479629778571,0.0067603760849695,0.00729723551759871,6.21643080043766,0.61182287948742
6,LT,14,PMv-L,LT_Pronation_anti_R,0.111921667846414,0.289509907429476,0.40143157527589,0.00522821801115358,0.00562369800875191,6.24790121154738,0.624247750472551
6,LT,15,FEF-L,LT_Pronation_anti_R,0.204481898574716,0.274250651752516,0.478732550327232,0.0054032380967899,0.00582886099576784,6.23992814079093,0.613689097382488
6,LT,16,POJ-L,LT_Pronation_anti_R,0.646300384157643,0.233521575217162,0.879821959374805,0.00803518955476672,0.00862452464805941,6.18635898989731,0.595757961339683
6,LT,17,V1-R,LT_Pronation_anti_R,0.188202174629393,0.26703613307233,0.455238307701723,0.00546105142772484,0.00587709488671883,6.24304285163493,0.616848251477375
6,LT,18,V3-R,LT_Pronation_anti_R,0.137136185263756,0.486068477525123,0.623204662788879,0.00622239648743961,0.0066537963634372,6.22716281365399,0.609759367790596
6,LT,19,STS-R,LT_Pronation_anti_R,0.0539986645896636,0.668042844285322,0.722041508874985,0.00583081762921532,0.00625665038153447,6.23122314846355,0.611223680920338
6,LT,20,IPL-R,LT_Pronation_anti_R,0.734026817085971,0.419557944417101,1.15358476150307,0.0102208135274701,0.0110187516814432,6.15628899250348,0.595755657979157
6,LT,21,SPL-R,LT_Pronation_anti_R,0.446667143545353,0.488025242898846,0.934692386444199,0.00890905939092793,0.00957618282024416,6.17467859253332,0.596216566464294
6,LT,22,AG-R,LT_Pronation_anti_R,0.293793118420769,0.597214570750946,0.891007689171715,0.00797351551064071,0.0085154235691369,6.19002943648136,0.600224206884648
6,LT,23,mIPS-R,LT_Pronation_anti_R,0.556444088575927,0.277221467669991,0.833665556245918,0.00841055197346895,0.00904100247099661,6.18298335530106,0.599571036458976
6,LT,24,VIP-R,LT_Pronation_anti_R,0.940091651013868,0.502625779684049,1.44271743069792,0.0116132220992603,0.0124912709885165,6.11896166752419,0.566536995807246
6,LT,25,SPOC-R,LT_Pronation_anti_R,0.306488877864231,0.264100773304576,0.570589651168807,0.00640833054292603,0.00688164723545213,6.22278078925729,0.612451599643804
6,LT,26,S1-R,LT_Pronation_anti_R,0.277014469985339,0.529888081439738,0.806902551425077,0.00771360844668762,0.0082801919176869,6.19721629353292,0.600975814663773
6,LT,27,M1-R,LT_Pronation_anti_R,0.186212336928141,0.277721183106703,0.463933520034845,0.00536928131452062,0.00578711071080941,6.23839611436927,0.616124661297577
6,LT,28,SMA-R,LT_Pronation_anti_R,0.640971350005135,0.19081627864719,0.831787628652325,0.00733556520539259,0.00785749646888978,6.19665516133361,0.597238666728206
6,LT,29,PMd-R,LT_Pronation_anti_R,0.218548947672224,0.454144633813499,0.672693581485724,0.00652182502194035,0.00699085693033279,6.21382028725686,0.589953100248088
6,LT,30,PMv-R,LT_Pronation_anti_R,0.0775488220588331,0.269882751667812,0.347431573726645,0.00415965375912173,0.00445825856488077,6.26959441883034,0.622285802974225
6,LT,31,FEF-R,LT_Pronation_anti_R,0.191197178055897,0.358612856452359,0.549810034508255,0.00641375882328052,0.00690514575852495,6.22477990317896,0.61733997268821
6,LT,32,POJ-R,LT_Pronation_anti_R,0.263398591800246,0.313794026765386,0.577192618565632,0.0060984215661273,0.00652888080609897,6.22313014826468,0.609356644489792
7,NvA,1,V1-L,LT_Pronation_anti_R,0.0536083080155477,0.188267092903513,0.24187540091906,0.00288279420614143,0.00313351231909232,5.87010516497815,0.497855148964629
7,NvA,2,V3-L,LT_Pronation_anti_R,0.108772608981532,0.261663088043183,0.370435697024714,0.00410328130276366,0.00447411778219464,5.83597543558525,0.489129307695293
7,NvA,3,STS-L,LT_Pronation_anti_R,0.14600215518404,0.334199633470799,0.480201788654839,0.00467238542072498,0.00509769802086796,5.81941551558417,0.483524363535978
7,NvA,4,IPL-L,LT_Pronation_anti_R,0.826768315498902,0.551049672268714,1.37781798776762,0.00957084890095108,0.0103355078417433,5.70173687175548,0.421845700093485
7,NvA,5,SPL-L,LT_Pronation_anti_R,0.168278843839463,0.366166839006823,0.534445682846285,0.00519406508099332,0.00565985631931288,5.81040489356329,0.485179544687721
7,NvA,6,AG-L,LT_Pronation_anti_R,0.336416568926842,0.204016257804779,0.540432826731622,0.00535001963818479,0.00583427043562843,5.80213235790439,0.482034744809285
7,NvA,7,mIPS-L,LT_Pronation_anti_R,0.413449106271922,0.41976365690221,0.833212763174132,0.0070999399793358,0.00773775673283366,5.76397655523221,0.464126881261749
7,NvA,8,VIP-L,LT_Pronation_anti_R,0.245023412215151,0.206100747163049,0.4511241593782,0.00476899162234418,0.00517077970826828,5.81576266364554,0.480882526563988
7,NvA,9,SPOC-L,LT_Pronation_anti_R,0.232795598318164,0.328740839328113,0.561536437646277,0.00567969913471808,0.00622124438703574,5.79629148457532,0.484714693355724
7,NvA,10,S1-L,LT_Pronation_anti_R,0.538163531960263,0.407972159567394,0.946135691527657,0.00729020786824099,0.00798358912304638,5.76296650709676,0.462786319775038
7,NvA,11,M1-L,LT_Pronation_anti_R,0.523697742261047,0.385276643541597,0.908974385802645,0.00715989479335709,0.00778131185405719,5.76232759942035,0.459794987895926
7,NvA,12,SMA-L,LT_Pronation_anti_R,0.196402076675298,0.406672748778955,0.603074825454252,0.00583760066723937,0.00638821390666655,5.79278089939117,0.487065269432389
7,NvA,13,PMd-L,LT_Pronation_anti_R,0.319561770428544,0.328899319262528,0.648461089691072,0.00636823818310693,0.006949814332663,5.78712848635421,0.477356603102831
7,NvA,14,PMv-L,LT_Pronation_anti_R,0.0695409076245886,0.0980988109048264,0.167639718529415,0.00260241967370034,0.00284703544397922,5.87728063959563,0.502492338242241
7,NvA,15,FEF-L,LT_Pronation_anti_R,0.175181099506228,0.278271328711401,0.453452428217629,0.00455843278394307,0.00496938125744594,5.82007080962097,0.485216850255161
7,NvA,16,POJ-L,LT_Pronation_anti_R,0.182165010258132,0.171392743697178,0.35355775395531,0.00415839401952065,0.00454910221143168,5.83384894567109,0.492322051817552
7,NvA,17,V1-R,LT_Pronation_anti_R,0.0995538156427447,0.199474481005714,0.299028296648459,0.00374780972463737,0.00408982928069102,5.84535129333053,0.49479702825305
7,NvA,18,V3-R,LT_Pronation_anti_R,0.150832312201744,0.212677949610439,0.363510261812183,0.00420082990422911,0.00457080344436527,5.83279453545856,0.489532487008528
7,NvA,19,STS-R,LT_Pronation_anti_R,0.148271702041323,0.166790742727567,0.31506244476889,0.00363809374770823,0.0039983700141737,5.84363453249614,0.491013665056563
7,NvA,20,IPL-R,LT_Pronation_anti_R,0.383395456882727,0.264546733429566,0.647942190312293,0.00620930564690985,0.00682680508549679,5.78455516007584,0.479663196613713
7,NvA,21,SPL-R,LT_Pronation_anti_R,0.433743785177499,0.330904450013479,0.764648235190978,0.00658590589221216,0.00713277305884559,5.77522464995087,0.46006918285887
7,NvA,22,AG-R,LT_Pronation_anti_R,0.206817481783079,0.268099745927189,0.474917227710268,0.00484161276087063,0.00524423506676725,5.81426960145719,0.484293525823413
7,NvA,23,mIPS-R,LT_Pronation_anti_R,0.542217261971898,0.404409414880906,0.946626676852803,0.00736241893899812,0.00795436630634025,5.75753295261131,0.454413310955817
7,NvA,24,VIP-R,LT_Pronation_anti_R,0.462861430513829,0.261099512127495,0.723960942641324,0.00664861321767349,0.00730411072750822,5.7760019391603,0.476195881776133
7,NvA,25,SPOC-R,LT_Pronation_anti_R,0.270298467067421,0.315739151141072,0.586037618208493,0.00571790994919017,0.0062577698054843,5.79492968128018,0.482830751689042
7,NvA,26,S1-R,LT_Pronation_anti_R,0.181066550882286,0.294065981505708,0.475132532387994,0.00507696319866108,0.00551604568501031,5.81353609459188,0.486511394100339
7,NvA,27,M1-R,LT_Pronation_anti_R,0.250489759876894,0.219232613810889,0.469722373687783,0.00496070628535676,0.00539575667289363,5.8158689412007,0.485640895851705
7,NvA,28,SMA-R,LT_Pronation_anti_R,0.121080739699804,0.257278593607336,0.37835933330714,0.00461616405202931,0.00503391710517163,5.82674515467521,0.490744637883839
7,NvA,29,PMd-R,LT_Pronation_anti_R,0.409001163386045,0.290614282502799,0.699615445888844,0.00594135193332565,0.0064484742793207,5.78838543494619,0.476663254254328
7,NvA,30,PMv-R,LT_Pronation_anti_R,0.0790463119956739,0.305796438838202,0.384842750833876,0.00346450494813872,0.0037722809831187,5.84393015583953,0.491035095497296
7,NvA,31,FEF-R,LT_Pronation_anti_R,0.326644396062992,0.226705142657365,0.553349538720357,0.00488197641675542,0.00528679300968725,5.81173028997171,0.482300390795519
7,NvA,32,POJ-R,LT_Pronation_anti_R,0.489905802706083,0.137066678716921,0.626972481423004,0.00540517819367546,0.00587708434502381,5.80133907516925,0.476829186265791
8,RR,1,V1-L,LT_Pronation_anti_R,0.150652714272853,0.232115694204145,0.382768408476999,0.00405637367628793,0.0043629292329047,5.82328611252792,0.459912523171013
8,RR,2,V3-L,LT_Pronation_anti_R,0.148035217162853,0.813897171959617,0.96193238912247,0.00585095435904098,0.00631810251686651,5.77292939732464,0.437204657757511
8,RR,3,STS-L,LT_Pronation_anti_R,0.0799949734806133,0.243819288852986,0.323814262333599,0.00330798462853377,0.00357426804694094,5.84316407966228,0.464423605824853
8,RR,4,IPL-L,LT_Pronation_anti_R,0.585692988466615,0.183484240446847,0.769177228913461,0.00699536351284324,0.00759868427045448,5.76107100942429,0.44886732652388
8,RR,5,SPL-L,LT_Pronation_anti_R,0.413899998528822,0.448962325090763,0.862862323619585,0.00767382011909413,0.00830923942997081,5.74901426599593,0.445244149921436
8,RR,6,AG-L,LT_Pronation_anti_R,0.2370231854879,0.341939986976194,0.578963172464093,0.00503912381261082,0.00542617608359386,5.80268919937808,0.452490377155127
8,RR,7,mIPS-L,LT_Pronation_anti_R,0.530119042446797,0.26084377245734,0.790962814904137,0.00699043421776277,0.00755883837189945,5.75607204627452,0.447035460513764
8,RR,8,VIP-L,LT_Pronation_anti_R,0.379544369930282,0.19156705715199,0.571111427082273,0.00537397492678594,0.00580241257749578,5.79305827829684,0.453505252176537
8,RR,9,SPOC-L,LT_Pronation_anti_R,0.615021677805499,0.33816120149717,0.953182879302669,0.00708819193515005,0.00768158311056074,5.74803219829753,0.441726746327264
8,RR,10,S1-L,LT_Pronation_anti_R,0.216524120192367,0.266033619215762,0.482557739408129,0.00516961334736227,0.00559512235856574,5.80030534623447,0.460692758887728
8,RR,11,M1-L,LT_Pronation_anti_R,0.232644927091151,0.160398595147757,0.393043522238908,0.00474923739700056,0.00512967500570157,5.8123153033849,0.463139981907727
8,RR,12,SMA-L,LT_Pronation_anti_R,0.396476704153541,0.198962290094733,0.595438994248274,0.00564936083878465,0.00608676266902596,5.78852278167452,0.452833262379093
8,RR,13,PMd-L,LT_Pronation_anti_R,0.404184330359372,0.476358280227868,0.88054261058724,0.00771381169618493,0.00828737616567408,5.74342945188527,0.434673449588766
8,RR,14,PMv-L,LT_Pronation_anti_R,0.0404749885601331,0.181970292212768,0.222445280772902,0.00278870055112114,0.00299992786929513,5.86252652022643,0.473324197648184
8,RR,15,FEF-L,LT_Pronation_anti_R,0.246136120036191,0.224463730077042,0.470599850113232,0.00476801019678179,0.0051228452004468,5.80677508258637,0.458481976930879
8,RR,16,POJ-L,LT_Pronation_anti_R,0.575077430826789,0.257982497009766,0.833059927836554,0.00662443605790737,0.00718238239634256,5.75787284657546,0.447082721309118
8,RR,17,V1-R,LT_Pronation_anti_R,0.128089769620001,0.328218474248544,0.456308243868545,0.00433793564579364,0.00469048472674616,5.81471451501421,0.458954472010483
8,RR,18,V3-R,LT_Pronation_anti_R,0.210806146907067,0.138335329520068,0.349141476427135,0.00382384388021505,0.0041526265191175,5.83017965389567,0.467154779394255
8,RR,19,STS-R,LT_Pronation_anti_R,0.087760689021981,0.127344718901045,0.215105407923026,0.00317722587122789,0.00344990502100387,5.85052515758622,0.471962364073502
8,RR,20,IPL-R,LT_Pronation_anti_R,0.281070061341335,0.176476624993703,0.457546686335038,0.00495313719869971,0.00534124775421543,5.80572945023502,0.456411318731166
8,RR,21,SPL-R,LT_Pronation_anti_R,0.198659470404629,0.346001755146047,0.544661225550676,0.00505482897624452,0.00545837524422685,5.7996834524796,0.453675779691575
8,RR,22,AG-R,LT_Pronation_anti_R,0.170331925474157,0.424577752231916,0.594909677706073,0.00544753551507865,0.00586579038262074,5.79373860533184,0.456085684701426
8,RR,23,mIPS-R,LT_Pronation_anti_R,0.297665313899818,0.31586376032967,0.613529074229489,0.00609089649587174,0.00659133254627895,5.7800648389047,0.45333481864376
8,RR,24,VIP-R,LT_Pronation_anti_R,0.237705803469836,0.221387736626612,0.459093540096449,0.00471272162207607,0.00508118717661047,5.80681095728516,0.458730176769966
8,RR,25,SPOC-R,LT_Pronation_anti_R,0.37402611352318,0.357368684923472,0.731394798446652,0.00655049679792588,0.00708127112755334,5.7690192518754,0.449734715439606
8,RR,26,S1-R,LT_Pronation_anti_R,0.197914975820203,0.30348573662988,0.501400712450083,0.00499294765855355,0.00536864077198841,5.80076886103948,0.449467679954115
8,RR,27,M1-R,LT_Pronation_anti_R,0.1174921792878,0.225427694877723,0.342919874165523,0.00433598967125049,0.00469205031557406,5.82343693781168,0.464998465228079
8,RR,28,SMA-R,LT_Pronation_anti_R,0.355606556953756,0.30238475862961,0.657991315583366,0.0061239848718575,0.00661942348735423,5.77602773486265,0.449314931402528
8,RR,29,PMd-R,LT_Pronation_anti_R,0.418419049062177,0.310701720852859,0.729120769915036,0.00627411569858324,0.00675241528140303,5.77015620189687,0.433817161912298
8,RR,30,PMv-R,LT_Pronation_anti_R,0.0844541134753223,0.170012595253302,0.254466708728624,0.00342718522459054,0.00370788617426623,5.84368008491666,0.470470358163399
8,RR,31,FEF-R,LT_Pronation_anti_R,0.191757152451891,0.234489203041955,0.426246355493846,0.00454750529306375,0.00492613402865024,5.81369563556877,0.457753067309101
8,RR,32,POJ-R,LT_Pronation_anti_R,0.388125253708019,0.188350774393799,0.576476028101818,0.00539710661990257,0.00583686137170517,5.79669126950316,0.456051522680322
9,SJB,1,V1-L,LT_Pronation_anti_R,0.165027746109337,0.533604122370243,0.69863186847958,0.00568651855491942,0.00611886492192688,5.86514287077074,0.456705940770866
9,SJB,2,V3-L,LT_Pronation_anti_R,0.179218798113337,1.23011153483001,1.40933033294335,0.00795417331786669,0.00849674482595416,5.81121656649511,0.43809666314446
9,SJB,3,STS-L,LT_Pronation_anti_R,0.124621104021129,0.341881886677451,0.466502990698579,0.00475302856726631,0.00510222263226536,5.90048835153101,0.473759209648181
9,SJB,4,IPL-L,LT_Pronation_anti_R,0.58260455454017,0.274148076982605,0.856752631522775,0.00765034376326751,0.0082649019921527,5.83514654103896,0.459115861588861
9,SJB,5,SPL-L,LT_Pronation_anti_R,0.554641365227295,0.44113181596442,0.995773181191715,0.00773205804687903,0.00830859359121952,5.82798644879326,0.450483469847517
9,SJB,6,AG-L,LT_Pronation_anti_R,0.3029360163588,0.201438936488504,0.504374952847304,0.00522442408974714,0.0056137875072147,5.8850203202533,0.4650553693671
9,SJB,7,mIPS-L,LT_Pronation_anti_R,0.484115882913352,0.261117672724368,0.74523355563772,0.006829694343236,0.00733709685603004,5.8559079398631,0.462427104325613
9,SJB,8,VIP-L,LT_Pronation_anti_R,0.676654818650723,0.267121357599604,0.943776176250327,0.00756997671325249,0.00819050502909716,5.83106774027817,0.460885529681289
9,SJB,9,SPOC-L,LT_Pronation_anti_R,0.538691839632506,0.407450960419061,0.946142800051567,0.00752514846162321,0.00808498969496585,5.83560960019315,0.453414541441874
9,SJB,10,S1-L,LT_Pronation_anti_R,0.115551318287627,0.223846549266155,0.339397867553783,0.00401493468608304,0.00430947782780176,5.9162681552189,0.475803090005795
9,SJB,11,M1-L,LT_Pronation_anti_R,0.310140263916424,0.239538394958012,0.549678658874436,0.00549178834199755,0.0059351044770078,5.87298236260221,0.464018583622727
9,SJB,12,SMA-L,LT_Pronation_anti_R,0.316247547458107,0.237600745529917,0.553848292988024,0.00467316960727421,0.00502775216019971,5.88784340588935,0.466984845920317
9,SJB,13,PMd-L,LT_Pronation_anti_R,0.325043286468855,0.236887424986261,0.561930711455116,0.0055502340034094,0.00597046554419567,5.87479632757414,0.46693510985662
9,SJB,14,PMv-L,LT_Pronation_anti_R,0.0667340251972323,0.15476252839765,0.221496553594882,0.00285609397379448,0.00307123558483277,5.94536793406561,0.481675083242392
9,SJB,15,FEF-L,LT_Pronation_anti_R,0.237789935920825,0.264026389488535,0.50181632540936,0.00540440595976586,0.00582320412847818,5.88431344489669,0.472254726731671
9,SJB,16,POJ-L,LT_Pronation_anti_R,0.610456836420201,0.396086383979017,1.00654322039922,0.0077187571178615,0.00827834618767447,5.8219721678837,0.4481735944726
9,SJB,17,V1-R,LT_Pronation_anti_R,0.153764942034916,0.340251603754697,0.494016545789612,0.00499701588988292,0.00536774864605116,5.89128749195515,0.470527452065678
9,SJB,18,V3-R,LT_Pronation_anti_R,0.193404243006095,0.172834750266228,0.366238993272323,0.00445492929954937,0.00479262797586266,5.90133294874385,0.477344338280452
9,SJB,19,STS-R,LT_Pronation_anti_R,0.0573951888294199,0.223146206449538,0.280541395278958,0.00343455400476277,0.003703013851754,5.93142971296469,0.483351671677861
9,SJB,20,IPL-R,LT_Pronation_anti_R,0.197920177270548,0.177382669660503,0.37530284693105,0.00459741218195487,0.00495732936369414,5.90015753108387,0.477533735029352
9,SJB,21,SPL-R,LT_Pronation_anti_R,0.236617405596664,0.393989365196438,0.630606770793102,0.00612630158248203,0.00656481584808828,5.87129163549262,0.467477049373499
9,SJB,22,AG-R,LT_Pronation_anti_R,0.341564056664132,0.257627171365124,0.599191228029256,0.00614496734630626,0.00661537721932547,5.8687656203506,0.464992768929055
9,SJB,23,mIPS-R,LT_Pronation_anti_R,0.400777608495634,0.209974768833211,0.610752377328845,0.0055936679921719,0.00604223377447575,5.87606687172422,0.465913356073323
9,SJB,24,VIP-R,LT_Pronation_anti_R,0.349808862035059,0.298150577748134,0.647959439783193,0.00650047852808571,0.00701541854245516,5.86255781682397,0.467062608608503
9,SJB,25,SPOC-R,LT_Pronation_anti_R,0.397786139950659,0.331448577254598,0.729234717205257,0.00618996457694084,0.00661933068198975,5.86524249716306,0.45846172894387
9,SJB,26,S1-R,LT_Pronation_anti_R,0.121907759955942,0.389044046229407,0.51095180618535,0.00481569422782539,0.00517984948908652,5.88952309646937,0.471328815437757
9,SJB,27,M1-R,LT_Pronation_anti_R,0.277413807351291,0.196219741899003,0.473633549250294,0.00525556956285228,0.00565203143928664,5.88849762579464,0.473205915906658
9,SJB,28,SMA-R,LT_Pronation_anti_R,0.273941529583167,0.146939256704867,0.420880786288033,0.00438553708070627,0.00471673260340623,5.9018733108638,0.470815531523943
9,SJB,29,PMd-R,LT_Pronation_anti_R,0.175678600313474,0.3282835099722,0.503962110285674,0.00506932303698405,0.00542487710139746,5.88911308327559,0.471343339795457
9,SJB,30,PMv-R,LT_Pronation_anti_R,0.0491094731138052,0.160236364520329,0.209345837634134,0.0030870934109096,0.00332385568898863,5.94148621949223,0.486752889264187
9,SJB,31,FEF-R,LT_Pronation_anti_R,0.131912968574648,0.144662814078804,0.276575782653453,0.00399158859555108,0.00430812796452212,5.91854560415493,0.484194288006714
9,SJB,32,POJ-R,LT_Pronation_anti_R,0.794060365320124,0.262592262736607,1.05665262805673,0.0075613517953026,0.00811523372988676,5.82670327541788,0.448368883864251
NaN,,NaN,,,NaN,NaN,NaN,NaN,NaN,NaN,NaN
NaN,,NaN,,,NaN,NaN,NaN,NaN,NaN,NaN,NaN
NaN,,NaN,,,NaN,NaN,NaN,NaN,NaN,NaN,NaN
NaN,,NaN,,,NaN,NaN,NaN,NaN,NaN,NaN,NaN
NaN,,NaN,,,NaN,NaN,NaN,NaN,NaN,NaN,NaN
NaN,,NaN,,,NaN,NaN,NaN,NaN,NaN,NaN,NaN
NaN,,NaN,,,NaN,NaN,NaN,NaN,NaN,NaN,NaN
NaN,,NaN,,,NaN,NaN,NaN,NaN,NaN,NaN,NaN
NaN,,NaN,,,NaN,NaN,NaN,NaN,NaN,NaN,NaN
NaN,,NaN,,,NaN,NaN,NaN,NaN,NaN,NaN,NaN
NaN,,NaN,,,NaN,NaN,NaN,NaN,NaN,NaN,NaN
NaN,,NaN,,,NaN,NaN,NaN,NaN,NaN,NaN,NaN
NaN,,NaN,,,NaN,NaN,NaN,NaN,NaN,NaN,NaN
NaN,,NaN,,,NaN,NaN,NaN,NaN,NaN,NaN,NaN
NaN,,NaN,,,NaN,NaN,NaN,NaN,NaN,NaN,NaN
NaN,,NaN,,,NaN,NaN,NaN,NaN,NaN,NaN,NaN
NaN,,NaN,,,NaN,NaN,NaN,NaN,NaN,NaN,NaN
NaN,,NaN,,,NaN,NaN,NaN,NaN,NaN,NaN,NaN
NaN,,NaN,,,NaN,NaN,NaN,NaN,NaN,NaN,NaN
NaN,,NaN,,,NaN,NaN,NaN,NaN,NaN,NaN,NaN
NaN,,NaN,,,NaN,NaN,NaN,NaN,NaN,NaN,NaN
NaN,,NaN,,,NaN,NaN,NaN,NaN,NaN,NaN,NaN
NaN,,NaN,,,NaN,NaN,NaN,NaN,NaN,NaN,NaN
NaN,,NaN,,,NaN,NaN,NaN,NaN,NaN,NaN,NaN
NaN,,NaN,,,NaN,NaN,NaN,NaN,NaN,NaN,NaN
NaN,,NaN,,,NaN,NaN,NaN,NaN,NaN,NaN,NaN
NaN,,NaN,,,NaN,NaN,NaN,NaN,NaN,NaN,NaN
NaN,,NaN,,,NaN,NaN,NaN,NaN,NaN,NaN,NaN
NaN,,NaN,,,NaN,NaN,NaN,NaN,NaN,NaN,NaN
NaN,,NaN,,,NaN,NaN,NaN,NaN,NaN,NaN,NaN
NaN,,NaN,,,NaN,NaN,NaN,NaN,NaN,NaN,NaN
NaN,,NaN,,,NaN,NaN,NaN,NaN,NaN,NaN,NaN
NaN,,NaN,,,NaN,NaN,NaN,NaN,NaN,NaN,NaN
NaN,,NaN,,,NaN,NaN,NaN,NaN,NaN,NaN,NaN
NaN,,NaN,,,NaN,NaN,NaN,NaN,NaN,NaN,NaN
NaN,,NaN,,,NaN,NaN,NaN,NaN,NaN,NaN,NaN
NaN,,NaN,,,NaN,NaN,NaN,NaN,NaN,NaN,NaN
NaN,,NaN,,,NaN,NaN,NaN,NaN,NaN,NaN,NaN
NaN,,NaN,,,NaN,NaN,NaN,NaN,NaN,NaN,NaN
NaN,,NaN,,,NaN,NaN,NaN,NaN,NaN,NaN,NaN
NaN,,NaN,,,NaN,NaN,NaN,NaN,NaN,NaN,NaN
NaN,,NaN,,,NaN,NaN,NaN,NaN,NaN,NaN,NaN
NaN,,NaN,,,NaN,NaN,NaN,NaN,NaN,NaN,NaN
NaN,,NaN,,,NaN,NaN,NaN,NaN,NaN,NaN,NaN
NaN,,NaN,,,NaN,NaN,NaN,NaN,NaN,NaN,NaN
NaN,,NaN,,,NaN,NaN,NaN,NaN,NaN,NaN,NaN
NaN,,NaN,,,NaN,NaN,NaN,NaN,NaN,NaN,NaN
NaN,,NaN,,,NaN,NaN,NaN,NaN,NaN,NaN,NaN
NaN,,NaN,,,NaN,NaN,NaN,NaN,NaN,NaN,NaN
NaN,,NaN,,,NaN,NaN,NaN,NaN,NaN,NaN,NaN
NaN,,NaN,,,NaN,NaN,NaN,NaN,NaN,NaN,NaN
NaN,,NaN,,,NaN,NaN,NaN,NaN,NaN,NaN,NaN
NaN,,NaN,,,NaN,NaN,NaN,NaN,NaN,NaN,NaN
NaN,,NaN,,,NaN,NaN,NaN,NaN,NaN,NaN,NaN
NaN,,NaN,,,NaN,NaN,NaN,NaN,NaN,NaN,NaN
NaN,,NaN,,,NaN,NaN,NaN,NaN,NaN,NaN,NaN
NaN,,NaN,,,NaN,NaN,NaN,NaN,NaN,NaN,NaN
NaN,,NaN,,,NaN,NaN,NaN,NaN,NaN,NaN,NaN
NaN,,NaN,,,NaN,NaN,NaN,NaN,NaN,NaN,NaN
NaN,,NaN,,,NaN,NaN,NaN,NaN,NaN,NaN,NaN
NaN,,NaN,,,NaN,NaN,NaN,NaN,NaN,NaN,NaN
NaN,,NaN,,,NaN,NaN,NaN,NaN,NaN,NaN,NaN
NaN,,NaN,,,NaN,NaN,NaN,NaN,NaN,NaN,NaN
NaN,,NaN,,,NaN,NaN,NaN,NaN,NaN,NaN,NaN
NaN,,NaN,,,NaN,NaN,NaN,NaN,NaN,NaN,NaN
NaN,,NaN,,,NaN,NaN,NaN,NaN,NaN,NaN,NaN
NaN,,NaN,,,NaN,NaN,NaN,NaN,NaN,NaN,NaN
NaN,,NaN,,,NaN,NaN,NaN,NaN,NaN,NaN,NaN
NaN,,NaN,,,NaN,NaN,NaN,NaN,NaN,NaN,NaN
NaN,,NaN,,,NaN,NaN,NaN,NaN,NaN,NaN,NaN
NaN,,NaN,,,NaN,NaN,NaN,NaN,NaN,NaN,NaN
NaN,,NaN,,,NaN,NaN,NaN,NaN,NaN,NaN,NaN
NaN,,NaN,,,NaN,NaN,NaN,NaN,NaN,NaN,NaN
NaN,,NaN,,,NaN,NaN,NaN,NaN,NaN,NaN,NaN
NaN,,NaN,,,NaN,NaN,NaN,NaN,NaN,NaN,NaN
NaN,,NaN,,,NaN,NaN,NaN,NaN,NaN,NaN,NaN
NaN,,NaN,,,NaN,NaN,NaN,NaN,NaN,NaN,NaN
NaN,,NaN,,,NaN,NaN,NaN,NaN,NaN,NaN,NaN
NaN,,NaN,,,NaN,NaN,NaN,NaN,NaN,NaN,NaN
NaN,,NaN,,,NaN,NaN,NaN,NaN,NaN,NaN,NaN
NaN,,NaN,,,NaN,NaN,NaN,NaN,NaN,NaN,NaN
NaN,,NaN,,,NaN,NaN,NaN,NaN,NaN,NaN,NaN
NaN,,NaN,,,NaN,NaN,NaN,NaN,NaN,NaN,NaN
NaN,,NaN,,,NaN,NaN,NaN,NaN,NaN,NaN,NaN
NaN,,NaN,,,NaN,NaN,NaN,NaN,NaN,NaN,NaN
NaN,,NaN,,,NaN,NaN,NaN,NaN,NaN,NaN,NaN
NaN,,NaN,,,NaN,NaN,NaN,NaN,NaN,NaN,NaN
NaN,,NaN,,,NaN,NaN,NaN,NaN,NaN,NaN,NaN
NaN,,NaN,,,NaN,NaN,NaN,NaN,NaN,NaN,NaN
NaN,,NaN,,,NaN,NaN,NaN,NaN,NaN,NaN,NaN
NaN,,NaN,,,NaN,NaN,NaN,NaN,NaN,NaN,NaN
NaN,,NaN,,,NaN,NaN,NaN,NaN,NaN,NaN,NaN
NaN,,NaN,,,NaN,NaN,NaN,NaN,NaN,NaN,NaN
NaN,,NaN,,,NaN,NaN,NaN,NaN,NaN,NaN,NaN
NaN,,NaN,,,NaN,NaN,NaN,NaN,NaN,NaN,NaN
NaN,,NaN,,,NaN,NaN,NaN,NaN,NaN,NaN,NaN
NaN,,NaN,,,NaN,NaN,NaN,NaN,NaN,NaN,NaN
NaN,,NaN,,,NaN,NaN,NaN,NaN,NaN,NaN,NaN
NaN,,NaN,,,NaN,NaN,NaN,NaN,NaN,NaN,NaN
NaN,,NaN,,,NaN,NaN,NaN,NaN,NaN,NaN,NaN
NaN,,NaN,,,NaN,NaN,NaN,NaN,NaN,NaN,NaN
NaN,,NaN,,,NaN,NaN,NaN,NaN,NaN,NaN,NaN
NaN,,NaN,,,NaN,NaN,NaN,NaN,NaN,NaN,NaN
NaN,,NaN,,,NaN,NaN,NaN,NaN,NaN,NaN,NaN
NaN,,NaN,,,NaN,NaN,NaN,NaN,NaN,NaN,NaN
NaN,,NaN,,,NaN,NaN,NaN,NaN,NaN,NaN,NaN
NaN,,NaN,,,NaN,NaN,NaN,NaN,NaN,NaN,NaN
NaN,,NaN,,,NaN,NaN,NaN,NaN,NaN,NaN,NaN
NaN,,NaN,,,NaN,NaN,NaN,NaN,NaN,NaN,NaN
NaN,,NaN,,,NaN,NaN,NaN,NaN,NaN,NaN,NaN
NaN,,NaN,,,NaN,NaN,NaN,NaN,NaN,NaN,NaN
NaN,,NaN,,,NaN,NaN,NaN,NaN,NaN,NaN,NaN
NaN,,NaN,,,NaN,NaN,NaN,NaN,NaN,NaN,NaN
NaN,,NaN,,,NaN,NaN,NaN,NaN,NaN,NaN,NaN
NaN,,NaN,,,NaN,NaN,NaN,NaN,NaN,NaN,NaN
NaN,,NaN,,,NaN,NaN,NaN,NaN,NaN,NaN,NaN
NaN,,NaN,,,NaN,NaN,NaN,NaN,NaN,NaN,NaN
NaN,,NaN,,,NaN,NaN,NaN,NaN,NaN,NaN,NaN
NaN,,NaN,,,NaN,NaN,NaN,NaN,NaN,NaN,NaN
NaN,,NaN,,,NaN,NaN,NaN,NaN,NaN,NaN,NaN
NaN,,NaN,,,NaN,NaN,NaN,NaN,NaN,NaN,NaN
NaN,,NaN,,,NaN,NaN,NaN,NaN,NaN,NaN,NaN
NaN,,NaN,,,NaN,NaN,NaN,NaN,NaN,NaN,NaN
NaN,,NaN,,,NaN,NaN,NaN,NaN,NaN,NaN,NaN
NaN,,NaN,,,NaN,NaN,NaN,NaN,NaN,NaN,NaN
NaN,,NaN,,,NaN,NaN,NaN,NaN,NaN,NaN,NaN
NaN,,NaN,,,NaN,NaN,NaN,NaN,NaN,NaN,NaN
NaN,,NaN,,,NaN,NaN,NaN,NaN,NaN,NaN,NaN
