Subject_id,Subject,Region_id,Region,Condition,Strength_in,Strength_out,Strength,Clust_coef,Efficiency,Route_efficiency_log,Route_efficiency_inv
1,DOC,1,V1-L,RT_Pronation_pro_L,0.114296504307339,0.0551316548793124,0.169428159186651,0.00142226393812226,0.00152557090864949,4.35931437702693,0.0877708556986746
1,DOC,2,V3-L,RT_Pronation_pro_L,0.0481214372526921,0.0562619739994326,0.104383411252125,0.00108033447671173,0.00116839570503387,4.38008186898274,0.0936304000896893
1,DOC,3,STS-L,RT_Pronation_pro_L,0.0368001092072694,0.0829336424543675,0.119733751661637,0.00111927434339262,0.00121149271063211,4.37681802406028,0.0921448327059725
1,DOC,4,IPL-L,RT_Pronation_pro_L,0.0788049756699523,0.057031927790848,0.1358369034608,0.00106750552417324,0.00114253746145851,4.38317814848387,0.0910971761430911
1,DOC,5,SPL-L,RT_Pronation_pro_L,0.0463691075400725,0.050372932515053,0.0967420400551256,0.00113663736377778,0.0012253014975705,4.37729056973075,0.0936574290913276
1,DOC,6,AG-L,RT_Pronation_pro_L,0.0636736930285761,0.0447041147582565,0.108377807786833,0.00118969126111493,0.00128562338469783,4.37371214447579,0.0938266722064236
1,DOC,7,mIPS-L,RT_Pronation_pro_L,0.0633257752122408,0.0495342064313791,0.11285998164362,0.00123844010099517,0.00133837188767963,4.37057138037617,0.0931057851999889
1,DOC,8,VIP-L,RT_Pronation_pro_L,0.101771628820715,0.0320564910750224,0.133828119895738,0.00103933116505042,0.00111835482232802,4.3844214213064,0.092467764764981
1,DOC,9,SPOC-L,RT_Pronation_pro_L,0.056471343112056,0.0544945053256459,0.110965848437702,0.0010498754571378,0.00113262339002158,4.38177501170517,0.0923959435142747
1,DOC,10,S1-L,RT_Pronation_pro_L,0.089219104361964,0.0937084516316139,0.182927555993578,0.0014370199764442,0.00154653142509138,4.35900990789893,0.08857969389128
1,DOC,11,M1-L,RT_Pronation_pro_L,0.0412906647370891,0.082409748210635,0.123700412947724,0.0010350867114408,0.00111140050282299,4.38393141831834,0.0921161672624008
1,DOC,12,SMA-L,RT_Pronation_pro_L,0.0333350082298432,0.0676006710730493,0.100935679302892,0.000949208895925439,0.00101776533686893,4.38960770909533,0.0928578832886244
1,DOC,13,PMd-L,RT_Pronation_pro_L,0.0431272483997305,0.0700570430835253,0.113184291483256,0.00109492674316594,0.00117591216429452,4.37971765338873,0.0906798363811995
1,DOC,14,PMv-L,RT_Pronation_pro_L,0.0373408825116518,0.0456815309322296,0.0830224134438814,0.000926496119421404,0.000998874709712937,4.38969512275846,0.0936572068371819
1,DOC,15,FEF-L,RT_Pronation_pro_L,0.0422009803976957,0.0622977196837161,0.104498700081412,0.00115218026685881,0.00124658536188954,4.3742997386498,0.0934523220903616
1,DOC,16,POJ-L,RT_Pronation_pro_L,0.0492438587156733,0.0541558351509695,0.103399693866643,0.000952126301259444,0.00102542028794043,4.38854697214675,0.0924570813033024
1,DOC,17,V1-R,RT_Pronation_pro_L,0.0553609975872236,0.0598141780891774,0.115175175676401,0.00112490419469232,0.00120777241359785,4.37833113289041,0.0928163913018056
1,DOC,18,V3-R,RT_Pronation_pro_L,0.0653969446578519,0.0633716821358105,0.128768626793662,0.00117823571037465,0.0012680513334261,4.37460162574432,0.0922074827320117
1,DOC,19,STS-R,RT_Pronation_pro_L,0.087412825391892,0.0585356289616163,0.145948454353508,0.00142674947933329,0.00153396776420028,4.36053878738365,0.0916427523941024
1,DOC,20,IPL-R,RT_Pronation_pro_L,0.0654287570706499,0.0381405274636576,0.103569284534307,0.0010433561998896,0.00111713380312765,4.38301944535733,0.0934473713208643
1,DOC,21,SPL-R,RT_Pronation_pro_L,0.0736086132945718,0.0629431558996715,0.136551769194243,0.00129616971148899,0.00139678777269663,4.36717093348302,0.0923446476439767
1,DOC,22,AG-R,RT_Pronation_pro_L,0.0634700832329894,0.0541440224605152,0.117614105693505,0.00117830446100493,0.00126393359273152,4.37494326079745,0.0923155383087202
1,DOC,23,mIPS-R,RT_Pronation_pro_L,0.0652249531858723,0.0507144396270345,0.115939392812907,0.00118950349633606,0.00127666967471119,4.37459093223604,0.0929284615250776
1,DOC,24,VIP-R,RT_Pronation_pro_L,0.0443912479211132,0.0561977202592436,0.100588968180357,0.00111784717213377,0.00120412355929568,4.37753544541268,0.0943315423145633
1,DOC,25,SPOC-R,RT_Pronation_pro_L,0.0392032233405789,0.0475259607166002,0.0867291840571791,0.000931232978333002,0.00100283104662642,4.38941617883289,0.0936826628213644
1,DOC,26,S1-R,RT_Pronation_pro_L,0.0763856683537515,0.0376556077328373,0.114041276086589,0.00113073748802895,0.00121025196353043,4.37743697707182,0.0935267109112415
1,DOC,27,M1-R,RT_Pronation_pro_L,0.0513510879627087,0.0576373184047947,0.108988406367503,0.00103506310270754,0.00111530422951826,4.38258431227802,0.0933795417257862
1,DOC,28,SMA-R,RT_Pronation_pro_L,0.0284143701694067,0.0566259878765807,0.0850403580459874,0.000881401986914379,0.000945570957944039,4.3936877826264,0.0941460132754484
1,DOC,29,PMd-R,RT_Pronation_pro_L,0.0239377372914422,0.0616865368493674,0.0856242741408096,0.000891911736025299,0.000956265868699181,4.39310558897424,0.0943375666036227
1,DOC,30,PMv-R,RT_Pronation_pro_L,0.0358459573993187,0.0508196818123356,0.0866656392116543,0.000962563395115653,0.00103320465981873,4.38725760502705,0.0940620904523347
1,DOC,31,FEF-R,RT_Pronation_pro_L,0.040452169499932,0.048178554107918,0.08863072360785,0.000943310486877508,0.00101106745683328,4.38891078453123,0.0941383603594511
1,DOC,32,POJ-R,RT_Pronation_pro_L,0.0452331825521445,0.0440866890237914,0.0893198715759359,0.000981594218503019,0.00105717049053313,4.38612247652984,0.0938354262847212
2,GB,1,V1-L,RT_Pronation_pro_L,0.123102752220859,0.0822876803884342,0.205390432609294,0.00177461768964669,0.00193334616647132,4.78030200731035,0.177550609026586
2,GB,2,V3-L,RT_Pronation_pro_L,0.163450438747735,0.0733311232258276,0.236781561973563,0.0018290313240994,0.0019979473625114,4.77573439697583,0.174000845065803
2,GB,3,STS-L,RT_Pronation_pro_L,0.0947272367785564,0.084485374417404,0.17921261119596,0.0019248970576947,0.00212408406256584,4.77105134185041,0.179358482411818
2,GB,4,IPL-L,RT_Pronation_pro_L,0.147067999444043,0.0856893971263349,0.232757396570378,0.00179587732456451,0.00196711150804207,4.77542750616307,0.175343363098614
2,GB,5,SPL-L,RT_Pronation_pro_L,0.154801726429475,0.0854892374747308,0.240290963904206,0.00208479814227849,0.00227845646555545,4.76532303234633,0.17721463398903
2,GB,6,AG-L,RT_Pronation_pro_L,0.0720620601103742,0.123764514230109,0.195826574340483,0.00176549674616701,0.00193293211734503,4.77924115289124,0.176407685891904
2,GB,7,mIPS-L,RT_Pronation_pro_L,0.0729034859803935,0.131569626766928,0.204473112747322,0.00178900236620807,0.00195324968046059,4.77756525003019,0.174626360787526
2,GB,8,VIP-L,RT_Pronation_pro_L,0.0985280862320684,0.224316475713382,0.32284456194545,0.00246903759186164,0.00271916169352435,4.74894385302066,0.171339752974348
2,GB,9,SPOC-L,RT_Pronation_pro_L,0.131037297860062,0.157136951718096,0.288174249578158,0.00257484958267864,0.00282370578600189,4.74657347038045,0.172018391572466
2,GB,10,S1-L,RT_Pronation_pro_L,0.112039003995247,0.0626005988160658,0.174639602811313,0.00174400261089765,0.00190870369168099,4.78084292241073,0.178068890117437
2,GB,11,M1-L,RT_Pronation_pro_L,0.0869098912921313,0.120338457307227,0.207248348599359,0.00203168985684194,0.00221452757993381,4.76804115523413,0.175408191312572
2,GB,12,SMA-L,RT_Pronation_pro_L,0.128568771383247,0.0995432961854219,0.228112067568669,0.00221660794243519,0.00244021737282096,4.75998117700408,0.177054947002565
2,GB,13,PMd-L,RT_Pronation_pro_L,0.0607620004572231,0.116745413410462,0.177507413867685,0.00145345216769709,0.00158995064950935,4.79206924813429,0.178646908797956
2,GB,14,PMv-L,RT_Pronation_pro_L,0.0531003053573758,0.106182430047458,0.159282735404834,0.0014849186759964,0.00163118273841026,4.79034443794692,0.179706883279617
2,GB,15,FEF-L,RT_Pronation_pro_L,0.112803827145414,0.0830733794669347,0.195877206612349,0.00164153940939337,0.00179683899071751,4.78220711880488,0.177466801638035
2,GB,16,POJ-L,RT_Pronation_pro_L,0.0953919392108378,0.135774066491131,0.231166005701969,0.00204457743706953,0.00223695509079435,4.76900634953243,0.176375087161787
2,GB,17,V1-R,RT_Pronation_pro_L,0.107863920442979,0.0625214639088945,0.170385384351873,0.00170972140926668,0.00188461481818953,4.78036651228008,0.178801828890475
2,GB,18,V3-R,RT_Pronation_pro_L,0.143071306674095,0.0588164624234497,0.201887769097544,0.00180281121456685,0.00197004915756148,4.7777072617375,0.176919801619026
2,GB,19,STS-R,RT_Pronation_pro_L,0.111911848795471,0.0763104182989264,0.188222267094398,0.00173468392633769,0.00190017116958475,4.778905325345,0.177040232294452
2,GB,20,IPL-R,RT_Pronation_pro_L,0.108716620745203,0.0879878109188247,0.196704431664027,0.00198390639015942,0.00217078304652853,4.76949629476245,0.177468584481134
2,GB,21,SPL-R,RT_Pronation_pro_L,0.112737999407224,0.0923496704995923,0.205087669906817,0.00199178156923198,0.00218259796825866,4.76957319806372,0.176061752997139
2,GB,22,AG-R,RT_Pronation_pro_L,0.0868520569668209,0.109417592613751,0.196269649580572,0.00179016760233847,0.00195335555981783,4.77584389514236,0.174160989351782
2,GB,23,mIPS-R,RT_Pronation_pro_L,0.107466497357593,0.0839423457514799,0.191408843109073,0.00190010585423291,0.00208787197927336,4.77277665678273,0.178489274821184
2,GB,24,VIP-R,RT_Pronation_pro_L,0.0866756449741758,0.0756613170711158,0.162336962045292,0.0016374549193352,0.00179287738893441,4.7856402721004,0.177679994687886
2,GB,25,SPOC-R,RT_Pronation_pro_L,0.089633278707406,0.22311267202029,0.312745950727696,0.00231341159838306,0.00253783794395071,4.75400114336027,0.171762325103997
2,GB,26,S1-R,RT_Pronation_pro_L,0.0868440039779705,0.0439208319477452,0.130764835925716,0.00153065357992364,0.00168180531366287,4.78979411114897,0.181410056379718
2,GB,27,M1-R,RT_Pronation_pro_L,0.119227850968086,0.0883583384150847,0.207586189383171,0.00153524642040075,0.00167090499440576,4.78446800557978,0.172735165453093
2,GB,28,SMA-R,RT_Pronation_pro_L,0.0816943770469263,0.102262639640462,0.183957016687388,0.00165302236763266,0.00180915525360497,4.78191441537547,0.175699929473075
2,GB,29,PMd-R,RT_Pronation_pro_L,0.131716023207969,0.127608817907952,0.259324841115921,0.00212259880090952,0.00233354762377208,4.75952418324367,0.171452144180424
2,GB,30,PMv-R,RT_Pronation_pro_L,0.055738199214077,0.0880143187382731,0.14375251795235,0.00149379759336937,0.00163906891971343,4.79049578856793,0.180000083635561
2,GB,31,FEF-R,RT_Pronation_pro_L,0.0765846622231411,0.108983860395967,0.185568522619108,0.00163337050666788,0.00179659042646439,4.78093993623284,0.176653930920763
2,GB,32,POJ-R,RT_Pronation_pro_L,0.115453600214727,0.127848130231152,0.243301730445879,0.00209717684186121,0.00229404875693046,4.76473959837044,0.173669145768857
3,JDC,1,V1-L,RT_Pronation_pro_L,0.13108952621352,0.0794596146364361,0.210549140849956,0.00179825644377029,0.0019391122127695,4.75954919443044,0.166068089976187
3,JDC,2,V3-L,RT_Pronation_pro_L,0.0502005482388325,0.0899834918750792,0.140184040113912,0.00147432201976501,0.00160528246185423,4.77520009351486,0.170013059178714
3,JDC,3,STS-L,RT_Pronation_pro_L,0.0574284346332324,0.0578393592487184,0.115267793881951,0.00139967883799119,0.00152155104974603,4.77843939068694,0.172237600037501
3,JDC,4,IPL-L,RT_Pronation_pro_L,0.0780291318834582,0.122137163688272,0.20016629557173,0.00180685826041073,0.00195708121949837,4.75804999268503,0.167874687785214
3,JDC,5,SPL-L,RT_Pronation_pro_L,0.129248583517031,0.0954313742958871,0.224679957812918,0.00207255258235329,0.00225009279178203,4.74802692897866,0.167786631811801
3,JDC,6,AG-L,RT_Pronation_pro_L,0.0879702965434598,0.084065742119427,0.172036038662887,0.00161437362914115,0.0017512656655947,4.76705719866222,0.167195646851542
3,JDC,7,mIPS-L,RT_Pronation_pro_L,0.0824157578638899,0.0855041926568283,0.167919950520718,0.00182810997191983,0.00197833474582653,4.75961749213264,0.169818051400892
3,JDC,8,VIP-L,RT_Pronation_pro_L,0.119117082978166,0.0221806244656855,0.141297707443851,0.00125676367984273,0.0013639721719673,4.7852469678431,0.1713061331827
3,JDC,9,SPOC-L,RT_Pronation_pro_L,0.0915841987755633,0.197529747995754,0.289113946771317,0.00234915808627055,0.00253831130321237,4.74014799858926,0.163082438418531
3,JDC,10,S1-L,RT_Pronation_pro_L,0.124686368852439,0.0683037108382033,0.192990079690642,0.00168134517837246,0.00182400082896253,4.76338352370854,0.168340128409491
3,JDC,11,M1-L,RT_Pronation_pro_L,0.0692213004771851,0.0895204062707757,0.158741706747961,0.00155801506711544,0.00168948896230157,4.76980493565337,0.170816308984041
3,JDC,12,SMA-L,RT_Pronation_pro_L,0.0776167509272768,0.0892224494932365,0.166839200420513,0.00174381794952377,0.00187806000101714,4.76545541790293,0.168916225451994
3,JDC,13,PMd-L,RT_Pronation_pro_L,0.0559253372527464,0.0501824143629103,0.106107751615657,0.00133757776669542,0.00144886166575322,4.78124995786753,0.171874065357641
3,JDC,14,PMv-L,RT_Pronation_pro_L,0.0449251239448576,0.0591927007055909,0.104117824650448,0.00121256148205317,0.00131294028207587,4.78771992184118,0.173102420035599
3,JDC,15,FEF-L,RT_Pronation_pro_L,0.105865390260175,0.0345306291454971,0.140396019405672,0.00138391859882533,0.00149906522209719,4.77877566838539,0.171753045202381
3,JDC,16,POJ-L,RT_Pronation_pro_L,0.137610675174542,0.079285097717375,0.216895772891917,0.00193039565321209,0.00208663279031287,4.75458672973491,0.167133513616978
3,JDC,17,V1-R,RT_Pronation_pro_L,0.0436613514140669,0.0958768047350215,0.139538156149088,0.00149356095197189,0.00161654169356985,4.7759376095761,0.171435064787652
3,JDC,18,V3-R,RT_Pronation_pro_L,0.068554585001249,0.109217284660083,0.177771869661332,0.00163451646782497,0.00176790743268355,4.76950490436249,0.168434286622244
3,JDC,19,STS-R,RT_Pronation_pro_L,0.105680228521112,0.0410979285060124,0.146778157027124,0.00165557982550374,0.00179615027060098,4.76795657227298,0.169628274131531
3,JDC,20,IPL-R,RT_Pronation_pro_L,0.0975628271735348,0.127251658738685,0.22481448591222,0.00222289050760865,0.00239361648329042,4.74781761662769,0.166135037432468
3,JDC,21,SPL-R,RT_Pronation_pro_L,0.124336576353962,0.18383806190436,0.308174638258321,0.00259175250668237,0.00280037357670509,4.73426326038844,0.164011365726054
3,JDC,22,AG-R,RT_Pronation_pro_L,0.201559920329972,0.103424482649128,0.3049844029791,0.00244968539792908,0.00265868102385115,4.73423671816477,0.16519457856857
3,JDC,23,mIPS-R,RT_Pronation_pro_L,0.206810309460879,0.107466660117644,0.314276969578523,0.00245078655502544,0.00265700588114716,4.73668720757016,0.163957823713777
3,JDC,24,VIP-R,RT_Pronation_pro_L,0.104618487840933,0.141491248319216,0.246109736160149,0.00228676177809977,0.00246920851032704,4.7460301016111,0.166878788430809
3,JDC,25,SPOC-R,RT_Pronation_pro_L,0.0805627572803057,0.33417912578258,0.414741883062886,0.00260364577312322,0.00280127896438839,4.72696514895024,0.157007269649458
3,JDC,26,S1-R,RT_Pronation_pro_L,0.129117518290321,0.0697323639770029,0.198849882267324,0.00204645127157763,0.00221486094333936,4.75020409915527,0.169052215972956
3,JDC,27,M1-R,RT_Pronation_pro_L,0.10792136681709,0.0781516158454895,0.186072982662579,0.00185373269837979,0.00199678491820284,4.75918473183478,0.168641240654359
3,JDC,28,SMA-R,RT_Pronation_pro_L,0.0666620214075629,0.109463088607298,0.176125110014861,0.00177377704936064,0.00191247229983982,4.76362281745006,0.169245573262801
3,JDC,29,PMd-R,RT_Pronation_pro_L,0.0938986526481382,0.109153797785755,0.203052450433893,0.00208584428115719,0.00225515784205326,4.75010442970793,0.168169723493083
3,JDC,30,PMv-R,RT_Pronation_pro_L,0.0567594363673588,0.105062895054774,0.161822331422133,0.00166148382005297,0.00178965319337451,4.76870683870925,0.168866876256307
3,JDC,31,FEF-R,RT_Pronation_pro_L,0.129812695835786,0.0948569922083422,0.224669688044128,0.00202754330431582,0.00217884134599436,4.7509015216656,0.166013893994064
3,JDC,32,POJ-R,RT_Pronation_pro_L,0.198668848136564,0.14448936200814,0.343158210144704,0.00263517353947258,0.00284471900216463,4.72923258969104,0.161403547720787
4,JFXD,1,V1-L,RT_Pronation_pro_L,0.0512753975939157,0.0539934825623603,0.105268880156276,0.00122421654807697,0.00130919111428932,4.57483602780416,0.117152740839977
4,JFXD,2,V3-L,RT_Pronation_pro_L,0.0729437438489017,0.0611696107362028,0.134113354585104,0.00144708758969594,0.00154506264471091,4.56263759818569,0.115220685314414
4,JFXD,3,STS-L,RT_Pronation_pro_L,0.0416510134641343,0.0881182255517393,0.129769239015874,0.00135254775911017,0.00144989336191291,4.56586622052555,0.116040594607663
4,JFXD,4,IPL-L,RT_Pronation_pro_L,0.0715517695339807,0.0467920707808665,0.118343840314847,0.00126899058034342,0.00135153974894806,4.57242739840921,0.116187535786688
4,JFXD,5,SPL-L,RT_Pronation_pro_L,0.0641920959366082,0.045352229184506,0.109544325121114,0.00124258352827658,0.00132723625607489,4.57290421550934,0.116835217458772
4,JFXD,6,AG-L,RT_Pronation_pro_L,0.0837713607497964,0.0868951391491506,0.170666499898947,0.00165117366502919,0.00176493624125696,4.55168723829721,0.113541720559639
4,JFXD,7,mIPS-L,RT_Pronation_pro_L,0.0855951451599346,0.0487486717682584,0.134343816928193,0.00146989382077501,0.00157422180269768,4.56085312229114,0.115561655149328
4,JFXD,8,VIP-L,RT_Pronation_pro_L,0.0629708848195954,0.0306426395915731,0.0936135244111684,0.00113826187587289,0.00121385762129999,4.58023497978465,0.117608713545783
4,JFXD,9,SPOC-L,RT_Pronation_pro_L,0.0486991474211854,0.0697050499234165,0.118404197344602,0.00120987347079037,0.00129279182692595,4.57525930421088,0.115306198076141
4,JFXD,10,S1-L,RT_Pronation_pro_L,0.0874435355067732,0.0417205785588687,0.129164114065642,0.00137832085251239,0.00147424541667816,4.56494223467331,0.115870587279673
4,JFXD,11,M1-L,RT_Pronation_pro_L,0.0732049596792628,0.03752969963496,0.110734659314223,0.00123326445020003,0.00131871958792366,4.57426791993885,0.1171214914243
4,JFXD,12,SMA-L,RT_Pronation_pro_L,0.0936597738821754,0.0529905459817331,0.146650319863909,0.00143327832307891,0.00153245498674988,4.56361927227928,0.114785858841516
4,JFXD,13,PMd-L,RT_Pronation_pro_L,0.0760536442397942,0.0406980384921978,0.116751682731992,0.00120545390822404,0.00129020373436995,4.57525561712538,0.115728690370464
4,JFXD,14,PMv-L,RT_Pronation_pro_L,0.0516851953895708,0.136335688544106,0.188020883933676,0.00148891197472676,0.00159462837679295,4.55906721499905,0.112273610530465
4,JFXD,15,FEF-L,RT_Pronation_pro_L,0.101969003467336,0.0790450579713549,0.181014061438691,0.00165007436259931,0.00176524733530166,4.55151885029482,0.111792957639683
4,JFXD,16,POJ-L,RT_Pronation_pro_L,0.0455991950230492,0.0622768819775819,0.107876077000631,0.00121830416984173,0.00130518530089105,4.57432420577562,0.116411476566868
4,JFXD,17,V1-R,RT_Pronation_pro_L,0.0401904145243481,0.042537749754367,0.0827281642787151,0.00106766020086923,0.00114330423737225,4.58241791321515,0.117103504214591
4,JFXD,18,V3-R,RT_Pronation_pro_L,0.0605214775706173,0.133491122219713,0.194012599790331,0.00166017815559013,0.00176930219021385,4.55074581908987,0.110089641165913
4,JFXD,19,STS-R,RT_Pronation_pro_L,0.117801658523192,0.0548254147390948,0.172627073262287,0.00157302257510361,0.00168552199245681,4.55482726845346,0.113497170162061
4,JFXD,20,IPL-R,RT_Pronation_pro_L,0.0733724145999443,0.062613990197418,0.135986404797362,0.00138898330271415,0.00148321140576836,4.56697780312059,0.115202857265137
4,JFXD,21,SPL-R,RT_Pronation_pro_L,0.0555771532004058,0.0363573262411933,0.0919344794415991,0.00114783272420389,0.00122815703196423,4.57955528766708,0.117804880644004
4,JFXD,22,AG-R,RT_Pronation_pro_L,0.0736232444269591,0.158324372264703,0.231947616691662,0.00204095999457305,0.00218388578754866,4.53466339140743,0.110966791416033
4,JFXD,23,mIPS-R,RT_Pronation_pro_L,0.0713412831133619,0.121568718973666,0.192910002087028,0.00177120543586229,0.0018930187049802,4.54724646248472,0.113985772243394
4,JFXD,24,VIP-R,RT_Pronation_pro_L,0.0564213904164898,0.0850047632710905,0.14142615368758,0.00143508168757263,0.0015334826732973,4.56432974562661,0.115541125558912
4,JFXD,25,SPOC-R,RT_Pronation_pro_L,0.133794876570255,0.075011288347118,0.208806164917373,0.00172106855798278,0.00183465364983212,4.54954481909674,0.11224700066786
4,JFXD,26,S1-R,RT_Pronation_pro_L,0.0566824866718082,0.0734134842000889,0.130095970871897,0.00142790499984453,0.00152719455335288,4.56398737375222,0.115028086389056
4,JFXD,27,M1-R,RT_Pronation_pro_L,0.0761930634626262,0.116536918439086,0.192729981901712,0.00181052317108466,0.00193635049952777,4.54543498648145,0.112272083786875
4,JFXD,28,SMA-R,RT_Pronation_pro_L,0.0923270159569404,0.0481595987900613,0.140486614747002,0.00141085489278051,0.00150822503498536,4.5649789546003,0.114985277155661
4,JFXD,29,PMd-R,RT_Pronation_pro_L,0.101951779821083,0.0963792719297032,0.198331051750786,0.00186973573996676,0.00199956813028274,4.54085418792515,0.110683491665231
4,JFXD,30,PMv-R,RT_Pronation_pro_L,0.0410628802188232,0.0771710173248314,0.118233897543655,0.00127258537856146,0.00135954521080258,4.57224742207482,0.114845191409008
4,JFXD,31,FEF-R,RT_Pronation_pro_L,0.0882336698201003,0.0459339165405163,0.134167586360617,0.00135047315585485,0.00144195871139546,4.56818598965063,0.113994469872118
4,JFXD,32,POJ-R,RT_Pronation_pro_L,0.0797281013665475,0.121746212337991,0.201474313704538,0.00175190358402816,0.00186984794344133,4.54870176685298,0.113382467680636
5,JZ,1,V1-L,RT_Pronation_pro_L,0.0400149328669423,0.0513323853512164,0.0913473182181587,0.000945899588401952,0.0010226918313668,4.50688451802116,0.110930194772477
5,JZ,2,V3-L,RT_Pronation_pro_L,0.0834265914203531,0.0834318957357774,0.16685848715613,0.00156941259354145,0.0017039456120224,4.47064991910474,0.107805073272124
5,JZ,3,STS-L,RT_Pronation_pro_L,0.0755330855229781,0.0619633513237021,0.13749643684668,0.0014227768745848,0.00154723698168516,4.47724639957453,0.110138515550514
5,JZ,4,IPL-L,RT_Pronation_pro_L,0.0476784854775603,0.110465514532893,0.158144000010453,0.0014370389483508,0.00154975170571972,4.47968883672857,0.108355634091598
5,JZ,5,SPL-L,RT_Pronation_pro_L,0.0717717015730043,0.0388499576761453,0.11062165924915,0.00118533755393822,0.00128072467747433,4.493381385187,0.110558927400242
5,JZ,6,AG-L,RT_Pronation_pro_L,0.064955188712637,0.0472851773902175,0.112240366102855,0.00120022571685376,0.00129777018240792,4.49096054185157,0.110786782641307
5,JZ,7,mIPS-L,RT_Pronation_pro_L,0.0733481437537245,0.0361884241444365,0.109536567898161,0.00118649086021114,0.00128729526832986,4.4925190966979,0.110878194833833
5,JZ,8,VIP-L,RT_Pronation_pro_L,0.0884087576690378,0.051792824265853,0.140201581934891,0.00144809491606514,0.00156901086216316,4.47854303841495,0.108616539947898
5,JZ,9,SPOC-L,RT_Pronation_pro_L,0.11041953843146,0.0599763295012865,0.170395867932747,0.00149725768278935,0.00160702326074379,4.47576909978019,0.10678502269163
5,JZ,10,S1-L,RT_Pronation_pro_L,0.0982039754754796,0.113434596472388,0.211638571947868,0.00172117235469601,0.00185096294676004,4.46528672933307,0.105100763957066
5,JZ,11,M1-L,RT_Pronation_pro_L,0.0439302429909456,0.115498064003181,0.159428306994127,0.00142966735286729,0.00154236796524177,4.47957880186305,0.108538445952311
5,JZ,12,SMA-L,RT_Pronation_pro_L,0.034015764172202,0.0470720639704575,0.0810878281426595,0.000998331629358228,0.00108324434216085,4.50304075145228,0.112006665252502
5,JZ,13,PMd-L,RT_Pronation_pro_L,0.0761900856570144,0.114562479282643,0.190752564939657,0.00159402630004829,0.00171893752332521,4.47118819698971,0.105140902956297
5,JZ,14,PMv-L,RT_Pronation_pro_L,0.0524882768960064,0.0565471787098494,0.109035455605856,0.0010377164361798,0.0011224924494463,4.49984078632008,0.110252814845312
5,JZ,15,FEF-L,RT_Pronation_pro_L,0.0651448846617198,0.0542460323962661,0.119390917057986,0.00110012827757863,0.00118599347833804,4.49703334529444,0.10933234588673
5,JZ,16,POJ-L,RT_Pronation_pro_L,0.0575585233276968,0.0760508154248982,0.133609338752595,0.00133802477643978,0.00144481302219374,4.48438995300396,0.108083302896876
5,JZ,17,V1-R,RT_Pronation_pro_L,0.0675767069356401,0.0624073876929853,0.129984094628625,0.00129867965385034,0.0014022809846405,4.48473289355655,0.109655424553447
5,JZ,18,V3-R,RT_Pronation_pro_L,0.0878623291475545,0.0362296001419236,0.124091929289478,0.00115319402573841,0.00124276270154072,4.49476055456018,0.110280316917376
5,JZ,19,STS-R,RT_Pronation_pro_L,0.0690961726250385,0.0594946042350052,0.128590776860044,0.00133246676951116,0.00144040995999099,4.48440220505934,0.110218339162617
5,JZ,20,IPL-R,RT_Pronation_pro_L,0.0484748840897803,0.0459032359697044,0.0943781200594847,0.00104506821371889,0.00113371553722753,4.50060873843983,0.11065109532861
5,JZ,21,SPL-R,RT_Pronation_pro_L,0.067106050480794,0.062614613486577,0.129720663967371,0.00141395876511888,0.00152476672450158,4.48096448437799,0.110351770577357
5,JZ,22,AG-R,RT_Pronation_pro_L,0.0414849230826895,0.101623910528157,0.143108833610847,0.00138981876013107,0.00150535130376388,4.47996754410236,0.110367767038534
5,JZ,23,mIPS-R,RT_Pronation_pro_L,0.0704765164976642,0.0775294800815624,0.148005996579227,0.00148573333463795,0.001601160170073,4.47570154245074,0.107577116327872
5,JZ,24,VIP-R,RT_Pronation_pro_L,0.0520258329951103,0.0522595427207486,0.104285375715859,0.00113153220685068,0.00122942195610945,4.494816391458,0.110097459846308
5,JZ,25,SPOC-R,RT_Pronation_pro_L,0.0906321087526039,0.0617595966584799,0.152391705411084,0.00140637660841808,0.0015169487672856,4.47993602976933,0.108938958405847
5,JZ,26,S1-R,RT_Pronation_pro_L,0.0632297737838693,0.0979636097166681,0.161193383500537,0.00153932240453667,0.00167090240054875,4.47310630590344,0.107005921603408
5,JZ,27,M1-R,RT_Pronation_pro_L,0.0674334563691135,0.063019564070329,0.130453020439442,0.00111782434855863,0.00120863732405817,4.49570740576199,0.107953354671188
5,JZ,28,SMA-R,RT_Pronation_pro_L,0.0664413934629162,0.0379002465625835,0.1043416400255,0.00113766585191526,0.00123149609060251,4.49540068499124,0.110209956591362
5,JZ,29,PMd-R,RT_Pronation_pro_L,0.071949682358603,0.0570264247891914,0.128976107147794,0.00128468332135952,0.00139669317767637,4.48709274214425,0.109870866719459
5,JZ,30,PMv-R,RT_Pronation_pro_L,0.0584892266922785,0.0638288444029957,0.122318071095274,0.00126049188936754,0.0013653018631501,4.48744141640774,0.108684518597989
5,JZ,31,FEF-R,RT_Pronation_pro_L,0.0538802986824337,0.046781528329532,0.100661827011966,0.00100409374878992,0.00108995172272369,4.50191743481618,0.110053024645047
5,JZ,32,POJ-R,RT_Pronation_pro_L,0.045526743459319,0.0597349984565156,0.105261741915835,0.00115751805989643,0.00125002982001165,4.49436832688441,0.110485290830573
6,LT,1,V1-L,RT_Pronation_pro_L,0.0382523915153577,0.0620631448928616,0.100315536408219,0.00104111273094565,0.00110696865105767,4.51375339583431,0.0976888644705731
6,LT,2,V3-L,RT_Pronation_pro_L,0.0992180290884541,0.0876683558503562,0.18688638493881,0.00174149247716465,0.00185537159175095,4.47648377044278,0.0959896249660568
6,LT,3,STS-L,RT_Pronation_pro_L,0.0490622113502317,0.0902499023157376,0.139312113665969,0.00140376625684902,0.00150474146021084,4.49228267295343,0.0979873590131724
6,LT,4,IPL-L,RT_Pronation_pro_L,0.080072600177839,0.106571861796665,0.186644461974504,0.00155541105909527,0.00165942125193357,4.48550575221979,0.0967605945734735
6,LT,5,SPL-L,RT_Pronation_pro_L,0.076586423072724,0.0741462187566632,0.150732641829387,0.00149855420118653,0.00160180441835687,4.48702476106754,0.0978637925381879
6,LT,6,AG-L,RT_Pronation_pro_L,0.094823351470926,0.0454686048670332,0.140291956337959,0.00142661872869833,0.00152518072739879,4.49208473128175,0.0982660330105823
6,LT,7,mIPS-L,RT_Pronation_pro_L,0.0975146674651717,0.0629429897746004,0.160457657239772,0.00160521651582717,0.00171434445931013,4.48337373922845,0.0973409357737839
6,LT,8,VIP-L,RT_Pronation_pro_L,0.0987530580548836,0.061011505278389,0.159764563333273,0.00141589126893667,0.00151178282062135,4.494137160505,0.097322340787583
6,LT,9,SPOC-L,RT_Pronation_pro_L,0.0742079480721517,0.0498539902331038,0.124061938305255,0.00135762553134682,0.00145577071831673,4.49533965147383,0.0990082982459643
6,LT,10,S1-L,RT_Pronation_pro_L,0.0782391285367174,0.118208136990422,0.19644726552714,0.00154211693792343,0.00165280679606443,4.48521389097267,0.0960707623383245
6,LT,11,M1-L,RT_Pronation_pro_L,0.048626590147209,0.0534171180251238,0.102043708172333,0.00116802394477763,0.00125870637724092,4.50656068441879,0.100256122618598
6,LT,12,SMA-L,RT_Pronation_pro_L,0.0394245438802994,0.0734226902392009,0.1128472341195,0.00113496744583482,0.0012107744063829,4.50825109140807,0.0998236805804371
6,LT,13,PMd-L,RT_Pronation_pro_L,0.0458306013113913,0.0476359256304733,0.0934665269418646,0.000937362324891651,0.000998337564042966,4.5201581308049,0.0995642084538518
6,LT,14,PMv-L,RT_Pronation_pro_L,0.0431065923210352,0.0847805004120805,0.127887092733116,0.00135169650493707,0.00144789363538735,4.4964042722072,0.0996024348583702
6,LT,15,FEF-L,RT_Pronation_pro_L,0.111313078109521,0.0508359191179805,0.162148997227502,0.00134793139903106,0.00144124664747316,4.4929490510234,0.097255417971342
6,LT,16,POJ-L,RT_Pronation_pro_L,0.0839472290166449,0.0721987129179176,0.156145941934563,0.00140690431308957,0.00149778444902322,4.49169531149636,0.0953541722852689
6,LT,17,V1-R,RT_Pronation_pro_L,0.0450216480741185,0.0516577215423236,0.0966793696164421,0.00121490779440396,0.00130206736649861,4.50326044543069,0.100641261552461
6,LT,18,V3-R,RT_Pronation_pro_L,0.0443738626501929,0.122813704898095,0.167187567548288,0.00157200494161712,0.00168198693694802,4.48380072689059,0.0970766326848036
6,LT,19,STS-R,RT_Pronation_pro_L,0.0471810591294521,0.0534128809339774,0.100593940063429,0.00121507737022345,0.00129509726399021,4.50337878031337,0.100509846076855
6,LT,20,IPL-R,RT_Pronation_pro_L,0.0724068379711356,0.0687711408766794,0.141177978847815,0.00147085396288834,0.00156848140731334,4.48958098338489,0.0995657558477942
6,LT,21,SPL-R,RT_Pronation_pro_L,0.0648664917968347,0.0576292750760146,0.122495766872849,0.00132561669437269,0.00141732892718041,4.49626293353752,0.0994340831718618
6,LT,22,AG-R,RT_Pronation_pro_L,0.0573653211394763,0.0425022678448263,0.0998675889843026,0.00122600008081186,0.00131470404734836,4.50227350852302,0.100799138026071
6,LT,23,mIPS-R,RT_Pronation_pro_L,0.0804775848537301,0.0436706351548815,0.124148220008612,0.00136363366258144,0.00145780111313555,4.49461129370014,0.099669092228831
6,LT,24,VIP-R,RT_Pronation_pro_L,0.0663841536413902,0.0728035963478734,0.139187749989264,0.00141246749257432,0.00150423727790945,4.49285568976199,0.0993206369421717
6,LT,25,SPOC-R,RT_Pronation_pro_L,0.0766229500322647,0.0538051513556465,0.130428101387911,0.00140680839191953,0.00150681698178783,4.49224834916762,0.0986659438743984
6,LT,26,S1-R,RT_Pronation_pro_L,0.0373687578092705,0.0676834735575181,0.105052231366789,0.00122304257593428,0.00130253112766784,4.5033331060483,0.100684990251444
6,LT,27,M1-R,RT_Pronation_pro_L,0.0301821393039,0.0425630937638546,0.0727452330677545,0.000990496567388647,0.00105504534568665,4.51678324528272,0.101864792265869
6,LT,28,SMA-R,RT_Pronation_pro_L,0.0409771553226555,0.0642156549312744,0.10519281025393,0.00109721307699169,0.00117210054981885,4.50887511345072,0.0995887878618311
6,LT,29,PMd-R,RT_Pronation_pro_L,0.0390497332703321,0.0414179735961939,0.0804677068665259,0.00101635336350735,0.00108578685414313,4.51480475979401,0.101022677897327
6,LT,30,PMv-R,RT_Pronation_pro_L,0.0638699646150477,0.0320518461530953,0.095921810768143,0.00101376511795911,0.00107852867057086,4.51450113862594,0.099957179159875
6,LT,31,FEF-R,RT_Pronation_pro_L,0.0554272049184726,0.0357992818314034,0.091226486749876,0.00112033804883807,0.00119849905365673,4.50862336042119,0.100620288499305
6,LT,32,POJ-R,RT_Pronation_pro_L,0.0601781938019877,0.0494582269585534,0.109636420760541,0.00126377202796956,0.00135058094593339,4.50101854958099,0.0999751799332278
7,NvA,1,V1-L,RT_Pronation_pro_L,0.0576306173313694,0.0558805860815048,0.113511203412874,0.00138279337034835,0.00149716691747232,4.61353144668116,0.13696884985883
7,NvA,2,V3-L,RT_Pronation_pro_L,0.0943858866118265,0.0674798159732181,0.161865702585045,0.0015261457421361,0.00164069432936115,4.60466250264548,0.13328435008725
7,NvA,3,STS-L,RT_Pronation_pro_L,0.072869302395705,0.0449176871114321,0.117786989507137,0.00128211194056819,0.00138481144801497,4.61818347194354,0.135422347467857
7,NvA,4,IPL-L,RT_Pronation_pro_L,0.0594065418551659,0.0668547822472214,0.126261324102387,0.00123193126767179,0.00132871305179517,4.62060647381826,0.136717276441897
7,NvA,5,SPL-L,RT_Pronation_pro_L,0.0519027493754185,0.116483404295616,0.168386153671035,0.00146562821032403,0.00157645876979823,4.60851566627969,0.132383921326735
7,NvA,6,AG-L,RT_Pronation_pro_L,0.0668771213863675,0.0731543215397456,0.140031442926113,0.00144421450842204,0.00155765216843628,4.61013769903145,0.135598794564366
7,NvA,7,mIPS-L,RT_Pronation_pro_L,0.0703485032870377,0.0610674110431394,0.131415914330177,0.00127328283780373,0.00137028271025722,4.61781735368372,0.135617824947209
7,NvA,8,VIP-L,RT_Pronation_pro_L,0.113513312701114,0.0445426960943273,0.158056008795441,0.00146013181113788,0.00157200589392587,4.60797039472502,0.135137976565983
7,NvA,9,SPOC-L,RT_Pronation_pro_L,0.0918815443628291,0.113209919264645,0.205091463627474,0.00192095191092493,0.00207436835284977,4.58509874677163,0.130982194848488
7,NvA,10,S1-L,RT_Pronation_pro_L,0.0756178785531677,0.0749082761395067,0.150526154692674,0.00126730420415958,0.00137279538662085,4.61617615186471,0.134268307212234
7,NvA,11,M1-L,RT_Pronation_pro_L,0.0554237175357531,0.0742805984492768,0.12970431598503,0.00123747999509192,0.00133962337026078,4.61806799552202,0.135683931519966
7,NvA,12,SMA-L,RT_Pronation_pro_L,0.0357696395264922,0.0962274489526799,0.131997088479172,0.00137683806520948,0.00148553601093567,4.61328887874928,0.136484345458708
7,NvA,13,PMd-L,RT_Pronation_pro_L,0.0459747236539092,0.0684728808221992,0.114447604476108,0.0013145219795625,0.00142515900551176,4.61512302956064,0.137424981472137
7,NvA,14,PMv-L,RT_Pronation_pro_L,0.0979291825108334,0.0488302766183999,0.146759459129233,0.00145319281116464,0.00157055116361222,4.6070631185515,0.135711553101779
7,NvA,15,FEF-L,RT_Pronation_pro_L,0.0336424080069378,0.0459788528149657,0.0796212608219034,0.00104457793557081,0.00112764059272968,4.63067293499981,0.138307809787261
7,NvA,16,POJ-L,RT_Pronation_pro_L,0.0750535154441207,0.0945979680902657,0.169651483534386,0.00158285119127743,0.00171080509652878,4.60127624105908,0.133589818003339
7,NvA,17,V1-R,RT_Pronation_pro_L,0.0824793322706107,0.0589867843921777,0.141466116662788,0.00143977871963156,0.00154820329900936,4.61136085479063,0.135097732331415
7,NvA,18,V3-R,RT_Pronation_pro_L,0.136697328656426,0.0868278312725675,0.223525159928994,0.00194542070419991,0.00209039827279871,4.58628034505981,0.13174193690382
7,NvA,19,STS-R,RT_Pronation_pro_L,0.0976502670885745,0.0516992085329918,0.149349475621566,0.00154183424340311,0.00166045115881447,4.60502762371922,0.135668787955895
7,NvA,20,IPL-R,RT_Pronation_pro_L,0.0505195164955423,0.107995961174507,0.158515477670049,0.00145874616916507,0.00157035497917993,4.60938358373058,0.13485276476567
7,NvA,21,SPL-R,RT_Pronation_pro_L,0.12970765229966,0.0996180326328157,0.229325684932476,0.00188836608651639,0.00203001335233759,4.58888312999822,0.129108132252817
7,NvA,22,AG-R,RT_Pronation_pro_L,0.126978890121481,0.089657977140726,0.216636867262207,0.00182949124139674,0.00196304272435249,4.59366061553691,0.130687461641355
7,NvA,23,mIPS-R,RT_Pronation_pro_L,0.118289118972317,0.0685926630966466,0.186881782068964,0.00177579862529255,0.00191735192448985,4.59461035083132,0.132839508131049
7,NvA,24,VIP-R,RT_Pronation_pro_L,0.0504842742797176,0.132977258545511,0.183461532825229,0.00160892974389615,0.00173510316074661,4.60234419637351,0.134265819975291
7,NvA,25,SPOC-R,RT_Pronation_pro_L,0.100807847626976,0.163999642296898,0.264807489923874,0.00219383498283369,0.00236004217073189,4.57601416191897,0.129440187085083
7,NvA,26,S1-R,RT_Pronation_pro_L,0.0905428640959652,0.0717279415653545,0.16227080566132,0.00148556478472193,0.00158955494323738,4.61025448624827,0.133331670547109
7,NvA,27,M1-R,RT_Pronation_pro_L,0.140591979648222,0.0581027834998182,0.198694763148041,0.00176666943057869,0.00190961472544632,4.59432610613654,0.133673778317022
7,NvA,28,SMA-R,RT_Pronation_pro_L,0.0572853034717921,0.0660274561993241,0.123312759671116,0.00139105007455283,0.00149973964413013,4.61243802418874,0.136546840478529
7,NvA,29,PMd-R,RT_Pronation_pro_L,0.0653313606116193,0.0618896425544411,0.12722100316606,0.00138364147118194,0.00149427057497339,4.61352356462527,0.136454673774147
7,NvA,30,PMv-R,RT_Pronation_pro_L,0.0452368150920911,0.0900833539918441,0.135320169083935,0.00144732873877148,0.00156264081719156,4.61008254215283,0.136599880426228
7,NvA,31,FEF-R,RT_Pronation_pro_L,0.0627042219850722,0.101715184685342,0.164419406670415,0.00151603310501735,0.001631792140183,4.60489240179725,0.132933042604069
7,NvA,32,POJ-R,RT_Pronation_pro_L,0.107659265391125,0.104404035526133,0.212063300917258,0.00170708185700597,0.00183246059427405,4.59793200730835,0.130265502122512
8,RR,1,V1-L,RT_Pronation_pro_L,0.0808073258409729,0.0883894908040593,0.169196816645032,0.00188795973819139,0.00202290744646137,4.83947341923598,0.16753409231258
8,RR,2,V3-L,RT_Pronation_pro_L,0.0980299594994874,0.128330661246677,0.226360620746164,0.00219754581358873,0.00235963163859629,4.8249863638226,0.164882006086985
8,RR,3,STS-L,RT_Pronation_pro_L,0.0527336163020333,0.0890256330121946,0.141759249314228,0.00167637257942354,0.0018024910418131,4.84558231209207,0.168873903857274
8,RR,4,IPL-L,RT_Pronation_pro_L,0.0527696805467499,0.055735809840065,0.108505490386815,0.00134476708855946,0.00145119703722633,4.86186500872695,0.171194793995175
8,RR,5,SPL-L,RT_Pronation_pro_L,0.0743298055562698,0.093307541366536,0.167637346922806,0.00186005803040955,0.0019918563633385,4.84040116084087,0.168834622349948
8,RR,6,AG-L,RT_Pronation_pro_L,0.12371773221179,0.0920277989082849,0.215745531120075,0.00209110325018074,0.00223546858607779,4.82999501554615,0.164692621480779
8,RR,7,mIPS-L,RT_Pronation_pro_L,0.0558852753092412,0.0837546573737534,0.139639932682995,0.00165315127556368,0.00176774335445551,4.84983332676634,0.168714468330819
8,RR,8,VIP-L,RT_Pronation_pro_L,0.0864798168290109,0.0758789048058035,0.162358721634814,0.00170831968363659,0.00183468141399935,4.84470376858865,0.168492487651575
8,RR,9,SPOC-L,RT_Pronation_pro_L,0.11979423147634,0.0516565032062166,0.171450734682556,0.00189184958832276,0.00202708072905441,4.83960337492761,0.169069866774803
8,RR,10,S1-L,RT_Pronation_pro_L,0.0902925698925817,0.0882669717305715,0.178559541623153,0.00197345068940159,0.00210954136457348,4.83465338750661,0.167664944968943
8,RR,11,M1-L,RT_Pronation_pro_L,0.0838113360612059,0.062301658979241,0.146112995040447,0.00144834975284341,0.00155750662675892,4.85642835430013,0.168675329272808
8,RR,12,SMA-L,RT_Pronation_pro_L,0.0926868909429655,0.140047346488574,0.232734237431539,0.00231930654835003,0.00248458188293157,4.82262087803304,0.163658795695484
8,RR,13,PMd-L,RT_Pronation_pro_L,0.0699767012750346,0.161343522520237,0.231320223795271,0.00207511316716528,0.00223695604357425,4.8273072874115,0.164895662940515
8,RR,14,PMv-L,RT_Pronation_pro_L,0.1265675221693,0.0618414474577151,0.188408969627015,0.00186766740215907,0.00202089115369468,4.83520153077592,0.167992272608099
8,RR,15,FEF-L,RT_Pronation_pro_L,0.107282140506436,0.0723790242119418,0.179661164718378,0.00195447962898489,0.00210409748605427,4.83338659767024,0.16833833856505
8,RR,16,POJ-L,RT_Pronation_pro_L,0.126149115921147,0.0982648202187317,0.224413936139879,0.00235638067080522,0.00253479198988885,4.81930511486473,0.165838881013694
8,RR,17,V1-R,RT_Pronation_pro_L,0.101410868624042,0.140570474331214,0.241981342955256,0.00229684201306805,0.00246329314494461,4.82010857277096,0.16312349343994
8,RR,18,V3-R,RT_Pronation_pro_L,0.0891310443583189,0.0825963015449796,0.171727345903299,0.00194282634507091,0.00208272606587649,4.83822724222196,0.167652324029531
8,RR,19,STS-R,RT_Pronation_pro_L,0.0682435166206875,0.081172619939072,0.14941613655976,0.00172644353210535,0.00185127821886498,4.84668219045449,0.169043536467597
8,RR,20,IPL-R,RT_Pronation_pro_L,0.124639919681565,0.0835628563866754,0.20820277606824,0.00210906440800033,0.00226187800187424,4.83002634545988,0.166642606331707
8,RR,21,SPL-R,RT_Pronation_pro_L,0.0872204526660626,0.110808718743904,0.198029171409966,0.00190785118217872,0.00203562734781797,4.83814156907194,0.165558924165435
8,RR,22,AG-R,RT_Pronation_pro_L,0.117948524039048,0.20786216559841,0.325810689637458,0.00272945636566971,0.00290594768847908,4.80685249253936,0.158680949313003
8,RR,23,mIPS-R,RT_Pronation_pro_L,0.0828319882649088,0.0945212386322768,0.177353226897186,0.00202318319604376,0.00216908717882788,4.83488333799489,0.166794924659995
8,RR,24,VIP-R,RT_Pronation_pro_L,0.227009751016055,0.111164074190165,0.33817382520622,0.00278237808052193,0.00297859127230734,4.80386230963712,0.159565198784617
8,RR,25,SPOC-R,RT_Pronation_pro_L,0.141111408322464,0.197594305335451,0.338705713657915,0.00293372603049784,0.00313966209478438,4.79949096760299,0.154724386049313
8,RR,26,S1-R,RT_Pronation_pro_L,0.0873143573521243,0.0810094522797727,0.168323809631897,0.00202621758471912,0.00217587506426314,4.83347912631901,0.169577683721782
8,RR,27,M1-R,RT_Pronation_pro_L,0.1924537543359,0.0869759828170272,0.279429737152927,0.00258391068611711,0.00278041977833723,4.80990954420074,0.161315520978769
8,RR,28,SMA-R,RT_Pronation_pro_L,0.0660410644566708,0.150434690384386,0.216475754841056,0.00216063624416128,0.00232159012253665,4.82708848073069,0.167472293693738
8,RR,29,PMd-R,RT_Pronation_pro_L,0.101857733605544,0.113952238452773,0.215809972058317,0.00181449435563592,0.00193875668042139,4.84047801473655,0.164231422648141
8,RR,30,PMv-R,RT_Pronation_pro_L,0.105636147123281,0.0431684103513901,0.148804557474671,0.00160912608769306,0.00173722010710694,4.84915970815658,0.169624542364955
8,RR,31,FEF-R,RT_Pronation_pro_L,0.0948370511767233,0.054033226924803,0.148870278101526,0.00159045637150621,0.00171070503349371,4.85059378652345,0.168088879600951
8,RR,32,POJ-R,RT_Pronation_pro_L,0.140931139711886,0.187953893612945,0.328885033324832,0.00285183259984182,0.00306147342338091,4.80148732189718,0.158508411555451
9,SJB,1,V1-L,RT_Pronation_pro_L,0.049599163260974,0.0468273821046381,0.0964265453656121,0.00118918731141084,0.00129532142122033,4.6560417100826,0.143862638669335
9,SJB,2,V3-L,RT_Pronation_pro_L,0.0827417166020949,0.162145378982702,0.244887095584797,0.00208785527532074,0.00227151489229849,4.61055269349271,0.135215026271253
9,SJB,3,STS-L,RT_Pronation_pro_L,0.0649552448060765,0.0599593834477361,0.124914628253813,0.00140386955737627,0.00153197053948947,4.643714526433,0.14185033130402
9,SJB,4,IPL-L,RT_Pronation_pro_L,0.0820016918312627,0.0758577103523963,0.157859402183659,0.00167162064379601,0.00181764323098299,4.6313324119639,0.140002292079707
9,SJB,5,SPL-L,RT_Pronation_pro_L,0.0847694345088802,0.101744314080986,0.186513748589866,0.00172012259250517,0.00186783306751473,4.62739020603988,0.139172197761607
9,SJB,6,AG-L,RT_Pronation_pro_L,0.0785012136984095,0.0375214241556689,0.116022637854078,0.00122596023079519,0.00133123548988741,4.65380029516656,0.142152594551274
9,SJB,7,mIPS-L,RT_Pronation_pro_L,0.0796761144713218,0.0902190837416765,0.169895198212998,0.00169140883961049,0.00183832950866987,4.62963720688955,0.140157645369307
9,SJB,8,VIP-L,RT_Pronation_pro_L,0.110890825533084,0.0487537552070859,0.15964458074017,0.00154646015130956,0.00168611500733403,4.63687554249585,0.140450431196826
9,SJB,9,SPOC-L,RT_Pronation_pro_L,0.0716549357575774,0.075132419869322,0.146787355626899,0.00146964027677937,0.00160519900744445,4.64037964028008,0.139518373247639
9,SJB,10,S1-L,RT_Pronation_pro_L,0.1286405228628,0.0690429964302221,0.197683519293022,0.00164279634400565,0.00178104304615358,4.63189570784467,0.138095476205997
9,SJB,11,M1-L,RT_Pronation_pro_L,0.0794082611986182,0.123454450961724,0.202862712160343,0.00177716948636414,0.00193442690039187,4.62606579202078,0.138692125488377
9,SJB,12,SMA-L,RT_Pronation_pro_L,0.0613333082761707,0.0667837338943922,0.128117042170563,0.0013613079648735,0.00147793508013196,4.645765783097,0.142028670570382
9,SJB,13,PMd-L,RT_Pronation_pro_L,0.0727936220271936,0.0640709556166768,0.13686457764387,0.00140799481520628,0.00153241881588993,4.64332719401652,0.141697481186875
9,SJB,14,PMv-L,RT_Pronation_pro_L,0.0600079524508629,0.0650566497030887,0.125064602153952,0.00140193877874709,0.00152137237039228,4.64476022722995,0.142545260034316
9,SJB,15,FEF-L,RT_Pronation_pro_L,0.0579331529468119,0.0490601251684534,0.106993278115265,0.00119110000473986,0.00129554916031793,4.65494204703944,0.142928751753011
9,SJB,16,POJ-L,RT_Pronation_pro_L,0.0811312368922309,0.0789251095679445,0.160056346460175,0.00169965127021756,0.00185825962821686,4.62940893055164,0.139103210325543
9,SJB,17,V1-R,RT_Pronation_pro_L,0.0451167665006502,0.0590244650795247,0.104141231580175,0.00123558426323214,0.00134810042541872,4.65371468760663,0.142593369681651
9,SJB,18,V3-R,RT_Pronation_pro_L,0.0964604726827476,0.109464998924909,0.205925471607656,0.00169626240674053,0.00184232101664249,4.63052955550067,0.135845636123703
9,SJB,19,STS-R,RT_Pronation_pro_L,0.0678021908941554,0.0995876984480654,0.167389889342221,0.00167883249240598,0.00182847140649803,4.63114773166906,0.139381521855216
9,SJB,20,IPL-R,RT_Pronation_pro_L,0.131150795036914,0.0732604921819274,0.204411287218841,0.00182551656736109,0.0019942966089792,4.62407440830859,0.138356132168025
9,SJB,21,SPL-R,RT_Pronation_pro_L,0.0781615288952735,0.0922471309431451,0.170408659838419,0.0014060073982048,0.00153650453464127,4.64276612633856,0.138057479362374
9,SJB,22,AG-R,RT_Pronation_pro_L,0.104524419347854,0.0938952991551055,0.19841971850296,0.00188348713191427,0.00205839760766545,4.6209570147947,0.137473689142178
9,SJB,23,mIPS-R,RT_Pronation_pro_L,0.121977931884388,0.127070434931796,0.249048366816185,0.00192636263635215,0.00208708982925272,4.61797822728974,0.127718251583462
9,SJB,24,VIP-R,RT_Pronation_pro_L,0.114346917776169,0.0940629881548106,0.208409905930979,0.00161585369648585,0.00176187898251753,4.63465319537032,0.134082691292112
9,SJB,25,SPOC-R,RT_Pronation_pro_L,0.0786370154096652,0.132898866717686,0.211535882127351,0.00177797469809847,0.00192916563679089,4.62538359277962,0.133952491787275
9,SJB,26,S1-R,RT_Pronation_pro_L,0.166597929392539,0.0682469136428849,0.234844843035424,0.00172114559368147,0.00187175791792889,4.62728365489631,0.136734402307852
9,SJB,27,M1-R,RT_Pronation_pro_L,0.0833839920919901,0.127247173265326,0.210631165357316,0.00172993404328844,0.00188511149278444,4.62783775696464,0.138510823292159
9,SJB,28,SMA-R,RT_Pronation_pro_L,0.0508624929749164,0.0802306803683692,0.131093173343286,0.00144961916424011,0.00157911843440063,4.6409225089337,0.142412101104032
9,SJB,29,PMd-R,RT_Pronation_pro_L,0.0645497615407147,0.0721160362231485,0.136665797763863,0.00153549967963852,0.00167032435778694,4.63779125069889,0.141446261402739
9,SJB,30,PMv-R,RT_Pronation_pro_L,0.0809537297957957,0.073650428971054,0.15460415876685,0.00146315537680396,0.00158888876360591,4.64091875322324,0.140169016315911
9,SJB,31,FEF-R,RT_Pronation_pro_L,0.0764021548821593,0.040067388513003,0.116469543395162,0.00130087957339691,0.0014208360106223,4.64862858868836,0.142531322383162
9,SJB,32,POJ-R,RT_Pronation_pro_L,0.0729526977440024,0.122293325168835,0.195246022912837,0.00173143558934227,0.00189115047624368,4.62857424214007,0.137658555399405
10,BG,1,V1-L,RT_Pronation_pro_L,0.0551910192338668,0.0972357406608514,0.152426759894718,0.00155585958373932,0.0016622240156722,4.57597948706252,0.111627519779154
10,BG,2,V3-L,RT_Pronation_pro_L,0.063866401240809,0.0590926926293793,0.122959093870188,0.00132899516247394,0.00142391264030824,4.58710501008024,0.113743116255462
10,BG,3,STS-L,RT_Pronation_pro_L,0.0642806822230304,0.0798858088670745,0.144166491090105,0.00142046727241051,0.00151373072560871,4.58185167221711,0.112132393097167
10,BG,4,IPL-L,RT_Pronation_pro_L,0.037216394035159,0.07285613159745,0.110072525632609,0.00123094549516901,0.00131346671777083,4.59320342983285,0.114756942027128
10,BG,5,SPL-L,RT_Pronation_pro_L,0.0673724384058135,0.0853875972345921,0.152760035640406,0.00152846910659112,0.00163466557895855,4.57707351121661,0.112409671654836
10,BG,6,AG-L,RT_Pronation_pro_L,0.0513055369335323,0.0960100457168851,0.147315582650417,0.00149761412965854,0.00160641618498162,4.5783357499215,0.113233081171176
10,BG,7,mIPS-L,RT_Pronation_pro_L,0.0548682633953556,0.0676710741388671,0.122539337534223,0.00135014809690673,0.00144509500265824,4.58645873366987,0.114172457248215
10,BG,8,VIP-L,RT_Pronation_pro_L,0.0454824212065274,0.0637562158404992,0.109238637047027,0.00125967401434318,0.00134784808386185,4.59136827761463,0.115297967386861
10,BG,9,SPOC-L,RT_Pronation_pro_L,0.0768894386281857,0.0746609998437312,0.151550438471917,0.0015970662018875,0.00170470769773187,4.57526549434388,0.112711807071022
10,BG,10,S1-L,RT_Pronation_pro_L,0.136406636426113,0.0450668690627046,0.181473505488818,0.00167883953514168,0.00179914946366765,4.56862249024003,0.112614561876478
10,BG,11,M1-L,RT_Pronation_pro_L,0.0714001372829959,0.0575152942079117,0.128915431490908,0.00133677403136188,0.00142993755713851,4.58677323417543,0.113637207441609
10,BG,12,SMA-L,RT_Pronation_pro_L,0.0392814891918169,0.0868697299444796,0.126151219136296,0.00135058072812886,0.00144518512936966,4.58654190372744,0.11425490539122
10,BG,13,PMd-L,RT_Pronation_pro_L,0.0526304293771772,0.0799717801922667,0.132602209569444,0.00125485153140166,0.00133641099994502,4.59189161637686,0.112798016371252
10,BG,14,PMv-L,RT_Pronation_pro_L,0.0443962731609935,0.036246866817693,0.0806431399786865,0.00108403185054244,0.00115988438763116,4.60135795079766,0.115502367639724
10,BG,15,FEF-L,RT_Pronation_pro_L,0.097866688459543,0.0514522091818653,0.149318897641408,0.0015291906461912,0.00163866220251306,4.57667232917512,0.113685749094752
10,BG,16,POJ-L,RT_Pronation_pro_L,0.0508344854279942,0.0652133299858719,0.116047815413866,0.001239915698921,0.00132837312292416,4.59103817434663,0.114416633938164
10,BG,17,V1-R,RT_Pronation_pro_L,0.077708651152526,0.0486322633138477,0.126340914466374,0.00133783778865832,0.00143320642064406,4.58784824836163,0.113689509145923
10,BG,18,V3-R,RT_Pronation_pro_L,0.0581433347590094,0.0477020387761846,0.105845373535194,0.00112510930570608,0.00120273846316702,4.59854073420882,0.113947946161719
10,BG,19,STS-R,RT_Pronation_pro_L,0.062921476417348,0.0726820173883179,0.135603493805666,0.00131392511153814,0.00141062985161407,4.58696781468325,0.112589003824893
10,BG,20,IPL-R,RT_Pronation_pro_L,0.0799217955114888,0.0870045163882033,0.166926311899692,0.00169451979077092,0.00181358108372819,4.57006468936847,0.112456032435712
10,BG,21,SPL-R,RT_Pronation_pro_L,0.0848779395868255,0.0477027186806,0.132580658267425,0.00140756106842424,0.00149647020322227,4.58576193394446,0.113442788476996
10,BG,22,AG-R,RT_Pronation_pro_L,0.0705471661388613,0.0845030619845017,0.155050228123363,0.00172087481161662,0.00184402584667363,4.56866514461092,0.113694053399053
10,BG,23,mIPS-R,RT_Pronation_pro_L,0.103889193793821,0.0755507275259387,0.17943992131976,0.00180915483242536,0.00193868171878404,4.56487031719625,0.112277283535571
10,BG,24,VIP-R,RT_Pronation_pro_L,0.0621007398854379,0.128830820252769,0.190931560138207,0.00178715238964324,0.00191400200387543,4.56589206249527,0.111612165651254
10,BG,25,SPOC-R,RT_Pronation_pro_L,0.137610348777402,0.101446814772391,0.239057163549793,0.00214008240325072,0.00228555426800591,4.54920758024305,0.10885313281155
10,BG,26,S1-R,RT_Pronation_pro_L,0.0723852148740669,0.0773645911900926,0.149749806064159,0.00158775090608698,0.00170281221107124,4.57338834464227,0.113618546128406
10,BG,27,M1-R,RT_Pronation_pro_L,0.11627051855115,0.0623777174177737,0.178648235968924,0.00153621175392235,0.00163351656218387,4.57762131308246,0.109707528215018
10,BG,28,SMA-R,RT_Pronation_pro_L,0.0669348943645674,0.0778738151155319,0.144808709480099,0.00151843798907945,0.00162317095817556,4.57795357545068,0.113267390668838
10,BG,29,PMd-R,RT_Pronation_pro_L,0.0588019311205257,0.0975785801091624,0.156380511229688,0.00138102522090203,0.00147130485437247,4.58538269931,0.112358452776316
10,BG,30,PMv-R,RT_Pronation_pro_L,0.0552890029447964,0.0851182957872038,0.140407298732,0.00138613846668733,0.00148509826685455,4.58423507176958,0.112437191002782
10,BG,31,FEF-R,RT_Pronation_pro_L,0.119165287070341,0.0373642063361586,0.1565294934065,0.00151163473461017,0.00162217415896777,4.5774605131354,0.113432309390878
10,BG,32,POJ-R,RT_Pronation_pro_L,0.100477013666529,0.0857086722828108,0.18618568594934,0.00175180360545357,0.00187099242210444,4.56651007856848,0.110113354275022
1,DOC,1,V1-L,RT_Pronation_pro_R,0.0685197515182474,0.0878065462724307,0.156326297790678,0.00132490977594355,0.00142433012551213,4.28073922931189,0.0792173484452561
1,DOC,2,V3-L,RT_Pronation_pro_R,0.0548014329713135,0.0377984931712905,0.0925999261426041,0.000919343424584711,0.000989276708008436,4.30605308389911,0.0827409451744961
1,DOC,3,STS-L,RT_Pronation_pro_R,0.0606116613141914,0.0561571584350045,0.116768819749196,0.00119084296347014,0.00128778055569346,4.28954602990329,0.0820788280754968
1,DOC,4,IPL-L,RT_Pronation_pro_R,0.0849793165906995,0.0820106586833877,0.166989975274087,0.00131193290790746,0.00142744954761705,4.28293284991185,0.0814682782479537
1,DOC,5,SPL-L,RT_Pronation_pro_R,0.0484455444860977,0.0453226127555341,0.0937681572416318,0.000937981807155488,0.00101040221615744,4.30696204477603,0.0833637113101038
1,DOC,6,AG-L,RT_Pronation_pro_R,0.0671825744113567,0.0292351848583397,0.0964177592696963,0.00109611547552274,0.00118914471893176,4.29551057157415,0.0839286855348846
1,DOC,7,mIPS-L,RT_Pronation_pro_R,0.0489863639224925,0.0312261159480718,0.0802124798705642,0.000885956526413213,0.000959563620663557,4.31007981250091,0.0833896702431015
1,DOC,8,VIP-L,RT_Pronation_pro_R,0.138788423226974,0.0664116724487359,0.20520009567571,0.00152802546351093,0.00165914024047098,4.26832536649261,0.0793943304545931
1,DOC,9,SPOC-L,RT_Pronation_pro_R,0.0514242964346756,0.0226405991931194,0.074064895627795,0.000807234156555286,0.000875598325144233,4.31393486240581,0.0845866206886625
1,DOC,10,S1-L,RT_Pronation_pro_R,0.0691180581128566,0.0957476431202461,0.164865701233103,0.00118421330337564,0.00127762815550432,4.28934902655934,0.0803751497280233
1,DOC,11,M1-L,RT_Pronation_pro_R,0.0259803477929179,0.0903445881627709,0.116324935955689,0.000907574075321089,0.000973902590481106,4.30943571081294,0.082458463034984
1,DOC,12,SMA-L,RT_Pronation_pro_R,0.0308827254631446,0.0344263719779249,0.0653090974410695,0.000763520977207963,0.000827041176377589,4.31721879823981,0.0849163320249742
1,DOC,13,PMd-L,RT_Pronation_pro_R,0.064963531840798,0.0491344336030383,0.114097965443836,0.00105148643470544,0.00113972094099912,4.29619604346358,0.0821180864194048
1,DOC,14,PMv-L,RT_Pronation_pro_R,0.0314100565355374,0.0327800355821183,0.0641900921176557,0.000729927734560227,0.000784168054187376,4.32090047015039,0.0846868606405675
1,DOC,15,FEF-L,RT_Pronation_pro_R,0.0399100380408404,0.0396017761660975,0.0795118142069378,0.00084472213537014,0.000914797119533559,4.3108007129104,0.0835481295346039
1,DOC,16,POJ-L,RT_Pronation_pro_R,0.0654568108598681,0.032977269474493,0.0984340803343612,0.00107994895106474,0.00117209525437295,4.29633481742727,0.084109449543043
1,DOC,17,V1-R,RT_Pronation_pro_R,0.0313352968602221,0.0868590944526462,0.118194391312868,0.00107974937169582,0.00117169723786319,4.29446585342904,0.0826352087664321
1,DOC,18,V3-R,RT_Pronation_pro_R,0.0348539071891517,0.0379460149308989,0.0727999221200505,0.000835057850071849,0.000906228160738532,4.31176846368038,0.0845974603261674
1,DOC,19,STS-R,RT_Pronation_pro_R,0.0441742737941027,0.0344366369168706,0.0786109107109733,0.00093533336149598,0.00101183359759174,4.30607424796889,0.0847040141570309
1,DOC,20,IPL-R,RT_Pronation_pro_R,0.0716816870963856,0.059298504131536,0.130980191227922,0.00110164943599396,0.00119060065267437,4.29269107390834,0.0795041331330029
1,DOC,21,SPL-R,RT_Pronation_pro_R,0.0393514623512109,0.0306285351099255,0.0699799974611364,0.000825820069760561,0.000895008753909199,4.31283424861017,0.0846825987298247
1,DOC,22,AG-R,RT_Pronation_pro_R,0.0460023351881295,0.0472286913469641,0.0932310265350936,0.00095428082483716,0.00102782794744958,4.30509300751691,0.0824409236890803
1,DOC,23,mIPS-R,RT_Pronation_pro_R,0.0442817915164406,0.0365201833826281,0.0808019748990687,0.000856076129699022,0.000918396007514264,4.31181472432321,0.0837178738013701
1,DOC,24,VIP-R,RT_Pronation_pro_R,0.0412832221461781,0.0505285749685088,0.091811797114687,0.000983376237014161,0.00106627121385134,4.30204664367654,0.083559983457331
1,DOC,25,SPOC-R,RT_Pronation_pro_R,0.0379155542604297,0.0390657925873102,0.0769813468477399,0.000888385480874857,0.000962276033719607,4.30838724484454,0.0843862133914456
1,DOC,26,S1-R,RT_Pronation_pro_R,0.0525359774436085,0.0555897298300722,0.108125707273681,0.000988611803974744,0.00106462475548443,4.30158286375658,0.0816391328931409
1,DOC,27,M1-R,RT_Pronation_pro_R,0.0582933516392111,0.0468320991639987,0.10512545080321,0.000923290025793738,0.000997577766331526,4.30564128887875,0.0827554795678368
1,DOC,28,SMA-R,RT_Pronation_pro_R,0.0410765021423469,0.0294860157842371,0.070562517926584,0.000792183175318554,0.000857673718469451,4.31508245835827,0.0845799691522584
1,DOC,29,PMd-R,RT_Pronation_pro_R,0.0300665304436091,0.0776840860866484,0.107750616530258,0.000997012599247958,0.00107810600078339,4.30014406017031,0.083423649586982
1,DOC,30,PMv-R,RT_Pronation_pro_R,0.0150068143617265,0.0827568127610933,0.0977636271228198,0.000807905378397445,0.000872339257929376,4.31393645046768,0.0834253446949894
1,DOC,31,FEF-R,RT_Pronation_pro_R,0.0460977463473707,0.0477564273781289,0.0938541737254995,0.000979157792984851,0.00106508750113965,4.30172856921249,0.0842099078434433
1,DOC,32,POJ-R,RT_Pronation_pro_R,0.0469651439324389,0.0361441715505037,0.0831093154829426,0.000950693435479322,0.00102932976804202,4.30497360470445,0.0837962205832047
2,GB,1,V1-L,RT_Pronation_pro_R,0.0840757288035136,0.0736113836093071,0.157687112412821,0.00158707223512769,0.00171593842317381,4.76164891356628,0.166728289614513
2,GB,2,V3-L,RT_Pronation_pro_R,0.121867207557988,0.0836414420843259,0.205508649642314,0.00197626602188194,0.00213520615676075,4.74352411540399,0.165090492106307
2,GB,3,STS-L,RT_Pronation_pro_R,0.0774178846272401,0.036306902957152,0.113724787584392,0.00132988092454689,0.00143867711333995,4.7737708828634,0.169529739413802
2,GB,4,IPL-L,RT_Pronation_pro_R,0.122793013524881,0.0945107903597796,0.21730380388466,0.00188268499407729,0.00202865071923106,4.74796472761792,0.163620710649717
2,GB,5,SPL-L,RT_Pronation_pro_R,0.144244667310135,0.0959191450248254,0.24016381233496,0.00224388791522498,0.00242310019038859,4.73304362399073,0.163429550040833
2,GB,6,AG-L,RT_Pronation_pro_R,0.0487850414646103,0.153628538254368,0.202413579718978,0.00185576543450548,0.00200369952246027,4.75074399502101,0.165880452096386
2,GB,7,mIPS-L,RT_Pronation_pro_R,0.0785133421499631,0.108009797401883,0.186523139551846,0.00199130305836398,0.00215097484022827,4.74462481703686,0.165864506451085
2,GB,8,VIP-L,RT_Pronation_pro_R,0.0789286699450216,0.170192842152522,0.249121512097543,0.00209988470285677,0.00226828364342581,4.7377929254003,0.163176914162319
2,GB,9,SPOC-L,RT_Pronation_pro_R,0.124373048442668,0.112686064892857,0.237059113335524,0.00215020448268498,0.00232196764642465,4.73554930669336,0.162443559377165
2,GB,10,S1-L,RT_Pronation_pro_R,0.11665511953937,0.0783144441975393,0.194969563736909,0.00182922638108487,0.00197722516085086,4.74993031340636,0.163330140403329
2,GB,11,M1-L,RT_Pronation_pro_R,0.0582843539714389,0.105536667709103,0.163821021680542,0.00167750852138747,0.00180528554810966,4.75800849999691,0.165926139909211
2,GB,12,SMA-L,RT_Pronation_pro_R,0.067504062671565,0.0724923189017304,0.139996381573295,0.00164127615867671,0.00177400881350341,4.75968978890583,0.168863753704472
2,GB,13,PMd-L,RT_Pronation_pro_R,0.0539370502766022,0.113448412710022,0.167385462986625,0.00139977848733356,0.00151192806669457,4.76852393461924,0.164928604118663
2,GB,14,PMv-L,RT_Pronation_pro_R,0.068843198360946,0.0757896047949407,0.144632803155887,0.00142659830040453,0.00154585288865984,4.7680299613074,0.167209866301703
2,GB,15,FEF-L,RT_Pronation_pro_R,0.114113703138133,0.0664283597368058,0.180542062874939,0.00154958040294147,0.00167167636329706,4.76033106988899,0.163548388724655
2,GB,16,POJ-L,RT_Pronation_pro_R,0.112308948508119,0.112978775936061,0.22528772444418,0.00208794015220396,0.00225257906647304,4.74040916698897,0.164593964850106
2,GB,17,V1-R,RT_Pronation_pro_R,0.0827955719773713,0.0576462895383774,0.140441861515749,0.00148145384062308,0.00160340656125758,4.76623809985828,0.168073197881105
2,GB,18,V3-R,RT_Pronation_pro_R,0.125360236765382,0.0773959512718096,0.202756188037192,0.00196427020667701,0.00212020276677097,4.74618025224619,0.165530480020384
2,GB,19,STS-R,RT_Pronation_pro_R,0.153226338460574,0.0772169007107048,0.230443239171279,0.00197092372782879,0.00213498382699837,4.74194589456681,0.16130530425322
2,GB,20,IPL-R,RT_Pronation_pro_R,0.103069373268932,0.0817908587392615,0.184860232008193,0.00204539265894257,0.00221478585110937,4.74130230915138,0.167429726615833
2,GB,21,SPL-R,RT_Pronation_pro_R,0.112068013445252,0.0768849859166506,0.188952999361902,0.00177038442656748,0.00191013251740454,4.75235784243148,0.164874910434679
2,GB,22,AG-R,RT_Pronation_pro_R,0.105125492800031,0.182249387089113,0.287374879889143,0.00221783823286018,0.00238537373669973,4.73439155926879,0.155766236438085
2,GB,23,mIPS-R,RT_Pronation_pro_R,0.128945799572027,0.103347143746984,0.23229294331901,0.0020218882024774,0.00218135446943203,4.74168269946235,0.163021064488019
2,GB,24,VIP-R,RT_Pronation_pro_R,0.0643012259303585,0.0607287535137262,0.125029979444085,0.00141845193509941,0.00153273719391189,4.77044766756965,0.168900804018699
2,GB,25,SPOC-R,RT_Pronation_pro_R,0.0926947432893238,0.164520765433443,0.257215508722766,0.00225935796450226,0.00243701046610409,4.73312548911119,0.163519467866436
2,GB,26,S1-R,RT_Pronation_pro_R,0.071912265290043,0.0740747501538824,0.145987015443925,0.00176507401378367,0.00190996783371957,4.75406371445477,0.168859698987626
2,GB,27,M1-R,RT_Pronation_pro_R,0.125218368738305,0.12312359769906,0.248341966437366,0.00222492248427777,0.00239442917863821,4.73376158148081,0.155856572357474
2,GB,28,SMA-R,RT_Pronation_pro_R,0.0887087434923738,0.0867533396909465,0.17546208318332,0.00170222333347452,0.00183641819749676,4.75453758919252,0.16551592738696
2,GB,29,PMd-R,RT_Pronation_pro_R,0.111367980849133,0.102143850124466,0.213511830973599,0.00201968081519814,0.00218472134854467,4.74121306788952,0.159508820195506
2,GB,30,PMv-R,RT_Pronation_pro_R,0.0641902010156269,0.0756551124084595,0.139845313424086,0.00155012591473866,0.00167682114558976,4.76378548747771,0.167604353912525
2,GB,31,FEF-R,RT_Pronation_pro_R,0.0685877181051466,0.0824677791166751,0.151055497221822,0.0015662665109679,0.00169416012762477,4.76105685575358,0.165665085953235
2,GB,32,POJ-R,RT_Pronation_pro_R,0.107773522245414,0.0984956796607065,0.206269201906121,0.0019173863344776,0.0020758134473551,4.74644325621844,0.164380020774468
3,JDC,1,V1-L,RT_Pronation_pro_R,0.0978702900988271,0.108431790267561,0.206302080366388,0.00185361981529526,0.00199505167667629,4.60678329296687,0.130522150577585
3,JDC,2,V3-L,RT_Pronation_pro_R,0.0533014253109988,0.0922543898132796,0.145555815124278,0.00121519029886683,0.00129876445305987,4.63849591896833,0.133180663035588
3,JDC,3,STS-L,RT_Pronation_pro_R,0.0887364337456982,0.0589514687861627,0.147687902531861,0.00158190566397438,0.00170398309670708,4.61994348101146,0.134562167833476
3,JDC,4,IPL-L,RT_Pronation_pro_R,0.108759274658994,0.119066911314491,0.227826185973485,0.00191075357853476,0.00205319603873627,4.60190988841416,0.12585443859097
3,JDC,5,SPL-L,RT_Pronation_pro_R,0.0976234717906205,0.0731975021889198,0.17082097397954,0.00165718788117449,0.00178973832829283,4.61410775996476,0.131894838337559
3,JDC,6,AG-L,RT_Pronation_pro_R,0.0913384698486981,0.073674920093716,0.165013389942414,0.00154451108422533,0.00166483594895043,4.61972978188143,0.129982223228986
3,JDC,7,mIPS-L,RT_Pronation_pro_R,0.0816343568730414,0.0557531985650259,0.137387555438067,0.00143232388194196,0.00154105157947277,4.62680131892761,0.134894081476219
3,JDC,8,VIP-L,RT_Pronation_pro_R,0.126274748591046,0.0535671490311686,0.179841897622215,0.00174187435129841,0.00187267165408257,4.61216355527533,0.134990347749493
3,JDC,9,SPOC-L,RT_Pronation_pro_R,0.073395739161865,0.0970982450676862,0.170493984229551,0.00162101534068675,0.0017359115817499,4.62004385537665,0.133661178853031
3,JDC,10,S1-L,RT_Pronation_pro_R,0.119131972766604,0.0543580447939505,0.173490017560555,0.00138361774467629,0.00149456242153291,4.62725641323707,0.133015630771074
3,JDC,11,M1-L,RT_Pronation_pro_R,0.0455455941815643,0.0877070624169739,0.133252656598538,0.00116683431375172,0.001251163111942,4.64023168069057,0.135669923103334
3,JDC,12,SMA-L,RT_Pronation_pro_R,0.0490970638218863,0.0664378883378102,0.115534952159697,0.00120108594618345,0.0012832914344662,4.63954006212213,0.134838474470348
3,JDC,13,PMd-L,RT_Pronation_pro_R,0.0435176571286682,0.047912927999729,0.0914305851283971,0.00117646212872292,0.00126378642185089,4.64006036088605,0.138226842542237
3,JDC,14,PMv-L,RT_Pronation_pro_R,0.0366911864419155,0.0612657809432305,0.0979569673851459,0.00119726028394258,0.00129087466757315,4.63855403277888,0.138079013058451
3,JDC,15,FEF-L,RT_Pronation_pro_R,0.0569837613203683,0.0535761444832986,0.110559905803667,0.00134496492881021,0.00145056061553014,4.6298806078775,0.137097833313912
3,JDC,16,POJ-L,RT_Pronation_pro_R,0.120277231675312,0.0894937834904446,0.209771015165756,0.00151776695521251,0.00161611278759565,4.62371203087788,0.130330207394199
3,JDC,17,V1-R,RT_Pronation_pro_R,0.0384353995741136,0.101366009971329,0.139801409545443,0.00139790716061426,0.00150009450090501,4.63030714191897,0.135390551884898
3,JDC,18,V3-R,RT_Pronation_pro_R,0.0633653335314812,0.0902393749972965,0.153604708528778,0.0016164894460969,0.00173564908683394,4.61950016846081,0.135117288467181
3,JDC,19,STS-R,RT_Pronation_pro_R,0.0686768109365664,0.0502367687192072,0.118913579655774,0.00144039694050948,0.00154125822169716,4.62809919788215,0.135897107276447
3,JDC,20,IPL-R,RT_Pronation_pro_R,0.0869208647438179,0.111864462377955,0.198785327121773,0.00206411411555446,0.00221219827724431,4.59826091411189,0.134086728442768
3,JDC,21,SPL-R,RT_Pronation_pro_R,0.0592748790397574,0.138277467639225,0.197552346678983,0.0019165451256452,0.00205874285628383,4.60552341903069,0.134587704277374
3,JDC,22,AG-R,RT_Pronation_pro_R,0.175506064835044,0.0531795139310891,0.228685578766133,0.00189529323832624,0.00203541012357023,4.60522503468056,0.133279190305606
3,JDC,23,mIPS-R,RT_Pronation_pro_R,0.119995311490284,0.0666659831733694,0.186661294663653,0.00173985803664078,0.00186408735903367,4.61356533920231,0.134405283604699
3,JDC,24,VIP-R,RT_Pronation_pro_R,0.0783757408591211,0.0983842237156652,0.176759964574786,0.00181720397421501,0.00193739027228951,4.61061866525999,0.134333115539567
3,JDC,25,SPOC-R,RT_Pronation_pro_R,0.0944334668102149,0.190376936942064,0.284810403752279,0.00198689814049344,0.00212209178286249,4.60188195715489,0.128692343756831
3,JDC,26,S1-R,RT_Pronation_pro_R,0.0964131148565968,0.0553586917022474,0.151771806558844,0.00157222802252103,0.00168482384075418,4.61986542879833,0.135691756211763
3,JDC,27,M1-R,RT_Pronation_pro_R,0.0942461063114742,0.0595469994582212,0.153793105769695,0.00150955941132167,0.00162459110109573,4.62250482871695,0.135189478819798
3,JDC,28,SMA-R,RT_Pronation_pro_R,0.0442410458330739,0.0662896093090177,0.110530655142092,0.00117921065907033,0.00126084132992832,4.64016629156281,0.135203503633549
3,JDC,29,PMd-R,RT_Pronation_pro_R,0.0476318810277544,0.0787921553838451,0.1264240364116,0.0012013910435943,0.00128329304800544,4.63906219852466,0.134626197461499
3,JDC,30,PMv-R,RT_Pronation_pro_R,0.0588839913613732,0.0821087992740127,0.140992790635386,0.00144664118498263,0.00155202580610325,4.62718818426445,0.135771714003025
3,JDC,31,FEF-R,RT_Pronation_pro_R,0.122339436409671,0.0611071443155583,0.183446580725229,0.00174563677807515,0.00188134175103276,4.61053942413983,0.133524989866662
3,JDC,32,POJ-R,RT_Pronation_pro_R,0.0962769882027478,0.138653764735648,0.234930752938396,0.00188306249858239,0.00200901190016343,4.60777833894686,0.131651476725917
4,JFXD,1,V1-L,RT_Pronation_pro_R,0.0656723336667472,0.0412304255858308,0.106902759252578,0.00123001561277774,0.00133306236097359,4.49061801615377,0.118960508029545
4,JFXD,2,V3-L,RT_Pronation_pro_R,0.0781134277437497,0.0712517637982321,0.149365191541982,0.00142663879593866,0.00153567363116413,4.48055235467946,0.116329541213282
4,JFXD,3,STS-L,RT_Pronation_pro_R,0.0302485049313177,0.0541613700916355,0.0844098750229532,0.00103552875416544,0.00111717869916934,4.5041323163059,0.119506767836561
4,JFXD,4,IPL-L,RT_Pronation_pro_R,0.0759158160869833,0.0471793405028307,0.123095156589814,0.00129322364894068,0.00139323320186992,4.48922113847623,0.116697857961378
4,JFXD,5,SPL-L,RT_Pronation_pro_R,0.0646212590358572,0.0691220048301935,0.133743263866051,0.00132413089226597,0.00142451578351322,4.48663715490259,0.115415480683706
4,JFXD,6,AG-L,RT_Pronation_pro_R,0.0586965493824913,0.0704839014624923,0.129180450844984,0.00127161171706879,0.00136530324730158,4.49051405980545,0.116383922827939
4,JFXD,7,mIPS-L,RT_Pronation_pro_R,0.0475477303388104,0.0524526423705647,0.100000372709375,0.00116988646785261,0.00125992592700101,4.49582762963024,0.118036314479015
4,JFXD,8,VIP-L,RT_Pronation_pro_R,0.0700364370649279,0.0496461426934953,0.119682579758423,0.00128383219747529,0.00138108809552205,4.48988836984003,0.11772502911388
4,JFXD,9,SPOC-L,RT_Pronation_pro_R,0.0650074186389495,0.0482172734863679,0.113224692125317,0.00123523302253909,0.00132541899377952,4.49220944961524,0.116849692573589
4,JFXD,10,S1-L,RT_Pronation_pro_R,0.0586285876892559,0.0289386692599316,0.0875672569491875,0.00104108888367159,0.00113064395513267,4.50332405083024,0.118627591316519
4,JFXD,11,M1-L,RT_Pronation_pro_R,0.0449778232959521,0.028315097022579,0.0732929203185312,0.000892465334530531,0.000966263160004569,4.51305883754826,0.118863017057605
4,JFXD,12,SMA-L,RT_Pronation_pro_R,0.102244849679095,0.0810627399853993,0.183307589664495,0.00147849638804014,0.00160963905248444,4.47839409135728,0.113076048941859
4,JFXD,13,PMd-L,RT_Pronation_pro_R,0.0594736714454189,0.0433266295787739,0.102800301024193,0.00117953154898632,0.00128493190839757,4.49534292565005,0.117505955176728
4,JFXD,14,PMv-L,RT_Pronation_pro_R,0.113317013364998,0.140438327740546,0.253755341105544,0.00196885346944619,0.00211415462897287,4.45217991381016,0.0992814624902119
4,JFXD,15,FEF-L,RT_Pronation_pro_R,0.121164034173562,0.0753681456329484,0.19653217980651,0.00146383719241327,0.00158189995806717,4.47996887643883,0.104619606918841
4,JFXD,16,POJ-L,RT_Pronation_pro_R,0.0509523233968665,0.0700935333194412,0.121045856716308,0.00124035060560433,0.00133658039401687,4.49172634658204,0.117151609013565
4,JFXD,17,V1-R,RT_Pronation_pro_R,0.0247375803652149,0.0672095444547478,0.0919471248199627,0.00110011087730607,0.00119227093327615,4.4985711518033,0.119545245062763
4,JFXD,18,V3-R,RT_Pronation_pro_R,0.0901681685659589,0.0377539731411224,0.127922141707081,0.00124441172738398,0.0013522408731171,4.48857390970539,0.116573307756342
4,JFXD,19,STS-R,RT_Pronation_pro_R,0.0653933274812708,0.0636782429658101,0.129071570447081,0.00106529822571416,0.00114682590554272,4.50089391025925,0.114829610921138
4,JFXD,20,IPL-R,RT_Pronation_pro_R,0.0608759849455049,0.0606134620026502,0.121489446948155,0.00114454677829849,0.00123902421104335,4.49823282728952,0.116974254604217
4,JFXD,21,SPL-R,RT_Pronation_pro_R,0.0431377937403827,0.0453168509306115,0.0884546446709942,0.00104378537622798,0.00112744705084103,4.50283410220176,0.118492775165975
4,JFXD,22,AG-R,RT_Pronation_pro_R,0.0554477422810979,0.0988526893106515,0.154300431591749,0.00161346637234839,0.00175247801965455,4.47197558177507,0.116714012062799
4,JFXD,23,mIPS-R,RT_Pronation_pro_R,0.043642830101857,0.0857839297008969,0.129426759802754,0.00144310892686278,0.00156112489726743,4.48146917740298,0.118097517105536
4,JFXD,24,VIP-R,RT_Pronation_pro_R,0.0532536864414003,0.071562092119773,0.124815778561173,0.00130702532077023,0.00141607453619817,4.4879450259745,0.117347778178308
4,JFXD,25,SPOC-R,RT_Pronation_pro_R,0.125232529458054,0.0465675187038137,0.171800048161868,0.00147433529808519,0.00158790105418578,4.47839334244889,0.115945528160495
4,JFXD,26,S1-R,RT_Pronation_pro_R,0.0601935849397138,0.104745067308895,0.164938652248609,0.0015135657241567,0.00164465628823327,4.47714227688728,0.112577339544336
4,JFXD,27,M1-R,RT_Pronation_pro_R,0.0702421062547771,0.0906459329073287,0.160888039162106,0.00136346584838117,0.00147623443336739,4.48472096238172,0.114288754128424
4,JFXD,28,SMA-R,RT_Pronation_pro_R,0.105945990323338,0.0679703752730905,0.173916365596428,0.00139245757643289,0.00151529142250059,4.48286371884233,0.113635800327249
4,JFXD,29,PMd-R,RT_Pronation_pro_R,0.0646967173918639,0.11702203702746,0.181718754419324,0.00139677600712226,0.00150598986303276,4.48125797781849,0.11059982191358
4,JFXD,30,PMv-R,RT_Pronation_pro_R,0.0385807166884885,0.11389723133373,0.152477948022218,0.00131664014830183,0.00142846686690374,4.48705104969202,0.114952040184283
4,JFXD,31,FEF-R,RT_Pronation_pro_R,0.0775031910584403,0.0406168077111018,0.118119998769542,0.00107827811189482,0.00116930701265471,4.50122265439721,0.11574476248412
4,JFXD,32,POJ-R,RT_Pronation_pro_R,0.0684199073317817,0.070565875051183,0.138985782382965,0.00127057977663566,0.00136800256567113,4.49025335428659,0.117011605931638
5,JZ,1,V1-L,RT_Pronation_pro_R,0.108148676337371,0.0565734226293923,0.164722098966763,0.0014139107275288,0.00151486516829402,4.56067163880152,0.117573663042185
5,JZ,2,V3-L,RT_Pronation_pro_R,0.115858403253014,0.0484844802556877,0.164342883508702,0.00151669209799427,0.00163920168653769,4.55553608456477,0.118535279135547
5,JZ,3,STS-L,RT_Pronation_pro_R,0.0637135591586593,0.0916726320286466,0.155386191187306,0.00154340666173484,0.00166582029525584,4.55389747421555,0.119222688601969
5,JZ,4,IPL-L,RT_Pronation_pro_R,0.0503536983805746,0.12255237990439,0.172906078284965,0.00147457856246006,0.00158502089065891,4.55960083297365,0.116721595076775
5,JZ,5,SPL-L,RT_Pronation_pro_R,0.078783328008603,0.0886948448547156,0.167478172863319,0.00157963709094464,0.0016976570046903,4.5542067614729,0.118830246970023
5,JZ,6,AG-L,RT_Pronation_pro_R,0.0871294784186052,0.0525397938676457,0.139669272286251,0.00130793815099395,0.00140026071803023,4.56838451058581,0.119361844537486
5,JZ,7,mIPS-L,RT_Pronation_pro_R,0.0734877866674758,0.0685739211119517,0.142061707779427,0.0015893701890021,0.00170967106190939,4.55257636805145,0.118655054232245
5,JZ,8,VIP-L,RT_Pronation_pro_R,0.0778614082997931,0.0432760941278465,0.12113750242764,0.00115382517109448,0.00123552609212627,4.57715168635982,0.119484847209981
5,JZ,9,SPOC-L,RT_Pronation_pro_R,0.064999382433035,0.0904112516088906,0.155410634041926,0.00135723920915568,0.00145222987322299,4.56464653556571,0.117930517243969
5,JZ,10,S1-L,RT_Pronation_pro_R,0.0971877325053553,0.169783669026321,0.266971401531676,0.0018607890946464,0.00199594908791068,4.53940868829032,0.112018568971594
5,JZ,11,M1-L,RT_Pronation_pro_R,0.0400891473013937,0.190531782895006,0.230620930196399,0.001725604017395,0.00185879528122648,4.54602853213344,0.114558092368582
5,JZ,12,SMA-L,RT_Pronation_pro_R,0.0326342175791982,0.0660676195136204,0.0987018370928186,0.00113008345817493,0.00121579824242635,4.57652108013657,0.122307639058146
5,JZ,13,PMd-L,RT_Pronation_pro_R,0.0899141418791574,0.0897047614015565,0.179618903280714,0.00168343822718892,0.00181428634272889,4.5475949078291,0.117645191709208
5,JZ,14,PMv-L,RT_Pronation_pro_R,0.0636477307985195,0.0340658378892388,0.0977135686877582,0.00111359984873215,0.0011944436874323,4.57811043393902,0.121506947588657
5,JZ,15,FEF-L,RT_Pronation_pro_R,0.0672641185034409,0.0321990447547866,0.0994631632582275,0.00113621765936531,0.00122148306153334,4.57616438399226,0.121972339523487
5,JZ,16,POJ-L,RT_Pronation_pro_R,0.0679319363687988,0.088123979113063,0.156055915481862,0.00138183562855078,0.00148054768739612,4.56456694149952,0.117861185080059
5,JZ,17,V1-R,RT_Pronation_pro_R,0.0755143545122051,0.0691073141756477,0.144621668687853,0.00141279186041864,0.00150781995044086,4.56141622529933,0.120020209431729
5,JZ,18,V3-R,RT_Pronation_pro_R,0.0888584575677398,0.0542848463703829,0.143143303938123,0.00145793510899405,0.00156269299602911,4.5592894882125,0.119570060141616
5,JZ,19,STS-R,RT_Pronation_pro_R,0.0856221273808119,0.0430735445194115,0.128695671900223,0.0014299080831155,0.00153908276731326,4.56044818108076,0.120045281252087
5,JZ,20,IPL-R,RT_Pronation_pro_R,0.045749298592635,0.0675842084119803,0.113333507004615,0.00125321215337516,0.00134728496648276,4.57031881947062,0.12067244099274
5,JZ,21,SPL-R,RT_Pronation_pro_R,0.071090919437663,0.0755249852460517,0.146615904683715,0.00147194283576128,0.0015780607050502,4.55849611792972,0.11836576084698
5,JZ,22,AG-R,RT_Pronation_pro_R,0.086472147956845,0.0732330413069525,0.159705189263798,0.00154304544764035,0.00165920608662143,4.55560264264402,0.118177239010104
5,JZ,23,mIPS-R,RT_Pronation_pro_R,0.0813610255280389,0.0605966738361609,0.1419576993642,0.00135466433898221,0.0014486343355923,4.56534638470442,0.117962458976344
5,JZ,24,VIP-R,RT_Pronation_pro_R,0.0564157286990479,0.0711700877845507,0.127585816483599,0.0013841460782147,0.00148757593208261,4.56302616409545,0.120296195062708
5,JZ,25,SPOC-R,RT_Pronation_pro_R,0.136417314863518,0.0889081890090513,0.225325503872569,0.00182749524488342,0.00197290321206585,4.5387455690632,0.11387271582027
5,JZ,26,S1-R,RT_Pronation_pro_R,0.0694846375087478,0.0905615459881676,0.160046183496915,0.00165754573084409,0.00178695790585772,4.54827869551893,0.118049103947862
5,JZ,27,M1-R,RT_Pronation_pro_R,0.0862071375213328,0.0454615787427007,0.131668716264033,0.00142201442231606,0.00152342599226366,4.56142963309659,0.120275574257143
5,JZ,28,SMA-R,RT_Pronation_pro_R,0.0681554894341431,0.0494880984744872,0.11764358790863,0.00127890175571579,0.00137306822578691,4.56767181428325,0.121024769541215
5,JZ,29,PMd-R,RT_Pronation_pro_R,0.0516200094122305,0.0828331558854038,0.134453165297634,0.00133712025225892,0.00143032481203155,4.56686402863902,0.119804156054405
5,JZ,30,PMv-R,RT_Pronation_pro_R,0.055536606035841,0.0299530165692844,0.0854896226051254,0.00110009714242829,0.00118208189705329,4.57882193174949,0.122342524959378
5,JZ,31,FEF-R,RT_Pronation_pro_R,0.0466338385353481,0.0566989714980878,0.103332810033436,0.00119486120977368,0.00128285475069348,4.57316133625549,0.12108761573704
5,JZ,32,POJ-R,RT_Pronation_pro_R,0.0806942244721253,0.0731032905501882,0.153797515022313,0.00134924919219277,0.00145285432068076,4.56510278870048,0.11783816847763
6,LT,1,V1-L,RT_Pronation_pro_R,0.0571544285349879,0.0403496614747763,0.0975040900097641,0.00112283587495679,0.00120936671441376,4.38795369367619,0.096407347604528
6,LT,2,V3-L,RT_Pronation_pro_R,0.0549684484727384,0.0563197896077045,0.111288238080443,0.00107321084185406,0.00115403167450608,4.39333781959508,0.0949923051968356
6,LT,3,STS-L,RT_Pronation_pro_R,0.107858060015316,0.0440752726979349,0.151933332713251,0.00130612177915198,0.00140266958008047,4.37908362277805,0.0933219186266898
6,LT,4,IPL-L,RT_Pronation_pro_R,0.10307897177248,0.111925339262592,0.215004311035072,0.00159347453342688,0.00171292775580523,4.36537484412254,0.0914971639283771
6,LT,5,SPL-L,RT_Pronation_pro_R,0.0525166150176767,0.0473509190835438,0.0998675341012205,0.00109650236256756,0.00118181008699251,4.39000650349366,0.0956231337932608
6,LT,6,AG-L,RT_Pronation_pro_R,0.112403928300201,0.0525811085270744,0.164985036827275,0.00124515803391684,0.00133649534724172,4.38388867283109,0.0931750872226036
6,LT,7,mIPS-L,RT_Pronation_pro_R,0.0503338430430089,0.044601278969092,0.0949351220121009,0.00106693574318927,0.00114896963352976,4.39270336838161,0.0959639986914431
6,LT,8,VIP-L,RT_Pronation_pro_R,0.127419399810151,0.112248107044682,0.239667506854833,0.00171534157554603,0.00183840158407385,4.35876776885187,0.0889278042944911
6,LT,9,SPOC-L,RT_Pronation_pro_R,0.0618857440568462,0.0518239129480728,0.113709657004919,0.00122882111896692,0.00133024760703207,4.38086806509502,0.0952395125354432
6,LT,10,S1-L,RT_Pronation_pro_R,0.104394976903221,0.0768140557333942,0.181209032636615,0.00131204383080306,0.00140568620576852,4.3808871020824,0.0915885868355962
6,LT,11,M1-L,RT_Pronation_pro_R,0.0421255741641063,0.0768743290335551,0.118999903197661,0.00111909631302076,0.0012057737436715,4.38894422156668,0.0952708668609157
6,LT,12,SMA-L,RT_Pronation_pro_R,0.0504303272044727,0.0933856868337572,0.14381601403823,0.00133843680739978,0.00144023650113512,4.37436259277706,0.0929013476932896
6,LT,13,PMd-L,RT_Pronation_pro_R,0.0565333927434602,0.098215185480943,0.154748578224403,0.00138683472882067,0.00149282998390484,4.37391008771854,0.0925496096003529
6,LT,14,PMv-L,RT_Pronation_pro_R,0.0564931319937831,0.123328034003185,0.179821165996968,0.0014301718050859,0.00153788062016614,4.37463351303926,0.0923268406195298
6,LT,15,FEF-L,RT_Pronation_pro_R,0.114087205323185,0.0744539189671747,0.188541124290359,0.00139766436626965,0.00149767477055242,4.37320818837945,0.0907121228265083
6,LT,16,POJ-L,RT_Pronation_pro_R,0.0452815776584289,0.0764271278791912,0.12170870553762,0.00123327368725418,0.00132722404837184,4.38280243858151,0.0934983662234159
6,LT,17,V1-R,RT_Pronation_pro_R,0.0594993689651228,0.0316295548749053,0.0911289238400282,0.000968897378069819,0.00104229521678202,4.39545021381483,0.0961396738307835
6,LT,18,V3-R,RT_Pronation_pro_R,0.0523369051820358,0.0603260932348877,0.112662998416924,0.00116271179563697,0.00125566897066868,4.38241250089817,0.095478528463967
6,LT,19,STS-R,RT_Pronation_pro_R,0.0563300267515941,0.0335764977253217,0.0899065244769157,0.000959695733639969,0.00103290342155494,4.39635852284477,0.0963413388459762
6,LT,20,IPL-R,RT_Pronation_pro_R,0.0481968357359028,0.0324727921391701,0.0806696278750728,0.000898952230932638,0.000968683660140796,4.40023868100634,0.0968290672827501
6,LT,21,SPL-R,RT_Pronation_pro_R,0.0361728702538415,0.0443563884455931,0.0805292586994347,0.000844985396533508,0.00090405853716325,4.40415003119246,0.0966528279498572
6,LT,22,AG-R,RT_Pronation_pro_R,0.053216419859725,0.0366506963451564,0.0898671162048814,0.000947505093267659,0.00102206302588184,4.39712060177325,0.0964057813719119
6,LT,23,mIPS-R,RT_Pronation_pro_R,0.0459709182761574,0.0302582698448164,0.0762291881209738,0.000922101087044428,0.0009953947303458,4.39887375202015,0.0973751418639461
6,LT,24,VIP-R,RT_Pronation_pro_R,0.0402902495733256,0.0419040168025732,0.0821942663758988,0.000928501588266775,0.00100049784872137,4.39810001086787,0.0971524781717072
6,LT,25,SPOC-R,RT_Pronation_pro_R,0.0464820601262776,0.102785761720281,0.149267821846558,0.00133712244376454,0.00144135093707955,4.3745366642911,0.0931774919016328
6,LT,26,S1-R,RT_Pronation_pro_R,0.046369162856219,0.0337984199255035,0.0801675827817224,0.000948660260061044,0.001022647209667,4.39653340936679,0.0974524821121103
6,LT,27,M1-R,RT_Pronation_pro_R,0.030917402273893,0.0322226369182707,0.0631400391921636,0.000833478281958625,0.000898307029391205,4.40495045907758,0.0980493808747928
6,LT,28,SMA-R,RT_Pronation_pro_R,0.0346010978239873,0.051740424041069,0.0863415218650563,0.000995143506124197,0.00107154146546148,4.39411474424628,0.0963664518974303
6,LT,29,PMd-R,RT_Pronation_pro_R,0.0379606941411023,0.0519126221725846,0.0898733163136869,0.00100145893904928,0.00108000941259401,4.39422443402283,0.096109715774925
6,LT,30,PMv-R,RT_Pronation_pro_R,0.0346630647269352,0.026180148752491,0.0608432134794262,0.000747765708816557,0.000804659392228329,4.41125171448557,0.0976613104074124
6,LT,31,FEF-R,RT_Pronation_pro_R,0.0297184070878376,0.0332593836556936,0.0629777907435312,0.000826234212753206,0.000889051544341475,4.4055778219072,0.0978498343325917
6,LT,32,POJ-R,RT_Pronation_pro_R,0.0478361195502622,0.0736797940532918,0.121515913603554,0.00116215563539856,0.00125175700166494,4.38493415800423,0.0944588876195001
7,NvA,1,V1-L,RT_Pronation_pro_R,0.0702207391458654,0.0700690505395209,0.140289789685386,0.0015617821711276,0.00167355904446092,4.71757328164762,0.144896773441129
7,NvA,2,V3-L,RT_Pronation_pro_R,0.0905528201882175,0.0907779526958151,0.181330772884033,0.0018363833872051,0.0019673966395685,4.7025749868796,0.141860190692679
7,NvA,3,STS-L,RT_Pronation_pro_R,0.058112966307805,0.0564584541488428,0.114571420456648,0.00132506756028487,0.00141928098654479,4.72539301534009,0.144277020632117
7,NvA,4,IPL-L,RT_Pronation_pro_R,0.0611786221795577,0.0655518484976871,0.126730470677245,0.00151164102202288,0.00162683346620557,4.71541426223735,0.146370615228944
7,NvA,5,SPL-L,RT_Pronation_pro_R,0.0478109835537636,0.156081618219592,0.203892601773356,0.00190015917093061,0.00202671927756443,4.69879928870827,0.142710413314695
7,NvA,6,AG-L,RT_Pronation_pro_R,0.0637168931843144,0.0870792516366592,0.150796144820974,0.00148892358438281,0.00159496109319852,4.71813734844315,0.14489300369758
7,NvA,7,mIPS-L,RT_Pronation_pro_R,0.0690443389565238,0.0835463265949803,0.152590665551504,0.00158895839671992,0.0016992246560368,4.71373151672667,0.144792616235265
7,NvA,8,VIP-L,RT_Pronation_pro_R,0.129688048335282,0.0567579715296742,0.186446019864956,0.00171991328328538,0.00183884836113458,4.7071918067484,0.141966181444139
7,NvA,9,SPOC-L,RT_Pronation_pro_R,0.102218267631296,0.122046170414372,0.224264438045669,0.00218672004354102,0.00235174776236486,4.68643688382672,0.138910469301899
7,NvA,10,S1-L,RT_Pronation_pro_R,0.109473979065185,0.0717694882721669,0.181243467337351,0.00170947054804899,0.00182516397705535,4.70651832741922,0.144066965460909
7,NvA,11,M1-L,RT_Pronation_pro_R,0.0753910912571276,0.0465360085842637,0.121927099841391,0.00137020373447326,0.00146682126878458,4.72370846820228,0.14676347172561
7,NvA,12,SMA-L,RT_Pronation_pro_R,0.0446962788551812,0.0925891568279441,0.137285435683125,0.00136315251330801,0.00144989674742401,4.72443473167762,0.144909308595544
7,NvA,13,PMd-L,RT_Pronation_pro_R,0.0477341183653582,0.110891882827549,0.158626001192907,0.00158633428085832,0.00169279352283203,4.71238722732916,0.144572304418794
7,NvA,14,PMv-L,RT_Pronation_pro_R,0.0702400514187472,0.0633294315069325,0.13356948292568,0.00153036698107666,0.00164554878951144,4.71465656433755,0.145680339117715
7,NvA,15,FEF-L,RT_Pronation_pro_R,0.0652809339618345,0.0329350158569988,0.0982159498188333,0.00126959072163327,0.00135460748942938,4.72900205598223,0.14742954090379
7,NvA,16,POJ-L,RT_Pronation_pro_R,0.0741116500870083,0.101807681113322,0.17591933120033,0.00174968427995312,0.00187825419722488,4.70455780858159,0.143450920422723
7,NvA,17,V1-R,RT_Pronation_pro_R,0.119658203171573,0.0759280068403711,0.195586210011944,0.0019353786487213,0.00207947116582534,4.70019511694576,0.142351415389474
7,NvA,18,V3-R,RT_Pronation_pro_R,0.172398612829807,0.081968802982099,0.254367415811906,0.00202769776426168,0.00216042679961163,4.69578532190669,0.138310084905044
7,NvA,19,STS-R,RT_Pronation_pro_R,0.0734719645340318,0.0862289518739515,0.159700916407983,0.00160860932883071,0.00172498628685649,4.71153408306356,0.142351082118502
7,NvA,20,IPL-R,RT_Pronation_pro_R,0.075188646618927,0.127645326459404,0.202833973078331,0.0019838865814806,0.00212983167694003,4.69658355925256,0.143323507760268
7,NvA,21,SPL-R,RT_Pronation_pro_R,0.13170760170298,0.0972696826714832,0.228977284374463,0.00176779942181392,0.00187568707693068,4.70726169581586,0.137347941751262
7,NvA,22,AG-R,RT_Pronation_pro_R,0.131270978007189,0.116991721674483,0.248262699681672,0.00196216403425865,0.00209073796872787,4.6968479437318,0.136837776418289
7,NvA,23,mIPS-R,RT_Pronation_pro_R,0.127107138924562,0.0594420642362222,0.186549203160784,0.00194691433096992,0.00209058921836511,4.69894935351395,0.143683323284568
7,NvA,24,VIP-R,RT_Pronation_pro_R,0.0631075508625385,0.151679496929527,0.214787047792066,0.00182177219782802,0.00195324101311082,4.70395779287011,0.142149055702633
7,NvA,25,SPOC-R,RT_Pronation_pro_R,0.151804952481954,0.170068435878174,0.321873388360128,0.00260126126148117,0.00280714700445602,4.67055020250453,0.137594166513962
7,NvA,26,S1-R,RT_Pronation_pro_R,0.08507214560164,0.0900575600097599,0.1751297056114,0.001799209280407,0.00193373080402817,4.70403756313374,0.14333676920827
7,NvA,27,M1-R,RT_Pronation_pro_R,0.136278967103809,0.0576355414432283,0.193914508547037,0.00185754235389605,0.0019959083795956,4.70116766577087,0.143943202973631
7,NvA,28,SMA-R,RT_Pronation_pro_R,0.05201249322128,0.0688675888178338,0.120880082039114,0.00150257810595183,0.0016052605088865,4.71737834765187,0.146761593371306
7,NvA,29,PMd-R,RT_Pronation_pro_R,0.0606237908616991,0.0810345623746954,0.141658353236394,0.00157586816251128,0.00168978411844737,4.71419190782704,0.145201655492956
7,NvA,30,PMv-R,RT_Pronation_pro_R,0.0456033744075567,0.102584058032322,0.148187432439878,0.00157936169401516,0.00169484932522885,4.71338904907454,0.144110465338009
7,NvA,31,FEF-R,RT_Pronation_pro_R,0.101790114034834,0.0789655364322646,0.180755650467099,0.00178929622533529,0.00191486993102053,4.70387694965246,0.142248251142963
7,NvA,32,POJ-R,RT_Pronation_pro_R,0.172385379135124,0.12435905007043,0.296744429205554,0.0021125765554765,0.00225925726257214,4.69133986619945,0.134507136466735
8,RR,1,V1-L,RT_Pronation_pro_R,0.123937258931269,0.0824618720546751,0.206399130985944,0.00213027031163709,0.0022785252275671,4.83058730357167,0.165496615537755
8,RR,2,V3-L,RT_Pronation_pro_R,0.111540736726824,0.125415976015531,0.236956712742355,0.00220670712639477,0.00236834705886699,4.82655420764856,0.160441471142213
8,RR,3,STS-L,RT_Pronation_pro_R,0.10146279358566,0.128161468151922,0.229624261737582,0.00224104330492307,0.00239881628564777,4.82491151864526,0.162620279267083
8,RR,4,IPL-L,RT_Pronation_pro_R,0.08221099544826,0.0820018196060316,0.164212815054292,0.001631327025216,0.00175273891049075,4.85008448240045,0.165756201692714
8,RR,5,SPL-L,RT_Pronation_pro_R,0.106302038902572,0.138448732418498,0.24475077132107,0.00241684713895075,0.00258620071550145,4.82033384209132,0.16470355405861
8,RR,6,AG-L,RT_Pronation_pro_R,0.108235061885499,0.123820734833689,0.232055796719188,0.00228900917468075,0.00244348743040791,4.8233023164051,0.164452118028229
8,RR,7,mIPS-L,RT_Pronation_pro_R,0.0886897090150265,0.101263208661658,0.189952917676684,0.0019978353821283,0.00213509699890723,4.83738842731123,0.166343652536246
8,RR,8,VIP-L,RT_Pronation_pro_R,0.0941630119089294,0.0819509469523254,0.176113958861255,0.00186109035008488,0.00199660071855925,4.84186801903712,0.167426909485651
8,RR,9,SPOC-L,RT_Pronation_pro_R,0.0931539450546699,0.109497056444954,0.202651001499624,0.00216123751930807,0.00231935939210945,4.82905605584012,0.167363744936967
8,RR,10,S1-L,RT_Pronation_pro_R,0.0724561985831883,0.114704112917684,0.187160311500872,0.00208758526940074,0.0022373364139708,4.83043467276097,0.16746754428674
8,RR,11,M1-L,RT_Pronation_pro_R,0.0455933465389024,0.132523097931948,0.178116444470851,0.00180280377804852,0.00193564788032592,4.8425177674861,0.167894528188349
8,RR,12,SMA-L,RT_Pronation_pro_R,0.0779291929556925,0.124971453340784,0.202900646296477,0.00226031719651277,0.00242787818005325,4.82496161103412,0.16557062912402
8,RR,13,PMd-L,RT_Pronation_pro_R,0.0713673922838553,0.0620454925832155,0.133412884867071,0.00153332970334569,0.00163825095377467,4.85411208656929,0.168836086925802
8,RR,14,PMv-L,RT_Pronation_pro_R,0.0886823608581173,0.149935677151194,0.238618038009311,0.00194670432013109,0.00207256276850818,4.83499607180372,0.162596191568729
8,RR,15,FEF-L,RT_Pronation_pro_R,0.0841597914173107,0.0583328547341587,0.142492646151469,0.00179564852440692,0.00193112109683109,4.84350749199939,0.169566085169683
8,RR,16,POJ-L,RT_Pronation_pro_R,0.0955245784243761,0.0978428905084368,0.193367468932813,0.00204660488296587,0.00218575241364762,4.83346372792522,0.166394900808631
8,RR,17,V1-R,RT_Pronation_pro_R,0.118089494193823,0.152521571843837,0.270611066037659,0.0025069829111096,0.00268418888176024,4.81456219706553,0.160146339968176
8,RR,18,V3-R,RT_Pronation_pro_R,0.107258912535653,0.0742487590769486,0.181507671612602,0.00208316569846198,0.00224037599490402,4.83215714193011,0.166920220656086
8,RR,19,STS-R,RT_Pronation_pro_R,0.0999344155871904,0.0510143706126059,0.150948786199796,0.00181485387531439,0.00194770428481589,4.84254449337264,0.168395895612757
8,RR,20,IPL-R,RT_Pronation_pro_R,0.105815338151876,0.0878740685791058,0.193689406730982,0.00182623375464238,0.00196593931963007,4.84117556163223,0.166362940169049
8,RR,21,SPL-R,RT_Pronation_pro_R,0.145182346989672,0.113241972663467,0.25842431965314,0.00219587010525134,0.00236034188317714,4.82563681364002,0.160840815264729
8,RR,22,AG-R,RT_Pronation_pro_R,0.0931635527642862,0.101387004422013,0.194550557186299,0.00191293095511291,0.00205155737231709,4.83749026111621,0.16490574292305
8,RR,23,mIPS-R,RT_Pronation_pro_R,0.113465728274407,0.0952464493549197,0.208712177629327,0.00209108371168844,0.0022476661815399,4.82965048305828,0.163570996720331
8,RR,24,VIP-R,RT_Pronation_pro_R,0.13993562995434,0.113570597608068,0.253506227562408,0.0019777008501852,0.0021181244890401,4.83487551662398,0.162117890670065
8,RR,25,SPOC-R,RT_Pronation_pro_R,0.128267008564166,0.133446496838612,0.261713505402778,0.00241650642238747,0.00259643556217155,4.81750098409961,0.162516529829858
8,RR,26,S1-R,RT_Pronation_pro_R,0.0985409788103869,0.0495601102094705,0.148101089019857,0.00159426045299755,0.00170859245970169,4.85369132351146,0.168635602424609
8,RR,27,M1-R,RT_Pronation_pro_R,0.141516452781602,0.0369336050344652,0.178450057816067,0.00188819848643488,0.00202435136161494,4.83990381506853,0.16836144022103
8,RR,28,SMA-R,RT_Pronation_pro_R,0.0652073191221628,0.100001324258221,0.165208643380384,0.00194114909175871,0.0020847426039568,4.83782443288851,0.167955308787917
8,RR,29,PMd-R,RT_Pronation_pro_R,0.10883891791434,0.102766570451115,0.211605488365455,0.00212163884980603,0.00227751744718838,4.82922006675109,0.167208130456491
8,RR,30,PMv-R,RT_Pronation_pro_R,0.1010608829457,0.0893192286530772,0.190380111598778,0.00187423683430336,0.00201817788399279,4.83703240135615,0.167261330627647
8,RR,31,FEF-R,RT_Pronation_pro_R,0.126735824661258,0.0500404273096558,0.176776251970914,0.00163886021635189,0.00175810112674366,4.84853527819138,0.167125627114786
8,RR,32,POJ-R,RT_Pronation_pro_R,0.116863083606064,0.190734348154792,0.307597431760856,0.00236088660830605,0.00253045321116208,4.8190188540723,0.156176188783113
9,SJB,1,V1-L,RT_Pronation_pro_R,0.0757007372039056,0.0594768944897037,0.135177631693609,0.00147736462253392,0.00159032773050724,4.69802433652557,0.14982363371378
9,SJB,2,V3-L,RT_Pronation_pro_R,0.0940483939128871,0.148038487542489,0.242086881455376,0.00210417685592971,0.0022658178612069,4.6673238377671,0.143801579348639
9,SJB,3,STS-L,RT_Pronation_pro_R,0.0664483644315596,0.0586559879545374,0.125104352386097,0.00137384615050455,0.0014788107937346,4.70212865883658,0.150889518281394
9,SJB,4,IPL-L,RT_Pronation_pro_R,0.0745388649320424,0.115147221749935,0.189686086681977,0.00183168126248472,0.00197288479455181,4.68085988431541,0.147851855371969
9,SJB,5,SPL-L,RT_Pronation_pro_R,0.105639658459964,0.0663787199947412,0.172018378454705,0.00169159584875637,0.00182088924091874,4.68478622029473,0.148816102565676
9,SJB,6,AG-L,RT_Pronation_pro_R,0.0718185710821968,0.0628177021033179,0.134636273185515,0.00150950460393065,0.0016245547110347,4.69567660497463,0.151348734328381
9,SJB,7,mIPS-L,RT_Pronation_pro_R,0.116449999351489,0.0874668223307395,0.203916821682229,0.00203856176862369,0.00220072792866628,4.6715947373019,0.148074361438872
9,SJB,8,VIP-L,RT_Pronation_pro_R,0.0874053021735283,0.0851197025177485,0.172525004691277,0.00168576470506248,0.00181599836666468,4.68700235150513,0.147997199943654
9,SJB,9,SPOC-L,RT_Pronation_pro_R,0.0923764047666316,0.138626701998092,0.231003106764724,0.00216656080013674,0.00233324601345607,4.66616684926854,0.144515155092274
9,SJB,10,S1-L,RT_Pronation_pro_R,0.163230464817645,0.0638876507488172,0.227118115566462,0.00180174664214629,0.00193836270832393,4.68141867326356,0.146290801658662
9,SJB,11,M1-L,RT_Pronation_pro_R,0.0862184306783188,0.0848128937186158,0.171031324396935,0.00166884197634195,0.0017999596978303,4.68875812283653,0.14884079125017
9,SJB,12,SMA-L,RT_Pronation_pro_R,0.055256036360886,0.050228472481948,0.105484508842834,0.00133776557437826,0.00144038251580551,4.70401128563094,0.151871568717624
9,SJB,13,PMd-L,RT_Pronation_pro_R,0.0848947747849155,0.0900242519875803,0.174919026772496,0.00168590834652283,0.00181413374830992,4.68713718173269,0.148440965718635
9,SJB,14,PMv-L,RT_Pronation_pro_R,0.0501136735903151,0.0523816806607934,0.102495354251109,0.00126792534062474,0.00136508245167193,4.70885244316937,0.15224020873218
9,SJB,15,FEF-L,RT_Pronation_pro_R,0.0678972060418395,0.0828984822074621,0.150795688249302,0.0015036817669312,0.00161754985202172,4.6944656133994,0.149315756188414
9,SJB,16,POJ-L,RT_Pronation_pro_R,0.102033166539643,0.0967924734279452,0.198825639967588,0.00198980739198089,0.002141124761081,4.67461225301816,0.146581363825167
9,SJB,17,V1-R,RT_Pronation_pro_R,0.0524367103590511,0.0747847648504519,0.127221475209503,0.00136765376330884,0.0014693697519691,4.70259027765997,0.150818677720647
9,SJB,18,V3-R,RT_Pronation_pro_R,0.128224503548636,0.0922668231554508,0.220491326704087,0.00199158478776723,0.00213835673161015,4.67431569795987,0.146170129265454
9,SJB,19,STS-R,RT_Pronation_pro_R,0.0470348297703687,0.0936484041134576,0.140683233883826,0.00165400412180112,0.00178109318660369,4.6882013361092,0.150894942558971
9,SJB,20,IPL-R,RT_Pronation_pro_R,0.129555136566837,0.0523032447070643,0.181858381273901,0.0015550390605361,0.0016751732977943,4.69251994455855,0.147789868068366
9,SJB,21,SPL-R,RT_Pronation_pro_R,0.0606606949557918,0.128699654102303,0.189360349058095,0.00175902667248614,0.00189497400157119,4.68294473055074,0.146720032335221
9,SJB,22,AG-R,RT_Pronation_pro_R,0.123743169457153,0.0934165142629101,0.217159683720063,0.00182349484086759,0.00195992247923958,4.68060282947758,0.14304709610014
9,SJB,23,mIPS-R,RT_Pronation_pro_R,0.12141182350498,0.0764153692308244,0.197827192735805,0.00178344350288647,0.00191462317525148,4.68315199457917,0.139276312937012
9,SJB,24,VIP-R,RT_Pronation_pro_R,0.102264178597035,0.0920658791208337,0.194330057717869,0.00157807503508406,0.00169628991280116,4.69269208286658,0.145989749317456
9,SJB,25,SPOC-R,RT_Pronation_pro_R,0.10144089465365,0.180359729145195,0.281800623798845,0.00216764517660503,0.00232473738490804,4.66455059548256,0.136061641374598
9,SJB,26,S1-R,RT_Pronation_pro_R,0.131557190348381,0.101050268639234,0.232607458987615,0.00178326655399942,0.00191722583398351,4.68034701529881,0.145706740005077
9,SJB,27,M1-R,RT_Pronation_pro_R,0.0864195003114471,0.122709004224529,0.209128504535976,0.00180924478236534,0.00194377667398488,4.68028780555957,0.146623985329337
9,SJB,28,SMA-R,RT_Pronation_pro_R,0.0515665816245803,0.0615978623634371,0.113164443988017,0.00142659118203822,0.00153756406580816,4.70006514838463,0.151908003268
9,SJB,29,PMd-R,RT_Pronation_pro_R,0.0318378250427701,0.0815918055073171,0.113429630550087,0.00128676836215759,0.00138524469203633,4.70688728786857,0.151611868179047
9,SJB,30,PMv-R,RT_Pronation_pro_R,0.0469234278759084,0.0581192664711999,0.105042694347108,0.00131281277837543,0.00141434091564987,4.70490845247859,0.152976120143456
9,SJB,31,FEF-R,RT_Pronation_pro_R,0.0894211142767283,0.0404063111112515,0.12982742538798,0.00147840879231251,0.00159462261068544,4.69603038483705,0.151444115166886
9,SJB,32,POJ-R,RT_Pronation_pro_R,0.0867102893120497,0.0930888724132106,0.17979916172526,0.00176008308773101,0.0019012430643314,4.68522472150445,0.148202608119784
10,BG,1,V1-L,RT_Pronation_pro_R,0.047136230655316,0.0554362815667555,0.102572512222071,0.00111270965695157,0.00120056193500595,4.47580726083048,0.102111873342744
10,BG,2,V3-L,RT_Pronation_pro_R,0.0588463270332966,0.0765254253778275,0.135371752411124,0.0013494597149928,0.00145003244473826,4.46305329639184,0.100375466218377
10,BG,3,STS-L,RT_Pronation_pro_R,0.0663268445576897,0.0767308668219676,0.143057711379657,0.00125969775033955,0.00135070282530974,4.46521509230844,0.0983835198851071
10,BG,4,IPL-L,RT_Pronation_pro_R,0.0511648471886855,0.119372494222261,0.170537341410946,0.00150708930293998,0.00161636282783454,4.45478714983593,0.100347719491178
10,BG,5,SPL-L,RT_Pronation_pro_R,0.0689992665015863,0.0539468846570379,0.122946151158624,0.00131771709292409,0.0014164608643486,4.46486748988314,0.102343961899293
10,BG,6,AG-L,RT_Pronation_pro_R,0.072702626074559,0.0640129468345344,0.136715572909093,0.00138596251036549,0.00148771711170924,4.46114504024856,0.101575770499462
10,BG,7,mIPS-L,RT_Pronation_pro_R,0.0441617232491488,0.0757030700178184,0.119864793266967,0.00119214010601647,0.00128162757390882,4.47063507199558,0.101582509845129
10,BG,8,VIP-L,RT_Pronation_pro_R,0.11614346693475,0.0707871961329941,0.186930663067745,0.00166687943941095,0.00178932156470946,4.44622339242876,0.0989992053921041
10,BG,9,SPOC-L,RT_Pronation_pro_R,0.0719524429093641,0.0862940787131212,0.158246521622485,0.00155545054060398,0.00167389673839076,4.45088949535283,0.0995324907045071
10,BG,10,S1-L,RT_Pronation_pro_R,0.115877021037434,0.0342873877824851,0.150164408819919,0.00131537992160171,0.00141601980893499,4.46370337805037,0.101104372537688
10,BG,11,M1-L,RT_Pronation_pro_R,0.0790942399447805,0.0521931282897431,0.131287368234524,0.00122230359505714,0.00131718604962878,4.46910853851255,0.101501549015228
10,BG,12,SMA-L,RT_Pronation_pro_R,0.0525167000965229,0.0810754780808925,0.133592178177415,0.00133182840426834,0.00142844286774484,4.46303337207706,0.100390358378316
10,BG,13,PMd-L,RT_Pronation_pro_R,0.0466975179006635,0.0645063723998232,0.111203890300487,0.00106596024752855,0.00114533028202724,4.47735374970176,0.101810811679696
10,BG,14,PMv-L,RT_Pronation_pro_R,0.0450564815765884,0.0294987056734943,0.0745551872500827,0.000924747712277384,0.000994346475889918,4.48677186636685,0.103660749656179
10,BG,15,FEF-L,RT_Pronation_pro_R,0.0511312059026802,0.0476849302431072,0.0988161361457873,0.00104574014105978,0.00112563776322219,4.4799473785134,0.103160218272021
10,BG,16,POJ-L,RT_Pronation_pro_R,0.0490519536316519,0.0652874033086367,0.114339356940289,0.00122159389110291,0.00130784351578141,4.4710735154428,0.101936016892041
10,BG,17,V1-R,RT_Pronation_pro_R,0.0832957007162066,0.0882287574050753,0.171524458121282,0.0015171056862741,0.00162666783341058,4.45386021359968,0.0983020118739528
10,BG,18,V3-R,RT_Pronation_pro_R,0.0546946182398501,0.093907527457413,0.148602145697263,0.00132928859302606,0.00142782339667672,4.46390338769053,0.100483352928564
10,BG,19,STS-R,RT_Pronation_pro_R,0.0694223444887914,0.0489446222539537,0.118366966742745,0.00121450638507494,0.0013098439972846,4.46912336149585,0.101268183020788
10,BG,20,IPL-R,RT_Pronation_pro_R,0.0594684030881257,0.0321658169014699,0.0916342199895956,0.00111513396928734,0.00119844332556326,4.4758019113425,0.102917062133198
10,BG,21,SPL-R,RT_Pronation_pro_R,0.0626655515307785,0.0326144783815544,0.0952800299123328,0.00101678209598837,0.00109923715387282,4.48121008562156,0.102336867279537
10,BG,22,AG-R,RT_Pronation_pro_R,0.0690477554989204,0.029589516716662,0.0986372722155824,0.00105422941222433,0.00113378211411191,4.47961362425408,0.102527605576952
10,BG,23,mIPS-R,RT_Pronation_pro_R,0.119604807649725,0.0294384619142168,0.149043269563942,0.00127996285897862,0.00137670965693235,4.46586002874646,0.100131182230975
10,BG,24,VIP-R,RT_Pronation_pro_R,0.0465135565997404,0.0543810996449293,0.10089465624467,0.001179333684324,0.00126882813098398,4.47177627323825,0.102731245862575
10,BG,25,SPOC-R,RT_Pronation_pro_R,0.0702217920972621,0.0600668509248309,0.130288643022093,0.00134170035514668,0.00144498490003907,4.46188090864123,0.100846530247806
10,BG,26,S1-R,RT_Pronation_pro_R,0.0522644873596201,0.07052100846882,0.12278549582844,0.00122748494954589,0.00132040271964624,4.4682088450764,0.100629288502106
10,BG,27,M1-R,RT_Pronation_pro_R,0.094365424627644,0.0714770636479284,0.165842488275572,0.00137595979695465,0.00147448808603006,4.45989573923969,0.0986010305679082
10,BG,28,SMA-R,RT_Pronation_pro_R,0.0410639986611966,0.0965692877737282,0.137633286434925,0.00130677998513295,0.00140063370931811,4.4643186954109,0.101762788273606
10,BG,29,PMd-R,RT_Pronation_pro_R,0.0451817956385761,0.0881701709614585,0.133351966600035,0.00130251388374075,0.00140110701670249,4.46380441038849,0.10118464889315
10,BG,30,PMv-R,RT_Pronation_pro_R,0.0327431780391064,0.0686136525414539,0.10135683058056,0.00108151427711875,0.00116176945157111,4.47678881451501,0.102947577324605
10,BG,31,FEF-R,RT_Pronation_pro_R,0.0693213937517275,0.0459310059868039,0.115252399738531,0.00117053935030097,0.00125714495696601,4.47190171434807,0.101880650385996
10,BG,32,POJ-R,RT_Pronation_pro_R,0.0405546214669586,0.0833263535461501,0.123880975013109,0.00107387867722393,0.00115378734519246,4.47804544726297,0.100375374937186
1,DOC,1,V1-L,RT_Pronation_anti_L,0.0805770589314703,0.0437166786696181,0.124293737601088,0.00132423148137039,0.00143649272103254,4.3604447824291,0.0926322181791395
1,DOC,2,V3-L,RT_Pronation_anti_L,0.0463198258225592,0.0359030945042918,0.082222920326851,0.000915947979610712,0.000984724178687198,4.38699128411164,0.09294391111181
1,DOC,3,STS-L,RT_Pronation_anti_L,0.0454482777756592,0.0366225479003558,0.082070825676015,0.000885313300376292,0.000956544020584552,4.38873258891233,0.0933036486947962
1,DOC,4,IPL-L,RT_Pronation_anti_L,0.0615040183111782,0.0909170786465981,0.152421096957776,0.001300980541093,0.00141496624928257,4.36306025757357,0.0906520746750456
1,DOC,5,SPL-L,RT_Pronation_anti_L,0.0663349064874195,0.0574580531592285,0.123792959646648,0.00112579782312943,0.00121790420350865,4.37363669222746,0.0915345211437987
1,DOC,6,AG-L,RT_Pronation_anti_L,0.0712447158047289,0.0262235692921597,0.0974682850968886,0.00100190061635845,0.00108179921051489,4.38082054441645,0.0927593157600446
1,DOC,7,mIPS-L,RT_Pronation_anti_L,0.0763482000016326,0.0371481794570267,0.113496379458659,0.00117016630499051,0.00126709900400871,4.37063285836068,0.0918234686635432
1,DOC,8,VIP-L,RT_Pronation_anti_L,0.11286144267339,0.0691748142771501,0.18203625695054,0.00144505002903861,0.00157150845156662,4.35318942781572,0.0902118983210855
1,DOC,9,SPOC-L,RT_Pronation_anti_L,0.121067764337432,0.0539256788526986,0.174993443190131,0.00135780734418351,0.00146507136611771,4.35871962578637,0.089579226716168
1,DOC,10,S1-L,RT_Pronation_anti_L,0.0619053908511888,0.128967359722099,0.190872750573287,0.00114700569430803,0.00122272409313457,4.37183084927878,0.0880962903849613
1,DOC,11,M1-L,RT_Pronation_anti_L,0.0257930172324375,0.105489690623374,0.131282707855811,0.000977579209543623,0.00104980811424422,4.38391680760195,0.0910813016910981
1,DOC,12,SMA-L,RT_Pronation_anti_L,0.0528799325706091,0.0699575594718776,0.122837492042487,0.00114134202729994,0.0012354386140678,4.3710363323775,0.0912559576224686
1,DOC,13,PMd-L,RT_Pronation_anti_L,0.0415597103613816,0.0460908006173643,0.0876505109787459,0.0010304954359654,0.00112035339174712,4.37781730545539,0.0936016171975255
1,DOC,14,PMv-L,RT_Pronation_anti_L,0.0491235636858071,0.0627102598844702,0.111833823570277,0.00108277101565459,0.00116923396805326,4.3753336324336,0.0919863589061041
1,DOC,15,FEF-L,RT_Pronation_anti_L,0.0576214750817191,0.0435724831640419,0.101193958245761,0.00113528031656137,0.00122875354042992,4.37221812174574,0.0933831938148234
1,DOC,16,POJ-L,RT_Pronation_anti_L,0.0760764299632682,0.0534775288418747,0.129553958805143,0.00125774425239988,0.00135796708594433,4.36585892296362,0.0909932850830193
1,DOC,17,V1-R,RT_Pronation_anti_L,0.0357106940929093,0.054676316460494,0.0903870105534033,0.000942892737996424,0.0010176955109646,4.38478899690515,0.092557051755888
1,DOC,18,V3-R,RT_Pronation_anti_L,0.0508356975557486,0.120533415257874,0.171369112813622,0.00128209814201279,0.00138302372223064,4.36194261515103,0.0866996176711843
1,DOC,19,STS-R,RT_Pronation_anti_L,0.0510924911343116,0.0531255302344372,0.104218021368749,0.000999005638173269,0.00107275664756435,4.38076060921851,0.0895202534508176
1,DOC,20,IPL-R,RT_Pronation_anti_L,0.085465898268069,0.043596832739833,0.129062731007902,0.00114451171296967,0.00123774518623729,4.37058281404608,0.0910458414467643
1,DOC,21,SPL-R,RT_Pronation_anti_L,0.0541257339318333,0.0323021230268246,0.0864278569586579,0.000849674375319492,0.000912951865515667,4.39004699646002,0.0926187675829458
1,DOC,22,AG-R,RT_Pronation_anti_L,0.0349238571706555,0.0418041233960812,0.0767279805667367,0.000982612439639938,0.00106068538885429,4.3819122378224,0.0941201098042592
1,DOC,23,mIPS-R,RT_Pronation_anti_L,0.0275162686586763,0.0403966648364956,0.067912933495172,0.00085484914010541,0.000918137594087409,4.39157385237825,0.09429312725674
1,DOC,24,VIP-R,RT_Pronation_anti_L,0.0789388230584,0.0397617871094992,0.118700610167899,0.0010743117785112,0.00115933316723204,4.37628477876705,0.0921224673066982
1,DOC,25,SPOC-R,RT_Pronation_anti_L,0.058809802344787,0.0840987617432475,0.142908564088034,0.00118404869288057,0.00127181197329981,4.37056928068002,0.0902714820075999
1,DOC,26,S1-R,RT_Pronation_anti_L,0.0783280005200356,0.0325013109686816,0.110829311488717,0.00107284579614029,0.00116307033568827,4.37567816590499,0.0921724041564847
1,DOC,27,M1-R,RT_Pronation_anti_L,0.0594205480660715,0.0528321323511232,0.112252680417195,0.000996113635653259,0.00107855339645569,4.38036652031187,0.0920682426359511
1,DOC,28,SMA-R,RT_Pronation_anti_L,0.0410271773004749,0.0620592689318715,0.103086446232346,0.00106023984523413,0.00115131689189951,4.37684452794573,0.0929994125658597
1,DOC,29,PMd-R,RT_Pronation_anti_L,0.0271358642739816,0.0983450781245237,0.125480942398505,0.00109782465827314,0.00118921212825509,4.3748241455902,0.092443174801058
1,DOC,30,PMv-R,RT_Pronation_anti_L,0.0361009468115662,0.0490309074655561,0.0851318542771223,0.000923823219684306,0.000996053285875459,4.38564180009069,0.0928768058723198
1,DOC,31,FEF-R,RT_Pronation_anti_L,0.0545205505108438,0.0456748850559021,0.100195435566746,0.00104549591873165,0.00112408240732043,4.37730910506943,0.0932377262659245
1,DOC,32,POJ-R,RT_Pronation_anti_L,0.0602393499131424,0.0687629187167157,0.129002268629858,0.00110742878999226,0.00118712857978939,4.37522918367794,0.0915651244835657
2,GB,1,V1-L,RT_Pronation_anti_L,0.112900916596296,0.0809683018946803,0.193869218490976,0.00177559964456368,0.00191522920957353,4.79118715468528,0.168945994952582
2,GB,2,V3-L,RT_Pronation_anti_L,0.133437588399422,0.0932459089150138,0.226683497314435,0.00195608166182512,0.00210351258764888,4.7836224482574,0.166005080383978
2,GB,3,STS-L,RT_Pronation_anti_L,0.0836078395670529,0.0560274690891708,0.139635308656224,0.00169853794988867,0.00184256432028863,4.79397999437916,0.171508540815036
2,GB,4,IPL-L,RT_Pronation_anti_L,0.174780676682241,0.0761400764516903,0.250920753133931,0.00217119554677966,0.00233535724448777,4.77541342283815,0.16670602206052
2,GB,5,SPL-L,RT_Pronation_anti_L,0.200471868535333,0.0649713689891408,0.265443237524474,0.00222058553429801,0.00238733151116146,4.77341104395078,0.166767249370444
2,GB,6,AG-L,RT_Pronation_anti_L,0.0799467427258115,0.125265897889534,0.205212640615345,0.0020050161833667,0.00216603555965241,4.78205461746144,0.167061561352195
2,GB,7,mIPS-L,RT_Pronation_anti_L,0.0983252954719251,0.115642328736362,0.213967624208287,0.00204954283338278,0.00221285442390127,4.78076912055898,0.168262089953565
2,GB,8,VIP-L,RT_Pronation_anti_L,0.111880890570812,0.178881613034562,0.290762503605374,0.00246214234669087,0.00265548151024364,4.762629893469,0.162511570578203
2,GB,9,SPOC-L,RT_Pronation_anti_L,0.11172878614859,0.17023573727563,0.28196452342422,0.00250873977239759,0.0027100042869269,4.76033285399972,0.163575545850935
2,GB,10,S1-L,RT_Pronation_anti_L,0.100733000205272,0.0662429588559997,0.166975959061271,0.00164430654239867,0.00177089127142303,4.79700864117218,0.16929543793343
2,GB,11,M1-L,RT_Pronation_anti_L,0.0648025311583063,0.0867488551286337,0.15155138628694,0.00160587152779735,0.00173136848919736,4.79851315582795,0.170473032997264
2,GB,12,SMA-L,RT_Pronation_anti_L,0.0746485658142862,0.0749255666358894,0.149574132450176,0.00170581379355931,0.00184565781042807,4.7933176261825,0.171131690057874
2,GB,13,PMd-L,RT_Pronation_anti_L,0.0748805544037622,0.144437081210277,0.219317635614039,0.00177172540618499,0.00191104396213639,4.78984705201736,0.16584998165093
2,GB,14,PMv-L,RT_Pronation_anti_L,0.0420869152411543,0.0878303148876512,0.129917230128806,0.00145703522317067,0.00156488915945944,4.80648165214821,0.171579047539981
2,GB,15,FEF-L,RT_Pronation_anti_L,0.130483080134014,0.131827624863138,0.262310704997152,0.00216911742536169,0.00232930943588698,4.77323310920923,0.162578678125881
2,GB,16,POJ-L,RT_Pronation_anti_L,0.0933588091115882,0.165466415284987,0.258825224396576,0.0023233973596706,0.00250000846342269,4.77052995306515,0.166308477412177
2,GB,17,V1-R,RT_Pronation_anti_L,0.125457762337095,0.0688690383509523,0.194326800688047,0.00171909291676162,0.00185418883746897,4.79378570385039,0.167475888928845
2,GB,18,V3-R,RT_Pronation_anti_L,0.115444219556999,0.0479209302574863,0.163365149814485,0.00165609924242363,0.00178634738583806,4.7975514804381,0.170239807855465
2,GB,19,STS-R,RT_Pronation_anti_L,0.150667430938856,0.0716570541354959,0.222324485074352,0.00208522402490811,0.00225611834577397,4.7761616690462,0.167697784492498
2,GB,20,IPL-R,RT_Pronation_anti_L,0.102826890360151,0.107926944874092,0.210753835234243,0.00212453083029247,0.00229330486454344,4.77691591736234,0.166951797767109
2,GB,21,SPL-R,RT_Pronation_anti_L,0.125669486253188,0.0848872676785587,0.210556753931747,0.00214845340694577,0.00232493321376957,4.77379905180751,0.166677076849863
2,GB,22,AG-R,RT_Pronation_anti_L,0.0805347060122014,0.12820063059457,0.208735336606771,0.00196208278062469,0.00210527245054064,4.78154854540961,0.163796478944013
2,GB,23,mIPS-R,RT_Pronation_anti_L,0.0648417330901104,0.0805786295220466,0.145420362612157,0.00158957841390526,0.00171713263429186,4.79973049075575,0.170868301043394
2,GB,24,VIP-R,RT_Pronation_anti_L,0.0821198766692661,0.102902980971325,0.185022857640592,0.00200307983555368,0.00216287722028477,4.7810730036173,0.168876535913591
2,GB,25,SPOC-R,RT_Pronation_anti_L,0.0857144751666474,0.213238057948039,0.298952533114686,0.0023602236379326,0.00255523017784494,4.76556015676729,0.164020733472594
2,GB,26,S1-R,RT_Pronation_anti_L,0.082930396668887,0.0578479930829826,0.14077838975187,0.0017158417863164,0.00185527356903458,4.79478973048659,0.171557859615395
2,GB,27,M1-R,RT_Pronation_anti_L,0.114058203446632,0.0891074043271788,0.203165607773811,0.00198533372769021,0.00214624479018467,4.7801965827054,0.16503041337215
2,GB,28,SMA-R,RT_Pronation_anti_L,0.0796972317656947,0.0900224919019515,0.169719723667646,0.00164565004131081,0.00177783696532654,4.79462424844564,0.167562332555365
2,GB,29,PMd-R,RT_Pronation_anti_L,0.117124543982286,0.0727558541337096,0.189880398115996,0.00183742209785774,0.00199293424605211,4.78574693785736,0.16796714164537
2,GB,30,PMv-R,RT_Pronation_anti_L,0.034446696388307,0.094012556434758,0.128459252823065,0.00142081570616736,0.00153980044315276,4.80551293441747,0.172068516323412
2,GB,31,FEF-R,RT_Pronation_anti_L,0.070625325759172,0.090288789960127,0.160914115719299,0.00146393532277665,0.00157372509496679,4.80319414634405,0.168618112074719
2,GB,32,POJ-R,RT_Pronation_anti_L,0.113868922277827,0.115027818123552,0.228896740401378,0.00184730244460252,0.00197979618876204,4.78799854052673,0.164428924952865
3,JDC,1,V1-L,RT_Pronation_anti_L,0.118291020656494,0.0820544665434342,0.200345487199928,0.00191542215695789,0.00206991717809036,4.7416912883704,0.162575233157899
3,JDC,2,V3-L,RT_Pronation_anti_L,0.0432552220492211,0.0896886498813791,0.1329438719306,0.00138047317707665,0.00149985787702552,4.76661490535574,0.16465748375566
3,JDC,3,STS-L,RT_Pronation_anti_L,0.0800521283345384,0.0462726644900488,0.126324792824587,0.00142616246073501,0.00154457800215939,4.76409961976492,0.166181830612243
3,JDC,4,IPL-L,RT_Pronation_anti_L,0.0930474225359127,0.0971765193286904,0.190223941864603,0.00168627705964759,0.00182250673181063,4.75119381815677,0.160622775650213
3,JDC,5,SPL-L,RT_Pronation_anti_L,0.121749998742379,0.112535597115893,0.234285595858272,0.00192222334341538,0.00208802330994625,4.73914105606414,0.158420548756693
3,JDC,6,AG-L,RT_Pronation_anti_L,0.128866242461128,0.0843868625394924,0.21325310500062,0.00168200214091672,0.00182248390429395,4.7499407936992,0.158337710145711
3,JDC,7,mIPS-L,RT_Pronation_anti_L,0.0868186313262476,0.0882536168179006,0.175072248144148,0.00173916867290618,0.00188871629960649,4.74934942335236,0.163382001099212
3,JDC,8,VIP-L,RT_Pronation_anti_L,0.115062204220627,0.0597057160757181,0.174767920296345,0.0016709721486665,0.00180891432807562,4.75225313185967,0.164246537664479
3,JDC,9,SPOC-L,RT_Pronation_anti_L,0.0848388017540402,0.20195561787094,0.28679441962498,0.00237868705234255,0.00258153013109653,4.72300306201,0.158392563431584
3,JDC,10,S1-L,RT_Pronation_anti_L,0.104294892112313,0.0624131125229814,0.166708004635295,0.00161924973518572,0.00175498762107054,4.75426151194661,0.164983875542271
3,JDC,11,M1-L,RT_Pronation_anti_L,0.0712255730919941,0.0863303032598317,0.157555876351826,0.0016016936480352,0.00173654847467254,4.75540632327831,0.165885791626386
3,JDC,12,SMA-L,RT_Pronation_anti_L,0.0755653790667244,0.0819872624471109,0.157552641513835,0.00174712602769267,0.00189003214770151,4.7496463684946,0.165570483647224
3,JDC,13,PMd-L,RT_Pronation_anti_L,0.0728618631978053,0.082823385010684,0.155685248208489,0.00168967349918239,0.00183895363064748,4.75214551280016,0.165899890100864
3,JDC,14,PMv-L,RT_Pronation_anti_L,0.0515881240434083,0.0562638815415531,0.107852005584961,0.00131411983334035,0.00142578491097652,4.77012376660732,0.167828944635491
3,JDC,15,FEF-L,RT_Pronation_anti_L,0.0776247794621662,0.050934736947069,0.128559516409235,0.00134030810604378,0.00146092893708671,4.76843700075526,0.166651273553114
3,JDC,16,POJ-L,RT_Pronation_anti_L,0.137041185173835,0.0674567018449891,0.204497887018824,0.00176767502647907,0.00190585099127071,4.75006743096838,0.161041301895221
3,JDC,17,V1-R,RT_Pronation_anti_L,0.0581441050774073,0.158667213693857,0.216811318771264,0.00211386468877577,0.00230233432634311,4.73535888170058,0.163972514311232
3,JDC,18,V3-R,RT_Pronation_anti_L,0.0724023111955805,0.124847508717849,0.197249819913429,0.00184786542904624,0.0019923226924634,4.74679313055412,0.16301361758893
3,JDC,19,STS-R,RT_Pronation_anti_L,0.0699672205764842,0.0532554628000448,0.123222683376529,0.00159842191304526,0.00172597306603331,4.75829991341882,0.166628122383214
3,JDC,20,IPL-R,RT_Pronation_anti_L,0.0847041734749682,0.0920706969999227,0.176774870474891,0.00184735828670852,0.00199522471899782,4.74599426747629,0.16365990269495
3,JDC,21,SPL-R,RT_Pronation_anti_L,0.135960726672673,0.109415251861198,0.245375978533871,0.00209598237174156,0.00226033457150392,4.73732314740479,0.160925585041122
3,JDC,22,AG-R,RT_Pronation_anti_L,0.204133032436893,0.0551529885508173,0.259286020987711,0.00216896016170731,0.00234520324146544,4.7341328864143,0.161175969441775
3,JDC,23,mIPS-R,RT_Pronation_anti_L,0.211630995923868,0.0527158649259093,0.264346860849777,0.00202977347789583,0.00219463726510491,4.73956504067672,0.161713122158805
3,JDC,24,VIP-R,RT_Pronation_anti_L,0.122812160037104,0.0920291680020236,0.214841328039128,0.00205562418809523,0.00221433679004517,4.7381927334189,0.161967437577107
3,JDC,25,SPOC-R,RT_Pronation_anti_L,0.108053200387628,0.352668436240194,0.460721636627821,0.00283027876833572,0.00305124886869065,4.70328906405065,0.147380375984168
3,JDC,26,S1-R,RT_Pronation_anti_L,0.0887855362988039,0.0881004808138222,0.176886017112626,0.00190645798948466,0.0020581903266028,4.74310475288099,0.163372435957781
3,JDC,27,M1-R,RT_Pronation_anti_L,0.076006953699116,0.0842861813854414,0.160293135084557,0.0017040280110922,0.00184383736765698,4.75087239085337,0.1651143998081
3,JDC,28,SMA-R,RT_Pronation_anti_L,0.0672555379503965,0.0890719251378962,0.156327463088293,0.00161375291976739,0.00174442213510692,4.7548226357647,0.164954247055004
3,JDC,29,PMd-R,RT_Pronation_anti_L,0.0891795862530413,0.0797024457944788,0.16888203204752,0.00174543077859019,0.00189111300200034,4.74914210675576,0.164895389200561
3,JDC,30,PMv-R,RT_Pronation_anti_L,0.0484109596239131,0.118661280362519,0.167072239986432,0.00168957384838906,0.00182879129088934,4.75313687539767,0.164301664789681
3,JDC,31,FEF-R,RT_Pronation_anti_L,0.105537544649146,0.0743305678171294,0.179868112466275,0.00177875811126407,0.00192200381050398,4.74784523822112,0.163644144482961
3,JDC,32,POJ-R,RT_Pronation_anti_L,0.12964179709573,0.15959474224077,0.2892365393365,0.00223037890629726,0.00240379435909002,4.73145504705989,0.157411488400863
4,JFXD,1,V1-L,RT_Pronation_anti_L,0.0617525450221975,0.0269617519391326,0.0887142969613302,0.00103701693035714,0.00112011820844208,4.40946527736824,0.0978362845559107
4,JFXD,2,V3-L,RT_Pronation_anti_L,0.0586213335822255,0.063821347385752,0.122442680967977,0.00117139918102024,0.00125433625099216,4.40114409662829,0.095546510210642
4,JFXD,3,STS-L,RT_Pronation_anti_L,0.0389443285801405,0.0446460313051024,0.0835903598852429,0.000939356163906944,0.00100068669849613,4.41670265265537,0.0978387118269106
4,JFXD,4,IPL-L,RT_Pronation_anti_L,0.0508150883830899,0.0588024548853861,0.109617543268476,0.0011335603062552,0.00121218967166425,4.40496681804233,0.0959249674668763
4,JFXD,5,SPL-L,RT_Pronation_anti_L,0.0839321548150172,0.0356268525738481,0.119559007388865,0.00126641210979551,0.00136236282108627,4.39701097799804,0.0964295388902502
4,JFXD,6,AG-L,RT_Pronation_anti_L,0.0445552827114615,0.0762067965364075,0.120762079247869,0.001211914092901,0.00129916333723196,4.39991581659209,0.0955032461756424
4,JFXD,7,mIPS-L,RT_Pronation_anti_L,0.102205479490993,0.0444979546170699,0.146703434108063,0.00145252034054728,0.00156213122300637,4.38504999731459,0.095528744359178
4,JFXD,8,VIP-L,RT_Pronation_anti_L,0.0607410305741082,0.0436503011071042,0.104391331681212,0.00115277967076813,0.00123578397305187,4.40348814409532,0.096144895144167
4,JFXD,9,SPOC-L,RT_Pronation_anti_L,0.0424679061006314,0.0421387051459508,0.0846066112465822,0.000970747534696723,0.00104226365476724,4.41449985038769,0.0978001130087401
4,JFXD,10,S1-L,RT_Pronation_anti_L,0.0579512443407497,0.0475521321048705,0.10550337644562,0.00113798920761943,0.00121897014177554,4.40423100182469,0.0966175516803241
4,JFXD,11,M1-L,RT_Pronation_anti_L,0.0380352042590929,0.0615976485154458,0.0996328527745387,0.00106466980567028,0.00114183683020264,4.40750359738465,0.0971261312164462
4,JFXD,12,SMA-L,RT_Pronation_anti_L,0.0674207902452282,0.0829339697351329,0.150354759980361,0.00125607832562251,0.0013600205151996,4.39812739766418,0.0944936246257326
4,JFXD,13,PMd-L,RT_Pronation_anti_L,0.0485158740344109,0.0654644618606498,0.113980335895061,0.00117057213261181,0.00125825211318357,4.4028522221368,0.0963032155547735
4,JFXD,14,PMv-L,RT_Pronation_anti_L,0.119819686807171,0.103006129301564,0.222825816108735,0.00152145149432784,0.00163102948591801,4.38006376099924,0.0876132463180458
4,JFXD,15,FEF-L,RT_Pronation_anti_L,0.126036246114652,0.0938726183483613,0.219908864463013,0.00136220503726493,0.00145393294239643,4.38922976218267,0.0884327844722956
4,JFXD,16,POJ-L,RT_Pronation_anti_L,0.0377581283822413,0.0762918730679752,0.114050001450217,0.00117785575605618,0.00126186866581653,4.40166533737217,0.0966546533155646
4,JFXD,17,V1-R,RT_Pronation_anti_L,0.0364646998181986,0.0425978772244111,0.0790625770426097,0.00101072931491197,0.00109028490540007,4.41099342450326,0.0982286529625515
4,JFXD,18,V3-R,RT_Pronation_anti_L,0.0861586038792263,0.0404338246755925,0.126592428554819,0.00108860249873633,0.00116978817760151,4.40534317338388,0.0941958999554739
4,JFXD,19,STS-R,RT_Pronation_anti_L,0.0676573349778855,0.0550332143597592,0.122690549337645,0.00113034687802393,0.00122437992958929,4.40199643451391,0.0944114508016324
4,JFXD,20,IPL-R,RT_Pronation_anti_L,0.0544056720251559,0.052502292307861,0.106907964333017,0.00104992242239293,0.00113117245190983,4.40816620060444,0.0959822164034227
4,JFXD,21,SPL-R,RT_Pronation_anti_L,0.0190190361608028,0.0497205298148193,0.068739565975622,0.000793368178848835,0.000856222620786527,4.42524537180164,0.0984433353565091
4,JFXD,22,AG-R,RT_Pronation_anti_L,0.0529552625620358,0.0667787803606635,0.119734042922699,0.00114136491183593,0.00123233739444883,4.40177196998077,0.0947392664160625
4,JFXD,23,mIPS-R,RT_Pronation_anti_L,0.0347899374086061,0.0622626429185844,0.0970525803271906,0.000992873817842453,0.00107071818271219,4.41185733598505,0.0966659241541727
4,JFXD,24,VIP-R,RT_Pronation_anti_L,0.0355455435252462,0.0506923073638994,0.0862378508891456,0.000890898599533258,0.000957965753646141,4.41861210238318,0.0970697643057224
4,JFXD,25,SPOC-R,RT_Pronation_anti_L,0.0885106756806865,0.0462928290965627,0.134803504777249,0.00124279137368491,0.00132845822218583,4.39569539390851,0.0943506657083255
4,JFXD,26,S1-R,RT_Pronation_anti_L,0.0461691946313104,0.0721029241704766,0.118272118801787,0.00116053619996985,0.00125598244072183,4.40173433261056,0.0955474575220556
4,JFXD,27,M1-R,RT_Pronation_anti_L,0.056197607616489,0.0720259576119778,0.128223565228467,0.00112843807493548,0.00121677124528366,4.40459599435195,0.0952916002881777
4,JFXD,28,SMA-R,RT_Pronation_anti_L,0.0687031884801511,0.074149281455676,0.142852469935827,0.00120412302652463,0.00130424434090229,4.40073201047348,0.0945375296673251
4,JFXD,29,PMd-R,RT_Pronation_anti_L,0.046897528650366,0.0984792181266839,0.14537674677705,0.00123407771401127,0.00132896671019356,4.39894502111186,0.0949699884590881
4,JFXD,30,PMv-R,RT_Pronation_anti_L,0.0379549588453778,0.0791851407588434,0.117140099604221,0.00115241415516803,0.00124443328518389,4.40232334485793,0.0953826591701891
4,JFXD,31,FEF-R,RT_Pronation_anti_L,0.0657670899427397,0.0225638337121546,0.0883309236548943,0.000945190588867748,0.00102128187313991,4.4164233409364,0.0973901384802811
4,JFXD,32,POJ-R,RT_Pronation_anti_L,0.0607986325610537,0.0456756078210245,0.106474240382078,0.00110313265003303,0.00118314805426774,4.40492779806043,0.0966167570329428
5,JZ,1,V1-L,RT_Pronation_anti_L,0.0905429929090087,0.0732199435023692,0.163762936411378,0.00153698554294082,0.00164351791862329,4.49873807503655,0.111053487399261
5,JZ,2,V3-L,RT_Pronation_anti_L,0.0855440943979807,0.0468881552195939,0.132432249617575,0.00125495161136278,0.00134268997024247,4.51356718858469,0.112179113997554
5,JZ,3,STS-L,RT_Pronation_anti_L,0.0614264736895727,0.0621823397285484,0.123608813418121,0.00127192429276945,0.00136196443748589,4.51326272470456,0.113639549731932
5,JZ,4,IPL-L,RT_Pronation_anti_L,0.0414559152284753,0.111724741998873,0.153180657227349,0.00140320164175148,0.00150051720974775,4.50652921667475,0.112671870249622
5,JZ,5,SPL-L,RT_Pronation_anti_L,0.0701038614681637,0.0627713133870197,0.132875174855183,0.00133203007263328,0.00142693125695335,4.50983837349837,0.11370429325561
5,JZ,6,AG-L,RT_Pronation_anti_L,0.0658254710337047,0.0815931534976914,0.147418624531396,0.00141888855848459,0.00151616318299999,4.50630972732237,0.113009219723373
5,JZ,7,mIPS-L,RT_Pronation_anti_L,0.095944864887251,0.0496789393495158,0.145623804236767,0.00145920550499591,0.00156406780974567,4.50365631891178,0.113463468544349
5,JZ,8,VIP-L,RT_Pronation_anti_L,0.0824430082266939,0.0539072552294143,0.136350263456108,0.00136407532978925,0.00146066445874816,4.50803803237906,0.113118669394004
5,JZ,9,SPOC-L,RT_Pronation_anti_L,0.0767961257630916,0.0557384855893196,0.132534611352411,0.00133774827230706,0.00143974919040599,4.50921019413317,0.112867992694767
5,JZ,10,S1-L,RT_Pronation_anti_L,0.0657495660011484,0.14571004745497,0.211459613456118,0.00157207634119852,0.00167472893975691,4.4978560482717,0.110362121875895
5,JZ,11,M1-L,RT_Pronation_anti_L,0.0370560888601752,0.142515880032709,0.179571968892884,0.00150690326155381,0.00160683586666286,4.50048031380719,0.111193155102481
5,JZ,12,SMA-L,RT_Pronation_anti_L,0.0490201398272586,0.0489868111018943,0.0980069509291528,0.00113109540459959,0.00121006928479728,4.52167252483352,0.114721950811995
5,JZ,13,PMd-L,RT_Pronation_anti_L,0.109744531636546,0.0768693751429575,0.186613906779503,0.00151830829059726,0.00162586632882527,4.49884377567986,0.110784727219852
5,JZ,14,PMv-L,RT_Pronation_anti_L,0.034913497463977,0.0892922943837962,0.124205791847773,0.00129691031972707,0.00138945294396973,4.5119714150384,0.114369272302893
5,JZ,15,FEF-L,RT_Pronation_anti_L,0.0816043001397396,0.0515832941850367,0.133187594324776,0.0012497237419055,0.00132808732130252,4.51562052226495,0.113577669649819
5,JZ,16,POJ-L,RT_Pronation_anti_L,0.0606801000870043,0.046884702267364,0.107564802354368,0.00118680996434734,0.00127421878049102,4.51787914883613,0.114417031557108
5,JZ,17,V1-R,RT_Pronation_anti_L,0.0689870444058002,0.047124966518735,0.116112010924535,0.00119776486994286,0.00128422365682443,4.51646931774915,0.113723665467093
5,JZ,18,V3-R,RT_Pronation_anti_L,0.0683227214575965,0.0385390645201439,0.10686178597774,0.00114169367718775,0.00121562850795047,4.52112091276392,0.113684093984045
5,JZ,19,STS-R,RT_Pronation_anti_L,0.0875022470572602,0.0525163788730251,0.140018625930285,0.00138206591730084,0.00147843104111804,4.50632379283828,0.111984595756365
5,JZ,20,IPL-R,RT_Pronation_anti_L,0.0373661238777582,0.0362828760365984,0.0736489999143566,0.000894083952689955,0.000959570050409566,4.53620731572002,0.115195475459848
5,JZ,21,SPL-R,RT_Pronation_anti_L,0.0600369128304206,0.103024469504302,0.163061382334723,0.00143700381569073,0.00154331641581224,4.50406358695502,0.110176655933505
5,JZ,22,AG-R,RT_Pronation_anti_L,0.092181086511543,0.0598153277142015,0.151996414225744,0.00151583287055882,0.00163371970972481,4.49999656432025,0.112649133388569
5,JZ,23,mIPS-R,RT_Pronation_anti_L,0.0737544821173712,0.101052417296976,0.174806899414347,0.00134785843003222,0.00144708671053251,4.50739387356734,0.107664195518805
5,JZ,24,VIP-R,RT_Pronation_anti_L,0.053455600806873,0.0390870402902906,0.0925426410971636,0.00102354235865188,0.0010997373904656,4.52776829758792,0.114631499018638
5,JZ,25,SPOC-R,RT_Pronation_anti_L,0.0998177431556574,0.079785035965727,0.179602779121384,0.00151602507699012,0.00162512714395507,4.50048309366603,0.108578335972355
5,JZ,26,S1-R,RT_Pronation_anti_L,0.0885110521375217,0.0696135659027109,0.158124618040233,0.00153951861683469,0.00165062774147402,4.49830142027465,0.111944391810193
5,JZ,27,M1-R,RT_Pronation_anti_L,0.0535074424927091,0.0743113573784469,0.127818799871156,0.00127909775924394,0.001374591029892,4.51116265434792,0.113010771631699
5,JZ,28,SMA-R,RT_Pronation_anti_L,0.0649039377210754,0.0410568129681871,0.105960750689263,0.0011694538951047,0.00125225726115532,4.5192194639245,0.114139736350904
5,JZ,29,PMd-R,RT_Pronation_anti_L,0.0548448031049628,0.080193681432428,0.135038484537391,0.00133710915472026,0.00142814740690244,4.50922270935485,0.113208745696075
5,JZ,30,PMv-R,RT_Pronation_anti_L,0.0600030605736315,0.0482356766398234,0.108238737213455,0.00121736032551098,0.0013063612158283,4.51590644907888,0.114675287033166
5,JZ,31,FEF-R,RT_Pronation_anti_L,0.0727718178933785,0.0777547620983692,0.150526579991748,0.00140423102380287,0.00150429569494698,4.50466623708352,0.11278429408792
5,JZ,32,POJ-R,RT_Pronation_anti_L,0.0743627638161786,0.071239706368491,0.14560247018467,0.00123816727603784,0.001329444519243,4.51472743990736,0.111589448409339
6,LT,1,V1-L,RT_Pronation_anti_L,0.05646923983432,0.0766191079264458,0.133088347760766,0.00134170966167628,0.00142919891520574,4.42450593942128,0.0888842514682359
6,LT,2,V3-L,RT_Pronation_anti_L,0.0712995645316858,0.0599891859048288,0.131288750436515,0.00132182883190182,0.00141407008245089,4.42508754280267,0.0895898486707272
6,LT,3,STS-L,RT_Pronation_anti_L,0.118545384245244,0.0741509316647494,0.192696315909994,0.00174979490959005,0.00186774446139412,4.4040329861586,0.0835473034921381
6,LT,4,IPL-L,RT_Pronation_anti_L,0.0744934968865333,0.0889513591228379,0.163444856009371,0.00137782097173515,0.00145980250340497,4.42573187753224,0.0886717773653841
6,LT,5,SPL-L,RT_Pronation_anti_L,0.0710863358057076,0.0400039051995438,0.111090241005251,0.00123003619828864,0.00131098235952983,4.43136895069753,0.0912071202663988
6,LT,6,AG-L,RT_Pronation_anti_L,0.0805499053156545,0.0582870256715352,0.13883693098719,0.00144065398140183,0.00153615996217668,4.42084880289522,0.0896347305453984
6,LT,7,mIPS-L,RT_Pronation_anti_L,0.0691252966461056,0.0454305678330128,0.114555864479118,0.0012759429871246,0.00136140850479807,4.42903665830076,0.0905051013553248
6,LT,8,VIP-L,RT_Pronation_anti_L,0.086044131053225,0.0960443042400466,0.182088435293272,0.00149803728464497,0.00159001807068704,4.41868065191539,0.0867565993484921
6,LT,9,SPOC-L,RT_Pronation_anti_L,0.0348005407367992,0.0378098384449697,0.0726103791817689,0.000925012899622605,0.000990720612436167,4.44887959718981,0.0922892101825307
6,LT,10,S1-L,RT_Pronation_anti_L,0.0635874696238432,0.0829151841531445,0.146502653776988,0.00136958661627527,0.00144910267025961,4.42517509736313,0.0870473112903465
6,LT,11,M1-L,RT_Pronation_anti_L,0.0537233460759375,0.0486645634254319,0.102387909501369,0.00113070386219408,0.00120287126331287,4.43747608420565,0.0903934897649131
6,LT,12,SMA-L,RT_Pronation_anti_L,0.0450689300613748,0.0613365507745455,0.10640548083592,0.00116862217059118,0.00124395365990528,4.43595429647386,0.0904578116560825
6,LT,13,PMd-L,RT_Pronation_anti_L,0.0686371519993836,0.030546404908501,0.0991835569078846,0.000995479111579321,0.00105671061471183,4.44704544180151,0.0904634176704112
6,LT,14,PMv-L,RT_Pronation_anti_L,0.0609847158053236,0.140054617965072,0.201039333770396,0.00166930763936486,0.00177171218811865,4.40869529453658,0.0866081218683862
6,LT,15,FEF-L,RT_Pronation_anti_L,0.0596746179113866,0.0544918733729108,0.114166491284297,0.00121444730479241,0.00129605587899176,4.43198218573827,0.0906479297209535
6,LT,16,POJ-L,RT_Pronation_anti_L,0.0332671332806874,0.0362997492600342,0.0695668825407216,0.0008977915299983,0.000957121780118463,4.45127233484183,0.0925377545015792
6,LT,17,V1-R,RT_Pronation_anti_L,0.0520817803439025,0.0671095903797808,0.119191370723683,0.00123662173000335,0.00131721667557188,4.43057612142205,0.0893802750694616
6,LT,18,V3-R,RT_Pronation_anti_L,0.0472988386612215,0.060513696160431,0.107812534821653,0.00120609658812128,0.00128678761833868,4.43240127559139,0.0907526653023674
6,LT,19,STS-R,RT_Pronation_anti_L,0.0470852826459586,0.0524810852377761,0.0995663678837347,0.00108315061304116,0.00115372454507292,4.43951837709441,0.0907455625769477
6,LT,20,IPL-R,RT_Pronation_anti_L,0.0605804913338939,0.0427485632499935,0.103329054583887,0.00111108937205297,0.00118318461003453,4.43779544063698,0.0907149699547823
6,LT,21,SPL-R,RT_Pronation_anti_L,0.046358719161548,0.0497255473801341,0.0960842665416822,0.00109368930920396,0.00117023114847295,4.43819907872947,0.0914993954443604
6,LT,22,AG-R,RT_Pronation_anti_L,0.0624859687152793,0.0306946732119757,0.0931806419272549,0.00105268624695573,0.00112199384782908,4.44116428483272,0.091467189789785
6,LT,23,mIPS-R,RT_Pronation_anti_L,0.0533705281425153,0.036611294621687,0.0899818227642023,0.00101795143132145,0.0010833621085318,4.44355080797704,0.0912321527297716
6,LT,24,VIP-R,RT_Pronation_anti_L,0.0442013076225026,0.0514910892854264,0.095692396907929,0.00102753470156131,0.00109468408147959,4.44250887720235,0.0908072869838778
6,LT,25,SPOC-R,RT_Pronation_anti_L,0.0520356433849811,0.0535952432163001,0.105630886601281,0.00121255413117711,0.00129318131893858,4.43160949799028,0.0910196050395485
6,LT,26,S1-R,RT_Pronation_anti_L,0.0558419333932387,0.0359544804696433,0.091796413862882,0.00102857508099907,0.00109349917755526,4.44187988986876,0.0915844436491694
6,LT,27,M1-R,RT_Pronation_anti_L,0.0551505681773827,0.0414784913613954,0.0966290595387781,0.00113512220778151,0.00121616874923532,4.43506386499713,0.0919186137622013
6,LT,28,SMA-R,RT_Pronation_anti_L,0.0515044254277918,0.0583177341314933,0.109822159559285,0.0012652298113476,0.00134766691499976,4.4297362907729,0.0909245573898231
6,LT,29,PMd-R,RT_Pronation_anti_L,0.039028152796859,0.060867993034328,0.0998961458311871,0.00107349155456846,0.00114635131916422,4.43937629349972,0.0908148561165552
6,LT,30,PMv-R,RT_Pronation_anti_L,0.0443389467451599,0.050920424246125,0.0952593709912849,0.00102787527382963,0.00109591368994556,4.4424689011509,0.0909608234060607
6,LT,31,FEF-R,RT_Pronation_anti_L,0.0384132196930141,0.0423079175662454,0.0807211372592595,0.000996201121508339,0.00106628806534467,4.44442282612433,0.0919804993105438
6,LT,32,POJ-R,RT_Pronation_anti_L,0.037752110017291,0.0684721826554071,0.106224292672698,0.00123871048227895,0.00132632685585225,4.42938350167946,0.0916082365925964
7,NvA,1,V1-L,RT_Pronation_anti_L,0.0805993609516055,0.0854511058049781,0.166050466756584,0.00170235206793734,0.00184111371384497,4.63986927863305,0.140503154078582
7,NvA,2,V3-L,RT_Pronation_anti_L,0.0740949231448052,0.062790546844466,0.136885469989271,0.00144328743025977,0.00155314328296844,4.65088347912635,0.141805221987618
7,NvA,3,STS-L,RT_Pronation_anti_L,0.0559612055974827,0.0794944040540185,0.135455609651501,0.00143330573081401,0.00155145567142088,4.64811379305758,0.141597802363645
7,NvA,4,IPL-L,RT_Pronation_anti_L,0.0772029860749754,0.0571480176463305,0.134351003721306,0.00153702783576428,0.00166063438766827,4.64501859916937,0.143321493124789
7,NvA,5,SPL-L,RT_Pronation_anti_L,0.0605468042545614,0.0777315238190929,0.138278328073654,0.00143914111383033,0.0015464015974142,4.64979990892587,0.141018015088848
7,NvA,6,AG-L,RT_Pronation_anti_L,0.0741776546228778,0.0815013663700623,0.15567902099294,0.00164846391570734,0.00178395517329292,4.63965325429727,0.140662150812584
7,NvA,7,mIPS-L,RT_Pronation_anti_L,0.0817594602470192,0.0685127087923997,0.150272169039419,0.00162093310157298,0.00175622820059373,4.64015223709339,0.141987969846486
7,NvA,8,VIP-L,RT_Pronation_anti_L,0.122444538255813,0.0644207103143065,0.18686524857012,0.00163018075717,0.00174955832226586,4.63821090481976,0.137314781198946
7,NvA,9,SPOC-L,RT_Pronation_anti_L,0.0920387332432806,0.104119273400814,0.196158006644095,0.00201486494539842,0.00218268465827463,4.62164383201232,0.13965944315708
7,NvA,10,S1-L,RT_Pronation_anti_L,0.0978330644431441,0.0614648250797047,0.159297889522849,0.0015642091820042,0.00168985125317895,4.64261804963897,0.141206300357589
7,NvA,11,M1-L,RT_Pronation_anti_L,0.0515223500727159,0.0689933679210006,0.120515717993716,0.00130118264274912,0.00140297428325823,4.65553720534435,0.143473253075143
7,NvA,12,SMA-L,RT_Pronation_anti_L,0.0440911405973374,0.0978305378106304,0.141921678407968,0.00149943531815909,0.00161634675427902,4.64422895034581,0.141839931072512
7,NvA,13,PMd-L,RT_Pronation_anti_L,0.056981740642851,0.0538559035984596,0.110837644241311,0.00126891267202489,0.00136577074774579,4.65782931701779,0.142926903135992
7,NvA,14,PMv-L,RT_Pronation_anti_L,0.0790418706101941,0.0344578502546377,0.113499720864832,0.0011191514494441,0.00120568527387223,4.66607053154709,0.142867637060086
7,NvA,15,FEF-L,RT_Pronation_anti_L,0.0550088192574747,0.0463639115150206,0.101372730772495,0.00131055139430199,0.00141951050370915,4.65627283309246,0.144550455606612
7,NvA,16,POJ-L,RT_Pronation_anti_L,0.0723353018722393,0.0953155129908928,0.167650814863132,0.00159625544935116,0.00171939087435252,4.64047144235997,0.140192373126477
7,NvA,17,V1-R,RT_Pronation_anti_L,0.0983792252298141,0.0734380748035221,0.171817300033336,0.0016405973933923,0.0017768813887649,4.64092143272958,0.139474727364677
7,NvA,18,V3-R,RT_Pronation_anti_L,0.128239412822069,0.114735287204903,0.242974700026972,0.00202448189615601,0.00217353765484378,4.62220231605832,0.133982552979294
7,NvA,19,STS-R,RT_Pronation_anti_L,0.0995043829626675,0.0653140663848959,0.164818449347563,0.00160707319250171,0.00175276863157127,4.64004942026785,0.138714310941475
7,NvA,20,IPL-R,RT_Pronation_anti_L,0.0769638933777075,0.120269352501625,0.197233245879332,0.00180346535211747,0.00195306249490469,4.63263698961896,0.138485031091075
7,NvA,21,SPL-R,RT_Pronation_anti_L,0.141521908114218,0.102340052601042,0.24386196071526,0.00170635647647816,0.00182712137372398,4.63759336052805,0.132386360740256
7,NvA,22,AG-R,RT_Pronation_anti_L,0.0939262943701246,0.140890208467181,0.234816502837306,0.00182719548738959,0.00196932769366368,4.63063485852282,0.134213872196954
7,NvA,23,mIPS-R,RT_Pronation_anti_L,0.100348888226388,0.0884313982831787,0.188780286509567,0.00175149584196651,0.00189253910445795,4.63424461157873,0.13979051017519
7,NvA,24,VIP-R,RT_Pronation_anti_L,0.0670652311950863,0.136593107118044,0.20365833831313,0.00183366859974037,0.00198826362237354,4.63324596761984,0.139638282961783
7,NvA,25,SPOC-R,RT_Pronation_anti_L,0.155634421338391,0.175423673011419,0.33105809434981,0.0024074239075219,0.00261414085305054,4.60469414150328,0.131701372326346
7,NvA,26,S1-R,RT_Pronation_anti_L,0.0837671071077151,0.0915367468002383,0.175303853907953,0.00167227055356107,0.00181095235774734,4.63939544401921,0.140208397320349
7,NvA,27,M1-R,RT_Pronation_anti_L,0.130188384957525,0.0541259759631336,0.184314360920659,0.00175187261525249,0.00189454401089255,4.63550949006485,0.141075079465697
7,NvA,28,SMA-R,RT_Pronation_anti_L,0.0400830209308752,0.086268135469403,0.126351156400278,0.00138641675023105,0.00148929580412619,4.65226084452266,0.143500293431026
7,NvA,29,PMd-R,RT_Pronation_anti_L,0.0455903050607718,0.0688830256795059,0.114473330740278,0.00128759975566073,0.00138942790830091,4.65750383439428,0.143625384410147
7,NvA,30,PMv-R,RT_Pronation_anti_L,0.0436699772418188,0.0616013780287663,0.105271355270585,0.00110590986865627,0.0011944547479176,4.66573578786184,0.141395045678336
7,NvA,31,FEF-R,RT_Pronation_anti_L,0.0750901315645509,0.0280646934480735,0.103154825012624,0.00116301650599253,0.00125990189026674,4.66298155689783,0.144620666310974
7,NvA,32,POJ-R,RT_Pronation_anti_L,0.118428807884926,0.126674604291282,0.245103412176208,0.00184464391311592,0.00199495136893185,4.63138008085865,0.133282181553921
8,RR,1,V1-L,RT_Pronation_anti_L,0.0919745102750898,0.13746007303336,0.22943458330845,0.00233589738736621,0.00251191490670417,4.93717833885343,0.186013008250363
8,RR,2,V3-L,RT_Pronation_anti_L,0.0886230868426113,0.182479623060817,0.271102709903428,0.00250660359332137,0.00267869590011871,4.9318960381426,0.182610462892108
8,RR,3,STS-L,RT_Pronation_anti_L,0.0984882076060885,0.0557445151851825,0.154232722791271,0.00182694610780063,0.0019645493236363,4.95821854605064,0.189106260881449
8,RR,4,IPL-L,RT_Pronation_anti_L,0.0846573339943598,0.0664483490420426,0.151105683036402,0.00181612043432765,0.00195806900211233,4.95753388672317,0.190553431990228
8,RR,5,SPL-L,RT_Pronation_anti_L,0.135248927195178,0.0943056734974591,0.229554600692637,0.00231865173082285,0.00249729100043739,4.93784381749021,0.186509590366475
8,RR,6,AG-L,RT_Pronation_anti_L,0.138430246048821,0.116982271378848,0.255412517427669,0.00246701669393043,0.00266908144463613,4.93029384909754,0.184810043265725
8,RR,7,mIPS-L,RT_Pronation_anti_L,0.0911178006080364,0.0849642411709374,0.176082041778974,0.00205509641933644,0.00221289777193956,4.94916207829098,0.18984914734412
8,RR,8,VIP-L,RT_Pronation_anti_L,0.112276961958905,0.0572271690340613,0.169504130992967,0.00173673339134644,0.00186434907526228,4.96068906916241,0.188141828907502
8,RR,9,SPOC-L,RT_Pronation_anti_L,0.149944347482152,0.0539745346106446,0.203918882092796,0.00216466904839648,0.0023277371812381,4.9445443834764,0.189519568231668
8,RR,10,S1-L,RT_Pronation_anti_L,0.111609959100806,0.107705673503174,0.21931563260398,0.0023852616042568,0.00256050632348376,4.93638669454981,0.188068430671878
8,RR,11,M1-L,RT_Pronation_anti_L,0.0891399066152092,0.0672251753268367,0.156365081942046,0.00170775860913737,0.00183544364583406,4.96245683934507,0.190359758223681
8,RR,12,SMA-L,RT_Pronation_anti_L,0.0694059199611212,0.0999465355028197,0.169352455463941,0.00189774625028925,0.00202836137301205,4.95457389204496,0.189922184579896
8,RR,13,PMd-L,RT_Pronation_anti_L,0.0778414261295428,0.159005047593813,0.236846473723356,0.00225856031265605,0.00243325302451106,4.93883161990517,0.187281635534486
8,RR,14,PMv-L,RT_Pronation_anti_L,0.117830452519827,0.123504256385119,0.241334708904945,0.00233726385676024,0.00251399024498464,4.93519276051654,0.18437724397885
8,RR,15,FEF-L,RT_Pronation_anti_L,0.101333716742872,0.0905958952746928,0.191929612017565,0.00218742019993286,0.00236031279662778,4.94365549634721,0.189975766141339
8,RR,16,POJ-L,RT_Pronation_anti_L,0.108704448551103,0.14770923076385,0.256413679314952,0.0023435317480834,0.00252834579923704,4.9354161427456,0.184888042767554
8,RR,17,V1-R,RT_Pronation_anti_L,0.10775016868932,0.117670370538348,0.225420539227667,0.00237903130196757,0.00255921423595037,4.93673173443129,0.184637152210065
8,RR,18,V3-R,RT_Pronation_anti_L,0.0888808176711938,0.08885949089193,0.177740308563124,0.00193136861573609,0.00207232564212718,4.95449517070782,0.188925606612291
8,RR,19,STS-R,RT_Pronation_anti_L,0.0740243263325883,0.127611133012471,0.20163545934506,0.00216750764658964,0.00233029606530898,4.94400242942389,0.188092693599964
8,RR,20,IPL-R,RT_Pronation_anti_L,0.131210645294969,0.115567914259131,0.2467785595541,0.00251543833152767,0.00269546440730437,4.93361832741043,0.185060416611739
8,RR,21,SPL-R,RT_Pronation_anti_L,0.159298787813591,0.145704097527277,0.305002885340868,0.00279443095015125,0.00299380415893604,4.92287275648492,0.181236034762792
8,RR,22,AG-R,RT_Pronation_anti_L,0.134076981102363,0.0984837585471743,0.232560739649538,0.00223116900468721,0.00238954093037772,4.94279489532905,0.186732875267154
8,RR,23,mIPS-R,RT_Pronation_anti_L,0.104455565295753,0.136932910491845,0.241388475787598,0.00247938781566929,0.00266196390173577,4.93453457561995,0.186976776830101
8,RR,24,VIP-R,RT_Pronation_anti_L,0.187412782319873,0.12783909978599,0.315251882105863,0.00283724346256398,0.00304518522758327,4.92011642238932,0.178295041365392
8,RR,25,SPOC-R,RT_Pronation_anti_L,0.152323729981056,0.116050151774787,0.268373881755844,0.00279180023215325,0.00300266021951698,4.92227280866579,0.185982113904597
8,RR,26,S1-R,RT_Pronation_anti_L,0.129403028353609,0.227056861769388,0.356459890122998,0.00326208695708055,0.00350483972036618,4.90752823482232,0.179438979485272
8,RR,27,M1-R,RT_Pronation_anti_L,0.144829263853356,0.092896340555922,0.237725604409278,0.0023737625987937,0.00255488893167842,4.93654819825119,0.186619849625493
8,RR,28,SMA-R,RT_Pronation_anti_L,0.073250571230686,0.130937484628373,0.204188055859058,0.00226288037118366,0.00243014406711656,4.94161836337736,0.188163088095026
8,RR,29,PMd-R,RT_Pronation_anti_L,0.0822382717178592,0.140200179145199,0.222438450863058,0.00247871512603867,0.0026675349321482,4.93322201179546,0.189294762476239
8,RR,30,PMv-R,RT_Pronation_anti_L,0.158247988863014,0.0934384426348717,0.251686431497886,0.00242869156980262,0.00260247249536376,4.93406982608671,0.185459698902386
8,RR,31,FEF-R,RT_Pronation_anti_L,0.120432693285212,0.0931718518227721,0.213604545107984,0.00218074980058266,0.00233989199671991,4.94411061757334,0.18663162661651
8,RR,32,POJ-R,RT_Pronation_anti_L,0.130107287382642,0.146871809069673,0.276979096452315,0.00255112056959387,0.0027287082796028,4.93080983546501,0.180671526222784
9,SJB,1,V1-L,RT_Pronation_anti_L,0.0718009630173819,0.0767867418256887,0.148587704843071,0.00145960414059341,0.00157486393828794,4.60655867920324,0.135039726992604
9,SJB,2,V3-L,RT_Pronation_anti_L,0.079728626521811,0.110906610882367,0.190635237404178,0.00163907243571026,0.00176394741770793,4.59660948300358,0.129348873304774
9,SJB,3,STS-L,RT_Pronation_anti_L,0.0535073505606048,0.065285923745156,0.118793274305761,0.00120943520252914,0.00131109769504893,4.61943254378805,0.135023382963409
9,SJB,4,IPL-L,RT_Pronation_anti_L,0.0434091949804711,0.0914057628594395,0.134814957839911,0.00130530478014443,0.00141678607054091,4.61347070772076,0.135810327425481
9,SJB,5,SPL-L,RT_Pronation_anti_L,0.0574853057975589,0.0847585674670521,0.142243873264611,0.00152214654541996,0.00165598739710198,4.60348795731113,0.135443083931487
9,SJB,6,AG-L,RT_Pronation_anti_L,0.0338343865445723,0.121030511690693,0.154864898235265,0.00135735846651028,0.00147319841387042,4.61067863229802,0.13590787746457
9,SJB,7,mIPS-L,RT_Pronation_anti_L,0.0904966432818101,0.073170070153536,0.163666713435346,0.00168427699173705,0.00182910469785607,4.5952889754314,0.133552513711767
9,SJB,8,VIP-L,RT_Pronation_anti_L,0.0919970050220091,0.0580313526067976,0.150028357628807,0.00140049545544154,0.00151643070937507,4.60897875444856,0.134973482829721
9,SJB,9,SPOC-L,RT_Pronation_anti_L,0.0776025075899711,0.0851615996198942,0.162764107209865,0.00156819977676049,0.00168444437848007,4.60258105614292,0.134155923026153
9,SJB,10,S1-L,RT_Pronation_anti_L,0.10042949877066,0.0558563469569312,0.156285845727591,0.00137244044768893,0.00148291894799779,4.61004591131205,0.134978411082836
9,SJB,11,M1-L,RT_Pronation_anti_L,0.062927738907759,0.0841674016899702,0.147095140597729,0.00155220579960723,0.00169080490392205,4.60057060343283,0.135951576301133
9,SJB,12,SMA-L,RT_Pronation_anti_L,0.0659662467687333,0.060175377054224,0.126141623822957,0.00132258923559225,0.00143759620280709,4.61361217426853,0.136081219985678
9,SJB,13,PMd-L,RT_Pronation_anti_L,0.0728444519260745,0.0706847233632607,0.143529175289335,0.0014431360469322,0.00156221412493604,4.60620080285157,0.136236772996444
9,SJB,14,PMv-L,RT_Pronation_anti_L,0.0513134018651557,0.029336438868191,0.0806498407333467,0.000997191753437118,0.0010793511407559,4.6319124688441,0.138094950111804
9,SJB,15,FEF-L,RT_Pronation_anti_L,0.0409093410189615,0.0577094404731864,0.0986187814921479,0.00128464056817766,0.00139732317817196,4.61480983395563,0.138157768473526
9,SJB,16,POJ-L,RT_Pronation_anti_L,0.0911574552534443,0.0952524949471773,0.186409950200622,0.00184112847987607,0.00199640831422391,4.58740447984857,0.133827675787231
9,SJB,17,V1-R,RT_Pronation_anti_L,0.0614898232334211,0.0752403299018857,0.136730153135307,0.00149942560303765,0.00162627943118588,4.60478178050125,0.136055408591484
9,SJB,18,V3-R,RT_Pronation_anti_L,0.110439067650282,0.0812594825237138,0.191698550173996,0.00186558687732049,0.00201951914166214,4.58795039113568,0.131626181444757
9,SJB,19,STS-R,RT_Pronation_anti_L,0.0442927991125724,0.0741753446609209,0.118468143773493,0.00145908205128542,0.00158326963313996,4.6079912167094,0.137149415595446
9,SJB,20,IPL-R,RT_Pronation_anti_L,0.150413455743325,0.0566309886024636,0.207044444345788,0.00157802430042181,0.00170313532114221,4.59755433631919,0.12778160394249
9,SJB,21,SPL-R,RT_Pronation_anti_L,0.0767318243094058,0.118260375649607,0.194992199959013,0.00174870245272347,0.00189179794724237,4.59301104060604,0.13228397635509
9,SJB,22,AG-R,RT_Pronation_anti_L,0.109299831961089,0.0701320049813979,0.179431836942487,0.00161257434972448,0.00174246650912578,4.59992867406768,0.133557334191345
9,SJB,23,mIPS-R,RT_Pronation_anti_L,0.118083561977403,0.0866764152331729,0.204759977210576,0.00196930372272432,0.00214112611976684,4.5830511951814,0.131386991805633
9,SJB,24,VIP-R,RT_Pronation_anti_L,0.0951154366347542,0.109165509184462,0.204280945819216,0.00171875355317589,0.00185946114538642,4.59564199424937,0.131811207291843
9,SJB,25,SPOC-R,RT_Pronation_anti_L,0.0748949611397514,0.118917421330819,0.19381238247057,0.00171045211763694,0.00183948087436332,4.59657650113519,0.13168985932627
9,SJB,26,S1-R,RT_Pronation_anti_L,0.154933239544512,0.0934699102078995,0.248403149752412,0.00163937077340006,0.00176184927095599,4.59579368464016,0.126471683534658
9,SJB,27,M1-R,RT_Pronation_anti_L,0.105700679632591,0.121424936390607,0.227125616023197,0.00174266350195057,0.00188810882780586,4.59200031546245,0.128454078310421
9,SJB,28,SMA-R,RT_Pronation_anti_L,0.0715365067258651,0.0609306991270909,0.132467205852956,0.00148424549831058,0.00161430625470081,4.60446711288237,0.136701893398587
9,SJB,29,PMd-R,RT_Pronation_anti_L,0.0563171671089565,0.0668206867758945,0.123137853884851,0.00115674333848809,0.00125155327869419,4.62214302939598,0.135674690477029
9,SJB,30,PMv-R,RT_Pronation_anti_L,0.0664662259555047,0.0597225460164087,0.126188771971913,0.00125456213589758,0.00136745592264019,4.6168864418919,0.134072586997793
9,SJB,31,FEF-R,RT_Pronation_anti_L,0.0851605328357132,0.0357759762788158,0.120936509114529,0.00111155898323048,0.00120357759707162,4.62415493251778,0.133678224192151
9,SJB,32,POJ-R,RT_Pronation_anti_L,0.0813053800748648,0.0992686203982658,0.180574000473131,0.00183213363793796,0.00199524456532571,4.59063630592507,0.134138786154217
10,BG,1,V1-L,RT_Pronation_anti_L,0.0317881664512097,0.0409182478536496,0.0727064143048592,0.00088593265207054,0.000957442155582951,4.42780936155784,0.105111110282435
10,BG,2,V3-L,RT_Pronation_anti_L,0.0380987599795802,0.030279889746215,0.0683786497257952,0.000870834458549188,0.000939258934791437,4.42928802917302,0.105320150683544
10,BG,3,STS-L,RT_Pronation_anti_L,0.0641332519489391,0.0953339647779192,0.159467216726858,0.00136302426243966,0.00145685102236359,4.39751528976355,0.0990205159153147
10,BG,4,IPL-L,RT_Pronation_anti_L,0.0243683391109927,0.06186196655219,0.0862303056631827,0.000952571090881218,0.00102720079433876,4.42324908589084,0.104332961122974
10,BG,5,SPL-L,RT_Pronation_anti_L,0.0527774123619353,0.0480902163525571,0.100867628714492,0.00112129128195015,0.00121033627736365,4.41295094309225,0.104575145541656
10,BG,6,AG-L,RT_Pronation_anti_L,0.0567272841226423,0.0551547515385089,0.111882035661151,0.0012296123981121,0.00132483783156513,4.40632615624918,0.10375659927768
10,BG,7,mIPS-L,RT_Pronation_anti_L,0.0451590751746928,0.0619897784484512,0.107148853623144,0.00114579021430249,0.00123409958086624,4.41121248694159,0.103681989378473
10,BG,8,VIP-L,RT_Pronation_anti_L,0.0327959159240681,0.0481142538106552,0.0809101697347233,0.000941891290941102,0.00101681644617795,4.42399160146793,0.104570321426658
10,BG,9,SPOC-L,RT_Pronation_anti_L,0.0569388581174531,0.0776241186977495,0.134562976815203,0.00132764622654893,0.00143571093339366,4.40020379414765,0.101721247570963
10,BG,10,S1-L,RT_Pronation_anti_L,0.0976855806751806,0.0383755951866775,0.136061175861858,0.00127658020118437,0.00138506846876605,4.40290730344564,0.103377538828833
10,BG,11,M1-L,RT_Pronation_anti_L,0.0690868077226027,0.0586869498932317,0.127773757615834,0.00124246935565061,0.00134376974187316,4.40571365555107,0.103287361508695
10,BG,12,SMA-L,RT_Pronation_anti_L,0.0554925555252336,0.0649996528372334,0.120492208362467,0.00121949206571423,0.00131775734607578,4.40769601614361,0.102604955951644
10,BG,13,PMd-L,RT_Pronation_anti_L,0.0245165101734876,0.0758001015501977,0.100316611723685,0.000807512004169963,0.00086738734468069,4.43268058111612,0.103802569399902
10,BG,14,PMv-L,RT_Pronation_anti_L,0.0444054251601455,0.0250084991379497,0.0694139242980952,0.000794783529100858,0.000851847871352288,4.43589205976196,0.105428981173275
10,BG,15,FEF-L,RT_Pronation_anti_L,0.0390532972038333,0.0481293499926311,0.0871826471964645,0.000949346818935303,0.00102823155234712,4.42252492601354,0.105036948610583
10,BG,16,POJ-L,RT_Pronation_anti_L,0.0505689204254861,0.0425545391383989,0.093123459563885,0.00105937909246769,0.00114359252395892,4.41594285308574,0.103787999742645
10,BG,17,V1-R,RT_Pronation_anti_L,0.0519793625455278,0.0408393546762971,0.0928187172218248,0.00102252872949899,0.00110618637887611,4.41861236375105,0.104247988871044
10,BG,18,V3-R,RT_Pronation_anti_L,0.0792989108422432,0.0450772836291925,0.124376194471436,0.00123318119627398,0.00133404095680905,4.40620316325725,0.102130782474913
10,BG,19,STS-R,RT_Pronation_anti_L,0.0626973008249295,0.0574187262914794,0.120116027116409,0.00121409736819826,0.00131132248612277,4.40727107229738,0.102822025208087
10,BG,20,IPL-R,RT_Pronation_anti_L,0.064394412090596,0.0860441063930722,0.150438518483668,0.00130273005578003,0.00140468328525931,4.40449383605408,0.100542136602207
10,BG,21,SPL-R,RT_Pronation_anti_L,0.0795098146373988,0.053334318840231,0.13284413347763,0.00118412743909033,0.00127405414160576,4.41048238026526,0.100890932335636
10,BG,22,AG-R,RT_Pronation_anti_L,0.0782532900226481,0.0404908585199772,0.118744148542625,0.00110085932370672,0.001188013005718,4.41542924867894,0.102087170171398
10,BG,23,mIPS-R,RT_Pronation_anti_L,0.0872221419983749,0.0412923555078732,0.128514497506248,0.00106600872482093,0.00115151005139506,4.41717194640593,0.10193968226775
10,BG,24,VIP-R,RT_Pronation_anti_L,0.0535770477316529,0.0946166625065441,0.148193710238197,0.00140133375522248,0.00151205425020647,4.39875336384665,0.102251425220678
10,BG,25,SPOC-R,RT_Pronation_anti_L,0.0947921735193275,0.0970346826464283,0.191826856165756,0.00150418843344464,0.00162094379362037,4.38969893766488,0.098754714728436
10,BG,26,S1-R,RT_Pronation_anti_L,0.0668305490034834,0.0819381497036945,0.148768698707178,0.00143234287502748,0.00155116203549019,4.39709056797083,0.101178083736363
10,BG,27,M1-R,RT_Pronation_anti_L,0.114419866242963,0.105565488208788,0.219985354451751,0.00147951514502799,0.00159063744440646,4.39177843495307,0.0956187494059619
10,BG,28,SMA-R,RT_Pronation_anti_L,0.0451165707141479,0.05767595338136,0.102792524095508,0.00114010460549925,0.00123749860383486,4.41192655042572,0.104419288063743
10,BG,29,PMd-R,RT_Pronation_anti_L,0.0412118295520338,0.118148784809808,0.159360614361842,0.00119315264847293,0.00129307273172754,4.40895065374706,0.101261422479929
10,BG,30,PMv-R,RT_Pronation_anti_L,0.0677910922363879,0.0683939235883695,0.136185015824757,0.00120011370936627,0.00128819351239158,4.40819600854485,0.101847626544441
10,BG,31,FEF-R,RT_Pronation_anti_L,0.0933308547997386,0.0364556365082996,0.129786491308038,0.00112294442321168,0.00121684068730146,4.41342818946184,0.102146723976546
10,BG,32,POJ-R,RT_Pronation_anti_L,0.0914518582692547,0.0582250743825599,0.149676932651815,0.00121414873679102,0.00131460413499165,4.40806112188816,0.100815846987992
1,DOC,1,V1-L,RT_Pronation_anti_R,0.106826356181604,0.0487291565451141,0.155555512726718,0.0013839901028639,0.00149660265484791,4.32923226125672,0.0860968706327071
1,DOC,2,V3-L,RT_Pronation_anti_R,0.0736926765299997,0.0641169234998449,0.137809600029845,0.00114949837116322,0.00123922063736385,4.34465857572357,0.0865345838861791
1,DOC,3,STS-L,RT_Pronation_anti_R,0.0329744064541257,0.0384918026085886,0.0714662090627144,0.000816730862763327,0.000888120766543527,4.36476583325101,0.0901330695670837
1,DOC,4,IPL-L,RT_Pronation_anti_R,0.0345195828433706,0.0770652528032885,0.111584835646659,0.000972961966011877,0.00104917542265548,4.35560317701934,0.0889223188838973
1,DOC,5,SPL-L,RT_Pronation_anti_R,0.045630594435381,0.0613302663871503,0.106960860822531,0.00112789708410136,0.00122455644810632,4.34517239911043,0.0897304401352024
1,DOC,6,AG-L,RT_Pronation_anti_R,0.0647291090071452,0.0630954680779399,0.127824577085085,0.00131265359026937,0.00142228263495156,4.33382726969407,0.0880388725800013
1,DOC,7,mIPS-L,RT_Pronation_anti_R,0.0791112351912392,0.0369488980830036,0.116060133274243,0.00117511017705682,0.00127543400193273,4.34215059750769,0.0889241577628278
1,DOC,8,VIP-L,RT_Pronation_anti_R,0.0748533803730122,0.0562367300683325,0.131090110441345,0.00112054558697202,0.00120651794920089,4.34522747866586,0.0880274928952081
1,DOC,9,SPOC-L,RT_Pronation_anti_R,0.0624684994459046,0.0308522217495851,0.0933207211954896,0.000931173245549861,0.00100758888545593,4.3586764290896,0.0893486475011374
1,DOC,10,S1-L,RT_Pronation_anti_R,0.0696493402437442,0.0706606376158352,0.140309977859579,0.00116334411276404,0.00126317051278599,4.34028732974373,0.0864224282646699
1,DOC,11,M1-L,RT_Pronation_anti_R,0.0480962750316349,0.0667448563078187,0.114841131339454,0.00113690671855344,0.00123894875624528,4.34249375401007,0.0885981803128097
1,DOC,12,SMA-L,RT_Pronation_anti_R,0.065628126252506,0.0575382257851605,0.123166352037666,0.00117828980452342,0.00127578952341046,4.34150585149652,0.0883049049878928
1,DOC,13,PMd-L,RT_Pronation_anti_R,0.0385752316934049,0.0383967053707131,0.076971937064118,0.000869546047685263,0.000944902139984175,4.36134008015365,0.0908423109498579
1,DOC,14,PMv-L,RT_Pronation_anti_R,0.0377300927894883,0.0472535737503822,0.0849836665398705,0.000895618714422534,0.000971248512791636,4.35959313128945,0.0900448573572587
1,DOC,15,FEF-L,RT_Pronation_anti_R,0.044492568435849,0.0357696846881309,0.0802622531239799,0.000856435008367136,0.000928569824445343,4.36134221644573,0.0899769470266029
1,DOC,16,POJ-L,RT_Pronation_anti_R,0.032090203391299,0.0684996303930112,0.10058983378431,0.00110905456657328,0.0012032798991028,4.34581654319192,0.0900365703540819
1,DOC,17,V1-R,RT_Pronation_anti_R,0.0637065317900787,0.0646079286794241,0.128314460469503,0.00119475477125314,0.00129617305597667,4.34047147873598,0.0884858248126157
1,DOC,18,V3-R,RT_Pronation_anti_R,0.0823915087269406,0.049864859835247,0.132256368562188,0.00113277435816395,0.00122973371100761,4.34320676324745,0.087344102313968
1,DOC,19,STS-R,RT_Pronation_anti_R,0.0681832835776701,0.0297664252200453,0.0979497087977154,0.000984244117741399,0.00107191497235508,4.35315665366921,0.089047134243645
1,DOC,20,IPL-R,RT_Pronation_anti_R,0.0527230236733283,0.060190499139105,0.112913522812433,0.00105071566588377,0.00114393529910197,4.34925599806647,0.0884802731300949
1,DOC,21,SPL-R,RT_Pronation_anti_R,0.0708257525369895,0.0877852540306243,0.158611006567614,0.00129776106398279,0.00140553372537871,4.33483088147347,0.0865405122893388
1,DOC,22,AG-R,RT_Pronation_anti_R,0.0603657575607677,0.0259260451606379,0.0862918027214056,0.000931612567772222,0.00101061819196093,4.35768929601304,0.090233857122768
1,DOC,23,mIPS-R,RT_Pronation_anti_R,0.0715338132922502,0.0395721242706071,0.111105937562857,0.00107170195362409,0.0011596632025004,4.34900805801597,0.0890748298861479
1,DOC,24,VIP-R,RT_Pronation_anti_R,0.0383250578503734,0.0985446282652946,0.136869686115668,0.00115779464835821,0.00126137754634391,4.34337846205254,0.0884276964698355
1,DOC,25,SPOC-R,RT_Pronation_anti_R,0.0463427173546178,0.0574141617660986,0.103756879120716,0.0010494402959377,0.00113484410264247,4.35081625597059,0.0891993671845694
1,DOC,26,S1-R,RT_Pronation_anti_R,0.0566811225972965,0.0420295305207925,0.098710653118089,0.00096676267507995,0.00104700087627511,4.35530748230246,0.0894474015970427
1,DOC,27,M1-R,RT_Pronation_anti_R,0.0603092833109272,0.0484015983787909,0.108710881689718,0.000974378979854361,0.00105948835380101,4.35460075619341,0.0892303607911402
1,DOC,28,SMA-R,RT_Pronation_anti_R,0.0262321362529077,0.0605914218056151,0.0868235580585228,0.000899952847648653,0.000976808410939346,4.35930021247592,0.0905383809979421
1,DOC,29,PMd-R,RT_Pronation_anti_R,0.0248693421505782,0.085746048691828,0.110615390842406,0.000941627219694066,0.00102224103896905,4.35609347722869,0.0891656372754481
1,DOC,30,PMv-R,RT_Pronation_anti_R,0.0203793278932989,0.0597028667384845,0.0800821946317834,0.000839201777231221,0.000911007740304919,4.36366853173157,0.0900126737009185
1,DOC,31,FEF-R,RT_Pronation_anti_R,0.064873643291287,0.0434857224853375,0.108359365776625,0.00103860359747475,0.00113283748070397,4.34852961037454,0.0892819551970776
1,DOC,32,POJ-R,RT_Pronation_anti_R,0.0491024718036502,0.0525533032408382,0.101655775044488,0.00101905319301337,0.00110092396366593,4.35270616791521,0.089170124269417
2,GB,1,V1-L,RT_Pronation_anti_R,0.0585954263583563,0.0803583398668158,0.138953766225172,0.00133895645548283,0.00145930645830616,4.70313137923992,0.157226618678854
2,GB,2,V3-L,RT_Pronation_anti_R,0.0983798859535809,0.117223190822344,0.215603076775925,0.001890940055767,0.00205734190913086,4.67609888773159,0.153222002212868
2,GB,3,STS-L,RT_Pronation_anti_R,0.0813848993690982,0.0525222699284611,0.133907169297559,0.0014650730027735,0.00158823911326483,4.6966963983406,0.157528659062962
2,GB,4,IPL-L,RT_Pronation_anti_R,0.129533091251712,0.0889142564397235,0.218447347691435,0.0019193159424014,0.00208053339302009,4.6755512376864,0.153249426567578
2,GB,5,SPL-L,RT_Pronation_anti_R,0.165358784802658,0.0773610127263665,0.242719797529024,0.00214397768567427,0.00233053376182235,4.66581160475342,0.154072198482981
2,GB,6,AG-L,RT_Pronation_anti_R,0.0705752658216092,0.102171789850598,0.172747055672207,0.00172944878336409,0.00187685725975174,4.68602262389407,0.155360592286184
2,GB,7,mIPS-L,RT_Pronation_anti_R,0.122414545006725,0.0780146851092703,0.200429230115996,0.00193617078534511,0.00210235122480339,4.6765127006564,0.15459682290263
2,GB,8,VIP-L,RT_Pronation_anti_R,0.0982179410309713,0.189679895836414,0.287897836867386,0.00226260653458198,0.0024508564440099,4.66175685442492,0.14936312813939
2,GB,9,SPOC-L,RT_Pronation_anti_R,0.15296144896231,0.121547445689592,0.274508894651902,0.00214416005984279,0.00231134824666909,4.66591124197624,0.150503807442114
2,GB,10,S1-L,RT_Pronation_anti_R,0.094871629694974,0.104053378450146,0.19892500814512,0.0018440413339475,0.00199334978665493,4.68017672739714,0.155202481568627
2,GB,11,M1-L,RT_Pronation_anti_R,0.0356246639672776,0.156597285223101,0.192221949190379,0.00177853311581549,0.00192995657627666,4.68330537021526,0.156986769348637
2,GB,12,SMA-L,RT_Pronation_anti_R,0.0762315136055554,0.0828909012405683,0.159122414846124,0.00164462310546498,0.00178469192842953,4.68802013545206,0.157112477655368
2,GB,13,PMd-L,RT_Pronation_anti_R,0.0850103035617941,0.153089026081043,0.238099329642837,0.00200289076633822,0.00217335407456522,4.67152380628591,0.150866657259709
2,GB,14,PMv-L,RT_Pronation_anti_R,0.0462586238198859,0.0881924835711453,0.134451107391031,0.00136754559468456,0.00147970963147794,4.70155055738482,0.157451018090286
2,GB,15,FEF-L,RT_Pronation_anti_R,0.106763861654835,0.0893149080375504,0.196078769692385,0.00161784865527512,0.00174786860269102,4.68892713852791,0.152162367938452
2,GB,16,POJ-L,RT_Pronation_anti_R,0.102991986203414,0.117770793814808,0.220762780018222,0.00196600638692698,0.00213532034229075,4.67510201264533,0.154558060362998
2,GB,17,V1-R,RT_Pronation_anti_R,0.0729935147435904,0.038640444855358,0.111633959598948,0.00107167036364617,0.00115558096221283,4.71934027897081,0.158614798418832
2,GB,18,V3-R,RT_Pronation_anti_R,0.103354931392091,0.0763237982244209,0.179678729616512,0.00182724500907061,0.00198521113082754,4.67987771269247,0.15640043170985
2,GB,19,STS-R,RT_Pronation_anti_R,0.112453410220212,0.0615251617194226,0.173978571939635,0.00175555890769848,0.00192360413527854,4.68047902170021,0.156653553249566
2,GB,20,IPL-R,RT_Pronation_anti_R,0.0978499318864308,0.0812931882433361,0.179143120129767,0.00184976999862331,0.00201285820988801,4.67707737461802,0.156033143344685
2,GB,21,SPL-R,RT_Pronation_anti_R,0.0875139460031233,0.0618596410678163,0.14937358707094,0.00155253689241108,0.00168719131132139,4.69145260526761,0.156895015661207
2,GB,22,AG-R,RT_Pronation_anti_R,0.0981599862651926,0.129308587642639,0.227468573907832,0.00200686405382732,0.00217984806810141,4.66933297667157,0.149574526681069
2,GB,23,mIPS-R,RT_Pronation_anti_R,0.0783321893168562,0.0627278204484761,0.141060009765332,0.00157771010997168,0.00171389109946479,4.69189880522063,0.158192360868601
2,GB,24,VIP-R,RT_Pronation_anti_R,0.0646572462887666,0.0666794735716241,0.131336719860391,0.00134345071711429,0.00146360394448942,4.70160767256038,0.157893662285129
2,GB,25,SPOC-R,RT_Pronation_anti_R,0.0853840002652465,0.125032647501244,0.210416647766491,0.00187626586987865,0.00202735064554279,4.67831456825106,0.153485861056252
2,GB,26,S1-R,RT_Pronation_anti_R,0.0824839623135972,0.0511701339682187,0.133654096281816,0.00149652899073276,0.0016261206333206,4.69527233249375,0.158471616316834
2,GB,27,M1-R,RT_Pronation_anti_R,0.0997233320723973,0.0746590212401319,0.174382353312529,0.00149506447767866,0.00161273350805073,4.69392518063778,0.151776749607089
2,GB,28,SMA-R,RT_Pronation_anti_R,0.0843061623551284,0.101749032916543,0.186055195271671,0.00175672276489185,0.00190580633651827,4.68287195029059,0.153967791564761
2,GB,29,PMd-R,RT_Pronation_anti_R,0.130285931725196,0.0871088118210304,0.217394743546226,0.00183514406573702,0.00199782645339163,4.67767935144467,0.152371393590044
2,GB,30,PMv-R,RT_Pronation_anti_R,0.0498951156091233,0.0634782100436413,0.113373325652765,0.00110400034843544,0.00118997750029941,4.71558390169998,0.158180088656524
2,GB,31,FEF-R,RT_Pronation_anti_R,0.0430282434760724,0.0848603736872641,0.127888617163336,0.00131224606966777,0.00142796810331309,4.70308424031641,0.157410811932937
2,GB,32,POJ-R,RT_Pronation_anti_R,0.100839117517436,0.0503168828761011,0.151156000393537,0.00146077998075356,0.00159115180918086,4.6958501158179,0.155938929697558
3,JDC,1,V1-L,RT_Pronation_anti_R,0.0924946436753338,0.108476295047828,0.200970938723162,0.0017700999984441,0.00190732712724932,4.67247169739945,0.143189975780638
3,JDC,2,V3-L,RT_Pronation_anti_R,0.0677665948033004,0.101584108377867,0.169350703181167,0.00164029157490554,0.00177333625512127,4.67917980628004,0.146652424869145
3,JDC,3,STS-L,RT_Pronation_anti_R,0.0827077745466565,0.0705880327668088,0.153295807313465,0.00155379414237522,0.00168582745879143,4.67877460543587,0.146065265351827
3,JDC,4,IPL-L,RT_Pronation_anti_R,0.0679685713183228,0.06959217002506,0.137560741343383,0.00141598295301569,0.00152747821963887,4.68750498038472,0.148816658789148
3,JDC,5,SPL-L,RT_Pronation_anti_R,0.0741781653292149,0.0693067603323628,0.143484925661578,0.00159023603858818,0.0017221590081793,4.67944091300958,0.148278993160103
3,JDC,6,AG-L,RT_Pronation_anti_R,0.0919967018299729,0.0796066002013418,0.171603302031315,0.00173991786344581,0.00188383551896467,4.67167589447265,0.146355828763967
3,JDC,7,mIPS-L,RT_Pronation_anti_R,0.077608466285256,0.0720209591539723,0.149629425439228,0.0016131411457419,0.00174183665145486,4.6797836444573,0.148237672404963
3,JDC,8,VIP-L,RT_Pronation_anti_R,0.0735872957566607,0.0695413154579796,0.14312861121464,0.00156571626784188,0.00168740186372872,4.6815181710376,0.148679824922033
3,JDC,9,SPOC-L,RT_Pronation_anti_R,0.105699790310556,0.16410573152979,0.269805521840346,0.00215622415802824,0.00232297770919198,4.65530968424103,0.141433970611996
3,JDC,10,S1-L,RT_Pronation_anti_R,0.0949494795645629,0.0500967107802148,0.145046190344778,0.00134838287548771,0.00145177847474961,4.68907969127517,0.148846001558069
3,JDC,11,M1-L,RT_Pronation_anti_R,0.0615574885217916,0.0640080937668403,0.125565582288632,0.0012266047817138,0.00132324818467758,4.69616070784609,0.149796025609065
3,JDC,12,SMA-L,RT_Pronation_anti_R,0.0690282002400937,0.0618421510707782,0.130870351310872,0.0014110627888206,0.00153001812107949,4.68641148907237,0.148849121877969
3,JDC,13,PMd-L,RT_Pronation_anti_R,0.066943604109343,0.0575741784388508,0.124517782548194,0.00150749944610658,0.00163087584518466,4.68232881619513,0.149871957687267
3,JDC,14,PMv-L,RT_Pronation_anti_R,0.0482124744984446,0.0619004076620227,0.110112882160467,0.00128672204412207,0.00139238243773181,4.69410700820954,0.149030720363137
3,JDC,15,FEF-L,RT_Pronation_anti_R,0.0909658791643358,0.0394374267092095,0.130403305873545,0.00138021011156953,0.00149569807973633,4.68848423746162,0.149466737413784
3,JDC,16,POJ-L,RT_Pronation_anti_R,0.16460113319482,0.0844672656745913,0.249068398869411,0.00188906097989215,0.00203118688552336,4.66778148611866,0.14196650442715
3,JDC,17,V1-R,RT_Pronation_anti_R,0.0364669729222883,0.160935915184367,0.197402888106655,0.00161012064995402,0.00173611514781056,4.68051401467469,0.145119478774358
3,JDC,18,V3-R,RT_Pronation_anti_R,0.120489001118855,0.111994603371682,0.232483604490537,0.00200684047907719,0.0021603044910004,4.66356078791634,0.144958798735643
3,JDC,19,STS-R,RT_Pronation_anti_R,0.0456914738169449,0.0414353413175547,0.0871268151344996,0.00119588529439862,0.00129536709248214,4.69922437368104,0.151181547684223
3,JDC,20,IPL-R,RT_Pronation_anti_R,0.0936730740583926,0.0932733978415594,0.186946471899952,0.00192651501550289,0.00207680043821951,4.66628202667741,0.147075978645794
3,JDC,21,SPL-R,RT_Pronation_anti_R,0.100961249855736,0.156808024048221,0.257769273903957,0.00228156166353735,0.00245742828480485,4.6534586876002,0.143866857482905
3,JDC,22,AG-R,RT_Pronation_anti_R,0.17608691122334,0.0668430337578157,0.242929944981156,0.00204122621388865,0.00219834912947569,4.66367542753546,0.144372661799278
3,JDC,23,mIPS-R,RT_Pronation_anti_R,0.182651345178377,0.0790308186252344,0.261682163803612,0.00220601217868643,0.00237808385289505,4.65625490023019,0.144677849481249
3,JDC,24,VIP-R,RT_Pronation_anti_R,0.117313406421376,0.0862120585686433,0.20352546499002,0.00199320555405279,0.00214321098667815,4.66458082663989,0.145033763018188
3,JDC,25,SPOC-R,RT_Pronation_anti_R,0.0912458103729651,0.287970954132913,0.379216764505878,0.00244576880674417,0.00262414744794116,4.64289150881108,0.136630249220905
3,JDC,26,S1-R,RT_Pronation_anti_R,0.0964958618569167,0.0411746798932701,0.137670541750187,0.00153891046268311,0.00166805937934031,4.68133517449858,0.14901449892146
3,JDC,27,M1-R,RT_Pronation_anti_R,0.0698479347333163,0.0585127378785701,0.128360672611886,0.0013215216974593,0.00142737415814655,4.69183963833903,0.149141491747365
3,JDC,28,SMA-R,RT_Pronation_anti_R,0.0602522775536759,0.0711057476669475,0.131358025220623,0.00136728146548011,0.00148206170407929,4.6895129730834,0.148351459099264
3,JDC,29,PMd-R,RT_Pronation_anti_R,0.0508757941862534,0.0772201184962259,0.128095912682479,0.00123906171400116,0.00134023052016822,4.69595970436102,0.148959734073586
3,JDC,30,PMv-R,RT_Pronation_anti_R,0.0573156847121174,0.136723079940236,0.194038764652353,0.00178176203921908,0.00192569037727921,4.67031471245922,0.14626767702774
3,JDC,31,FEF-R,RT_Pronation_anti_R,0.110826985405541,0.0839398089195055,0.194766794325047,0.00164937373905532,0.00177241974304563,4.6739645998792,0.14359707987843
3,JDC,32,POJ-R,RT_Pronation_anti_R,0.149350374389261,0.112481894315758,0.261832268705019,0.00207197964223428,0.00223160699613213,4.66115508007098,0.142736267527939
4,JFXD,1,V1-L,RT_Pronation_anti_R,0.0293183977987913,0.0380686461067407,0.067387043905532,0.000891623818220997,0.000963115324181573,4.48470298503635,0.115377703824814
4,JFXD,2,V3-L,RT_Pronation_anti_R,0.0349501707921203,0.0816054228589934,0.116555593651114,0.00112802313870964,0.00121724735588961,4.46910869672941,0.112243079118467
4,JFXD,3,STS-L,RT_Pronation_anti_R,0.0177857468094109,0.063555555920408,0.0813413027298189,0.000964031175916819,0.00104403133884952,4.48058171242123,0.115772398539504
4,JFXD,4,IPL-L,RT_Pronation_anti_R,0.0855123464675422,0.0564277030122181,0.14194004947976,0.00134838812844446,0.00146250280452327,4.45795249582739,0.110775126861518
4,JFXD,5,SPL-L,RT_Pronation_anti_R,0.0700778463098277,0.0867040341152805,0.156781880425108,0.00148924631853251,0.00160749632952472,4.4512786614867,0.109765741567455
4,JFXD,6,AG-L,RT_Pronation_anti_R,0.0575620178076303,0.0928778395184468,0.150439857326077,0.00155104338294485,0.00167670194635565,4.44845929878149,0.113223559213497
4,JFXD,7,mIPS-L,RT_Pronation_anti_R,0.0524003200564146,0.0462077087183782,0.0986080287747929,0.00107605571308501,0.00115762347892199,4.47568631340935,0.114696729731392
4,JFXD,8,VIP-L,RT_Pronation_anti_R,0.0776755951548361,0.0542034117548797,0.131879006909716,0.00134659191014628,0.00145839718484207,4.45836270504918,0.112009227163454
4,JFXD,9,SPOC-L,RT_Pronation_anti_R,0.0293638298770598,0.0729597516506587,0.102323581527718,0.000945453215619403,0.00102121399192517,4.48303433321473,0.113474504086593
4,JFXD,10,S1-L,RT_Pronation_anti_R,0.0969955204139178,0.0371585046350984,0.134154025049016,0.00125573007556401,0.0013578495283052,4.4629062774763,0.112548340605455
4,JFXD,11,M1-L,RT_Pronation_anti_R,0.0471607897711388,0.0329589156513677,0.0801197054225065,0.000966536933146034,0.00104767122881871,4.48203376477985,0.114800024922031
4,JFXD,12,SMA-L,RT_Pronation_anti_R,0.0734432778468167,0.0877269963141453,0.161170274160962,0.00122986486142558,0.00133607620046074,4.4665383859678,0.110812092497656
4,JFXD,13,PMd-L,RT_Pronation_anti_R,0.0523492467700322,0.0445148926260317,0.0968641393960639,0.000963641187109116,0.0010460253015583,4.4823403683883,0.112537338708081
4,JFXD,14,PMv-L,RT_Pronation_anti_R,0.145928654154913,0.144674659566346,0.29060331372126,0.0018733419596473,0.00200308451858551,4.42903453436924,0.0967648016506938
4,JFXD,15,FEF-L,RT_Pronation_anti_R,0.149981874556612,0.0819902449681926,0.231972119524805,0.00137433711896841,0.0014932858675268,4.45570945798207,0.105811873452293
4,JFXD,16,POJ-L,RT_Pronation_anti_R,0.0448671250041246,0.105453370110152,0.150320495114277,0.00136857002015415,0.00147851264192139,4.4576308920149,0.111545256656788
4,JFXD,17,V1-R,RT_Pronation_anti_R,0.0371938873679395,0.0325867589122691,0.0697806462802086,0.000942967880904125,0.00101984546754025,4.48086885402189,0.115708797072115
4,JFXD,18,V3-R,RT_Pronation_anti_R,0.0424637485521887,0.0402701381108512,0.0827338866630399,0.00100679264546136,0.00108262749068831,4.47852583778191,0.114278845877023
4,JFXD,19,STS-R,RT_Pronation_anti_R,0.0706781563421651,0.072365132882095,0.14304328922426,0.00142826894040464,0.00153834708275982,4.45376359557551,0.111308295711021
4,JFXD,20,IPL-R,RT_Pronation_anti_R,0.10907093029787,0.059578192198747,0.168649122496617,0.00162122317346911,0.00174588014435867,4.44442528626835,0.111671213693867
4,JFXD,21,SPL-R,RT_Pronation_anti_R,0.0645646604620835,0.0394162023933723,0.103980862855456,0.00112865758599839,0.00121202384591496,4.47167049286725,0.113972537070222
4,JFXD,22,AG-R,RT_Pronation_anti_R,0.0495565071945549,0.0583859448265323,0.107942452021087,0.00127896273609423,0.00137942701893578,4.46298389190727,0.114235791159638
4,JFXD,23,mIPS-R,RT_Pronation_anti_R,0.0581200212409251,0.058420247866635,0.11654026910756,0.00133881937061027,0.00144545987614752,4.45921216612398,0.11406845989145
4,JFXD,24,VIP-R,RT_Pronation_anti_R,0.0901329628251456,0.0590089167271849,0.149141879552331,0.00147982467225453,0.00158973905059393,4.45272105930208,0.111890502618316
4,JFXD,25,SPOC-R,RT_Pronation_anti_R,0.0747060565602415,0.0546140634292386,0.12932011998948,0.00124524771275195,0.00133547274451262,4.46510428853155,0.112133430844238
4,JFXD,26,S1-R,RT_Pronation_anti_R,0.0548238586522707,0.0885266021787881,0.143350460831059,0.00126081093297283,0.00135797918609717,4.46428053853059,0.112012314156119
4,JFXD,27,M1-R,RT_Pronation_anti_R,0.0832347800404407,0.073255007172399,0.15648978721284,0.0013922712190514,0.00150659971697787,4.45685822459358,0.110169004242493
4,JFXD,28,SMA-R,RT_Pronation_anti_R,0.0776278289649901,0.0766577266208589,0.154285555585849,0.00126277843878097,0.00137173399349865,4.46453390642437,0.11099992999278
4,JFXD,29,PMd-R,RT_Pronation_anti_R,0.0424400377229324,0.09108780703765,0.133527844760582,0.00122768116366167,0.00133583612556138,4.46471884479164,0.112082750887602
4,JFXD,30,PMv-R,RT_Pronation_anti_R,0.0603771269096517,0.0864886294116733,0.146865756321325,0.00134035077338143,0.00143822929779797,4.45785490361345,0.109859641122343
4,JFXD,31,FEF-R,RT_Pronation_anti_R,0.0717508556402086,0.0464573274602491,0.118208183100458,0.00118012435064761,0.00127486637343818,4.46899027913991,0.111005175707731
4,JFXD,32,POJ-R,RT_Pronation_anti_R,0.0780718218612999,0.0659796454702149,0.144051467331515,0.00136158389379976,0.00147271667966096,4.45792489661019,0.111886347004914
5,JZ,1,V1-L,RT_Pronation_anti_R,0.0722794340798644,0.0537923059820003,0.126071740061865,0.00126029706167588,0.00134357200112417,4.47216847114214,0.104489880719675
5,JZ,2,V3-L,RT_Pronation_anti_R,0.0750129270464979,0.0504880641445588,0.125500991191057,0.00114926586471674,0.00122113348935493,4.47763073724196,0.103541092688341
5,JZ,3,STS-L,RT_Pronation_anti_R,0.0595467324672436,0.0546574162874814,0.114204148754725,0.00119067732559959,0.00127071999178137,4.47548185441032,0.10544251154377
5,JZ,4,IPL-L,RT_Pronation_anti_R,0.040310522222983,0.185328124918095,0.225638647141078,0.00167658391196153,0.00179066302287152,4.44947457279204,0.099338196151172
5,JZ,5,SPL-L,RT_Pronation_anti_R,0.0996737411152305,0.0468297781671495,0.14650351928238,0.00123812297736302,0.00132640559028484,4.47316336430502,0.104311820184424
5,JZ,6,AG-L,RT_Pronation_anti_R,0.0704967855810092,0.044782742713633,0.115279528294642,0.00118698495558843,0.00126653691989071,4.47742814932528,0.10583185257216
5,JZ,7,mIPS-L,RT_Pronation_anti_R,0.0756531515659646,0.0386485316325917,0.114301683198556,0.00117756886808114,0.00125572457208412,4.47661233121674,0.104681294538555
5,JZ,8,VIP-L,RT_Pronation_anti_R,0.103652651344998,0.0438637957834216,0.14751644712842,0.001282501006843,0.00137252521836523,4.47112145933779,0.10362045536804
5,JZ,9,SPOC-L,RT_Pronation_anti_R,0.0522971326450922,0.064354843742451,0.116651976387543,0.00129311157644311,0.00138714800036548,4.46981956691609,0.10498444037251
5,JZ,10,S1-L,RT_Pronation_anti_R,0.105008706459629,0.153589195899625,0.258597902359253,0.00162479667454336,0.00173208543318496,4.45128847374892,0.0982153928059312
5,JZ,11,M1-L,RT_Pronation_anti_R,0.0239699522507807,0.1575408631328,0.181510815383581,0.00125970113812561,0.00134166783485499,4.47146100311664,0.101728982806587
5,JZ,12,SMA-L,RT_Pronation_anti_R,0.0398252201927907,0.0548353761621722,0.0946605963549629,0.00113675171605731,0.00121540816847481,4.47869314514781,0.106521915114868
5,JZ,13,PMd-L,RT_Pronation_anti_R,0.0637892016839592,0.0882563896606375,0.152045591344597,0.00135757246118306,0.00144888379887446,4.46689421532405,0.10115648055723
5,JZ,14,PMv-L,RT_Pronation_anti_R,0.0354055180924721,0.0567025096407548,0.0921080277332268,0.00105491122913789,0.00112853134673748,4.48326983985322,0.105856453010954
5,JZ,15,FEF-L,RT_Pronation_anti_R,0.0629695358558846,0.0222210993602038,0.0851906352160884,0.00102895897643638,0.00110251081456168,4.48549362017161,0.107095668385188
5,JZ,16,POJ-L,RT_Pronation_anti_R,0.060035870163339,0.0566882091472749,0.116724079310614,0.00133609763866659,0.00143250025252646,4.46799752620472,0.105510077116464
5,JZ,17,V1-R,RT_Pronation_anti_R,0.0799671980639864,0.0685275569168675,0.148494754980854,0.00139671293975178,0.00149143611152587,4.46335717967297,0.102583435684933
5,JZ,18,V3-R,RT_Pronation_anti_R,0.0830020560407751,0.0526597641284769,0.135661820169252,0.00139952288882116,0.00149679359527352,4.46448833324182,0.104485096377273
5,JZ,19,STS-R,RT_Pronation_anti_R,0.089631644047174,0.0442099387271811,0.133841582774355,0.00129972376602048,0.00138308265824892,4.47031582102224,0.103837883784562
5,JZ,20,IPL-R,RT_Pronation_anti_R,0.0470585739895139,0.0495938045785508,0.0966523785680647,0.00108121437747126,0.00115488500230407,4.48235652097373,0.105703887505683
5,JZ,21,SPL-R,RT_Pronation_anti_R,0.0630081835701704,0.121961194058186,0.184969377628356,0.00156116865582872,0.00166228452147408,4.45429841597621,0.0994068124278506
5,JZ,22,AG-R,RT_Pronation_anti_R,0.0516670763863418,0.0794451051817982,0.13111218156814,0.00145211349382968,0.00155648269882098,4.4612085030516,0.104475301349457
5,JZ,23,mIPS-R,RT_Pronation_anti_R,0.0496155035113548,0.0558065150219086,0.105422018533263,0.00118496941113099,0.00126599792948199,4.47648897169828,0.105011598808114
5,JZ,24,VIP-R,RT_Pronation_anti_R,0.0698278207640484,0.0598768769830265,0.129704697747075,0.00134020573582185,0.00143248529615582,4.46720070322326,0.104253398806116
5,JZ,25,SPOC-R,RT_Pronation_anti_R,0.0994846434890104,0.0522189611775616,0.151703604666572,0.00133559740980087,0.00142427519169368,4.46772458862511,0.10291724557009
5,JZ,26,S1-R,RT_Pronation_anti_R,0.0892405851240036,0.0630000287652575,0.152240613889261,0.00140700109671646,0.00149656373889455,4.46322104086741,0.0994568166926428
5,JZ,27,M1-R,RT_Pronation_anti_R,0.0657579779122967,0.054339660028413,0.12009763794071,0.00124258497426429,0.00133167981214682,4.47142904748716,0.104545421237504
5,JZ,28,SMA-R,RT_Pronation_anti_R,0.0638952991944474,0.038795075494645,0.102690374689092,0.00107154468409699,0.0011470746420582,4.4824327598049,0.105524732359806
5,JZ,29,PMd-R,RT_Pronation_anti_R,0.0469836242739978,0.047670657144512,0.0946542814185098,0.0010716666784382,0.00114920045598192,4.48246068349218,0.105986493561046
5,JZ,30,PMv-R,RT_Pronation_anti_R,0.0501114401191394,0.0516711768673314,0.101782616986471,0.00114386791996925,0.00122579851586713,4.47825259367359,0.105290320968625
5,JZ,31,FEF-R,RT_Pronation_anti_R,0.054936083456414,0.030757845143866,0.08569392860028,0.000881019853936146,0.00094161657966982,4.49567806242409,0.106078726480136
5,JZ,32,POJ-R,RT_Pronation_anti_R,0.0531333724708324,0.0541347585888128,0.107268131059645,0.00109030647933622,0.0011604391014826,4.4823762058787,0.104293913260987
6,LT,1,V1-L,RT_Pronation_anti_R,0.0289443211123633,0.0838027719067054,0.112747093019069,0.00116327766184534,0.0012373174523326,4.4708837635704,0.0975738894613765
6,LT,2,V3-L,RT_Pronation_anti_R,0.0559105185860704,0.0611714210017926,0.117081939587863,0.00140197060274196,0.00149733270120879,4.45884675736764,0.0985695999065973
6,LT,3,STS-L,RT_Pronation_anti_R,0.0835710251514952,0.0580322629173014,0.141603288068797,0.00137584599927164,0.00146275331597656,4.46050539665132,0.095216969305705
6,LT,4,IPL-L,RT_Pronation_anti_R,0.0572842207796903,0.112919572631089,0.17020379341078,0.00139879865907005,0.00148022404556241,4.46282203146487,0.0953154599519587
6,LT,5,SPL-L,RT_Pronation_anti_R,0.0874203017599774,0.0595691281353443,0.146989429895322,0.00155178880152285,0.00165383843071733,4.45158297758798,0.0966083321948347
6,LT,6,AG-L,RT_Pronation_anti_R,0.0526737895886689,0.0463888587485665,0.0990626483372354,0.00109118310934234,0.00115831924445372,4.47793068782858,0.0979276252038352
6,LT,7,mIPS-L,RT_Pronation_anti_R,0.0522272296337666,0.0566164921394532,0.10884372177322,0.00126590725302949,0.0013508442001228,4.46623213733312,0.0982524978509341
6,LT,8,VIP-L,RT_Pronation_anti_R,0.0747681433620841,0.0882070569623159,0.1629752003244,0.00138259064336261,0.00146202021144273,4.46292141100289,0.0945344549030637
6,LT,9,SPOC-L,RT_Pronation_anti_R,0.0713733821345033,0.0280748148734004,0.0994481970079037,0.00109516478894811,0.00116293061553715,4.47678074604867,0.0974801074828542
6,LT,10,S1-L,RT_Pronation_anti_R,0.0860369198156353,0.0926612203453151,0.17869814016095,0.00144918609851707,0.0015325591981466,4.45934885601337,0.0950190914910518
6,LT,11,M1-L,RT_Pronation_anti_R,0.0995954400128185,0.0762304341552431,0.175825874168062,0.00154060484724267,0.00163126834014587,4.4549637923544,0.0955477525871874
6,LT,12,SMA-L,RT_Pronation_anti_R,0.039929249443087,0.0933183420498816,0.133247591492969,0.00132554508613557,0.00140651101897884,4.46493305169039,0.0970410489614265
6,LT,13,PMd-L,RT_Pronation_anti_R,0.101617084172786,0.0683808151524547,0.169997899325241,0.00155523210732957,0.00165274104790877,4.45220964444834,0.0951447451798026
6,LT,14,PMv-L,RT_Pronation_anti_R,0.0752231458750451,0.106264264486061,0.181487410361106,0.00169300102444263,0.00179614442022043,4.44573629359704,0.0921592331792832
6,LT,15,FEF-L,RT_Pronation_anti_R,0.102315547035967,0.0932662214519073,0.195581768487875,0.00158533196712627,0.00166999467006421,4.45120428588633,0.0926591838580621
6,LT,16,POJ-L,RT_Pronation_anti_R,0.0600583517145135,0.0467177812318515,0.106776132946365,0.0012399001877352,0.00131679093638269,4.46821768928576,0.0972950017143054
6,LT,17,V1-R,RT_Pronation_anti_R,0.0644510520499365,0.0563290769940138,0.12078012904395,0.00120472168869997,0.00127438490138121,4.47007592272939,0.0959909137110385
6,LT,18,V3-R,RT_Pronation_anti_R,0.0485814289427343,0.0507518801432182,0.0993333090859526,0.00107822481171674,0.00115045408493789,4.47656641448145,0.0986894647817748
6,LT,19,STS-R,RT_Pronation_anti_R,0.0560933401705689,0.0448036976281131,0.100897037798682,0.00116889544626821,0.00124631915774985,4.47057253638148,0.098752930304153
6,LT,20,IPL-R,RT_Pronation_anti_R,0.0455085222857087,0.0360509320903335,0.0815594543760423,0.000967245279147106,0.0010268933973376,4.48229723448643,0.099593688679573
6,LT,21,SPL-R,RT_Pronation_anti_R,0.0536294954936357,0.0768617176061596,0.130491213099795,0.00131958146721235,0.0014016873692958,4.46197103370069,0.0972754453598582
6,LT,22,AG-R,RT_Pronation_anti_R,0.0776592786862899,0.0389405172574303,0.11659979594372,0.00126427280751176,0.00134700452104325,4.46646298228673,0.0984589780652181
6,LT,23,mIPS-R,RT_Pronation_anti_R,0.0912551077542289,0.051493216881155,0.142748324635384,0.00141985420565522,0.00151029372370466,4.45708649381111,0.0969969034495444
6,LT,24,VIP-R,RT_Pronation_anti_R,0.0439988834494823,0.0463516524509737,0.0903505359004561,0.00100313750656967,0.00106299264648425,4.48095336913496,0.0986357031954347
6,LT,25,SPOC-R,RT_Pronation_anti_R,0.0702579273367539,0.0649762902132609,0.135234217550015,0.00140285453189256,0.00149255488727881,4.45793026571322,0.0965492383595564
6,LT,26,S1-R,RT_Pronation_anti_R,0.0331902700326958,0.031862809751132,0.0650530797838278,0.000838665812348885,0.000889709546311156,4.49221610028555,0.0999725435382053
6,LT,27,M1-R,RT_Pronation_anti_R,0.0307436739860187,0.0438578999295134,0.0746015739155321,0.000921151381241593,0.000976501624483828,4.48638043038858,0.0995258940633312
6,LT,28,SMA-R,RT_Pronation_anti_R,0.051737907218024,0.0639043991314843,0.115642306349508,0.00129965637726825,0.0013814684024983,4.46462346384857,0.097791636694634
6,LT,29,PMd-R,RT_Pronation_anti_R,0.0466352016191587,0.0388585951261086,0.0854937967452673,0.00104992594905666,0.00111855014081848,4.47781503228763,0.0995086447135499
6,LT,30,PMv-R,RT_Pronation_anti_R,0.0349209736061188,0.0544041168142578,0.0893250904203766,0.00104204595968764,0.00110753973121206,4.47859507377025,0.099712437400565
6,LT,31,FEF-R,RT_Pronation_anti_R,0.0532208453723192,0.0351796384995209,0.0884004838718401,0.00109397232038486,0.00116829359412517,4.47464653102845,0.0997958991570363
6,LT,32,POJ-R,RT_Pronation_anti_R,0.0500011396678466,0.0745858191446354,0.124586958812482,0.00121942850687542,0.00129146523457148,4.46904241792799,0.0975467150667038
7,NvA,1,V1-L,RT_Pronation_anti_R,0.0600792262771013,0.0579003921853245,0.117979618462426,0.00139360811536654,0.00151206720701614,4.66737555719734,0.140182994134553
7,NvA,2,V3-L,RT_Pronation_anti_R,0.0843915491693714,0.0773664685787776,0.161758017748149,0.00172058314425569,0.00186422011360228,4.65037476088547,0.137832890543891
7,NvA,3,STS-L,RT_Pronation_anti_R,0.0597137738487552,0.0493783108356097,0.109092084684365,0.0012997105102048,0.00139630532867559,4.67248640202398,0.139907803963931
7,NvA,4,IPL-L,RT_Pronation_anti_R,0.091025575633931,0.0704217680035157,0.161447343637447,0.00168956575165877,0.00182162120508154,4.65260972154344,0.138259922071859
7,NvA,5,SPL-L,RT_Pronation_anti_R,0.0448133566424224,0.112080700059958,0.15689405670238,0.00152181002649966,0.00164690899415378,4.66057097556007,0.138875352878885
7,NvA,6,AG-L,RT_Pronation_anti_R,0.0699039619606268,0.103533504622093,0.17343746658272,0.00169885131344016,0.00183358638081514,4.65151341560225,0.13743924765496
7,NvA,7,mIPS-L,RT_Pronation_anti_R,0.0743760482211258,0.0708721415490823,0.145248189770208,0.00152170154575495,0.00164316854890037,4.6611396211287,0.138029564757671
7,NvA,8,VIP-L,RT_Pronation_anti_R,0.114742394704933,0.0571998827098361,0.171942277414769,0.00170141467576927,0.00183158333693883,4.65272433126227,0.137273744424182
7,NvA,9,SPOC-L,RT_Pronation_anti_R,0.0861096694378411,0.165417710052855,0.251527379490696,0.00217552013706153,0.00235140096927663,4.63045542392093,0.131599202212042
7,NvA,10,S1-L,RT_Pronation_anti_R,0.121941556833483,0.07705042316961,0.198991980003093,0.00185863880484727,0.00200433048670008,4.64435109212643,0.137673780419721
7,NvA,11,M1-L,RT_Pronation_anti_R,0.0649160818380548,0.0450653695992057,0.109981451437261,0.00130467663027901,0.00140735584533602,4.67166726703215,0.140916486796859
7,NvA,12,SMA-L,RT_Pronation_anti_R,0.0522485636610956,0.102422825947233,0.154671389608329,0.00156713656251731,0.0016906928892884,4.65832873453371,0.138217228108966
7,NvA,13,PMd-L,RT_Pronation_anti_R,0.0484246374840914,0.122730945968763,0.171155583452855,0.0015871943292773,0.00170674771231871,4.65732538377538,0.138125353704152
7,NvA,14,PMv-L,RT_Pronation_anti_R,0.0750519549391365,0.0654429918051431,0.14049494674428,0.00156907684350312,0.0016972952525825,4.65697606312444,0.13854253527979
7,NvA,15,FEF-L,RT_Pronation_anti_R,0.0904836976147003,0.049860903008686,0.140344600623386,0.00153597006362268,0.00165572269119734,4.65879402862853,0.139119690259728
7,NvA,16,POJ-L,RT_Pronation_anti_R,0.0869132691611246,0.11049845118834,0.197411720349464,0.00190475256727742,0.00204960482903455,4.64205573667695,0.134683427935149
7,NvA,17,V1-R,RT_Pronation_anti_R,0.104032182688932,0.0501843161316143,0.154216498820547,0.00149371250976029,0.00162266921422573,4.66112418465284,0.137754017228536
7,NvA,18,V3-R,RT_Pronation_anti_R,0.129574599109844,0.0798026860524338,0.209377285162278,0.00160347603181989,0.00173453028848087,4.65596105513885,0.134072058441537
7,NvA,19,STS-R,RT_Pronation_anti_R,0.0605827610631172,0.0591530560665651,0.119735817129682,0.00129470153257354,0.00140698018437705,4.67153830944791,0.13868210370168
7,NvA,20,IPL-R,RT_Pronation_anti_R,0.0476052778767108,0.153762896756543,0.201368174633254,0.00158073935587032,0.00171004470897436,4.65613971453217,0.135347355469086
7,NvA,21,SPL-R,RT_Pronation_anti_R,0.192629616194924,0.0888824332482321,0.281512049443156,0.00201440424966781,0.00219274838742841,4.63489889478832,0.130427049745807
7,NvA,22,AG-R,RT_Pronation_anti_R,0.138831883373345,0.0755895560489144,0.21442143942226,0.00175370134225034,0.00190263123501828,4.64719632957476,0.132919112916961
7,NvA,23,mIPS-R,RT_Pronation_anti_R,0.158696333529637,0.0484009761344956,0.207097309664132,0.0017991681998875,0.00196021482345495,4.6466888028236,0.136387308573169
7,NvA,24,VIP-R,RT_Pronation_anti_R,0.0611532143188787,0.169128398672789,0.230281612991668,0.00173243397279737,0.00187571376694417,4.64817934066719,0.134596891005576
7,NvA,25,SPOC-R,RT_Pronation_anti_R,0.123538556503138,0.157155160456438,0.280693716959576,0.00203418074976346,0.00222078904343496,4.63428924453802,0.132969385709725
7,NvA,26,S1-R,RT_Pronation_anti_R,0.0861517182819509,0.0645203300201288,0.15067204830208,0.0015311126072107,0.00166375992811171,4.6586257060043,0.13835753348801
7,NvA,27,M1-R,RT_Pronation_anti_R,0.134918776737225,0.059860498797421,0.194779275534646,0.00175962654023314,0.0019155267401241,4.64858244822032,0.137363556048491
7,NvA,28,SMA-R,RT_Pronation_anti_R,0.0542000176505663,0.110071803241171,0.164271820891738,0.00166486446259634,0.00179825654354264,4.65404693040878,0.13867867789944
7,NvA,29,PMd-R,RT_Pronation_anti_R,0.0595668775836876,0.063924875300161,0.123491752883849,0.00127409900408781,0.00137203187065951,4.67232761370792,0.13935697061489
7,NvA,30,PMv-R,RT_Pronation_anti_R,0.0270658001693323,0.0532055249216556,0.0802713250909879,0.00100737715436412,0.00109302436623791,4.68803485145198,0.141370761059004
7,NvA,31,FEF-R,RT_Pronation_anti_R,0.0589988777919068,0.106301207700936,0.165300085492843,0.00154173262723215,0.00166973523146919,4.65868017953836,0.136091598819059
7,NvA,32,POJ-R,RT_Pronation_anti_R,0.129031137826661,0.114526439294119,0.243557577120779,0.00151643817348284,0.00163366631757988,4.65904420494447,0.132316987268671
8,RR,1,V1-L,RT_Pronation_anti_R,0.104592082042905,0.0863581391571731,0.190950221200078,0.00180067190371018,0.00193564067691531,4.85284435550195,0.16491752280895
8,RR,2,V3-L,RT_Pronation_anti_R,0.0803839224858511,0.0983270921321821,0.178711014618033,0.00176559093089435,0.00190093940388626,4.8534086986269,0.165514764383755
8,RR,3,STS-L,RT_Pronation_anti_R,0.145431042306244,0.0515314971393509,0.196962539445595,0.00191064883731292,0.00207677219280234,4.84742845198962,0.166392438671956
8,RR,4,IPL-L,RT_Pronation_anti_R,0.0993300316807801,0.0883967163551778,0.187726748035958,0.00190560043812273,0.00205550731405559,4.84865904848794,0.167487749941283
8,RR,5,SPL-L,RT_Pronation_anti_R,0.0611628113343847,0.117097541952275,0.17826035328666,0.00178092431609572,0.00191572956348792,4.85417789860378,0.167719153906728
8,RR,6,AG-L,RT_Pronation_anti_R,0.142477126578355,0.127953996907939,0.270431123486294,0.00247923003693796,0.0026831674549645,4.82488972408828,0.163701399912752
8,RR,7,mIPS-L,RT_Pronation_anti_R,0.0761764591165544,0.0710788798452338,0.147255338961788,0.00174366758063327,0.0018810112909767,4.85679315221056,0.169159785162858
8,RR,8,VIP-L,RT_Pronation_anti_R,0.108149459310181,0.0647830917221536,0.172932551032334,0.00187147916227403,0.00201972935475703,4.85055584425282,0.167646484686704
8,RR,9,SPOC-L,RT_Pronation_anti_R,0.0774980188208958,0.137675067445664,0.21517308626656,0.00227290177979056,0.00246266214231084,4.83393767543139,0.166991760701434
8,RR,10,S1-L,RT_Pronation_anti_R,0.0912761680221836,0.0956495302779084,0.186925698300092,0.00210037976519321,0.00227306586360065,4.83950083641536,0.16871036537219
8,RR,11,M1-L,RT_Pronation_anti_R,0.104168798919662,0.0607114706513177,0.16488026957098,0.00171540225278788,0.00184970390980334,4.85444268492615,0.168358875908532
8,RR,12,SMA-L,RT_Pronation_anti_R,0.0757835345267288,0.153698861358964,0.229482395885693,0.00232954724831157,0.00252310250553218,4.83115148890479,0.167880670489769
8,RR,13,PMd-L,RT_Pronation_anti_R,0.0811698852861352,0.106057063580786,0.187226948866921,0.00189206704284043,0.00205067019872629,4.84802845208697,0.167779736526059
8,RR,14,PMv-L,RT_Pronation_anti_R,0.108835478210967,0.09916789634404,0.208003374555007,0.00207709495013144,0.00223706620478664,4.83835026732762,0.165261817121658
8,RR,15,FEF-L,RT_Pronation_anti_R,0.102406566222605,0.0322824121119986,0.134688978334604,0.00142325789946081,0.00153718251490425,4.86954120743448,0.17026676557289
8,RR,16,POJ-L,RT_Pronation_anti_R,0.114172749863444,0.122845303816875,0.237018053680319,0.00234136246089251,0.00254070982942478,4.83024924659006,0.166188656516501
8,RR,17,V1-R,RT_Pronation_anti_R,0.106497028576378,0.117215578584411,0.223712607160788,0.00225024592668489,0.00243841527842272,4.83392495565763,0.165402118175447
8,RR,18,V3-R,RT_Pronation_anti_R,0.0943373176899108,0.139081262981451,0.233418580671361,0.00253065718165887,0.00274634827924378,4.82494110075327,0.16508945453338
8,RR,19,STS-R,RT_Pronation_anti_R,0.111288984108594,0.0456207667793281,0.156909750887922,0.00168702294465641,0.00182645572051628,4.85719607271777,0.167885837931486
8,RR,20,IPL-R,RT_Pronation_anti_R,0.106556879208083,0.112733395174142,0.219290274382225,0.00216690728770231,0.00234874308624162,4.83849683799353,0.165526948198185
8,RR,21,SPL-R,RT_Pronation_anti_R,0.105750378878224,0.130592398037506,0.23634277691573,0.00231330900683699,0.00250239135146536,4.83309806640147,0.164902004369104
8,RR,22,AG-R,RT_Pronation_anti_R,0.137726566477793,0.160985603766727,0.29871217024452,0.00250905220134493,0.00269994967662646,4.8241334440268,0.157982183280727
8,RR,23,mIPS-R,RT_Pronation_anti_R,0.0770389683769714,0.118087251599847,0.195126219976818,0.00202593683051259,0.0021924504950227,4.84274891060976,0.165148256282895
8,RR,24,VIP-R,RT_Pronation_anti_R,0.181846657992096,0.121355393363569,0.303202051355665,0.0025056122405349,0.00270362299179555,4.82410350156979,0.160384045831315
8,RR,25,SPOC-R,RT_Pronation_anti_R,0.151177096129628,0.139824123331534,0.291001219461162,0.00261144619298673,0.00281338932130532,4.82115074649683,0.162053301741907
8,RR,26,S1-R,RT_Pronation_anti_R,0.0908304883792527,0.0881464962752282,0.178976984654481,0.00211228609086251,0.00229437871601172,4.83948064285696,0.168504793061755
8,RR,27,M1-R,RT_Pronation_anti_R,0.1363769727023,0.0464033716143648,0.182780344316665,0.00189681334481058,0.00205584701202649,4.84867327259407,0.168532241450749
8,RR,28,SMA-R,RT_Pronation_anti_R,0.071535396805661,0.113566778894431,0.185102175700092,0.00204582423690409,0.00221458628127345,4.84238671238973,0.169178958688221
8,RR,29,PMd-R,RT_Pronation_anti_R,0.0628069219019491,0.132603519128337,0.195410441030286,0.00192828736520074,0.00208214929471119,4.8467242717581,0.167225325454684
8,RR,30,PMv-R,RT_Pronation_anti_R,0.0553373101133645,0.060195153408964,0.115532463522328,0.00138834173015716,0.00150223279325568,4.87149967243694,0.170151307862605
8,RR,31,FEF-R,RT_Pronation_anti_R,0.0691712878314767,0.0745475678834732,0.14371885571495,0.00165359331393623,0.00178855766481218,4.85857782021987,0.168027023956047
8,RR,32,POJ-R,RT_Pronation_anti_R,0.156448531680309,0.173167699957517,0.329616231637825,0.00274124527087835,0.00294880351623268,4.81463907084016,0.157698639642853
9,SJB,1,V1-L,RT_Pronation_anti_R,0.069776331426691,0.0487861029699212,0.118562434396612,0.00140070664325758,0.00151770531039273,4.69787932223126,0.14574833489816
9,SJB,2,V3-L,RT_Pronation_anti_R,0.0857686584050073,0.108134962365499,0.193903620770506,0.00172727911815847,0.00186145462495804,4.68123454306852,0.140059561708881
9,SJB,3,STS-L,RT_Pronation_anti_R,0.0904697262280569,0.0906169872397902,0.181086713467847,0.00184964822064425,0.00200531745767805,4.67559198156607,0.141526161406382
9,SJB,4,IPL-L,RT_Pronation_anti_R,0.0532254704738137,0.0995684009778848,0.152793871451699,0.0014724100956733,0.00158639475571231,4.69456124371603,0.143225375772181
9,SJB,5,SPL-L,RT_Pronation_anti_R,0.0694524159586768,0.0653420281023739,0.134794444061051,0.00155276346783312,0.00167403949222469,4.69290683402124,0.144643822348993
9,SJB,6,AG-L,RT_Pronation_anti_R,0.0522546974863635,0.123044789838956,0.175299487325319,0.00174120948013698,0.00188177838972668,4.68274672256517,0.142687716014428
9,SJB,7,mIPS-L,RT_Pronation_anti_R,0.100181674968368,0.0817929886682224,0.18197466363659,0.001933255233335,0.00208979916427569,4.6739480972749,0.143496673874551
9,SJB,8,VIP-L,RT_Pronation_anti_R,0.086869778833612,0.104187044378302,0.191056823211914,0.00191034420141328,0.00206259332187453,4.67410901819729,0.141979427741242
9,SJB,9,SPOC-L,RT_Pronation_anti_R,0.0906707592201078,0.130981273079233,0.221652032299341,0.00212801818418264,0.00231378347187202,4.6645519649309,0.142288414759807
9,SJB,10,S1-L,RT_Pronation_anti_R,0.162895545444536,0.0955893481545637,0.2584848935991,0.00202055166849388,0.00217912471263363,4.66726620195142,0.138638059147403
9,SJB,11,M1-L,RT_Pronation_anti_R,0.0934123677284823,0.111985231981361,0.205397599709843,0.00177466964509239,0.00192018779223423,4.67965765463223,0.141138567447704
9,SJB,12,SMA-L,RT_Pronation_anti_R,0.041465987370718,0.0501566420091561,0.0916226293798741,0.00109813500909531,0.00118767717465397,4.71392529780979,0.146336994550724
9,SJB,13,PMd-L,RT_Pronation_anti_R,0.0986952929268761,0.0820524523225905,0.180747745249467,0.00171256319598882,0.00184749185601282,4.68309479042521,0.142342987796904
9,SJB,14,PMv-L,RT_Pronation_anti_R,0.0655573017032995,0.0640828956209548,0.129640197324254,0.00134712744174419,0.00145793122021472,4.69915065283349,0.145059147277497
9,SJB,15,FEF-L,RT_Pronation_anti_R,0.0984028841265319,0.0889177978946555,0.187320682021187,0.00177354482731979,0.00191581332778779,4.67986388458614,0.141292392628925
9,SJB,16,POJ-L,RT_Pronation_anti_R,0.0876311537546362,0.144254838423192,0.231885992177828,0.00220187786330547,0.00237955479123034,4.66186971721784,0.141088239486718
9,SJB,17,V1-R,RT_Pronation_anti_R,0.056002116670939,0.0660776798312624,0.122079796502201,0.00142663229466224,0.00154118046997041,4.69692581049001,0.145115102114685
9,SJB,18,V3-R,RT_Pronation_anti_R,0.0887956896805788,0.0917364775293204,0.180532167209899,0.00175756266411613,0.0019009809527021,4.68064010857344,0.141710574272218
9,SJB,19,STS-R,RT_Pronation_anti_R,0.0900613803042326,0.0627551777432033,0.152816558047436,0.00183092594720479,0.00198995298585177,4.67788714010806,0.145674544650208
9,SJB,20,IPL-R,RT_Pronation_anti_R,0.131762004750182,0.0697314287532051,0.201493433503387,0.00184991080454102,0.00199591767442604,4.67680752165634,0.140636132530131
9,SJB,21,SPL-R,RT_Pronation_anti_R,0.0769056589817945,0.111588243190837,0.188493902172632,0.00170850159235014,0.00185085895569151,4.68395924675118,0.142653667560323
9,SJB,22,AG-R,RT_Pronation_anti_R,0.149772309204447,0.0736922330479301,0.223464542252377,0.00162789371395098,0.00174974324644423,4.68617973307714,0.139430183022579
9,SJB,23,mIPS-R,RT_Pronation_anti_R,0.0971204151297213,0.0859398846988345,0.183060299828556,0.00168097426945946,0.00180624974732989,4.68609033968626,0.140320388076669
9,SJB,24,VIP-R,RT_Pronation_anti_R,0.0923131594963852,0.0965228823255728,0.188836041821958,0.00174093104720764,0.00188649315264747,4.68160462798967,0.142160232300049
9,SJB,25,SPOC-R,RT_Pronation_anti_R,0.105309624247029,0.150456340821287,0.255765965068316,0.00203329166986517,0.00220844743655066,4.66672360451609,0.136610034885184
9,SJB,26,S1-R,RT_Pronation_anti_R,0.17997366163827,0.0628634506923148,0.242837112330585,0.0017883593232783,0.00193046548049222,4.67854588937468,0.140487433099488
9,SJB,27,M1-R,RT_Pronation_anti_R,0.10709689200865,0.122856210629428,0.229953102638078,0.00189240770365842,0.0020513284234466,4.67349370307142,0.141345796494055
9,SJB,28,SMA-R,RT_Pronation_anti_R,0.0382826296738293,0.0704098525624984,0.108692482236328,0.00128608405495855,0.00139189375746553,4.70366469326002,0.146321217011559
9,SJB,29,PMd-R,RT_Pronation_anti_R,0.039626972079528,0.0662129742812612,0.105839946360789,0.0013266890384533,0.00143694366142201,4.70160836287464,0.14675638876978
9,SJB,30,PMv-R,RT_Pronation_anti_R,0.0423186689140628,0.0670992198943201,0.109417888808383,0.00115237910214635,0.00124389368865428,4.71064677481821,0.145894554552738
9,SJB,31,FEF-R,RT_Pronation_anti_R,0.0698475188034523,0.041736589460498,0.11158410826395,0.00135621877998434,0.00147210969524745,4.70015501550515,0.146678106701198
9,SJB,32,POJ-R,RT_Pronation_anti_R,0.115573981126919,0.0983202992773698,0.213894280404289,0.00198954762154385,0.00215877405538249,4.67235955462907,0.141400217544203
10,BG,1,V1-L,RT_Pronation_anti_R,0.0532674049962865,0.0421844103622286,0.0954518153585151,0.00108603565270883,0.00115706442015122,4.35161175756947,0.0864428497321272
10,BG,2,V3-L,RT_Pronation_anti_R,0.0492883567247358,0.0616743384885506,0.110962695213286,0.00108822091047622,0.00115980250780008,4.35118122552004,0.0849894632965704
10,BG,3,STS-L,RT_Pronation_anti_R,0.0494436444608127,0.0702514366696599,0.119695081130473,0.00116254451123057,0.00123942342928939,4.34666417192754,0.0849268299180176
10,BG,4,IPL-L,RT_Pronation_anti_R,0.0326096445715757,0.074372331875118,0.106981976446694,0.00104859039973923,0.00112340096960123,4.35372330932644,0.085642447990252
10,BG,5,SPL-L,RT_Pronation_anti_R,0.0812745370027753,0.0217084286481298,0.102982965650905,0.000973617554659568,0.0010369792416182,4.35918994748557,0.086004800655719
10,BG,6,AG-L,RT_Pronation_anti_R,0.0385268522863837,0.0694720452891337,0.107998897575517,0.00108169680118323,0.00115353112246534,4.3515185052523,0.0853407515307063
10,BG,7,mIPS-L,RT_Pronation_anti_R,0.0673841609648353,0.0358071856896499,0.103191346654485,0.0010342970858099,0.00110260517309677,4.35531690168907,0.0863479556351911
10,BG,8,VIP-L,RT_Pronation_anti_R,0.0502426576405889,0.0581708060866722,0.108413463727261,0.00107159856935168,0.0011428876594008,4.35255907455677,0.0862903270247405
10,BG,9,SPOC-L,RT_Pronation_anti_R,0.0488073528145051,0.0531875378630404,0.101994890677545,0.00109026884700104,0.00116532402490696,4.3508941892361,0.0862883423939535
10,BG,10,S1-L,RT_Pronation_anti_R,0.111256136571029,0.0456690335594528,0.156925170130482,0.0012760861741026,0.00135710257011324,4.33979622051217,0.0834978755537874
10,BG,11,M1-L,RT_Pronation_anti_R,0.0639162460460245,0.0387167455642462,0.102632991610271,0.00095873682437716,0.00102082931164798,4.36078723627885,0.0861616055305829
10,BG,12,SMA-L,RT_Pronation_anti_R,0.0375263296431483,0.0678374602090878,0.105363789852236,0.00100074465765673,0.00106254454613196,4.35710364599908,0.0853748609728821
10,BG,13,PMd-L,RT_Pronation_anti_R,0.0225686959470406,0.0833140555399692,0.10588275148701,0.000908332383417554,0.00096913470653135,4.36345707586137,0.0861435902156132
10,BG,14,PMv-L,RT_Pronation_anti_R,0.0433754719935208,0.0343902970915525,0.0777657690850733,0.000907881922547833,0.000967431849921743,4.36362354274183,0.0870779736948217
10,BG,15,FEF-L,RT_Pronation_anti_R,0.0550173546238993,0.0420133160194549,0.0970306706433542,0.000970703703907511,0.00103810774035085,4.35875710147255,0.086221456946622
10,BG,16,POJ-L,RT_Pronation_anti_R,0.0432476846518475,0.0598149739464074,0.103062658598255,0.00106673694222261,0.00113835628076815,4.35288243526572,0.0860997105120117
10,BG,17,V1-R,RT_Pronation_anti_R,0.0402062785583703,0.0398548803163266,0.0800611588746969,0.000931194318640477,0.000991462826629078,4.36241444063497,0.0869717291354255
10,BG,18,V3-R,RT_Pronation_anti_R,0.0481900756413402,0.0457577307876216,0.0939478064289618,0.000986322088853954,0.00104851669431968,4.35783539106482,0.0853486166761142
10,BG,19,STS-R,RT_Pronation_anti_R,0.0680951311570181,0.0623463770326487,0.130441508189667,0.00120150180698173,0.00128046325668984,4.34384597299966,0.0832682857304816
10,BG,20,IPL-R,RT_Pronation_anti_R,0.044448802862358,0.0483950150017239,0.0928438178640819,0.000956342490437764,0.00101692028287853,4.36136935119356,0.0858393867532101
10,BG,21,SPL-R,RT_Pronation_anti_R,0.0638840914660801,0.0477643856976441,0.111648477163724,0.00107290602704969,0.00114152006229826,4.35248116903098,0.0853023347821154
10,BG,22,AG-R,RT_Pronation_anti_R,0.0574623216129595,0.0316595164129663,0.0891218380259258,0.000989301274493549,0.00105590992121868,4.35746971975088,0.0859744035710043
10,BG,23,mIPS-R,RT_Pronation_anti_R,0.0758204919178483,0.0316270150704509,0.107447506988299,0.00102219639752536,0.00109279679660585,4.35522445185644,0.0859832981646507
10,BG,24,VIP-R,RT_Pronation_anti_R,0.0238479249465395,0.0574619368432525,0.0813098617897919,0.000928070197637459,0.000992426445089002,4.36265958706546,0.0872522825892315
10,BG,25,SPOC-R,RT_Pronation_anti_R,0.0574505122000033,0.0580254671208948,0.115475979320898,0.00110362751139235,0.00117933594155458,4.349786369124,0.08457134045693
10,BG,26,S1-R,RT_Pronation_anti_R,0.0766129559442004,0.061058099042209,0.137671054986409,0.00130309877112107,0.00139489081675559,4.33893991540119,0.0842084516143636
10,BG,27,M1-R,RT_Pronation_anti_R,0.133008031381006,0.0509003248809699,0.183908356261976,0.00133989106396611,0.00143029592709625,4.33565133976171,0.0825586080272325
10,BG,28,SMA-R,RT_Pronation_anti_R,0.0400031335126666,0.0781872361028391,0.118190369615506,0.00116585755513134,0.00124324740552492,4.34660688823445,0.0852856083925641
10,BG,29,PMd-R,RT_Pronation_anti_R,0.0271204870206892,0.130156709357553,0.157277196378242,0.00101305592344584,0.00107847688606659,4.35588080837746,0.0834549818941515
10,BG,30,PMv-R,RT_Pronation_anti_R,0.0351822322658882,0.0625989778950439,0.0977812101609321,0.00101615700266754,0.00108609164412791,4.35582436756254,0.0857617547524441
10,BG,31,FEF-R,RT_Pronation_anti_R,0.0877511487535096,0.0364659680473245,0.124217116800834,0.000990824547094087,0.00105972717240775,4.35684517181591,0.0842255244372247
10,BG,32,POJ-R,RT_Pronation_anti_R,0.0315371816820877,0.0575292893497515,0.0890664710318391,0.000875341939611228,0.000933424570286909,4.36519847866257,0.0862064966400811
1,DOC,1,V1-L,RT_Down_pro_L,0.078358486195196,0.049054317811474,0.12741280400667,0.00120870875840171,0.00128304770303255,4.36679786901874,0.0819619097238852
1,DOC,2,V3-L,RT_Down_pro_L,0.0826988444251648,0.0303079968549913,0.113006841280156,0.00108104116738078,0.00115345967021926,4.37537119447317,0.0834612514478813
1,DOC,3,STS-L,RT_Down_pro_L,0.0426218984508748,0.0218083649913221,0.0644302634421969,0.000744326960503585,0.000795637665353519,4.39705931019897,0.0848527107987721
1,DOC,4,IPL-L,RT_Down_pro_L,0.0546438222317496,0.0680569076561011,0.122700729887851,0.00120472249892534,0.00128804322407885,4.36799569114046,0.083162801481141
1,DOC,5,SPL-L,RT_Down_pro_L,0.0563062908312557,0.0455366646440704,0.101842955475326,0.00107456417010051,0.00114701278148125,4.37625088899322,0.0838704734785481
1,DOC,6,AG-L,RT_Down_pro_L,0.0668490520490548,0.0386700865787778,0.105519138627833,0.00112208022192978,0.00119647055654122,4.37228619208988,0.0836569635416182
1,DOC,7,mIPS-L,RT_Down_pro_L,0.059600489367558,0.0496327696962151,0.109233259063773,0.0011279644392736,0.00120415200556556,4.37179119624871,0.083211708128131
1,DOC,8,VIP-L,RT_Down_pro_L,0.085038836587786,0.0467627027437515,0.131801539331537,0.00123372591090254,0.00132063397457452,4.36523962825395,0.0831220506843516
1,DOC,9,SPOC-L,RT_Down_pro_L,0.0644892858101009,0.0418873507943691,0.10637663660447,0.0011112551920914,0.00118755195887521,4.37257256284624,0.0837176018475575
1,DOC,10,S1-L,RT_Down_pro_L,0.0680810582263567,0.0815063848309693,0.149587443057326,0.00119744813198695,0.00126870120836475,4.36906285935916,0.0815268903832527
1,DOC,11,M1-L,RT_Down_pro_L,0.0254263664959873,0.0949925457006219,0.120418912196609,0.00097554225769684,0.00103530267012563,4.38319169416821,0.0829733729470986
1,DOC,12,SMA-L,RT_Down_pro_L,0.0487403148302659,0.0485398996758693,0.0972802145061352,0.00103812211212527,0.00110111965727989,4.37834963372581,0.0837075622066219
1,DOC,13,PMd-L,RT_Down_pro_L,0.0575517768435356,0.0739879615493763,0.131539738392912,0.00126357684710093,0.00135135669977093,4.36423621548277,0.0826115549239852
1,DOC,14,PMv-L,RT_Down_pro_L,0.0477296769223425,0.055953953958888,0.103683630881231,0.0010793733351058,0.00115458065424402,4.37410971522037,0.0829588861675683
1,DOC,15,FEF-L,RT_Down_pro_L,0.0686397009168635,0.101960476664963,0.170600177581826,0.00157160405970343,0.00168115492061134,4.34725078446419,0.0800968010456043
1,DOC,16,POJ-L,RT_Down_pro_L,0.0404015062892805,0.0479188504259848,0.0883203567152653,0.000968001829419746,0.00103421252572021,4.38232314201605,0.0842666733887194
1,DOC,17,V1-R,RT_Down_pro_L,0.0452507333918893,0.054176976838722,0.0994277102306113,0.000996217197797417,0.00106215621610678,4.37978675880954,0.0833481381533414
1,DOC,18,V3-R,RT_Down_pro_L,0.0452482559670068,0.0453036930042974,0.0905519489713042,0.000911521047278348,0.00096999875712961,4.38610495458997,0.083956773165341
1,DOC,19,STS-R,RT_Down_pro_L,0.0664915753678407,0.0578185521587096,0.12431012752655,0.00134847493148421,0.00144644976150965,4.35795094903374,0.0833236390744494
1,DOC,20,IPL-R,RT_Down_pro_L,0.0436536983946838,0.0465695526980723,0.0902232510927561,0.00101232904194594,0.00107982713578941,4.37874546068197,0.084595734191082
1,DOC,21,SPL-R,RT_Down_pro_L,0.0397821261296919,0.0596708630669017,0.0994529891965937,0.00108612168102167,0.00115614225077471,4.37462974413513,0.0842763189319731
1,DOC,22,AG-R,RT_Down_pro_L,0.0415681205771529,0.0513957574922894,0.0929638780694423,0.00102381343355156,0.001089120998751,4.3787614531169,0.084103034226853
1,DOC,23,mIPS-R,RT_Down_pro_L,0.0318385571289832,0.0543882565664265,0.0862268136954097,0.00100125581813791,0.00106515438332157,4.38039788548716,0.0844875691173373
1,DOC,24,VIP-R,RT_Down_pro_L,0.0361673255963985,0.0595671669367955,0.0957344925331941,0.000965163513902622,0.00102828198056351,4.38148012359646,0.0835323725626397
1,DOC,25,SPOC-R,RT_Down_pro_L,0.046404841197998,0.0495971757306856,0.0960020169286836,0.00110152675875547,0.00117615244057455,4.37366573114549,0.084061962899954
1,DOC,26,S1-R,RT_Down_pro_L,0.0706028690992979,0.0437702924116851,0.114373161510983,0.00118448220328914,0.00126643884732528,4.36737646679931,0.083343734107718
1,DOC,27,M1-R,RT_Down_pro_L,0.0662425997758133,0.0430748213524636,0.109317421128277,0.00102586368106985,0.00109256753876861,4.37822633021885,0.0828269247952726
1,DOC,28,SMA-R,RT_Down_pro_L,0.0444228052619474,0.0354380615672349,0.0798608668291823,0.000915608889427308,0.000972784296732283,4.38603071361455,0.0846899480123859
1,DOC,29,PMd-R,RT_Down_pro_L,0.0499153785513636,0.0524722361264419,0.102387614677806,0.00107555078860032,0.00114537705982956,4.37574931733039,0.0834706631731973
1,DOC,30,PMv-R,RT_Down_pro_L,0.0359231390239616,0.0534888406104715,0.0894119796344331,0.00100412748259309,0.00107262574420855,4.37910367519347,0.0835834246165676
1,DOC,31,FEF-R,RT_Down_pro_L,0.0585330443512266,0.0601965294875844,0.118729573838811,0.00117321600377502,0.00124504397030845,4.36999353724198,0.0819351587166166
1,DOC,32,POJ-R,RT_Down_pro_L,0.0433001723055972,0.0490166379676987,0.092316810273296,0.00111410595981772,0.00118968566830646,4.37310561696779,0.0847707395852709
2,GB,1,V1-L,RT_Down_pro_L,0.0787568584184044,0.0462299067420801,0.124986765160484,0.00130488295139708,0.00140784622420928,4.66361039192671,0.148044491933257
2,GB,2,V3-L,RT_Down_pro_L,0.0963953559672515,0.057113653236321,0.153509009203572,0.00156692491848192,0.00169889683249242,4.65009982851358,0.146542878901121
2,GB,3,STS-L,RT_Down_pro_L,0.0668217469242973,0.0299011822649447,0.096722929189242,0.00115009784115241,0.00125164148939948,4.67232566490059,0.150199833674155
2,GB,4,IPL-L,RT_Down_pro_L,0.16578148232433,0.082978643539454,0.248760125863784,0.00189205404431167,0.00205094616192996,4.63453773255794,0.14117349084335
2,GB,5,SPL-L,RT_Down_pro_L,0.126051473688972,0.0599831930701265,0.186034666759098,0.00157439217441276,0.00170261356326285,4.6498765234693,0.14578991388858
2,GB,6,AG-L,RT_Down_pro_L,0.0866568323308399,0.0575556410809609,0.144212473411801,0.00134014169134975,0.00145157537193635,4.66136566979219,0.146693189839748
2,GB,7,mIPS-L,RT_Down_pro_L,0.10574784211396,0.07716140279369,0.18290924490765,0.00158362725607916,0.00171404816952779,4.65001007339521,0.144940931966166
2,GB,8,VIP-L,RT_Down_pro_L,0.119126769912492,0.127386154343315,0.246512924255807,0.00192896974986865,0.00209098766333615,4.63263784452366,0.141666111737289
2,GB,9,SPOC-L,RT_Down_pro_L,0.0715991398546294,0.150183829856762,0.221782969711392,0.00188020637879966,0.00203480722772868,4.63557310480204,0.143457049454366
2,GB,10,S1-L,RT_Down_pro_L,0.113443548747298,0.0886039690275058,0.202047517774804,0.00187599099408466,0.00203211717182328,4.63738449207975,0.142652878985947
2,GB,11,M1-L,RT_Down_pro_L,0.101413502773002,0.0983446116835355,0.199758114456537,0.00187819093877468,0.00202384396089039,4.63727185312753,0.142979919817733
2,GB,12,SMA-L,RT_Down_pro_L,0.0685319333397504,0.0603905566105044,0.128922489950255,0.00137882950115743,0.00148715381430762,4.66186421573208,0.14723357999894
2,GB,13,PMd-L,RT_Down_pro_L,0.0556002893190544,0.15335655829014,0.208956847609195,0.0017080921307817,0.00185706917560394,4.64215714691151,0.144770471539792
2,GB,14,PMv-L,RT_Down_pro_L,0.0500742373971574,0.0845521091712963,0.134626346568454,0.00141816298952939,0.00153589634461731,4.6575246482848,0.147349327871443
2,GB,15,FEF-L,RT_Down_pro_L,0.107232133234871,0.118928221103461,0.226160354338332,0.0021737450358137,0.00237526126454068,4.62169072161029,0.143044078394744
2,GB,16,POJ-L,RT_Down_pro_L,0.0552424712669017,0.154781442788262,0.210023914055164,0.00159634394650377,0.00172161837469612,4.64918099803376,0.144840706754894
2,GB,17,V1-R,RT_Down_pro_L,0.0920688102277782,0.0616678213918391,0.153736631619617,0.00146175356041928,0.00158261962377619,4.65392053529064,0.145774771427083
2,GB,18,V3-R,RT_Down_pro_L,0.06033791759342,0.088631904952713,0.148969822546133,0.00140077830886856,0.00152186941977904,4.6563918185661,0.145773731894858
2,GB,19,STS-R,RT_Down_pro_L,0.104872512510453,0.0859131573413959,0.190785669851849,0.00193435359584717,0.00210374991896433,4.63355534483606,0.145259617200182
2,GB,20,IPL-R,RT_Down_pro_L,0.0778373848126081,0.0968805743209602,0.174717959133568,0.00160442018650332,0.00174389140203821,4.64806370668836,0.144738393331346
2,GB,21,SPL-R,RT_Down_pro_L,0.111023646045999,0.0564693948460778,0.167493040892077,0.00157942813370731,0.0017132817974602,4.64810960933105,0.145714476923343
2,GB,22,AG-R,RT_Down_pro_L,0.0919637049701802,0.086378142163179,0.178341847133359,0.00173871131075308,0.00188889112595508,4.64059301390505,0.145026829150332
2,GB,23,mIPS-R,RT_Down_pro_L,0.086558627737154,0.0588923448176089,0.145450972554763,0.00160404069749135,0.00175037579809344,4.64710161361575,0.147002360964104
2,GB,24,VIP-R,RT_Down_pro_L,0.0839776845441379,0.0851063455162948,0.169084030060433,0.00156348968682811,0.00169949989654282,4.65001273112554,0.146359019188558
2,GB,25,SPOC-R,RT_Down_pro_L,0.0662508265415455,0.091027574349333,0.157278400890878,0.00157970319712263,0.00171645513939685,4.64800312037351,0.146320419403694
2,GB,26,S1-R,RT_Down_pro_L,0.0943887856820745,0.0597319921619548,0.154120777844029,0.00135529096629708,0.0014722038871196,4.66136493663798,0.146103600251205
2,GB,27,M1-R,RT_Down_pro_L,0.0712472727146622,0.0946705261653408,0.165917798880003,0.00133617123590291,0.00143544752481524,4.66410503376463,0.144117510553736
2,GB,28,SMA-R,RT_Down_pro_L,0.0990227635707203,0.0701889140024953,0.169211677573216,0.00150507266245432,0.00162727679770059,4.65341565995568,0.145501150303672
2,GB,29,PMd-R,RT_Down_pro_L,0.0762913589501428,0.153028385998242,0.229319744948385,0.00195352921896332,0.002127190353552,4.63118557880845,0.140400423522073
2,GB,30,PMv-R,RT_Down_pro_L,0.0703113172292966,0.062589650594209,0.132900967823506,0.00156380756318787,0.00169970752860801,4.6502459264973,0.148205442672131
2,GB,31,FEF-R,RT_Down_pro_L,0.0810823277331125,0.0888826202486653,0.169964947981778,0.00152088008318934,0.00165086400343723,4.65128316324885,0.14608282385745
2,GB,32,POJ-R,RT_Down_pro_L,0.0545491571646149,0.102749291168443,0.157298448333058,0.00157805684617539,0.00171618054002073,4.64890343228366,0.145534319925046
3,JDC,1,V1-L,RT_Down_pro_L,0.105412069643831,0.0967870883642816,0.202199158008113,0.00182131371366156,0.00197567029345188,4.71856121080608,0.163674775554847
3,JDC,2,V3-L,RT_Down_pro_L,0.111373207599041,0.139923318113502,0.251296525712543,0.00199867023160063,0.00216695628825849,4.7092243327065,0.162453810899083
3,JDC,3,STS-L,RT_Down_pro_L,0.0861491423711659,0.0291967999384709,0.115345942309637,0.00130487327645681,0.00142342897513955,4.74308172790507,0.170002588115003
3,JDC,4,IPL-L,RT_Down_pro_L,0.0601929537942214,0.0475159773797832,0.107708931174005,0.00126365688890922,0.00137836333050501,4.74397196075716,0.169639183027507
3,JDC,5,SPL-L,RT_Down_pro_L,0.0910150504399556,0.108764400506689,0.199779450946645,0.00194295324302141,0.00211627906978238,4.71382368071326,0.165234722164337
3,JDC,6,AG-L,RT_Down_pro_L,0.145179731289928,0.0881313115614272,0.233311042851355,0.00201709836048402,0.00220020243649362,4.70899001637384,0.16302428214865
3,JDC,7,mIPS-L,RT_Down_pro_L,0.103403380633115,0.0592327977954116,0.162636178428526,0.00170021620026857,0.00185616466199342,4.72434307911371,0.166473748985061
3,JDC,8,VIP-L,RT_Down_pro_L,0.0728021128637029,0.121339768209267,0.19414188107297,0.00195749849746192,0.00213458476029883,4.71297129033665,0.166354415312382
3,JDC,9,SPOC-L,RT_Down_pro_L,0.0938949798874753,0.15761474238604,0.251509722273516,0.00197664813404783,0.00214187356140522,4.70953798599445,0.161065352052998
3,JDC,10,S1-L,RT_Down_pro_L,0.100586969150691,0.067376518522882,0.167963487673573,0.00142342183611749,0.00155965818465062,4.73400751590874,0.167339542743578
3,JDC,11,M1-L,RT_Down_pro_L,0.0657096520257819,0.0889950858745419,0.154704737900324,0.00126880007443328,0.00138800095900311,4.74254413547904,0.167346629965616
3,JDC,12,SMA-L,RT_Down_pro_L,0.0671323781425992,0.0671370001302494,0.134269378272849,0.00142115448949807,0.00155261695365225,4.73613442113587,0.168334130230934
3,JDC,13,PMd-L,RT_Down_pro_L,0.0577686096048288,0.0920443097852554,0.149812919390084,0.00154397724961688,0.00168847004925619,4.7294201125692,0.16804109290499
3,JDC,14,PMv-L,RT_Down_pro_L,0.0558275761295291,0.129228919995153,0.185056496124682,0.00166748590652471,0.00182322522660911,4.72315675171753,0.166242383193109
3,JDC,15,FEF-L,RT_Down_pro_L,0.102200312230003,0.0575919685242738,0.159792280754277,0.00150985690543257,0.00165050265709066,4.73052908551153,0.167928059648297
3,JDC,16,POJ-L,RT_Down_pro_L,0.114430078389447,0.0823178600863766,0.196747938475823,0.00172365684272005,0.00187025473120556,4.72151043706397,0.164464760285983
3,JDC,17,V1-R,RT_Down_pro_L,0.0697965938606106,0.150110183583015,0.219906777443626,0.00203788965954793,0.00221747988008147,4.71051063928658,0.165589778793756
3,JDC,18,V3-R,RT_Down_pro_L,0.170402533349453,0.07428503301478,0.244687566364233,0.00201487594741412,0.00218996413830243,4.71185269784284,0.164354745579133
3,JDC,19,STS-R,RT_Down_pro_L,0.0818875743720581,0.0440753687746167,0.125962943146675,0.00144645071932855,0.00157610436041841,4.73589131661842,0.16857179978232
3,JDC,20,IPL-R,RT_Down_pro_L,0.0555494175726802,0.149771973012787,0.205321390585467,0.00190061662987351,0.00206248715388536,4.71692766222898,0.166561661101062
3,JDC,21,SPL-R,RT_Down_pro_L,0.0744035872857274,0.180803525188888,0.255207112474615,0.00216144353801189,0.00233426663950336,4.70650220631086,0.164592840949056
3,JDC,22,AG-R,RT_Down_pro_L,0.197969233660098,0.0672870517345544,0.265256285394653,0.00213436467935832,0.00230547318178652,4.70748185290868,0.160660870425742
3,JDC,23,mIPS-R,RT_Down_pro_L,0.133160501028481,0.0669583995966017,0.200118900625083,0.00188950856298654,0.00204348684498008,4.71801106935999,0.16677396640618
3,JDC,24,VIP-R,RT_Down_pro_L,0.0862513123806611,0.139355577345546,0.225606889726207,0.00203074943698157,0.00219776937781282,4.71211094898944,0.165129484879535
3,JDC,25,SPOC-R,RT_Down_pro_L,0.103233994807641,0.161059229401445,0.264293224209086,0.00206510606582321,0.00222974083604308,4.70935677907498,0.158691948840158
3,JDC,26,S1-R,RT_Down_pro_L,0.109338402679049,0.0704120547921224,0.179750457471172,0.00180179221361509,0.00195642362163437,4.71865363276884,0.16663762123918
3,JDC,27,M1-R,RT_Down_pro_L,0.0868620132748674,0.0616611055309783,0.148523118805846,0.00155009158059137,0.00168801297407431,4.73094737170584,0.168620649375809
3,JDC,28,SMA-R,RT_Down_pro_L,0.0879783047421723,0.1054205905869,0.193398895329072,0.00179396213842894,0.00195751396635892,4.7176061397948,0.165772918403213
3,JDC,29,PMd-R,RT_Down_pro_L,0.0763110167769439,0.0645862342083366,0.14089725098528,0.00142688628758867,0.00155579242377328,4.73668556801936,0.168675478162135
3,JDC,30,PMv-R,RT_Down_pro_L,0.0503326733515216,0.11554374629298,0.165876419644501,0.00152928453528298,0.00166244969432228,4.73154089154548,0.167133706641949
3,JDC,31,FEF-R,RT_Down_pro_L,0.0829216145484711,0.0957364631482758,0.178658077696747,0.00166617340615567,0.00181589865364065,4.72315503277404,0.165583111089387
3,JDC,32,POJ-R,RT_Down_pro_L,0.213015305364278,0.132227879864598,0.345243185228875,0.00259462935132655,0.00280302684103471,4.68585177642743,0.15557684774696
4,JFXD,1,V1-L,RT_Down_pro_L,0.0512778811977254,0.100351830890306,0.151629712088032,0.00134128143666833,0.00146936531305734,4.35599506592957,0.0939145815285089
4,JFXD,2,V3-L,RT_Down_pro_L,0.0752182918487678,0.0717083765530358,0.146926668401804,0.0012963913691599,0.00142061435784516,4.35888307542852,0.0935982013430853
4,JFXD,3,STS-L,RT_Down_pro_L,0.0502897739819649,0.0506982278102035,0.100988001792168,0.00107038462727317,0.00116770997926312,4.37442469004985,0.0965814178871911
4,JFXD,4,IPL-L,RT_Down_pro_L,0.0463209938988028,0.0458196566968198,0.0921406505956226,0.000938100114770528,0.00101547634542941,4.38396817273069,0.0954466601121395
4,JFXD,5,SPL-L,RT_Down_pro_L,0.042825917236367,0.031434126774235,0.074260044010602,0.000861571612884136,0.00093863556590304,4.38790105597576,0.0966059671582557
4,JFXD,6,AG-L,RT_Down_pro_L,0.0273316464526074,0.0380280411825884,0.0653596876351958,0.000816928667438749,0.000894451575871522,4.38995370507752,0.0974216516653302
4,JFXD,7,mIPS-L,RT_Down_pro_L,0.0366535534174755,0.0329779316010907,0.0696314850185662,0.00084530824293964,0.000921924384188216,4.38904212911329,0.0970976453664933
4,JFXD,8,VIP-L,RT_Down_pro_L,0.0449616046906846,0.0573020568614679,0.102263661552152,0.00106284074377542,0.0011547258949818,4.37557554308272,0.0956773415657506
4,JFXD,9,SPOC-L,RT_Down_pro_L,0.0711816149248198,0.034398903633576,0.105580518558396,0.00100708490053156,0.00109283359939035,4.38058272984875,0.0949746531551949
4,JFXD,10,S1-L,RT_Down_pro_L,0.0366163052476137,0.036991381581237,0.0736076868288506,0.000928370235587827,0.00101111674245088,4.38401612206928,0.096925947182282
4,JFXD,11,M1-L,RT_Down_pro_L,0.0334468990677805,0.0362809816737478,0.0697278807415283,0.00083547115027212,0.000907013400373683,4.39088986329316,0.0968740732117961
4,JFXD,12,SMA-L,RT_Down_pro_L,0.0427154252564161,0.0440065314186333,0.0867219566750494,0.000853551486275146,0.000929498686565601,4.38880029885851,0.0956936084798403
4,JFXD,13,PMd-L,RT_Down_pro_L,0.0329970061578185,0.0338154539932678,0.0668124601510863,0.000850420450153813,0.00092706129275852,4.38797698105157,0.0972064728660784
4,JFXD,14,PMv-L,RT_Down_pro_L,0.0631017775743591,0.097764340502525,0.160866118076884,0.00128389009736174,0.00140503127400718,4.35925480737379,0.0924626204712306
4,JFXD,15,FEF-L,RT_Down_pro_L,0.0691845627763924,0.0823787298437227,0.151563292620115,0.00117006865720759,0.00128014043297548,4.36611047443141,0.0914358116729257
4,JFXD,16,POJ-L,RT_Down_pro_L,0.040381660819301,0.0319390725535228,0.0723207333728238,0.000884904594149523,0.00096334538180488,4.3865235968186,0.096646624426644
4,JFXD,17,V1-R,RT_Down_pro_L,0.052603132127618,0.0668205149517235,0.119423647079341,0.0011307517573165,0.00123988308733524,4.36933614337411,0.0945165449509747
4,JFXD,18,V3-R,RT_Down_pro_L,0.0655824963492094,0.0600110647373097,0.125593561086519,0.00117970702799757,0.00128137750256971,4.36834346402746,0.0939861656276284
4,JFXD,19,STS-R,RT_Down_pro_L,0.103865931149694,0.0389737476207079,0.142839678770401,0.00129267689861689,0.00140674926171648,4.36198575447432,0.0936114071261036
4,JFXD,20,IPL-R,RT_Down_pro_L,0.0924115392852985,0.0858080594339723,0.178219598719271,0.00131303992797119,0.00142156197460823,4.36222314229378,0.0923362247572311
4,JFXD,21,SPL-R,RT_Down_pro_L,0.0755555243794968,0.0490946247453124,0.124650149124809,0.00115496352386789,0.00125298477515206,4.37113900302323,0.0945601919657531
4,JFXD,22,AG-R,RT_Down_pro_L,0.0596983584324726,0.0366569109029872,0.0963552693354598,0.00103830092484729,0.00112928332887033,4.37865632268747,0.0959734409596002
4,JFXD,23,mIPS-R,RT_Down_pro_L,0.0586808466487802,0.0268673954672757,0.085548242116056,0.000895545584390631,0.000972395853860833,4.38840547032721,0.0964584148652921
4,JFXD,24,VIP-R,RT_Down_pro_L,0.0768058280256513,0.0710084053737196,0.147814233399371,0.00126895916483266,0.00138060994997952,4.36535155043615,0.0940409673965557
4,JFXD,25,SPOC-R,RT_Down_pro_L,0.117884075312567,0.0518028260081831,0.16968690132075,0.00154564575234709,0.00168887517226791,4.34805642733032,0.0932618205217343
4,JFXD,26,S1-R,RT_Down_pro_L,0.0448824467828294,0.177510656352144,0.222393103134973,0.00143711115690913,0.00155264199515512,4.35598922986569,0.0889452028103356
4,JFXD,27,M1-R,RT_Down_pro_L,0.0902932575258655,0.104690509172477,0.194983766698343,0.00147747850195672,0.00160303211239645,4.35279056737974,0.0914166246813404
4,JFXD,28,SMA-R,RT_Down_pro_L,0.0465687906601051,0.0390155439756495,0.0855843346357546,0.000840545091098569,0.000912454984181921,4.39024717539657,0.0956925820135982
4,JFXD,29,PMd-R,RT_Down_pro_L,0.0572700878248032,0.0994826076151182,0.156752695439921,0.00143236647619695,0.00156171294710606,4.35235462675016,0.0927481944782804
4,JFXD,30,PMv-R,RT_Down_pro_L,0.0389438129398851,0.0670862183124299,0.106030031252315,0.00104606321819184,0.00114989819700982,4.37311856811253,0.0955942032483191
4,JFXD,31,FEF-R,RT_Down_pro_L,0.0372340689080255,0.0577686278605302,0.0950026967685557,0.00102944419904674,0.00111785907965911,4.37916808128684,0.0963212403904008
4,JFXD,32,POJ-R,RT_Down_pro_L,0.109696497981449,0.0339882527831269,0.143684750764576,0.00134455479562726,0.00147200124707914,4.35939195588321,0.0950204838883535
5,JZ,1,V1-L,RT_Down_pro_L,0.06319977190951,0.0377093754300411,0.100909147339551,0.00114480703732226,0.00122409156032807,4.51285632843112,0.107172004367819
5,JZ,2,V3-L,RT_Down_pro_L,0.0780393921846179,0.0438434744822988,0.121882866666917,0.00125146697253468,0.00134433654198531,4.50515941773084,0.10607221037288
5,JZ,3,STS-L,RT_Down_pro_L,0.0417221909525211,0.0352648940885083,0.0769870850410294,0.000828912650946778,0.000887903278585581,4.5326703602491,0.107824202482892
5,JZ,4,IPL-L,RT_Down_pro_L,0.0709742181563249,0.101032947262296,0.17200716541862,0.00146660920891775,0.0015688929419716,4.49633575940712,0.102720757849136
5,JZ,5,SPL-L,RT_Down_pro_L,0.0703690470519129,0.0661605897866597,0.136529636838573,0.00141245548541721,0.0015139438126201,4.4986816327282,0.105555272529488
5,JZ,6,AG-L,RT_Down_pro_L,0.0975529022120818,0.0678154245104772,0.165368326722559,0.00158944017144823,0.00170029235985344,4.49028555598523,0.103532256432331
5,JZ,7,mIPS-L,RT_Down_pro_L,0.075260553993035,0.0445103372827773,0.119770891275812,0.00122547220673436,0.00131116469507455,4.50895466351669,0.105856547977679
5,JZ,8,VIP-L,RT_Down_pro_L,0.0766734729516193,0.0559253557232751,0.132598828674894,0.00128856585671548,0.00137836739177001,4.50557924021319,0.104222714675812
5,JZ,9,SPOC-L,RT_Down_pro_L,0.061949560033096,0.0970632284913299,0.159012788524426,0.00164714735990821,0.00175958801369606,4.48635792952017,0.104255673488942
5,JZ,10,S1-L,RT_Down_pro_L,0.153779011391388,0.142676393091757,0.296455404483145,0.00199897996451066,0.00213001398931077,4.46912993864394,0.0949984335128926
5,JZ,11,M1-L,RT_Down_pro_L,0.0351747640207711,0.156075154136747,0.191249918157518,0.0014001472912079,0.00150029338116678,4.49876214444145,0.102104677586206
5,JZ,12,SMA-L,RT_Down_pro_L,0.0264300085886992,0.0499967126778282,0.0764267212665274,0.00094362370296622,0.00100775452790958,4.52428226639671,0.107816496583448
5,JZ,13,PMd-L,RT_Down_pro_L,0.0659354233111301,0.0803997214228553,0.146335144733985,0.00144942846212794,0.00154595487697301,4.49682686351901,0.102716651960688
5,JZ,14,PMv-L,RT_Down_pro_L,0.0396223425958437,0.0581784275523884,0.097800770148232,0.00109905277392913,0.00118436613578599,4.51377861430135,0.106176444112092
5,JZ,15,FEF-L,RT_Down_pro_L,0.0657998753948845,0.0593303386002828,0.125130213995167,0.00124251584482386,0.00132989589725388,4.50799915123078,0.103657038952001
5,JZ,16,POJ-L,RT_Down_pro_L,0.0514793587023768,0.105595996024314,0.157075354726691,0.00134637951349816,0.00144099814145976,4.499812285959,0.103988627090067
5,JZ,17,V1-R,RT_Down_pro_L,0.0688625490728009,0.0818873730242027,0.150749922097004,0.0014667600329728,0.00156271522870754,4.49518775611913,0.103881450961858
5,JZ,18,V3-R,RT_Down_pro_L,0.0814206596583571,0.0598761852823333,0.14129684494069,0.001490463094818,0.00159103202444175,4.49427285325981,0.106087121535561
5,JZ,19,STS-R,RT_Down_pro_L,0.067834991571057,0.0570386153526606,0.124873606923718,0.00130473694139889,0.00138846236011944,4.50409960083349,0.105876005454586
5,JZ,20,IPL-R,RT_Down_pro_L,0.0596659267979963,0.0400886664526738,0.0997545932506701,0.00118529123354031,0.00126469858398288,4.51080311465215,0.107578886503893
5,JZ,21,SPL-R,RT_Down_pro_L,0.0704400534996923,0.0676449899721018,0.138085043471794,0.00148623377972761,0.00159152451670205,4.49479767160902,0.10496909868787
5,JZ,22,AG-R,RT_Down_pro_L,0.0529002214420401,0.0738566581321752,0.126756879574215,0.00139548121329934,0.00149007109808946,4.49923853930184,0.106756225529756
5,JZ,23,mIPS-R,RT_Down_pro_L,0.0459758894746829,0.0518365760122649,0.0978124654869478,0.00122794967198647,0.00131204246562993,4.50826934919288,0.107671474078511
5,JZ,24,VIP-R,RT_Down_pro_L,0.0751467132142374,0.0525772527516178,0.127723965965855,0.00140004171759854,0.00149318973086214,4.49909037010613,0.105679155925378
5,JZ,25,SPOC-R,RT_Down_pro_L,0.0736101431370981,0.0513602075971919,0.12497035073429,0.00119367583304721,0.00127070310945537,4.51013910230749,0.106334657340225
5,JZ,26,S1-R,RT_Down_pro_L,0.0797800475715209,0.0419142413750937,0.121694288946615,0.00138187901841803,0.00147703324300207,4.50003040054756,0.106813818967036
5,JZ,27,M1-R,RT_Down_pro_L,0.0686265532862131,0.077214894114142,0.145841447400355,0.00145188194371269,0.00155134358234187,4.49596181100489,0.105550198995363
5,JZ,28,SMA-R,RT_Down_pro_L,0.0540123142114805,0.0391104859009688,0.0931228001124493,0.00117645449160203,0.0012612861076105,4.50997968190489,0.107909991773309
5,JZ,29,PMd-R,RT_Down_pro_L,0.082047081255739,0.0472676940315359,0.129314775287275,0.00136184951064919,0.00145413177427148,4.50134100418022,0.105620882718499
5,JZ,30,PMv-R,RT_Down_pro_L,0.0478879919003126,0.0505368686419742,0.0984248605422869,0.00115468138750982,0.00123733700634552,4.51062966609549,0.107073571447709
5,JZ,31,FEF-R,RT_Down_pro_L,0.0418932420325948,0.0579642950452629,0.0998575370778577,0.00115681382696764,0.00123701832014009,4.51234583721224,0.106783193772541
5,JZ,32,POJ-R,RT_Down_pro_L,0.0554937197559439,0.047806617081543,0.103300336837487,0.00115312446331324,0.00123419447842299,4.51117156783694,0.107315260576703
6,LT,1,V1-L,RT_Down_pro_L,0.0365710014492462,0.0554206379028185,0.0919916393520647,0.00100142231593244,0.00107218252633803,4.40078715501837,0.09070535142275
6,LT,2,V3-L,RT_Down_pro_L,0.0483905603932902,0.0728623661376776,0.121252926530968,0.00113969006581051,0.00121409693754321,4.39386966987404,0.0877339669053571
6,LT,3,STS-L,RT_Down_pro_L,0.0647578077935325,0.0648381342118518,0.129595942005384,0.00130248788299302,0.00139874435959804,4.38306760335922,0.0880428835957316
6,LT,4,IPL-L,RT_Down_pro_L,0.0406448387993578,0.0814071870021282,0.122052025801486,0.00106765704652028,0.00114291164655454,4.39774768050927,0.0897568136761679
6,LT,5,SPL-L,RT_Down_pro_L,0.033606301981085,0.0932099677409067,0.126816269721992,0.00117641669708457,0.00126023111750057,4.39073437500434,0.0897225378351061
6,LT,6,AG-L,RT_Down_pro_L,0.0835355982911108,0.0632064972962437,0.146742095587355,0.00140216245491747,0.00150256165434015,4.37781643215374,0.0878525728719127
6,LT,7,mIPS-L,RT_Down_pro_L,0.032417885139241,0.0731710891870942,0.105588974326335,0.00115350834510973,0.00123373073985792,4.39254210659244,0.0901628240722026
6,LT,8,VIP-L,RT_Down_pro_L,0.0441319626250612,0.0745242898797038,0.118656252504765,0.00118513798839411,0.00127062307682394,4.39145505932312,0.0901322922626129
6,LT,9,SPOC-L,RT_Down_pro_L,0.0639326079569164,0.0462165921087263,0.110149200065643,0.00109580085557659,0.00117171179212657,4.39523230083543,0.0901266632906248
6,LT,10,S1-L,RT_Down_pro_L,0.0591432670414267,0.0748344385487612,0.133977705590188,0.00129182721584814,0.00138522271070179,4.3829775332181,0.0888225572343223
6,LT,11,M1-L,RT_Down_pro_L,0.0721551409654837,0.0626396908049487,0.134794831770432,0.00116823421977015,0.00125100188961165,4.39012121776505,0.0875007242545156
6,LT,12,SMA-L,RT_Down_pro_L,0.077551734935052,0.0491676607288739,0.126719395663926,0.0011299615913556,0.00121195581544994,4.3927064957872,0.089600222056688
6,LT,13,PMd-L,RT_Down_pro_L,0.0360129020190645,0.0961870233948998,0.132199925413964,0.00101502751353723,0.00108482025195661,4.39966293444636,0.0887985848816116
6,LT,14,PMv-L,RT_Down_pro_L,0.0621806866056726,0.0361260877680017,0.0983067743736742,0.00114627939079674,0.00123100503680418,4.39213774061244,0.0908840767732745
6,LT,15,FEF-L,RT_Down_pro_L,0.162256187199249,0.048096005247872,0.210352192447121,0.00145443957035105,0.00154915188575457,4.37239142233467,0.0844065274451213
6,LT,16,POJ-L,RT_Down_pro_L,0.0612717584135369,0.0406793679550859,0.101951126368623,0.00100401505519027,0.00107087138589498,4.40153597027229,0.0903048261639006
6,LT,17,V1-R,RT_Down_pro_L,0.0333773222887912,0.0601159676795008,0.093493289968292,0.000964149844177518,0.00103330604686414,4.40303820714853,0.0907941077883249
6,LT,18,V3-R,RT_Down_pro_L,0.0497796442570659,0.0573438898713728,0.107123534128439,0.00112612113552344,0.00120441612189804,4.39362119302861,0.0899060933773364
6,LT,19,STS-R,RT_Down_pro_L,0.0448252672747775,0.048678692078072,0.0935039593528495,0.0010792678394626,0.0011570878752741,4.39525559510922,0.090570336143342
6,LT,20,IPL-R,RT_Down_pro_L,0.0417665903962779,0.0327948917032903,0.0745614820995682,0.000941551992207586,0.00100983133585624,4.40515909183802,0.0919726860346907
6,LT,21,SPL-R,RT_Down_pro_L,0.0489136907212579,0.0562180022632516,0.10513169298451,0.00116408683249625,0.00124596193536944,4.3912806602987,0.0902873902028148
6,LT,22,AG-R,RT_Down_pro_L,0.0896076914399659,0.0555359108117821,0.145143602251748,0.00125799185017829,0.00134366234142759,4.38615093102864,0.0876326951587152
6,LT,23,mIPS-R,RT_Down_pro_L,0.105850468022765,0.0428959931061172,0.148746461128883,0.00134093751381183,0.00143052669511872,4.38138528027552,0.0876506885353035
6,LT,24,VIP-R,RT_Down_pro_L,0.0398348139346883,0.0440445828081674,0.0838793967428556,0.00102194102000228,0.00109520956777918,4.39983053328342,0.0912338681613217
6,LT,25,SPOC-R,RT_Down_pro_L,0.054499587287937,0.0792186966397578,0.133718283927695,0.00125332591495447,0.00133527019545116,4.38711984580078,0.0880531473288189
6,LT,26,S1-R,RT_Down_pro_L,0.0372552247415621,0.0368992078781737,0.0741544326197358,0.000922073910075216,0.000987815031022835,4.40564631876844,0.0920149183565236
6,LT,27,M1-R,RT_Down_pro_L,0.0221741701646965,0.0443713600752239,0.0665455302399204,0.000860851524614368,0.000923845427908261,4.40975367034303,0.0920743214455425
6,LT,28,SMA-R,RT_Down_pro_L,0.0518220740556231,0.0509457122208787,0.102767786276502,0.00106633183581787,0.00114371748290172,4.39684103402975,0.0906254891691329
6,LT,29,PMd-R,RT_Down_pro_L,0.0517579247897098,0.0559110004798453,0.107668925269555,0.00109479346247914,0.0011795325364362,4.39463148737001,0.0907013551632631
6,LT,30,PMv-R,RT_Down_pro_L,0.0329791967642234,0.0382195850186039,0.0711987817828273,0.00091513031182337,0.000980408691990058,4.40768067540197,0.0918627815419548
6,LT,31,FEF-R,RT_Down_pro_L,0.0318813884346828,0.0299801920818694,0.0618615805165522,0.000799377593897461,0.000857286066297405,4.41441033193378,0.0924024331068162
6,LT,32,POJ-R,RT_Down_pro_L,0.102881805475226,0.0520063810260757,0.154888186501302,0.00132119363837336,0.00141566493906838,4.38091352157503,0.086172731688014
7,NvA,1,V1-L,RT_Down_pro_L,0.0592811185575489,0.0638896562983124,0.123170774855861,0.00141015671210398,0.00152535012347438,4.52798514485857,0.118784964435383
7,NvA,2,V3-L,RT_Down_pro_L,0.0860956556958597,0.0631521706205637,0.149247826316423,0.00143852339381451,0.00155332431249399,4.52724158874697,0.115692467482572
7,NvA,3,STS-L,RT_Down_pro_L,0.0672194268773905,0.08351947910506,0.15073890598245,0.00153906618745783,0.00166162979183405,4.52093131809035,0.11732864355905
7,NvA,4,IPL-L,RT_Down_pro_L,0.0307461120875555,0.116375322626116,0.147121434713671,0.0012447824555381,0.00134399101317946,4.5363762739296,0.118072014142584
7,NvA,5,SPL-L,RT_Down_pro_L,0.0462052404788805,0.0875814371748865,0.133786677653767,0.00136997938218127,0.00147732243621218,4.53090761310502,0.11796664428713
7,NvA,6,AG-L,RT_Down_pro_L,0.0733004306655684,0.0494848934014021,0.12278532406697,0.0011856818588937,0.00127403390764204,4.5410903528742,0.118580379944849
7,NvA,7,mIPS-L,RT_Down_pro_L,0.0827344105160913,0.0669458413181174,0.149680251834209,0.00133424311140492,0.00143669015770501,4.53097615266083,0.117019222022741
7,NvA,8,VIP-L,RT_Down_pro_L,0.0913499199562121,0.073928161113303,0.165278081069515,0.00144798237996538,0.00155600046946995,4.52474668343132,0.115945264889282
7,NvA,9,SPOC-L,RT_Down_pro_L,0.0945169105658343,0.123778517113396,0.218295427679231,0.00193361573838446,0.0020865206799953,4.50089832415802,0.112185912771964
7,NvA,10,S1-L,RT_Down_pro_L,0.0518845768678959,0.0849003893086343,0.13678496617653,0.00137475914292839,0.00148391794686396,4.52936259115914,0.11896725719891
7,NvA,11,M1-L,RT_Down_pro_L,0.066584309442218,0.0837256838453219,0.15030999328754,0.00151634706478592,0.00163227751812412,4.5225607015361,0.118740490889064
7,NvA,12,SMA-L,RT_Down_pro_L,0.0431445456210366,0.0697658610288444,0.112910406649881,0.00120918946721472,0.00130296578483296,4.53829034318437,0.119484623512162
7,NvA,13,PMd-L,RT_Down_pro_L,0.0482345308833816,0.0680679725276097,0.116302503410991,0.00127050941916178,0.00137292910170471,4.53488615552576,0.119259751556723
7,NvA,14,PMv-L,RT_Down_pro_L,0.0768180254418801,0.0808713887362391,0.157689414178119,0.0014206336066404,0.0015299265312007,4.5255061033535,0.117070733527324
7,NvA,15,FEF-L,RT_Down_pro_L,0.0509375064993275,0.0459545812409622,0.0968920877402897,0.00109242159738603,0.00116984389547138,4.54519496076999,0.120209402586786
7,NvA,16,POJ-L,RT_Down_pro_L,0.0652624881134168,0.100376620067999,0.165639108181416,0.0015144319264327,0.00164280439375201,4.52105810241886,0.116248127015036
7,NvA,17,V1-R,RT_Down_pro_L,0.0701377075562407,0.0495310130806485,0.119668720636889,0.00110266352870916,0.00119759986330387,4.54352912819156,0.117791504618861
7,NvA,18,V3-R,RT_Down_pro_L,0.104866075452332,0.0923208046571928,0.197186880109524,0.00136516711186463,0.00145956778921934,4.5272253928669,0.113407476335118
7,NvA,19,STS-R,RT_Down_pro_L,0.0507905054855364,0.0446531785486443,0.0954436840341807,0.00109743701618312,0.00118794145756059,4.54308431894895,0.119979101131703
7,NvA,20,IPL-R,RT_Down_pro_L,0.0679481202228115,0.0777510533022234,0.145699173525035,0.001508061955309,0.00162268203200112,4.52158320223303,0.118269476268793
7,NvA,21,SPL-R,RT_Down_pro_L,0.141923278778081,0.0585048160885402,0.200428094866621,0.0016242554363304,0.0017440448995521,4.51656570544848,0.112360646155767
7,NvA,22,AG-R,RT_Down_pro_L,0.0668646535918048,0.0608312590207168,0.127695912612522,0.0012070281995095,0.00129959139687454,4.53857648753823,0.11711625270954
7,NvA,23,mIPS-R,RT_Down_pro_L,0.109990712191575,0.0393410006781913,0.149331712869767,0.00153275941042554,0.00165457524346447,4.52111628158169,0.119138833863951
7,NvA,24,VIP-R,RT_Down_pro_L,0.0681712647106865,0.0903885299156979,0.158559794626384,0.00143370089745668,0.00154607235595059,4.52548671092749,0.116549899590264
7,NvA,25,SPOC-R,RT_Down_pro_L,0.0989864736508451,0.156962792273584,0.255949265924429,0.00183824767058776,0.00198402977896674,4.50360726371604,0.111886996291972
7,NvA,26,S1-R,RT_Down_pro_L,0.0627634752328191,0.0523577111563607,0.11512118638918,0.00131647311343665,0.00142117714451924,4.53170486602919,0.120314970217815
7,NvA,27,M1-R,RT_Down_pro_L,0.0797190445111716,0.0392004509334017,0.118919495444573,0.00114810306190945,0.00123298538050086,4.54224044301125,0.118470474032063
7,NvA,28,SMA-R,RT_Down_pro_L,0.0339169885107422,0.0630772146271533,0.0969942031378955,0.00120060865345736,0.00129545707410245,4.53836183238209,0.120690220025692
7,NvA,29,PMd-R,RT_Down_pro_L,0.0516563819637798,0.039005615697307,0.0906619976610868,0.00104991722959191,0.00112724500972494,4.54840161018186,0.120681742617965
7,NvA,30,PMv-R,RT_Down_pro_L,0.0349970301321965,0.0451489118382147,0.0801459419704112,0.0010524388271697,0.00113660908662175,4.5465897956471,0.121166195275109
7,NvA,31,FEF-R,RT_Down_pro_L,0.0989204325949351,0.0427599911955806,0.141680423790516,0.00150286773963091,0.00161780055012992,4.52201632180887,0.119110501324454
7,NvA,32,POJ-R,RT_Down_pro_L,0.10478492084792,0.0665999551633501,0.17138487601127,0.00145819168268601,0.00157509549973568,4.52500354214423,0.115912576173756
8,RR,1,V1-L,RT_Down_pro_L,0.087903036823976,0.0702593737696899,0.158162410593666,0.00141945329415032,0.00152393522012708,4.51361833137244,0.123559830336668
8,RR,2,V3-L,RT_Down_pro_L,0.065385108023991,0.126072463109207,0.191457571133198,0.00167916957013376,0.00182476685622346,4.49926010869956,0.1239247860748
8,RR,3,STS-L,RT_Down_pro_L,0.0585710646133231,0.0613726019832128,0.119943666596536,0.00137095474843504,0.00148493557164277,4.51540028834756,0.128244937223675
8,RR,4,IPL-L,RT_Down_pro_L,0.0552022986377999,0.0605676283527665,0.115769926990566,0.00104864018467438,0.00113155696244011,4.53312809719696,0.128394469695962
8,RR,5,SPL-L,RT_Down_pro_L,0.064854468219796,0.113333056375453,0.178187524595249,0.00162298797056184,0.00175647316752842,4.50343755149901,0.126291397500313
8,RR,6,AG-L,RT_Down_pro_L,0.0947487215539171,0.0820697933622659,0.176818514916183,0.00155508591795628,0.00167556484756004,4.50575083262949,0.123875866220075
8,RR,7,mIPS-L,RT_Down_pro_L,0.0702429189917993,0.0716639705446606,0.14190688953646,0.00136801346820241,0.00146964659151117,4.5162343692652,0.12754459129208
8,RR,8,VIP-L,RT_Down_pro_L,0.0770005162332722,0.0304927267313322,0.107493242964604,0.000952174514179615,0.00102857261144599,4.53931586436619,0.127554285119964
8,RR,9,SPOC-L,RT_Down_pro_L,0.0680553052773335,0.0816577184283037,0.149713023705637,0.00153675923152227,0.00166650599377476,4.50806702158169,0.127588848146541
8,RR,10,S1-L,RT_Down_pro_L,0.0581751451529493,0.0583316244574469,0.116506769610396,0.00113611019170486,0.00123442231490828,4.5283038753756,0.128169842627264
8,RR,11,M1-L,RT_Down_pro_L,0.0548162799784648,0.0415943819792431,0.0964106619577079,0.00105966459703715,0.00114479206193475,4.53292362462511,0.130183196148191
8,RR,12,SMA-L,RT_Down_pro_L,0.0595767909243763,0.0645194230420057,0.124096213966382,0.0012948582784161,0.00140505976816288,4.51856695761023,0.128110939557153
8,RR,13,PMd-L,RT_Down_pro_L,0.0757910561378866,0.0519666078787169,0.127757664016604,0.00125265098811708,0.00135623139568289,4.52027237640196,0.12731132147596
8,RR,14,PMv-L,RT_Down_pro_L,0.0394215520587148,0.0310993379290111,0.070520889987726,0.000995316609164432,0.00108526284262104,4.53500900775723,0.132416951266817
8,RR,15,FEF-L,RT_Down_pro_L,0.0422975664413924,0.0201185879107109,0.0624161543521033,0.000909326368528423,0.000987967077697496,4.54174924773298,0.132108384821306
8,RR,16,POJ-L,RT_Down_pro_L,0.0829039925567061,0.080411407053158,0.163315399609864,0.00153347176474029,0.00165649335756191,4.50851248740843,0.12684337009392
8,RR,17,V1-R,RT_Down_pro_L,0.0724556844414542,0.0630752839913346,0.135530968432789,0.00146130922511947,0.00158159983726723,4.51209030853096,0.128100262939015
8,RR,18,V3-R,RT_Down_pro_L,0.111517449146596,0.113094242036604,0.2246116911832,0.00186013324496526,0.00201474322469539,4.4924191142771,0.122966663066715
8,RR,19,STS-R,RT_Down_pro_L,0.0791235798121001,0.060955159598217,0.140078739410317,0.0012671535214048,0.0013681709419902,4.52285560701807,0.127300545414505
8,RR,20,IPL-R,RT_Down_pro_L,0.0693713708052041,0.0654629593637387,0.134834330168943,0.00126571630599796,0.00137855872397643,4.52194177320291,0.128245704812903
8,RR,21,SPL-R,RT_Down_pro_L,0.0849190805312223,0.133420300665357,0.21833938119658,0.00164274363615017,0.0017754525732036,4.50174013503639,0.12243792816901
8,RR,22,AG-R,RT_Down_pro_L,0.0539474523882918,0.116026207903199,0.169973660291491,0.0013596847278132,0.00147203618381257,4.51594618277466,0.125375312263687
8,RR,23,mIPS-R,RT_Down_pro_L,0.0574492505771595,0.0715919474602504,0.12904119803741,0.00134138189958681,0.0014473176145923,4.51995428266613,0.128447167281488
8,RR,24,VIP-R,RT_Down_pro_L,0.119938912670085,0.0711429266483704,0.191081839318455,0.00143865393326179,0.00156379987231992,4.5122825422524,0.125336689702564
8,RR,25,SPOC-R,RT_Down_pro_L,0.0986384023089718,0.144346397125524,0.242984799434496,0.00194848679717704,0.00211666210032907,4.48680731875632,0.12009517463373
8,RR,26,S1-R,RT_Down_pro_L,0.089957811466354,0.0474183221696981,0.137376133636052,0.00132521543461555,0.001437461243987,4.51831176978648,0.12759278608279
8,RR,27,M1-R,RT_Down_pro_L,0.124971213649168,0.0662204026536916,0.19119161630286,0.00150526116096267,0.00163161248189534,4.50640843563921,0.122950425197834
8,RR,28,SMA-R,RT_Down_pro_L,0.0506507477753027,0.0621401276576954,0.112790875432998,0.00128680282166764,0.00139433338046872,4.52020229409812,0.12951350617274
8,RR,29,PMd-R,RT_Down_pro_L,0.0693696671167458,0.111035931945347,0.180405599062093,0.00133798161535264,0.0014379100864778,4.51663290909429,0.125005678959785
8,RR,30,PMv-R,RT_Down_pro_L,0.0467416704898194,0.0271790384055012,0.0739207088953206,0.000954539076645675,0.00103654405226048,4.53978105251431,0.131160082002137
8,RR,31,FEF-R,RT_Down_pro_L,0.0521538931940315,0.0329223477709166,0.0850762409649481,0.00092894272341716,0.00100744283504399,4.53946634650187,0.129491086875288
8,RR,32,POJ-R,RT_Down_pro_L,0.0952056760084504,0.0997953857040258,0.195001061712476,0.00160535800914054,0.00173733792918765,4.50570089189313,0.122771020504279
9,SJB,1,V1-L,RT_Down_pro_L,0.0495890666014972,0.116953140703669,0.166542207305166,0.00146355544269831,0.00159208582490465,4.56504771482803,0.135016211317205
9,SJB,2,V3-L,RT_Down_pro_L,0.0938510146443225,0.163031177707207,0.25688219235153,0.00180405326294655,0.00196483335179411,4.54483985153088,0.130611454546997
9,SJB,3,STS-L,RT_Down_pro_L,0.0843574208152357,0.0523653774197414,0.136722798234977,0.00122414956201582,0.00132933670130533,4.57399019659074,0.136187621799916
9,SJB,4,IPL-L,RT_Down_pro_L,0.0881969264604056,0.0419431465779924,0.130140073038398,0.00122545062593612,0.00133948335704153,4.57585811330526,0.137924350105096
9,SJB,5,SPL-L,RT_Down_pro_L,0.0832282263977109,0.0638074121179052,0.147035638515616,0.00132121521183965,0.00143747694616629,4.57263433997092,0.13698615236707
9,SJB,6,AG-L,RT_Down_pro_L,0.0604779514237272,0.10354668421532,0.164024635639048,0.00126068091587734,0.00136786773979117,4.57351891255098,0.136311393610613
9,SJB,7,mIPS-L,RT_Down_pro_L,0.0670232345648708,0.0826884564365243,0.149711691001395,0.00149801059821989,0.00163141278898219,4.56242634412267,0.137237123562788
9,SJB,8,VIP-L,RT_Down_pro_L,0.143444552296951,0.0326586993073452,0.176103251604297,0.00124561174388687,0.00135742452113223,4.57245607586426,0.135906547314095
9,SJB,9,SPOC-L,RT_Down_pro_L,0.086815203590295,0.0802850290978039,0.167100232688099,0.0016431202265466,0.00178880288956908,4.55600160549141,0.135733339210632
9,SJB,10,S1-L,RT_Down_pro_L,0.105317353974389,0.0653784988508802,0.170695852825269,0.00138029940147918,0.00150369778350713,4.56352079845302,0.135999297188011
9,SJB,11,M1-L,RT_Down_pro_L,0.0634788334781885,0.0970524188093047,0.160531252287493,0.00121984608485488,0.00132131673347816,4.57357270337847,0.13659117342937
9,SJB,12,SMA-L,RT_Down_pro_L,0.0283263891976351,0.0485293715119495,0.0768557607095846,0.000990029918563401,0.00108071113661404,4.58850775643577,0.140926283428049
9,SJB,13,PMd-L,RT_Down_pro_L,0.0661663469821698,0.052780569004875,0.118946915987045,0.00115343721226091,0.00124892790658511,4.57852590559421,0.138044259842218
9,SJB,14,PMv-L,RT_Down_pro_L,0.0500351877901594,0.0249254534387926,0.0749606412289521,0.000963085325639121,0.0010532718902077,4.59106330592157,0.140882639787054
9,SJB,15,FEF-L,RT_Down_pro_L,0.0644743250784222,0.0625110899520745,0.126985415030497,0.00133245691413441,0.00145377782321715,4.56866228043203,0.137740127689416
9,SJB,16,POJ-L,RT_Down_pro_L,0.116363648327414,0.0733423568713441,0.189706005198758,0.00168432588547415,0.00183532755526144,4.5518811561475,0.13504167812101
9,SJB,17,V1-R,RT_Down_pro_L,0.086962358308374,0.183593560728854,0.270555919037228,0.0020061926430592,0.00218433590423218,4.53860993193496,0.129543270020084
9,SJB,18,V3-R,RT_Down_pro_L,0.0867993160377567,0.0687193717782713,0.155518687816028,0.00151273787882731,0.00164509414996919,4.56182732732779,0.135095804476516
9,SJB,19,STS-R,RT_Down_pro_L,0.0671827231611221,0.0622644583009432,0.129447181462065,0.00144944972528252,0.00157906257918929,4.56585312911834,0.138293984536569
9,SJB,20,IPL-R,RT_Down_pro_L,0.155605677293913,0.0692608204836085,0.224866497777521,0.00161944578271114,0.00176149504981397,4.55392946004476,0.130517984172165
9,SJB,21,SPL-R,RT_Down_pro_L,0.0834624998707791,0.130668270238184,0.214130770108963,0.00188122575597013,0.00205108760884241,4.5442382273189,0.133292920169505
9,SJB,22,AG-R,RT_Down_pro_L,0.103664587230578,0.0641536488552828,0.167818236085861,0.00148012053761778,0.00160777803454296,4.56384101182433,0.135012102597341
9,SJB,23,mIPS-R,RT_Down_pro_L,0.0817388746890252,0.0646172233399419,0.146356098028967,0.00152179268076845,0.0016519483612116,4.56213665691607,0.13594837557518
9,SJB,24,VIP-R,RT_Down_pro_L,0.0848650900024407,0.0875469936102323,0.172412083612673,0.00156747809878099,0.00170892360464992,4.55903931107943,0.136110655422948
9,SJB,25,SPOC-R,RT_Down_pro_L,0.0838911325048065,0.135949732223605,0.219840864728412,0.00174764657344569,0.00189549875517612,4.54925700930319,0.132208462631104
9,SJB,26,S1-R,RT_Down_pro_L,0.157146415311821,0.0692634192917746,0.226409834603596,0.00140492810166485,0.00151862755007451,4.56347975029443,0.131744195247246
9,SJB,27,M1-R,RT_Down_pro_L,0.0482315772774475,0.113902525634248,0.162134102911696,0.00116882931405659,0.00126718526368002,4.57864642433515,0.136219611064868
9,SJB,28,SMA-R,RT_Down_pro_L,0.0262747733932114,0.0662574226373314,0.0925321960305428,0.00101337957145905,0.00110349152094884,4.58753639637746,0.13955632752396
9,SJB,29,PMd-R,RT_Down_pro_L,0.0296147794056889,0.107598388616986,0.137213168022674,0.00131680701310615,0.00143148916517727,4.57160328890656,0.138296205397865
9,SJB,30,PMv-R,RT_Down_pro_L,0.0636434993932067,0.0992037137052211,0.162847213098428,0.00142369773890464,0.00153569455915067,4.563912039629,0.133713235752581
9,SJB,31,FEF-R,RT_Down_pro_L,0.125263685319177,0.0665084100490815,0.191772095368259,0.00167178982778284,0.00181833734055956,4.55330426362415,0.134355423193609
9,SJB,32,POJ-R,RT_Down_pro_L,0.0990897149877384,0.0832755442941853,0.182365259281924,0.00156502216550223,0.0016903945933482,4.56105482878248,0.134122734757321
10,BG,1,V1-L,RT_Down_pro_L,0.0769127549766093,0.058412017479527,0.135324772456136,0.00126874500230897,0.00137891994460211,4.47473177149711,0.122985865270038
10,BG,2,V3-L,RT_Down_pro_L,0.043480577771971,0.0450740543543469,0.0885546321263179,0.000971409701630888,0.0010648552223308,4.49120717008406,0.126520526394167
10,BG,3,STS-L,RT_Down_pro_L,0.0540656757427093,0.0744593612694881,0.128525037012197,0.00131361997797361,0.00144497039191613,4.4711520954113,0.125257971746334
10,BG,4,IPL-L,RT_Down_pro_L,0.109234188623788,0.0400430701789738,0.149277258802762,0.00133848508728353,0.0014639737065475,4.47147204659787,0.125564370875423
10,BG,5,SPL-L,RT_Down_pro_L,0.0614755080005393,0.0643247884799458,0.125800296480485,0.00117577658971324,0.00128427594543535,4.48057454087595,0.125495694816192
10,BG,6,AG-L,RT_Down_pro_L,0.0721009368481698,0.0941677194336616,0.166268656281831,0.00139568525743443,0.00152469729347424,4.46677972040884,0.122598409743208
10,BG,7,mIPS-L,RT_Down_pro_L,0.049130697444659,0.06200197621564,0.111132673660299,0.00105616981201106,0.00115215503586008,4.48676671050179,0.125534871307761
10,BG,8,VIP-L,RT_Down_pro_L,0.0274233379945692,0.0935223380401247,0.120945676034694,0.00114958784972844,0.00126172749799963,4.48048192459135,0.12610631313613
10,BG,9,SPOC-L,RT_Down_pro_L,0.0651773847081798,0.0819340861670853,0.147111470875265,0.00139151731766748,0.00152706820211093,4.46827466880826,0.123470856338217
10,BG,10,S1-L,RT_Down_pro_L,0.115795283573072,0.0378602930491361,0.153655576622208,0.00123167574471597,0.00134012385850833,4.4749541155306,0.122257687892778
10,BG,11,M1-L,RT_Down_pro_L,0.0698687306180166,0.0403913088835266,0.110260039501543,0.00105863794990111,0.00115712068920994,4.48691771967857,0.126070167026358
10,BG,12,SMA-L,RT_Down_pro_L,0.0347904392212306,0.063639377431933,0.0984298166531636,0.00112918160321051,0.00123509771734046,4.48292644681342,0.128010435925208
10,BG,13,PMd-L,RT_Down_pro_L,0.0304418500762934,0.0784435521026905,0.108885402178984,0.000993944416555403,0.00109293460414458,4.48909291774687,0.126295124731671
10,BG,14,PMv-L,RT_Down_pro_L,0.0939175326750927,0.0715581908604863,0.165475723535579,0.0014392268948187,0.00157023854452602,4.46346564268101,0.119352674725318
10,BG,15,FEF-L,RT_Down_pro_L,0.0692523142835152,0.035053165342638,0.104305479626153,0.00101032551864734,0.00110800045614318,4.48918049909726,0.126379753803578
10,BG,16,POJ-L,RT_Down_pro_L,0.0828531604896594,0.110140154316205,0.192993314805865,0.00154611748930897,0.00168452279099874,4.45794453763282,0.121862177622175
10,BG,17,V1-R,RT_Down_pro_L,0.0472645867390174,0.0521002284084477,0.0993648151474651,0.00104045125571768,0.00113984910079263,4.48736547218685,0.126466268078941
10,BG,18,V3-R,RT_Down_pro_L,0.0627585669736892,0.0496542287492095,0.112412795722899,0.00110136217094633,0.00120906939468199,4.4837532172925,0.125517860655582
10,BG,19,STS-R,RT_Down_pro_L,0.0451508348439581,0.0424365572207229,0.087587392064681,0.000942466986830924,0.00102618839223002,4.493666263632,0.126197974813325
10,BG,20,IPL-R,RT_Down_pro_L,0.0753952467360832,0.0813839949861418,0.156779241722225,0.00147011610562235,0.00161103555969532,4.46467536822808,0.123963469493356
10,BG,21,SPL-R,RT_Down_pro_L,0.0846936771126936,0.0868197391242618,0.171513416236955,0.00145280129284968,0.00158662301845414,4.46606092971825,0.122117091539407
10,BG,22,AG-R,RT_Down_pro_L,0.0667388838621357,0.0671605174010953,0.133899401263231,0.00129319781275356,0.00141561672846618,4.47276143250372,0.125239857017655
10,BG,23,mIPS-R,RT_Down_pro_L,0.11616086114991,0.0570482859236049,0.173209147073515,0.00132642031269345,0.00145211806512308,4.47139987645508,0.122998998824588
10,BG,24,VIP-R,RT_Down_pro_L,0.0747907279226841,0.0855423949393779,0.160333122862062,0.00143528450058556,0.00157454030497188,4.46534385533158,0.124062407446527
10,BG,25,SPOC-R,RT_Down_pro_L,0.11685174252909,0.100395411466241,0.217247153995331,0.00152835672890483,0.00166038698629171,4.46028025034218,0.119828244737902
10,BG,26,S1-R,RT_Down_pro_L,0.0567742125789147,0.0744014725243806,0.131175685103295,0.0013337110883192,0.00146745544098431,4.4718019732563,0.124987476011929
10,BG,27,M1-R,RT_Down_pro_L,0.0667366810856466,0.0951997233855985,0.161936404471245,0.00130986373402503,0.00142953611115091,4.47326647964949,0.12411778268247
10,BG,28,SMA-R,RT_Down_pro_L,0.0508510624741601,0.0940942960349273,0.144945358509087,0.00134642854678092,0.00147195681775443,4.46909848172392,0.124680808503397
10,BG,29,PMd-R,RT_Down_pro_L,0.0330345931001351,0.100337536053151,0.133372129153286,0.00104381304217299,0.00113675857835972,4.48771204477076,0.125184817862051
10,BG,30,PMv-R,RT_Down_pro_L,0.101419508058224,0.0796774535186223,0.181096961576846,0.00147863714631378,0.0016065832316489,4.4608885586611,0.118816297394778
10,BG,31,FEF-R,RT_Down_pro_L,0.106160639911389,0.046344130272545,0.152504770183934,0.00129113255370295,0.00141521291586578,4.47178403108592,0.123712797028639
10,BG,32,POJ-R,RT_Down_pro_L,0.0922935995830157,0.0893743740950852,0.181667973678101,0.00138668721649677,0.0015200436163005,4.46820004985001,0.121939689528425
1,DOC,1,V1-L,RT_Down_pro_R,0.0550394227120458,0.0800452881870493,0.135084710899095,0.00114677150348684,0.00123164200750951,4.33387771797469,0.0842881157733515
1,DOC,2,V3-L,RT_Down_pro_R,0.0605181373007705,0.0795913011537007,0.140109438454471,0.00141800166695141,0.00153019360718314,4.31897330894138,0.0857058095026218
1,DOC,3,STS-L,RT_Down_pro_R,0.029075427789237,0.0279726725462702,0.0570481003355072,0.000659591162215389,0.000708120398848582,4.36882713816995,0.0885825726008199
1,DOC,4,IPL-L,RT_Down_pro_R,0.0517420789785194,0.0417152154296427,0.0934572944081621,0.000898881714565375,0.000962556468823085,4.35215205234345,0.0873287433257697
1,DOC,5,SPL-L,RT_Down_pro_R,0.0680886248013074,0.0620310708546539,0.130119695655961,0.00129024629482808,0.00138962157273114,4.32665713548679,0.0861310036712891
1,DOC,6,AG-L,RT_Down_pro_R,0.0498285996123967,0.0455215721419588,0.0953501717543556,0.000962583748842248,0.00103227844319537,4.34703140695497,0.0860131961198117
1,DOC,7,mIPS-L,RT_Down_pro_R,0.0688745032802355,0.0474380811795366,0.116312584459772,0.00123630558011184,0.00133046753495391,4.32965302402049,0.0864561199818318
1,DOC,8,VIP-L,RT_Down_pro_R,0.0912948846503347,0.0302732680094597,0.121568152659794,0.00101845386763334,0.00109362946277189,4.34336241996536,0.0862899182536119
1,DOC,9,SPOC-L,RT_Down_pro_R,0.0889786041279443,0.0451187349046693,0.134097339032614,0.00122951102286767,0.0013244298302389,4.32923210019402,0.0841507600567948
1,DOC,10,S1-L,RT_Down_pro_R,0.0747964794830568,0.072005672783605,0.146802152266662,0.00115579321624351,0.00124110598440266,4.33452556120236,0.0853486410165189
1,DOC,11,M1-L,RT_Down_pro_R,0.0607092664798396,0.0813565513802375,0.142065817860077,0.0011461668278065,0.0012327005802569,4.33443180812909,0.0848843920171068
1,DOC,12,SMA-L,RT_Down_pro_R,0.0360968123084661,0.0672604511816078,0.103357263490074,0.00108629929995562,0.00116699529848507,4.33850566119795,0.0870870217336565
1,DOC,13,PMd-L,RT_Down_pro_R,0.0339616551758292,0.0325312760395952,0.0664929312154244,0.000759813970871011,0.000818832223663234,4.35981961364704,0.0888842140949633
1,DOC,14,PMv-L,RT_Down_pro_R,0.0399067905236993,0.052853488756314,0.0927602792800133,0.00091408713137251,0.000988257602955344,4.34894091217994,0.0871033077883227
1,DOC,15,FEF-L,RT_Down_pro_R,0.0624140874390515,0.026097528346755,0.0885116157858065,0.000895292625573115,0.000961813934623753,4.35044206674042,0.087600514085205
1,DOC,16,POJ-L,RT_Down_pro_R,0.0569875193089195,0.0560876527061305,0.11307517201505,0.00116705033033366,0.00125884720270472,4.33278678338241,0.0864700774390893
1,DOC,17,V1-R,RT_Down_pro_R,0.0396485668266558,0.065400967399541,0.105049534226197,0.00100603811289285,0.00107682334284416,4.34423748473394,0.0859748080700585
1,DOC,18,V3-R,RT_Down_pro_R,0.048759827783674,0.0632299017005222,0.111989729484196,0.00106320347491814,0.00114329602631185,4.33973015407312,0.085908648386391
1,DOC,19,STS-R,RT_Down_pro_R,0.0655949012607794,0.0434673808500596,0.109062282110839,0.00116701329693175,0.00125825617970132,4.33263981376157,0.0871430714898935
1,DOC,20,IPL-R,RT_Down_pro_R,0.0522734036923717,0.0303606791843222,0.0826340828766939,0.000912343659695056,0.000985091607417083,4.34892270254156,0.0881280077265089
1,DOC,21,SPL-R,RT_Down_pro_R,0.0471272418194566,0.077240000382527,0.124367242201984,0.00120516071565392,0.00130206657594209,4.33057613032596,0.0864456198790964
1,DOC,22,AG-R,RT_Down_pro_R,0.0481116451368104,0.0600282636454174,0.108139908782228,0.00106490993602232,0.00114264651380412,4.33947526747371,0.0863417752291545
1,DOC,23,mIPS-R,RT_Down_pro_R,0.0318087850397846,0.0574394161433939,0.0892482011831786,0.000984511792601537,0.00105772580662292,4.34620799059001,0.0877371355423292
1,DOC,24,VIP-R,RT_Down_pro_R,0.0386824892209249,0.074858209266931,0.113540698487856,0.00101490884106573,0.00109178251017158,4.34174104045272,0.0861098195485925
1,DOC,25,SPOC-R,RT_Down_pro_R,0.0722270210990971,0.0354498811190094,0.107676902218106,0.00100669539222497,0.0010828231085635,4.34371533988337,0.0863116822239848
1,DOC,26,S1-R,RT_Down_pro_R,0.0602073628645867,0.0317350372841088,0.0919424001486955,0.000974746276392921,0.00104692177621102,4.34598627807128,0.0872519945231303
1,DOC,27,M1-R,RT_Down_pro_R,0.075707529149862,0.0492716474608681,0.12497917661073,0.000966475874564931,0.00103171598825771,4.3457647742751,0.0855484041955912
1,DOC,28,SMA-R,RT_Down_pro_R,0.0210935000592671,0.0659723340614394,0.0870658341207065,0.000870279020886931,0.000935083353783213,4.35326612731246,0.0875887639294721
1,DOC,29,PMd-R,RT_Down_pro_R,0.0362212841390417,0.0574287956995752,0.093650079838617,0.0010209748529018,0.0010986439275963,4.34183461508416,0.0877248898100968
1,DOC,30,PMv-R,RT_Down_pro_R,0.035806810154117,0.0639586903953639,0.0997655005494809,0.00103003888261606,0.0011057132247408,4.34307618588467,0.0871457665598841
1,DOC,31,FEF-R,RT_Down_pro_R,0.0513406090434352,0.0533989680937554,0.104739577137191,0.00107653624455641,0.00115907936529708,4.33847801473071,0.0869650008210092
1,DOC,32,POJ-R,RT_Down_pro_R,0.0622355530151838,0.0380194259886809,0.100254979003865,0.000946080141658189,0.00101719237139702,4.34752841278726,0.0869133707370058
2,GB,1,V1-L,RT_Down_pro_R,0.10461672295764,0.0532087929890428,0.157825515946683,0.00161357651967664,0.00174986926201302,4.64165524133614,0.140191939992159
2,GB,2,V3-L,RT_Down_pro_R,0.135848863417226,0.0503299866320064,0.186178850049232,0.00154554036146091,0.00167508969437369,4.6441970314723,0.139437918189857
2,GB,3,STS-L,RT_Down_pro_R,0.0937868025714735,0.0406392173221526,0.134426019893626,0.00135215206223123,0.00146400171605886,4.65399183171706,0.14135870725613
2,GB,4,IPL-L,RT_Down_pro_R,0.148076904250396,0.103848693869158,0.251925598119555,0.00191873295731519,0.00207479219270435,4.62541268701062,0.133983268881987
2,GB,5,SPL-L,RT_Down_pro_R,0.106227260143994,0.0875837127652712,0.193810972909265,0.00181707224065442,0.00196700954744117,4.63192009465457,0.139694104189336
2,GB,6,AG-L,RT_Down_pro_R,0.0644905236826855,0.0702340513055465,0.134724574988232,0.00139870536236291,0.00151465406528099,4.65294959824472,0.141417592375519
2,GB,7,mIPS-L,RT_Down_pro_R,0.12352278652572,0.0825517340887964,0.206074520614517,0.00174323495719247,0.00188524921036356,4.63631355817209,0.13709574440427
2,GB,8,VIP-L,RT_Down_pro_R,0.0955952655773498,0.0969943554837259,0.192589621061076,0.0016986701483855,0.00184363483436642,4.63748083687032,0.138006953473701
2,GB,9,SPOC-L,RT_Down_pro_R,0.0760705622840576,0.123421464807578,0.199492027091636,0.00171832856307218,0.00185666062754117,4.6373467791142,0.138588615106917
2,GB,10,S1-L,RT_Down_pro_R,0.0994637220255072,0.0865416563094142,0.186005378334921,0.00170589406084085,0.00185028843103016,4.6367425038246,0.13849097539073
2,GB,11,M1-L,RT_Down_pro_R,0.0702120851827901,0.108215871774634,0.178427956957424,0.00169246453853851,0.0018215917335139,4.63875324632707,0.138654048076023
2,GB,12,SMA-L,RT_Down_pro_R,0.0485938348109519,0.0580105902270415,0.106604425037993,0.00119573614354042,0.00130195033252897,4.66153061398223,0.142086607848177
2,GB,13,PMd-L,RT_Down_pro_R,0.0509217532382342,0.113304536845784,0.164226290084019,0.00132322699728983,0.00143096722486759,4.65541224239433,0.139235013846692
2,GB,14,PMv-L,RT_Down_pro_R,0.0550461292280848,0.0726260117699076,0.127672140997992,0.00135364635376438,0.00146882296014788,4.65341104822659,0.140923720521835
2,GB,15,FEF-L,RT_Down_pro_R,0.115116345204608,0.0805245062935826,0.19564085149819,0.00167217975623672,0.0018147437236324,4.63584275191462,0.138345068351924
2,GB,16,POJ-L,RT_Down_pro_R,0.0672958808215011,0.143815104950819,0.21111098577232,0.00156626759733131,0.00168549055538013,4.64303833005324,0.137852563539757
2,GB,17,V1-R,RT_Down_pro_R,0.0968485831877453,0.0659244871740527,0.162773070361798,0.00156656600209111,0.0016884216102196,4.6443402886589,0.139883152290199
2,GB,18,V3-R,RT_Down_pro_R,0.0748958092487327,0.0797578489342937,0.154653658183026,0.00159429243876455,0.0017208678085447,4.6434644169699,0.140692881986139
2,GB,19,STS-R,RT_Down_pro_R,0.113417877044038,0.0546169145712319,0.16803479161527,0.00154470789020019,0.00166578438512918,4.64479373686104,0.139161444146189
2,GB,20,IPL-R,RT_Down_pro_R,0.0824489460044933,0.0531734507809327,0.135622396785426,0.00156683029012181,0.00169979120915186,4.6430471147431,0.142165702673101
2,GB,21,SPL-R,RT_Down_pro_R,0.0706520397549029,0.0491401785002873,0.11979221825519,0.00130602935363437,0.00141019001745038,4.65659672871292,0.142015717510619
2,GB,22,AG-R,RT_Down_pro_R,0.0880901442067935,0.11100335372092,0.199093497927713,0.00175738978409611,0.00189226253450132,4.63572751592747,0.137707942833187
2,GB,23,mIPS-R,RT_Down_pro_R,0.0944623811304637,0.0805902721326527,0.175052653263116,0.0016414812689419,0.00177134440538003,4.64082132755718,0.140060214941572
2,GB,24,VIP-R,RT_Down_pro_R,0.0683941182689424,0.0791270115630239,0.147521129831966,0.00157259063392242,0.00170500570159285,4.64192734760358,0.141594710999467
2,GB,25,SPOC-R,RT_Down_pro_R,0.0721448175298681,0.126763952056519,0.198908769586387,0.00173306370918601,0.00187223831070617,4.63485080886194,0.137987817685076
2,GB,26,S1-R,RT_Down_pro_R,0.0835066432202764,0.0878523160569074,0.171358959277184,0.00180204263803899,0.00195171486509242,4.63241488140359,0.139652156041079
2,GB,27,M1-R,RT_Down_pro_R,0.0923386630624803,0.158085935228448,0.250424598290929,0.00215912165386781,0.00233474780010531,4.61547578060681,0.13479139811172
2,GB,28,SMA-R,RT_Down_pro_R,0.0636431830948142,0.0883180826765675,0.151961265771382,0.00151577597583077,0.00165408226176102,4.64268504316411,0.139591508046742
2,GB,29,PMd-R,RT_Down_pro_R,0.0692648417873349,0.0997745024446293,0.169039344231964,0.00158635851189245,0.00171744051178639,4.64195826479955,0.137843989869032
2,GB,30,PMv-R,RT_Down_pro_R,0.0505913553980499,0.054893619566683,0.105484974964733,0.00128830119211385,0.00139801605563513,4.6569468700223,0.14284216434044
2,GB,31,FEF-R,RT_Down_pro_R,0.0692744964060824,0.0547052091177613,0.123979705523844,0.00110497793103377,0.00119092002017627,4.66517930636901,0.139462637129829
2,GB,32,POJ-R,RT_Down_pro_R,0.0756578451202763,0.104939764428143,0.180597609548419,0.00172150936813186,0.00186431085731666,4.63681948094793,0.13946459884202
3,JDC,1,V1-L,RT_Down_pro_R,0.0441763064445469,0.0804587290938809,0.124635035538428,0.0013944057240785,0.00151644752784238,4.74827189635994,0.162199153451466
3,JDC,2,V3-L,RT_Down_pro_R,0.0514232180949035,0.0820010451391308,0.133424263234034,0.00128526558572668,0.00139254636762023,4.75352289712689,0.160260969801217
3,JDC,3,STS-L,RT_Down_pro_R,0.0733826437330691,0.0632330380673931,0.136615681800462,0.00149673075050007,0.00162735073487662,4.74374155306412,0.161664921948117
3,JDC,4,IPL-L,RT_Down_pro_R,0.0946238412001808,0.0651871602275643,0.159811001427745,0.00153900672102624,0.0016556605934647,4.7412920201702,0.157534353455143
3,JDC,5,SPL-L,RT_Down_pro_R,0.0802963919362952,0.0933265528180103,0.173622944754306,0.00175102927511666,0.00189581511535695,4.73327920982695,0.157358120974019
3,JDC,6,AG-L,RT_Down_pro_R,0.105845926475569,0.0619844324995581,0.167830358975127,0.0015132419382469,0.00164440810247364,4.74032381902908,0.158956873325088
3,JDC,7,mIPS-L,RT_Down_pro_R,0.101372472301409,0.0475905488885108,0.14896302118992,0.00161989300217893,0.00175418113437613,4.73928629424256,0.160642996479339
3,JDC,8,VIP-L,RT_Down_pro_R,0.10019212729539,0.0842870877724633,0.184479215067853,0.00193152309705914,0.00209258204849083,4.7249244387115,0.159302293419207
3,JDC,9,SPOC-L,RT_Down_pro_R,0.0822318897723144,0.160643736539728,0.242875626312043,0.00208691008611257,0.00226322429717975,4.71717362667987,0.154891908536237
3,JDC,10,S1-L,RT_Down_pro_R,0.078340841883031,0.0592246946654599,0.137565536548491,0.00139281600344498,0.0015143238448843,4.7476158607751,0.16252440905125
3,JDC,11,M1-L,RT_Down_pro_R,0.060480101476678,0.0957386011101309,0.156218702586809,0.00149252119788349,0.00161274760838867,4.74329911860526,0.160624713238789
3,JDC,12,SMA-L,RT_Down_pro_R,0.064861722925514,0.097822642254099,0.162684365179613,0.00181935552924447,0.00197222086057955,4.7287979225789,0.161629032254729
3,JDC,13,PMd-L,RT_Down_pro_R,0.0710240311581211,0.08091235472588,0.151936385884001,0.00180078095357838,0.00194707805864091,4.73048401246569,0.162081019326931
3,JDC,14,PMv-L,RT_Down_pro_R,0.0814565795846072,0.0676044059311694,0.149060985515777,0.00146645692573786,0.00157507943623939,4.74585806746269,0.160656093926745
3,JDC,15,FEF-L,RT_Down_pro_R,0.117843126941563,0.0723734530543827,0.190216579995945,0.00193859712373248,0.0021019855735257,4.72341006230778,0.16059860024766
3,JDC,16,POJ-L,RT_Down_pro_R,0.128310678603307,0.0781982406606163,0.206508919263923,0.00181742505716136,0.00195808721719089,4.72825787870661,0.156404448090525
3,JDC,17,V1-R,RT_Down_pro_R,0.0530545208397002,0.122205097323991,0.175259618163691,0.00151476111716008,0.00164108108922592,4.74317407469186,0.159938529675814
3,JDC,18,V3-R,RT_Down_pro_R,0.17947672551779,0.0719944710514299,0.25147119656922,0.00200441303126781,0.00218416742927645,4.72078733538195,0.156145094530585
3,JDC,19,STS-R,RT_Down_pro_R,0.0948741609458569,0.0512789093664007,0.146153070312258,0.00167806856506151,0.00181727555247882,4.73640608067682,0.162134244174657
3,JDC,20,IPL-R,RT_Down_pro_R,0.0763634229416926,0.13099794508143,0.207361368023122,0.00205670463148995,0.00222907876413767,4.72118239573881,0.158603616004686
3,JDC,21,SPL-R,RT_Down_pro_R,0.0669545073027108,0.134490027727937,0.201444535030648,0.00191010743091063,0.0020652446333253,4.72812874072279,0.159270579853689
3,JDC,22,AG-R,RT_Down_pro_R,0.135565545087265,0.0602645332335396,0.195830078320805,0.00181495652148164,0.00196127600127087,4.7287295703145,0.159015418131904
3,JDC,23,mIPS-R,RT_Down_pro_R,0.134574847726708,0.0766026950006128,0.211177542727321,0.00196019958089765,0.0021198470043732,4.72444537243327,0.158861125142076
3,JDC,24,VIP-R,RT_Down_pro_R,0.0924533881316458,0.119968899617944,0.21242228774959,0.00205144339576286,0.0022229225578803,4.72125951723578,0.158679189580927
3,JDC,25,SPOC-R,RT_Down_pro_R,0.112475792147074,0.15835305186444,0.270828844011514,0.00219436649435808,0.00238389181801107,4.7123577545785,0.153871236588188
3,JDC,26,S1-R,RT_Down_pro_R,0.0880167543752685,0.103870625646044,0.191887380021313,0.00187267433715504,0.00202258485503992,4.72783653437769,0.15995114026294
3,JDC,27,M1-R,RT_Down_pro_R,0.0786498866796,0.0965735441901402,0.17522343086974,0.00175796850774602,0.00189070328611563,4.7332618624374,0.160623976771515
3,JDC,28,SMA-R,RT_Down_pro_R,0.110969707078739,0.0752549418459792,0.186224648924718,0.00190508992174649,0.0020564157124603,4.72619243739421,0.160491674953583
3,JDC,29,PMd-R,RT_Down_pro_R,0.0602341542393421,0.0842221309298039,0.144456285169146,0.00156801335028883,0.00169449173534234,4.74168917496863,0.161650387123122
3,JDC,30,PMv-R,RT_Down_pro_R,0.0719351448753033,0.118050075898646,0.189985220773949,0.00186398168784979,0.00201058613518421,4.72837583446455,0.159575209195523
3,JDC,31,FEF-R,RT_Down_pro_R,0.103358799435145,0.14001438004464,0.243373179479785,0.00209798506269833,0.00225311072623204,4.71765194732975,0.156019189591353
3,JDC,32,POJ-R,RT_Down_pro_R,0.208277407720573,0.168368612599957,0.37664602032053,0.0026240956565033,0.00282357350476487,4.69572531092635,0.143295194512839
4,JFXD,1,V1-L,RT_Down_pro_R,0.0823812841409833,0.0976010524745004,0.179982336615484,0.00154898820517509,0.00167682794857914,4.35700102295027,0.0885173695677364
4,JFXD,2,V3-L,RT_Down_pro_R,0.0821692715019447,0.0477391218712048,0.129908393373149,0.00128600386637308,0.00138573178336314,4.37204372948856,0.093695415784788
4,JFXD,3,STS-L,RT_Down_pro_R,0.0705572613731182,0.0908705326040165,0.161427793977135,0.00156304402902819,0.00168510185435014,4.35710022433769,0.091249015301512
4,JFXD,4,IPL-L,RT_Down_pro_R,0.053410440382324,0.0381952522389517,0.0916056926212756,0.00107302676583774,0.00115608304635338,4.3855703723054,0.0948102965530215
4,JFXD,5,SPL-L,RT_Down_pro_R,0.0463054834699439,0.0439389730447072,0.0902444565146511,0.00107263888093023,0.00115398899300788,4.38473386571677,0.0952126234173803
4,JFXD,6,AG-L,RT_Down_pro_R,0.0514462806097619,0.0500010148921719,0.101447295501934,0.00111888252801479,0.00120055763022845,4.38318201151207,0.0945171230989115
4,JFXD,7,mIPS-L,RT_Down_pro_R,0.0425707102787581,0.0406583870040892,0.0832290972828474,0.000932443810310761,0.000996517139598891,4.39528782763975,0.0947715092649367
4,JFXD,8,VIP-L,RT_Down_pro_R,0.0625782864837039,0.0456844428811356,0.108262729364839,0.00121381991250645,0.00130810758664375,4.37691771412564,0.0944180101193479
4,JFXD,9,SPOC-L,RT_Down_pro_R,0.0816358947489157,0.0439174203189473,0.125553315067863,0.00122760190071881,0.00132234465664729,4.37679027545624,0.0934481885552188
4,JFXD,10,S1-L,RT_Down_pro_R,0.0359798455255742,0.0291368645725769,0.0651167100981511,0.000909336955785562,0.000984661246874617,4.39527374724873,0.0964871272349573
4,JFXD,11,M1-L,RT_Down_pro_R,0.0248855034774771,0.0174447129114327,0.0423302163889098,0.000658470419528886,0.000711950203777775,4.41419471980572,0.0970882921539949
4,JFXD,12,SMA-L,RT_Down_pro_R,0.0684741214126594,0.0604776982130459,0.128951819625705,0.00113298428694274,0.00121824226407096,4.38247093600501,0.0919120854562594
4,JFXD,13,PMd-L,RT_Down_pro_R,0.0363082732057229,0.0159993869922533,0.0523076601979762,0.000614465939922821,0.000660593056425712,4.41819563291233,0.0956400954176718
4,JFXD,14,PMv-L,RT_Down_pro_R,0.0629550792547611,0.149861413669479,0.21281649292424,0.0016127591793817,0.00173526448070102,4.35414921601339,0.0844345874802781
4,JFXD,15,FEF-L,RT_Down_pro_R,0.0705425371860465,0.092234778925408,0.162777316111455,0.0013485487152354,0.00145525383273609,4.36703270431835,0.0857746533917379
4,JFXD,16,POJ-L,RT_Down_pro_R,0.0522395608851241,0.0649455971349498,0.117185158020074,0.00120651553023939,0.00130375684682881,4.37847055377205,0.093697390929935
4,JFXD,17,V1-R,RT_Down_pro_R,0.0621346409530105,0.052111783899792,0.114246424852803,0.00117087566945864,0.00126967615719841,4.37964307588499,0.0935723789334222
4,JFXD,18,V3-R,RT_Down_pro_R,0.0617723892315094,0.0467832294074167,0.108555618638926,0.00106943977086711,0.00115372768659532,4.38491402698031,0.0941020021180568
4,JFXD,19,STS-R,RT_Down_pro_R,0.0821037048093013,0.0355495721410831,0.117653276950384,0.00104920910556421,0.00113572980063091,4.38603016957066,0.0935122946655796
4,JFXD,20,IPL-R,RT_Down_pro_R,0.0419080018563419,0.0718884796619775,0.113796481518319,0.00116468613847351,0.00126069725366951,4.38058698117328,0.0940026987942712
4,JFXD,21,SPL-R,RT_Down_pro_R,0.0448717329907934,0.0429464539466093,0.0878181869374027,0.00104405696730492,0.00113525077141416,4.38662800950513,0.0948370864249848
4,JFXD,22,AG-R,RT_Down_pro_R,0.0435969763908083,0.0487925130421672,0.0923894894329756,0.00103475199148017,0.00111193397155167,4.38810140538143,0.0945246241162131
4,JFXD,23,mIPS-R,RT_Down_pro_R,0.0418297194373762,0.0398345780255405,0.0816642974629166,0.000966173157959167,0.00103900455889821,4.39312848113777,0.0948354119659956
4,JFXD,24,VIP-R,RT_Down_pro_R,0.0397198388547759,0.0861652803400667,0.125885119194843,0.00118399062827942,0.00128188726585971,4.37837696815262,0.0931117090037435
4,JFXD,25,SPOC-R,RT_Down_pro_R,0.04757584525295,0.0497417163722592,0.0973175616252092,0.00109685354232831,0.00118662949827026,4.38449274420836,0.0944182176509882
4,JFXD,26,S1-R,RT_Down_pro_R,0.0508319741565973,0.0489831080070868,0.0998150821636842,0.00106226616279404,0.00115294339921565,4.38539546251817,0.0945351519633307
4,JFXD,27,M1-R,RT_Down_pro_R,0.0632453213668493,0.0513761737712875,0.114621495138137,0.00120273210470742,0.00130534721575971,4.37750608708068,0.0942433567879782
4,JFXD,28,SMA-R,RT_Down_pro_R,0.0720874800143754,0.0624106215571543,0.13449810157153,0.00120217980159629,0.00129348430318457,4.37881798134457,0.0923132369492218
4,JFXD,29,PMd-R,RT_Down_pro_R,0.0476738042856528,0.0733504623462912,0.121024266631944,0.00116063553591848,0.0012644354679627,4.37853338751259,0.093600099406153
4,JFXD,30,PMv-R,RT_Down_pro_R,0.0387193268144802,0.0637859795165036,0.102505306330984,0.000929924763685895,0.00100741658146561,4.39309688871935,0.0940923730411962
4,JFXD,31,FEF-R,RT_Down_pro_R,0.0696151852045402,0.029094878510556,0.0987100637150962,0.000929586825612936,0.00100490771213918,4.39451111925273,0.0947350618531179
4,JFXD,32,POJ-R,RT_Down_pro_R,0.0473982217553782,0.048002517016897,0.0954007387722752,0.00107198061638891,0.00115942795086465,4.38469405263945,0.0945618783468911
5,JZ,1,V1-L,RT_Down_pro_R,0.0917870215670327,0.0518654886695791,0.143652510236612,0.00151397093808034,0.0016323754884856,4.55065821363651,0.123820973551194
5,JZ,2,V3-L,RT_Down_pro_R,0.0970804881993432,0.072229063579922,0.169309551779265,0.00157620566880035,0.0017062398091378,4.5476001929209,0.122006037849634
5,JZ,3,STS-L,RT_Down_pro_R,0.0537087476823623,0.0359189268633926,0.0896276745457549,0.00108498881362521,0.0011777073831652,4.57300304287756,0.126199395269281
5,JZ,4,IPL-L,RT_Down_pro_R,0.0630401052705102,0.181566379726838,0.244606484997349,0.00173770459796402,0.00187415159113097,4.54071981565852,0.118644375129243
5,JZ,5,SPL-L,RT_Down_pro_R,0.085227985896363,0.051544236376768,0.136772222273131,0.0011725599964984,0.00126273892798587,4.57052323271242,0.123856935986333
5,JZ,6,AG-L,RT_Down_pro_R,0.119154212258373,0.0625405471351254,0.181694759393499,0.0014778964741167,0.00159765136923426,4.55294163143436,0.121642884300521
5,JZ,7,mIPS-L,RT_Down_pro_R,0.0616552924776134,0.0501411863626755,0.111796478840289,0.00123515832703146,0.00133423643485546,4.56584534032124,0.124319921231326
5,JZ,8,VIP-L,RT_Down_pro_R,0.100698960404319,0.0445462983711557,0.145245258775475,0.00132531809713304,0.00143020303295181,4.5624033245029,0.123547895194048
5,JZ,9,SPOC-L,RT_Down_pro_R,0.0430907591936289,0.084468144484794,0.127558903678423,0.00126909624404374,0.00136731815484078,4.56378282918961,0.123878098067208
5,JZ,10,S1-L,RT_Down_pro_R,0.151240566760199,0.219592961516224,0.370833528276423,0.00215482780778478,0.00231840971437414,4.51843844960942,0.111503788821491
5,JZ,11,M1-L,RT_Down_pro_R,0.0462301473656484,0.214631330046263,0.260861477411911,0.00177207635854614,0.00191701481820158,4.53748020973276,0.118358470002125
5,JZ,12,SMA-L,RT_Down_pro_R,0.045090908906218,0.0678226863915381,0.112913595297756,0.00125803798935168,0.00135622023551845,4.56550224011772,0.124501194431296
5,JZ,13,PMd-L,RT_Down_pro_R,0.0852470226917764,0.0735948728193633,0.15884189551114,0.00156242589788903,0.00168242326923489,4.54834402684051,0.122250872573755
5,JZ,14,PMv-L,RT_Down_pro_R,0.0372488592393531,0.0456269152441543,0.0828757744835074,0.00111871356770107,0.00121324109649025,4.57142213366934,0.126657723966198
5,JZ,15,FEF-L,RT_Down_pro_R,0.0602805968108928,0.0512133193267554,0.111493916137648,0.00122240770390227,0.00132480290231697,4.56736278715259,0.123233660175064
5,JZ,16,POJ-L,RT_Down_pro_R,0.0553279691452034,0.110052792545551,0.165380761690754,0.00133132748890403,0.0014315341375533,4.55962366380264,0.121454964689078
5,JZ,17,V1-R,RT_Down_pro_R,0.0670411652202391,0.0809435469227191,0.147984712142958,0.00139335035818619,0.00150474042376842,4.55603922469137,0.122040976454578
5,JZ,18,V3-R,RT_Down_pro_R,0.119095657186266,0.0629900800093949,0.182085737195661,0.00156906756201284,0.00168884952563239,4.54715681934018,0.121307990576027
5,JZ,19,STS-R,RT_Down_pro_R,0.087864284264527,0.05334012097881,0.141204405243337,0.00131653251794578,0.00142176938707123,4.5604760398373,0.122613906064414
5,JZ,20,IPL-R,RT_Down_pro_R,0.0910968496712962,0.0607233846475583,0.151820234318854,0.00139784986355894,0.00151151350127875,4.5559767898219,0.123777401440848
5,JZ,21,SPL-R,RT_Down_pro_R,0.118681762332329,0.0757224712139242,0.194404233546253,0.00172142342670002,0.00186513979293355,4.54012386339386,0.121332972805461
5,JZ,22,AG-R,RT_Down_pro_R,0.0603795085575715,0.067188335321035,0.127567843878606,0.00143272017659554,0.00155083999849394,4.55554545845439,0.12491660768991
5,JZ,23,mIPS-R,RT_Down_pro_R,0.0472138206605694,0.0609685456562131,0.108182366316783,0.00123606567424489,0.00133175506412022,4.56659815587031,0.124776948167205
5,JZ,24,VIP-R,RT_Down_pro_R,0.110778662479072,0.0604962008894492,0.171274863368521,0.00147678517320775,0.00159354376760855,4.55162586929739,0.121184197349991
5,JZ,25,SPOC-R,RT_Down_pro_R,0.0852901779557776,0.0983061379665227,0.1835963159223,0.00160114142197168,0.00172531940193687,4.54596313722468,0.12107118537407
5,JZ,26,S1-R,RT_Down_pro_R,0.0746207375335476,0.0416409453540196,0.116261682887567,0.00143270971255286,0.00155573430205306,4.55441089284761,0.125847724743989
5,JZ,27,M1-R,RT_Down_pro_R,0.0876415521785629,0.076504201695187,0.16414575387375,0.00150554336209936,0.00162840595116297,4.55118026684003,0.12203215390814
5,JZ,28,SMA-R,RT_Down_pro_R,0.0598793967122044,0.0783925444260064,0.138271941138211,0.00151261281216288,0.00164191752505725,4.5509438760889,0.124364254363391
5,JZ,29,PMd-R,RT_Down_pro_R,0.0527024330679891,0.0789164588056106,0.1316188918736,0.00140133255897599,0.00151524610942022,4.55740549052708,0.123673528043347
5,JZ,30,PMv-R,RT_Down_pro_R,0.0862525821625209,0.0452979867479604,0.131550568910481,0.00125834818731024,0.00135495752833883,4.56362663957604,0.123419536136567
5,JZ,31,FEF-R,RT_Down_pro_R,0.0522844402620355,0.0556339587621132,0.107918399024149,0.00113688195896315,0.00122445231966463,4.57100335035903,0.124848393225997
5,JZ,32,POJ-R,RT_Down_pro_R,0.0751899352157676,0.0577025404724893,0.132892475688257,0.00122121754606567,0.00132165543238897,4.56577545359455,0.123141840509948
6,LT,1,V1-L,RT_Down_pro_R,0.0410410956767374,0.0519269269506082,0.0929680226273456,0.000951769968981827,0.00102334354185823,4.426778285731,0.0970429478495655
6,LT,2,V3-L,RT_Down_pro_R,0.0646582451621793,0.0840316801011298,0.148689925263309,0.00134251278469259,0.00144207765940469,4.40402219072168,0.0936013577683976
6,LT,3,STS-L,RT_Down_pro_R,0.0820655839960616,0.0563525659704613,0.138418149966523,0.00136673203081515,0.00147518129759161,4.40298381156572,0.09376485653578
6,LT,4,IPL-L,RT_Down_pro_R,0.0562052393994462,0.0988527911335183,0.155058030532964,0.00140563213898471,0.00151189208213863,4.40272767884178,0.0946642193086753
6,LT,5,SPL-L,RT_Down_pro_R,0.0445498028055792,0.0669415464522142,0.111491349257793,0.00118387205096985,0.00127642186681544,4.41251277621148,0.0965892879252899
6,LT,6,AG-L,RT_Down_pro_R,0.0693599485548005,0.036669085745685,0.106029034300486,0.00106148807870169,0.00114532386242472,4.42039791497506,0.0961017834896106
6,LT,7,mIPS-L,RT_Down_pro_R,0.0296939162578815,0.0509803203080187,0.0806742365659002,0.000931349222323027,0.00100139458694357,4.42817072136196,0.0974001322148898
6,LT,8,VIP-L,RT_Down_pro_R,0.0908735368128034,0.06967133138998,0.160544868202783,0.00141219714050423,0.0015194671245403,4.4016486082827,0.0939395320529022
6,LT,9,SPOC-L,RT_Down_pro_R,0.0714319580768964,0.0454826942187033,0.1169146522956,0.00128096908598481,0.00138289009694005,4.40806150903957,0.0962856777666133
6,LT,10,S1-L,RT_Down_pro_R,0.0958606250284941,0.124517387844364,0.220378012872858,0.00156274798306232,0.00166575676650093,4.39416703009423,0.0891345738102007
6,LT,11,M1-L,RT_Down_pro_R,0.0676298071854957,0.0727486583105122,0.140378465496008,0.00121064742454261,0.00129591509718948,4.41543793174343,0.0939647861834271
6,LT,12,SMA-L,RT_Down_pro_R,0.0690987013523001,0.0597618140727217,0.128860515425022,0.0012052114926503,0.00129934948046065,4.41285476895997,0.0950749135115382
6,LT,13,PMd-L,RT_Down_pro_R,0.0355081547135751,0.0562228809377084,0.0917310356512835,0.00108325527586395,0.0011698655174629,4.41883928722868,0.0979470164058137
6,LT,14,PMv-L,RT_Down_pro_R,0.0508961648966789,0.0581109208048128,0.109007085701492,0.00103105355339441,0.00110919589315686,4.42213486254728,0.0958953674623449
6,LT,15,FEF-L,RT_Down_pro_R,0.0821991344252992,0.0620424801142454,0.144241614539545,0.00140724405424669,0.00151497127026861,4.40129712410982,0.094389687179629
6,LT,16,POJ-L,RT_Down_pro_R,0.0400068600381967,0.0404495689980573,0.080456429036254,0.000913046817357161,0.00097936864219228,4.43098489971044,0.0974480272179481
6,LT,17,V1-R,RT_Down_pro_R,0.0471521562886249,0.0550024795276399,0.102154635816265,0.000990352840692545,0.00106312240613438,4.4251359423113,0.0965524048849944
6,LT,18,V3-R,RT_Down_pro_R,0.0681277210382439,0.0710602159992098,0.139187937037454,0.00139801137259318,0.00150512394793818,4.39978239640127,0.0948658932570347
6,LT,19,STS-R,RT_Down_pro_R,0.0590721709079317,0.0302608621788836,0.0893330330868153,0.00106111698136718,0.00114158827377008,4.41999271032831,0.0978896674543147
6,LT,20,IPL-R,RT_Down_pro_R,0.0547404168623994,0.029167353023011,0.0839077698854103,0.000835499537893137,0.000893355165163332,4.43572968665759,0.0978368923946968
6,LT,21,SPL-R,RT_Down_pro_R,0.0379764343363977,0.0533265753639004,0.0913030097002982,0.00103105224446902,0.00111221411995872,4.42213821555075,0.0973058170055559
6,LT,22,AG-R,RT_Down_pro_R,0.0556290013427206,0.093939846101423,0.149568847444144,0.00131039175645991,0.00140426187004867,4.40522324906033,0.0928685016104825
6,LT,23,mIPS-R,RT_Down_pro_R,0.0583648852402536,0.0642056906046071,0.122570575844861,0.00123534745690921,0.00132599935598187,4.41010365398102,0.0957538153612426
6,LT,24,VIP-R,RT_Down_pro_R,0.0330732673503249,0.0514478996082306,0.0845211669585555,0.000887329615928173,0.000953919824480915,4.43148794052516,0.0979186572266962
6,LT,25,SPOC-R,RT_Down_pro_R,0.0736036624448031,0.0605767094249244,0.134180371869727,0.00132035006753696,0.00142495039130181,4.40553625947477,0.0953620852857073
6,LT,26,S1-R,RT_Down_pro_R,0.0543617994776037,0.0404391021382964,0.0948009016159001,0.00106844741686726,0.0011474591121574,4.41980238753723,0.0975286144231632
6,LT,27,M1-R,RT_Down_pro_R,0.0359219439979965,0.0449201405906501,0.0808420845886466,0.00101272511107631,0.00108849360554233,4.42315469423996,0.0979388433760617
6,LT,28,SMA-R,RT_Down_pro_R,0.0747669709457423,0.0682751933431042,0.143042164288847,0.00139096924959558,0.00149768964407656,4.4017713675772,0.0942781536553261
6,LT,29,PMd-R,RT_Down_pro_R,0.0370212026844683,0.0335057270304398,0.0705269297149081,0.000860100555463602,0.000921750811665476,4.43366415289161,0.0978313227588623
6,LT,30,PMv-R,RT_Down_pro_R,0.0425436119614333,0.033635824670268,0.0761794366317014,0.000965035124244292,0.00104419536170355,4.42499754458048,0.0983647045823747
6,LT,31,FEF-R,RT_Down_pro_R,0.0440368686562784,0.0489923595416469,0.0930292281979253,0.00115036135625632,0.00124117393299906,4.41405468418549,0.0981547096738745
6,LT,32,POJ-R,RT_Down_pro_R,0.104587669320985,0.0585399247396567,0.163127594060642,0.00143927555734693,0.00154831507884761,4.39769841569597,0.0931394636917501
7,NvA,1,V1-L,RT_Down_pro_R,0.0410103180968033,0.0805012411333984,0.121511559230202,0.00140497262598647,0.00151916920638379,4.5545496419291,0.126118093924776
7,NvA,2,V3-L,RT_Down_pro_R,0.078885625398051,0.108461325882408,0.187346951280459,0.00172017203856009,0.00184384096873775,4.53692218738264,0.119809373067045
7,NvA,3,STS-L,RT_Down_pro_R,0.0897194108170669,0.0520114753214842,0.141730886138551,0.00140999141802166,0.00151619679357205,4.55100149973428,0.123309843973976
7,NvA,4,IPL-L,RT_Down_pro_R,0.0474834812687427,0.0851097019565376,0.13259318322528,0.00129705761657022,0.00139366631209958,4.5581814397933,0.125917853254799
7,NvA,5,SPL-L,RT_Down_pro_R,0.0683506925670575,0.101090343313278,0.169441035880336,0.00149983253515151,0.00161498193725615,4.54532231648186,0.121984257202584
7,NvA,6,AG-L,RT_Down_pro_R,0.0616835808311733,0.0544325153294389,0.116116096160612,0.00116868057841857,0.00125900408225001,4.56494973656191,0.125878148387644
7,NvA,7,mIPS-L,RT_Down_pro_R,0.0913863400113368,0.0654306171566988,0.156816957168036,0.00151949019659141,0.00163780715345329,4.545583573397,0.124798745609888
7,NvA,8,VIP-L,RT_Down_pro_R,0.0917226413164082,0.0560295540893361,0.147752195405744,0.00160603372821628,0.00173879593445827,4.5417027107216,0.125404762466464
7,NvA,9,SPOC-L,RT_Down_pro_R,0.102554213436848,0.0907380605711224,0.193292274007971,0.00178702869711894,0.00192684380952082,4.53371639768238,0.120613654715594
7,NvA,10,S1-L,RT_Down_pro_R,0.0576395305305471,0.0599626581173469,0.117602188647894,0.00125044352412768,0.0013447338170878,4.56032457853294,0.126402800100261
7,NvA,11,M1-L,RT_Down_pro_R,0.0703282267807728,0.0600465622725622,0.130374789053335,0.00139969413760771,0.00151169953796945,4.55199204395577,0.125554898123831
7,NvA,12,SMA-L,RT_Down_pro_R,0.0567538820479745,0.0355152592025841,0.0922691412505586,0.00115105059973328,0.00124280590787119,4.56540321308378,0.127423117042536
7,NvA,13,PMd-L,RT_Down_pro_R,0.0396795925390319,0.0960034101676539,0.135683002706686,0.00130140628781764,0.00139969373590898,4.5565847974803,0.125629352755968
7,NvA,14,PMv-L,RT_Down_pro_R,0.0535743703643033,0.0465784418114147,0.100152812175718,0.00117841146534002,0.00127124834564484,4.56393677090281,0.127339361948503
7,NvA,15,FEF-L,RT_Down_pro_R,0.0582284456971742,0.0309877972055462,0.0892162429027203,0.00109593741389109,0.00117896941049934,4.5693940082075,0.12773428680818
7,NvA,16,POJ-L,RT_Down_pro_R,0.0451221046781989,0.0746759574043259,0.119798062082525,0.00129749511816647,0.00139513738990691,4.55739337950625,0.12537188869956
7,NvA,17,V1-R,RT_Down_pro_R,0.100853975448368,0.0477332603293176,0.148587235777686,0.0014149364140931,0.00152459891948746,4.55468627571291,0.124274529486753
7,NvA,18,V3-R,RT_Down_pro_R,0.122236722201053,0.0845278631515131,0.206764585352566,0.00169769990258264,0.00182138977946114,4.53994394394566,0.121838550406143
7,NvA,19,STS-R,RT_Down_pro_R,0.0589676495589992,0.0720120348557549,0.130979684414754,0.00134443689084532,0.00145273029358087,4.5557731001905,0.125922532478534
7,NvA,20,IPL-R,RT_Down_pro_R,0.0681156939099639,0.0968340758981432,0.164949769808107,0.00160475095774358,0.00174345153662961,4.54065424566888,0.123820356941707
7,NvA,21,SPL-R,RT_Down_pro_R,0.140099542053816,0.0855749340568543,0.225674476110671,0.00172440229454821,0.00184719099891977,4.53674148082158,0.116624639006632
7,NvA,22,AG-R,RT_Down_pro_R,0.0859914297299596,0.0796294713110627,0.165620901041022,0.0013848449334381,0.00148416559206731,4.55547606238325,0.122025331990668
7,NvA,23,mIPS-R,RT_Down_pro_R,0.0965036845056421,0.0338726400553315,0.130376324560974,0.00127865233957668,0.00138141420947764,4.55883044675934,0.126505263692434
7,NvA,24,VIP-R,RT_Down_pro_R,0.0456007766156292,0.133611142317672,0.179211918933301,0.00139450517918787,0.00150478303895785,4.55172704091901,0.123538329070289
7,NvA,25,SPOC-R,RT_Down_pro_R,0.163181544753663,0.179171798523915,0.342353343277577,0.00238694872950928,0.00255748271343759,4.50625629902992,0.110416374441173
7,NvA,26,S1-R,RT_Down_pro_R,0.0770054998780554,0.0591679765817719,0.136173476459827,0.00137276998541029,0.00148042671654338,4.55437156616392,0.124981217875491
7,NvA,27,M1-R,RT_Down_pro_R,0.0667942355460625,0.046622185154563,0.113416420700625,0.00114570195098391,0.00123755724653422,4.56558439232242,0.126423484251533
7,NvA,28,SMA-R,RT_Down_pro_R,0.0556070523033118,0.0509144660559353,0.106521518359247,0.001261973061825,0.00136361741304301,4.55854767346265,0.127626355745738
7,NvA,29,PMd-R,RT_Down_pro_R,0.0370057577251923,0.0446699072413607,0.081675664966553,0.00104429126025519,0.00112858763454849,4.57185465642381,0.12798518876718
7,NvA,30,PMv-R,RT_Down_pro_R,0.0323458524978915,0.046145007591471,0.0784908600893625,0.000958426116530321,0.00103260280696006,4.57622235110551,0.128056978007048
7,NvA,31,FEF-R,RT_Down_pro_R,0.0627225930663595,0.077331378287043,0.140053971353403,0.00165292660210913,0.00179238789634649,4.53859408470641,0.125898517915813
7,NvA,32,POJ-R,RT_Down_pro_R,0.101651488115712,0.133412891944325,0.235064380060037,0.00170074784942562,0.0018259321346275,4.53789824692412,0.119072575414475
8,RR,1,V1-L,RT_Down_pro_R,0.0706356481442057,0.0428175700519025,0.113453218196108,0.00136171325762181,0.00147017301788119,4.7220684684336,0.16125506007653
8,RR,2,V3-L,RT_Down_pro_R,0.0514342580406093,0.131139821900636,0.182574079941245,0.00185128832511298,0.00200457870027194,4.69747394173939,0.157425384634599
8,RR,3,STS-L,RT_Down_pro_R,0.070118500629399,0.0686370711537747,0.138755571783174,0.00163527981755465,0.0017705653764255,4.70748005743378,0.160731200566622
8,RR,4,IPL-L,RT_Down_pro_R,0.084543554697642,0.0978528175567592,0.182396372254401,0.00177953057842622,0.00192073227870347,4.70086612324561,0.158608795351151
8,RR,5,SPL-L,RT_Down_pro_R,0.10227286454665,0.104715665618675,0.206988530165325,0.0019436163679249,0.00209559632058402,4.69354577325478,0.155845323637162
8,RR,6,AG-L,RT_Down_pro_R,0.127787660747922,0.0637780850960784,0.191565745844,0.00176817838087921,0.00190703100452054,4.70197810882552,0.157528751308757
8,RR,7,mIPS-L,RT_Down_pro_R,0.0974914347527991,0.0445878093416475,0.142079244094447,0.00158493724303588,0.00171259065386716,4.71082375074906,0.159778404204968
8,RR,8,VIP-L,RT_Down_pro_R,0.123562906126947,0.104885379013867,0.228448285140814,0.00208637223702657,0.00224971011545449,4.68823177653543,0.154911977666484
8,RR,9,SPOC-L,RT_Down_pro_R,0.105597654338451,0.110552658325624,0.216150312664075,0.00202724830090171,0.00219006328474014,4.69121218444738,0.156522161798065
8,RR,10,S1-L,RT_Down_pro_R,0.110977069133244,0.0840395094530145,0.195016578586259,0.00191325862280517,0.00206855890966654,4.69397657405803,0.157982205551637
8,RR,11,M1-L,RT_Down_pro_R,0.101770935246047,0.0529629056361525,0.154733840882199,0.00149375302726474,0.00161318164334727,4.71315480911917,0.158487918462674
8,RR,12,SMA-L,RT_Down_pro_R,0.05220465733665,0.145311926843065,0.197516584179715,0.00183159353090913,0.00198477475687306,4.69807413050206,0.156840541438325
8,RR,13,PMd-L,RT_Down_pro_R,0.0463701012388228,0.0900880640020076,0.13645816524083,0.00137004410737175,0.00147953689636081,4.71907124030513,0.158034384317736
8,RR,14,PMv-L,RT_Down_pro_R,0.0845987478783697,0.0543919575527615,0.138990705431131,0.00141020629509739,0.00152185551846639,4.71646136288296,0.159903857613135
8,RR,15,FEF-L,RT_Down_pro_R,0.0632196809002896,0.0575425735402584,0.120762254440548,0.00140823036322238,0.00152442263904405,4.71787842062802,0.161225188448985
8,RR,16,POJ-L,RT_Down_pro_R,0.115521577896997,0.0953396512779391,0.210861229174936,0.00186161422855543,0.00200028832145735,4.69781057300801,0.154202844968283
8,RR,17,V1-R,RT_Down_pro_R,0.0839876904845224,0.0551038491611842,0.139091539645707,0.00153091027479635,0.001654975924787,4.71245341800527,0.159066506453457
8,RR,18,V3-R,RT_Down_pro_R,0.129884565015475,0.109401732861509,0.239286297876984,0.00201597363223669,0.00218458010400834,4.68766229838615,0.152121844606498
8,RR,19,STS-R,RT_Down_pro_R,0.0814183751276418,0.0584764800590579,0.1398948551867,0.00149618674755119,0.00163098889075123,4.71331035682076,0.15964407116027
8,RR,20,IPL-R,RT_Down_pro_R,0.106558975672251,0.0885445058837726,0.195103481556023,0.00171212350546711,0.00185350397416115,4.70333509279956,0.155996860111547
8,RR,21,SPL-R,RT_Down_pro_R,0.0827462976048563,0.102804134255175,0.185550431860032,0.00172740560055918,0.00186736537204866,4.70358533142986,0.154596486133212
8,RR,22,AG-R,RT_Down_pro_R,0.0661656892556367,0.167271006591298,0.233436695846935,0.00173557682772423,0.00187335423551746,4.70094101911139,0.154736287366307
8,RR,23,mIPS-R,RT_Down_pro_R,0.0805381162185805,0.0947368729801294,0.17527498919871,0.00181932245791056,0.00196980255080124,4.69970390210387,0.157988941033884
8,RR,24,VIP-R,RT_Down_pro_R,0.128183423376719,0.128674394535448,0.256857817912166,0.00214809216551464,0.00232612324699477,4.68295449627436,0.151404173651682
8,RR,25,SPOC-R,RT_Down_pro_R,0.161416512306728,0.0875342657819667,0.248950778088694,0.00213116453147543,0.00231011752574155,4.68638706563645,0.154534179740219
8,RR,26,S1-R,RT_Down_pro_R,0.0977145593004663,0.0835475891493713,0.181262148449838,0.00174052876836945,0.00188293066883457,4.70295195089028,0.157065770772971
8,RR,27,M1-R,RT_Down_pro_R,0.153139748995378,0.132158420568236,0.285298169563615,0.00220931935705882,0.00238108004137107,4.68121124552899,0.146143778023747
8,RR,28,SMA-R,RT_Down_pro_R,0.0306712002209277,0.166685022030453,0.197356222251381,0.00179027901590519,0.00194202646690111,4.69941448131827,0.158692446483742
8,RR,29,PMd-R,RT_Down_pro_R,0.0656772708978933,0.116597441126105,0.182274712023998,0.00150660744544572,0.0016265014551875,4.71120464085734,0.155508022635245
8,RR,30,PMv-R,RT_Down_pro_R,0.0508783021507875,0.0320830253450282,0.0829613274958158,0.00114603260677043,0.00124385143859429,4.73141623949938,0.162792595531384
8,RR,31,FEF-R,RT_Down_pro_R,0.0670428385730629,0.0457655875973496,0.112808426170413,0.00124830365968725,0.00135321784330681,4.72608248773934,0.160708065604459
8,RR,32,POJ-R,RT_Down_pro_R,0.113912884665037,0.0900159072307613,0.203928791895798,0.00185876204527404,0.00200996548996408,4.69833767663402,0.154887156778054
9,SJB,1,V1-L,RT_Down_pro_R,0.0666308794304442,0.171157963342287,0.237788842772731,0.00179064749595067,0.00195387102631465,4.63150135566347,0.146782820362007
9,SJB,2,V3-L,RT_Down_pro_R,0.120779845147958,0.188655507152917,0.309435352300876,0.00211454851633413,0.00230734441303292,4.61224646637344,0.142762919448203
9,SJB,3,STS-L,RT_Down_pro_R,0.092370301220079,0.0441842625207933,0.136554563740872,0.00118507572181885,0.0012889534681518,4.65822110791221,0.152134732663363
9,SJB,4,IPL-L,RT_Down_pro_R,0.10958572437804,0.0523511024099379,0.161936826787978,0.00142989401859852,0.00155870717017713,4.64650342329847,0.152919425715796
9,SJB,5,SPL-L,RT_Down_pro_R,0.0718649348941375,0.0870052119298525,0.15887014682399,0.00165261342444514,0.00181136127866137,4.63715701236224,0.154499090673182
9,SJB,6,AG-L,RT_Down_pro_R,0.0934479774788184,0.0861468522177019,0.17959482969652,0.00153439166761724,0.00166831978406676,4.64195422461021,0.151664557827591
9,SJB,7,mIPS-L,RT_Down_pro_R,0.0618584482563442,0.0966129926107582,0.158471440867102,0.00157344738741433,0.00171824931619877,4.63951381311293,0.153317607207562
9,SJB,8,VIP-L,RT_Down_pro_R,0.127272651409068,0.0692963666705323,0.1965690180796,0.00164250204275293,0.00178716010610375,4.63447163956299,0.149387226008087
9,SJB,9,SPOC-L,RT_Down_pro_R,0.0859843397853269,0.0892743703912882,0.175258710176615,0.0018735465228318,0.00204968263695578,4.62795129207724,0.152187255358045
9,SJB,10,S1-L,RT_Down_pro_R,0.109565936375434,0.055556091435091,0.165122027810525,0.00135352692338627,0.00147225904260828,4.64980189249837,0.153656507708268
9,SJB,11,M1-L,RT_Down_pro_R,0.0646633581023336,0.112303656462054,0.176967014564388,0.00157702662298179,0.0017213941345878,4.6382143791845,0.153346715678041
9,SJB,12,SMA-L,RT_Down_pro_R,0.0484813298857239,0.0746683069295269,0.123149636815251,0.00125609390770303,0.00136518000488805,4.65367411621988,0.154498098364034
9,SJB,13,PMd-L,RT_Down_pro_R,0.0644989224775297,0.0680025089010976,0.132501431378627,0.00149406868038838,0.00163083338848395,4.64340364426698,0.15456174952089
9,SJB,14,PMv-L,RT_Down_pro_R,0.0452459127089174,0.0289290300264885,0.0741749427354059,0.00108794579091609,0.00118849589629199,4.66480262051426,0.158265934897654
9,SJB,15,FEF-L,RT_Down_pro_R,0.0570752642614123,0.0792284643630966,0.136303728624509,0.00152218032709968,0.00166326987412898,4.64108586559798,0.154383985963771
9,SJB,16,POJ-L,RT_Down_pro_R,0.11991597465503,0.0940748758000391,0.21399085045507,0.0018286263509953,0.00200004977764888,4.62819614168469,0.149036754948621
9,SJB,17,V1-R,RT_Down_pro_R,0.0909692638398346,0.116969198666557,0.207938462506392,0.00173120452898629,0.00189398862184105,4.63399973483299,0.150525800461164
9,SJB,18,V3-R,RT_Down_pro_R,0.0877431257755899,0.0728139986527439,0.160557124428334,0.00145568937128456,0.00159017544354299,4.64641813158311,0.150553044910252
9,SJB,19,STS-R,RT_Down_pro_R,0.0510360517479502,0.0877477614231791,0.138783813171129,0.00150807816038851,0.00164525940295921,4.64261897198133,0.154814065244886
9,SJB,20,IPL-R,RT_Down_pro_R,0.101306091001517,0.0502789707829228,0.15158506178444,0.0014135099164337,0.00154034878744287,4.64683462428931,0.15319314313938
9,SJB,21,SPL-R,RT_Down_pro_R,0.137026493467612,0.12338503604751,0.260411529515122,0.00195912796658845,0.00212286619680929,4.62265411591113,0.141953826359231
9,SJB,22,AG-R,RT_Down_pro_R,0.143843698911989,0.1321624471227,0.276006146034689,0.00206111727178416,0.0022348551334543,4.62088697621821,0.144429822670373
9,SJB,23,mIPS-R,RT_Down_pro_R,0.0899933801366123,0.0592710991842546,0.149264479320867,0.00162426055364791,0.00177149723428953,4.63722486703578,0.151524953035427
9,SJB,24,VIP-R,RT_Down_pro_R,0.0757227490542484,0.0853125592997487,0.161035308353997,0.00153319957117715,0.00167255954636496,4.6416745122523,0.152361103626082
9,SJB,25,SPOC-R,RT_Down_pro_R,0.112771062938936,0.196641876742247,0.309412939681183,0.00210649748542846,0.0022837799859967,4.61815442830267,0.141684361455492
9,SJB,26,S1-R,RT_Down_pro_R,0.127199684635796,0.0621070773153478,0.189306761951144,0.00162649273757105,0.00177336017911007,4.63623504420725,0.150114824810119
9,SJB,27,M1-R,RT_Down_pro_R,0.0876037475644049,0.101723709731883,0.189327457296288,0.00160682431429389,0.00175415138233852,4.63785686848075,0.150520032121294
9,SJB,28,SMA-R,RT_Down_pro_R,0.0618530862827674,0.0539700944384736,0.115823180721241,0.00117631599131284,0.00128115270438587,4.65957280734568,0.15502996712563
9,SJB,29,PMd-R,RT_Down_pro_R,0.0812163554761268,0.0489586214498502,0.130174976925977,0.00135766256260555,0.00148513569179826,4.64850669060998,0.154948489517738
9,SJB,30,PMv-R,RT_Down_pro_R,0.0566589456666027,0.0891424770931646,0.145801422759767,0.00154512666280671,0.00169491146369549,4.63935134083721,0.154157976955236
9,SJB,31,FEF-R,RT_Down_pro_R,0.077281376511493,0.0407380356561282,0.118019412167621,0.0011675581387336,0.00126900272059814,4.66028160772391,0.155063611015169
9,SJB,32,POJ-R,RT_Down_pro_R,0.116773753681364,0.119570140389268,0.236343894070632,0.00185412908136441,0.0020111709139186,4.62932193721779,0.147865511504868
10,BG,1,V1-L,RT_Down_pro_R,0.101669357019626,0.0478331989674502,0.149502555987076,0.00148777961432214,0.00160442467675489,4.51872035902267,0.115503247573335
10,BG,2,V3-L,RT_Down_pro_R,0.0409213469725683,0.0455201436553993,0.0864414906279676,0.0010246150037174,0.00111112365354828,4.5456673388326,0.117772091568194
10,BG,3,STS-L,RT_Down_pro_R,0.0543340876731682,0.0805652378925489,0.134899325565717,0.00139898237412159,0.00151482168878393,4.52481242790773,0.115803051728338
10,BG,4,IPL-L,RT_Down_pro_R,0.0751416814554148,0.0692507607369846,0.144392442192399,0.00159134484636398,0.00172724914825498,4.51448886220872,0.114267821739297
10,BG,5,SPL-L,RT_Down_pro_R,0.0831802059083996,0.0402151205540362,0.123395326462436,0.00136155456951789,0.00147091362497942,4.52778542797481,0.117137564208109
10,BG,6,AG-L,RT_Down_pro_R,0.0718943785766211,0.0660654360246031,0.137959814601224,0.00133608214243901,0.00144441085882911,4.52902480542951,0.115620643859016
10,BG,7,mIPS-L,RT_Down_pro_R,0.0437319143143044,0.0913247285742991,0.135056642888604,0.0012633429232066,0.00135657058373071,4.53390541411739,0.115897674326905
10,BG,8,VIP-L,RT_Down_pro_R,0.102847775309636,0.0902322367907927,0.193080012100428,0.00182627887347888,0.00197957843866173,4.50345695056914,0.114604029253216
10,BG,9,SPOC-L,RT_Down_pro_R,0.121077191007112,0.0715803968020959,0.192657587809208,0.00164727077734081,0.00176861362729498,4.51327882947801,0.111725404899047
10,BG,10,S1-L,RT_Down_pro_R,0.125334837358428,0.0717278857423756,0.197062723100804,0.0016822812302841,0.00181655403968556,4.5093005943639,0.112868301742428
10,BG,11,M1-L,RT_Down_pro_R,0.0533270971871809,0.0627598895572945,0.116086986744475,0.00122466402124364,0.00132523464571783,4.53454178533878,0.116836085712529
10,BG,12,SMA-L,RT_Down_pro_R,0.0361888348425647,0.109364187013404,0.145553021855969,0.00139812772744129,0.00150522144095621,4.52556731345356,0.115322299660044
10,BG,13,PMd-L,RT_Down_pro_R,0.027641692461534,0.0956298646856498,0.123271557147184,0.00106015706241084,0.00113315905036553,4.5444319918687,0.116272225372825
10,BG,14,PMv-L,RT_Down_pro_R,0.0562694211665142,0.0347062206470416,0.0909756418135558,0.00114383165707524,0.00123266842237816,4.53885983191326,0.117910658799185
10,BG,15,FEF-L,RT_Down_pro_R,0.0848942770659411,0.060254776304349,0.14514905337029,0.00151940800213465,0.00164649919979578,4.51768749584812,0.11593785457823
10,BG,16,POJ-L,RT_Down_pro_R,0.0841622035637964,0.0595399738895663,0.143702177453363,0.00133447538003384,0.0014409387939599,4.52720670341513,0.114327861475358
10,BG,17,V1-R,RT_Down_pro_R,0.0572819272163946,0.0680835266490405,0.125365453865435,0.00126898843425965,0.00138031588910892,4.52999189327179,0.116328103631864
10,BG,18,V3-R,RT_Down_pro_R,0.0666812835402637,0.0537352619376796,0.120416545477943,0.00108648824350394,0.00117837233252608,4.54016829589586,0.115141868636376
10,BG,19,STS-R,RT_Down_pro_R,0.0517387206131556,0.0456647473578536,0.0974034679710092,0.000974437578028952,0.00105654030124642,4.54722365150555,0.116594742586285
10,BG,20,IPL-R,RT_Down_pro_R,0.0699584950728036,0.0676133986079267,0.13757189368073,0.00133332782087741,0.0014472665093323,4.52786951922145,0.11552023792391
10,BG,21,SPL-R,RT_Down_pro_R,0.0627032744458096,0.0616346602650058,0.124337934710815,0.00136523379469577,0.00146556630458645,4.52763081691153,0.11559732616734
10,BG,22,AG-R,RT_Down_pro_R,0.0674182275631855,0.0464294278387644,0.11384765540195,0.00131013533772218,0.001420195836506,4.5298872850457,0.117670764244188
10,BG,23,mIPS-R,RT_Down_pro_R,0.139100441776707,0.050771028746337,0.189871470523044,0.00162147268720652,0.0017632163240293,4.51262670904172,0.1140371884988
10,BG,24,VIP-R,RT_Down_pro_R,0.0665888321965231,0.0738444580838746,0.140433290280398,0.00141147390230829,0.00152652306790244,4.52457523813127,0.115972737381815
10,BG,25,SPOC-R,RT_Down_pro_R,0.115014597255165,0.121662931028987,0.236677528284152,0.00189355395935529,0.00204107258744568,4.49940061309988,0.109974064739119
10,BG,26,S1-R,RT_Down_pro_R,0.0596714636378171,0.0783007401096789,0.137972203747496,0.00140523725245716,0.00152390873611207,4.52397226534537,0.114807279933641
10,BG,27,M1-R,RT_Down_pro_R,0.0945068560591507,0.0953294349819973,0.189836291041148,0.00152805054217981,0.00164561315701543,4.51720281224733,0.111886263378675
10,BG,28,SMA-R,RT_Down_pro_R,0.0331581309312948,0.109195041630351,0.142353172561646,0.00138518051630831,0.00149494701247864,4.52637082286362,0.116115261545099
10,BG,29,PMd-R,RT_Down_pro_R,0.0258742614866915,0.0847341000173601,0.110608361504052,0.00100898943145578,0.00108747298200914,4.54728348885464,0.116978383226348
10,BG,30,PMv-R,RT_Down_pro_R,0.0549581479444998,0.0885911288693551,0.143549276813855,0.00138763297511744,0.00149928891679887,4.52515346301193,0.114519600501423
10,BG,31,FEF-R,RT_Down_pro_R,0.0775964705621923,0.0263146917652379,0.10391116232743,0.000996583451972736,0.00107736550179885,4.54649746015814,0.116966743259642
10,BG,32,POJ-R,RT_Down_pro_R,0.057455156438351,0.0938479528954732,0.151303109333824,0.00140498981843758,0.00151661558823728,4.52571057730624,0.114970695093685
1,DOC,1,V1-L,RT_Down_anti_L,0.0800701814472474,0.0544802687377736,0.134550450185021,0.00132275121800786,0.0014163079344051,4.39315877941591,0.0859995108947497
1,DOC,2,V3-L,RT_Down_anti_L,0.0839880398089399,0.0475304777265056,0.131518517535445,0.00116630287356051,0.00124865945152308,4.40257417575847,0.0869946881603777
1,DOC,3,STS-L,RT_Down_anti_L,0.0617017971720099,0.0163394362870202,0.0780412334590301,0.000864619038675492,0.00092442333769951,4.42100864716274,0.0885316753552421
1,DOC,4,IPL-L,RT_Down_anti_L,0.0566142370118965,0.0614352256189486,0.118049462630845,0.00116696723441453,0.00124756020444879,4.40194846187136,0.0870158717552857
1,DOC,5,SPL-L,RT_Down_anti_L,0.0638780961420321,0.0419434402760753,0.105821536418107,0.0011619715174369,0.00124737128248363,4.40142383035912,0.0886549416853463
1,DOC,6,AG-L,RT_Down_anti_L,0.0599391139302779,0.0514502331789341,0.111389347109212,0.00121787221876425,0.00130292009433529,4.39924549333456,0.0872401037330225
1,DOC,7,mIPS-L,RT_Down_anti_L,0.0759116903295766,0.0569988916350213,0.132910581964598,0.00127312301113222,0.00136143293328874,4.39611880679956,0.0872389412822207
1,DOC,8,VIP-L,RT_Down_anti_L,0.101192105527866,0.0370638895190307,0.138255995046896,0.00118897009246015,0.00127090097590081,4.40033077022507,0.0871722269060206
1,DOC,9,SPOC-L,RT_Down_anti_L,0.0684871835281828,0.107136825054227,0.17562400858241,0.0014183610461248,0.00151108876838778,4.38568316143473,0.0818937536519117
1,DOC,10,S1-L,RT_Down_anti_L,0.0716246899032612,0.0880850423844128,0.159709732287674,0.00120318454685817,0.00128006747535705,4.39840567649685,0.0846482013253058
1,DOC,11,M1-L,RT_Down_anti_L,0.0306931384377811,0.0980575310932483,0.128750669531029,0.0010445336015713,0.00111178001364445,4.40998816045495,0.0869218681105183
1,DOC,12,SMA-L,RT_Down_anti_L,0.0244451045735202,0.0694094823886779,0.093854586962198,0.00104825663767682,0.0011187086628133,4.40866462306993,0.0890157274047304
1,DOC,13,PMd-L,RT_Down_anti_L,0.0459666792988014,0.0543703187007879,0.100336997999589,0.00114121272980649,0.00122140578980897,4.40263222209535,0.0886348110507715
1,DOC,14,PMv-L,RT_Down_anti_L,0.0328188305709289,0.0523433120803558,0.0851621426512847,0.000976387925441857,0.00104718752471583,4.41321350246845,0.0888722042837733
1,DOC,15,FEF-L,RT_Down_anti_L,0.0642376925330837,0.0196460032635187,0.0838836957966024,0.000852332359437759,0.000909071604702958,4.42187485965909,0.089032101272888
1,DOC,16,POJ-L,RT_Down_anti_L,0.0347897501365994,0.121303826540416,0.156093576677015,0.00119729737014132,0.00127111948478351,4.4011439753499,0.0855123211785934
1,DOC,17,V1-R,RT_Down_anti_L,0.0430500333922122,0.0705739081339376,0.11362394152615,0.00112751651599654,0.00120275992520812,4.40486220760178,0.0866672617664564
1,DOC,18,V3-R,RT_Down_anti_L,0.0502231177760485,0.0741050063556574,0.124328124131706,0.00119798970447664,0.00127932687050233,4.40142793309475,0.0857847654874059
1,DOC,19,STS-R,RT_Down_anti_L,0.0773798010941459,0.0702115649911169,0.147591366085263,0.0013231765175219,0.00141302593127916,4.39210511004495,0.0852144588484718
1,DOC,20,IPL-R,RT_Down_anti_L,0.0847277723094697,0.034347097120043,0.119074869429513,0.00120899310554571,0.00129185038906669,4.39902836556005,0.087704722601984
1,DOC,21,SPL-R,RT_Down_anti_L,0.0636809967035141,0.039476906611053,0.103157903314567,0.00108351843370862,0.00115561067303087,4.40744023760324,0.0879380608544101
1,DOC,22,AG-R,RT_Down_anti_L,0.0609993269435452,0.0689974248243441,0.129996751767889,0.00120635825848126,0.00128630580557201,4.39979368687055,0.0851780863695238
1,DOC,23,mIPS-R,RT_Down_anti_L,0.0500001293426335,0.065360281656818,0.115360410999452,0.00117133675309028,0.00125212290218772,4.4012934620568,0.0873649125704788
1,DOC,24,VIP-R,RT_Down_anti_L,0.0639613591737268,0.0323498928768374,0.0963112520505641,0.00103214472230879,0.00110023422389416,4.40977378986765,0.088057739165192
1,DOC,25,SPOC-R,RT_Down_anti_L,0.0436880687654859,0.0695063579054574,0.113194426670943,0.0012393129603888,0.00132529655459482,4.39787623625873,0.0872116270619617
1,DOC,26,S1-R,RT_Down_anti_L,0.0953685582882225,0.0403579357891187,0.135726494077341,0.0013475078764912,0.00144351781141141,4.39157141377418,0.0868379366204263
1,DOC,27,M1-R,RT_Down_anti_L,0.0646330195791217,0.0487851951447273,0.113418214723849,0.00106585448092407,0.00113996019269629,4.40737353339742,0.087324997673913
1,DOC,28,SMA-R,RT_Down_anti_L,0.0339202847234148,0.050043401798286,0.0839636865217008,0.00098541965792723,0.0010520874370346,4.41468073342335,0.089083311337188
1,DOC,29,PMd-R,RT_Down_anti_L,0.0350023253810242,0.0555466595566652,0.0905489849376894,0.000924405248273299,0.000988295228191726,4.41664083990632,0.0880365830557936
1,DOC,30,PMv-R,RT_Down_anti_L,0.0352719539039569,0.0415709764318095,0.0768429303357664,0.000978601087782892,0.00104601480852102,4.41373567778314,0.0894899552124219
1,DOC,31,FEF-R,RT_Down_anti_L,0.046962201558742,0.0439314672664754,0.0908936688252175,0.00106567245468667,0.00114000042945233,4.40757086065548,0.0892290616217178
1,DOC,32,POJ-R,RT_Down_anti_L,0.0370163240119962,0.0594853223519637,0.0965016463639599,0.00112460319954647,0.0012035178016517,4.40586346638679,0.088513131565588
2,GB,1,V1-L,RT_Down_anti_L,0.0515495751328098,0.0735632247200501,0.12511279985286,0.00136162261593568,0.00146845989083275,4.76778067767725,0.158605027205341
2,GB,2,V3-L,RT_Down_anti_L,0.110314872326969,0.105043862878868,0.215358735205838,0.00189470682879148,0.00204515478708721,4.74001117496649,0.153475238223299
2,GB,3,STS-L,RT_Down_anti_L,0.0668396103037842,0.0502429093292693,0.117082519633053,0.00140759872573135,0.00152314881162726,4.76447753834973,0.15950153227194
2,GB,4,IPL-L,RT_Down_anti_L,0.144020388069934,0.140752837008408,0.284773225078342,0.00229386101819154,0.00247780404626023,4.72455897529508,0.147945369533651
2,GB,5,SPL-L,RT_Down_anti_L,0.137454814409027,0.0925320618382497,0.229986876247277,0.00217347474910779,0.00234398919910801,4.72933577248574,0.155283246961966
2,GB,6,AG-L,RT_Down_anti_L,0.112300935882702,0.0750925570931837,0.187393492975886,0.00160208095258362,0.00171433094767485,4.75691925609859,0.154322640029957
2,GB,7,mIPS-L,RT_Down_anti_L,0.181353593655944,0.0980360096156298,0.279389603271574,0.00227662341100627,0.00244669053777855,4.72786763792002,0.150687321360154
2,GB,8,VIP-L,RT_Down_anti_L,0.153754958673534,0.0930350150131764,0.24678997368671,0.00204032351590234,0.00219653858332872,4.73495434366579,0.152356015918525
2,GB,9,SPOC-L,RT_Down_anti_L,0.103033867901812,0.166120670881517,0.269154538783329,0.00218977163691516,0.00234877955480466,4.73016633267922,0.151272237127714
2,GB,10,S1-L,RT_Down_anti_L,0.104741536808584,0.129920427055853,0.234661963864437,0.00214161080014759,0.00231642969929338,4.73137782237579,0.152312043864759
2,GB,11,M1-L,RT_Down_anti_L,0.119675508452004,0.118787052117284,0.238462560569288,0.00237153406494471,0.00257429238503704,4.72308826972891,0.154026106881839
2,GB,12,SMA-L,RT_Down_anti_L,0.0736173332713625,0.0747660762419495,0.148383409513312,0.0016666144965925,0.00180411352559337,4.75162368063881,0.157926257365218
2,GB,13,PMd-L,RT_Down_anti_L,0.0726008161607849,0.128093649271511,0.200694465432296,0.00193471059598983,0.00208535493976519,4.74012115824849,0.155888788912134
2,GB,14,PMv-L,RT_Down_anti_L,0.0525411585369204,0.0804702878912966,0.133011446428217,0.0013762981191131,0.00148049132344239,4.76429484316181,0.157196936876283
2,GB,15,FEF-L,RT_Down_anti_L,0.104856833145943,0.108102678413274,0.212959511559217,0.00213576231614301,0.00230515937111139,4.72975452776929,0.155774676712041
2,GB,16,POJ-L,RT_Down_anti_L,0.100046691755477,0.185286746735316,0.285333438490792,0.00220833706831372,0.00237245962389349,4.72964514629964,0.1506850814711
2,GB,17,V1-R,RT_Down_anti_L,0.095615218061219,0.1071300622908,0.202745280352019,0.00191340501449873,0.00205728913834659,4.74051868160733,0.154676938526596
2,GB,18,V3-R,RT_Down_anti_L,0.0799569778690353,0.0469084125263403,0.126865390395376,0.00148260562610945,0.00159767867079191,4.76085135378983,0.158779166240534
2,GB,19,STS-R,RT_Down_anti_L,0.111421313567644,0.0492499165221505,0.160671230089795,0.00156503344335591,0.00168391536186197,4.75663071109691,0.15727962572582
2,GB,20,IPL-R,RT_Down_anti_L,0.0741554144950064,0.0793844649988079,0.153539879493814,0.00177390543841604,0.00191567793571171,4.74758906247012,0.157988792709054
2,GB,21,SPL-R,RT_Down_anti_L,0.1016350100793,0.0633671061669882,0.165002116246288,0.00190890528853722,0.00206673349746461,4.74108672912321,0.158688583128686
2,GB,22,AG-R,RT_Down_anti_L,0.0719953878358279,0.0938496772372795,0.165845065073107,0.00173446552948616,0.00187475325161888,4.74794744395607,0.155095930669295
2,GB,23,mIPS-R,RT_Down_anti_L,0.0824880416589959,0.0662489332857178,0.148736974944714,0.00179164549873057,0.00194418567237444,4.74579308155235,0.158958187353445
2,GB,24,VIP-R,RT_Down_anti_L,0.0680571035585524,0.0745403057922256,0.142597409350778,0.00165685568745507,0.00179662387158723,4.75195032662612,0.159028586822403
2,GB,25,SPOC-R,RT_Down_anti_L,0.0923010566997499,0.0908900765529108,0.183191133252661,0.00174115328319736,0.00187650698773257,4.74822568120425,0.156683387570718
2,GB,26,S1-R,RT_Down_anti_L,0.0971583214445227,0.0538747670905383,0.151033088535061,0.00154467044489457,0.00166197460858086,4.75808742056731,0.157926848724494
2,GB,27,M1-R,RT_Down_anti_L,0.0959620504115287,0.10995106214839,0.205913112559919,0.00175065622160087,0.00189075066431942,4.7465057175811,0.152867264916639
2,GB,28,SMA-R,RT_Down_anti_L,0.0989889313835182,0.0878579500201748,0.186846881403693,0.00168969004059339,0.00183078543387337,4.74805964056989,0.155439417217163
2,GB,29,PMd-R,RT_Down_anti_L,0.0711649059156464,0.120830264675507,0.191995170591153,0.00166880305878427,0.00179256010535027,4.74965886440159,0.153870712482793
2,GB,30,PMv-R,RT_Down_anti_L,0.0701871051320462,0.0490412210659714,0.119228326198018,0.00145954061351409,0.00157880216731303,4.76103034519563,0.159332622438519
2,GB,31,FEF-R,RT_Down_anti_L,0.0737887824710633,0.0846133803754411,0.158402162846504,0.00156257340060266,0.00168883368312247,4.75478643570825,0.157341377588274
2,GB,32,POJ-R,RT_Down_anti_L,0.0569489427547209,0.132943390971888,0.189892333726609,0.00183735770217639,0.00198155729114517,4.74468358080774,0.156893608781354
3,JDC,1,V1-L,RT_Down_anti_L,0.0559814411638664,0.0879933585243367,0.143974799688203,0.0014901034280684,0.00159857142437113,4.75163915848367,0.1531890609256
3,JDC,2,V3-L,RT_Down_anti_L,0.0842812534144551,0.0804237000276092,0.164704953442064,0.0016967384138606,0.0018242546027171,4.7399282395106,0.152443925144932
3,JDC,3,STS-L,RT_Down_anti_L,0.0869327532173312,0.0759233197528282,0.162856072970159,0.00174207033344782,0.00188137691790487,4.7375091820812,0.152721138866234
3,JDC,4,IPL-L,RT_Down_anti_L,0.101888347769398,0.0530483967428766,0.154936744512275,0.00160997840679901,0.00172823753658148,4.74342328126279,0.153224470156247
3,JDC,5,SPL-L,RT_Down_anti_L,0.109239975516294,0.117264154196794,0.226504129713088,0.00207591620550241,0.00223772491430046,4.72461665702131,0.150167754557953
3,JDC,6,AG-L,RT_Down_anti_L,0.115548634138862,0.121658295122094,0.237206929260956,0.00207485019330033,0.00222458921258061,4.72239143550002,0.146653383920496
3,JDC,7,mIPS-L,RT_Down_anti_L,0.122455791197519,0.0630573475429738,0.185513138740493,0.00179260216062884,0.00193648796525032,4.73591889710017,0.151282523818781
3,JDC,8,VIP-L,RT_Down_anti_L,0.1145558729184,0.0659634225117257,0.180519295430126,0.00186732646424579,0.00201533582522186,4.73318797847126,0.152927996432027
3,JDC,9,SPOC-L,RT_Down_anti_L,0.080552771101928,0.306222649411335,0.386775420513263,0.00236902501280352,0.00253444337048947,4.70669085070066,0.139783668276999
3,JDC,10,S1-L,RT_Down_anti_L,0.1114457025956,0.0547977135195774,0.166243416115177,0.00158953397078558,0.0017020531277437,4.7445259981001,0.153029422542659
3,JDC,11,M1-L,RT_Down_anti_L,0.0712841771050469,0.0926377686746231,0.16392194577967,0.00171333555513726,0.00184296546953821,4.73816970813903,0.153397227527957
3,JDC,12,SMA-L,RT_Down_anti_L,0.0448534285906456,0.0850404579917703,0.129893886582416,0.00149280052640764,0.00160110386344997,4.7494716199058,0.155023800899003
3,JDC,13,PMd-L,RT_Down_anti_L,0.072605971161739,0.0510457084104411,0.12365167957218,0.00151444253506634,0.00163009407780606,4.7477965086984,0.155248927446042
3,JDC,14,PMv-L,RT_Down_anti_L,0.0637474267904276,0.079845773490787,0.143593200281215,0.00159494755338236,0.00170706798105895,4.74350242770508,0.152463408019412
3,JDC,15,FEF-L,RT_Down_anti_L,0.0684465625482676,0.0611558040977563,0.129602366646024,0.0014552010084091,0.0015639658194961,4.75085661737937,0.154912102927117
3,JDC,16,POJ-L,RT_Down_anti_L,0.157017146837579,0.0812548627400197,0.238272009577599,0.00178733571111132,0.00190566276295913,4.7341942289944,0.145098023470032
3,JDC,17,V1-R,RT_Down_anti_L,0.0479180177353472,0.136419549316695,0.184337567052042,0.00166364807944309,0.00179641228935353,4.74271089198238,0.151535779763792
3,JDC,18,V3-R,RT_Down_anti_L,0.153245502737065,0.0731751710297193,0.226420673766784,0.00208158800803147,0.0022511256600603,4.72475353858043,0.151416412043385
3,JDC,19,STS-R,RT_Down_anti_L,0.0879857675304397,0.0230545451860052,0.111040312716445,0.00134205308772279,0.00144620169160301,4.75731900568561,0.155898878778688
3,JDC,20,IPL-R,RT_Down_anti_L,0.0583150871314763,0.194672698711042,0.252987785842518,0.00205150783589422,0.00221495000027858,4.72506167556192,0.148970219909593
3,JDC,21,SPL-R,RT_Down_anti_L,0.0891865077071626,0.153884037245869,0.243070544953031,0.00198111987770839,0.00212223456022885,4.72897519148003,0.148903667796487
3,JDC,22,AG-R,RT_Down_anti_L,0.156443700411859,0.0516810411126192,0.208124741524478,0.00187361974912882,0.00201041310700976,4.73360776433463,0.151072937465418
3,JDC,23,mIPS-R,RT_Down_anti_L,0.166198249611336,0.0684426515677802,0.234640901179116,0.00187226227600246,0.00201297105738934,4.73382041656989,0.149073242729911
3,JDC,24,VIP-R,RT_Down_anti_L,0.0987774929229709,0.160049576128977,0.258827069051948,0.00219138031630452,0.00236006396527493,4.72027308597701,0.148431836121057
3,JDC,25,SPOC-R,RT_Down_anti_L,0.112679237363906,0.100218455859552,0.212897693223458,0.00210531335720806,0.00226861362614477,4.72354740501347,0.14869776160413
3,JDC,26,S1-R,RT_Down_anti_L,0.0663633467851655,0.0723094095255793,0.138672756310745,0.00159118669073005,0.00171060957561367,4.74494931835533,0.154381088355135
3,JDC,27,M1-R,RT_Down_anti_L,0.077238602536779,0.0583382762473783,0.135576878784157,0.00152714125867783,0.00164018098695174,4.74692901359546,0.154984661601258
3,JDC,28,SMA-R,RT_Down_anti_L,0.0577695194575001,0.0898209647737836,0.147590484231284,0.0016317862343094,0.0017538176142746,4.74343888107803,0.153408147993395
3,JDC,29,PMd-R,RT_Down_anti_L,0.0582833981383978,0.0865715334006106,0.144854931539008,0.00152250705534171,0.00163194418618199,4.74762291743866,0.154458511452295
3,JDC,30,PMv-R,RT_Down_anti_L,0.0628135735710974,0.113913257427596,0.176726830998693,0.00176753630363572,0.00189776593258953,4.73720383585482,0.152636055289873
3,JDC,31,FEF-R,RT_Down_anti_L,0.0902663199263253,0.0647081102198407,0.154974430146166,0.00168196475858037,0.00180552671266952,4.73945900910712,0.153977024444673
3,JDC,32,POJ-R,RT_Down_anti_L,0.20669626081106,0.126425829934654,0.333122090745714,0.00267381853398406,0.00288317385111176,4.70201966311512,0.147022427358738
4,JFXD,1,V1-L,RT_Down_anti_L,0.0662471002140772,0.0719232677930941,0.138170368007171,0.0012088604959221,0.00131004701618803,4.32661175248625,0.0818382171392029
4,JFXD,2,V3-L,RT_Down_anti_L,0.0712798583503763,0.0226995792269367,0.093979437577313,0.000915778603899276,0.000999069099102671,4.3453731092757,0.0842256573951691
4,JFXD,3,STS-L,RT_Down_anti_L,0.0367048705487659,0.0484174089732141,0.08512227952198,0.000993228326578175,0.00107810043617959,4.34088119863294,0.0852326368795946
4,JFXD,4,IPL-L,RT_Down_anti_L,0.0592075370240223,0.0407463970984835,0.0999539341225058,0.00108705866588313,0.00117308924967747,4.33435247831356,0.0847909921051664
4,JFXD,5,SPL-L,RT_Down_anti_L,0.0368309816750665,0.0338026922692492,0.0706336739443157,0.000867246250109824,0.000939891534162478,4.34935265196043,0.0858659206736298
4,JFXD,6,AG-L,RT_Down_anti_L,0.0522099962123309,0.0361727983133903,0.0883827945257212,0.000863369722544995,0.000933083148835339,4.35039562798202,0.0847914638497613
4,JFXD,7,mIPS-L,RT_Down_anti_L,0.0391791286030561,0.0270357063537525,0.0662148349568086,0.000838262418884351,0.000909011570286889,4.35211749083608,0.0860377384272456
4,JFXD,8,VIP-L,RT_Down_anti_L,0.0448716754678965,0.0503519313271342,0.0952236067950307,0.00107222219955629,0.00115939304434847,4.33549651789649,0.0850895402673167
4,JFXD,9,SPOC-L,RT_Down_anti_L,0.0606242645400851,0.0531357602884015,0.113760024828487,0.00112250027252679,0.00121619004409184,4.33285637615092,0.0826183169906566
4,JFXD,10,S1-L,RT_Down_anti_L,0.0584436358398369,0.0344406167875535,0.0928842526273904,0.00102883779366731,0.00111012859043377,4.33847029079189,0.0849821986006431
4,JFXD,11,M1-L,RT_Down_anti_L,0.0534298391173893,0.0334672159178309,0.0868970550352202,0.00105263985834623,0.00113729804883859,4.33727826998566,0.0853840812305096
4,JFXD,12,SMA-L,RT_Down_anti_L,0.0857993791164955,0.0516039676468044,0.1374033467633,0.00111572353344889,0.00120697812696132,4.33413496717746,0.0820531030099415
4,JFXD,13,PMd-L,RT_Down_anti_L,0.0549331170794988,0.0294700966711051,0.0844032137506039,0.000932988559861842,0.00100761790102534,4.34667025535898,0.0849488935758556
4,JFXD,14,PMv-L,RT_Down_anti_L,0.0367091995912152,0.0824423666090648,0.11915156620028,0.00100149713297525,0.00108344113590637,4.33960592329696,0.0814509848113857
4,JFXD,15,FEF-L,RT_Down_anti_L,0.060391119500729,0.0626582323613389,0.123049351862068,0.00102476233807625,0.00111077870855808,4.33826034183498,0.0800892225181367
4,JFXD,16,POJ-L,RT_Down_anti_L,0.0351370157487942,0.0408003090191266,0.0759373247679208,0.000827208051663194,0.000897611743687819,4.35260022435572,0.084717166004553
4,JFXD,17,V1-R,RT_Down_anti_L,0.0697262351763532,0.0687864436815852,0.138512678857938,0.00125460252803503,0.00136001846755,4.322730663879,0.0830866574999078
4,JFXD,18,V3-R,RT_Down_anti_L,0.0484414007222546,0.0713510019487766,0.119792402671031,0.00116192842981874,0.00125337334931916,4.32981564425182,0.082246663947739
4,JFXD,19,STS-R,RT_Down_anti_L,0.0854138473268225,0.0768454740714204,0.162259321398243,0.00141842005347008,0.00152986278034124,4.31614863327057,0.080614994407674
4,JFXD,20,IPL-R,RT_Down_anti_L,0.0745901728381727,0.05373805954739,0.128328232385563,0.00122788383808369,0.00132768316725187,4.32711359195046,0.0835816202270823
4,JFXD,21,SPL-R,RT_Down_anti_L,0.0245950217880774,0.0213929514325495,0.0459879732206269,0.000675136537491428,0.000728431589631616,4.36414137652229,0.0865617835287133
4,JFXD,22,AG-R,RT_Down_anti_L,0.0201012995543665,0.0642227662517615,0.084324065806128,0.000984866554499622,0.00106808196429148,4.34176926571232,0.0854041193479765
4,JFXD,23,mIPS-R,RT_Down_anti_L,0.0202394404754255,0.0246439328765175,0.0448833733519431,0.000628205779129122,0.000677744787277458,4.36905956076584,0.0865006730277092
4,JFXD,24,VIP-R,RT_Down_anti_L,0.0539033362205021,0.0543327333931394,0.108236069613642,0.00113599737194255,0.00122797449839961,4.33168968974193,0.0841515939606284
4,JFXD,25,SPOC-R,RT_Down_anti_L,0.0329703439811101,0.0584450355187128,0.0914153794998229,0.000903924193394484,0.00097530883149079,4.34850743606309,0.0838147699985069
4,JFXD,26,S1-R,RT_Down_anti_L,0.0506106513031825,0.0951716735976679,0.14578232490085,0.00127455190761667,0.00138278787519804,4.32498244672762,0.0823990249849541
4,JFXD,27,M1-R,RT_Down_anti_L,0.058220211441965,0.0877350816895523,0.145955293131517,0.00122900790283218,0.00133258763975094,4.32745168209073,0.0821365626254505
4,JFXD,28,SMA-R,RT_Down_anti_L,0.0955990778214244,0.0392871399174687,0.134886217738893,0.0010384450951469,0.00112274180162937,4.33866974988486,0.0826677551992941
4,JFXD,29,PMd-R,RT_Down_anti_L,0.0373711010052408,0.0908446875498433,0.128215788555084,0.00115156905206026,0.00125395980117631,4.33112260017718,0.0833684634680425
4,JFXD,30,PMv-R,RT_Down_anti_L,0.0356973904036002,0.0785410113645085,0.114238401768109,0.0011271978990963,0.00122288210508597,4.33316496190855,0.083558607305141
4,JFXD,31,FEF-R,RT_Down_anti_L,0.0813703420504732,0.0494534878970264,0.1308238299475,0.00113590975137263,0.00121851544992074,4.33323635225216,0.0820846302618065
4,JFXD,32,POJ-R,RT_Down_anti_L,0.0551143765942671,0.0420031399384731,0.0971175165327402,0.0010242553238269,0.00110815467364838,4.33924682915882,0.0842826812961626
5,JZ,1,V1-L,RT_Down_anti_L,0.0694096676411381,0.0403779099613636,0.109787577602502,0.00120989199747786,0.00130779123816508,4.47558691059045,0.110787609148644
5,JZ,2,V3-L,RT_Down_anti_L,0.0969959875953663,0.0368327406946747,0.133828728290041,0.00121584515137129,0.00130381144632168,4.47560353900877,0.110683213787694
5,JZ,3,STS-L,RT_Down_anti_L,0.0534350016947501,0.0492682482508992,0.102703249945649,0.00119991564844812,0.00128670357339089,4.47688049094206,0.112205481229606
5,JZ,4,IPL-L,RT_Down_anti_L,0.0628975546400498,0.143145647347632,0.206043201987681,0.00150711014578324,0.00162886623821325,4.45970607906373,0.106248989985651
5,JZ,5,SPL-L,RT_Down_anti_L,0.0731748625056044,0.0451945410897828,0.118369403595387,0.00116591463630992,0.00125271438591046,4.47913876213215,0.111122765401088
5,JZ,6,AG-L,RT_Down_anti_L,0.0596541830988448,0.053923571363397,0.113577754462242,0.00120400093912151,0.00129471622044971,4.47760862124224,0.111905789311903
5,JZ,7,mIPS-L,RT_Down_anti_L,0.0743103113124925,0.0421054482752379,0.11641575958773,0.00120200518512349,0.00128346897544626,4.47743852327562,0.111244214878785
5,JZ,8,VIP-L,RT_Down_anti_L,0.0771853812306337,0.0415793293812717,0.118764710611905,0.00110954748041873,0.00119688133811337,4.4826771273369,0.110529588318281
5,JZ,9,SPOC-L,RT_Down_anti_L,0.0403652177558198,0.101988491149082,0.142353708904902,0.00144022415527058,0.00155744527590084,4.46242868237906,0.110644085639047
5,JZ,10,S1-L,RT_Down_anti_L,0.145143181991508,0.160010912314133,0.30515409430564,0.00178360628406849,0.00191909097698016,4.44343081212094,0.100055368587285
5,JZ,11,M1-L,RT_Down_anti_L,0.03145739679512,0.19027792481648,0.2217353216116,0.00134851819131205,0.00144267637716605,4.46670331505973,0.104261818489497
5,JZ,12,SMA-L,RT_Down_anti_L,0.032799011034893,0.0472486825149527,0.0800476935498457,0.000969456016050673,0.00104198205800604,4.49012562861427,0.11253761461216
5,JZ,13,PMd-L,RT_Down_anti_L,0.0764456866311765,0.0861594800294549,0.162605166660631,0.001454919319192,0.00156399489352399,4.46237553112885,0.10775990822406
5,JZ,14,PMv-L,RT_Down_anti_L,0.0418189121939656,0.0628358089968627,0.104654721190828,0.00124396188310939,0.00135161062485276,4.47292586153646,0.112159518609475
5,JZ,15,FEF-L,RT_Down_anti_L,0.0709626354369871,0.0334272286864857,0.104389864123473,0.00110795173510229,0.00118905040871398,4.482853391731,0.110475619536505
5,JZ,16,POJ-L,RT_Down_anti_L,0.0465543619888341,0.0903257560162281,0.136880118005062,0.0010930667001276,0.00117485039308294,4.48159888889742,0.108656262343177
5,JZ,17,V1-R,RT_Down_anti_L,0.0793631640305048,0.0610896159455271,0.140452779976032,0.00144503959313224,0.00156023133807694,4.46231007710313,0.110772249539523
5,JZ,18,V3-R,RT_Down_anti_L,0.0815788635774507,0.0523819046467668,0.133960768224217,0.00138412059400579,0.00148589071041618,4.46616199979765,0.110013994349529
5,JZ,19,STS-R,RT_Down_anti_L,0.108825417653007,0.0787120241922171,0.187537441845224,0.0015520012640093,0.00167050069945885,4.45434753867299,0.104855871227155
5,JZ,20,IPL-R,RT_Down_anti_L,0.0715906639582087,0.0413655055887782,0.112956169546987,0.0010435156974258,0.00111969085359052,4.48606613061533,0.110196000208281
5,JZ,21,SPL-R,RT_Down_anti_L,0.0706921095711104,0.0646335140802927,0.135325623651403,0.0013115941891557,0.00141830306738645,4.46742747746167,0.10999589818804
5,JZ,22,AG-R,RT_Down_anti_L,0.0505029840384115,0.071696949180065,0.122199933218476,0.00135771906227544,0.00146114911673152,4.46787984582307,0.111421080894541
5,JZ,23,mIPS-R,RT_Down_anti_L,0.0501658915843319,0.0519365801877659,0.102102471772098,0.00114765296793095,0.00123851205569745,4.47865314986389,0.111831422026207
5,JZ,24,VIP-R,RT_Down_anti_L,0.0937880944652546,0.0465523817841583,0.140340476249413,0.00126658662733371,0.00136230845467954,4.4726354480793,0.10940867566148
5,JZ,25,SPOC-R,RT_Down_anti_L,0.0665959745484637,0.072239779961441,0.138835754509905,0.00128180370878234,0.00137935060588902,4.47146439612154,0.109857346446954
5,JZ,26,S1-R,RT_Down_anti_L,0.0939742002612845,0.0587984288450489,0.152772629106333,0.00155570770230873,0.00167618452773858,4.45736737367229,0.108858791086636
5,JZ,27,M1-R,RT_Down_anti_L,0.0690190285053331,0.0663739230079525,0.135392951513286,0.00123483278818215,0.00133671320634784,4.47378779456369,0.10887115697551
5,JZ,28,SMA-R,RT_Down_anti_L,0.0548540448414387,0.0411719667380542,0.0960260115794928,0.00114471910282115,0.00123448257140246,4.47996232563691,0.112489900366963
5,JZ,29,PMd-R,RT_Down_anti_L,0.0558363718389441,0.0656892283649582,0.121525600203902,0.00120252344791019,0.00129253209493292,4.47768909969528,0.110533121089925
5,JZ,30,PMv-R,RT_Down_anti_L,0.054405739606366,0.0506789175743328,0.105084657180699,0.0010423599658058,0.0011191728544608,4.48550339980505,0.109959036114944
5,JZ,31,FEF-R,RT_Down_anti_L,0.0559635276178765,0.0444849905233454,0.100448518141222,0.00103872134802552,0.00111771734114334,4.48721322228316,0.11091543321485
5,JZ,32,POJ-R,RT_Down_anti_L,0.0376666553582401,0.0549246534947692,0.0925913088530093,0.000985835571040408,0.00106250515883568,4.48973709811183,0.112045641329979
6,LT,1,V1-L,RT_Down_anti_L,0.0379537927984536,0.0473258536482752,0.0852796464467288,0.000923736260084246,0.000996295478207252,4.39345426653752,0.0903222966616149
6,LT,2,V3-L,RT_Down_anti_L,0.0538419888408926,0.071311807642822,0.125153796483715,0.00114160450778268,0.00122873715129199,4.37895242255456,0.0870651648764663
6,LT,3,STS-L,RT_Down_anti_L,0.0619802084244347,0.0764001038370179,0.138380312261453,0.00122122356129511,0.00131376217451703,4.37228437917436,0.086697499763976
6,LT,4,IPL-L,RT_Down_anti_L,0.0371069402295171,0.0653188158792108,0.102425756108728,0.00104241253721429,0.0011214379955496,4.38558999289656,0.090362651219288
6,LT,5,SPL-L,RT_Down_anti_L,0.044614085568913,0.0780920034361827,0.122706089005096,0.00121480991114736,0.00131297707273208,4.37357857503535,0.0888414596688867
6,LT,6,AG-L,RT_Down_anti_L,0.0725922210617187,0.0655629654913658,0.138155186553084,0.00128746340460434,0.00138827910633337,4.37024261211783,0.0877027997895705
6,LT,7,mIPS-L,RT_Down_anti_L,0.0512299141607837,0.0607030434735056,0.111932957634289,0.0012132584702049,0.00131379712671161,4.37383605046998,0.089574877844433
6,LT,8,VIP-L,RT_Down_anti_L,0.0569498148444898,0.0566630907052258,0.113612905549716,0.0011281896027206,0.00121423568427362,4.37988733431324,0.0894925708553156
6,LT,9,SPOC-L,RT_Down_anti_L,0.0714309444992985,0.0581089212842431,0.129539865783542,0.00121951498161096,0.00130790061204362,4.37478227668302,0.0883689955211238
6,LT,10,S1-L,RT_Down_anti_L,0.0631915066258199,0.0709701438255468,0.134161650451367,0.00119588178933241,0.00128974676490194,4.37447845108325,0.0888947101763921
6,LT,11,M1-L,RT_Down_anti_L,0.0577857428518468,0.0439887135941129,0.10177445644596,0.000978242550053311,0.001052797470233,4.38914031411248,0.088914680072358
6,LT,12,SMA-L,RT_Down_anti_L,0.0616434368563596,0.0480176980807552,0.109661134937115,0.00105043396438503,0.00113116446991143,4.38353557276929,0.0892518179398792
6,LT,13,PMd-L,RT_Down_anti_L,0.0600010262126072,0.077165688288628,0.137166714501235,0.00135673463195226,0.00146030850226648,4.36550555129086,0.0881258631836781
6,LT,14,PMv-L,RT_Down_anti_L,0.0363966259558506,0.0276915030063525,0.064088128962203,0.000838586760227682,0.000903697059718702,4.39779742526522,0.0914639819633884
6,LT,15,FEF-L,RT_Down_anti_L,0.108616284667103,0.0393806934984195,0.147996978165522,0.00125847907229438,0.00135594375944356,4.37010728431727,0.0885080144334042
6,LT,16,POJ-L,RT_Down_anti_L,0.0565915229843207,0.0448526791002064,0.101444202084527,0.00111595179882942,0.00120154544475812,4.3815843890552,0.0901192888287329
6,LT,17,V1-R,RT_Down_anti_L,0.0457821279713741,0.0702349347212766,0.116017062692651,0.001204608284986,0.00130544408335425,4.37498364821039,0.0897802291919213
6,LT,18,V3-R,RT_Down_anti_L,0.0413376452767224,0.0566882385634305,0.0980258838401529,0.0010298015037414,0.00111456367509273,4.38461682692455,0.0897084017224106
6,LT,19,STS-R,RT_Down_anti_L,0.0421370538535439,0.0383318339251339,0.0804688877786778,0.000870501465957687,0.000940095107687229,4.39443262938851,0.0908148069045807
6,LT,20,IPL-R,RT_Down_anti_L,0.0382565945135582,0.0378695769150728,0.076126171428631,0.000882936356636699,0.000951284280967696,4.39539006117058,0.0915595891288161
6,LT,21,SPL-R,RT_Down_anti_L,0.0411430746532789,0.0514224112325272,0.0925654858858061,0.00101594207686319,0.00109432657314349,4.38636774869686,0.0903807836457054
6,LT,22,AG-R,RT_Down_anti_L,0.0745408673656168,0.0739900523069154,0.148530919672532,0.00134862783433474,0.00144954296456168,4.3659611870194,0.0856218208195313
6,LT,23,mIPS-R,RT_Down_anti_L,0.0681164883293091,0.0376941294697923,0.105810617799101,0.00110451543944663,0.00119644900393923,4.38074178958761,0.0904485254391206
6,LT,24,VIP-R,RT_Down_anti_L,0.030755871819641,0.0596720824122725,0.0904279542319135,0.000929098630919851,0.000999349146551432,4.39158836267024,0.0903565711821978
6,LT,25,SPOC-R,RT_Down_anti_L,0.0675451495444227,0.0749773339183738,0.142522483462796,0.00129390857685893,0.00139416019027617,4.3699553583905,0.0876161930089865
6,LT,26,S1-R,RT_Down_anti_L,0.0412595030751059,0.0269709868959789,0.0682304899710848,0.000824248063581063,0.00089017038760218,4.39805838385896,0.0918273981881214
6,LT,27,M1-R,RT_Down_anti_L,0.0356637898318999,0.0394702128758736,0.0751340027077735,0.000898902235823668,0.00097162591076505,4.3928444215411,0.0909131497936097
6,LT,28,SMA-R,RT_Down_anti_L,0.0511525781201474,0.0612380398031785,0.112390617923326,0.00127328249505579,0.00137824143550613,4.36976597439512,0.0901376026833103
6,LT,29,PMd-R,RT_Down_anti_L,0.0702858162308764,0.0661748553492383,0.136460671580115,0.00135838686205387,0.00146655180560227,4.36587557251973,0.0876635888674598
6,LT,30,PMv-R,RT_Down_anti_L,0.0439595133400011,0.0268753594116921,0.0708348727516931,0.000840288251555062,0.000908291713387727,4.39669922764542,0.091484681432576
6,LT,31,FEF-R,RT_Down_anti_L,0.0423200426764154,0.0509078920011452,0.0932279346775605,0.00104982925194679,0.00113539261819171,4.38200983215456,0.0904959803022112
6,LT,32,POJ-R,RT_Down_anti_L,0.0995966170656055,0.0617071256561566,0.161303742721762,0.00146991185794112,0.0015884037681539,4.35947262244836,0.0867441691759794
7,NvA,1,V1-L,RT_Down_anti_L,0.0447645408414332,0.0643781474955626,0.109142688336996,0.00127828186352459,0.00139139500470781,4.52783161478664,0.123009775565547
7,NvA,2,V3-L,RT_Down_anti_L,0.076321264473582,0.0926064216532687,0.168927686126851,0.00161947508791534,0.00175655925907477,4.50908936494595,0.118250066365449
7,NvA,3,STS-L,RT_Down_anti_L,0.0633124116772013,0.0599793477326241,0.123291759409825,0.00130369619052281,0.00141491760293946,4.52537529793729,0.121676515076185
7,NvA,4,IPL-L,RT_Down_anti_L,0.0674634783433324,0.0682295887964274,0.13569306713976,0.0013091563940702,0.00142123739946207,4.52429288030477,0.121751588216516
7,NvA,5,SPL-L,RT_Down_anti_L,0.0414000442811681,0.0906606910553151,0.132060735336483,0.00133748226977541,0.00145354343588022,4.52357907002627,0.12215690939634
7,NvA,6,AG-L,RT_Down_anti_L,0.057840983353133,0.0396124943610405,0.0974534777141735,0.00110323937357651,0.00119650899684385,4.53597316939305,0.124012099453493
7,NvA,7,mIPS-L,RT_Down_anti_L,0.0653198323348863,0.0421468475785089,0.107466679913395,0.00110661029490384,0.0011973714663855,4.53573609014502,0.122520084428382
7,NvA,8,VIP-L,RT_Down_anti_L,0.0932481548290258,0.0377400578059391,0.130988212634965,0.00135097027942661,0.00146103530814655,4.52439308978143,0.122110417070533
7,NvA,9,SPOC-L,RT_Down_anti_L,0.0880497007793182,0.15999241147908,0.248042112258399,0.00199927471999387,0.00217719073461081,4.48971940718743,0.114986520500117
7,NvA,10,S1-L,RT_Down_anti_L,0.0895258796766931,0.0518450147846929,0.141370894461386,0.00131319610172471,0.00142244760345236,4.52426393333507,0.122101979231349
7,NvA,11,M1-L,RT_Down_anti_L,0.0768332394125606,0.0345569124194202,0.111390151831981,0.00109655187881865,0.00118626157054016,4.53721552203273,0.123064060608695
7,NvA,12,SMA-L,RT_Down_anti_L,0.0421872932176421,0.0730250532518198,0.115212346469462,0.0012853681711614,0.00139444048689258,4.52614739383589,0.123387726287991
7,NvA,13,PMd-L,RT_Down_anti_L,0.0493390979488741,0.0744985356477051,0.123837633596579,0.00125970059258461,0.0013672060755715,4.52770649065986,0.121561554152339
7,NvA,14,PMv-L,RT_Down_anti_L,0.0551978356735335,0.0809452875071019,0.136143123180635,0.00128441025729617,0.00139127829755461,4.52595832808705,0.121661767252681
7,NvA,15,FEF-L,RT_Down_anti_L,0.0977453634013001,0.0389931863924759,0.136738549793776,0.00140277390901506,0.00152176219801573,4.52058321053206,0.122544413268217
7,NvA,16,POJ-L,RT_Down_anti_L,0.0547363188226402,0.103699806962745,0.158436125785385,0.00166059167547346,0.00180371595738189,4.50827526636564,0.119874204915257
7,NvA,17,V1-R,RT_Down_anti_L,0.0509797803729741,0.0378947183658939,0.088874498738868,0.000995581684929059,0.00108670523607417,4.54374183114339,0.123310698378116
7,NvA,18,V3-R,RT_Down_anti_L,0.0807601875160238,0.0700102948850318,0.150770482401056,0.00131700514294936,0.00142675172848713,4.52659328082842,0.119920306334983
7,NvA,19,STS-R,RT_Down_anti_L,0.0865451919863324,0.0445802523744285,0.131125444360761,0.00139154405215072,0.00151955442471375,4.51982660823809,0.122924260061177
7,NvA,20,IPL-R,RT_Down_anti_L,0.0825272618496747,0.104173345912375,0.18670060776205,0.00157215008522575,0.00170854930747774,4.51075732960098,0.118255833768821
7,NvA,21,SPL-R,RT_Down_anti_L,0.148547868635878,0.0609491153524837,0.209496983988361,0.00151805361114016,0.00163671908078587,4.51397582564781,0.115175133793944
7,NvA,22,AG-R,RT_Down_anti_L,0.0627452125984798,0.0832047602503637,0.145949972848844,0.00119873644315125,0.00129206387036506,4.53303830559,0.118086010041891
7,NvA,23,mIPS-R,RT_Down_anti_L,0.0800095104912489,0.0330053521048305,0.113014862596079,0.00121974088577857,0.00133116315072088,4.53055487252129,0.122820800824751
7,NvA,24,VIP-R,RT_Down_anti_L,0.043828514778952,0.119399039115742,0.163227553894694,0.00137800990025831,0.00150035016549377,4.52132581259406,0.120606352112966
7,NvA,25,SPOC-R,RT_Down_anti_L,0.127935903301915,0.193417343834612,0.321353247136527,0.00231980972878955,0.00252526947627108,4.47295532080087,0.112159280135023
7,NvA,26,S1-R,RT_Down_anti_L,0.0539206099898382,0.0681933640796014,0.12211397406944,0.00128255733897069,0.00138828951876222,4.52790557650917,0.122159318980091
7,NvA,27,M1-R,RT_Down_anti_L,0.105570241745878,0.0768510030236436,0.182421244769521,0.00165621107493046,0.00179113616427074,4.50763164984454,0.118857029238267
7,NvA,28,SMA-R,RT_Down_anti_L,0.0482736430402122,0.0929588272424362,0.141232470282648,0.00143883186019949,0.00155533037741495,4.51812223876321,0.121459161225287
7,NvA,29,PMd-R,RT_Down_anti_L,0.0625347142979635,0.0582845550231082,0.120819269321072,0.00119324802322591,0.00128665203478165,4.53226076930397,0.122130136836074
7,NvA,30,PMv-R,RT_Down_anti_L,0.0417490233304073,0.0421279878711177,0.083877011201525,0.000997159119647038,0.0010831206259733,4.54243539567881,0.124595498479361
7,NvA,31,FEF-R,RT_Down_anti_L,0.0690979078616942,0.0317102062415165,0.100808114103211,0.00113252859375065,0.0012296174247932,4.53612120965442,0.123931651693465
7,NvA,32,POJ-R,RT_Down_anti_L,0.0987218482181029,0.077362888480987,0.17608473669909,0.00134799405836513,0.00145589607909101,4.52262382392407,0.118172148549019
8,RR,1,V1-L,RT_Down_anti_L,0.0691346101260736,0.0547759757483656,0.123910585874439,0.00131396861850868,0.00143610427502239,4.67508236606032,0.158435951313676
8,RR,2,V3-L,RT_Down_anti_L,0.0636734733834853,0.0925044976823335,0.156177971065819,0.00163124183939824,0.0017850007338513,4.66009817720269,0.157571987081243
8,RR,3,STS-L,RT_Down_anti_L,0.0574430221728417,0.0773856715117858,0.134828693684627,0.00143454030538999,0.00156476761202824,4.67051341338519,0.158858301553073
8,RR,4,IPL-L,RT_Down_anti_L,0.0861369360926488,0.0832806714262351,0.169417607518884,0.00159308697284876,0.0017336012281007,4.66148353054455,0.155162768261845
8,RR,5,SPL-L,RT_Down_anti_L,0.083088433190754,0.086338025381057,0.169426458571811,0.0016272748380321,0.00178103188617083,4.66023205956254,0.156712127757481
8,RR,6,AG-L,RT_Down_anti_L,0.132881704262165,0.0475668020445641,0.180448506306729,0.00150035411078211,0.00162852149400322,4.66723606998661,0.154430066142266
8,RR,7,mIPS-L,RT_Down_anti_L,0.104910179303572,0.0483926010421683,0.15330278034574,0.00160325836568454,0.00175984843467313,4.66298706340501,0.157612312633556
8,RR,8,VIP-L,RT_Down_anti_L,0.126473557990646,0.0547051971477034,0.181178755138349,0.00165272934126243,0.00180088580391874,4.65984560134823,0.156505102327103
8,RR,9,SPOC-L,RT_Down_anti_L,0.12886033124624,0.165759169369577,0.294619500615817,0.00237136882485429,0.00259660135018794,4.62688282596673,0.149157917595793
8,RR,10,S1-L,RT_Down_anti_L,0.0834397542094888,0.0983906875725922,0.181830441782081,0.0017279046718252,0.00188361363015269,4.65509304421777,0.15438274060125
8,RR,11,M1-L,RT_Down_anti_L,0.0804275945463703,0.0695002001112595,0.14992779465763,0.00135338386436848,0.00147677915136255,4.67275035942668,0.157438203928997
8,RR,12,SMA-L,RT_Down_anti_L,0.0799038931741106,0.1153122747475,0.19521616792161,0.00174038163080079,0.00189994051775158,4.65495575860514,0.153936624447359
8,RR,13,PMd-L,RT_Down_anti_L,0.0560516328664324,0.119533227238931,0.175584860105363,0.00139365253108229,0.00152250043828332,4.67005846126858,0.155596912798465
8,RR,14,PMv-L,RT_Down_anti_L,0.0381424346196499,0.0778191392832495,0.115961573902899,0.00142125211170419,0.00155397452212864,4.67061208075893,0.160711290976028
8,RR,15,FEF-L,RT_Down_anti_L,0.067310311150312,0.082958565780961,0.150268876931273,0.00154127317676816,0.00168566826077073,4.66331178148597,0.158397911909029
8,RR,16,POJ-L,RT_Down_anti_L,0.108172243608641,0.0856749977143264,0.193847241322968,0.00158927387308902,0.00173756208410713,4.66269973897186,0.154603538035211
8,RR,17,V1-R,RT_Down_anti_L,0.0584320104121433,0.0671332717810906,0.125565282193234,0.00148415611537495,0.00162354312417684,4.66730021016133,0.158380906553115
8,RR,18,V3-R,RT_Down_anti_L,0.0642039981011502,0.069524014030752,0.133728012131902,0.00142029948332097,0.00156031305824568,4.66952168955236,0.158636276614495
8,RR,19,STS-R,RT_Down_anti_L,0.0446154927837508,0.0777748298087395,0.12239032259249,0.00144947937284197,0.00157722956741379,4.6694419208104,0.159751380826596
8,RR,20,IPL-R,RT_Down_anti_L,0.130907119416616,0.0735542939521876,0.204461413368803,0.00164611347998872,0.00179648082477755,4.65985016016525,0.153703562302087
8,RR,21,SPL-R,RT_Down_anti_L,0.0922510150900399,0.120008463059468,0.212259478149508,0.00175070376548909,0.00189952340937186,4.65625647991215,0.153010263551776
8,RR,22,AG-R,RT_Down_anti_L,0.0869177586962996,0.130649375927601,0.2175671346239,0.00180159613000207,0.00196849485638257,4.65154437275452,0.152587877285381
8,RR,23,mIPS-R,RT_Down_anti_L,0.0630342407225049,0.117430926367702,0.180465167090207,0.0016447904409502,0.00179386782421908,4.66149316656451,0.155261340336503
8,RR,24,VIP-R,RT_Down_anti_L,0.143280754287285,0.100055870886058,0.243336625173343,0.00193486013319267,0.00211816208923629,4.64729789719179,0.152655144990887
8,RR,25,SPOC-R,RT_Down_anti_L,0.158631359721057,0.119780586559923,0.27841194628098,0.00200057218001773,0.00216599243198586,4.64027366885286,0.14843890452408
8,RR,26,S1-R,RT_Down_anti_L,0.124429016829831,0.0983779175314657,0.222806934361297,0.0020027700994335,0.00218582463259655,4.64410001234982,0.151797292713281
8,RR,27,M1-R,RT_Down_anti_L,0.168996458004626,0.0804548033812502,0.249451261385876,0.00202764614602805,0.00221126935737884,4.64070531431414,0.150328679961389
8,RR,28,SMA-R,RT_Down_anti_L,0.0562880941246635,0.0791625998682147,0.135450693992878,0.00136999890804632,0.00149618936788865,4.67267914690791,0.158490898166935
8,RR,29,PMd-R,RT_Down_anti_L,0.0748304617984275,0.121277417252676,0.196107879051104,0.00144924363690219,0.00158349894428639,4.66586138280188,0.155050329828574
8,RR,30,PMv-R,RT_Down_anti_L,0.0391866213198458,0.0373567889506033,0.0765434102704491,0.00113273916858205,0.0012451626870785,4.68562654457856,0.162555966317895
8,RR,31,FEF-R,RT_Down_anti_L,0.0776985408529368,0.0501748955644803,0.127873436417417,0.00117344822246071,0.00127911597785793,4.68255837963488,0.158233409160919
8,RR,32,POJ-R,RT_Down_anti_L,0.0943468746940037,0.141486170073791,0.235833044767794,0.00194551811497806,0.00212947592301282,4.64397650416464,0.152750678528581
9,SJB,1,V1-L,RT_Down_anti_L,0.0476542373858753,0.129359779122533,0.177014016508409,0.00150769357790257,0.00164383750990063,4.56877381965753,0.130554671821224
9,SJB,2,V3-L,RT_Down_anti_L,0.110958854856139,0.156891058354177,0.267849913210316,0.00186434102781218,0.00200920632854958,4.55104675735606,0.126134040997286
9,SJB,3,STS-L,RT_Down_anti_L,0.089794890367295,0.0663983955036054,0.1561932858709,0.00142230059681127,0.00154789997023978,4.572201766281,0.131382986844854
9,SJB,4,IPL-L,RT_Down_anti_L,0.0725074568784578,0.0619742972270236,0.134481754105481,0.00140127745568218,0.00152917187603783,4.57397322308403,0.134475835207882
9,SJB,5,SPL-L,RT_Down_anti_L,0.106527921672807,0.0747561764883406,0.181284098161147,0.00159513183243875,0.00173241556293581,4.56591752741505,0.131942102929259
9,SJB,6,AG-L,RT_Down_anti_L,0.0772613090204633,0.0773836233299844,0.154644932350448,0.00139013111402142,0.00150112787640205,4.57693611288324,0.130551052472797
9,SJB,7,mIPS-L,RT_Down_anti_L,0.0645006340086871,0.0926602287376912,0.157160862746378,0.00156411996589285,0.00169497504668949,4.56669070615948,0.132827578094177
9,SJB,8,VIP-L,RT_Down_anti_L,0.128575798232653,0.0493302640083789,0.177906062241032,0.00152354559568,0.00165987182766359,4.56722199666313,0.131592454444238
9,SJB,9,SPOC-L,RT_Down_anti_L,0.0671901424921213,0.0949968369819423,0.162186979474064,0.00167238035050625,0.00181621493595348,4.56226957076804,0.132477339638065
9,SJB,10,S1-L,RT_Down_anti_L,0.118750415267313,0.0627478030283752,0.181498218295688,0.00149974712829043,0.00162780369025982,4.56833553895332,0.129739963337857
9,SJB,11,M1-L,RT_Down_anti_L,0.0997449501342413,0.0956370198245192,0.195381969958761,0.00156424125797587,0.00169141135573188,4.56471349939054,0.129678853274508
9,SJB,12,SMA-L,RT_Down_anti_L,0.0411554182397589,0.049601909159547,0.0907573273993059,0.00109478429809149,0.00119237578868735,4.59000673960454,0.135593421901018
9,SJB,13,PMd-L,RT_Down_anti_L,0.0708788769505772,0.0465232367405479,0.117402113691125,0.0012132525637309,0.00132336299617529,4.58272025884059,0.133712318174942
9,SJB,14,PMv-L,RT_Down_anti_L,0.0436154374982172,0.0677906883693092,0.111406125867526,0.00132608621150907,0.0014437703139641,4.57739763806147,0.134718062562179
9,SJB,15,FEF-L,RT_Down_anti_L,0.0448763522502294,0.037790668084286,0.0826670203345154,0.000899403894028356,0.000983566297334246,4.601137263432,0.134976260963095
9,SJB,16,POJ-L,RT_Down_anti_L,0.126096014715275,0.099693110882076,0.225789125597351,0.00190564952470185,0.00206853368801954,4.54911410776153,0.128907229002614
9,SJB,17,V1-R,RT_Down_anti_L,0.0718254277209658,0.147240970582387,0.219066398303352,0.00164042225738945,0.00178386136096701,4.56233300156318,0.129386579635316
9,SJB,18,V3-R,RT_Down_anti_L,0.0804630002909488,0.0721809568864306,0.152643957177379,0.00143807726106735,0.00156296471478255,4.57167518786901,0.130640441331666
9,SJB,19,STS-R,RT_Down_anti_L,0.0498103948621129,0.0559192031708774,0.10572959803299,0.00117371249993247,0.0012853955096527,4.58568814978993,0.134100697883704
9,SJB,20,IPL-R,RT_Down_anti_L,0.134434734164814,0.0550826684076419,0.189517402572456,0.0015031807640399,0.00164336107938594,4.56543842921054,0.128834087175311
9,SJB,21,SPL-R,RT_Down_anti_L,0.0926104522634598,0.104110090212229,0.196720542475689,0.00180274620704957,0.00196845032657157,4.55223953536696,0.130242429102594
9,SJB,22,AG-R,RT_Down_anti_L,0.10658181331359,0.07243501332867,0.17901682664226,0.00157915907353695,0.0017109436700511,4.56430982470027,0.130349541355836
9,SJB,23,mIPS-R,RT_Down_anti_L,0.0726242956325002,0.0784205496979026,0.151044845330403,0.00151239605437387,0.00164006987183053,4.56847906420203,0.129945242557868
9,SJB,24,VIP-R,RT_Down_anti_L,0.0971371466802512,0.0592885033887958,0.156425650069047,0.00142756092452284,0.00156110820315245,4.57154351230314,0.132962740528935
9,SJB,25,SPOC-R,RT_Down_anti_L,0.086533893215162,0.149132836268426,0.235666729483588,0.00194324067647888,0.00210742588914383,4.5474702797592,0.125997920575859
9,SJB,26,S1-R,RT_Down_anti_L,0.130037964412561,0.0597206022754784,0.189758566688039,0.00111301778995299,0.00120634570385888,4.58576548762423,0.130122350618045
9,SJB,27,M1-R,RT_Down_anti_L,0.0626359204964947,0.126516409736873,0.189152330233367,0.00145332187548953,0.00159873121443501,4.56811721352647,0.131124543535762
9,SJB,28,SMA-R,RT_Down_anti_L,0.0390866279648558,0.0439262222160016,0.0830128501808573,0.000993249388502511,0.0010891362555593,4.59515079390708,0.135983859542734
9,SJB,29,PMd-R,RT_Down_anti_L,0.034858101317242,0.076995903561653,0.111854004878895,0.00110737899525819,0.00120391097341305,4.58970938523269,0.134984406630059
9,SJB,30,PMv-R,RT_Down_anti_L,0.0585456623206166,0.0735593881947336,0.13210505051535,0.00119977898885535,0.00131519796875157,4.58217201714321,0.132791706844949
9,SJB,31,FEF-R,RT_Down_anti_L,0.0861832040786738,0.0465833929611119,0.132766597039786,0.00120147820053094,0.00130889187921826,4.58272636494049,0.132349731699252
9,SJB,32,POJ-R,RT_Down_anti_L,0.0773415379435764,0.106151079916387,0.183492617859963,0.0018441900524218,0.00201770818042222,4.55313179796188,0.13136814454786
10,BG,1,V1-L,RT_Down_anti_L,0.054084717962102,0.0455081875660577,0.0995929055281597,0.0010985243633117,0.00119046990228899,4.47570336011777,0.110660290365286
10,BG,2,V3-L,RT_Down_anti_L,0.0624226349348975,0.0626060086130842,0.125028643547982,0.0011517152392591,0.00125189156216058,4.47121487502537,0.109184761797483
10,BG,3,STS-L,RT_Down_anti_L,0.0481793967589151,0.0803107567044222,0.128490153463337,0.00121019608485952,0.00131214171387259,4.46732154905577,0.109596564939989
10,BG,4,IPL-L,RT_Down_anti_L,0.0543653122183573,0.0986286427090918,0.152993954927449,0.0012780757888655,0.00139137264684993,4.46235321481448,0.106537777573622
10,BG,5,SPL-L,RT_Down_anti_L,0.0561490540959593,0.0505083206718787,0.106657374767838,0.00107503425617303,0.00117090880526069,4.47671361812414,0.110381307539253
10,BG,6,AG-L,RT_Down_anti_L,0.047292007258621,0.101970577705331,0.149262584963952,0.00122615607389311,0.00133108087224204,4.46501614756585,0.107462774688705
10,BG,7,mIPS-L,RT_Down_anti_L,0.0648014189788191,0.0571559766285438,0.121957395607363,0.00123856919143273,0.00135320861465451,4.46586865521511,0.109553094861559
10,BG,8,VIP-L,RT_Down_anti_L,0.0448960088770565,0.120566376875876,0.165462385752933,0.00140174957625409,0.00152433678698714,4.45572917330441,0.108069187585104
10,BG,9,SPOC-L,RT_Down_anti_L,0.0672178611542062,0.0789482511774593,0.146166112331665,0.00139657183384426,0.00152781034801432,4.45745495413498,0.109227500681551
10,BG,10,S1-L,RT_Down_anti_L,0.110659503825944,0.0338521510476389,0.144511654873582,0.0012128477376287,0.00132030084705943,4.46703270840853,0.109566581717301
10,BG,11,M1-L,RT_Down_anti_L,0.0506780499578831,0.0525315957416759,0.103209645699559,0.000980310620616004,0.00106406309474191,4.48244440274559,0.110786887035495
10,BG,12,SMA-L,RT_Down_anti_L,0.0641396400844092,0.0763258616563325,0.140465501740742,0.00125775604133911,0.00136491418682618,4.46521239631876,0.107766915109394
10,BG,13,PMd-L,RT_Down_anti_L,0.0434749648918665,0.0719469456756511,0.115421910567518,0.00117858772685091,0.0012770016210961,4.47000519879375,0.110679567269163
10,BG,14,PMv-L,RT_Down_anti_L,0.0674963456212908,0.0295072005313966,0.0970035461526874,0.000997722412857457,0.00108303697028385,4.48081998143842,0.110654933559997
10,BG,15,FEF-L,RT_Down_anti_L,0.0583657222206386,0.0371293572689607,0.0954950794895993,0.00112070109555026,0.00122154195319438,4.47346913047544,0.111881699431927
10,BG,16,POJ-L,RT_Down_anti_L,0.0627861512119561,0.083723427810974,0.14650957902293,0.00134594000356766,0.00146091065902869,4.45966303714834,0.107551939065356
10,BG,17,V1-R,RT_Down_anti_L,0.0474965347235896,0.0564972994026355,0.103993834126225,0.00111607128306457,0.00121615169677886,4.47333142680131,0.110271745170752
10,BG,18,V3-R,RT_Down_anti_L,0.074327875001357,0.0631356065405438,0.137463481541901,0.00124054419207242,0.00134044125313765,4.4656430497422,0.107117076093604
10,BG,19,STS-R,RT_Down_anti_L,0.0720672632544408,0.0510569733557703,0.123124236610211,0.00120533755604758,0.00131048104740954,4.4674474510002,0.109197665084406
10,BG,20,IPL-R,RT_Down_anti_L,0.062679580333782,0.0737058702772334,0.136385450611015,0.00132520825286648,0.00143783229966454,4.46324962599027,0.109231326934285
10,BG,21,SPL-R,RT_Down_anti_L,0.105314754231998,0.0474280575145719,0.15274281174657,0.00139625350251669,0.00150420135929654,4.4598906302283,0.106794720484525
10,BG,22,AG-R,RT_Down_anti_L,0.0651372399317745,0.0366233300455958,0.10176056997737,0.00116455703395281,0.0012685621683724,4.47078506071738,0.1107981392762
10,BG,23,mIPS-R,RT_Down_anti_L,0.0935265376765111,0.0460823170236995,0.139608854700211,0.00121837123685739,0.00132019077807133,4.46799886396885,0.108197115246413
10,BG,24,VIP-R,RT_Down_anti_L,0.0561743878932732,0.0949038092741783,0.151078197167451,0.00136317247817682,0.0014768891854303,4.46149564871592,0.108790833008873
10,BG,25,SPOC-R,RT_Down_anti_L,0.107148397741387,0.0803530481187275,0.187501445860114,0.00155759432621212,0.00168551400701081,4.44965959297417,0.106085744780691
10,BG,26,S1-R,RT_Down_anti_L,0.0567070040135313,0.0763709120795277,0.133077916093059,0.00120491530123676,0.00130040210413956,4.47042641045584,0.108136236334093
10,BG,27,M1-R,RT_Down_anti_L,0.117648074772664,0.0696556877626141,0.187303762535278,0.00137586766958051,0.00148564494522077,4.4590679313207,0.105310960366407
10,BG,28,SMA-R,RT_Down_anti_L,0.0785179996725332,0.0571996503029085,0.135717649975442,0.0014018366096564,0.00152733785288535,4.45801171593235,0.109868623183432
10,BG,29,PMd-R,RT_Down_anti_L,0.0424232927011218,0.0996400276968306,0.142063320397952,0.00115856510919681,0.00125446825413261,4.47153059005226,0.108724642169278
10,BG,30,PMv-R,RT_Down_anti_L,0.0380520290381829,0.113775884467525,0.151827913505708,0.00133945082488742,0.0014540709228297,4.46043728133569,0.109198923502632
10,BG,31,FEF-R,RT_Down_anti_L,0.0827342237957493,0.0320116330718558,0.114745856867605,0.00102547479303421,0.00111232354958583,4.47759694878893,0.110189873768664
10,BG,32,POJ-R,RT_Down_anti_L,0.0895425749253776,0.0668468144416024,0.15638938936698,0.00132980129804151,0.00144247517132666,4.46143086326099,0.107047398869303
1,DOC,1,V1-L,RT_Down_anti_R,0.0805188500150998,0.0475211235104886,0.128039973525588,0.00135013876702604,0.00143724414274768,4.40425483178603,0.0855431552371588
1,DOC,2,V3-L,RT_Down_anti_R,0.0771956675822599,0.0377941324977986,0.114989800080058,0.00118654114554375,0.00125754199044371,4.41470046409411,0.0848414431918826
1,DOC,3,STS-L,RT_Down_anti_R,0.0368893725612053,0.03017576989405,0.0670651424552554,0.000829758562324616,0.000884259029428066,4.43539684514806,0.0876905257492292
1,DOC,4,IPL-L,RT_Down_anti_R,0.0735537203454565,0.0690455559372305,0.142599276282687,0.00127503154844571,0.00135470129782716,4.40834753414574,0.0844626569068092
1,DOC,5,SPL-L,RT_Down_anti_R,0.0603218943390384,0.0654571271219739,0.125779021461012,0.00122851552991184,0.00131493468661136,4.41053378285956,0.0858552525460413
1,DOC,6,AG-L,RT_Down_anti_R,0.0675489711293928,0.0297531275212546,0.0973020986506473,0.00113810750244105,0.00121296360767572,4.41665051016291,0.0866439177683753
1,DOC,7,mIPS-L,RT_Down_anti_R,0.073592271927856,0.057915057808795,0.131507329736651,0.001390906009003,0.0014863597669433,4.40184083584055,0.0854249509477227
1,DOC,8,VIP-L,RT_Down_anti_R,0.125107886937668,0.04552396840334,0.170631855341008,0.00141062819815416,0.00150848055210735,4.40007526683691,0.084000716665349
1,DOC,9,SPOC-L,RT_Down_anti_R,0.064914678359825,0.0456020796126288,0.110516757972454,0.00115868891896156,0.00123478207000331,4.41538453196727,0.0863787633187278
1,DOC,10,S1-L,RT_Down_anti_R,0.0581975689740411,0.0771411634030733,0.135338732377114,0.00109030663376788,0.00115519629479163,4.41926858363712,0.0839025516192744
1,DOC,11,M1-L,RT_Down_anti_R,0.023738605152128,0.0935717215652936,0.117310326717422,0.000851022125140106,0.000899802853169718,4.4360391784792,0.0852148655049418
1,DOC,12,SMA-L,RT_Down_anti_R,0.0226797712959879,0.0683377306981365,0.0910175019941244,0.000966200310579593,0.00102997931052397,4.4262521070205,0.0867071461145121
1,DOC,13,PMd-L,RT_Down_anti_R,0.0456396554987206,0.0711687421940176,0.116808397692738,0.00127291300182898,0.00136123291027508,4.4071395029594,0.0857303656814374
1,DOC,14,PMv-L,RT_Down_anti_R,0.0247280111827719,0.04232256659,0.0670505777727718,0.000782804666460809,0.000831968394285141,4.43920667684508,0.0876986005589937
1,DOC,15,FEF-L,RT_Down_anti_R,0.0582528779319486,0.0599440105061562,0.118196888438105,0.00130241187151219,0.0013887657060899,4.40564647433106,0.0856892741744174
1,DOC,16,POJ-L,RT_Down_anti_R,0.0743442379974387,0.0430324162188517,0.11737665421629,0.00123228828590736,0.00130776225888469,4.41087673600978,0.0858523109087593
1,DOC,17,V1-R,RT_Down_anti_R,0.040845445575966,0.0917324147459535,0.132577860321919,0.00128343030299139,0.0013687483384513,4.40823990252414,0.0852070657117601
1,DOC,18,V3-R,RT_Down_anti_R,0.0538934552354142,0.0708298936481214,0.124723348883536,0.00124619341954001,0.00132325375892427,4.40990300904595,0.0850338407477161
1,DOC,19,STS-R,RT_Down_anti_R,0.0682189300966676,0.0561883140090142,0.124407244105682,0.00127620077432349,0.00135825074981605,4.40854674421934,0.0854386420126433
1,DOC,20,IPL-R,RT_Down_anti_R,0.100888767021317,0.038338072927812,0.139226839949129,0.00134307755994598,0.00143011133165543,4.40542985034645,0.0854826700987065
1,DOC,21,SPL-R,RT_Down_anti_R,0.0565756067920668,0.044198828027364,0.100774434819431,0.00109630741104476,0.00116346601917637,4.41952098262384,0.0863253656461188
1,DOC,22,AG-R,RT_Down_anti_R,0.0463410225633041,0.0484951659905077,0.0948361885538118,0.00109230325950063,0.00116270751681074,4.41923617127469,0.0867370053193944
1,DOC,23,mIPS-R,RT_Down_anti_R,0.0479287914515667,0.0429775500002721,0.0909063414518388,0.0010749385650457,0.00114205915682345,4.42077146164146,0.0871528065995188
1,DOC,24,VIP-R,RT_Down_anti_R,0.0689379956843585,0.0562800313457325,0.125218027030091,0.00125413520455193,0.00133085674308531,4.4100210860003,0.085139953930811
1,DOC,25,SPOC-R,RT_Down_anti_R,0.0437449161410949,0.0782771485678631,0.122022064708958,0.00120953020627936,0.00128082972442666,4.41338876107077,0.0859817254710216
1,DOC,26,S1-R,RT_Down_anti_R,0.0884536584178201,0.0793043742119,0.16775803262972,0.00161321135356883,0.00171918544010328,4.38997484659407,0.0826073804196385
1,DOC,27,M1-R,RT_Down_anti_R,0.0474947569075417,0.0548680885059744,0.102362845413516,0.00105756257991605,0.00112323008463063,4.42104299345567,0.0855846510852805
1,DOC,28,SMA-R,RT_Down_anti_R,0.0225442182578025,0.0588864458348037,0.0814306640926061,0.00091580524956925,0.000976924468078534,4.43045977802012,0.0873150968641335
1,DOC,29,PMd-R,RT_Down_anti_R,0.0321922464689635,0.0547065585906654,0.086898805059629,0.00101225793757408,0.00107929306954966,4.42385421368441,0.0871273740545152
1,DOC,30,PMv-R,RT_Down_anti_R,0.036378961387628,0.0645773877934153,0.100956349181043,0.00104080032562609,0.00110936418824827,4.4220707538862,0.0863605416788152
1,DOC,31,FEF-R,RT_Down_anti_R,0.0580226028804624,0.0402010919152094,0.0982236947956718,0.00111094489055695,0.00118489781710519,4.41779266797592,0.0866093531152493
1,DOC,32,POJ-R,RT_Down_anti_R,0.0567660961924702,0.0722838527075853,0.129049948900055,0.00129983681531543,0.00137900405520347,4.40813933404344,0.0856824476665892
2,GB,1,V1-L,RT_Down_anti_R,0.0885250185275795,0.065447171921665,0.153972190449244,0.00165933854402404,0.00181099771654985,4.68826304085889,0.160590804472108
2,GB,2,V3-L,RT_Down_anti_R,0.0729312747140868,0.150343504524652,0.223274779238738,0.00192436235730997,0.00209383930876877,4.67655226911082,0.154737599720651
2,GB,3,STS-L,RT_Down_anti_R,0.0617192674059835,0.0584134038446494,0.120132671250633,0.00137671992351091,0.0015013533006949,4.70138549838561,0.16135440070596
2,GB,4,IPL-L,RT_Down_anti_R,0.194252656059092,0.105589905054079,0.299842561113171,0.00211748194891287,0.00230221989214995,4.66564968967902,0.150101070994618
2,GB,5,SPL-L,RT_Down_anti_R,0.116062967577653,0.0636520942563351,0.179715061833988,0.00173838078893494,0.00189999776376571,4.68444783361358,0.15852902350129
2,GB,6,AG-L,RT_Down_anti_R,0.105973724140804,0.107541405824664,0.213515129965468,0.00172283046659149,0.00186966121342111,4.68613413508246,0.156684827701842
2,GB,7,mIPS-L,RT_Down_anti_R,0.13903014895622,0.0866114184951618,0.225641567451382,0.00168573009488489,0.00182762668783266,4.68754357775792,0.155573905252016
2,GB,8,VIP-L,RT_Down_anti_R,0.139541044422179,0.111357871899509,0.250898916321689,0.00198202362262234,0.00215412710553083,4.67334294051665,0.154131712286981
2,GB,9,SPOC-L,RT_Down_anti_R,0.100390810356089,0.144695609460587,0.245086419816676,0.00191795581186233,0.00208880291752417,4.67476906456375,0.156200581109352
2,GB,10,S1-L,RT_Down_anti_R,0.111078482104766,0.109783179364377,0.220861661469143,0.00199719650489673,0.00217609365943457,4.67275858018639,0.155137005705745
2,GB,11,M1-L,RT_Down_anti_R,0.0842091178558897,0.119494639412038,0.203703757267927,0.001857356215096,0.00202168874611278,4.67804557845971,0.15330697982364
2,GB,12,SMA-L,RT_Down_anti_R,0.0701261605838098,0.0891288745097479,0.159255035093558,0.00172788843834146,0.0018872488467535,4.6845160652202,0.159601027110452
2,GB,13,PMd-L,RT_Down_anti_R,0.0540639530760965,0.116999037839335,0.171062990915432,0.00155515070663091,0.00169125149249805,4.69339491046317,0.158317261942167
2,GB,14,PMv-L,RT_Down_anti_R,0.050588874857731,0.0669374590772901,0.117526333935021,0.001334097523771,0.00145532419494146,4.70363893604212,0.161300808114537
2,GB,15,FEF-L,RT_Down_anti_R,0.120837709885927,0.0632611593237178,0.184098869209644,0.00159251132438985,0.00173254372293813,4.68995389160462,0.156786669211251
2,GB,16,POJ-L,RT_Down_anti_R,0.0790465458354811,0.203361232333886,0.282407778169367,0.00191740444623367,0.00208001266339475,4.67601755157222,0.154786180161407
2,GB,17,V1-R,RT_Down_anti_R,0.0841674068747109,0.129447983396432,0.213615390271142,0.00185829934144171,0.00201441488204724,4.6779082355129,0.154794320316552
2,GB,18,V3-R,RT_Down_anti_R,0.0500535361752035,0.043668012259083,0.0937215484342866,0.00122636383552271,0.00133721640391364,4.70813971363344,0.162205419871949
2,GB,19,STS-R,RT_Down_anti_R,0.149086233670736,0.0690473940778219,0.218133627748558,0.00190614251630604,0.00207879601254869,4.67328935163153,0.156784871921998
2,GB,20,IPL-R,RT_Down_anti_R,0.0645147751300991,0.0679677908406912,0.13248256597079,0.00152404012551465,0.00166460138369738,4.69368506058627,0.161577185757146
2,GB,21,SPL-R,RT_Down_anti_R,0.104906563003248,0.0517575431769722,0.156664106180221,0.0015225086847372,0.00165581285295677,4.69387060597187,0.160346264562537
2,GB,22,AG-R,RT_Down_anti_R,0.103058553187811,0.0898241842020908,0.192882737389902,0.00167472299403777,0.0018246907474993,4.68514868800408,0.156029739820379
2,GB,23,mIPS-R,RT_Down_anti_R,0.116411543785678,0.056731597789328,0.173143141575006,0.00158404729568767,0.00172894769418299,4.6907944942288,0.158505677258967
2,GB,24,VIP-R,RT_Down_anti_R,0.0828640400598078,0.0728246964565585,0.155688736516366,0.00146056186124427,0.00158724562036481,4.69556723929843,0.159469318715983
2,GB,25,SPOC-R,RT_Down_anti_R,0.0945459912876597,0.0898684457785422,0.184414437066202,0.00170137355240206,0.00185321168278933,4.6855674973202,0.15802286824147
2,GB,26,S1-R,RT_Down_anti_R,0.105542428049545,0.0639179216264845,0.169460349676029,0.00162213790301946,0.00177085369729309,4.68878924299871,0.15677402091591
2,GB,27,M1-R,RT_Down_anti_R,0.0800372424128885,0.148365425926992,0.228402668339881,0.00174345036360804,0.00189709084957002,4.68158075886842,0.152212447891843
2,GB,28,SMA-R,RT_Down_anti_R,0.079916491970846,0.105491229745547,0.185407721716393,0.00161461665815048,0.00175238307916907,4.68738755549681,0.1552982318771
2,GB,29,PMd-R,RT_Down_anti_R,0.077569590135169,0.099238054704194,0.176807644839363,0.00163112132752816,0.00177037409368425,4.68563375925717,0.155609283042727
2,GB,30,PMv-R,RT_Down_anti_R,0.0577503471686769,0.0451897281996512,0.102940075368328,0.00119393462122374,0.00130081551767372,4.71127354834926,0.161591949304324
2,GB,31,FEF-R,RT_Down_anti_R,0.0782008089795932,0.0800638787990148,0.158264687778608,0.0015815116917519,0.00172300340249022,4.69033348080087,0.158583603801134
2,GB,32,POJ-R,RT_Down_anti_R,0.0674270398887855,0.108408494018747,0.175835533907533,0.00158583696613371,0.00172306434328856,4.69120872291368,0.158704883335314
3,JDC,1,V1-L,RT_Down_anti_R,0.0653234759218461,0.109259662604305,0.174583138526151,0.00172063941878582,0.00187550508441846,4.67697342300616,0.144434147405829
3,JDC,2,V3-L,RT_Down_anti_R,0.0816567669438246,0.0550593473299089,0.136716114273734,0.00141058849258821,0.00153005963222479,4.68997602531116,0.146055318894118
3,JDC,3,STS-L,RT_Down_anti_R,0.0666913648302872,0.0590959681330413,0.125787332963329,0.00148081302800244,0.00161319893489051,4.68600163799131,0.147836376028564
3,JDC,4,IPL-L,RT_Down_anti_R,0.0668423145885161,0.0737462488811045,0.140588563469621,0.0015820911673127,0.00172252636590108,4.68139756217,0.146289577101784
3,JDC,5,SPL-L,RT_Down_anti_R,0.0785066180775544,0.121222238398416,0.199728856475971,0.0018803580204001,0.00204398174414729,4.66960693750293,0.142593493697863
3,JDC,6,AG-L,RT_Down_anti_R,0.112613293125117,0.0719628236611201,0.184576116786237,0.0017277176990128,0.00187615061925218,4.67532403077991,0.143310060714079
3,JDC,7,mIPS-L,RT_Down_anti_R,0.073413752189839,0.0581346367193158,0.131548388909155,0.00151634659784846,0.00164950545390335,4.68537751636107,0.144833773474628
3,JDC,8,VIP-L,RT_Down_anti_R,0.0636127907414858,0.0959171156858891,0.159529906427375,0.0016792058625792,0.00182643311239498,4.67827518557788,0.145574336192421
3,JDC,9,SPOC-L,RT_Down_anti_R,0.0764259405322722,0.144084295643101,0.220510236175373,0.00188035708457734,0.00204934436926207,4.66626629454239,0.140390220633864
3,JDC,10,S1-L,RT_Down_anti_R,0.0986383927259648,0.0631449078247604,0.161783300550725,0.00150513903627612,0.00163544964626538,4.68313222485819,0.145924643366251
3,JDC,11,M1-L,RT_Down_anti_R,0.0432368748022439,0.0948525981627039,0.138089472964948,0.00125393772585997,0.00135673846900899,4.69734650012709,0.147011482004791
3,JDC,12,SMA-L,RT_Down_anti_R,0.0832060084877109,0.0939959517629851,0.177201960250696,0.0018116943700554,0.00196964788924377,4.67097265533865,0.144880677113126
3,JDC,13,PMd-L,RT_Down_anti_R,0.0668109939724789,0.0816173309571156,0.148428324929595,0.00162546842028083,0.00176396042036101,4.67886957265468,0.146508605198159
3,JDC,14,PMv-L,RT_Down_anti_R,0.0684911119875178,0.081275284091415,0.149766396078933,0.00157966214024439,0.00171651816082088,4.67955374134327,0.145305341628985
3,JDC,15,FEF-L,RT_Down_anti_R,0.105261462263072,0.0734372729693654,0.178698735232438,0.00171418474805668,0.00186423311749297,4.67404545269639,0.143623145028384
3,JDC,16,POJ-L,RT_Down_anti_R,0.111247987479695,0.065933902979661,0.177181890459356,0.00150703657577366,0.00163078735670583,4.68546016101622,0.141327441856773
3,JDC,17,V1-R,RT_Down_anti_R,0.0565141503809501,0.113040078603039,0.169554228983989,0.00159939265918008,0.00174560405426917,4.68189103669048,0.144643825928704
3,JDC,18,V3-R,RT_Down_anti_R,0.152522267071756,0.0819529287139849,0.234475195785741,0.00195378953614926,0.00213423756632505,4.66652799719186,0.142313348754709
3,JDC,19,STS-R,RT_Down_anti_R,0.0546324265481277,0.0235625843003434,0.0781950108484711,0.00113469243619109,0.00123317824425082,4.70487493594587,0.149913737750878
3,JDC,20,IPL-R,RT_Down_anti_R,0.0395557412535472,0.115120976052446,0.154676717305994,0.00146429437576568,0.00159491757570185,4.68840498041804,0.145279714939641
3,JDC,21,SPL-R,RT_Down_anti_R,0.088526764016534,0.0927497628786357,0.18127652689517,0.00181034077680235,0.00197012993523432,4.67199748659508,0.144981434979919
3,JDC,22,AG-R,RT_Down_anti_R,0.145671481593106,0.0784142778192793,0.224085759412385,0.00192104882505268,0.0020871213145426,4.66578520783958,0.140791553266048
3,JDC,23,mIPS-R,RT_Down_anti_R,0.149802246861863,0.0706327317392824,0.220434978601145,0.00181399837098466,0.00196989119396855,4.6711504643571,0.142249377120369
3,JDC,24,VIP-R,RT_Down_anti_R,0.0868949296320965,0.0938431678401221,0.180738097472219,0.0017290555774148,0.00187840194311658,4.6753550831628,0.144495991259611
3,JDC,25,SPOC-R,RT_Down_anti_R,0.102289442076015,0.235847618625852,0.338137060701867,0.00229398990089253,0.00249292881518205,4.64924046615363,0.135103867782329
3,JDC,26,S1-R,RT_Down_anti_R,0.0862022744629766,0.0652102567527171,0.151412531215694,0.0014998104789587,0.00162463385717871,4.68581766791642,0.145012800045651
3,JDC,27,M1-R,RT_Down_anti_R,0.0695676753776577,0.082850209770349,0.152417885148007,0.00167764320679001,0.00182259222148556,4.67718623834372,0.146332407141178
3,JDC,28,SMA-R,RT_Down_anti_R,0.0748923246347272,0.0768274448614742,0.151719769496201,0.00152486608466142,0.00164445299004898,4.68396283854517,0.145372001889803
3,JDC,29,PMd-R,RT_Down_anti_R,0.0657612880607517,0.0890417780372492,0.154803066098001,0.00150975441095502,0.00163610952698463,4.6846825417027,0.146369981196766
3,JDC,30,PMv-R,RT_Down_anti_R,0.0484615317473482,0.0912130037289107,0.139674535476259,0.00148274534826504,0.00160809714630653,4.68611194689818,0.14725929880964
3,JDC,31,FEF-R,RT_Down_anti_R,0.123895151923564,0.0537829528637281,0.177678104787292,0.0016019503948994,0.00173427820832582,4.67913799558078,0.144816815734715
3,JDC,32,POJ-R,RT_Down_anti_R,0.232815198763791,0.133154684682614,0.365969883446405,0.00247833852923027,0.00268764857206236,4.64137437624688,0.133251523730584
4,JFXD,1,V1-L,RT_Down_anti_R,0.0922031086430664,0.0445387159974236,0.13674182464049,0.00143546905945209,0.00155075781635293,4.48794089893229,0.104235899039249
4,JFXD,2,V3-L,RT_Down_anti_R,0.0772724654087077,0.0500913740928525,0.12736383950156,0.0012804506101321,0.00137778089808902,4.49608449705943,0.103010132397664
4,JFXD,3,STS-L,RT_Down_anti_R,0.0658720411905213,0.0681986663365607,0.134070707527082,0.00144914865889822,0.00155139433756376,4.48917229799275,0.103813291820035
4,JFXD,4,IPL-L,RT_Down_anti_R,0.11266042883849,0.0396986370152075,0.152359065853697,0.00139684684494364,0.0014984237593426,4.4916534578243,0.103435477671886
4,JFXD,5,SPL-L,RT_Down_anti_R,0.0908090092480311,0.056406179181181,0.147215188429212,0.00145139015577604,0.00155260508624364,4.48826229676813,0.103664877048963
4,JFXD,6,AG-L,RT_Down_anti_R,0.0426174349744405,0.0938336011024371,0.136451036076878,0.00148827377599652,0.00160576543727749,4.48644845075154,0.104756596660566
4,JFXD,7,mIPS-L,RT_Down_anti_R,0.06011876698217,0.056938291563405,0.117057058545575,0.00130260560354007,0.0013982746950075,4.49704094065318,0.105158794871192
4,JFXD,8,VIP-L,RT_Down_anti_R,0.127418681096885,0.0549193320578351,0.18233801315472,0.00163878585717673,0.0017609039264353,4.47935303122137,0.101725141723301
4,JFXD,9,SPOC-L,RT_Down_anti_R,0.0451899624474234,0.106140302727129,0.151330265174552,0.00148724903330656,0.00160889149619944,4.48506100996427,0.10411813503941
4,JFXD,10,S1-L,RT_Down_anti_R,0.0502473562787665,0.0295897957851109,0.0798371520638773,0.00101827179724928,0.00109503704120025,4.51309454826837,0.106201213474062
4,JFXD,11,M1-L,RT_Down_anti_R,0.0387863390621788,0.0440070459721503,0.0827933850343291,0.00103677084702937,0.00111933890933635,4.51097631305886,0.106179220138548
4,JFXD,12,SMA-L,RT_Down_anti_R,0.0432926863423454,0.0378424359961915,0.0811351223385369,0.00084983921975651,0.000917946616309335,4.52297259514009,0.104386945162279
4,JFXD,13,PMd-L,RT_Down_anti_R,0.0343936976812116,0.0556953179149075,0.0900890155961192,0.00109547844832922,0.00118642057018993,4.50700362062423,0.10551078754137
4,JFXD,14,PMv-L,RT_Down_anti_R,0.0630614707623868,0.119275425947263,0.18233689670965,0.00153545811079074,0.00165828611345836,4.48156083020118,0.0987728983118525
4,JFXD,15,FEF-L,RT_Down_anti_R,0.0583446796192945,0.0936036889476833,0.151948368566978,0.00126248424701132,0.00135916033885963,4.4950635160517,0.0987771546681458
4,JFXD,16,POJ-L,RT_Down_anti_R,0.0769003427115507,0.0673550298970041,0.144255372608555,0.00138939010126766,0.00149058398590625,4.49237170465474,0.103151941888698
4,JFXD,17,V1-R,RT_Down_anti_R,0.0555823448438245,0.0597853698945753,0.1153677147384,0.00123853791712186,0.00134354475549692,4.49896385080899,0.105033693984264
4,JFXD,18,V3-R,RT_Down_anti_R,0.0578999123988907,0.049673061487412,0.107572973886303,0.00104958373972689,0.00113429142761142,4.50808003692371,0.103848497690714
4,JFXD,19,STS-R,RT_Down_anti_R,0.0754755823883669,0.0480130581450062,0.123488640533373,0.00114079285518169,0.00123084136134961,4.50257534242397,0.103203607107169
4,JFXD,20,IPL-R,RT_Down_anti_R,0.0600297358802336,0.0479364242355523,0.107966160115786,0.00119949343079692,0.00130697169309532,4.49912446165714,0.105323227585463
4,JFXD,21,SPL-R,RT_Down_anti_R,0.0536385818936747,0.0522225963755889,0.105861178269264,0.00111724270863715,0.0012017365595502,4.50506602241336,0.104747136973537
4,JFXD,22,AG-R,RT_Down_anti_R,0.04795098250742,0.0744707328272225,0.122421715334643,0.00119745472302517,0.00128898440780022,4.50149923411533,0.103922182492348
4,JFXD,23,mIPS-R,RT_Down_anti_R,0.0545380011651211,0.0463246150701808,0.100862616235302,0.00109647439437567,0.00117705731424284,4.50756258148055,0.105238336310048
4,JFXD,24,VIP-R,RT_Down_anti_R,0.0619848986651079,0.0438929403892891,0.105877839054397,0.00117200917048159,0.0012792221409357,4.50037503795707,0.105374671221872
4,JFXD,25,SPOC-R,RT_Down_anti_R,0.0944373929098565,0.0474616693519795,0.141899062261836,0.00143334415015034,0.00154037004941512,4.48896040192933,0.103760945191735
4,JFXD,26,S1-R,RT_Down_anti_R,0.0579024545822057,0.102297982539566,0.160200437121772,0.00157206987637835,0.00171471251394606,4.48004146177657,0.103666215506793
4,JFXD,27,M1-R,RT_Down_anti_R,0.0670230319688557,0.117424190068208,0.184447222037063,0.00163297230467475,0.00177596434083544,4.4770716995893,0.101538408322388
4,JFXD,28,SMA-R,RT_Down_anti_R,0.0470195067643151,0.0429945712178024,0.0900140779821175,0.000971353165689578,0.00104945230902301,4.51507637175752,0.104530069024757
4,JFXD,29,PMd-R,RT_Down_anti_R,0.0532892372202762,0.108335838638588,0.161625075858864,0.00147739476360146,0.00160199233905547,4.48478564515872,0.102745798689403
4,JFXD,30,PMv-R,RT_Down_anti_R,0.0501545949483508,0.0963251706122755,0.146479765560626,0.0014680077782126,0.0015965250774602,4.48413798137478,0.103529727215412
4,JFXD,31,FEF-R,RT_Down_anti_R,0.0815037529271378,0.0991090081360876,0.180612761063225,0.00160045346813377,0.00172405865613525,4.47978758161889,0.100971576652567
4,JFXD,32,POJ-R,RT_Down_anti_R,0.0992691966522877,0.0424866094797197,0.141755806132007,0.00143459364560342,0.00154906314306914,4.48867128678634,0.103900080414085
5,JZ,1,V1-L,RT_Down_anti_R,0.0615938591211342,0.0543322835495857,0.11592614267072,0.00132682397258482,0.00142476051673367,4.55947854736767,0.118047486684569
5,JZ,2,V3-L,RT_Down_anti_R,0.0833118582405855,0.055656354456241,0.138968212696826,0.00144244576362002,0.00155073360935401,4.55250274643008,0.117259081544407
5,JZ,3,STS-L,RT_Down_anti_R,0.0456742564137642,0.0435477769283378,0.089222033342102,0.00115715716411123,0.00124710059114211,4.56751769010064,0.119422140580659
5,JZ,4,IPL-L,RT_Down_anti_R,0.099331346808097,0.108769502612081,0.208100849420178,0.00194053802240282,0.0020927116595135,4.52910748535106,0.112921116664613
5,JZ,5,SPL-L,RT_Down_anti_R,0.0708259991729465,0.0829470882045707,0.153773087377517,0.0014518287721221,0.00156690848555409,4.5515199944096,0.115586232236727
5,JZ,6,AG-L,RT_Down_anti_R,0.0760765077429299,0.0393304009997116,0.115406908742642,0.0012216437507116,0.00131182943010667,4.56646986434528,0.117031260400973
5,JZ,7,mIPS-L,RT_Down_anti_R,0.0601938193060753,0.0630129414351914,0.123206760741267,0.00135403622522596,0.0014586809245897,4.55740367251259,0.116612547780604
5,JZ,8,VIP-L,RT_Down_anti_R,0.1017272840645,0.0565867376306698,0.15831402169517,0.00160150654332024,0.00172687284446482,4.54571281491554,0.114324226309552
5,JZ,9,SPOC-L,RT_Down_anti_R,0.0409450805785566,0.0968044581500927,0.137749538728649,0.00153221063699605,0.00165156387982315,4.54952102539307,0.118048925272469
5,JZ,10,S1-L,RT_Down_anti_R,0.138967024949514,0.171929180459298,0.310896205408811,0.00219209371063655,0.00235334529820033,4.51716780555144,0.106250875192097
5,JZ,11,M1-L,RT_Down_anti_R,0.0431068787757198,0.19892899590002,0.24203587467574,0.00168213773885052,0.00180294324913854,4.54086079976367,0.110556192830535
5,JZ,12,SMA-L,RT_Down_anti_R,0.0439187382413137,0.0485486448315631,0.0924673830728767,0.00102102789562953,0.00109952136532034,4.57677842965234,0.117962784021036
5,JZ,13,PMd-L,RT_Down_anti_R,0.0692224984310323,0.085800480371407,0.155022978802439,0.00146526858602713,0.00157530679144782,4.55106756766007,0.114968761947146
5,JZ,14,PMv-L,RT_Down_anti_R,0.0523619048729327,0.0469389177678137,0.0993008226407464,0.00117657849145615,0.00126664877058739,4.56681339583341,0.118846204092358
5,JZ,15,FEF-L,RT_Down_anti_R,0.056779723975455,0.0404225386549471,0.0972022626304022,0.00112968793063936,0.00121735273895306,4.5687091517944,0.11839434763405
5,JZ,16,POJ-L,RT_Down_anti_R,0.0683922904643813,0.0990578937160553,0.167450184180437,0.00154947210867069,0.00165999831763885,4.54807486443954,0.115157809643992
5,JZ,17,V1-R,RT_Down_anti_R,0.0736360961147826,0.0653018816378222,0.138937977752605,0.00139209072019607,0.00150044712150502,4.55392625033336,0.116224134712599
5,JZ,18,V3-R,RT_Down_anti_R,0.086491752954888,0.0689246063490538,0.155416359303942,0.00149133199227404,0.00159379774320522,4.54942549615051,0.115199713548581
5,JZ,19,STS-R,RT_Down_anti_R,0.0816326218016567,0.0358033372069606,0.117435959008617,0.00127291262263801,0.00137017104266405,4.56156821686862,0.11760164124153
5,JZ,20,IPL-R,RT_Down_anti_R,0.0723668183876661,0.0513384290237119,0.123705247411378,0.0013045405573675,0.00140133604240343,4.55908132602769,0.117507195986367
5,JZ,21,SPL-R,RT_Down_anti_R,0.0819595011974675,0.0987007126885351,0.180660213886003,0.00166319357085181,0.00179418391168314,4.54029967673996,0.113703121064623
5,JZ,22,AG-R,RT_Down_anti_R,0.043911262421072,0.0590483382249218,0.102959600645994,0.00118123152413805,0.00127012262826213,4.5673695136161,0.118862213523766
5,JZ,23,mIPS-R,RT_Down_anti_R,0.0376263978799712,0.0681166641094296,0.105743061989401,0.00115856659778585,0.00124466125571291,4.56865689673629,0.118258659039795
5,JZ,24,VIP-R,RT_Down_anti_R,0.0864747327944798,0.0569231520967759,0.143397884891256,0.00146319250656137,0.00156849298725046,4.55169646766763,0.116498120600164
5,JZ,25,SPOC-R,RT_Down_anti_R,0.125137783113927,0.0829568469401296,0.208094630054056,0.00190023767147337,0.00204920890096344,4.53148136793348,0.112810910043034
5,JZ,26,S1-R,RT_Down_anti_R,0.0702897076091973,0.0456487928385468,0.115938500447744,0.00127048770724357,0.00136666393282887,4.56159140403953,0.118162116340128
5,JZ,27,M1-R,RT_Down_anti_R,0.0862049609086033,0.0453195055608666,0.13152446646947,0.00137534607851538,0.00148382457418477,4.55588627609819,0.116406579781703
5,JZ,28,SMA-R,RT_Down_anti_R,0.0448030899495924,0.0293252615522487,0.074128351501841,0.000914250107514805,0.000989383892469406,4.58229019422093,0.118955254719605
5,JZ,29,PMd-R,RT_Down_anti_R,0.0921541716012818,0.0831379638611911,0.175292135462473,0.00163578822062957,0.00175345284970077,4.54537230852289,0.114537731538849
5,JZ,30,PMv-R,RT_Down_anti_R,0.0673011819937236,0.0815979762205053,0.148899158214229,0.00150550334182635,0.00161750647989836,4.54776488861183,0.115310826649917
5,JZ,31,FEF-R,RT_Down_anti_R,0.0618643210185618,0.0553902973756565,0.117254618394218,0.00134586846094655,0.00145464704073434,4.55627501342802,0.117914999734959
5,JZ,32,POJ-R,RT_Down_anti_R,0.0719062316288197,0.0760417411806882,0.147947972809508,0.0014330007908705,0.00153733128448116,4.55555788821566,0.115741155578768
6,LT,1,V1-L,RT_Down_anti_R,0.103471613176726,0.0644887703853472,0.167960383562073,0.00162848197495673,0.00173981386953551,4.41576937014606,0.088469075629395
6,LT,2,V3-L,RT_Down_anti_R,0.037578531947334,0.0811890216734635,0.118767553620798,0.00119675787977224,0.00127791487469752,4.43940689309327,0.0913288031807085
6,LT,3,STS-L,RT_Down_anti_R,0.0746680855760201,0.0483332853496217,0.123001370925642,0.00126530488954309,0.00135470849285977,4.43376409058972,0.0912453787415092
6,LT,4,IPL-L,RT_Down_anti_R,0.0476718406863456,0.0445846876365838,0.0922565283229295,0.00105427008236434,0.00112595829773976,4.44796929975321,0.0928651903396726
6,LT,5,SPL-L,RT_Down_anti_R,0.0384400656746042,0.097566906582595,0.136006972257199,0.00125787840232496,0.00133978458559671,4.43461575445801,0.0907152519031271
6,LT,6,AG-L,RT_Down_anti_R,0.0522230984125106,0.0433125670250878,0.0955356654375984,0.00109262892586423,0.00117111322780308,4.44448768170414,0.0927118333397874
6,LT,7,mIPS-L,RT_Down_anti_R,0.0277620730105456,0.0575948483444651,0.0853569213550107,0.000955391401733959,0.00102008912679775,4.45345131841541,0.0928814622005747
6,LT,8,VIP-L,RT_Down_anti_R,0.0536144907450095,0.0476485226936686,0.101263013438678,0.00108448305808399,0.00115791991644198,4.44553289198424,0.0919701875074841
6,LT,9,SPOC-L,RT_Down_anti_R,0.0488936030435688,0.0327208219734615,0.0816144250170303,0.00100762595088465,0.00107665803632736,4.45061203452197,0.0929823109494119
6,LT,10,S1-L,RT_Down_anti_R,0.0665287813968323,0.0693223134776015,0.135851094874434,0.00131942467187139,0.00140801768326659,4.43136671252131,0.0903550768567964
6,LT,11,M1-L,RT_Down_anti_R,0.0545543664840686,0.0512676037803248,0.105821970264393,0.001130462117883,0.00120431091122332,4.44400086964378,0.0913521156644801
6,LT,12,SMA-L,RT_Down_anti_R,0.0527489139558634,0.086634897115395,0.139383811071258,0.00136761337952499,0.0014603174750095,4.43017590996866,0.0903098105474915
6,LT,13,PMd-L,RT_Down_anti_R,0.0526455952128411,0.0610198391161649,0.113665434329006,0.00119620836669567,0.0012745937981322,4.43995966314755,0.0915840603442163
6,LT,14,PMv-L,RT_Down_anti_R,0.0659713925935605,0.0470105897125719,0.112981982306132,0.00124009524138321,0.00132567263179475,4.43613989598686,0.0916760065330076
6,LT,15,FEF-L,RT_Down_anti_R,0.0875747178966786,0.0457373357161093,0.133312053612788,0.00130118088001016,0.00139600551612958,4.43245439587988,0.0909927770227883
6,LT,16,POJ-L,RT_Down_anti_R,0.0427408163270601,0.0303386835860311,0.0730794999130912,0.000884537354615137,0.000944820986614159,4.45880268638401,0.0928559269651928
6,LT,17,V1-R,RT_Down_anti_R,0.0947938444201792,0.0678836765760499,0.162677520996229,0.00159299939908028,0.00170350189553389,4.4178483557865,0.0888679407619761
6,LT,18,V3-R,RT_Down_anti_R,0.0516757048539572,0.0872806556722818,0.138956360526239,0.00135669188902946,0.00145144066308108,4.43004836551294,0.0906092477370279
6,LT,19,STS-R,RT_Down_anti_R,0.0656062525755572,0.0746939435937928,0.14030019616935,0.00134113823663559,0.00143653322913493,4.43008655259257,0.0894158977586659
6,LT,20,IPL-R,RT_Down_anti_R,0.0747268396732231,0.0402878337885466,0.11501467346177,0.00116678824077689,0.00124704483650481,4.44115720017801,0.0919060062001972
6,LT,21,SPL-R,RT_Down_anti_R,0.0558815807638834,0.0484763190465027,0.104357899810386,0.00118158975421898,0.00127113687257981,4.43876659969196,0.0918892395833372
6,LT,22,AG-R,RT_Down_anti_R,0.0812878101614309,0.0623106035135964,0.143598413675027,0.00141527948580362,0.00151895675375555,4.42669639443407,0.0905153085323895
6,LT,23,mIPS-R,RT_Down_anti_R,0.0897251502623117,0.0589321343158029,0.148657284578115,0.00127399692324689,0.0013624529529186,4.43564466666849,0.089580593661588
6,LT,24,VIP-R,RT_Down_anti_R,0.0780473817301025,0.0408300007831844,0.118877382513287,0.00117226598196477,0.00125334581753575,4.44085780447804,0.0915360531478428
6,LT,25,SPOC-R,RT_Down_anti_R,0.0435798503905652,0.0927321684163921,0.136312018806957,0.0014318852066276,0.00153305007055526,4.42657896603037,0.0911825138181606
6,LT,26,S1-R,RT_Down_anti_R,0.0470855103742697,0.0765113206252276,0.123596830999497,0.0012342629319215,0.00132605564370942,4.43594180461199,0.0913902024221479
6,LT,27,M1-R,RT_Down_anti_R,0.0517876173143391,0.05304770971194,0.104835327026279,0.00127326862205619,0.00136653120359948,4.43485199554406,0.092596089821201
6,LT,28,SMA-R,RT_Down_anti_R,0.053827371732847,0.0820008984843313,0.135828270217178,0.00146591293469821,0.00157574778008918,4.42378745264051,0.0912764838381571
6,LT,29,PMd-R,RT_Down_anti_R,0.0520352369282688,0.0452670145700612,0.09730225149833,0.00106925934458148,0.00113799075998807,4.44702798636425,0.0923462596259233
6,LT,30,PMv-R,RT_Down_anti_R,0.0356726221632847,0.0241875437613049,0.0598601659245897,0.000832614236517971,0.000892875380464852,4.46209265619134,0.0938984620486423
6,LT,31,FEF-R,RT_Down_anti_R,0.0304719914580801,0.0562881005152115,0.0867600919732916,0.000872639810879636,0.000932622268319457,4.45944769697053,0.0920725912993586
6,LT,32,POJ-R,RT_Down_anti_R,0.0584257803140215,0.0522179137131716,0.110643694027193,0.00109391964742238,0.00116233495361336,4.4474098094459,0.0911179346553305
7,NvA,1,V1-L,RT_Down_anti_R,0.0507897375711026,0.0529328536588326,0.103722591229935,0.00118799160833577,0.00128033869406336,4.49782293591123,0.114025437593662
7,NvA,2,V3-L,RT_Down_anti_R,0.0598627534019257,0.0610912557081795,0.120954009110105,0.00140893153774225,0.00151492553137468,4.48504502003232,0.113636121925866
7,NvA,3,STS-L,RT_Down_anti_R,0.0657071241763375,0.070518619169049,0.136225743345386,0.00139826382624491,0.00149590218642172,4.48596529028583,0.110865884551655
7,NvA,4,IPL-L,RT_Down_anti_R,0.0599574703776572,0.0750467209960914,0.135004191373749,0.00118843359835312,0.00127327348993074,4.49634678933758,0.113033566134046
7,NvA,5,SPL-L,RT_Down_anti_R,0.0610507981196792,0.0711526643113562,0.132203462431035,0.00133049642876178,0.00143626538354426,4.48840394299906,0.112674291493871
7,NvA,6,AG-L,RT_Down_anti_R,0.0756157093234677,0.0520926740465189,0.127708383369987,0.0012400663243921,0.00133261401071796,4.494040035565,0.1131184610143
7,NvA,7,mIPS-L,RT_Down_anti_R,0.0869524849525525,0.0348394466315337,0.121791931584086,0.00112878618601566,0.00121030092392787,4.49993358201663,0.113092765829734
7,NvA,8,VIP-L,RT_Down_anti_R,0.085708403177359,0.0520504322222857,0.137758835399645,0.00142386028433195,0.00152995807185514,4.4842768339763,0.111403316633331
7,NvA,9,SPOC-L,RT_Down_anti_R,0.0800632156383846,0.0992267085215821,0.179289924159967,0.00163054985061266,0.00174352565534962,4.47428983773838,0.108931077678613
7,NvA,10,S1-L,RT_Down_anti_R,0.0866982892360307,0.0538321135097132,0.140530402745744,0.00116927453355864,0.00125003678281636,4.49760140137601,0.113103575039607
7,NvA,11,M1-L,RT_Down_anti_R,0.0689194409273276,0.0274568660449238,0.0963763069722514,0.000897425957693817,0.000962466994539388,4.51407115688161,0.113731801733478
7,NvA,12,SMA-L,RT_Down_anti_R,0.0372786965324412,0.0900722440965288,0.12735094062897,0.00135400651687069,0.0014563926643502,4.48750364224756,0.113706032655056
7,NvA,13,PMd-L,RT_Down_anti_R,0.0257762155245874,0.106803710823027,0.132579926347615,0.00117758956960258,0.00127143624635828,4.49669823253319,0.113634292541079
7,NvA,14,PMv-L,RT_Down_anti_R,0.0383034302752925,0.0559710045187343,0.0942744347940268,0.00104576608570311,0.00112642355368616,4.50436077181693,0.113742212997673
7,NvA,15,FEF-L,RT_Down_anti_R,0.0593379190934327,0.0526406719580273,0.11197859105146,0.00119154523799474,0.00127689219985388,4.49638323502259,0.11340861299504
7,NvA,16,POJ-L,RT_Down_anti_R,0.052075943052389,0.0798759880255843,0.131951931077973,0.00139986779160582,0.00150498375836632,4.48518721342945,0.111775683304134
7,NvA,17,V1-R,RT_Down_anti_R,0.0514820741723789,0.0549860730862701,0.106468147258649,0.00112688202171052,0.00121225981278465,4.50119153512837,0.113019585243814
7,NvA,18,V3-R,RT_Down_anti_R,0.100428310220944,0.0665321240568908,0.166960434277835,0.00143058829938705,0.00153232305001911,4.48433159272597,0.108539564115678
7,NvA,19,STS-R,RT_Down_anti_R,0.0481221977243878,0.0667902555854354,0.114912453309823,0.00123301009469372,0.00132671011222054,4.49476982096794,0.112815704345396
7,NvA,20,IPL-R,RT_Down_anti_R,0.0767911966137114,0.100209672254821,0.177000868868532,0.00164288261151321,0.00176588992083158,4.47463925009955,0.111394774404779
7,NvA,21,SPL-R,RT_Down_anti_R,0.12977021160145,0.0776187563739029,0.207388967975353,0.00161894646772809,0.00173043857808673,4.47602587253854,0.107730283385334
7,NvA,22,AG-R,RT_Down_anti_R,0.0637300690765823,0.0586065741301324,0.122336643206715,0.00107479325853736,0.00114370103059848,4.50685001428672,0.110968533761365
7,NvA,23,mIPS-R,RT_Down_anti_R,0.0961820912315069,0.0559709416087946,0.152153032840301,0.00152984983688374,0.00164545055701289,4.48007665416089,0.112510540868228
7,NvA,24,VIP-R,RT_Down_anti_R,0.066225907952537,0.12022073250814,0.186446640460676,0.00151409995963529,0.00162011145858178,4.48115848065532,0.109454316865794
7,NvA,25,SPOC-R,RT_Down_anti_R,0.112836545345224,0.150488846853124,0.263325392198348,0.00181172683335068,0.00193476622042018,4.46531716292131,0.104233836317064
7,NvA,26,S1-R,RT_Down_anti_R,0.0510277450969063,0.0563460074795167,0.107373752576423,0.00125857399827158,0.00135269478700445,4.49393154394199,0.114093566491254
7,NvA,27,M1-R,RT_Down_anti_R,0.0756123853881469,0.048309206740917,0.123921592129064,0.00124827649517155,0.00133709828561056,4.49422334246944,0.112043084740476
7,NvA,28,SMA-R,RT_Down_anti_R,0.0291770474846451,0.0847820957874414,0.113959143272086,0.00119894309402615,0.00129164711143762,4.49666024510539,0.114192426917319
7,NvA,29,PMd-R,RT_Down_anti_R,0.0656358371671799,0.03166301110898,0.0972988482761599,0.00101086115819161,0.00108399235125435,4.50743955608818,0.113817138163939
7,NvA,30,PMv-R,RT_Down_anti_R,0.0447107372182104,0.0422571005326264,0.0869678377508368,0.00106408202449218,0.00114271236162165,4.50350512755432,0.1150251431967
7,NvA,31,FEF-R,RT_Down_anti_R,0.0560133259321858,0.0484482405142767,0.104461566446463,0.00122924540333505,0.00132430349736888,4.49460154195009,0.114602705776844
7,NvA,32,POJ-R,RT_Down_anti_R,0.11736490893118,0.0803746096739076,0.197739518605088,0.00147786145057178,0.00158003429365072,4.48358580264423,0.108694744200952
8,RR,1,V1-L,RT_Down_anti_R,0.104086620310639,0.0644888303879288,0.168575450698568,0.0017088069011346,0.00183395059040273,4.64218189825926,0.136630384831419
8,RR,2,V3-L,RT_Down_anti_R,0.0457087687289045,0.131919294171106,0.17762806290001,0.00163373812334447,0.00175497949337997,4.6448431745353,0.133963985852705
8,RR,3,STS-L,RT_Down_anti_R,0.097785579504431,0.0403110379902388,0.13809661749467,0.00139901310573414,0.00150494715234821,4.65400719064404,0.137105766352896
8,RR,4,IPL-L,RT_Down_anti_R,0.0467829917044474,0.0773006460847703,0.124083637789218,0.00151351923000307,0.00162333496151501,4.65069782888078,0.139543098965013
8,RR,5,SPL-L,RT_Down_anti_R,0.0874585523769462,0.125163090494893,0.212621642871839,0.00180221176437635,0.00193051861015261,4.63679023980392,0.134290454245712
8,RR,6,AG-L,RT_Down_anti_R,0.144012395057652,0.0870760727978019,0.231088467855454,0.00207858080738302,0.00223269222349624,4.62441575736658,0.132137314595629
8,RR,7,mIPS-L,RT_Down_anti_R,0.089721438238488,0.0477847220236749,0.137506160262163,0.00150058537839696,0.00161330874524806,4.65164388296169,0.138106653025135
8,RR,8,VIP-L,RT_Down_anti_R,0.0796333119576812,0.0684266121543405,0.148059924112022,0.00161728866327019,0.00173313134262841,4.64675261928117,0.138015873732139
8,RR,9,SPOC-L,RT_Down_anti_R,0.0961832692782798,0.0786748984502356,0.174858167728515,0.00168495229498818,0.0018097137043184,4.64307471001299,0.136111505639221
8,RR,10,S1-L,RT_Down_anti_R,0.0541847375110172,0.0736951989529492,0.127879936463966,0.00138805236018831,0.00147676971490581,4.65637548127804,0.138759585510675
8,RR,11,M1-L,RT_Down_anti_R,0.0786019500947263,0.0532528469102753,0.131854797005002,0.00141365832126378,0.00151781075606962,4.65477774167957,0.138841168419604
8,RR,12,SMA-L,RT_Down_anti_R,0.0626818075709418,0.0871962834982593,0.149878091069201,0.00162836235536699,0.00174304218056709,4.64441042258532,0.138293611822045
8,RR,13,PMd-L,RT_Down_anti_R,0.0600554597943774,0.102008273730731,0.162063733525108,0.00150843918476559,0.00161008023249769,4.64965497805419,0.137346716365879
8,RR,14,PMv-L,RT_Down_anti_R,0.0426306018999142,0.0593033170156078,0.101933918915522,0.00128400163232343,0.00137906022993893,4.66145235862523,0.139988975314783
8,RR,15,FEF-L,RT_Down_anti_R,0.0524671785541665,0.0453773253477158,0.0978445039018824,0.00126018073770046,0.00135055290553969,4.663597617111,0.139825485444783
8,RR,16,POJ-L,RT_Down_anti_R,0.118328848131104,0.0687034183287558,0.187032266459859,0.00172072240556355,0.00184405883097404,4.64211199504683,0.135956396779189
8,RR,17,V1-R,RT_Down_anti_R,0.0697471808553867,0.0747769603046116,0.144524141159998,0.0015481108756023,0.0016679141771775,4.64975293014846,0.137439653393258
8,RR,18,V3-R,RT_Down_anti_R,0.112497875113158,0.118151404422598,0.230649279535756,0.00187258104930223,0.00200731430184286,4.63243134256337,0.127613822676801
8,RR,19,STS-R,RT_Down_anti_R,0.0762878791782585,0.0578474371805646,0.134135316358823,0.00142613472074852,0.00153994336877883,4.65366290200166,0.137490359904509
8,RR,20,IPL-R,RT_Down_anti_R,0.0866129368364261,0.102372788213488,0.188985725049914,0.00180280725697025,0.00193913092341436,4.63654670277205,0.134706809931615
8,RR,21,SPL-R,RT_Down_anti_R,0.0828364343824362,0.105087286305552,0.187923720687988,0.00171144446140347,0.00183918545711801,4.64174346078566,0.134867725338987
8,RR,22,AG-R,RT_Down_anti_R,0.0823864273043002,0.142717732647927,0.225104159952227,0.00179295789859648,0.00192526364745705,4.63590627749793,0.130897872222253
8,RR,23,mIPS-R,RT_Down_anti_R,0.0875013772576523,0.127082186316841,0.214583563574494,0.00179887991530932,0.0019327514146467,4.63657216856879,0.132114509341381
8,RR,24,VIP-R,RT_Down_anti_R,0.123504502727539,0.0625994911251017,0.18610399385264,0.00171264434076452,0.00183615292715057,4.64161197271901,0.135214888632987
8,RR,25,SPOC-R,RT_Down_anti_R,0.119927001214803,0.118823858034744,0.238750859249547,0.00185580386187613,0.00199301354590148,4.63512780487335,0.1297700782005
8,RR,26,S1-R,RT_Down_anti_R,0.102936429097597,0.0787414941376816,0.181677923235278,0.00185367725930754,0.00198845527922906,4.63441355438313,0.137254978640313
8,RR,27,M1-R,RT_Down_anti_R,0.118801219224221,0.0634710121761468,0.182272231400368,0.00179015242383129,0.00191582955590886,4.63713228252539,0.137228022874605
8,RR,28,SMA-R,RT_Down_anti_R,0.0417154025721939,0.0973736074267985,0.139089009998992,0.0016037136216634,0.00171993616147939,4.64590179523543,0.139912389708141
8,RR,29,PMd-R,RT_Down_anti_R,0.0566064862243411,0.0705996705456017,0.127206156769943,0.00133638344901761,0.00143472570977255,4.65814135655524,0.138880818360269
8,RR,30,PMv-R,RT_Down_anti_R,0.0352483036159019,0.0473601146260561,0.0826084182419581,0.000948943966376754,0.00101729978539166,4.68090080181671,0.139619700463026
8,RR,31,FEF-R,RT_Down_anti_R,0.0500699526542133,0.0574726987468387,0.107542651401052,0.00114468227433835,0.00122573688263265,4.66951010870475,0.139039742430255
8,RR,32,POJ-R,RT_Down_anti_R,0.117751966935199,0.0895952753575093,0.207347242292708,0.00180372180689445,0.00193401408948938,4.63823258209946,0.13304480371143
9,SJB,1,V1-L,RT_Down_anti_R,0.0600126140007025,0.147959195586092,0.207971809586795,0.00165595522366116,0.00179691767339241,4.57571443064925,0.14024440142772
9,SJB,2,V3-L,RT_Down_anti_R,0.131155883919994,0.162311981967083,0.293467865887078,0.00210733146079109,0.00227916831087661,4.55306626048573,0.134385839501614
9,SJB,3,STS-L,RT_Down_anti_R,0.0826357010414188,0.0697188356623761,0.152354536703795,0.00137859643632346,0.00149310232267864,4.58729309734722,0.141215923040141
9,SJB,4,IPL-L,RT_Down_anti_R,0.0896263130980027,0.0528292559718973,0.1424555690699,0.00130073184048775,0.00141999496213942,4.58930935758005,0.143442896546636
9,SJB,5,SPL-L,RT_Down_anti_R,0.0758965309096834,0.0640265894225257,0.139923120332209,0.00132097380887948,0.00143315489493519,4.59121650237133,0.143088081790552
9,SJB,6,AG-L,RT_Down_anti_R,0.0597496257975184,0.11827363681819,0.178023262615708,0.00152149043931975,0.00165209847328593,4.57982579819344,0.142302712970329
9,SJB,7,mIPS-L,RT_Down_anti_R,0.0771934750604199,0.0950637224058245,0.172257197466244,0.00170773828791641,0.00186019766212757,4.56953866376025,0.141604117977625
9,SJB,8,VIP-L,RT_Down_anti_R,0.132699900198688,0.0333019690081026,0.16600186920679,0.00130912010735215,0.00142847294204777,4.58815683110175,0.142561608256627
9,SJB,9,SPOC-L,RT_Down_anti_R,0.0518713438971034,0.121001321340483,0.172872665237587,0.00167916879018656,0.00182557853188022,4.57408687544077,0.141811876825374
9,SJB,10,S1-L,RT_Down_anti_R,0.0860993014131903,0.0413764882218593,0.12747578963505,0.0011427354283974,0.00124760172431639,4.59650939823027,0.145325661233143
9,SJB,11,M1-L,RT_Down_anti_R,0.0510495788383733,0.063552461828052,0.114602040666425,0.00114113316953343,0.00124484509198432,4.59617117828339,0.145968533425522
9,SJB,12,SMA-L,RT_Down_anti_R,0.0232220973225907,0.0739333850169737,0.0971554823395644,0.00103345373069342,0.00112787901194413,4.60242236168693,0.146396109148285
9,SJB,13,PMd-L,RT_Down_anti_R,0.0462072446599236,0.0746249791438051,0.120832223803729,0.00121297988195389,0.00131969257314384,4.59182310640616,0.144768666273736
9,SJB,14,PMv-L,RT_Down_anti_R,0.0435909099657896,0.0278763963226733,0.0714673062884629,0.00099776954287756,0.00109044939313823,4.60661003443089,0.147496709493961
9,SJB,15,FEF-L,RT_Down_anti_R,0.0839480418540483,0.0587139661806369,0.142662008034685,0.00149056131568923,0.00162677370713632,4.5796185283935,0.143705674288813
9,SJB,16,POJ-L,RT_Down_anti_R,0.11352484528272,0.0917469026826998,0.20527174796542,0.00182503791135411,0.00198438901980334,4.56670157850679,0.14040793673196
9,SJB,17,V1-R,RT_Down_anti_R,0.136430835334551,0.165249800468951,0.301680635803502,0.00224644611182425,0.00243774723456069,4.54851672941921,0.134587494599084
9,SJB,18,V3-R,RT_Down_anti_R,0.092865581405548,0.0677365112151481,0.160602092620696,0.00159902582942485,0.00174211508722159,4.57867248504336,0.142972859211874
9,SJB,19,STS-R,RT_Down_anti_R,0.0684836391879233,0.0435009133569397,0.111984552544863,0.00131597492208231,0.00143718730677743,4.58802992423562,0.144694087035728
9,SJB,20,IPL-R,RT_Down_anti_R,0.0955181278330089,0.0692973175841694,0.164815445417178,0.00136430380088684,0.00148417768493912,4.58459178363015,0.140080993135367
9,SJB,21,SPL-R,RT_Down_anti_R,0.107953617554204,0.151391614746148,0.259345232300352,0.00202724085270047,0.00220541426983996,4.55506073239905,0.133272244282686
9,SJB,22,AG-R,RT_Down_anti_R,0.180990672695314,0.0724865100321857,0.2534771827275,0.00175693679521109,0.00189954513259321,4.56903398009661,0.136386152500542
9,SJB,23,mIPS-R,RT_Down_anti_R,0.100339261629576,0.0633880944673517,0.163727356096928,0.0015863178060712,0.00171711165891352,4.57847376386785,0.141369048384321
9,SJB,24,VIP-R,RT_Down_anti_R,0.0532820794712331,0.0962521713676272,0.14953425083886,0.00145498051267859,0.00158718521262868,4.58216483432761,0.143312189561742
9,SJB,25,SPOC-R,RT_Down_anti_R,0.129043011936885,0.190363958782215,0.3194069707191,0.00224038692550898,0.00242618280784861,4.54904941982634,0.129365380880422
9,SJB,26,S1-R,RT_Down_anti_R,0.12331275224334,0.0593770688792263,0.182689821122566,0.00141576845753594,0.00153974005540764,4.58080842054091,0.138445320386754
9,SJB,27,M1-R,RT_Down_anti_R,0.0731382312536075,0.0787269391950472,0.151865170448655,0.00138620364308301,0.00151757468851225,4.58343738284862,0.142503305781531
9,SJB,28,SMA-R,RT_Down_anti_R,0.0549426088811619,0.0451736322351972,0.100116241116359,0.00102660857418818,0.00112187054382476,4.60265941184791,0.145865032617259
9,SJB,29,PMd-R,RT_Down_anti_R,0.0361293719150692,0.0685466278186004,0.10467599973367,0.00130593648319391,0.00142767195847778,4.58802072357869,0.146981671732857
9,SJB,30,PMv-R,RT_Down_anti_R,0.0479499312177744,0.0490350622507696,0.096984993468544,0.00102826864679373,0.00112726195380663,4.60291894090969,0.144883244293595
9,SJB,31,FEF-R,RT_Down_anti_R,0.0606819758336764,0.0327027167148323,0.0933846925485087,0.00101764299426775,0.00110738689497813,4.60346880570887,0.146123729205118
9,SJB,32,POJ-R,RT_Down_anti_R,0.119355383542448,0.139360462501805,0.258715846044253,0.00190959832282203,0.00206727954283657,4.56534849199988,0.137672588587787
10,BG,1,V1-L,RT_Down_anti_R,0.0538779846723036,0.0469680175268982,0.100846002199202,0.00115800306381885,0.00123629624903339,4.51190185133315,0.0996122414250739
10,BG,2,V3-L,RT_Down_anti_R,0.0555292788409929,0.0663340039894437,0.121863282830437,0.00130096007078914,0.00139065140587099,4.50358869842056,0.0990822098734782
10,BG,3,STS-L,RT_Down_anti_R,0.0506577214286596,0.0762061655196206,0.12686388694828,0.00131550848771026,0.00139705769488711,4.50313052720687,0.0986972549382258
10,BG,4,IPL-L,RT_Down_anti_R,0.0619298064121549,0.0724806994602231,0.134410505872378,0.00127768632811802,0.00136120896803592,4.50534480572585,0.0980888463744709
10,BG,5,SPL-L,RT_Down_anti_R,0.0539809702256209,0.0392525680340374,0.0932335382596583,0.00109302896347488,0.00116480855219586,4.51680253708779,0.100541789113843
10,BG,6,AG-L,RT_Down_anti_R,0.0527422454925396,0.105336018962481,0.15807826445502,0.00140698748732054,0.00149158100228513,4.4989766645863,0.0969363429583227
10,BG,7,mIPS-L,RT_Down_anti_R,0.0549240320317643,0.0361899333777984,0.0911139654095627,0.00112980779729237,0.00120519029625567,4.51395940023981,0.10078828662917
10,BG,8,VIP-L,RT_Down_anti_R,0.03666315524127,0.0512176948069703,0.0878808500482403,0.00112051784911819,0.00119554252048583,4.51506051765165,0.10087364783385
10,BG,9,SPOC-L,RT_Down_anti_R,0.0445967646727124,0.0838051470913497,0.128401911764062,0.00136926869270843,0.00145697277180677,4.50113869033953,0.0988648650780204
10,BG,10,S1-L,RT_Down_anti_R,0.131677507250756,0.0509077675217212,0.182585274772477,0.00141452497935625,0.00150512438268841,4.49820263149217,0.0966186099602899
10,BG,11,M1-L,RT_Down_anti_R,0.086820113672285,0.0678803052976288,0.154700418969914,0.00132142444275899,0.00140507870759173,4.50348064827371,0.0980835831800455
10,BG,12,SMA-L,RT_Down_anti_R,0.0340654824360177,0.0766407316916346,0.110706214127652,0.00126402618035805,0.00134847439180566,4.5071625433643,0.100563364182175
10,BG,13,PMd-L,RT_Down_anti_R,0.0409215631998061,0.0904987485488254,0.131420311748632,0.00124454877004208,0.00132178351257565,4.50744916276263,0.0993411396123081
10,BG,14,PMv-L,RT_Down_anti_R,0.0706547532087405,0.0527938852480443,0.123448638456785,0.00124293293164217,0.00131918255449268,4.50863892595543,0.0986246843396259
10,BG,15,FEF-L,RT_Down_anti_R,0.0755331029253754,0.0489580670914214,0.124491170016797,0.00135347277500598,0.00144442783567005,4.50194252905085,0.0995959303930716
10,BG,16,POJ-L,RT_Down_anti_R,0.0542016119409609,0.0789935433776613,0.133195155318622,0.00141123492817247,0.00150022497300989,4.49774858993134,0.0984748000047646
10,BG,17,V1-R,RT_Down_anti_R,0.0436243262727623,0.0541730640145622,0.0977973902873245,0.00105809640692917,0.0011236794418459,4.51875638924275,0.100100800099516
10,BG,18,V3-R,RT_Down_anti_R,0.0782498099951565,0.0486903293327771,0.126940139327934,0.00127349211144862,0.00135245352995008,4.50619056093934,0.0986024837198243
10,BG,19,STS-R,RT_Down_anti_R,0.0703124235470717,0.0561661451388924,0.126478568685964,0.00135253801943129,0.00144789714540122,4.50112309917863,0.0992676831746721
10,BG,20,IPL-R,RT_Down_anti_R,0.0713766070142475,0.094771331702187,0.166147938716434,0.00160408225537815,0.00171332303122268,4.48923627662492,0.0974067988506572
10,BG,21,SPL-R,RT_Down_anti_R,0.0887741595060748,0.0471730167088899,0.135947176214965,0.00138091058211714,0.00146648424302504,4.50143620250564,0.0987997763163362
10,BG,22,AG-R,RT_Down_anti_R,0.0706296425339287,0.0357244315957709,0.1063540741297,0.00117789423029591,0.00125714432107868,4.51221268005651,0.100115548974753
10,BG,23,mIPS-R,RT_Down_anti_R,0.0926806445480151,0.0342907506351113,0.126971395183126,0.00124643631973405,0.00133591912220098,4.50741711876096,0.0988430892013722
10,BG,24,VIP-R,RT_Down_anti_R,0.0459335438700985,0.11583555478825,0.161769098658348,0.00150511922835454,0.00160812177903634,4.49453741261066,0.0981827595333432
10,BG,25,SPOC-R,RT_Down_anti_R,0.102282823225093,0.0776760438630228,0.179958867088116,0.00174575267390413,0.00186560563497883,4.48252888668911,0.0973697665104858
10,BG,26,S1-R,RT_Down_anti_R,0.0603121551579099,0.0704243421328738,0.130736497290784,0.00135910956818255,0.00144877181620454,4.50164292844166,0.0983841887991541
10,BG,27,M1-R,RT_Down_anti_R,0.0893474844754888,0.0774913936135013,0.16683887808899,0.00142450589121906,0.0015111560758335,4.49778147600887,0.096151106068343
10,BG,28,SMA-R,RT_Down_anti_R,0.0485909815966031,0.0745550727756745,0.123146054372278,0.00133032828073858,0.00141378028041179,4.50369408439245,0.0997023945679097
10,BG,29,PMd-R,RT_Down_anti_R,0.0565729232058979,0.0888966183979835,0.145469541603881,0.00131548576424636,0.00140068294803883,4.50399651717658,0.0980133562512416
10,BG,30,PMv-R,RT_Down_anti_R,0.0452448502361321,0.0934242885057858,0.138669138741918,0.00122301325339467,0.00129816706036142,4.50997183892211,0.0978853690322712
10,BG,31,FEF-R,RT_Down_anti_R,0.115621209825128,0.0248603047593442,0.140481514584472,0.00128979884006904,0.00137384752766292,4.5054982206474,0.0990144677231824
10,BG,32,POJ-R,RT_Down_anti_R,0.0679699989411737,0.0676836920923558,0.13565369103353,0.00127366216095672,0.00135125560797713,4.50710392525221,0.0982965697514738
1,DOC,1,V1-L,RT_Upright_pro_L,0.0594276626467062,0.0829972977972083,0.142424960443914,0.00133641658092559,0.0014320280166072,4.4315022160794,0.0941575511011353
1,DOC,2,V3-L,RT_Upright_pro_L,0.0412722760640456,0.0400671500152886,0.0813394260793342,0.000985608037242487,0.00105265533315685,4.454080090421,0.097158414003037
1,DOC,3,STS-L,RT_Upright_pro_L,0.0499276344489433,0.0378192076505705,0.0877468420995138,0.000949317459673864,0.00102071089021354,4.4544595931891,0.0969452488462874
1,DOC,4,IPL-L,RT_Upright_pro_L,0.0883949228085908,0.0836253006089003,0.172020223417491,0.00147493674588866,0.00158394682956329,4.42604957355147,0.0941740364091591
1,DOC,5,SPL-L,RT_Upright_pro_L,0.116963651170463,0.055314407556103,0.172278058726566,0.00165940612394114,0.00178321369361811,4.4154572353087,0.093105886839871
1,DOC,6,AG-L,RT_Upright_pro_L,0.0852081748755288,0.0376850131237249,0.122893187999254,0.00131764553664306,0.00141236395233991,4.43395569942106,0.0961333803773922
1,DOC,7,mIPS-L,RT_Upright_pro_L,0.12243513488647,0.0573921632122156,0.179827298098685,0.00178014853015019,0.00191557441820071,4.40893633227571,0.0944142134449535
1,DOC,8,VIP-L,RT_Upright_pro_L,0.148256288761497,0.0457487972062141,0.194005085967711,0.00147423318877366,0.00157794336360782,4.42563553618915,0.0921526797895456
1,DOC,9,SPOC-L,RT_Upright_pro_L,0.0838089429729126,0.0350225305783848,0.118831473551297,0.00112261867227173,0.00120106560029433,4.44434526309385,0.0956673380029204
1,DOC,10,S1-L,RT_Upright_pro_L,0.0991742061432985,0.0938939293163892,0.193068135459688,0.00146456105635053,0.00156738099947082,4.42597886812831,0.0928128972608796
1,DOC,11,M1-L,RT_Upright_pro_L,0.0591555800323812,0.108730786395083,0.167886366427464,0.00127727819408303,0.00136694337760916,4.43601007396767,0.092531003905518
1,DOC,12,SMA-L,RT_Upright_pro_L,0.0555384794067726,0.0595877194337427,0.115126198840515,0.00121375994200275,0.00130267303031346,4.43935705601493,0.0955472609658267
1,DOC,13,PMd-L,RT_Upright_pro_L,0.0457608435248684,0.0547257400979668,0.100486583622835,0.000994471141391538,0.00106176601425708,4.45271112610151,0.0953850902727972
1,DOC,14,PMv-L,RT_Upright_pro_L,0.0399820152781347,0.0573938768632016,0.0973758921413363,0.00102572128163081,0.00110474940299886,4.44996741792236,0.0961626709468295
1,DOC,15,FEF-L,RT_Upright_pro_L,0.055885727516738,0.0430935509091371,0.0989792784258751,0.000999773687996752,0.00107153691548994,4.45114105232392,0.0963223857695461
1,DOC,16,POJ-L,RT_Upright_pro_L,0.0562162363877773,0.0674423941204792,0.123658630508257,0.00109374436527068,0.00116567956354207,4.44754107174703,0.0942897259052186
1,DOC,17,V1-R,RT_Upright_pro_L,0.0286403520799804,0.0569486223533304,0.0855889744333108,0.000899041596567951,0.000957704735321095,4.45874987756303,0.0962501318284788
1,DOC,18,V3-R,RT_Upright_pro_L,0.0389739323531953,0.0939222863144541,0.132896218667649,0.00130589374372519,0.00140408784209199,4.43306973165169,0.0960075514329164
1,DOC,19,STS-R,RT_Upright_pro_L,0.0587038980254926,0.041264661180971,0.0999685592064636,0.00111817762973093,0.00120216320132725,4.4448077281289,0.0969775939990677
1,DOC,20,IPL-R,RT_Upright_pro_L,0.0502277898075302,0.0465854641377154,0.0968132539452455,0.00100615107736205,0.00107918248964979,4.45072749240486,0.096642160853156
1,DOC,21,SPL-R,RT_Upright_pro_L,0.026330248578514,0.0749484258083171,0.101278674386831,0.00114718345916496,0.00122916215441516,4.44362009177349,0.0969299526629664
1,DOC,22,AG-R,RT_Upright_pro_L,0.0583804754571482,0.0533645818298753,0.111745057287023,0.00123494728991556,0.00131848115471267,4.43938004810866,0.0958818228575863
1,DOC,23,mIPS-R,RT_Upright_pro_L,0.045654275866258,0.0637304947622429,0.109384770628501,0.00121686583410214,0.00130196959594367,4.440901583159,0.0964420948795393
1,DOC,24,VIP-R,RT_Upright_pro_L,0.0430506636943992,0.079868120611907,0.122918784306306,0.00126318664034705,0.00135334863837688,4.43618247668083,0.095789528575473
1,DOC,25,SPOC-R,RT_Upright_pro_L,0.0383291803555214,0.0805473288265089,0.11887650918203,0.00114536391588069,0.0012192846219984,4.44299103767605,0.0959156131979235
1,DOC,26,S1-R,RT_Upright_pro_L,0.0526217101783542,0.0412943926227798,0.093916102801134,0.00115947821022751,0.0012450604112032,4.44265764682813,0.0972511543331852
1,DOC,27,M1-R,RT_Upright_pro_L,0.0863821254169773,0.0650932353481624,0.15147536076514,0.00141522667333233,0.00151034047492472,4.42667694612484,0.093185029138284
1,DOC,28,SMA-R,RT_Upright_pro_L,0.0493785464225016,0.0694474642512246,0.118826010673726,0.00128316097333328,0.0013780931517717,4.43545295186764,0.096094584754603
1,DOC,29,PMd-R,RT_Upright_pro_L,0.067395104638307,0.0771034043432651,0.144498508981572,0.00128629614632345,0.00136951746232923,4.43537520109412,0.093736826550635
1,DOC,30,PMv-R,RT_Upright_pro_L,0.0203200652039445,0.0650378106725437,0.0853578758764882,0.000839643028017307,0.000902462820105881,4.46143544704797,0.0973191942730482
1,DOC,31,FEF-R,RT_Upright_pro_L,0.0723796432369112,0.0574035655917189,0.12978320882863,0.00120834081985874,0.00129037472477978,4.44015680955335,0.0951536231584383
1,DOC,32,POJ-R,RT_Upright_pro_L,0.0371889241149555,0.0542649888154919,0.0914539129304475,0.00105292177665126,0.00112340734483828,4.44926268540507,0.097009204778743
2,GB,1,V1-L,RT_Upright_pro_L,0.0415965988873215,0.0578562341262202,0.0994528330135417,0.00117691551362887,0.00126859391902574,4.70734199570025,0.150737419919531
2,GB,2,V3-L,RT_Upright_pro_L,0.0770066275234979,0.0738748939459461,0.150881521469444,0.00144609221865401,0.00155911892303428,4.69301785538597,0.147797128371286
2,GB,3,STS-L,RT_Upright_pro_L,0.0720045449235255,0.0282911525683009,0.100295697491826,0.00118881319695706,0.00128950807076329,4.70637334964526,0.15085005490244
2,GB,4,IPL-L,RT_Upright_pro_L,0.18927770124627,0.128520369514594,0.317798070760864,0.00217058929066129,0.00233837306321328,4.65914719951791,0.13978741924314
2,GB,5,SPL-L,RT_Upright_pro_L,0.107916412883199,0.0638773104314126,0.171793723314612,0.0016903795948795,0.00182914590246384,4.68303446901727,0.147401777451499
2,GB,6,AG-L,RT_Upright_pro_L,0.0825895099582162,0.116852524590603,0.199442034548819,0.00178560444708199,0.00193325622206254,4.67823987957393,0.145588161499709
2,GB,7,mIPS-L,RT_Upright_pro_L,0.117443927164949,0.0910832002882553,0.208527127453205,0.001657671717655,0.00179055137341696,4.68295860624497,0.144407261549455
2,GB,8,VIP-L,RT_Upright_pro_L,0.21561724391341,0.118556252513733,0.334173496427143,0.00227768269411067,0.00244958743486421,4.65266292971374,0.137752816611389
2,GB,9,SPOC-L,RT_Upright_pro_L,0.131128226377831,0.166031803969802,0.297160030347633,0.00220169220417871,0.00237848680160275,4.65999818881614,0.139340728470451
2,GB,10,S1-L,RT_Upright_pro_L,0.0568101993522695,0.129946172462833,0.186756371815103,0.00176848644518176,0.00190796827924395,4.67887822191245,0.147448927663625
2,GB,11,M1-L,RT_Upright_pro_L,0.0663080662831886,0.15624198545814,0.222550051741328,0.00186623867558966,0.00200399638906989,4.67478654973227,0.145614681002951
2,GB,12,SMA-L,RT_Upright_pro_L,0.0856654124648625,0.0812563274670194,0.166921739931882,0.00175517979959847,0.00189361492313108,4.67972655151879,0.148940712032059
2,GB,13,PMd-L,RT_Upright_pro_L,0.0794926862345988,0.115137239832056,0.194629926066654,0.00172977079389654,0.00186317464257643,4.6814559362996,0.14604660339885
2,GB,14,PMv-L,RT_Upright_pro_L,0.040475996859752,0.109559714203641,0.150035711063393,0.00139250078849129,0.00149836465543659,4.69699966058304,0.148758171547671
2,GB,15,FEF-L,RT_Upright_pro_L,0.11940228044555,0.0527760599928555,0.172178340438406,0.00151483708595617,0.00163754333450524,4.68870042950749,0.147617580138243
2,GB,16,POJ-L,RT_Upright_pro_L,0.0933107454070917,0.20079968365313,0.294110429060222,0.0021190006310338,0.00228166379530428,4.66413391559966,0.14087093949363
2,GB,17,V1-R,RT_Upright_pro_L,0.0622843047041151,0.0328513020308094,0.0951356067349245,0.00110876342269089,0.00119695511112651,4.71035846705024,0.150361333129744
2,GB,18,V3-R,RT_Upright_pro_L,0.0954980307826937,0.0523536259782251,0.147851656760919,0.00163800741210034,0.00177054904099584,4.6850711182517,0.147659496831045
2,GB,19,STS-R,RT_Upright_pro_L,0.0932539526366247,0.0356424216261102,0.128896374262735,0.00130769715301938,0.00140921729522412,4.70070514405841,0.148881857691154
2,GB,20,IPL-R,RT_Upright_pro_L,0.128773568367929,0.0850327526020996,0.213806320970029,0.0020268060510417,0.00218520108987186,4.66704742458781,0.146456256597421
2,GB,21,SPL-R,RT_Upright_pro_L,0.0904860170835887,0.142119746554901,0.23260576363849,0.00209707692555428,0.00224550956768228,4.66530616253679,0.141764085129182
2,GB,22,AG-R,RT_Upright_pro_L,0.0917609208445414,0.0633956482592276,0.155156569103769,0.00155513587863555,0.00167566106384725,4.68876630204085,0.148016896486762
2,GB,23,mIPS-R,RT_Upright_pro_L,0.11208507084017,0.0407015023673378,0.152786573207508,0.00163103993713475,0.00176649596371494,4.68492927092276,0.149368274141042
2,GB,24,VIP-R,RT_Upright_pro_L,0.0799424443391704,0.0998203042027526,0.179762748541923,0.00180526880725308,0.00194680549933081,4.67755407013946,0.146304041226724
2,GB,25,SPOC-R,RT_Upright_pro_L,0.0737355439608449,0.145038774363773,0.218774318324618,0.00192530820854912,0.00207608136788089,4.67331040346096,0.145542042498844
2,GB,26,S1-R,RT_Upright_pro_L,0.13180961967343,0.0521679758476262,0.183977595521056,0.00181449412470682,0.0019625656545504,4.67626139771633,0.148149624534992
2,GB,27,M1-R,RT_Upright_pro_L,0.0533491522112503,0.0963429729751068,0.149692125186357,0.00153199345470005,0.00164415036250686,4.69003369114614,0.148225348694892
2,GB,28,SMA-R,RT_Upright_pro_L,0.0571842848191205,0.081969942630326,0.139154227449446,0.00139481610825402,0.0015036970665447,4.69584987270495,0.148470670452928
2,GB,29,PMd-R,RT_Upright_pro_L,0.130112204485876,0.0594793133497279,0.189591517835604,0.00166766312174368,0.00179455588218028,4.68312715747687,0.146290913691926
2,GB,30,PMv-R,RT_Upright_pro_L,0.0523011543028351,0.0451224616798392,0.0974236159826743,0.00130900260630497,0.00141279503451285,4.70026376718786,0.151572138916984
2,GB,31,FEF-R,RT_Upright_pro_L,0.056553549677404,0.0823909631632213,0.138944512840625,0.00151093674599761,0.00162094855779899,4.69140245772571,0.147882679436426
2,GB,32,POJ-R,RT_Upright_pro_L,0.0687091940262387,0.148794560031739,0.217503754057978,0.00189273177606945,0.00203972380739352,4.6727156586451,0.144287803646669
3,JDC,1,V1-L,RT_Upright_pro_L,0.0793645478076515,0.079661745650575,0.159026293458227,0.00147615233975169,0.00158514336510039,4.57521701228435,0.119826991329008
3,JDC,2,V3-L,RT_Upright_pro_L,0.105132977357414,0.0597269264541991,0.164859903811613,0.00141096563813818,0.00151429472179949,4.57645905143878,0.11857442743656
3,JDC,3,STS-L,RT_Upright_pro_L,0.0791759758228984,0.0597526734634908,0.138928649286389,0.00156242067530947,0.00168323446946628,4.57015967737505,0.119695220514007
3,JDC,4,IPL-L,RT_Upright_pro_L,0.0644481396405167,0.082495864220609,0.146944003861126,0.00144582346676432,0.00155143200579972,4.575754730171,0.117959441244459
3,JDC,5,SPL-L,RT_Upright_pro_L,0.105368517316944,0.0516391391992722,0.157007656516217,0.00139299364285326,0.00149931411719462,4.57833117700331,0.119795921537452
3,JDC,6,AG-L,RT_Upright_pro_L,0.0996750734529317,0.0499680359075223,0.149643109360454,0.00149437186645661,0.0016035846688365,4.57306491230017,0.117475268714431
3,JDC,7,mIPS-L,RT_Upright_pro_L,0.101952458267762,0.0415172236252576,0.143469681893019,0.00141600963089384,0.00152412434939501,4.57944533215437,0.120767795110412
3,JDC,8,VIP-L,RT_Upright_pro_L,0.0799948355684041,0.0715796475399744,0.151574483108378,0.00140557790286855,0.00151417540349465,4.57765620502081,0.120243709549804
3,JDC,9,SPOC-L,RT_Upright_pro_L,0.0826433699303053,0.12197429098427,0.204617660914576,0.00180955470233921,0.00194600518100423,4.55729974932218,0.117280223726359
3,JDC,10,S1-L,RT_Upright_pro_L,0.0691426364853847,0.0877979803625788,0.156940616847963,0.00161300390264371,0.00174044039074851,4.56801758545549,0.12045824733888
3,JDC,11,M1-L,RT_Upright_pro_L,0.0413122205672015,0.088493310612605,0.129805531179807,0.00126837092893437,0.00136080792424897,4.58706865896158,0.121580911444549
3,JDC,12,SMA-L,RT_Upright_pro_L,0.0270694661142089,0.0551535913523483,0.0822230574665572,0.000923614654949177,0.000990279095874141,4.60615245639589,0.122443299714068
3,JDC,13,PMd-L,RT_Upright_pro_L,0.0300604299938679,0.137676891923408,0.167737321917276,0.00125654362701489,0.00135328474514213,4.58449743276524,0.118777322852786
3,JDC,14,PMv-L,RT_Upright_pro_L,0.0263875612262898,0.0673144219725845,0.0937019831988743,0.000966497012688572,0.00104147446293152,4.60244996731092,0.122352179851393
3,JDC,15,FEF-L,RT_Upright_pro_L,0.0936687333511628,0.0412142326713204,0.134882966022483,0.00135405461043352,0.00146294666800991,4.57957644857978,0.121999831210974
3,JDC,16,POJ-L,RT_Upright_pro_L,0.100077672065609,0.0687078044672901,0.168785476532899,0.00162518173583632,0.00173992769593533,4.56842991731703,0.118457634202579
3,JDC,17,V1-R,RT_Upright_pro_L,0.0583817601552927,0.0655527946396053,0.123934554794898,0.0013078275698001,0.00139949418391097,4.58558185702237,0.121075356193769
3,JDC,18,V3-R,RT_Upright_pro_L,0.0565304371592976,0.0865475685908291,0.143078005750127,0.00142148939262274,0.0015247385405572,4.57966329876102,0.120852903366367
3,JDC,19,STS-R,RT_Upright_pro_L,0.0775791634114239,0.0639078057866652,0.141486969198089,0.00160804094455108,0.00172889950090132,4.56907405765098,0.12106478162614
3,JDC,20,IPL-R,RT_Upright_pro_L,0.0615682574938367,0.119565046800322,0.181133304294159,0.00173500982015818,0.00186934756392068,4.56340385148723,0.119560599081189
3,JDC,21,SPL-R,RT_Upright_pro_L,0.0481485538794083,0.102967995576261,0.151116549455669,0.00146888839694672,0.0015700955650189,4.57875946410552,0.120589485029821
3,JDC,22,AG-R,RT_Upright_pro_L,0.131446862546479,0.0583651116071072,0.189811974153587,0.00176946080438784,0.00189692909371221,4.56249090163669,0.118853982528491
3,JDC,23,mIPS-R,RT_Upright_pro_L,0.0894573119977164,0.0444025786813502,0.133859890679067,0.00134722631124389,0.00144126750299332,4.58383931390611,0.121052876846308
3,JDC,24,VIP-R,RT_Upright_pro_L,0.0466351050423136,0.114771678461882,0.161406783504196,0.00158296925851194,0.00170120434593525,4.57180073507906,0.119851925586559
3,JDC,25,SPOC-R,RT_Upright_pro_L,0.0970106416316164,0.136480391548079,0.233491033179696,0.00201133835393423,0.00215320147539969,4.55000465916905,0.115289463328794
3,JDC,26,S1-R,RT_Upright_pro_L,0.100348613345754,0.0836796162856033,0.184028229631358,0.00173631489387131,0.00186899082006061,4.56184778454583,0.117979160027001
3,JDC,27,M1-R,RT_Upright_pro_L,0.118713407422809,0.0597702217425519,0.178483629165361,0.00154661360770884,0.00165788213590871,4.56983913708313,0.117872367677681
3,JDC,28,SMA-R,RT_Upright_pro_L,0.0259929930976419,0.0660829195456222,0.0920759126432642,0.00105937024992741,0.00113515012306417,4.59841882091723,0.122558827362054
3,JDC,29,PMd-R,RT_Upright_pro_L,0.0423337121045838,0.0858534767640084,0.128187188868592,0.0012745410216497,0.00136931858715213,4.58610821041412,0.120845166661572
3,JDC,30,PMv-R,RT_Upright_pro_L,0.054702622794436,0.0615324127400949,0.116235035534531,0.00123605973827088,0.00132627450356312,4.58895993794628,0.121801789593676
3,JDC,31,FEF-R,RT_Upright_pro_L,0.0978002995172541,0.0467168031541498,0.144517102671404,0.00144847806630803,0.00155626333986065,4.57632605051898,0.121165961547369
3,JDC,32,POJ-R,RT_Upright_pro_L,0.147274661353447,0.0785288155904268,0.225803476943874,0.00189339270347533,0.00202611494876671,4.5555911032946,0.116798167986065
4,JFXD,1,V1-L,RT_Upright_pro_L,0.0538258066231215,0.0552244894089919,0.109050296032113,0.00124058704652123,0.00132118488834243,4.38010410520436,0.0848218889939879
4,JFXD,2,V3-L,RT_Upright_pro_L,0.0579539245526071,0.0356820987515348,0.0936360233041418,0.00106355893218636,0.00112121398178755,4.39243123044744,0.0844487294289683
4,JFXD,3,STS-L,RT_Upright_pro_L,0.0427731877946249,0.0300347344188494,0.0728079222134743,0.000947060019624482,0.00100707126305228,4.3986450531867,0.0871514711407399
4,JFXD,4,IPL-L,RT_Upright_pro_L,0.031800990423401,0.0494489010261008,0.0812498914495017,0.00108322526238258,0.00114851416334007,4.39061573637773,0.0876457266251851
4,JFXD,5,SPL-L,RT_Upright_pro_L,0.0317686912358953,0.0322797504640664,0.0640484416999617,0.000878415356609392,0.000929082554056666,4.40481962860539,0.0877218828892337
4,JFXD,6,AG-L,RT_Upright_pro_L,0.0404929804060319,0.0373871877308703,0.0778801681369022,0.000913094475007399,0.00096571845980115,4.40331601595231,0.0866257051381277
4,JFXD,7,mIPS-L,RT_Upright_pro_L,0.0313165329847216,0.0428350955194286,0.0741516285041502,0.000976268896276307,0.00103792464394524,4.39739780751588,0.0875137424181395
4,JFXD,8,VIP-L,RT_Upright_pro_L,0.0336672266230916,0.0322606614084358,0.0659278880315274,0.000943589455794859,0.000999379230715197,4.39967123436303,0.0880342296765869
4,JFXD,9,SPOC-L,RT_Upright_pro_L,0.0349828688028754,0.0590886063095712,0.0940714751124467,0.00108298044300065,0.0011490980205631,4.39079008290145,0.0858718637183474
4,JFXD,10,S1-L,RT_Upright_pro_L,0.0370073618066917,0.0364577403978456,0.0734651022045373,0.000975802096103863,0.00103161387707289,4.39820427613942,0.0877400835577911
4,JFXD,11,M1-L,RT_Upright_pro_L,0.0286111753276001,0.0339865530713655,0.0625977283989656,0.000875145199126353,0.000923022046378447,4.4054543939802,0.0877832293126034
4,JFXD,12,SMA-L,RT_Upright_pro_L,0.0605866130155127,0.0372876047678833,0.0978742177833961,0.000952868865570259,0.00100481304553108,4.40147775572383,0.0854263931517083
4,JFXD,13,PMd-L,RT_Upright_pro_L,0.0308382598804618,0.033457995004873,0.0642962548853348,0.000848552481154896,0.000892811950209145,4.4081437709854,0.08744972959512
4,JFXD,14,PMv-L,RT_Upright_pro_L,0.117975035188544,0.0623741881231039,0.180349223311648,0.00134762965253362,0.00142372933928336,4.37338200947181,0.079752586783512
4,JFXD,15,FEF-L,RT_Upright_pro_L,0.0935676349957833,0.0748160422002203,0.168383677196004,0.00136600583391266,0.00145239193984169,4.37196501358296,0.0814017050159218
4,JFXD,16,POJ-L,RT_Upright_pro_L,0.0287082194439665,0.065031388488777,0.0937396079327436,0.000985352863285065,0.0010467891060216,4.39613236588815,0.0863783522552351
4,JFXD,17,V1-R,RT_Upright_pro_L,0.0543539064779862,0.0245544581106181,0.0789083645886043,0.00088607312055256,0.000941760987138943,4.40480454847332,0.0870499795982948
4,JFXD,18,V3-R,RT_Upright_pro_L,0.0317612784673431,0.0476310194683118,0.0793922979356548,0.00100881465798866,0.00106851919839301,4.39573740630615,0.0869798750873054
4,JFXD,19,STS-R,RT_Upright_pro_L,0.046568227188079,0.0903089751358853,0.136877202323964,0.00126758787849359,0.00133748850720868,4.3815711149632,0.0832077549132214
4,JFXD,20,IPL-R,RT_Upright_pro_L,0.109527279879398,0.0609785751840132,0.170505855063411,0.00160646951027453,0.00170614471112478,4.36265552651581,0.0836420372814755
4,JFXD,21,SPL-R,RT_Upright_pro_L,0.0609979650375034,0.0486544517119009,0.109652416749404,0.00116833095239492,0.00124257869565166,4.3858863975935,0.0859881147953839
4,JFXD,22,AG-R,RT_Upright_pro_L,0.050306378026459,0.0752673003190417,0.125573678345501,0.001298629359085,0.00137654159374777,4.37946807353502,0.0845565330457941
4,JFXD,23,mIPS-R,RT_Upright_pro_L,0.0488265464130813,0.0693707428677289,0.11819728928081,0.00119651122628851,0.00126684425428796,4.38603677657105,0.0853180615839956
4,JFXD,24,VIP-R,RT_Upright_pro_L,0.0918177672797574,0.0691994534047326,0.16101722068449,0.0014676018243665,0.00155582334378828,4.37046866911968,0.0833078414148379
4,JFXD,25,SPOC-R,RT_Upright_pro_L,0.0447132413427099,0.0605408866837106,0.10525412802642,0.00103796914412388,0.00109632029741484,4.39592509577333,0.0853638232654388
4,JFXD,26,S1-R,RT_Upright_pro_L,0.0620976732398747,0.0748084833755394,0.136906156615414,0.00136806928495797,0.00144741893288833,4.37589855700696,0.0839732067744292
4,JFXD,27,M1-R,RT_Upright_pro_L,0.0702276553669962,0.0450545480073714,0.115282203374368,0.0011689010885478,0.00123514442836128,4.38768440906089,0.0843440048818264
4,JFXD,28,SMA-R,RT_Upright_pro_L,0.0619661556908443,0.0341848705837272,0.0961510262745715,0.000917310297989926,0.000966565940460936,4.40316322300936,0.0854025423727332
4,JFXD,29,PMd-R,RT_Upright_pro_L,0.0611243002285524,0.0872912561181413,0.148415556346694,0.00138381570620002,0.00146452700191502,4.37327658652901,0.0833188242295457
4,JFXD,30,PMv-R,RT_Upright_pro_L,0.0618890753310588,0.0817260291663709,0.14361510449743,0.00145759136595855,0.00154046905186518,4.36951008955546,0.0818698347706901
4,JFXD,31,FEF-R,RT_Upright_pro_L,0.0516687231466703,0.0289458304251749,0.0806145535718453,0.00097961649135365,0.00103791439553084,4.39963553378561,0.0864095422045592
4,JFXD,32,POJ-R,RT_Upright_pro_L,0.0506298860040601,0.0981826505711189,0.148812536575179,0.00139445567277322,0.00147436651649625,4.37430942291757,0.0837233935214829
5,JZ,1,V1-L,RT_Upright_pro_L,0.0799139106226105,0.0525524403055741,0.132466350928185,0.00136597436085111,0.0014769173600822,4.49942129699415,0.107663536703893
5,JZ,2,V3-L,RT_Upright_pro_L,0.0874062838487367,0.0377176853521728,0.125123969200909,0.00120067024874263,0.00129079298570706,4.51006572768367,0.107719810289868
5,JZ,3,STS-L,RT_Upright_pro_L,0.0542300944032426,0.0487654654362473,0.10299555983949,0.00119698929788021,0.00128676394653849,4.50932093478712,0.109465410169818
5,JZ,4,IPL-L,RT_Upright_pro_L,0.0683866183985503,0.0943525361465978,0.162739154545148,0.00148976008034638,0.00160112983847024,4.49459043628073,0.106270300549112
5,JZ,5,SPL-L,RT_Upright_pro_L,0.0536643435827386,0.0688256536889374,0.122489997271676,0.00134505264354013,0.0014502583125688,4.50191687274611,0.108493555297095
5,JZ,6,AG-L,RT_Upright_pro_L,0.0756373667599218,0.058318002985107,0.133955369745029,0.00134919797876014,0.00144648496937901,4.50259479871313,0.10799345400821
5,JZ,7,mIPS-L,RT_Upright_pro_L,0.064617157524359,0.0478473220634135,0.112464479587773,0.00123769992183793,0.00133302361273451,4.50726357765955,0.108407500473971
5,JZ,8,VIP-L,RT_Upright_pro_L,0.089469796941133,0.0451675379469847,0.134637334888118,0.00129776782350705,0.00139557559998818,4.50529797389468,0.107351021892035
5,JZ,9,SPOC-L,RT_Upright_pro_L,0.055798444880878,0.0880453164886366,0.143843761369515,0.00140066411191152,0.00150925314128452,4.49777433074453,0.107506258193285
5,JZ,10,S1-L,RT_Upright_pro_L,0.097028537134846,0.13570130393347,0.232729841068316,0.00181357581507719,0.00194805164200524,4.47762916743397,0.101849173649024
5,JZ,11,M1-L,RT_Upright_pro_L,0.0432328244708289,0.117885601194415,0.161118425665244,0.00141616513523219,0.00152402341982546,4.49868020555219,0.105989173336862
5,JZ,12,SMA-L,RT_Upright_pro_L,0.0335257971359238,0.0393759423543107,0.0729017394902345,0.000827080493839475,0.00089011477512917,4.53215132418819,0.109853193638365
5,JZ,13,PMd-L,RT_Upright_pro_L,0.0560420464703553,0.0803482767326851,0.13639032320304,0.00132492879683054,0.00143325345682824,4.50031098465169,0.105904559281952
5,JZ,14,PMv-L,RT_Upright_pro_L,0.0494381592278936,0.0619075768306013,0.111345736058495,0.00120642364838516,0.00129302621940196,4.50765620082635,0.10837401175489
5,JZ,15,FEF-L,RT_Upright_pro_L,0.0650928939407781,0.0367254845562559,0.101818378497034,0.00115394632989906,0.00124816233979343,4.5109495248937,0.107948544960603
5,JZ,16,POJ-L,RT_Upright_pro_L,0.0613812668419058,0.0753839759458715,0.136765242787777,0.00115682835693269,0.00123666160700042,4.51097779783997,0.104741892880808
5,JZ,17,V1-R,RT_Upright_pro_L,0.0616669292854686,0.0673272293415149,0.128994158626983,0.00141898313866686,0.00152980334474021,4.49613699584421,0.108363574114921
5,JZ,18,V3-R,RT_Upright_pro_L,0.0717127214398313,0.0674938952982279,0.139206616738059,0.00139246754534047,0.00150336257232711,4.49803640764906,0.107528738421798
5,JZ,19,STS-R,RT_Upright_pro_L,0.0837289374560959,0.0392075875272805,0.122936524983376,0.00117079290259082,0.00125369426140574,4.51055653010073,0.107856998620133
5,JZ,20,IPL-R,RT_Upright_pro_L,0.0665396203775332,0.0416140847259427,0.108153705103476,0.00124082498248874,0.00133685661466195,4.5071933417502,0.109521748573057
5,JZ,21,SPL-R,RT_Upright_pro_L,0.0698203337245116,0.110019440479901,0.179839774204412,0.00168181147216672,0.00180918143251133,4.48264218564529,0.103812990518066
5,JZ,22,AG-R,RT_Upright_pro_L,0.0769523751547233,0.070012969001666,0.146965344156389,0.00140061952737267,0.00149943593693524,4.49935349710448,0.106424754615309
5,JZ,23,mIPS-R,RT_Upright_pro_L,0.0620921343627022,0.0607265597478215,0.122818694110524,0.00128890725719819,0.00138124632821933,4.50642556628333,0.107758936206682
5,JZ,24,VIP-R,RT_Upright_pro_L,0.0843523248241746,0.0483146379009796,0.132666962725154,0.0013726579132278,0.00147749617598123,4.50045226132962,0.107748934069165
5,JZ,25,SPOC-R,RT_Upright_pro_L,0.0686661751463574,0.122569846441344,0.191236021587701,0.00168551982767718,0.00182055914405943,4.4836330809258,0.104899652931104
5,JZ,26,S1-R,RT_Upright_pro_L,0.0792115068238038,0.0634876920412201,0.142699198865024,0.00144560196372843,0.00155668352610868,4.49526329723435,0.106310574541605
5,JZ,27,M1-R,RT_Upright_pro_L,0.0761031017565155,0.0461738116160896,0.122276913372605,0.00133117944268434,0.00143234946633043,4.50261821306562,0.108392463524995
5,JZ,28,SMA-R,RT_Upright_pro_L,0.0626833890560547,0.0287856795256055,0.0914690685816602,0.00103348926788315,0.00111614437057745,4.51942627507528,0.109307338378826
5,JZ,29,PMd-R,RT_Upright_pro_L,0.0605761221070781,0.0665208411013187,0.127096963208397,0.00113939319586768,0.00122203813279884,4.51169524278328,0.106409641652091
5,JZ,30,PMv-R,RT_Upright_pro_L,0.0462736226783067,0.0607745981758767,0.107048220854183,0.00116862143328964,0.00125754450970586,4.51035666382434,0.108652037863018
5,JZ,31,FEF-R,RT_Upright_pro_L,0.0658008161239213,0.0294641473536553,0.0952649634775767,0.00101757847519377,0.00109601913694173,4.519645719257,0.109219180743117
5,JZ,32,POJ-R,RT_Upright_pro_L,0.058587694164595,0.118220204426651,0.176807898591246,0.00162052548051089,0.00174621658018043,4.48751853872312,0.105854790728596
6,LT,1,V1-L,RT_Upright_pro_L,0.0428612063658698,0.0707531321891293,0.113614338554999,0.00123792231172853,0.00130974207689289,4.45714584653173,0.0915934444156406
6,LT,2,V3-L,RT_Upright_pro_L,0.0383471862919014,0.0777270100617354,0.116074196353637,0.00123810801471322,0.00130980700105179,4.45607036146983,0.092440717793724
6,LT,3,STS-L,RT_Upright_pro_L,0.0626138444001418,0.0568056728241782,0.11941951722432,0.00123506160483941,0.00130717306181942,4.45549027506175,0.0884593770659698
6,LT,4,IPL-L,RT_Upright_pro_L,0.0683357088259727,0.0661949806817948,0.134530689507768,0.00132996200812439,0.0014153397548893,4.45097601613801,0.0914707535331982
6,LT,5,SPL-L,RT_Upright_pro_L,0.0464657566998803,0.0848307807654513,0.131296537465332,0.00133651459057637,0.00141858724345857,4.45103555070351,0.0912268214197395
6,LT,6,AG-L,RT_Upright_pro_L,0.0737433530795162,0.0600266760455682,0.133770029125084,0.00135557788355261,0.00143872344067906,4.44852157717779,0.0895491517671781
6,LT,7,mIPS-L,RT_Upright_pro_L,0.0463692494526713,0.0596759226634397,0.106045172116111,0.00120533806475977,0.0012771162545139,4.45852009933489,0.0924679077592237
6,LT,8,VIP-L,RT_Upright_pro_L,0.0851436837731669,0.0573050177017505,0.142448701474917,0.0013083958381524,0.0013870982992434,4.45216489903917,0.0902339530587205
6,LT,9,SPOC-L,RT_Upright_pro_L,0.103171306226641,0.0570394910217577,0.160210797248398,0.00148120954603828,0.00156614428693847,4.44315389549678,0.0898936775611591
6,LT,10,S1-L,RT_Upright_pro_L,0.0833935118782233,0.0777583875305108,0.161151899408734,0.00134415007503291,0.00142875645947206,4.45040618355179,0.0894727797407009
6,LT,11,M1-L,RT_Upright_pro_L,0.0858759943258833,0.0572064832599818,0.143082477585865,0.0012132400046699,0.00128384683054667,4.45760113210513,0.090825948413565
6,LT,12,SMA-L,RT_Upright_pro_L,0.0276717682298027,0.0626303527399337,0.0903021209697364,0.000977870194141599,0.00103627566812119,4.47223069026273,0.0931982613459641
6,LT,13,PMd-L,RT_Upright_pro_L,0.042544464498467,0.103112208580871,0.145656673079338,0.00116409174579013,0.00123505115172398,4.45873213970423,0.0885371845961248
6,LT,14,PMv-L,RT_Upright_pro_L,0.0462729995490085,0.0375602026133902,0.0838332021623987,0.000938096141001561,0.000993030334885371,4.47368836414855,0.092900433039182
6,LT,15,FEF-L,RT_Upright_pro_L,0.0690695382530998,0.0434386965970556,0.112508234850155,0.00122296780480888,0.00129868160441621,4.45627971514049,0.092163349840331
6,LT,16,POJ-L,RT_Upright_pro_L,0.0958050967625135,0.0609691928131963,0.15677428957571,0.00142436577195506,0.00150730153456638,4.44724155540326,0.090432913552564
6,LT,17,V1-R,RT_Upright_pro_L,0.0504761428460484,0.125362274992372,0.17583841783842,0.00149562085333457,0.00157765257199165,4.44245044180843,0.0882331102373503
6,LT,18,V3-R,RT_Upright_pro_L,0.0648581953574172,0.0393410583456503,0.104199253703067,0.0011772203857039,0.00124845834422135,4.45973165455939,0.0927352509223705
6,LT,19,STS-R,RT_Upright_pro_L,0.0518758055901095,0.0328222977772401,0.0846981033673495,0.00105179169399034,0.00111156209744202,4.46717353682734,0.0929536385582121
6,LT,20,IPL-R,RT_Upright_pro_L,0.0598868558551824,0.0530101429940469,0.112896998849229,0.00127731338733269,0.00135362749367712,4.45419042719083,0.092205026253855
6,LT,21,SPL-R,RT_Upright_pro_L,0.0585000519386596,0.0896874502314162,0.148187502170076,0.00153740311521994,0.00163079299268694,4.43982833462605,0.0908559218752198
6,LT,22,AG-R,RT_Upright_pro_L,0.0651751096285566,0.0447276445395195,0.109902754168076,0.00118683678107401,0.00125324031247721,4.46036804449582,0.0925338715140268
6,LT,23,mIPS-R,RT_Upright_pro_L,0.0686093612243671,0.0367329165006928,0.10534227772506,0.00121241691779346,0.00128388651934921,4.45787306036933,0.0929145434801107
6,LT,24,VIP-R,RT_Upright_pro_L,0.0501570841360558,0.0642038140459534,0.114360898182009,0.00125989029239996,0.0013330123647009,4.45560516477314,0.0924649839110048
6,LT,25,SPOC-R,RT_Upright_pro_L,0.058702469792877,0.0794715100637398,0.138173979856617,0.00136728716607991,0.0014466041454528,4.44815459483324,0.0902304208708154
6,LT,26,S1-R,RT_Upright_pro_L,0.0654980024719244,0.054133994241465,0.119631996713389,0.00125996704188285,0.00133223720365598,4.45431042647657,0.0920350806663046
6,LT,27,M1-R,RT_Upright_pro_L,0.0570761672340226,0.0513131209747548,0.108389288208777,0.00113447093659547,0.00119911230867802,4.46150866883351,0.0919214910935698
6,LT,28,SMA-R,RT_Upright_pro_L,0.0369972023249006,0.0726522384568451,0.109649440781746,0.00130399428094075,0.00138637083243261,4.4519380791371,0.0928619243583684
6,LT,29,PMd-R,RT_Upright_pro_L,0.0269542863592255,0.0511588347832422,0.0781131211424677,0.000936210218485312,0.000992871324117571,4.47311843821134,0.0936092512503095
6,LT,30,PMv-R,RT_Upright_pro_L,0.0774626300621027,0.0296745945817992,0.107137224643902,0.00113729307219952,0.001206574588751,4.46108282950644,0.0928667357115024
6,LT,31,FEF-R,RT_Upright_pro_L,0.059301187815393,0.0198641303092552,0.0791653181246482,0.000955620917905208,0.00101515075442457,4.47206630388263,0.0937208031251566
6,LT,32,POJ-R,RT_Upright_pro_L,0.0458358155815167,0.0378608059033815,0.0836966214848982,0.00105282976750825,0.00111738953807151,4.46676907736101,0.0937193397698018
7,NvA,1,V1-L,RT_Upright_pro_L,0.052297422102436,0.0704644974579975,0.122761919560434,0.00132136561284716,0.00142629011542223,4.58293120588311,0.134071583749061
7,NvA,2,V3-L,RT_Upright_pro_L,0.0857804334001074,0.0709261374970455,0.156706570897153,0.00149595489359347,0.0016076345283132,4.57211359480153,0.132468815380605
7,NvA,3,STS-L,RT_Upright_pro_L,0.0761798519113766,0.0691227592590735,0.14530261117045,0.00141326106577975,0.00152947521461906,4.57504190987987,0.133893290647894
7,NvA,4,IPL-L,RT_Upright_pro_L,0.0557006544999688,0.147071095205284,0.202771749705252,0.00166837998126565,0.00180174901445562,4.56259771886249,0.132693478242969
7,NvA,5,SPL-L,RT_Upright_pro_L,0.0813855569946325,0.121905543380154,0.203291100374786,0.00184745728387213,0.001990950038592,4.55665780546845,0.130148720157877
7,NvA,6,AG-L,RT_Upright_pro_L,0.0994130319941435,0.0709938833886695,0.170406915382813,0.00137246892177535,0.00147060002216854,4.57891945351703,0.131970154170906
7,NvA,7,mIPS-L,RT_Upright_pro_L,0.102236600570792,0.0711820576378072,0.173418658208599,0.00145130380025627,0.00155756459758729,4.57441706224227,0.131806071646976
7,NvA,8,VIP-L,RT_Upright_pro_L,0.118659698983613,0.0775987978831053,0.196258496866718,0.00178597428510745,0.00193301098938107,4.55807866353255,0.133265410968869
7,NvA,9,SPOC-L,RT_Upright_pro_L,0.111400635724258,0.13925432876483,0.250654964489088,0.00212380574476849,0.00228529044892205,4.54213160621809,0.125046713332716
7,NvA,10,S1-L,RT_Upright_pro_L,0.0750387608927732,0.0758758895861691,0.150914650478942,0.00142120097584831,0.00153014103179734,4.57491901097197,0.133737104193597
7,NvA,11,M1-L,RT_Upright_pro_L,0.0390393671735703,0.0620628502679465,0.101102217441517,0.0012026467606632,0.00129519869609603,4.58756659464525,0.136949274025716
7,NvA,12,SMA-L,RT_Upright_pro_L,0.0221642128613666,0.0509751746402455,0.0731393875016121,0.000940904642424569,0.00101153198485517,4.60255284166776,0.137365472608649
7,NvA,13,PMd-L,RT_Upright_pro_L,0.0404858860881754,0.070666907194518,0.111152793282693,0.00123121068422975,0.00132956795226175,4.58433779131358,0.13632300769368
7,NvA,14,PMv-L,RT_Upright_pro_L,0.0504052720614189,0.0370427965589986,0.0874480686204176,0.00116149396383102,0.00125534267984127,4.58753358463761,0.137281807042553
7,NvA,15,FEF-L,RT_Upright_pro_L,0.0532142660737643,0.0366449344542299,0.0898592005279942,0.00103180422606237,0.00111366778031828,4.59629577453657,0.137597213940122
7,NvA,16,POJ-L,RT_Upright_pro_L,0.086543281634031,0.0662708242862778,0.152814105920309,0.00145468221508107,0.00157532003622629,4.57439613338321,0.131192571732317
7,NvA,17,V1-R,RT_Upright_pro_L,0.0726701275131723,0.0419370170607715,0.114607144573944,0.00125869597975697,0.00135578724108565,4.58289383389956,0.135961925533191
7,NvA,18,V3-R,RT_Upright_pro_L,0.0628064029934613,0.0802583078138464,0.143064710807308,0.00143215565771306,0.00154382682438293,4.57475150870383,0.132840647542812
7,NvA,19,STS-R,RT_Upright_pro_L,0.0648651342608915,0.0719501385088937,0.136815272769785,0.00136886306772818,0.00147139878758625,4.57734378391897,0.134225541586684
7,NvA,20,IPL-R,RT_Upright_pro_L,0.0688110831915809,0.161878474768864,0.230689557960445,0.00189971191809227,0.00204360830736649,4.55343340741747,0.130407682822649
7,NvA,21,SPL-R,RT_Upright_pro_L,0.189473776625985,0.093513402786659,0.282987179412644,0.001923648368991,0.00206598245496549,4.55169716701734,0.123797083603318
7,NvA,22,AG-R,RT_Upright_pro_L,0.0504345509285461,0.1082206363403,0.158655187268846,0.0014006636999194,0.0015060086320841,4.57641850064803,0.131300996436802
7,NvA,23,mIPS-R,RT_Upright_pro_L,0.131175083873372,0.0568314290134403,0.188006512886812,0.00171483232755611,0.00185861318568039,4.56120015262725,0.131355155241339
7,NvA,24,VIP-R,RT_Upright_pro_L,0.0644554227674083,0.186255049280883,0.250710472048291,0.00170541154020202,0.00183614133972548,4.56195083204147,0.129436854374527
7,NvA,25,SPOC-R,RT_Upright_pro_L,0.143060036355224,0.122574442475282,0.265634478830506,0.00204746292949852,0.00221471048213286,4.54522519751221,0.127102164089166
7,NvA,26,S1-R,RT_Upright_pro_L,0.0932991357053935,0.049141296607498,0.142440432312891,0.00145983958398436,0.00156847672489539,4.57513495689858,0.133792910398071
7,NvA,27,M1-R,RT_Upright_pro_L,0.136699854206606,0.0463451548357457,0.183045009042352,0.00151321700170234,0.0016256421576202,4.5713793112085,0.132206688152281
7,NvA,28,SMA-R,RT_Upright_pro_L,0.0403876717387708,0.05239459940218,0.0927822711409508,0.00117550230030873,0.00126762771881502,4.58846700632163,0.137281516926549
7,NvA,29,PMd-R,RT_Upright_pro_L,0.0750802819475832,0.0406203664692373,0.115700648416821,0.0012722078440072,0.00136779615384171,4.58441856438522,0.136190513014349
7,NvA,30,PMv-R,RT_Upright_pro_L,0.0427314127509947,0.0668211481847925,0.109552560935787,0.00122529674300242,0.00131882139037789,4.58554120367114,0.136394109551184
7,NvA,31,FEF-R,RT_Upright_pro_L,0.0508844385351409,0.0412152177986014,0.0920996563337424,0.00114891252048622,0.00123929436282023,4.58903488026522,0.137547951811959
7,NvA,32,POJ-R,RT_Upright_pro_L,0.0852837527641822,0.064047940315395,0.149331693079577,0.00130510974580847,0.00139342576638554,4.58192999678328,0.131110866877068
8,RR,1,V1-L,RT_Upright_pro_L,0.0866427435272724,0.0634641998233169,0.150106943350589,0.00147028346132002,0.00157772182454652,4.64565343793336,0.141027017792083
8,RR,2,V3-L,RT_Upright_pro_L,0.0659932391295238,0.0899285547502323,0.155921793879756,0.00154383516688274,0.00166971242081171,4.64185787055132,0.141373185044598
8,RR,3,STS-L,RT_Upright_pro_L,0.0680707278979779,0.0332611802998388,0.101331908197817,0.00123126458417594,0.00132494530415173,4.65781274808676,0.145865674420521
8,RR,4,IPL-L,RT_Upright_pro_L,0.0845087907146658,0.0597878269101635,0.144296617624829,0.00155023355791548,0.00167297349275734,4.64193597432583,0.144026183928686
8,RR,5,SPL-L,RT_Upright_pro_L,0.0876316448408295,0.125158347932292,0.212789992773121,0.00174378108925391,0.00187885072633797,4.63162120223501,0.139845644252193
8,RR,6,AG-L,RT_Upright_pro_L,0.135023825521124,0.066057158666888,0.201080984188012,0.00171525579417657,0.00184664523534247,4.63548729041002,0.14005494947701
8,RR,7,mIPS-L,RT_Upright_pro_L,0.0801407675875404,0.0621512824473681,0.142292050034909,0.00161621827258864,0.00174955874631568,4.6392745954307,0.142907401710877
8,RR,8,VIP-L,RT_Upright_pro_L,0.126081969503768,0.0697720764858183,0.195854045989586,0.00179472807823094,0.00194069136493791,4.63094542826758,0.141061753961307
8,RR,9,SPOC-L,RT_Upright_pro_L,0.105403451419747,0.115543496826629,0.220946948246376,0.00198843405856563,0.0021481168216066,4.62200561287736,0.138767161073872
8,RR,10,S1-L,RT_Upright_pro_L,0.0791474882295515,0.0834760525973164,0.162623540826868,0.00166783679515077,0.00179997835498534,4.63665624847158,0.144235407554247
8,RR,11,M1-L,RT_Upright_pro_L,0.0908510615799099,0.0529768002252066,0.143827861805116,0.00130108944687571,0.00139784116359764,4.65235019107465,0.14393365246018
8,RR,12,SMA-L,RT_Upright_pro_L,0.0553946782981611,0.0857289875688723,0.141123665867033,0.00153021484719021,0.00164451652603676,4.64241317481232,0.144359000704509
8,RR,13,PMd-L,RT_Upright_pro_L,0.0741397000292542,0.106788756752177,0.180928456781431,0.00156156538306885,0.00167685498958152,4.63978442721201,0.141278261001646
8,RR,14,PMv-L,RT_Upright_pro_L,0.0540275736450577,0.0672532517052285,0.121280825350286,0.00154673313322335,0.00167374544222589,4.64141285333508,0.146157083310526
8,RR,15,FEF-L,RT_Upright_pro_L,0.0668369988177459,0.054013677564202,0.120850676381948,0.0014865950537526,0.00160782686557476,4.64523532142311,0.14622064559804
8,RR,16,POJ-L,RT_Upright_pro_L,0.118039433395611,0.185199889900647,0.303239323296257,0.00203254090471398,0.00216601261913221,4.62038853869749,0.132982140057307
8,RR,17,V1-R,RT_Upright_pro_L,0.0708379527212208,0.0956020840476651,0.166440036768886,0.00160580827775027,0.00172921012224575,4.64062494232304,0.140664526183367
8,RR,18,V3-R,RT_Upright_pro_L,0.0815632230105685,0.0654045653091793,0.146967788319748,0.00144423776682626,0.00157029229087952,4.64382609814531,0.142520147496885
8,RR,19,STS-R,RT_Upright_pro_L,0.0518281287630285,0.0469693306651473,0.0987974594281757,0.00119416260380285,0.00129325198224715,4.65964979803507,0.145791048871112
8,RR,20,IPL-R,RT_Upright_pro_L,0.119778625807102,0.0609441347115716,0.180722760518673,0.0016348596794921,0.00177757030309698,4.63715508111562,0.142784334674652
8,RR,21,SPL-R,RT_Upright_pro_L,0.0949910584220615,0.103527746108649,0.19851880453071,0.00184903147385338,0.0020005168612461,4.62793926100901,0.141034464800368
8,RR,22,AG-R,RT_Upright_pro_L,0.0658026843978927,0.146357933520426,0.212160617918318,0.00150001865781276,0.00161417188026353,4.64110506693822,0.137419473350683
8,RR,23,mIPS-R,RT_Upright_pro_L,0.0387440714232366,0.101450300385025,0.140194371808262,0.00140037339205098,0.00150658801665029,4.6502005816049,0.142523947417128
8,RR,24,VIP-R,RT_Upright_pro_L,0.134697776868274,0.0767657877016321,0.211463564569906,0.00166308451101592,0.00179519272069455,4.63573332650547,0.13818847000508
8,RR,25,SPOC-R,RT_Upright_pro_L,0.139943699556962,0.125782066087796,0.265725765644758,0.00223051508935126,0.00241331584677216,4.61042720335252,0.133426938684363
8,RR,26,S1-R,RT_Upright_pro_L,0.0820727131381457,0.0935646318024848,0.175637344940631,0.00180458760775869,0.0019521631392231,4.63053325543342,0.142178041713623
8,RR,27,M1-R,RT_Upright_pro_L,0.09304181492326,0.057269377390801,0.150311192314061,0.00157066551795267,0.00169443644479646,4.63973507875224,0.142152633834872
8,RR,28,SMA-R,RT_Upright_pro_L,0.0337953768826634,0.0965164769181348,0.130311853800798,0.00133325105938884,0.00142666298683216,4.6531402528471,0.144328201381557
8,RR,29,PMd-R,RT_Upright_pro_L,0.0721653509970394,0.0877049695807735,0.159870320577813,0.00152884684263406,0.00165443606393801,4.64040240612061,0.142364422539335
8,RR,30,PMv-R,RT_Upright_pro_L,0.0506980116658287,0.0506091399141107,0.101307151579939,0.00115186752823663,0.00124782710341913,4.66143402060018,0.146089127592108
8,RR,31,FEF-R,RT_Upright_pro_L,0.0534789664166363,0.0325378521191442,0.0860168185357805,0.00102741763874239,0.00110810340278699,4.66844352076148,0.146386957953849
8,RR,32,POJ-R,RT_Upright_pro_L,0.131590713997151,0.131396326410073,0.262987040407224,0.00194197463051136,0.00209500206683903,4.62247394159595,0.133011580543978
9,SJB,1,V1-L,RT_Upright_pro_L,0.0890805004718257,0.0817127546474119,0.170793255119238,0.0015181583814537,0.00164428917165843,4.64427302730239,0.148175807888223
9,SJB,2,V3-L,RT_Upright_pro_L,0.0963175778442492,0.116442096283582,0.212759674127832,0.00196657158726287,0.00214070425374965,4.62131985843977,0.145238160277766
9,SJB,3,STS-L,RT_Upright_pro_L,0.0848069608133225,0.0670132745751699,0.151820235388492,0.00158274237012788,0.00172350927563412,4.6397560523063,0.149836073799204
9,SJB,4,IPL-L,RT_Upright_pro_L,0.0950444909654766,0.0455115481806898,0.140556039146166,0.00144548644290173,0.00157879180202411,4.64572116977059,0.151646992025135
9,SJB,5,SPL-L,RT_Upright_pro_L,0.0751691360840402,0.149577017078879,0.22474615316292,0.00190856256972701,0.002076120782398,4.62633619511893,0.148613033373566
9,SJB,6,AG-L,RT_Upright_pro_L,0.0712532290583508,0.185477898261134,0.256731127319485,0.00196169241700895,0.00212556557905036,4.61976247307294,0.142982179389318
9,SJB,7,mIPS-L,RT_Upright_pro_L,0.0615826256022386,0.129297627922523,0.190880253524762,0.00171088094578517,0.00186034081393832,4.63441438687605,0.149276255073677
9,SJB,8,VIP-L,RT_Upright_pro_L,0.128042167788441,0.0714368081772694,0.199478975965711,0.0018670000681373,0.00202973258590685,4.62570086877323,0.1479366290011
9,SJB,9,SPOC-L,RT_Upright_pro_L,0.0892545158913163,0.100502153645087,0.189756669536404,0.00178596962503991,0.00194696339650536,4.63199353306104,0.14962840226785
9,SJB,10,S1-L,RT_Upright_pro_L,0.12854723666353,0.0366426322094606,0.165189868872991,0.00135475100128435,0.00146813487462587,4.64910284643547,0.148902065429851
9,SJB,11,M1-L,RT_Upright_pro_L,0.0903471274877576,0.0909705438738727,0.18131767136163,0.00150614878770674,0.00164645486917642,4.6394863613452,0.149011578555722
9,SJB,12,SMA-L,RT_Upright_pro_L,0.0441109778333355,0.0632748652151288,0.107385843048464,0.00110307237376905,0.00119762559646435,4.66365635980178,0.15217347378201
9,SJB,13,PMd-L,RT_Upright_pro_L,0.0739807223306121,0.0774890410545091,0.151469763385121,0.00143752983594015,0.00156847106060214,4.64257720589018,0.14987347933741
9,SJB,14,PMv-L,RT_Upright_pro_L,0.0523999409612073,0.0447328888463135,0.0971328298075208,0.00122593111234164,0.00134181039115579,4.65675923004586,0.153803831788223
9,SJB,15,FEF-L,RT_Upright_pro_L,0.0408077358081338,0.11306696657713,0.153874702385264,0.00153037469139241,0.00166971004211438,4.64067351062866,0.148311534002463
9,SJB,16,POJ-L,RT_Upright_pro_L,0.098730690067182,0.0796334950539042,0.178364185121086,0.0016672068787054,0.00181507978649934,4.63679179855409,0.148954413103549
9,SJB,17,V1-R,RT_Upright_pro_L,0.0846959218623632,0.0610858411495305,0.145781763011894,0.00146482245179154,0.00159125093404246,4.64732556668783,0.150651275747843
9,SJB,18,V3-R,RT_Upright_pro_L,0.120278200830863,0.0857012601639384,0.205979460994801,0.00178657582222485,0.00193915974570836,4.63086414345139,0.146299981547853
9,SJB,19,STS-R,RT_Upright_pro_L,0.0485751605052242,0.0462799255020738,0.094855086007298,0.00121210925375392,0.00132384969507269,4.65876079150482,0.154290530275924
9,SJB,20,IPL-R,RT_Upright_pro_L,0.124395209777559,0.0723188191108628,0.196714028888422,0.00170739696818843,0.00185531166808558,4.63431316136419,0.147725489820677
9,SJB,21,SPL-R,RT_Upright_pro_L,0.0578677840317266,0.11467248559603,0.172540269627757,0.00147403123424312,0.00159636202103741,4.64537022390943,0.147753676926914
9,SJB,22,AG-R,RT_Upright_pro_L,0.154338232692644,0.0667020773033494,0.221040309995994,0.00173873356750365,0.00188831190547658,4.63341613370955,0.14654932567865
9,SJB,23,mIPS-R,RT_Upright_pro_L,0.0965334555177713,0.0993519139524354,0.195885369470207,0.00173637935180763,0.00188858730335154,4.6322519964509,0.14571757545982
9,SJB,24,VIP-R,RT_Upright_pro_L,0.106943795112065,0.113947338413305,0.22089113352537,0.00174558875332463,0.00189360172528661,4.63207188508904,0.145873147402243
9,SJB,25,SPOC-R,RT_Upright_pro_L,0.112927391102102,0.123846034465017,0.236773425567119,0.00185444025512321,0.00200823008935895,4.62748132630183,0.14424463887318
9,SJB,26,S1-R,RT_Upright_pro_L,0.170536049394227,0.0758782878406586,0.246414337234886,0.00171085463543934,0.00186392480788157,4.63007726294492,0.145325225768567
9,SJB,27,M1-R,RT_Upright_pro_L,0.078001084576763,0.111620174516801,0.189621259093564,0.00134184160494002,0.00145345160599269,4.64798215829006,0.14792515550892
9,SJB,28,SMA-R,RT_Upright_pro_L,0.0454255666096713,0.049299538730083,0.0947251053397543,0.00102615875758221,0.0011140783834209,4.66834077375009,0.153143813644635
9,SJB,29,PMd-R,RT_Upright_pro_L,0.0456489411212273,0.0832956775623836,0.128944618683611,0.00142705012248972,0.00155813954726048,4.64605643484472,0.152001872721106
9,SJB,30,PMv-R,RT_Upright_pro_L,0.0490813721183224,0.10614798142,0.155229353538322,0.00149298556858571,0.00163221914347295,4.64287716208659,0.15066424795398
9,SJB,31,FEF-R,RT_Upright_pro_L,0.0733705642695185,0.0504944558612191,0.123865020130738,0.00134636206288817,0.00147085604401284,4.64959296323621,0.152816455617231
9,SJB,32,POJ-R,RT_Upright_pro_L,0.139465311172703,0.114136253176018,0.253601564348721,0.00207032556875538,0.00225194687017114,4.61960406575167,0.145891997160592
10,BG,1,V1-L,RT_Upright_pro_L,0.0764163456385394,0.0429767746925581,0.119393120331098,0.00116609493767924,0.00125335341651082,4.53935637340545,0.109544864182721
10,BG,2,V3-L,RT_Upright_pro_L,0.0641608397335942,0.0646506325814546,0.128811472315049,0.00136546706920436,0.00147671690900673,4.52780194271698,0.110435658447373
10,BG,3,STS-L,RT_Upright_pro_L,0.0656404903697195,0.0664445297478798,0.132085020117599,0.00139161520750852,0.00149548235023692,4.52673409103163,0.110624232232626
10,BG,4,IPL-L,RT_Upright_pro_L,0.0805901459135191,0.0968934300753653,0.177483575988884,0.00162501634292797,0.00174904957852317,4.51403338727811,0.107427720565258
10,BG,5,SPL-L,RT_Upright_pro_L,0.0586287096907745,0.0366601009759819,0.0952888106667565,0.00114536427589769,0.00123431810529893,4.54086144706439,0.111596279283359
10,BG,6,AG-L,RT_Upright_pro_L,0.050127840896677,0.0868199414065907,0.136947782303268,0.00130941031904185,0.00140989327702273,4.53144239622671,0.110107583339796
10,BG,7,mIPS-L,RT_Upright_pro_L,0.0492380806941534,0.049117378970768,0.0983554596649213,0.00115634503492427,0.00124795342436941,4.54013234178746,0.111576478126542
10,BG,8,VIP-L,RT_Upright_pro_L,0.0362127094716399,0.0567889161652741,0.093001625636914,0.00103791611509005,0.00111976720547034,4.54655799803002,0.112192012353744
10,BG,9,SPOC-L,RT_Upright_pro_L,0.0720948397500207,0.0769093005970046,0.149004140347025,0.00153700134064018,0.00165826720747918,4.52049759270028,0.109189127571146
10,BG,10,S1-L,RT_Upright_pro_L,0.149392086105648,0.0286027867675379,0.177994872873186,0.00137128468902871,0.00147602032133255,4.52735834853176,0.108997664079709
10,BG,11,M1-L,RT_Upright_pro_L,0.0942996654917995,0.044069886458397,0.138369551950197,0.00131252336444352,0.00141545038736434,4.53141645211256,0.110896241460297
10,BG,12,SMA-L,RT_Upright_pro_L,0.0373262244292681,0.0720450479585075,0.109371272387776,0.00117685709174223,0.0012622524302465,4.53889419348344,0.110887434194057
10,BG,13,PMd-L,RT_Upright_pro_L,0.0545037104242933,0.0687909583888717,0.123294668813165,0.00121569461627152,0.00130567484458715,4.53635051852712,0.11016398049258
10,BG,14,PMv-L,RT_Upright_pro_L,0.0518188081103169,0.0459297137433385,0.0977485218536554,0.00112267487684174,0.00120668168650713,4.54153408791378,0.111174581817632
10,BG,15,FEF-L,RT_Upright_pro_L,0.0648353648251359,0.0556536238774039,0.12048898870254,0.00132740514363709,0.00142683477119195,4.53092068928405,0.110432942451921
10,BG,16,POJ-L,RT_Upright_pro_L,0.0566147276614048,0.0719977700589259,0.128612497720331,0.00137518699301161,0.00148115864859161,4.5281404623279,0.108987353595773
10,BG,17,V1-R,RT_Upright_pro_L,0.0405812753960252,0.0708686584940488,0.111449933890074,0.0012124701766559,0.00130880106431687,4.53670433252345,0.110342583113782
10,BG,18,V3-R,RT_Upright_pro_L,0.0539146266147104,0.0838147589893688,0.137729385604079,0.00132352263600816,0.00142474888328857,4.53094077869904,0.108726143028473
10,BG,19,STS-R,RT_Upright_pro_L,0.0788226398686699,0.04603570416017,0.12485834402884,0.00128712965753667,0.00138524873890905,4.5321489222284,0.11014450777566
10,BG,20,IPL-R,RT_Upright_pro_L,0.0770150463227283,0.0896364686796539,0.166651515002382,0.00154589746165097,0.00166518248620515,4.52033586746759,0.108234874637728
10,BG,21,SPL-R,RT_Upright_pro_L,0.106792186243254,0.0490498333603123,0.155842019603566,0.00136743336259675,0.00146874197337129,4.53076389538618,0.1087113081435
10,BG,22,AG-R,RT_Upright_pro_L,0.101503854651923,0.060900554001552,0.162404408653475,0.0015614929158693,0.00169085590121837,4.51888524937674,0.109329300834334
10,BG,23,mIPS-R,RT_Upright_pro_L,0.137212953055488,0.0620614754133411,0.199274428468829,0.00156119265479027,0.00168954763952873,4.5183406622399,0.107133235436622
10,BG,24,VIP-R,RT_Upright_pro_L,0.0555041650975176,0.0985272047485381,0.154031369846056,0.00143613547518093,0.00154264461137476,4.52615559668984,0.108939321328922
10,BG,25,SPOC-R,RT_Upright_pro_L,0.0849936845924892,0.120826836588735,0.205820521181225,0.00178966917545756,0.00193285821680973,4.50670522228735,0.107509345537005
10,BG,26,S1-R,RT_Upright_pro_L,0.0661750041955858,0.0739984014517306,0.140173405647316,0.00141534475606499,0.00152516693671874,4.52531370618371,0.109103723024297
10,BG,27,M1-R,RT_Upright_pro_L,0.0721965858226034,0.117176379432793,0.189372965255397,0.00150736856626404,0.00161983212598656,4.52082711700911,0.10643055226451
10,BG,28,SMA-R,RT_Upright_pro_L,0.051910893893795,0.0901002538031632,0.142011147696958,0.00142454950192295,0.00153029203846657,4.52576610928489,0.109794772479744
10,BG,29,PMd-R,RT_Upright_pro_L,0.0289693901575256,0.12604536562302,0.155014755780545,0.00129648599510335,0.001393895872131,4.53279937510705,0.109644045914476
10,BG,30,PMv-R,RT_Upright_pro_L,0.0564829776957297,0.0785752747854235,0.135058252481153,0.00130839191306662,0.00140537146314151,4.53152976614759,0.109510538532767
10,BG,31,FEF-R,RT_Upright_pro_L,0.0906450385710899,0.0405204864554414,0.131165525026531,0.00129056105345535,0.0013906397830459,4.5319899582729,0.110583737052927
10,BG,32,POJ-R,RT_Upright_pro_L,0.0961822102763145,0.0883146732088015,0.184496883485116,0.00147173991279019,0.00158486390007215,4.52299386242267,0.106922937625535
1,DOC,1,V1-L,RT_Upright_pro_R,0.0374913548129303,0.08097024689322,0.11846160170615,0.00100649869823771,0.00108117243126407,4.25662753101181,0.0744058722035529
1,DOC,2,V3-L,RT_Upright_pro_R,0.0670804788604633,0.0927716971354029,0.159852175995866,0.00124170193613182,0.00133151076789422,4.24074700681569,0.0724643751124144
1,DOC,3,STS-L,RT_Upright_pro_R,0.0489004268783609,0.0427110788566854,0.0916115057350463,0.0009569882600204,0.00102729869742997,4.25973982742024,0.0752535475570684
1,DOC,4,IPL-L,RT_Upright_pro_R,0.0385497595457696,0.0523973912741371,0.0909471508199067,0.000868867758520097,0.000932208763037792,4.26597144015459,0.0765633485246942
1,DOC,5,SPL-L,RT_Upright_pro_R,0.0640555843018311,0.0327439711721969,0.0967995554740279,0.000951939516478294,0.00102455002158538,4.25981032583756,0.0769919221063109
1,DOC,6,AG-L,RT_Upright_pro_R,0.0372242971698866,0.0397474885962859,0.0769717857661725,0.000910355330496881,0.000983470305040327,4.26208961325282,0.0778658025700982
1,DOC,7,mIPS-L,RT_Upright_pro_R,0.0527296587830411,0.0369059578478426,0.0896356166308837,0.000947743619411852,0.00101748847327565,4.26052837136408,0.0763128968822807
1,DOC,8,VIP-L,RT_Upright_pro_R,0.0794567102714931,0.0371535068359906,0.116610217107484,0.00102075158446597,0.0010950844161175,4.25503245353572,0.0758767302099622
1,DOC,9,SPOC-L,RT_Upright_pro_R,0.0619712167237044,0.0491681835856616,0.111139400309366,0.00102329476432547,0.00109950646308177,4.25517928721744,0.0753029579406906
1,DOC,10,S1-L,RT_Upright_pro_R,0.0652365164743225,0.0656977737020197,0.130934290176342,0.00103663511500666,0.00111134305261983,4.25409674480553,0.0743324157282957
1,DOC,11,M1-L,RT_Upright_pro_R,0.0366599102236456,0.0862171698735851,0.122877080097231,0.00106113520470971,0.00114105163085082,4.25200999578682,0.0760915008633199
1,DOC,12,SMA-L,RT_Upright_pro_R,0.0301431293190536,0.0479406458003505,0.0780837751194041,0.000764441496588259,0.000820417438190111,4.27238661803903,0.076887582677402
1,DOC,13,PMd-L,RT_Upright_pro_R,0.053089606354802,0.0476418318397478,0.10073143819455,0.000891223509168908,0.000963335835499794,4.2621749952006,0.0757790923964534
1,DOC,14,PMv-L,RT_Upright_pro_R,0.0346708322172572,0.0460054101868088,0.080676242404066,0.000861792550976355,0.000928260577153781,4.26609852335409,0.0773248371415211
1,DOC,15,FEF-L,RT_Upright_pro_R,0.0807800472610122,0.0247524399562519,0.105532487217264,0.000889174092888283,0.00095411856180535,4.2630940574821,0.0755603468192788
1,DOC,16,POJ-L,RT_Upright_pro_R,0.050254173018889,0.038079185760828,0.088333358779717,0.00103050051176482,0.00111213861807029,4.25369071346014,0.0776621809597583
1,DOC,17,V1-R,RT_Upright_pro_R,0.039407708671562,0.0565446034391717,0.0959523121107337,0.000913204461074068,0.000977579441708671,4.26237634860084,0.075301720289053
1,DOC,18,V3-R,RT_Upright_pro_R,0.0684878823191646,0.0605236540645701,0.129011536383735,0.0011809745193136,0.0012695691301398,4.24469097860782,0.0749551088730738
1,DOC,19,STS-R,RT_Upright_pro_R,0.0353956374151751,0.0380781128624195,0.0734737502775946,0.000866306507524135,0.000932920115258036,4.26513603164743,0.0774565337017903
1,DOC,20,IPL-R,RT_Upright_pro_R,0.0542832745467702,0.0241758084309259,0.0784590829776961,0.000772406902015516,0.000830717374682248,4.2721975564312,0.0775686002106626
1,DOC,21,SPL-R,RT_Upright_pro_R,0.0293566525323548,0.0500994448014998,0.0794560973338546,0.000801030786924571,0.000862560461186102,4.26963298593018,0.0770771021414898
1,DOC,22,AG-R,RT_Upright_pro_R,0.0376022494992613,0.0395728056592642,0.0771750551585255,0.000870664329819618,0.000933685448789281,4.26548533370807,0.0772796410523306
1,DOC,23,mIPS-R,RT_Upright_pro_R,0.0309542882794456,0.0483121434812109,0.0792664317606565,0.000910837826085586,0.000977825506253913,4.26297400353421,0.0777937005337262
1,DOC,24,VIP-R,RT_Upright_pro_R,0.0405294439165295,0.0429123000417366,0.0834417439582661,0.000863327270417311,0.000929155212810278,4.26489228859607,0.0767897705543035
1,DOC,25,SPOC-R,RT_Upright_pro_R,0.0629016688415213,0.0540193142104263,0.116920983051948,0.000971988113902767,0.00103908182650016,4.25812922500858,0.0745675019571534
1,DOC,26,S1-R,RT_Upright_pro_R,0.0417790323215389,0.0361121993306955,0.0778912316522344,0.000854209969316815,0.0009230808362312,4.26489736064188,0.0775907331470626
1,DOC,27,M1-R,RT_Upright_pro_R,0.0550836567154836,0.0377598666087639,0.0928435233242475,0.000877057090997052,0.000944920503677397,4.26285506645197,0.0760581294556376
1,DOC,28,SMA-R,RT_Upright_pro_R,0.0333883885669746,0.0354957915907823,0.068884180157757,0.000762458118909257,0.000823534709785133,4.2728615001035,0.0773299633305306
1,DOC,29,PMd-R,RT_Upright_pro_R,0.0383152147334061,0.0457797909472284,0.0840950056806345,0.000748947924933096,0.000808528898495204,4.2728930202093,0.076580571855443
1,DOC,30,PMv-R,RT_Upright_pro_R,0.0150848814262001,0.0718329580810155,0.0869178395072156,0.000771484100059738,0.000832093142610787,4.27195236434993,0.0772420324975113
1,DOC,31,FEF-R,RT_Upright_pro_R,0.0590963778006156,0.0365353706772906,0.0956317484779062,0.000863612491272212,0.000930565651149094,4.26471902633808,0.0763233638868275
1,DOC,32,POJ-R,RT_Upright_pro_R,0.0486072823910757,0.0299091986495255,0.0785164810406012,0.000824051445270613,0.00088634475126929,4.26912287806595,0.0772145003995697
2,GB,1,V1-L,RT_Upright_pro_R,0.0544297027497039,0.063128175906757,0.117557878656461,0.00130231306152957,0.00141136554934599,4.68721868671391,0.144055752847307
2,GB,2,V3-L,RT_Upright_pro_R,0.0997718070381472,0.0600923543959099,0.159864161434057,0.00147430869992378,0.00158430804389199,4.67808208432086,0.141651771004306
2,GB,3,STS-L,RT_Upright_pro_R,0.0661637667139929,0.0310365780339546,0.0972003447479475,0.00127883986902407,0.00138374790351968,4.68842276222182,0.145453874454054
2,GB,4,IPL-L,RT_Upright_pro_R,0.127964430558797,0.0763900458650165,0.204354476423813,0.0017184587011949,0.00185266172976253,4.66457123901397,0.137089706466214
2,GB,5,SPL-L,RT_Upright_pro_R,0.155702102186533,0.051669925912336,0.207372028098869,0.00183172604175027,0.00197742872123705,4.66205286733998,0.139781043895432
2,GB,6,AG-L,RT_Upright_pro_R,0.0449017973334108,0.0813431563251132,0.126244953658524,0.00129504214079181,0.00139552084410255,4.6883327476532,0.142834637085015
2,GB,7,mIPS-L,RT_Upright_pro_R,0.086269505486971,0.0643854511651743,0.150654956652145,0.00146145730112481,0.00157386967616014,4.67919567059717,0.141031421040839
2,GB,8,VIP-L,RT_Upright_pro_R,0.107882250026214,0.105204016907162,0.213086266933376,0.00189824175431951,0.0020407735337601,4.65667098747004,0.138655069601178
2,GB,9,SPOC-L,RT_Upright_pro_R,0.107935856283223,0.132292196835374,0.240228053118597,0.00210501322155552,0.00226806999753833,4.6497071921975,0.138299663323636
2,GB,10,S1-L,RT_Upright_pro_R,0.0626264044139031,0.104754040214422,0.167380444628325,0.00169712488051062,0.00183042558848535,4.66766712647713,0.141542345446778
2,GB,11,M1-L,RT_Upright_pro_R,0.0530126933419576,0.102020045452679,0.155032738794636,0.00161932787303721,0.00175303998622498,4.67202427926924,0.142488560427686
2,GB,12,SMA-L,RT_Upright_pro_R,0.061604826747923,0.112379318974091,0.173984145722014,0.00180059470674329,0.00195231569149616,4.66435776598725,0.141736273019514
2,GB,13,PMd-L,RT_Upright_pro_R,0.0459753491196265,0.0931670572992274,0.139142406418854,0.00131330032071478,0.00141427848384512,4.6873861429828,0.1425605180784
2,GB,14,PMv-L,RT_Upright_pro_R,0.039266598145649,0.0799730693959216,0.119239667541571,0.00125505362608753,0.00135294576235259,4.68990180577821,0.1436411409744
2,GB,15,FEF-L,RT_Upright_pro_R,0.120798625500236,0.0697941011843845,0.19059272668462,0.00169206703433626,0.00182523408203261,4.66600450893555,0.140595529125076
2,GB,16,POJ-L,RT_Upright_pro_R,0.0929680585859088,0.122616961514831,0.21558502010074,0.0018619039574142,0.00201169824728396,4.65971627108858,0.140270889598113
2,GB,17,V1-R,RT_Upright_pro_R,0.0975190923118902,0.0508181599124292,0.148337252224319,0.00138303218796133,0.00148851639378256,4.68346094252703,0.142665293585891
2,GB,18,V3-R,RT_Upright_pro_R,0.0638465720116519,0.0522464264951109,0.116092998506763,0.00126110277332401,0.00135439143822134,4.69012198068685,0.144018960771792
2,GB,19,STS-R,RT_Upright_pro_R,0.10894718347856,0.060903366571095,0.169850550049655,0.00177573259615645,0.00192203266744589,4.66402651991331,0.141340480255656
2,GB,20,IPL-R,RT_Upright_pro_R,0.0844420462935385,0.113859767436141,0.198301813729679,0.00195865072602613,0.00210814799696489,4.65808707407494,0.140728334442848
2,GB,21,SPL-R,RT_Upright_pro_R,0.134786423097203,0.079825763232668,0.214612186329871,0.00189346969852666,0.00204942208327443,4.65856125265812,0.136330347317059
2,GB,22,AG-R,RT_Upright_pro_R,0.0896241963597541,0.0643691288922842,0.153993325252038,0.00159096295656911,0.00171397317816953,4.67354252772641,0.142037469676446
2,GB,23,mIPS-R,RT_Upright_pro_R,0.0975039261140658,0.0486582923196195,0.146162218433685,0.00158501387588671,0.00171653059573717,4.67388774162819,0.143130328260027
2,GB,24,VIP-R,RT_Upright_pro_R,0.0928351062771108,0.0979760324205735,0.190811138697684,0.00166595396529754,0.00179022796097102,4.67031502594947,0.139893507017454
2,GB,25,SPOC-R,RT_Upright_pro_R,0.0669097178274784,0.155968245641322,0.2228779634688,0.00181290613800512,0.00195152108081779,4.66269892385818,0.138930043604303
2,GB,26,S1-R,RT_Upright_pro_R,0.115012486980437,0.0620848373974719,0.177097324377909,0.00173274408933135,0.00186953017482,4.66756371204956,0.142024471123952
2,GB,27,M1-R,RT_Upright_pro_R,0.0814215307279995,0.0861191954310978,0.167540726159097,0.0014982881852516,0.00161147521126468,4.67696499409912,0.13953122400789
2,GB,28,SMA-R,RT_Upright_pro_R,0.0980699269641009,0.0941271927133176,0.192197119677418,0.00171132045454054,0.00184114993865602,4.66663276835209,0.13937348447295
2,GB,29,PMd-R,RT_Upright_pro_R,0.105065811968933,0.125050214610678,0.230116026579611,0.00188055491057366,0.00203643622746988,4.65639709345264,0.136371559278635
2,GB,30,PMv-R,RT_Upright_pro_R,0.0662101346432281,0.0652635500047909,0.131473684648019,0.00166012530195556,0.00179611246961353,4.66993738983576,0.144856334586217
2,GB,31,FEF-R,RT_Upright_pro_R,0.0814296952538558,0.100561521121242,0.181991216375098,0.00161294563919294,0.0017386634583762,4.67016328226778,0.138985219024642
2,GB,32,POJ-R,RT_Upright_pro_R,0.0619265096435381,0.164745944603346,0.226672454246884,0.00189157267239808,0.0020429163625393,4.65897297401301,0.138226846551413
3,JDC,1,V1-L,RT_Upright_pro_R,0.0940503925950003,0.105743480622603,0.199793873217604,0.00174173217833981,0.00187799109511855,4.60019550091333,0.136030051725438
3,JDC,2,V3-L,RT_Upright_pro_R,0.0514632510223123,0.0608356407306859,0.112298891752998,0.00121418150204745,0.00131022274657632,4.62661018921547,0.139724690111279
3,JDC,3,STS-L,RT_Upright_pro_R,0.133701853826491,0.0382871793979912,0.171989033224482,0.00169119888979756,0.00183096376841211,4.60305851525803,0.138671132759002
3,JDC,4,IPL-L,RT_Upright_pro_R,0.0651385648376197,0.068730351658633,0.133868916496253,0.00138328662008933,0.00149225253242047,4.61912550884981,0.140412700312874
3,JDC,5,SPL-L,RT_Upright_pro_R,0.0982646927613917,0.0745746170448265,0.172839309806218,0.00161202030313101,0.00173468605318858,4.60822239518843,0.137567877092957
3,JDC,6,AG-L,RT_Upright_pro_R,0.0963610500040976,0.078823646920422,0.17518469692452,0.00168169772209662,0.00181211613256713,4.60374494130629,0.136882853106178
3,JDC,7,mIPS-L,RT_Upright_pro_R,0.101757868839667,0.0701849932063709,0.171942862046037,0.00164421426513482,0.00176543185115553,4.60707811709941,0.135441585204518
3,JDC,8,VIP-L,RT_Upright_pro_R,0.0776321334272116,0.0459413266503069,0.123573460077519,0.00124092082211213,0.00132746743458193,4.62720773612766,0.140375285237355
3,JDC,9,SPOC-L,RT_Upright_pro_R,0.0908323013928982,0.147368031559859,0.238200332952757,0.00200625397124525,0.00216959645713633,4.5893987050836,0.13258773989305
3,JDC,10,S1-L,RT_Upright_pro_R,0.077831645984947,0.0681829491318681,0.146014595116815,0.00139454315455076,0.00150184474869161,4.61681515953488,0.138138506308479
3,JDC,11,M1-L,RT_Upright_pro_R,0.0602865395504154,0.0800407425094455,0.140327282059861,0.00141525886325898,0.00152667030034518,4.61661357040266,0.140291451758541
3,JDC,12,SMA-L,RT_Upright_pro_R,0.0369230999088471,0.0502550179340275,0.0871781178428746,0.00115622627567677,0.00125211419199378,4.62962941439165,0.14231166923943
3,JDC,13,PMd-L,RT_Upright_pro_R,0.0595462993222699,0.103618251847791,0.163164551170061,0.0014398219151185,0.00154094227833474,4.61389574454628,0.136254592893414
3,JDC,14,PMv-L,RT_Upright_pro_R,0.0401964372466121,0.0850882580815218,0.125284695328134,0.00129360351941435,0.0013933019385245,4.62368758720215,0.140325886901677
3,JDC,15,FEF-L,RT_Upright_pro_R,0.0733742693527966,0.0789581404558132,0.15233240980861,0.00165771263841115,0.00179719211404436,4.6033660997048,0.13957225820829
3,JDC,16,POJ-L,RT_Upright_pro_R,0.157588478228962,0.0771027863278472,0.234691264556809,0.00189492264469355,0.00203997689806582,4.59578486742068,0.133024090518424
3,JDC,17,V1-R,RT_Upright_pro_R,0.0478108757533823,0.0706540232984014,0.118464899051784,0.00131502677379065,0.00142378461996116,4.62404254336886,0.140478020935587
3,JDC,18,V3-R,RT_Upright_pro_R,0.093651275160825,0.0717362959112648,0.16538757107209,0.00143608488168474,0.00154549266845074,4.61734591515565,0.138032916886474
3,JDC,19,STS-R,RT_Upright_pro_R,0.0466948944086524,0.0537338020108024,0.100428696419455,0.00126520839533413,0.00136880210033795,4.62562894838185,0.14159338624496
3,JDC,20,IPL-R,RT_Upright_pro_R,0.0630455813223043,0.109151511873514,0.172197093195818,0.00144699679213204,0.00156048581288842,4.61494086148282,0.137458224255706
3,JDC,21,SPL-R,RT_Upright_pro_R,0.0716081716426405,0.103713792310876,0.175321963953516,0.00169552133695887,0.00183324780845094,4.6051896740105,0.138346391795553
3,JDC,22,AG-R,RT_Upright_pro_R,0.165563543472508,0.0621588530285781,0.227722396501086,0.00187503947070351,0.00202098002081835,4.59491731760589,0.134432131645955
3,JDC,23,mIPS-R,RT_Upright_pro_R,0.128292046144638,0.0383543497724444,0.166646395917083,0.00152563284069189,0.00164783313576709,4.61234621848674,0.138325854570642
3,JDC,24,VIP-R,RT_Upright_pro_R,0.0757268149670406,0.111852267538341,0.187579082505382,0.00162403543282702,0.00174775874870245,4.60831016254346,0.136360917455031
3,JDC,25,SPOC-R,RT_Upright_pro_R,0.0686475227141012,0.281071734367549,0.34971925708165,0.00218227465630069,0.00235641484927447,4.58065202120487,0.129830127737386
3,JDC,26,S1-R,RT_Upright_pro_R,0.0660416420859117,0.05840356537101,0.124445207456922,0.00141153459300752,0.00152605632196336,4.61753410131886,0.139832866945948
3,JDC,27,M1-R,RT_Upright_pro_R,0.0596527617296009,0.0626353422699975,0.122288103999598,0.00120071748485134,0.00129815701931507,4.62621970772996,0.138730808752139
3,JDC,28,SMA-R,RT_Upright_pro_R,0.0362386117159813,0.0583485122820661,0.0945871239980474,0.00118601348719729,0.00128289165612733,4.62806709615407,0.141872188981688
3,JDC,29,PMd-R,RT_Upright_pro_R,0.0515271011514253,0.0835959838612346,0.13512308501266,0.0014369368244217,0.0015545918876485,4.61419582588891,0.140600523312253
3,JDC,30,PMv-R,RT_Upright_pro_R,0.0308023840222203,0.0447615422894393,0.0755639263116596,0.00102134116135234,0.00110265417625132,4.63847247214587,0.142802261816455
3,JDC,31,FEF-R,RT_Upright_pro_R,0.115052990834247,0.0606680250843728,0.17572101591862,0.00178060846307218,0.00193048571048095,4.59846215208339,0.13915854458064
3,JDC,32,POJ-R,RT_Upright_pro_R,0.216307544294053,0.147037624371167,0.36334516866522,0.00241272290223882,0.00260102148397445,4.57114999082344,0.124213720782745
4,JFXD,1,V1-L,RT_Upright_pro_R,0.0518124913943125,0.0289097407773368,0.0807222321716493,0.000897920965701057,0.000992036082080877,4.33383806953337,0.0956700993486164
4,JFXD,2,V3-L,RT_Upright_pro_R,0.0446849507715884,0.0613795989860669,0.106064549757655,0.0011189213500823,0.00123835614849375,4.31964724984012,0.0937760979609389
4,JFXD,3,STS-L,RT_Upright_pro_R,0.0341594503340054,0.0378243401399937,0.0719837904739991,0.000861633774498888,0.000948562366058647,4.33632120218176,0.0952801545842441
4,JFXD,4,IPL-L,RT_Upright_pro_R,0.0293513158383852,0.0320607477896729,0.0614120636280581,0.000705084866000768,0.000769395428689285,4.34965913159424,0.0952812406240894
4,JFXD,5,SPL-L,RT_Upright_pro_R,0.0424530010454519,0.0508706328544711,0.093323633899923,0.00078800286227299,0.000857444584693416,4.3440656146122,0.0932321055380108
4,JFXD,6,AG-L,RT_Upright_pro_R,0.0506691096536939,0.0500673734379477,0.100736483091642,0.000950351978851813,0.00104920583495478,4.32996249791708,0.0931593414520651
4,JFXD,7,mIPS-L,RT_Upright_pro_R,0.0338532889462028,0.0488841141412559,0.0827374030874587,0.000885172484513762,0.000970593907902785,4.33609512574644,0.0942904115329535
4,JFXD,8,VIP-L,RT_Upright_pro_R,0.0381617506493135,0.0344725427913973,0.0726342934407108,0.000788189134924721,0.00086037909421539,4.34387556168932,0.0953516166677281
4,JFXD,9,SPOC-L,RT_Upright_pro_R,0.0281987839305949,0.0667938857795803,0.0949926697101751,0.000863589202510032,0.000938158790822075,4.33855815171426,0.0938835321902928
4,JFXD,10,S1-L,RT_Upright_pro_R,0.0549991255186916,0.0273048966774841,0.0823040221961757,0.000897605656084586,0.000992432565345912,4.33314510348992,0.0952736991818531
4,JFXD,11,M1-L,RT_Upright_pro_R,0.0463829509337632,0.0299917632903001,0.0763747142240633,0.000924534254384715,0.00102183328599748,4.33223466247189,0.0955792645201316
4,JFXD,12,SMA-L,RT_Upright_pro_R,0.0495596305615241,0.0798359890713719,0.129395619632896,0.00116750618688015,0.00128940526405263,4.31763233326593,0.0924803905706771
4,JFXD,13,PMd-L,RT_Upright_pro_R,0.0354747396437579,0.0497065377723266,0.0851812774160845,0.000935828185183788,0.00103583702846266,4.3322710437046,0.0952297798398362
4,JFXD,14,PMv-L,RT_Upright_pro_R,0.156897410368646,0.0867064143826324,0.243603824751278,0.0015185585490921,0.00166162943167278,4.2945447290993,0.082221457259508
4,JFXD,15,FEF-L,RT_Upright_pro_R,0.105590587756079,0.0990937518636642,0.204684339619743,0.0014956346198646,0.0016419092819495,4.29774681544167,0.0878291758506568
4,JFXD,16,POJ-L,RT_Upright_pro_R,0.024300124514726,0.0688779881283212,0.0931781126430472,0.000789480234600663,0.000856693897777414,4.34305342634429,0.09416757581361
4,JFXD,17,V1-R,RT_Upright_pro_R,0.030590146644158,0.0353920302326647,0.0659821768768227,0.000763716435051675,0.000838868727422746,4.34284838653172,0.0949986423133235
4,JFXD,18,V3-R,RT_Upright_pro_R,0.0704783291041547,0.0362180933936053,0.10669642249776,0.000953392998368154,0.00105245675558316,4.3300380994281,0.092330465122165
4,JFXD,19,STS-R,RT_Upright_pro_R,0.0709342587353235,0.0570384543511181,0.127972713086442,0.00110957004467639,0.00121368342879734,4.3212920060546,0.0923444129462016
4,JFXD,20,IPL-R,RT_Upright_pro_R,0.0742818630403293,0.0488203057639307,0.12310216880426,0.00110153981935822,0.00120473095222433,4.32192821446403,0.0929492370971588
4,JFXD,21,SPL-R,RT_Upright_pro_R,0.0572503341669524,0.0362362747168317,0.093486608883784,0.00102162643365106,0.00111921389752175,4.32754577987547,0.0949111092245524
4,JFXD,22,AG-R,RT_Upright_pro_R,0.0673362811663052,0.0707054268250009,0.138041707991306,0.00119347993681904,0.0012954047185197,4.31811497826287,0.0909349987193716
4,JFXD,23,mIPS-R,RT_Upright_pro_R,0.0623211040389506,0.0609569620680849,0.123278066107035,0.00123218370756829,0.00134773389435428,4.31593366887532,0.0935657767379424
4,JFXD,24,VIP-R,RT_Upright_pro_R,0.0725418147579366,0.0470012163552489,0.119543031113186,0.00113733288991694,0.00124757973326779,4.31994700360261,0.0929212692368513
4,JFXD,25,SPOC-R,RT_Upright_pro_R,0.0659402537166512,0.0442987929197179,0.110239046636369,0.00119143773065914,0.00131448077759263,4.31504546240812,0.0946228439137455
4,JFXD,26,S1-R,RT_Upright_pro_R,0.0385314044196703,0.0529800593406235,0.0915114637602938,0.000998139682114332,0.00109519031895149,4.32945347426657,0.0936607950263242
4,JFXD,27,M1-R,RT_Upright_pro_R,0.047423985319751,0.063609399650967,0.111033384970718,0.00102892921646706,0.00111696622978034,4.32772274138438,0.0924355948616658
4,JFXD,28,SMA-R,RT_Upright_pro_R,0.0509872033620714,0.0644800335107121,0.115467236872783,0.00105902217152416,0.00117020143617511,4.32471622556937,0.0927912228047707
4,JFXD,29,PMd-R,RT_Upright_pro_R,0.0331958317379354,0.0986305676543044,0.13182639939224,0.00110736361443667,0.00120693890701423,4.32232454293688,0.0928146133094833
4,JFXD,30,PMv-R,RT_Upright_pro_R,0.07323707237441,0.109063964293032,0.182301036667442,0.00131439597895378,0.00143122925204371,4.30868318666472,0.0896408418693041
4,JFXD,31,FEF-R,RT_Upright_pro_R,0.0682494051592821,0.0236460298432288,0.0918954350025109,0.000879675885494449,0.000958455808018165,4.33985511904474,0.0943479294434196
4,JFXD,32,POJ-R,RT_Upright_pro_R,0.0628594838504922,0.0708495546522156,0.133709038502708,0.00122546765530119,0.00134855459464168,4.31272893688244,0.0929484303214088
5,JZ,1,V1-L,RT_Upright_pro_R,0.0758005000491515,0.0753766252093983,0.15117712525855,0.00147756026562753,0.00159368743383879,4.54248631516917,0.11813342823872
5,JZ,2,V3-L,RT_Upright_pro_R,0.0781486680126301,0.0636384223002546,0.141787090312885,0.00135798152091989,0.00146826650834348,4.54654692286001,0.118537617374896
5,JZ,3,STS-L,RT_Upright_pro_R,0.0581430798048803,0.0250400871127458,0.0831831669176261,0.000995022714750392,0.00107458566986881,4.56803922301625,0.121519360803119
5,JZ,4,IPL-L,RT_Upright_pro_R,0.0680809607513855,0.152415640541324,0.220496601292709,0.00176004902961595,0.0018913713339695,4.52927513467098,0.115859017276965
5,JZ,5,SPL-L,RT_Upright_pro_R,0.0822866310246167,0.0553997384416297,0.137686369466246,0.00147631688889925,0.00159106750208107,4.54275223658173,0.119904129543155
5,JZ,6,AG-L,RT_Upright_pro_R,0.0599910046234301,0.0538106645994632,0.113801669222893,0.00121585383668428,0.00131276656232535,4.55551787165116,0.120590628856457
5,JZ,7,mIPS-L,RT_Upright_pro_R,0.0779814731100982,0.0640508383111705,0.142032311421269,0.00148800836812403,0.0016009515493893,4.5421277073879,0.118742531942469
5,JZ,8,VIP-L,RT_Upright_pro_R,0.129320001311176,0.0298482903860717,0.159168291697247,0.00133652643514923,0.00143693131521793,4.55100993924069,0.119547092169611
5,JZ,9,SPOC-L,RT_Upright_pro_R,0.0573180278820774,0.0936146695453646,0.150932697427442,0.00142049993774144,0.00153592436473988,4.54329547134447,0.117254023415875
5,JZ,10,S1-L,RT_Upright_pro_R,0.128707102542905,0.211919780620817,0.340626883163723,0.00221859936111826,0.00237145655870548,4.50756065664577,0.109784047836375
5,JZ,11,M1-L,RT_Upright_pro_R,0.0281920442796806,0.256859952517576,0.285051996797256,0.00186255502158565,0.00199793688875704,4.52282697802591,0.114637867805124
5,JZ,12,SMA-L,RT_Upright_pro_R,0.0351133682677376,0.0676486918586764,0.102762060126414,0.00111360621305427,0.00120066020320004,4.55991813320089,0.120974276444686
5,JZ,13,PMd-L,RT_Upright_pro_R,0.104562452707379,0.0768902345613149,0.181452687268694,0.00172635623139112,0.00186310375731672,4.52953570626142,0.11732102634118
5,JZ,14,PMv-L,RT_Upright_pro_R,0.0426955862798905,0.0586975680388198,0.10139315431871,0.00112479031804462,0.00121706670276265,4.55882079994738,0.120763026206344
5,JZ,15,FEF-L,RT_Upright_pro_R,0.0641882812622936,0.0499995918853749,0.114187873147668,0.00123296544002653,0.00133288388858098,4.5531541911441,0.119756325566714
5,JZ,16,POJ-L,RT_Upright_pro_R,0.0686247911325028,0.0711967761324238,0.139821567264927,0.0014420059334052,0.00155429138995822,4.54342785094045,0.118602892761575
5,JZ,17,V1-R,RT_Upright_pro_R,0.0705355813829142,0.0454385769370163,0.115974158319931,0.00122523012673723,0.00133204515489351,4.55222159212567,0.120137930968686
5,JZ,18,V3-R,RT_Upright_pro_R,0.0795118896717681,0.0641942028911474,0.143706092562915,0.0012670933608395,0.00137115177672633,4.54937866703748,0.11794387141576
5,JZ,19,STS-R,RT_Upright_pro_R,0.104204565076017,0.0302380847333231,0.13444264980934,0.00116291681157511,0.00126321031495903,4.55630075598785,0.118544894241187
5,JZ,20,IPL-R,RT_Upright_pro_R,0.0775343760792575,0.0395584932499919,0.117092869329249,0.00123474861297072,0.00134521235325422,4.55390756735995,0.120519744992988
5,JZ,21,SPL-R,RT_Upright_pro_R,0.0988101787576118,0.109229174386939,0.20803935314455,0.00188400198615677,0.0020400998962772,4.51822175783724,0.114930771591105
5,JZ,22,AG-R,RT_Upright_pro_R,0.0813511516528445,0.0612071646234773,0.142558316276322,0.00155403918403615,0.00168972704558405,4.53675374529575,0.120292700033133
5,JZ,23,mIPS-R,RT_Upright_pro_R,0.0578954769085949,0.0731915859930687,0.131087062901664,0.00123855684361989,0.00134386322843893,4.55218660639609,0.117378228926562
5,JZ,24,VIP-R,RT_Upright_pro_R,0.118112519033244,0.0535011333734392,0.171613652406684,0.00151852940635162,0.0016474234335764,4.53908388116608,0.118541331945798
5,JZ,25,SPOC-R,RT_Upright_pro_R,0.0980736985635795,0.107199700662192,0.205273399225772,0.00166215092189833,0.00178946419289549,4.53124977745607,0.114685553882675
5,JZ,26,S1-R,RT_Upright_pro_R,0.0738156738241712,0.0724253824724415,0.146241056296613,0.00135893383774215,0.00146731865872185,4.54610882811435,0.118163506072609
5,JZ,27,M1-R,RT_Upright_pro_R,0.0813856455411522,0.05578899970863,0.137174645249782,0.00132650474284583,0.00143501256598181,4.54869900946355,0.118802423333687
5,JZ,28,SMA-R,RT_Upright_pro_R,0.0852459338539053,0.0426335331424389,0.127879466996344,0.00135102404266068,0.00146095635996007,4.54714450477228,0.119947516678587
5,JZ,29,PMd-R,RT_Upright_pro_R,0.0657636908856464,0.0864029237288638,0.15216661461451,0.00140549810003852,0.00151833281712819,4.54531879555243,0.117683667333108
5,JZ,30,PMv-R,RT_Upright_pro_R,0.0383429542503467,0.0491266767394843,0.087469630989831,0.00100984874008126,0.00109527356210347,4.56641847902337,0.121223703245196
5,JZ,31,FEF-R,RT_Upright_pro_R,0.0617716852196638,0.0427818673774693,0.104553552597133,0.00105078790790085,0.00113711313117375,4.56363576379396,0.120173758148969
5,JZ,32,POJ-R,RT_Upright_pro_R,0.075090600559642,0.0872745222198477,0.16236512277949,0.00150803818583405,0.00162724497194593,4.53834758849187,0.117320946480295
6,LT,1,V1-L,RT_Upright_pro_R,0.0299013305601565,0.0586532881687139,0.0885546187288704,0.000965964368442118,0.00103354533810685,4.45144189265687,0.0911194499095683
6,LT,2,V3-L,RT_Upright_pro_R,0.0431742798631957,0.0691995572519915,0.112373837115187,0.00124222445058328,0.00132922368078822,4.43270527071612,0.0907520376445348
6,LT,3,STS-L,RT_Upright_pro_R,0.0678818488142459,0.036947176105134,0.10482902491938,0.00109195575458399,0.00116863331062223,4.44162449045595,0.0903106689065382
6,LT,4,IPL-L,RT_Upright_pro_R,0.0889878563223824,0.0971335716622918,0.186121427984674,0.00152070240050973,0.00161500818369523,4.42223826621851,0.0880215274879798
6,LT,5,SPL-L,RT_Upright_pro_R,0.0326495396141609,0.073176443468608,0.105825983082769,0.00111525619104333,0.00119710296613193,4.44026193035638,0.0908383845177055
6,LT,6,AG-L,RT_Upright_pro_R,0.0886641915837286,0.047710832929835,0.136375024513564,0.0013196266208497,0.00140795396128479,4.42855876640004,0.0892387019852926
6,LT,7,mIPS-L,RT_Upright_pro_R,0.0411451579948809,0.058988044668408,0.100133202663289,0.00114309555023836,0.0012222114133357,4.43832731158243,0.0899108424720377
6,LT,8,VIP-L,RT_Upright_pro_R,0.113233875975873,0.0685635058299087,0.181797381805782,0.00149192627491364,0.00158315086020068,4.42361582985745,0.0874319045624397
6,LT,9,SPOC-L,RT_Upright_pro_R,0.0729809099575879,0.0450557223733945,0.118036632330982,0.00116181106920499,0.00124433739816779,4.43683505352987,0.0899658267483731
6,LT,10,S1-L,RT_Upright_pro_R,0.102074486975385,0.123090087025482,0.225164574000868,0.00177535537905655,0.00188726844874176,4.40816833501188,0.0859757718843856
6,LT,11,M1-L,RT_Upright_pro_R,0.090877136698993,0.064166582546679,0.155043719245672,0.00133179725965025,0.0014159854435954,4.43065024887359,0.0875293200158554
6,LT,12,SMA-L,RT_Upright_pro_R,0.0558648817207935,0.13129076794467,0.187155649665464,0.00152514663297671,0.00162675408976265,4.42009228555347,0.0870112231048278
6,LT,13,PMd-L,RT_Upright_pro_R,0.0430208599710419,0.0622979409935704,0.105318800964612,0.00126843906593174,0.00135722147659643,4.43316848967668,0.0911844377974981
6,LT,14,PMv-L,RT_Upright_pro_R,0.0471512539346154,0.05667159129714,0.103822845231755,0.00118794389382381,0.00126851514030255,4.43778062566315,0.0901008529510627
6,LT,15,FEF-L,RT_Upright_pro_R,0.0828071222166849,0.0586371836316034,0.141444305848288,0.00137261096060555,0.00146211700423136,4.42679959521822,0.0883714434590127
6,LT,16,POJ-L,RT_Upright_pro_R,0.0591025668015128,0.0286139083564138,0.0877164751579266,0.000794412909380159,0.000845703810049626,4.46155116996865,0.0905970064109842
6,LT,17,V1-R,RT_Upright_pro_R,0.0345247002686123,0.0852063478167443,0.119731048085357,0.00115442073260716,0.00123968608058208,4.43779865585862,0.0902173932569473
6,LT,18,V3-R,RT_Upright_pro_R,0.0679995149172073,0.0695818776931725,0.13758139261038,0.00140685467885988,0.00150510593456377,4.42352038228178,0.0888479996810174
6,LT,19,STS-R,RT_Upright_pro_R,0.0706838397859193,0.0440600705167569,0.114743910302676,0.00120154974865732,0.00128202886452274,4.43554096355786,0.090098539081022
6,LT,20,IPL-R,RT_Upright_pro_R,0.0553542015391628,0.0363619874475458,0.0917161889867086,0.00106436802533777,0.0011379208742178,4.44407635248448,0.0910425487027016
6,LT,21,SPL-R,RT_Upright_pro_R,0.0266614846399683,0.058773780352765,0.0854352649927332,0.000957908307126464,0.00102922089929857,4.44890670801083,0.0914314948330832
6,LT,22,AG-R,RT_Upright_pro_R,0.0812982910113991,0.0359798503481466,0.117278141359546,0.00124956223892999,0.00133725078759455,4.4323923752589,0.0898867908715942
6,LT,23,mIPS-R,RT_Upright_pro_R,0.0617411977766679,0.0367669699599409,0.0985081677366087,0.00109223454350105,0.00116509731288287,4.44251019192891,0.0910152066465161
6,LT,24,VIP-R,RT_Upright_pro_R,0.0508787245914734,0.0403670813627743,0.0912458059542477,0.00104392949254817,0.00111652892642504,4.44474016884908,0.0908480158739146
6,LT,25,SPOC-R,RT_Upright_pro_R,0.0568972464691433,0.0624430452335124,0.119340291702656,0.00119573243856945,0.00127482589594531,4.43546954325735,0.0894903317255353
6,LT,26,S1-R,RT_Upright_pro_R,0.0593964523155422,0.032798367295684,0.0921948196112261,0.00110228103608983,0.0011767207051022,4.44242765325736,0.0908819221543888
6,LT,27,M1-R,RT_Upright_pro_R,0.0393916688940252,0.0437032331211931,0.0830949020152183,0.000999472543550456,0.00106831001867232,4.44852334349364,0.0916590475811818
6,LT,28,SMA-R,RT_Upright_pro_R,0.03332801501934,0.10818959358272,0.14151760860206,0.00134131335884948,0.001437464759193,4.42735661307455,0.0894300635322238
6,LT,29,PMd-R,RT_Upright_pro_R,0.0336679744150332,0.0442077543307619,0.0778757287457951,0.000943638115577742,0.0010061499944293,4.45054250471224,0.091857153581675
6,LT,30,PMv-R,RT_Upright_pro_R,0.0692091298573873,0.0536330372466444,0.122842167104032,0.0013542479990699,0.00144899475073421,4.42650411922701,0.0902142869140631
6,LT,31,FEF-R,RT_Upright_pro_R,0.0604781134350269,0.0483422550876645,0.108820368522691,0.00115353675109831,0.00123112494076552,4.43988859354337,0.0899057976929387
6,LT,32,POJ-R,RT_Upright_pro_R,0.0586151247739288,0.0390315230652041,0.0976466478391329,0.00103999562051956,0.00111057305212694,4.44498759911267,0.0913095306123127
7,NvA,1,V1-L,RT_Upright_pro_R,0.0524711286981586,0.0669518293040575,0.119422958002216,0.00144963746418229,0.00156825072436762,4.65597167773563,0.159777500629728
7,NvA,2,V3-L,RT_Upright_pro_R,0.0837283567338184,0.0868617276149856,0.170590084348804,0.00170145398225304,0.00183612597105397,4.64359511796246,0.15758191452097
7,NvA,3,STS-L,RT_Upright_pro_R,0.0625794764397677,0.0592277440043833,0.121807220444151,0.00137415256016527,0.00148343461020277,4.65781471310424,0.160996743714895
7,NvA,4,IPL-L,RT_Upright_pro_R,0.0710109445451563,0.119573898956815,0.190584843501971,0.00161386199521753,0.00174221888123704,4.64666752475795,0.157595660472325
7,NvA,5,SPL-L,RT_Upright_pro_R,0.0843714698299844,0.096431575639233,0.180803045469217,0.00159408907002958,0.00170955663457479,4.64625147980821,0.155816119081889
7,NvA,6,AG-L,RT_Upright_pro_R,0.100765657469648,0.05618684260698,0.156952500076628,0.00157787016272059,0.00170271358592132,4.64714045476628,0.15802888749485
7,NvA,7,mIPS-L,RT_Upright_pro_R,0.100112012083989,0.05541005921849,0.155522071302479,0.00147815683061854,0.00159940645070173,4.65234036675824,0.157256153450005
7,NvA,8,VIP-L,RT_Upright_pro_R,0.120262789648576,0.0784301341737294,0.198692923822305,0.00192076382959489,0.00207778055219442,4.63194680706883,0.156788003187824
7,NvA,9,SPOC-L,RT_Upright_pro_R,0.11522603521115,0.11997444983874,0.23520048504989,0.00198097957074841,0.00212673762332837,4.62933119050173,0.150268997881721
7,NvA,10,S1-L,RT_Upright_pro_R,0.101528378288379,0.085397613392678,0.186925991681057,0.00153373348096057,0.00164686631202723,4.64906203844427,0.155857498378215
7,NvA,11,M1-L,RT_Upright_pro_R,0.0398906901477573,0.105840262872333,0.14573095302009,0.00140338727885221,0.0015193101930545,4.65602185468015,0.159003094384476
7,NvA,12,SMA-L,RT_Upright_pro_R,0.0388992970973621,0.0326474397050419,0.071546736802404,0.000964441216369436,0.00103602842025916,4.68026596945274,0.162920337721418
7,NvA,13,PMd-L,RT_Upright_pro_R,0.0446686509724669,0.0602889088180851,0.104957559790552,0.00122358512705067,0.00132103181422878,4.66483726431653,0.160651910745482
7,NvA,14,PMv-L,RT_Upright_pro_R,0.0385049757324722,0.0667620463692336,0.105267022101706,0.00123445528949097,0.00132588524802449,4.6650102156272,0.161241548000865
7,NvA,15,FEF-L,RT_Upright_pro_R,0.0653925917379939,0.0361406103555839,0.101533202093578,0.00125800162556634,0.00135153951331992,4.66416680021193,0.162495660869462
7,NvA,16,POJ-L,RT_Upright_pro_R,0.0666323131911765,0.098037498523296,0.164669811714473,0.00152787535579378,0.00164828650137705,4.65089960927097,0.15429085311117
7,NvA,17,V1-R,RT_Upright_pro_R,0.0738632449554336,0.0822969549571181,0.156160199912552,0.00154047051298537,0.00165969046581443,4.65177767757203,0.157483257759051
7,NvA,18,V3-R,RT_Upright_pro_R,0.118254669071313,0.100875231000711,0.219129900072024,0.00187293938723005,0.00201713757315894,4.6369045523133,0.151601743243205
7,NvA,19,STS-R,RT_Upright_pro_R,0.0922417429140935,0.0591869604894193,0.151428703403513,0.00137553964776016,0.00147512148803008,4.65780358475021,0.156915241161021
7,NvA,20,IPL-R,RT_Upright_pro_R,0.0743493928436939,0.119639880112972,0.193989272956666,0.00174429501215351,0.00187012546432762,4.64126357500218,0.155418386427706
7,NvA,21,SPL-R,RT_Upright_pro_R,0.166903848810188,0.131609465470682,0.29851331428087,0.00216739161532158,0.00233020557779217,4.62218934134219,0.145989151065695
7,NvA,22,AG-R,RT_Upright_pro_R,0.115339212171302,0.132472638304208,0.247811850475509,0.00187819078561945,0.00200521884881062,4.63463060539574,0.146093220757954
7,NvA,23,mIPS-R,RT_Upright_pro_R,0.105707588696832,0.0999700710858646,0.205677659782696,0.0020095167720186,0.00218427041705614,4.63066086409884,0.156906514312061
7,NvA,24,VIP-R,RT_Upright_pro_R,0.064482559452742,0.135603258488507,0.200085817941249,0.00175001425830252,0.00187676879305771,4.63995808014878,0.154322187539344
7,NvA,25,SPOC-R,RT_Upright_pro_R,0.223376403293004,0.141349181138494,0.364725584431498,0.00267387719041999,0.00288112819033,4.60150337770945,0.143016544200694
7,NvA,26,S1-R,RT_Upright_pro_R,0.087118748480876,0.0954108154578472,0.182529563938723,0.00178173124063395,0.00191666774055538,4.63786815090219,0.154872158802185
7,NvA,27,M1-R,RT_Upright_pro_R,0.121292728393818,0.0531004332212234,0.174393161615042,0.00178780337320109,0.00193049566979853,4.63877979128277,0.158860036597975
7,NvA,28,SMA-R,RT_Upright_pro_R,0.0482578775460997,0.0596243151501356,0.107882192696235,0.0013575939373144,0.0014659304772887,4.65735698158001,0.161913928765835
7,NvA,29,PMd-R,RT_Upright_pro_R,0.0471555958728992,0.060205179423124,0.107360775296023,0.00119332180588121,0.00128364584614718,4.6663336453871,0.161151302029795
7,NvA,30,PMv-R,RT_Upright_pro_R,0.0319936294298596,0.0870283574222734,0.119021986852133,0.00127866833780506,0.00138942962566032,4.66130073149793,0.161097746503733
7,NvA,31,FEF-R,RT_Upright_pro_R,0.0556630539320892,0.0936240220150067,0.149287075947096,0.00174390772719022,0.00188656910016237,4.63924503490395,0.159748727666187
7,NvA,32,POJ-R,RT_Upright_pro_R,0.155002154113959,0.0908878126748074,0.245889966788767,0.00181037324554754,0.0019341121090317,4.63753203120811,0.149049733674678
8,RR,1,V1-L,RT_Upright_pro_R,0.109620564578783,0.061821638788933,0.171442203367716,0.00168296521178255,0.00182520034492865,4.72087037271439,0.156403817322609
8,RR,2,V3-L,RT_Upright_pro_R,0.0683659892031225,0.0952650141428999,0.163631003346022,0.00174847311969801,0.00190447150316253,4.71615880808748,0.154823297373711
8,RR,3,STS-L,RT_Upright_pro_R,0.0633188028721976,0.0510199215038754,0.114338724376073,0.00129774044528343,0.00140647846262157,4.73760719808779,0.15954107615914
8,RR,4,IPL-L,RT_Upright_pro_R,0.0707709450257899,0.0660542424278345,0.136825187453624,0.00144678544806885,0.00156962905885059,4.72953041526458,0.159479788738337
8,RR,5,SPL-L,RT_Upright_pro_R,0.0638541520924338,0.0782254245766971,0.142079576669131,0.0014489431568453,0.0015678859872543,4.73072568831844,0.157919632287304
8,RR,6,AG-L,RT_Upright_pro_R,0.0774875646627306,0.094378161174721,0.171865725837452,0.00155995926268833,0.0016901248140429,4.72373272711926,0.156953505794245
8,RR,7,mIPS-L,RT_Upright_pro_R,0.0722256273636535,0.0701047866874752,0.142330414051129,0.00168834500767028,0.00183582169751225,4.71984403731884,0.159874771338072
8,RR,8,VIP-L,RT_Upright_pro_R,0.114765271308531,0.0500954228513776,0.164860694159908,0.00153229936602718,0.00166938538669904,4.72524859218863,0.158678627595938
8,RR,9,SPOC-L,RT_Upright_pro_R,0.0906115576472172,0.09478547030396,0.185397027951177,0.00189409405737797,0.00206716261164409,4.71100878662299,0.157553031755424
8,RR,10,S1-L,RT_Upright_pro_R,0.0812303679483959,0.0869617954610212,0.168192163409417,0.00173890551942524,0.00188878818194049,4.71706323856226,0.158780406035814
8,RR,11,M1-L,RT_Upright_pro_R,0.107165817335538,0.0581722892954485,0.165338106630987,0.00152138848189126,0.00164452412711546,4.72645179308958,0.158443284395569
8,RR,12,SMA-L,RT_Upright_pro_R,0.0702739200117033,0.109063328135299,0.179337248147002,0.00185029147997243,0.00200759464800725,4.71158561537955,0.156958453961625
8,RR,13,PMd-L,RT_Upright_pro_R,0.0787485281323905,0.140893431887635,0.219641960020026,0.00201493095980014,0.00219511787348063,4.70296950869629,0.156820102813756
8,RR,14,PMv-L,RT_Upright_pro_R,0.0691336390024578,0.0795597735220297,0.148693412524487,0.0015945795330636,0.00173456523140239,4.72289491937147,0.159020822041475
8,RR,15,FEF-L,RT_Upright_pro_R,0.108501857056865,0.0740552823403412,0.182557139397207,0.00200915455963873,0.00219066557374254,4.70513517584501,0.158078904781221
8,RR,16,POJ-L,RT_Upright_pro_R,0.0643526668474421,0.137210191619596,0.201562858467038,0.00168130808813478,0.00183041755553944,4.71781464423247,0.155661928357309
8,RR,17,V1-R,RT_Upright_pro_R,0.128544194616514,0.0945702922726361,0.22311448688915,0.00210472988545943,0.00228261291105711,4.70326517720136,0.15441169129797
8,RR,18,V3-R,RT_Upright_pro_R,0.153982156904001,0.0961717344022267,0.250153891306228,0.00222196233408018,0.00241237678558541,4.69595626422819,0.153048616297665
8,RR,19,STS-R,RT_Upright_pro_R,0.0587774174804373,0.0581010913308505,0.116878508811288,0.00156796441153326,0.00170674278071095,4.72554350632524,0.160955056234441
8,RR,20,IPL-R,RT_Upright_pro_R,0.101393949528955,0.0795407074467185,0.180934656975674,0.00167751628506743,0.00181706173229844,4.71985052709694,0.155178981049326
8,RR,21,SPL-R,RT_Upright_pro_R,0.0727672303122112,0.123840445743194,0.196607676055406,0.0016541538596444,0.00179537355630511,4.72286307096338,0.155907299929129
8,RR,22,AG-R,RT_Upright_pro_R,0.10091200403689,0.182586857808948,0.283498861845838,0.00199045581121898,0.00214705308598987,4.70412583675995,0.149311398204733
8,RR,23,mIPS-R,RT_Upright_pro_R,0.0645011335028254,0.125926058175601,0.190427191678426,0.0017742215872364,0.0019268748047623,4.71580379225037,0.154164153975805
8,RR,24,VIP-R,RT_Upright_pro_R,0.185938810856037,0.0728610558022506,0.258799866658288,0.00206769616652901,0.00225032802980387,4.7030776569765,0.153586547992657
8,RR,25,SPOC-R,RT_Upright_pro_R,0.149736231008113,0.194920885379193,0.344657116387306,0.00253612897192768,0.00274223400966771,4.68287781465637,0.143708666378287
8,RR,26,S1-R,RT_Upright_pro_R,0.103849623910855,0.0705246685305266,0.174374292441381,0.00180764672251479,0.00196319463000022,4.71576524241047,0.157180752477746
8,RR,27,M1-R,RT_Upright_pro_R,0.14029105774924,0.101018265383619,0.24130932313286,0.00223836911373583,0.00241420581669984,4.69536398214422,0.149568366539663
8,RR,28,SMA-R,RT_Upright_pro_R,0.0609898140860714,0.112579886156552,0.173569700242624,0.00176166637227062,0.00190666053917641,4.71531737540749,0.157828029417513
8,RR,29,PMd-R,RT_Upright_pro_R,0.0793928446014061,0.0804856151482888,0.159878459749695,0.00145051573803044,0.00157030075439412,4.72958533392929,0.155609092846166
8,RR,30,PMv-R,RT_Upright_pro_R,0.0418164282416656,0.0459799482905918,0.0877963765322574,0.00120370275569781,0.00130094654800652,4.74400184749153,0.161358563490097
8,RR,31,FEF-R,RT_Upright_pro_R,0.0651386707127731,0.0437047772784681,0.108843447991241,0.00124408103842864,0.00134969613441633,4.73960927096195,0.160164693848965
8,RR,32,POJ-R,RT_Upright_pro_R,0.142231193993304,0.130211568761742,0.272442762755046,0.00201544555823023,0.00217679551355958,4.70489656273162,0.151150845148589
9,SJB,1,V1-L,RT_Upright_pro_R,0.0718198749488559,0.0785260841539021,0.150345959102758,0.00140638386134837,0.00151722204069496,4.67925695289338,0.146320431979411
9,SJB,2,V3-L,RT_Upright_pro_R,0.10457155431504,0.108717154712981,0.213288709028022,0.00187641886167685,0.00202872512010436,4.65684834687906,0.14321365572548
9,SJB,3,STS-L,RT_Upright_pro_R,0.0843551363282937,0.0791458307993902,0.163500967127684,0.00154507457506183,0.00168318022135256,4.66984988548614,0.145501152033078
9,SJB,4,IPL-L,RT_Upright_pro_R,0.0692354901140118,0.0802349672795672,0.149470457393579,0.00157026481312048,0.00170383349360258,4.6715779862572,0.148446646458622
9,SJB,5,SPL-L,RT_Upright_pro_R,0.075806229540838,0.0953307103867392,0.171136939927577,0.00171890710688952,0.00186141645225289,4.66533527913118,0.1469711746085
9,SJB,6,AG-L,RT_Upright_pro_R,0.0716631382442562,0.134208087324218,0.205871225568474,0.00193648281101374,0.00210270875803755,4.65375105894566,0.144838553515388
9,SJB,7,mIPS-L,RT_Upright_pro_R,0.0818306662594186,0.0822369530576803,0.164067619317099,0.0017011625150854,0.00184250623463591,4.66635825471352,0.147444670090147
9,SJB,8,VIP-L,RT_Upright_pro_R,0.128575775964441,0.0746756377010288,0.203251413665469,0.00193927997451183,0.00210951621316702,4.65457955822378,0.145845110014288
9,SJB,9,SPOC-L,RT_Upright_pro_R,0.115375232477931,0.136521428486892,0.251896660964823,0.0023009274901081,0.00249819320990388,4.63844454035372,0.14350881617979
9,SJB,10,S1-L,RT_Upright_pro_R,0.114041423040657,0.0899878013516497,0.204029224392306,0.00180094145662707,0.00196239466632948,4.65801319824955,0.145540494345407
9,SJB,11,M1-L,RT_Upright_pro_R,0.0550028417301408,0.0960675120244925,0.151070353754633,0.00137427659887521,0.00148449177186931,4.67946240745493,0.148195603059748
9,SJB,12,SMA-L,RT_Upright_pro_R,0.0363068456869808,0.0705906223145047,0.106897468001485,0.00137187561232007,0.00149344721090046,4.68018135295741,0.151009727889873
9,SJB,13,PMd-L,RT_Upright_pro_R,0.0532251327629088,0.057554475737415,0.110779608500324,0.00115880483874891,0.00125147063526435,4.69150939257261,0.149973245012438
9,SJB,14,PMv-L,RT_Upright_pro_R,0.0635587400445532,0.0498448148276627,0.113403554872216,0.00141984396050768,0.00154878760528805,4.67683161239207,0.150696728936193
9,SJB,15,FEF-L,RT_Upright_pro_R,0.0609286571181904,0.0684679803865273,0.129396637504718,0.00135623706276883,0.00147829572580573,4.68022461046637,0.149604854949698
9,SJB,16,POJ-L,RT_Upright_pro_R,0.0831814242364699,0.113507407988455,0.196688832224925,0.00196065205917631,0.00213304097975253,4.65348244117079,0.146422780331094
9,SJB,17,V1-R,RT_Upright_pro_R,0.086596778936334,0.0612812986662975,0.147878077602631,0.00150928392481264,0.00164697609190632,4.67421565883494,0.149190629987889
9,SJB,18,V3-R,RT_Upright_pro_R,0.101718477776684,0.0689989901338622,0.170717467910546,0.00170267314120386,0.00184768568963317,4.66533169484341,0.14689280810694
9,SJB,19,STS-R,RT_Upright_pro_R,0.0627010238663095,0.0553045662094981,0.118005590075808,0.00132905473827374,0.00144398043538987,4.68226721835284,0.149845010443356
9,SJB,20,IPL-R,RT_Upright_pro_R,0.144378550222126,0.0567832157257862,0.201161765947912,0.00172452185964938,0.00187693066859958,4.66449414636915,0.144964414879829
9,SJB,21,SPL-R,RT_Upright_pro_R,0.0818526460226573,0.122996994360328,0.204849640382985,0.00186207461729894,0.00202262692851605,4.65967815547671,0.145841049365691
9,SJB,22,AG-R,RT_Upright_pro_R,0.112826458196005,0.110311640683619,0.223138098879624,0.00180662027160124,0.00195387758615719,4.65985071020232,0.143989524065862
9,SJB,23,mIPS-R,RT_Upright_pro_R,0.087599612240479,0.0829139197724219,0.170513532012901,0.00158089255959529,0.00171137943364215,4.67252389159461,0.143849999700216
9,SJB,24,VIP-R,RT_Upright_pro_R,0.154442109003174,0.0595685794540615,0.214010688457236,0.00165937340240823,0.00179482515136985,4.66869536654571,0.143467206170451
9,SJB,25,SPOC-R,RT_Upright_pro_R,0.125616149216598,0.116414120412069,0.242030269628667,0.00187453319770532,0.00204136723149351,4.65488420199468,0.141102214547728
9,SJB,26,S1-R,RT_Upright_pro_R,0.154318716662338,0.120674190340461,0.274992907002799,0.00188551083376368,0.00204354253563359,4.65405626253364,0.141188581120829
9,SJB,27,M1-R,RT_Upright_pro_R,0.105682659832138,0.152153275998784,0.257835935830922,0.00192044877938711,0.0020868000064936,4.65212565484464,0.141691199618723
9,SJB,28,SMA-R,RT_Upright_pro_R,0.0426331192450165,0.0811313504172119,0.123764469662228,0.00143992596382991,0.00156670084200411,4.67655535221147,0.149956523699402
9,SJB,29,PMd-R,RT_Upright_pro_R,0.0363974145509239,0.070931233555128,0.107328648106052,0.00120382843061154,0.00130467689778765,4.68964249559594,0.15052789055974
9,SJB,30,PMv-R,RT_Upright_pro_R,0.0491912052693243,0.0740911213330352,0.123282326602359,0.00133086506657544,0.00145042992048213,4.68107096430459,0.149176365561544
9,SJB,31,FEF-R,RT_Upright_pro_R,0.0735546781917615,0.0687656225011903,0.142320300692952,0.00151027381992784,0.00163937324256451,4.67257249897092,0.148655934631126
9,SJB,32,POJ-R,RT_Upright_pro_R,0.123302843325467,0.0943530172734627,0.217655860598929,0.00190247410093669,0.00206961267755076,4.65701439222708,0.144645762905205
10,BG,1,V1-L,RT_Upright_pro_R,0.107830743821147,0.0462450492564738,0.154075793077621,0.0013282604717435,0.00145054320416486,4.49985911042433,0.111042877554565
10,BG,2,V3-L,RT_Upright_pro_R,0.0412860511402423,0.0626426224431365,0.103928673583379,0.001160094795018,0.00126560993376415,4.50972337486405,0.114207851998731
10,BG,3,STS-L,RT_Upright_pro_R,0.0593992108361935,0.0804455633006196,0.139844774136813,0.00129714649594826,0.00141054710209456,4.50196408835761,0.110985681864303
10,BG,4,IPL-L,RT_Upright_pro_R,0.051164880830332,0.0512458375817454,0.102410718412077,0.00103239030703514,0.00112456251569525,4.51697824779356,0.114443362730916
10,BG,5,SPL-L,RT_Upright_pro_R,0.0870662971657565,0.0410184219851737,0.12808471915093,0.00132394514135728,0.0014436066149521,4.50157518596615,0.11353355190622
10,BG,6,AG-L,RT_Upright_pro_R,0.0862426468691004,0.0783087879690872,0.164551434838188,0.00162278030509545,0.00177653192042979,4.48457102368822,0.112027060721579
10,BG,7,mIPS-L,RT_Upright_pro_R,0.0386592381079415,0.0733076049565452,0.111966843064487,0.00104587554419667,0.00113569609675299,4.51654755410269,0.113381334062705
10,BG,8,VIP-L,RT_Upright_pro_R,0.0911431248378774,0.0744224380919915,0.165565562929869,0.00153774608650097,0.00167729504040877,4.48818956373875,0.111982955460532
10,BG,9,SPOC-L,RT_Upright_pro_R,0.0755903288224498,0.0604910866153978,0.136081415437848,0.00142231838061208,0.00155821412977454,4.49397852291118,0.112963479307183
10,BG,10,S1-L,RT_Upright_pro_R,0.138936908116736,0.0491828757083497,0.188119783825086,0.00156103940975083,0.00169743325110157,4.48787186294301,0.11089826053706
10,BG,11,M1-L,RT_Upright_pro_R,0.0934288220663891,0.0590847797728717,0.152513601839261,0.00137390121736661,0.00149300589895202,4.49866912749062,0.112933949162592
10,BG,12,SMA-L,RT_Upright_pro_R,0.0448299842592889,0.0609336583763954,0.105763642635684,0.00115863268855101,0.00125854654521287,4.50992092213321,0.1141515495339
10,BG,13,PMd-L,RT_Upright_pro_R,0.0275420541770642,0.094412791620932,0.121954845797996,0.00116919406160892,0.00127571534624881,4.50885193708054,0.114284024666836
10,BG,14,PMv-L,RT_Upright_pro_R,0.0705691672841624,0.0350594407422616,0.105628608026424,0.00109046504355133,0.00119044669640991,4.51413448913264,0.113686104512763
10,BG,15,FEF-L,RT_Upright_pro_R,0.0495995205919992,0.0576850591757911,0.10728457976779,0.00115480744497286,0.00126214697986062,4.50954098385059,0.114356278297159
10,BG,16,POJ-L,RT_Upright_pro_R,0.0415794427861894,0.0604207156449281,0.102000158431117,0.00105241601126127,0.00114958735886185,4.51590675695541,0.113850032849638
10,BG,17,V1-R,RT_Upright_pro_R,0.0485424274583881,0.0809033727551721,0.12944580021356,0.0012636899969294,0.00138570745480446,4.5024266466317,0.112860523648217
10,BG,18,V3-R,RT_Upright_pro_R,0.0654530374261029,0.0414730444869181,0.106926081913021,0.00106476054720365,0.00116310214085962,4.51559263261436,0.11353645210309
10,BG,19,STS-R,RT_Upright_pro_R,0.0759481208153923,0.0563034530652359,0.132251573880628,0.00128085343525845,0.00138960928433452,4.50209032622009,0.112545744936588
10,BG,20,IPL-R,RT_Upright_pro_R,0.0670440545931296,0.0843690472950763,0.151413101888206,0.00136786925813845,0.00149269658187689,4.49939485851475,0.112085193607718
10,BG,21,SPL-R,RT_Upright_pro_R,0.0983730700429321,0.0750555823734747,0.173428652416407,0.00161699719301887,0.00176532757432677,4.48632914205668,0.111504144415909
10,BG,22,AG-R,RT_Upright_pro_R,0.0702877427391691,0.0616589776245348,0.131946720363704,0.00125907123600732,0.0013756702977013,4.50470527946785,0.113181800879341
10,BG,23,mIPS-R,RT_Upright_pro_R,0.0916427402941018,0.0684854279551586,0.16012816824926,0.00145952277157842,0.0015874436890107,4.49366414770832,0.11127295195287
10,BG,24,VIP-R,RT_Upright_pro_R,0.0518667156891984,0.102563025701975,0.154429741391173,0.0013859638003112,0.00151062396747705,4.49880483371548,0.112230755215438
10,BG,25,SPOC-R,RT_Upright_pro_R,0.094423695563943,0.0812827826366412,0.175706478200584,0.00154553543643492,0.00168452920308733,4.48882921590278,0.110758203215728
10,BG,26,S1-R,RT_Upright_pro_R,0.0579397571425176,0.101329806943529,0.159269564086046,0.00162442040463598,0.00177560037303519,4.48521840427986,0.11306348702053
10,BG,27,M1-R,RT_Upright_pro_R,0.0763799948615873,0.119262741798978,0.195642736660565,0.00159943493958158,0.00174921604074752,4.48519422510921,0.109719638608843
10,BG,28,SMA-R,RT_Upright_pro_R,0.0442791185038126,0.0799880829613149,0.124267201465128,0.00130926380813686,0.00142214385693112,4.50214055984017,0.113582783837223
10,BG,29,PMd-R,RT_Upright_pro_R,0.0442836175065241,0.0845105782128781,0.128794195719402,0.00107428687986496,0.00117400809116828,4.51421548995424,0.111398476538156
10,BG,30,PMv-R,RT_Upright_pro_R,0.0519093476774907,0.0812527016718529,0.133162049349344,0.00132275137869273,0.00144856001937671,4.49850904004042,0.1124929261601
10,BG,31,FEF-R,RT_Upright_pro_R,0.0890731920467761,0.0388129549396554,0.127886146986431,0.00109245022685399,0.00119843398673091,4.51221246153054,0.11229290514726
10,BG,32,POJ-R,RT_Upright_pro_R,0.0868991953821062,0.0770559357919469,0.163955131174053,0.00145058627098178,0.00159167115535832,4.49353967626001,0.11138184183167
1,DOC,1,V1-L,RT_Upright_anti_L,0.0581067359477509,0.0362529271372882,0.0943596630850391,0.000960902128729695,0.00103184347559083,4.34920537417131,0.0857351763528211
1,DOC,2,V3-L,RT_Upright_anti_L,0.0962748218968709,0.0216599148176772,0.117934736714548,0.00103908679400541,0.00111907783313744,4.34313519516452,0.0847063677175226
1,DOC,3,STS-L,RT_Upright_anti_L,0.0345116296486774,0.0228627012930625,0.0573743309417399,0.000761512300035249,0.000816629658138608,4.36292780752403,0.0866617114034354
1,DOC,4,IPL-L,RT_Upright_anti_L,0.0689448377691456,0.090094961045375,0.159039798814521,0.00127560241845699,0.00136428774301037,4.33130061694167,0.0827520279516694
1,DOC,5,SPL-L,RT_Upright_anti_L,0.0789160046269502,0.0470755620800768,0.125991566707027,0.00119628691684482,0.00127834402636871,4.3362650653257,0.0836521117844915
1,DOC,6,AG-L,RT_Upright_anti_L,0.0588460066265448,0.0252726145919815,0.0841186212185262,0.000931683297137519,0.000995408845895207,4.35274200809833,0.0860989725674231
1,DOC,7,mIPS-L,RT_Upright_anti_L,0.0800077669096464,0.0397106379399102,0.119718404849557,0.00121369036177809,0.00129901362034065,4.33516681942315,0.0841105638598554
1,DOC,8,VIP-L,RT_Upright_anti_L,0.122059183952216,0.0615904482857649,0.183649632237981,0.0014518816201589,0.00155599700237803,4.32095068034658,0.0817731745399197
1,DOC,9,SPOC-L,RT_Upright_anti_L,0.063950286549176,0.058961608452261,0.122911895001437,0.00111699369241301,0.00119417557444555,4.33916682557975,0.0839310873983519
1,DOC,10,S1-L,RT_Upright_anti_L,0.0886894502159506,0.0970170982624297,0.18570654847838,0.00130773325297096,0.0013903164520359,4.32910325555179,0.0804562812910011
1,DOC,11,M1-L,RT_Upright_anti_L,0.0344374606270208,0.0880881521506234,0.122525612777644,0.00107380439348378,0.0011425829239958,4.34471982550232,0.0843960519068147
1,DOC,12,SMA-L,RT_Upright_anti_L,0.0572894159113109,0.0666608201029844,0.123950236014295,0.0012264003238685,0.00131567546150355,4.33360158170126,0.0830822609990965
1,DOC,13,PMd-L,RT_Upright_anti_L,0.049275879784441,0.0475759783082528,0.0968518580926938,0.00102584593417699,0.00109264904430529,4.34673190626665,0.0846838687437637
1,DOC,14,PMv-L,RT_Upright_anti_L,0.0361207774856813,0.0531195996827633,0.0892403771684445,0.000954216400739012,0.00102084521087422,4.35066267191363,0.0848920548208601
1,DOC,15,FEF-L,RT_Upright_anti_L,0.0572695101440036,0.0411277436489612,0.0983972537929648,0.00104743716248476,0.00111704391196394,4.34534222493445,0.0856443422104744
1,DOC,16,POJ-L,RT_Upright_anti_L,0.0388894446082481,0.069928370260183,0.108817814868431,0.000913761656058114,0.000973441321356768,4.35241029533556,0.0844274102454095
1,DOC,17,V1-R,RT_Upright_anti_L,0.0335678601830069,0.0461447701624627,0.0797126303454696,0.000838036026610126,0.000899090754417736,4.35724600210947,0.0856455216674791
1,DOC,18,V3-R,RT_Upright_anti_L,0.0550304776737205,0.0663346416473695,0.12136511932109,0.00106526655722969,0.00113735058744857,4.34146518406264,0.0833900533663108
1,DOC,19,STS-R,RT_Upright_anti_L,0.057289812017523,0.037904711765417,0.09519452378294,0.000896971627125146,0.000964720659175008,4.35185813935546,0.0840773530375681
1,DOC,20,IPL-R,RT_Upright_anti_L,0.0361750269355536,0.0214689212213028,0.0576439481568563,0.000684402141761417,0.000732790037136771,4.37108909752846,0.0868720669783934
1,DOC,21,SPL-R,RT_Upright_anti_L,0.0381102977412101,0.0590070578722451,0.0971173556134552,0.000963839127923632,0.0010314712902243,4.35032497202321,0.0850523691571564
1,DOC,22,AG-R,RT_Upright_anti_L,0.0393640794582721,0.0448873381291423,0.0842514175874144,0.00096651070072928,0.0010363675976941,4.34974385422354,0.0860649888171775
1,DOC,23,mIPS-R,RT_Upright_anti_L,0.0474353563639419,0.0504373172486485,0.0978726736125904,0.00106740764793307,0.00114864134981794,4.34257909004334,0.0855511117717053
1,DOC,24,VIP-R,RT_Upright_anti_L,0.0315650371747536,0.0331852786099592,0.0647503157847128,0.000714536581009902,0.000764166303104076,4.36846612015444,0.0863557217542624
1,DOC,25,SPOC-R,RT_Upright_anti_L,0.0426722436215363,0.0623614203354532,0.10503366395699,0.00100401598753565,0.00107527692812081,4.34587428512695,0.0848512503118177
1,DOC,26,S1-R,RT_Upright_anti_L,0.0593919831490969,0.0330842358708499,0.0924762190199467,0.00100876161372787,0.0010842822980938,4.34672105638221,0.0853318929207226
1,DOC,27,M1-R,RT_Upright_anti_L,0.0859598862613924,0.0358460843955015,0.121805970656894,0.00109448051882004,0.00117213161014074,4.34208973032897,0.0835530208457395
1,DOC,28,SMA-R,RT_Upright_anti_L,0.0448721578645345,0.0405931301593424,0.0854652880238769,0.00100536060636807,0.00107808322785041,4.34722366784539,0.0858514663412742
1,DOC,29,PMd-R,RT_Upright_anti_L,0.0529209545834338,0.0974550375687217,0.150375992152155,0.00124027593557055,0.00132320841671058,4.33425001525659,0.0829520560191084
1,DOC,30,PMv-R,RT_Upright_anti_L,0.0216993865444711,0.11890626693434,0.140605653478811,0.0012100415197895,0.00129722703046933,4.33452298429558,0.0839778221681201
1,DOC,31,FEF-R,RT_Upright_anti_L,0.0673263349630719,0.113376850210013,0.180703185173085,0.00146853212602201,0.00157676538546675,4.31990656550357,0.0814795342089007
1,DOC,32,POJ-R,RT_Upright_anti_L,0.0420069304474035,0.0509848374961927,0.0929917679435963,0.00100236924353207,0.00107366712231449,4.34760298526508,0.0858130863158524
2,GB,1,V1-L,RT_Upright_anti_L,0.0632845797902816,0.0739446345004684,0.13722921429075,0.00135672912809094,0.00147367573934943,4.62442870718874,0.134658074728093
2,GB,2,V3-L,RT_Upright_anti_L,0.0948961819122222,0.042595890432566,0.137492072344788,0.00131234005296846,0.00141508103372986,4.62688388198966,0.13429205481756
2,GB,3,STS-L,RT_Upright_anti_L,0.0904934931129311,0.04706343639184,0.137556929504771,0.00135168916824975,0.00145757770260375,4.6255378173436,0.134771897404692
2,GB,4,IPL-L,RT_Upright_anti_L,0.147124002856536,0.0925024519123901,0.239626454768926,0.00192270047831967,0.00207456620360908,4.5965014050021,0.128568924368343
2,GB,5,SPL-L,RT_Upright_anti_L,0.0783231740965321,0.103471302563574,0.181794476660106,0.00177775239574649,0.00192619919087161,4.60371379647292,0.133421928018223
2,GB,6,AG-L,RT_Upright_anti_L,0.0486408496912987,0.114093758074589,0.162734607765887,0.00161005737333242,0.00174269627475504,4.61271883698483,0.134113396306703
2,GB,7,mIPS-L,RT_Upright_anti_L,0.0680131256414227,0.10496021439652,0.172973340037943,0.00168257054660139,0.00181900708746669,4.60929670966867,0.133256719675025
2,GB,8,VIP-L,RT_Upright_anti_L,0.106344066934163,0.104088666284432,0.210432733218595,0.00185502783883059,0.00199958286063198,4.60106048496909,0.128721589773304
2,GB,9,SPOC-L,RT_Upright_anti_L,0.0905661927047478,0.0848893323475356,0.175455525052283,0.0017879017079082,0.00193633788317322,4.60495737330464,0.132814748497525
2,GB,10,S1-L,RT_Upright_anti_L,0.082214424900865,0.08045658745589,0.162671012356755,0.00154667070382933,0.00167347310828013,4.61648927946491,0.132007142389956
2,GB,11,M1-L,RT_Upright_anti_L,0.0585617732494708,0.101671308398342,0.160233081647813,0.00164301468434225,0.00177763440293918,4.6118661386696,0.133684142244548
2,GB,12,SMA-L,RT_Upright_anti_L,0.0628130561549355,0.0807969702036763,0.143610026358612,0.00142582133135475,0.00154375818199221,4.62104959689406,0.132566706284521
2,GB,13,PMd-L,RT_Upright_anti_L,0.066157137856776,0.103775813460509,0.169932951317285,0.00162367148579043,0.00175679885543394,4.61222255130717,0.13312184624267
2,GB,14,PMv-L,RT_Upright_anti_L,0.0458264055739976,0.0862515751342692,0.132077980708267,0.00141409168992113,0.00153936690649354,4.62173652301591,0.135824556416771
2,GB,15,FEF-L,RT_Upright_anti_L,0.101439177277613,0.0458495338333948,0.147288711111008,0.00129644285898368,0.00139246645512111,4.63029851847049,0.134011665252588
2,GB,16,POJ-L,RT_Upright_anti_L,0.0519472633431392,0.105642133329208,0.157589396672347,0.00162921774529295,0.00175922356024137,4.6122436288927,0.134010436406329
2,GB,17,V1-R,RT_Upright_anti_L,0.102654088415563,0.0428093057421201,0.145463394157683,0.00116541779147094,0.00126047841970949,4.63450070274783,0.133928459777349
2,GB,18,V3-R,RT_Upright_anti_L,0.10183171103229,0.0390698948811599,0.14090160591345,0.00135201444263882,0.00147081917548061,4.62395109185131,0.134330853008786
2,GB,19,STS-R,RT_Upright_anti_L,0.17158490108206,0.02849503446417,0.20007993554623,0.00141906367601389,0.00153731939773219,4.61910162910535,0.131853327732783
2,GB,20,IPL-R,RT_Upright_anti_L,0.0830926722584626,0.126297451946474,0.209390124204937,0.00200273278835121,0.0021650317892165,4.59235052901259,0.128078487024592
2,GB,21,SPL-R,RT_Upright_anti_L,0.0833224160012377,0.0429504757530975,0.126272891754335,0.00138461331784614,0.00150375026891483,4.62365961314658,0.135109088362687
2,GB,22,AG-R,RT_Upright_anti_L,0.0920055511186768,0.0922772685269124,0.184282819645589,0.0014601350816836,0.00158924896613542,4.61752594003806,0.131157752016438
2,GB,23,mIPS-R,RT_Upright_anti_L,0.0843124414459558,0.0621375109435256,0.146449952389481,0.00155869683036807,0.00170034474940291,4.61386512442325,0.134548635136845
2,GB,24,VIP-R,RT_Upright_anti_L,0.0655476270055984,0.100352963251688,0.165900590257286,0.0015615902883296,0.00170091980438023,4.61429808863557,0.133671975320677
2,GB,25,SPOC-R,RT_Upright_anti_L,0.0440842766982534,0.0969476633143832,0.141031940012637,0.00133886773396,0.00145075898671074,4.62607641744514,0.135253428900203
2,GB,26,S1-R,RT_Upright_anti_L,0.0790570059844307,0.0722819078069049,0.151338913791336,0.00166610319987997,0.00180436226388328,4.6107268011474,0.134975930473352
2,GB,27,M1-R,RT_Upright_anti_L,0.108493204976241,0.0793232809048344,0.187816485881075,0.00176076278430793,0.00192176290791359,4.60361636935136,0.131265827645353
2,GB,28,SMA-R,RT_Upright_anti_L,0.0993764046970131,0.103279690236525,0.202656094933538,0.00181045743688751,0.00196805430784732,4.60059207051732,0.131336209294039
2,GB,29,PMd-R,RT_Upright_anti_L,0.0769164025804255,0.0859838456100279,0.162900248190453,0.00139861124817693,0.00150562244605918,4.62300006797648,0.131586210303352
2,GB,30,PMv-R,RT_Upright_anti_L,0.0429166740442336,0.0751798348305451,0.118096508874779,0.00119919197645455,0.00130874955481307,4.63343552909171,0.136244825836042
2,GB,31,FEF-R,RT_Upright_anti_L,0.0609572502166344,0.0912179175964092,0.152175167813044,0.00134112119192527,0.00144802752846916,4.62503241211398,0.13227776588575
2,GB,32,POJ-R,RT_Upright_anti_L,0.0543775828696977,0.0965174609957249,0.150895043865423,0.00140640923970132,0.00153206013637454,4.62094227672236,0.134246142090515
3,JDC,1,V1-L,RT_Upright_anti_L,0.121147085343525,0.112440534829685,0.23358762017321,0.00189236136600569,0.00202608729346282,4.6327431172037,0.123992725110294
3,JDC,2,V3-L,RT_Upright_anti_L,0.125738377923668,0.092868441241761,0.218606819165429,0.00165323933487687,0.00175824669935033,4.64333989649184,0.122284511292219
3,JDC,3,STS-L,RT_Upright_anti_L,0.08848523153497,0.0432189788473428,0.131704210382313,0.00147927492856836,0.00159289202648444,4.6523128749111,0.129825306813871
3,JDC,4,IPL-L,RT_Upright_anti_L,0.0800967751086726,0.0750987482841645,0.155195523392837,0.00150804615001586,0.0016042280433879,4.65439818986519,0.128247010235799
3,JDC,5,SPL-L,RT_Upright_anti_L,0.125386615340607,0.0857127761772431,0.21109939151785,0.00210075654717423,0.00225357112659618,4.62640436849095,0.127097688884861
3,JDC,6,AG-L,RT_Upright_anti_L,0.12557524232459,0.128653267814719,0.254228510139309,0.00236492010078044,0.00252714400794141,4.61409866183375,0.120838255421259
3,JDC,7,mIPS-L,RT_Upright_anti_L,0.144581803445335,0.0807355163839519,0.225317319829287,0.00223700776420345,0.00239737486372879,4.62011362880458,0.126619758855233
3,JDC,8,VIP-L,RT_Upright_anti_L,0.0968456753198884,0.0682371235950623,0.165082798914951,0.0016665308391967,0.00177817255851363,4.6467201103037,0.128741491065201
3,JDC,9,SPOC-L,RT_Upright_anti_L,0.096077417450685,0.109837407782013,0.205914825232698,0.00199929833525059,0.00213904522195374,4.6283082293953,0.125148502835952
3,JDC,10,S1-L,RT_Upright_anti_L,0.0909762420895991,0.0787575509478155,0.169733793037415,0.00167735084965402,0.00179440165039179,4.64627305928491,0.128218575582631
3,JDC,11,M1-L,RT_Upright_anti_L,0.0612414338896776,0.0983819946744939,0.159623428564171,0.00152986634128901,0.00164013855387097,4.65190452456348,0.129305085309232
3,JDC,12,SMA-L,RT_Upright_anti_L,0.0557251792575274,0.110394502264719,0.166119681522246,0.00161506464396871,0.00171983246826012,4.64730146376253,0.1282659420429
3,JDC,13,PMd-L,RT_Upright_anti_L,0.0463578596178876,0.12490837382482,0.171266233442708,0.00152770026323311,0.00163263337178635,4.65047098094447,0.128159441153214
3,JDC,14,PMv-L,RT_Upright_anti_L,0.0567727069894788,0.0602309397024574,0.117003646691936,0.00137642511764496,0.00147824033161384,4.65903893004611,0.130877554280806
3,JDC,15,FEF-L,RT_Upright_anti_L,0.0817326594711029,0.0572239806103693,0.138956640081472,0.00152007759328112,0.0016288029835236,4.65226284258366,0.129437435596867
3,JDC,16,POJ-L,RT_Upright_anti_L,0.0904880095319446,0.0772268801440813,0.167714889676026,0.001656543758475,0.00176988723101065,4.64534023479933,0.126493758565596
3,JDC,17,V1-R,RT_Upright_anti_L,0.0533951694908402,0.0546269045214698,0.10802207401231,0.00131394671449767,0.00140989030624181,4.66265847020359,0.131260235766922
3,JDC,18,V3-R,RT_Upright_anti_L,0.0354831859683433,0.0629637283205073,0.0984469142888506,0.00117576482909296,0.00125573462833397,4.66978634959212,0.131003170016338
3,JDC,19,STS-R,RT_Upright_anti_L,0.0727607017264055,0.0798563431950388,0.152617044921444,0.00177554875895972,0.00191188058461768,4.63909782248191,0.130040352747363
3,JDC,20,IPL-R,RT_Upright_anti_L,0.058679842558811,0.0890805750851212,0.147760417643932,0.00139163358475203,0.00148799138742569,4.65834509738217,0.129848676798446
3,JDC,21,SPL-R,RT_Upright_anti_L,0.0347283222292153,0.0817590586932785,0.116487380922494,0.00130186463964262,0.00139148212000265,4.66304372308833,0.130442122001026
3,JDC,22,AG-R,RT_Upright_anti_L,0.0650846359176455,0.0982258856148962,0.163310521532542,0.00158636790705202,0.00170496949305978,4.64780296916902,0.128156796420044
3,JDC,23,mIPS-R,RT_Upright_anti_L,0.0526827434764544,0.0751181820738631,0.127800925550317,0.00145298869564818,0.00155885891055428,4.65404483080525,0.130350965955427
3,JDC,24,VIP-R,RT_Upright_anti_L,0.0397183954679544,0.0923957569023869,0.132114152370341,0.0012920508559352,0.0013775476603101,4.6623642563441,0.129911314241835
3,JDC,25,SPOC-R,RT_Upright_anti_L,0.0868514582402963,0.0847355965217905,0.171587054762087,0.00181887096760315,0.00194695654995514,4.63805408098945,0.128882605200991
3,JDC,26,S1-R,RT_Upright_anti_L,0.116886067149913,0.0652009911160593,0.182087058265972,0.00181528796718572,0.00195475528327743,4.63734987367039,0.128591850534458
3,JDC,27,M1-R,RT_Upright_anti_L,0.14370602711105,0.0432115692409594,0.186917596352009,0.00172915651275509,0.00186104484042796,4.64138352659051,0.129193853421819
3,JDC,28,SMA-R,RT_Upright_anti_L,0.0374445036161036,0.118314938401062,0.155759442017166,0.00152953919129154,0.00163168865262095,4.65215413194353,0.129197952372197
3,JDC,29,PMd-R,RT_Upright_anti_L,0.0719686408431891,0.0857292697670933,0.157697910610282,0.00168130269667537,0.0017931301891002,4.64567147510675,0.128472694955829
3,JDC,30,PMv-R,RT_Upright_anti_L,0.046107342199545,0.0540440069681285,0.100151349167674,0.00112440274950351,0.00119803008179265,4.67397568072556,0.131305596937482
3,JDC,31,FEF-R,RT_Upright_anti_L,0.115728196450108,0.0383170638450656,0.154045260295174,0.00151026905055323,0.00161990978684339,4.65281559158206,0.128626160504643
3,JDC,32,POJ-R,RT_Upright_anti_L,0.0839418969543889,0.074888556648,0.158830453602389,0.00155428583672049,0.00166270959957044,4.65002656576359,0.127332783451331
4,JFXD,1,V1-L,RT_Upright_anti_L,0.0801207273152777,0.0298460030624213,0.109966730377699,0.00106810893167167,0.00113761102846013,4.26220154571684,0.069667723662477
4,JFXD,2,V3-L,RT_Upright_anti_L,0.0732031918660345,0.0540037917323738,0.127206983598408,0.00114097021164416,0.00121090720720621,4.2574087272575,0.0673311486980646
4,JFXD,3,STS-L,RT_Upright_anti_L,0.0396231018631702,0.0306183200320375,0.0702414218952077,0.00081491359957038,0.000864962696934896,4.28014766514865,0.0709511007356996
4,JFXD,4,IPL-L,RT_Upright_anti_L,0.0339041092205877,0.0423697687109935,0.0762738779315812,0.000893353318993019,0.000947233567567241,4.27499955264886,0.0705504540791739
4,JFXD,5,SPL-L,RT_Upright_anti_L,0.0324221985548322,0.024243183060302,0.0566653816151341,0.000734387940943209,0.00077733127200317,4.28656935688117,0.0714640898817312
4,JFXD,6,AG-L,RT_Upright_anti_L,0.0316729322972462,0.0322960437486551,0.0639689760459013,0.000847718403085716,0.000905714652893297,4.27656773154536,0.0716847975664958
4,JFXD,7,mIPS-L,RT_Upright_anti_L,0.0276773091957557,0.0455154566825406,0.0731927658782963,0.000891386666948965,0.000945834204431608,4.27474198357387,0.0708278264797771
4,JFXD,8,VIP-L,RT_Upright_anti_L,0.0324728895921959,0.044572300008594,0.0770451896007899,0.000857093807723628,0.000905136024588448,4.27773669281729,0.0700997695796422
4,JFXD,9,SPOC-L,RT_Upright_anti_L,0.0335491734459463,0.042416975858444,0.0759661493043903,0.00086854874158512,0.000921563764671035,4.27642931839557,0.0705280947195923
4,JFXD,10,S1-L,RT_Upright_anti_L,0.0236566301678322,0.0416073701196233,0.0652640002874555,0.000753993566817474,0.000799804644070958,4.28557955983994,0.071086566336334
4,JFXD,11,M1-L,RT_Upright_anti_L,0.0233490259416292,0.0342257438055596,0.0575747697471888,0.00073612331684057,0.000780084268789458,4.28633399839652,0.0709227899507092
4,JFXD,12,SMA-L,RT_Upright_anti_L,0.0455002130588701,0.0268467186174106,0.0723469316762807,0.000819393294182973,0.000871257174351509,4.28116650508688,0.0706911703526581
4,JFXD,13,PMd-L,RT_Upright_anti_L,0.0279718120650317,0.0229469012704579,0.0509187133354896,0.000694694086920976,0.000737437525659847,4.29007067879874,0.0714054303811674
4,JFXD,14,PMv-L,RT_Upright_anti_L,0.0689978698947608,0.0465177624947923,0.115515632389553,0.00101406976670949,0.00107200376869686,4.26501770598094,0.0673097108204881
4,JFXD,15,FEF-L,RT_Upright_anti_L,0.0470456637567341,0.0484812381598274,0.0955269019165615,0.000838543007453296,0.000889948454638492,4.27795250075918,0.0677725412498585
4,JFXD,16,POJ-L,RT_Upright_anti_L,0.0322745333207676,0.0616855034015908,0.0939600367223585,0.00092714121069528,0.000981238499346955,4.27261130528187,0.0704295047659009
4,JFXD,17,V1-R,RT_Upright_anti_L,0.0266588314793972,0.0525586683110728,0.07921749979047,0.000847037499483879,0.000895435837840407,4.27842072123082,0.0696713720650928
4,JFXD,18,V3-R,RT_Upright_anti_L,0.0644631350760562,0.038100618472342,0.102563753548398,0.00108911820197716,0.00116280417902183,4.2608150367322,0.0693934938264528
4,JFXD,19,STS-R,RT_Upright_anti_L,0.0498615160056477,0.0526806437872947,0.102542159792942,0.000962134443541827,0.00102061356046705,4.27067649546656,0.0685059978529654
4,JFXD,20,IPL-R,RT_Upright_anti_L,0.0781229213799966,0.0469696793747612,0.125092600754758,0.00111470478324726,0.00117788472095108,4.26187227520268,0.068730021567717
4,JFXD,21,SPL-R,RT_Upright_anti_L,0.0378854573062411,0.0235338841786984,0.0614193414849395,0.000746343991872646,0.000785692349851037,4.28744991623892,0.0708363246918726
4,JFXD,22,AG-R,RT_Upright_anti_L,0.0541801996064612,0.06421283421638,0.118393033822841,0.00120106296689017,0.00127460510202963,4.25458931356565,0.0687650173283013
4,JFXD,23,mIPS-R,RT_Upright_anti_L,0.0472115328254686,0.0427328965082271,0.0899444293336957,0.000988962128248559,0.0010469297587838,4.26953769676292,0.0704300342929345
4,JFXD,24,VIP-R,RT_Upright_anti_L,0.0549672340601149,0.0426149895352,0.0975822235953149,0.000939394559732474,0.000989493732490902,4.2743224178661,0.0695983692760302
4,JFXD,25,SPOC-R,RT_Upright_anti_L,0.0524443924251188,0.0356756111972833,0.0881200036224021,0.00100739510244722,0.00107413821507903,4.26598383456507,0.0700780694270357
4,JFXD,26,S1-R,RT_Upright_anti_L,0.0396805371957661,0.0741835765000183,0.113864113695784,0.00108654931538975,0.00115261742930524,4.26286374798859,0.0691775394515778
4,JFXD,27,M1-R,RT_Upright_anti_L,0.0408790148651021,0.0551784657229546,0.0960574805880567,0.000964243536338702,0.00102085872779226,4.27139034771613,0.0698752651384326
4,JFXD,28,SMA-R,RT_Upright_anti_L,0.0470710497628561,0.031349241343876,0.0784202911067321,0.000877568920664615,0.000934330718886111,4.2767167680035,0.0705101891217738
4,JFXD,29,PMd-R,RT_Upright_anti_L,0.0438625748568356,0.0622470990027871,0.106109673859623,0.00106923329631534,0.00113855359813878,4.26063287120885,0.0686015048811978
4,JFXD,30,PMv-R,RT_Upright_anti_L,0.0415556416327538,0.0982846985195619,0.139840340152316,0.00129346550193911,0.00137630283746844,4.24776712342938,0.0661706550041933
4,JFXD,31,FEF-R,RT_Upright_anti_L,0.0586293209899628,0.0388906758945851,0.0975199968845478,0.00101031276463621,0.00107321507362013,4.267014767569,0.0696625797586375
4,JFXD,32,POJ-R,RT_Upright_anti_L,0.042376618230581,0.0458846959243657,0.0882613141549467,0.000916579790313307,0.000968200900739438,4.27340478719128,0.0696270799679918
5,JZ,1,V1-L,RT_Upright_anti_L,0.0989309289411417,0.0644811652626345,0.163412094203776,0.00161979885970556,0.00173890421860167,4.54731815172849,0.117415657794673
5,JZ,2,V3-L,RT_Upright_anti_L,0.103974821495559,0.0530714429676289,0.157046264463188,0.00143692020833386,0.0015405484527186,4.55566366947147,0.1174673007363
5,JZ,3,STS-L,RT_Upright_anti_L,0.0572946564651549,0.0578381148165689,0.115132771281724,0.00131743535142648,0.00141397089406257,4.56195970554197,0.119835843208206
5,JZ,4,IPL-L,RT_Upright_anti_L,0.0633370879194282,0.0897004072559876,0.153037495175416,0.00142765034859056,0.00153173004650498,4.55513824983763,0.117130595194356
5,JZ,5,SPL-L,RT_Upright_anti_L,0.0607173794903766,0.0785301877792568,0.139247567269633,0.00154149592388754,0.00165361377015588,4.5504993669577,0.118641250825145
5,JZ,6,AG-L,RT_Upright_anti_L,0.0743191456122572,0.0743012959847465,0.148620441597004,0.00148311293932694,0.00158342692069154,4.55190947252791,0.117854446845171
5,JZ,7,mIPS-L,RT_Upright_anti_L,0.0878489274204462,0.0478080229881891,0.135656950408635,0.00139548564452462,0.00149431015924012,4.5578274259124,0.118238974117562
5,JZ,8,VIP-L,RT_Upright_anti_L,0.0845833892663072,0.0468985877168173,0.131481976983124,0.00134248930074748,0.00143081694506729,4.56151180280863,0.118496727525748
5,JZ,9,SPOC-L,RT_Upright_anti_L,0.0614653727759027,0.107885699460479,0.169351072236382,0.00163153105846503,0.00175951191882641,4.5457665290699,0.116551776532548
5,JZ,10,S1-L,RT_Upright_anti_L,0.125897352602535,0.113302093144036,0.239199445746572,0.00190148856773828,0.00203892798828449,4.53115465854107,0.113284557330313
5,JZ,11,M1-L,RT_Upright_anti_L,0.045842917082232,0.14227342278129,0.188116339863522,0.00169431109966248,0.0018298020224766,4.5413114770318,0.11713998665431
5,JZ,12,SMA-L,RT_Upright_anti_L,0.0293715684168546,0.0413715613694394,0.0707431297862941,0.000872716573829962,0.000935001641600713,4.58754548928635,0.120637962563618
5,JZ,13,PMd-L,RT_Upright_anti_L,0.067657405220499,0.0959325147747161,0.163589919995215,0.00162860545418785,0.00174756497197639,4.54383176182901,0.114891402176736
5,JZ,14,PMv-L,RT_Upright_anti_L,0.0409681300375069,0.0605055540955801,0.101473684133087,0.00116537334933806,0.0012521729570548,4.56952392254104,0.120317977353859
5,JZ,15,FEF-L,RT_Upright_anti_L,0.0549641033417909,0.0511049742539567,0.106069077595748,0.00125565310584479,0.00135003830988145,4.56420682204793,0.119012740620937
5,JZ,16,POJ-L,RT_Upright_anti_L,0.0651712040633574,0.150055695289914,0.215226899353271,0.00179798781420455,0.00192394025663987,4.53794111813828,0.113822100603618
5,JZ,17,V1-R,RT_Upright_anti_L,0.0625102795008213,0.0734615413099355,0.135971820810757,0.00141047822658416,0.00151251415692624,4.55804788575392,0.118462450751843
5,JZ,18,V3-R,RT_Upright_anti_L,0.0861269477649687,0.0870831451392583,0.173210092904227,0.00168673406255272,0.00181780555201402,4.54265295977677,0.116705792544692
5,JZ,19,STS-R,RT_Upright_anti_L,0.0826794023917326,0.0410094604064688,0.123688862798201,0.00122367081519081,0.00131219916321707,4.56507598229051,0.118116836882013
5,JZ,20,IPL-R,RT_Upright_anti_L,0.0655946368862406,0.0385310047343719,0.104125641620612,0.00127017115173207,0.00137258345598846,4.56389701394381,0.12003030826936
5,JZ,21,SPL-R,RT_Upright_anti_L,0.0755619810008361,0.0991059188501341,0.17466789985097,0.0015316524003171,0.00164666305440284,4.5491390512726,0.11494657741368
5,JZ,22,AG-R,RT_Upright_anti_L,0.0937283323800853,0.0947770048800591,0.188505337260144,0.00170826056604507,0.00183636992345566,4.54074832178464,0.114761519962678
5,JZ,23,mIPS-R,RT_Upright_anti_L,0.0774793595200903,0.0585148234765594,0.13599418299665,0.00124173467746282,0.00133082111647847,4.56520546523422,0.116484273537201
5,JZ,24,VIP-R,RT_Upright_anti_L,0.0801543079572142,0.0366319230624248,0.116786231019639,0.00126860998299958,0.00137135614840665,4.5633261669741,0.119265088890661
5,JZ,25,SPOC-R,RT_Upright_anti_L,0.100884535692651,0.106032264096414,0.206916799789064,0.00173265796104465,0.00185510641033095,4.54012490556568,0.111952021859589
5,JZ,26,S1-R,RT_Upright_anti_L,0.0687198639834408,0.0567515654658038,0.125471429449245,0.00133396723288398,0.00143980147339013,4.55895555953203,0.118271559673745
5,JZ,27,M1-R,RT_Upright_anti_L,0.0841892642874315,0.041328836453968,0.125518100741399,0.00128293173894443,0.0013806503090509,4.56319998447138,0.119046157303229
5,JZ,28,SMA-R,RT_Upright_anti_L,0.0618988636835585,0.0384400264649317,0.10033889014849,0.00124417436763907,0.00134173945240121,4.5645815639221,0.119818499225006
5,JZ,29,PMd-R,RT_Upright_anti_L,0.0477265247245681,0.0661853495378595,0.113911874262428,0.00109810769651094,0.00117798281551966,4.57210276824534,0.119283109602085
5,JZ,30,PMv-R,RT_Upright_anti_L,0.0441138627013883,0.0600782384031615,0.10419210110455,0.00109617136491739,0.00118074375324455,4.57297992677103,0.119433708167237
5,JZ,31,FEF-R,RT_Upright_anti_L,0.0739393457114333,0.0412193898708308,0.115158735582264,0.00114378415540091,0.00123883424433489,4.56831194007631,0.119259238817643
5,JZ,32,POJ-R,RT_Upright_anti_L,0.0829954271204605,0.0964360933648487,0.179431520485309,0.00168130084964591,0.00181518413061943,4.54466320022372,0.116731135062056
6,LT,1,V1-L,RT_Upright_anti_L,0.0628560347927618,0.051298267676342,0.114154302469104,0.00123378965081733,0.00132524765120867,4.45156424145359,0.0965095251848806
6,LT,2,V3-L,RT_Upright_anti_L,0.0459577914634139,0.0886397798321336,0.134597571295548,0.0013740187316358,0.00147060511931579,4.44437007704425,0.096320822897077
6,LT,3,STS-L,RT_Upright_anti_L,0.0691757230137901,0.0567852573783822,0.125960980392172,0.00117871052333436,0.00125738506913914,4.45616460627179,0.0948937552679661
6,LT,4,IPL-L,RT_Upright_anti_L,0.0602116926006374,0.0931845944454762,0.153396287046114,0.00135360364839572,0.00145031837063702,4.44726036364695,0.0952905772025087
6,LT,5,SPL-L,RT_Upright_anti_L,0.0470629900197457,0.0621042777713526,0.109167267791098,0.00116068121202326,0.00124270473856488,4.45661489523842,0.0967873073070165
6,LT,6,AG-L,RT_Upright_anti_L,0.0860447322433335,0.0387006833312061,0.12474541557454,0.00127246428199007,0.00136734361461771,4.44994504659013,0.0962287492212181
6,LT,7,mIPS-L,RT_Upright_anti_L,0.0538614383841418,0.0783308778086511,0.132192316192793,0.00136898386262989,0.00146005318145496,4.44488436272101,0.0956927475755857
6,LT,8,VIP-L,RT_Upright_anti_L,0.0764430540181533,0.078760602969165,0.155203656987318,0.00140549096937057,0.00150619357607076,4.44419919756797,0.0949161489240114
6,LT,9,SPOC-L,RT_Upright_anti_L,0.0699531285296858,0.0533335256314969,0.123286654161183,0.00125432654215906,0.00135240110553778,4.45025530814004,0.0951785872590319
6,LT,10,S1-L,RT_Upright_anti_L,0.0728753590361288,0.106642926697679,0.179518285733808,0.00136736386691748,0.00146034868025234,4.44638303398691,0.0926890355592524
6,LT,11,M1-L,RT_Upright_anti_L,0.095047913520626,0.0562380207697106,0.151285934290337,0.00124166067493564,0.00133069169258782,4.45287143805086,0.0943084813495322
6,LT,12,SMA-L,RT_Upright_anti_L,0.0725013522058211,0.0832272111838837,0.155728563389705,0.00134921253860951,0.00144367170424542,4.44815864228855,0.0944818777394598
6,LT,13,PMd-L,RT_Upright_anti_L,0.036028053024449,0.0930845430026942,0.129112596027143,0.00118282726747264,0.00126507345401766,4.45539020222584,0.0951891002406222
6,LT,14,PMv-L,RT_Upright_anti_L,0.0734742241322888,0.0638412150328911,0.13731543916518,0.00131297023284995,0.00140768112787667,4.44854187568156,0.0954567853712288
6,LT,15,FEF-L,RT_Upright_anti_L,0.118778063970952,0.0484021792238816,0.167180243194834,0.00153985725537331,0.00165898323462904,4.43645912461686,0.0949752907820799
6,LT,16,POJ-L,RT_Upright_anti_L,0.0722854960701181,0.0380971944414612,0.110382690511579,0.00110614127433687,0.00117910405736881,4.45972789829941,0.0965506798641161
6,LT,17,V1-R,RT_Upright_anti_L,0.0574667219624018,0.0636462940459886,0.12111301600839,0.00122573041694805,0.0013148110457963,4.45199439488406,0.0958436958911591
6,LT,18,V3-R,RT_Upright_anti_L,0.0483738118083905,0.0497165093809581,0.0980903211893486,0.00101995428784381,0.00108837815309032,4.46499347516965,0.0958390849232345
6,LT,19,STS-R,RT_Upright_anti_L,0.0745262403610471,0.0354956742798953,0.110021914640942,0.00109665764056564,0.00117394001710317,4.45948202366157,0.0963688686629275
6,LT,20,IPL-R,RT_Upright_anti_L,0.0571189435696876,0.0814703991222451,0.138589342691933,0.00139783049368723,0.00149702463583284,4.44301620422232,0.095631781267674
6,LT,21,SPL-R,RT_Upright_anti_L,0.0334590219263953,0.0689722102869058,0.102431232213301,0.00112841748656399,0.00120796963905418,4.45755850654269,0.0969171395351493
6,LT,22,AG-R,RT_Upright_anti_L,0.0611475579394702,0.0374082972589054,0.0985558551983756,0.00104901828786621,0.00111965207851805,4.46376485593572,0.0970169912585352
6,LT,23,mIPS-R,RT_Upright_anti_L,0.0546561157591219,0.043683477290315,0.0983395930494369,0.00108365066115858,0.00115817782165047,4.46201848005453,0.097469468784317
6,LT,24,VIP-R,RT_Upright_anti_L,0.0394285672348907,0.0746932052499759,0.114121772484867,0.00121150493417388,0.00129868031779826,4.45359504325253,0.0965467908482397
6,LT,25,SPOC-R,RT_Upright_anti_L,0.0504078272242267,0.0663024770761445,0.116710304300371,0.00119327048611926,0.00127628588115363,4.45390323974953,0.0953153662008322
6,LT,26,S1-R,RT_Upright_anti_L,0.0697969357988036,0.0367071739022661,0.10650410970107,0.00123835459131223,0.00133604132892921,4.45111290723505,0.0974008100276096
6,LT,27,M1-R,RT_Upright_anti_L,0.0444042633710433,0.0428059213022611,0.0872101846733044,0.000967988619230011,0.00103974674966716,4.46717350185976,0.097094092313892
6,LT,28,SMA-R,RT_Upright_anti_L,0.0410877046033299,0.0799503961536243,0.121038100756954,0.00121243599463662,0.0012971432327232,4.45447633974381,0.0955383453509233
6,LT,29,PMd-R,RT_Upright_anti_L,0.0402948803306801,0.059359060304522,0.099653940635202,0.00103795347735559,0.00110732463135768,4.46489348620189,0.0968437699741755
6,LT,30,PMv-R,RT_Upright_anti_L,0.064968469798359,0.0693429553605242,0.134311425158883,0.00145650182650918,0.00156578549340372,4.43932427995195,0.0959982623287153
6,LT,31,FEF-R,RT_Upright_anti_L,0.0559578778302368,0.0357019495157994,0.0916598273460363,0.00108443926057621,0.00116241230457545,4.46153898186578,0.0979428764472045
6,LT,32,POJ-R,RT_Upright_anti_L,0.0652098651135192,0.0349346939309131,0.100144559044432,0.00113045866393426,0.00121464504564225,4.45765908574305,0.0971279567158536
7,NvA,1,V1-L,RT_Upright_anti_L,0.0537171979119765,0.0409213999229409,0.0946385978349174,0.00109038995921784,0.00118549392183843,4.62703104092405,0.149787220116691
7,NvA,2,V3-L,RT_Upright_anti_L,0.0755706452429725,0.125405761705033,0.200976406948006,0.00181794511885996,0.00198701137191073,4.58685393805205,0.145522454846432
7,NvA,3,STS-L,RT_Upright_anti_L,0.0596831095486536,0.0930855513454889,0.152768660894142,0.00150713591457452,0.00163218743261028,4.60314040118931,0.148409412274961
7,NvA,4,IPL-L,RT_Upright_anti_L,0.0529331888767309,0.0996706551453861,0.152603844022117,0.00140180258433144,0.00151915258051091,4.60832472425613,0.1488484901557
7,NvA,5,SPL-L,RT_Upright_anti_L,0.0843104334066789,0.116182871833523,0.200493305240202,0.00177026972446855,0.00192826249078357,4.59055559302897,0.144820976748338
7,NvA,6,AG-L,RT_Upright_anti_L,0.0946432346280853,0.0679514744364905,0.162594709064576,0.00156895714568803,0.00170489394686132,4.5996643646868,0.146964469171901
7,NvA,7,mIPS-L,RT_Upright_anti_L,0.0983755472838242,0.0485334701526094,0.146909017436434,0.00126130927875968,0.00136712048131292,4.6148735052544,0.147292615632686
7,NvA,8,VIP-L,RT_Upright_anti_L,0.105468811013631,0.0410334888112961,0.146502299824928,0.00135409332817578,0.00146849790833321,4.61150240434292,0.148817520257747
7,NvA,9,SPOC-L,RT_Upright_anti_L,0.145066348091715,0.130426858505385,0.2754932065971,0.0021285416138957,0.00232093374677924,4.57208980882247,0.137589727758162
7,NvA,10,S1-L,RT_Upright_anti_L,0.0620298832624928,0.0709107526808836,0.132940635943376,0.00138708839196071,0.00151000804981551,4.6089738455824,0.150205167475729
7,NvA,11,M1-L,RT_Upright_anti_L,0.0488221932328768,0.0892286189466888,0.138050812179566,0.00139001212215564,0.00151539020685416,4.60839314537367,0.149621478173307
7,NvA,12,SMA-L,RT_Upright_anti_L,0.0398507131612165,0.0575869315432021,0.0974376447044186,0.00115186046744372,0.00125163893930562,4.62182280626677,0.150190892261847
7,NvA,13,PMd-L,RT_Upright_anti_L,0.0448746534423214,0.0525981893855879,0.0974728428279093,0.00123751477046889,0.0013474545450709,4.61649164735374,0.152089527477532
7,NvA,14,PMv-L,RT_Upright_anti_L,0.0901151338518412,0.0503004395434915,0.140415573395333,0.00134377823211388,0.00145670775313384,4.61009428655329,0.148912030193472
7,NvA,15,FEF-L,RT_Upright_anti_L,0.0599877655583177,0.0535665033261939,0.113554268884512,0.00135875514189344,0.00147603588115794,4.61042915575248,0.150683307269296
7,NvA,16,POJ-L,RT_Upright_anti_L,0.0812058990011952,0.10743048348218,0.188636382483375,0.00172079706043568,0.00187382004541132,4.59305217130864,0.143912324587795
7,NvA,17,V1-R,RT_Upright_anti_L,0.0729970014599663,0.0505633033367651,0.123560304796731,0.00128591395103594,0.00140678179708219,4.61485570073102,0.147889753134919
7,NvA,18,V3-R,RT_Upright_anti_L,0.0919036635686618,0.0977682444394893,0.189671908008151,0.00153720181537343,0.00166488118523402,4.60217596968138,0.140206641801052
7,NvA,19,STS-R,RT_Upright_anti_L,0.0713759185163416,0.0563420888141546,0.127718007330496,0.00132025298917222,0.00144980171853598,4.6110553138581,0.149691688233402
7,NvA,20,IPL-R,RT_Upright_anti_L,0.0679422580164846,0.113496492154814,0.181438750171299,0.00148192072052274,0.00160162455136768,4.60620792752425,0.146262702080567
7,NvA,21,SPL-R,RT_Upright_anti_L,0.176506713250067,0.0834286412463505,0.259935354496417,0.00183615163056601,0.00199431526106692,4.58753820894867,0.138299257468955
7,NvA,22,AG-R,RT_Upright_anti_L,0.093368251622521,0.113676988220719,0.20704523984324,0.00164738559644297,0.00179402466046752,4.59578246636873,0.142592675314059
7,NvA,23,mIPS-R,RT_Upright_anti_L,0.127131995181152,0.0490490032509479,0.176180998432099,0.00158129152724056,0.00172844370783411,4.60100970781423,0.147340078650808
7,NvA,24,VIP-R,RT_Upright_anti_L,0.0630719252722097,0.126425289923909,0.189497215196119,0.00148378657976751,0.00160873015250949,4.60560790662316,0.145527356985519
7,NvA,25,SPOC-R,RT_Upright_anti_L,0.128310936384438,0.218898437722586,0.347209374107024,0.00239206078416929,0.0026168230741005,4.56121997685422,0.132930374941019
7,NvA,26,S1-R,RT_Upright_anti_L,0.116769167681425,0.0679816446936156,0.18475081237504,0.00174507539124708,0.00191404849172321,4.59081923914714,0.147193598515251
7,NvA,27,M1-R,RT_Upright_anti_L,0.138082669245955,0.0557156501442138,0.193798319390169,0.00164706299232041,0.00179942414617972,4.59583321827228,0.147503775875799
7,NvA,28,SMA-R,RT_Upright_anti_L,0.0424579831545298,0.0535956461309092,0.096053629285439,0.00122363688604249,0.00133545089198085,4.61733389096084,0.152442385882701
7,NvA,29,PMd-R,RT_Upright_anti_L,0.0618106494104298,0.0813980091180144,0.143208658528444,0.00136896313677453,0.00148733596623816,4.6081750915984,0.149392952908567
7,NvA,30,PMv-R,RT_Upright_anti_L,0.0364316588719287,0.0611065229407476,0.0975381818126764,0.00104968872261652,0.00114512391819059,4.6269509364986,0.151130592429852
7,NvA,31,FEF-R,RT_Upright_anti_L,0.0913893652284165,0.101686973758306,0.193076338986723,0.00186395377796055,0.00203118617330245,4.58527815440956,0.144757505778775
7,NvA,32,POJ-R,RT_Upright_anti_L,0.097749321610667,0.0979878493277999,0.195737170938467,0.00156289385502901,0.00169869506360063,4.60072811304245,0.143654796976522
8,RR,1,V1-L,RT_Upright_anti_L,0.149026486076854,0.0518827218408344,0.200909207917689,0.00161430751176661,0.00174553391099915,4.72135922015062,0.151238661251096
8,RR,2,V3-L,RT_Upright_anti_L,0.0737388236572408,0.0752737408763614,0.149012564533602,0.00143862217982878,0.00155933561624872,4.72801975211203,0.152407283795854
8,RR,3,STS-L,RT_Upright_anti_L,0.0666370991179411,0.0441352763175319,0.110772375435473,0.00122346096231006,0.00132913842154276,4.73971969314213,0.156150874314644
8,RR,4,IPL-L,RT_Upright_anti_L,0.0918931423946334,0.0557921321729157,0.147685274567549,0.0016444311225793,0.0017693187008137,4.7203048610117,0.155962581222586
8,RR,5,SPL-L,RT_Upright_anti_L,0.102759844615869,0.117546580072954,0.220306424688823,0.00194535880691951,0.00209835122263158,4.70653661118914,0.151834196946925
8,RR,6,AG-L,RT_Upright_anti_L,0.107693947284702,0.0580036657194536,0.165697613004156,0.00159763830730295,0.00171664578870577,4.72335463322164,0.153651373426312
8,RR,7,mIPS-L,RT_Upright_anti_L,0.0822228669426229,0.0704536267068403,0.152676493649463,0.00146479498359609,0.00158482670817356,4.72730561340683,0.15278351546731
8,RR,8,VIP-L,RT_Upright_anti_L,0.140855459952061,0.0468806698338151,0.187736129785876,0.00167069735958097,0.00179517814253995,4.7181671205327,0.154378477910243
8,RR,9,SPOC-L,RT_Upright_anti_L,0.132861980616654,0.127750799932158,0.260612780548812,0.00223181249606181,0.00241266069499438,4.69247068126199,0.149977458000719
8,RR,10,S1-L,RT_Upright_anti_L,0.0985767518387928,0.0670658598546712,0.165642611693464,0.00177946550436177,0.00191315349588465,4.71507204449299,0.155605557085818
8,RR,11,M1-L,RT_Upright_anti_L,0.113487356539015,0.0455439245850878,0.159031281124102,0.0014568899451067,0.00156427134585091,4.72826757647445,0.154827936420502
8,RR,12,SMA-L,RT_Upright_anti_L,0.0664077910269149,0.110179355109266,0.176587146136181,0.00186022550706274,0.00200631334679201,4.71053642776431,0.15373935394117
8,RR,13,PMd-L,RT_Upright_anti_L,0.0660658722739631,0.119848944723878,0.185914816997841,0.0016466238964586,0.00176013707342486,4.71873552398542,0.153492234247998
8,RR,14,PMv-L,RT_Upright_anti_L,0.0742180598193467,0.0491449141908529,0.1233629740102,0.00149274992938522,0.00160946104635445,4.72647837441139,0.156052968502679
8,RR,15,FEF-L,RT_Upright_anti_L,0.0663922703920279,0.0607713392193285,0.127163609611356,0.00165713234348468,0.00179271427372474,4.71918866778006,0.157686191040966
8,RR,16,POJ-L,RT_Upright_anti_L,0.0992787465707982,0.219616057893779,0.318894804464578,0.00248804816543346,0.00267809536608534,4.68240325660461,0.147935146660258
8,RR,17,V1-R,RT_Upright_anti_L,0.093141059738383,0.108862389054756,0.202003448793139,0.00168360332358827,0.00181799358007506,4.71656773810588,0.150040839039918
8,RR,18,V3-R,RT_Upright_anti_L,0.08697454467923,0.0768789097809965,0.163853454460226,0.00154763980505098,0.00168183202423253,4.72341253430378,0.154246752781471
8,RR,19,STS-R,RT_Upright_anti_L,0.0614076877094842,0.0520909677516621,0.113498655461146,0.00135566669197778,0.00146823748352878,4.73350289040017,0.156899219555002
8,RR,20,IPL-R,RT_Upright_anti_L,0.139405266296388,0.0766457533837373,0.216051019680126,0.00182833489336402,0.00196782868566159,4.71201414484946,0.152749166843827
8,RR,21,SPL-R,RT_Upright_anti_L,0.0617390196256779,0.119020791415783,0.180759811041461,0.00162950072812397,0.00175121161641287,4.72114299874166,0.153584350254467
8,RR,22,AG-R,RT_Upright_anti_L,0.0696592128000431,0.163148758276217,0.23280797107626,0.00190374684954917,0.00205276245359097,4.70772297970741,0.150070619880788
8,RR,23,mIPS-R,RT_Upright_anti_L,0.0515450868228425,0.108449176173476,0.159994262996319,0.00172899194432443,0.00186812369232439,4.71783496111711,0.154596426378252
8,RR,24,VIP-R,RT_Upright_anti_L,0.109151790540629,0.107834370050881,0.21698616059151,0.00202417786833835,0.00218993137014843,4.7034368083882,0.15199559496822
8,RR,25,SPOC-R,RT_Upright_anti_L,0.122716557875812,0.19978320487016,0.322499762745972,0.00237941608529227,0.00258145739678657,4.68503690694793,0.143751009339411
8,RR,26,S1-R,RT_Upright_anti_L,0.147629966278106,0.0654192280147396,0.213049194292845,0.00207936745327048,0.00224099367237921,4.70090395662857,0.153325052459349
8,RR,27,M1-R,RT_Upright_anti_L,0.109158373185557,0.0933891376516914,0.202547510837249,0.00191889723469888,0.0020624366776426,4.70710630851054,0.150572236367181
8,RR,28,SMA-R,RT_Upright_anti_L,0.0649460669829559,0.111116285668474,0.17606235265143,0.00189559573095529,0.00203929404591894,4.71040888595174,0.154177027384249
8,RR,29,PMd-R,RT_Upright_anti_L,0.0730383075179366,0.130500831249232,0.203539138767169,0.00185434678107179,0.00199485131924203,4.71117241101365,0.153215968687927
8,RR,30,PMv-R,RT_Upright_anti_L,0.0725503017533533,0.0333865965776616,0.105936898331015,0.00125667229580657,0.00135392731419288,4.73825014736076,0.157415793045929
8,RR,31,FEF-R,RT_Upright_anti_L,0.0839121014813299,0.0500183072600732,0.133930408741403,0.00145513967282734,0.00156058031675818,4.73022591285454,0.156181258925101
8,RR,32,POJ-R,RT_Upright_anti_L,0.100895077367256,0.16355260354515,0.264447680912406,0.00218597221993589,0.00236121247686911,4.69424885402014,0.147005928736876
9,SJB,1,V1-L,RT_Upright_anti_L,0.0724458626049524,0.101758271732859,0.174204134337811,0.0016465030101148,0.00179754508620616,4.65084146339024,0.150520771720616
9,SJB,2,V3-L,RT_Upright_anti_L,0.095264661028088,0.152858401848201,0.248123062876289,0.00202009049379927,0.00220282007115542,4.62953659714889,0.14557935998809
9,SJB,3,STS-L,RT_Upright_anti_L,0.103207505808221,0.072042016350999,0.17524952215922,0.0015874933845995,0.00173052411406612,4.64999285421824,0.150472395832345
9,SJB,4,IPL-L,RT_Upright_anti_L,0.0826290817195728,0.0659028218957916,0.148531903615364,0.00150207504860326,0.00163766916066862,4.65650674957154,0.152113097272566
9,SJB,5,SPL-L,RT_Upright_anti_L,0.0955007922413368,0.171306469053162,0.266807261294499,0.00215398281182533,0.00235707127676978,4.62670807165442,0.148444576024011
9,SJB,6,AG-L,RT_Upright_anti_L,0.0668115783996369,0.153267927592461,0.220079505992098,0.001822413651182,0.00198440547714869,4.63714591873821,0.145340260186739
9,SJB,7,mIPS-L,RT_Upright_anti_L,0.0911597480319801,0.17819280616215,0.26935255419413,0.00222258657133592,0.00242881469170915,4.62214521408444,0.147515507331259
9,SJB,8,VIP-L,RT_Upright_anti_L,0.144952896873465,0.109848944325966,0.254801841199431,0.00208718365077528,0.00226596508826181,4.6301533172185,0.145863216625187
9,SJB,9,SPOC-L,RT_Upright_anti_L,0.107560788619307,0.0882636798567287,0.195824468476036,0.00181911602023759,0.00198206240751329,4.64232118465429,0.150845485718242
9,SJB,10,S1-L,RT_Upright_anti_L,0.146877295198654,0.054399332647625,0.201276627846279,0.00155733826844586,0.00169737955092929,4.65122661491614,0.147957369170629
9,SJB,11,M1-L,RT_Upright_anti_L,0.0818099754017433,0.0647721727945757,0.146582148196319,0.00138865388168236,0.00151360567229104,4.65930452595614,0.152357647852461
9,SJB,12,SMA-L,RT_Upright_anti_L,0.0431868364772237,0.0509755917298186,0.0941624282070423,0.00121182173347822,0.00132735431099506,4.6702076649721,0.155438247783607
9,SJB,13,PMd-L,RT_Upright_anti_L,0.0646324929040014,0.0555115529473751,0.120144045851377,0.00121341561246178,0.00132206449116134,4.66758881459418,0.15349368084201
9,SJB,14,PMv-L,RT_Upright_anti_L,0.0413283630123647,0.0448972162186195,0.0862255792309842,0.00105451693568657,0.00114833088574581,4.6799807257901,0.155907263688403
9,SJB,15,FEF-L,RT_Upright_anti_L,0.0607604502864769,0.0675578070565348,0.128318257343012,0.00145167146380658,0.00159316320277816,4.6558104417963,0.153487213139186
9,SJB,16,POJ-L,RT_Upright_anti_L,0.0938472040063225,0.0861935201686495,0.180040724174972,0.00170004980834974,0.00185430195422549,4.64696515236062,0.151498704320534
9,SJB,17,V1-R,RT_Upright_anti_L,0.0680509451852016,0.105071845209822,0.173122790395024,0.00185555794597807,0.00203550905677121,4.64009675013687,0.152508221231192
9,SJB,18,V3-R,RT_Upright_anti_L,0.106159335993814,0.0817026151753662,0.18786195116918,0.0017055292539653,0.00184799912583367,4.64709254057694,0.150049905571256
9,SJB,19,STS-R,RT_Upright_anti_L,0.0512875703331008,0.0554467934434166,0.106734363776517,0.00138527516568491,0.00152865183160624,4.66052501023744,0.155393323055609
9,SJB,20,IPL-R,RT_Upright_anti_L,0.104161981298993,0.0394654644755785,0.143627445774572,0.0014537376743171,0.00159072890166302,4.65732267400185,0.152588256897288
9,SJB,21,SPL-R,RT_Upright_anti_L,0.0689067794687566,0.139918474052579,0.208825253521335,0.001639511859735,0.00178763256537187,4.64740797115999,0.148661818703416
9,SJB,22,AG-R,RT_Upright_anti_L,0.128300213493483,0.103930168384298,0.232230381877781,0.00202813214828448,0.00222475482946211,4.63053284836466,0.148820302124233
9,SJB,23,mIPS-R,RT_Upright_anti_L,0.123888672020783,0.10103432567758,0.224922997698363,0.00194427080800792,0.00211903981185743,4.63490964019896,0.146731957777418
9,SJB,24,VIP-R,RT_Upright_anti_L,0.112360284231324,0.0765976237620942,0.188957907993418,0.00164603595097295,0.00179508513782624,4.6479981482356,0.149820625457745
9,SJB,25,SPOC-R,RT_Upright_anti_L,0.100488536766156,0.11375361406164,0.214242150827795,0.00181688807573054,0.00196993695503249,4.64191075629593,0.147987370985328
9,SJB,26,S1-R,RT_Upright_anti_L,0.159932447434589,0.0733179545608894,0.233250401995479,0.0016140635690555,0.00176122953101732,4.64682662372585,0.146534991249731
9,SJB,27,M1-R,RT_Upright_anti_L,0.100458680074297,0.126442671616494,0.226901351690791,0.00164791794711107,0.00178998320177223,4.64549388227084,0.146801561443172
9,SJB,28,SMA-R,RT_Upright_anti_L,0.0553736663317034,0.0585979948545792,0.113971661186283,0.00131063041058765,0.00143773803716786,4.66439382674444,0.15462226402955
9,SJB,29,PMd-R,RT_Upright_anti_L,0.0435844417403452,0.0713853111759726,0.114969752916318,0.00116605431521888,0.00127763046633527,4.6716479583302,0.153664071651092
9,SJB,30,PMv-R,RT_Upright_anti_L,0.0352627687670459,0.0608276261998984,0.0960903949669442,0.0009846141332511,0.00107503544649476,4.68148876538827,0.154692135787073
9,SJB,31,FEF-R,RT_Upright_anti_L,0.0918211989000455,0.028640685934072,0.120461884834118,0.00122610754937771,0.00134256130828093,4.66731599331173,0.15503482443798
9,SJB,32,POJ-R,RT_Upright_anti_L,0.114238659877812,0.102370013565001,0.216608673442813,0.00191516361272507,0.00208182549531175,4.63850793684231,0.149442903095461
10,BG,1,V1-L,RT_Upright_anti_L,0.0913964483296936,0.0413306742760303,0.132727122605724,0.00144472044232645,0.00154422978927264,4.58014220017935,0.116481678047994
10,BG,2,V3-L,RT_Upright_anti_L,0.0603024653265644,0.0475916138182466,0.107894079144811,0.00125157023723927,0.00134004175893645,4.58936847566704,0.117525194570206
10,BG,3,STS-L,RT_Upright_anti_L,0.0564129664376897,0.0790526865936648,0.135465653031355,0.00143535438433,0.00153059572347076,4.57969480756172,0.115797526467418
10,BG,4,IPL-L,RT_Upright_anti_L,0.0524583772636456,0.0951573374526956,0.147615714716341,0.0014640038534459,0.00156549178258061,4.57799912409532,0.1170296574285
10,BG,5,SPL-L,RT_Upright_anti_L,0.0779417255989008,0.0669189462796875,0.144860671878588,0.00162942926212769,0.00173763331136462,4.57165777115972,0.116420782023401
10,BG,6,AG-L,RT_Upright_anti_L,0.0760360946952223,0.107519621811654,0.183555716506877,0.00180718874596598,0.00192996797761619,4.56186528212212,0.11445227426718
10,BG,7,mIPS-L,RT_Upright_anti_L,0.0474039705120972,0.0915036007784321,0.138907571290529,0.00143262329660552,0.0015217237231545,4.58097522756619,0.116269791290724
10,BG,8,VIP-L,RT_Upright_anti_L,0.0663232824127645,0.0837371655424783,0.150060447955243,0.00156387960121464,0.00167436855719368,4.57270131660452,0.116071716571346
10,BG,9,SPOC-L,RT_Upright_anti_L,0.0845780079916152,0.0776641886395828,0.162242196631198,0.0017179145331714,0.00183267398453961,4.56762704343663,0.115914876537414
10,BG,10,S1-L,RT_Upright_anti_L,0.128228297867879,0.0350128472347976,0.163241145102676,0.00136006317421758,0.00145628790619385,4.58303637151631,0.116077155506563
10,BG,11,M1-L,RT_Upright_anti_L,0.0625257156316311,0.0521005838110205,0.114626299442652,0.00115751825572677,0.0012348469468985,4.59437414308037,0.117535976790983
10,BG,12,SMA-L,RT_Upright_anti_L,0.0236331886670773,0.0986583270146949,0.122291515681772,0.00129780076569273,0.00138267536156933,4.58757317839483,0.117826160222575
10,BG,13,PMd-L,RT_Upright_anti_L,0.048792319037707,0.103484681288486,0.152277000326193,0.00136845174856087,0.00145813618308344,4.58254857438761,0.11600059883524
10,BG,14,PMv-L,RT_Upright_anti_L,0.0611716290900945,0.0360709386029897,0.0972425676930841,0.00109799833660692,0.00117149172009129,4.59840940415195,0.117595996885448
10,BG,15,FEF-L,RT_Upright_anti_L,0.0876249786692586,0.0699975580737377,0.157622536742996,0.00151230216285823,0.00161573810789331,4.57495320860361,0.115677456055724
10,BG,16,POJ-L,RT_Upright_anti_L,0.0711178558897138,0.0688777477879748,0.139995603677689,0.00151233859436552,0.00161324799562966,4.57644343853012,0.115145979611211
10,BG,17,V1-R,RT_Upright_anti_L,0.0481557275356908,0.0820217985659663,0.130177526101657,0.00132382864868933,0.00141293091525863,4.58523404160664,0.116523381193122
10,BG,18,V3-R,RT_Upright_anti_L,0.0731379588200787,0.0718013837718152,0.144939342591894,0.00131105332897014,0.0013949909253139,4.58612457027981,0.115278272395868
10,BG,19,STS-R,RT_Upright_anti_L,0.074472698514051,0.0536919353638621,0.128164633877913,0.00129211964914956,0.00138090051375519,4.58771107549546,0.116382253869545
10,BG,20,IPL-R,RT_Upright_anti_L,0.108383702512382,0.0644979577645485,0.172881660276931,0.0016196453269866,0.00173360378564376,4.57166202258739,0.114775163413742
10,BG,21,SPL-R,RT_Upright_anti_L,0.111494997826006,0.0513804539097857,0.162875451735791,0.00144593415790834,0.00153632551205507,4.58035355844082,0.114825492451673
10,BG,22,AG-R,RT_Upright_anti_L,0.107845280987515,0.0537490869471977,0.161594367934713,0.00154226793912221,0.00165297713534699,4.5743685869735,0.116017603147456
10,BG,23,mIPS-R,RT_Upright_anti_L,0.114091993447627,0.0670459754809007,0.181137968928528,0.00147848007031984,0.00158143599185949,4.57783547267625,0.113793644802983
10,BG,24,VIP-R,RT_Upright_anti_L,0.0679220145196005,0.0811224604951954,0.149044475014796,0.00152292098440386,0.00163117568711818,4.57634151840394,0.116240313621768
10,BG,25,SPOC-R,RT_Upright_anti_L,0.103987074698311,0.0949424016140783,0.198929476312389,0.00174558378201256,0.00185904090020405,4.56455456445554,0.113012162177231
10,BG,26,S1-R,RT_Upright_anti_L,0.0667081849229627,0.0938879784365445,0.160596163359507,0.00170868185907139,0.00182914556956698,4.56743956072722,0.116411168774162
10,BG,27,M1-R,RT_Upright_anti_L,0.074182467009726,0.147101407638341,0.221283874648067,0.00166379686634169,0.00177662499210811,4.56710867296032,0.112187428990691
10,BG,28,SMA-R,RT_Upright_anti_L,0.0403654603146702,0.0898147347628238,0.130180195077494,0.00130317819572661,0.00138497328197414,4.58736735845238,0.117370603683945
10,BG,29,PMd-R,RT_Upright_anti_L,0.0320813798546786,0.114197045583046,0.146278425437725,0.00117539949345581,0.00125370485886662,4.59276646961943,0.115537574193631
10,BG,30,PMv-R,RT_Upright_anti_L,0.0659108878812909,0.0680858864562125,0.133996774337503,0.00142025196229481,0.00152087139301449,4.58042861335661,0.116744466635844
10,BG,31,FEF-R,RT_Upright_anti_L,0.104838017181472,0.0363435841349666,0.141181601316439,0.00125373936309863,0.00133963000650358,4.58841176450014,0.116045520116143
10,BG,32,POJ-R,RT_Upright_anti_L,0.114910865573916,0.0800734250900756,0.194984290663992,0.00176459560179456,0.00188327355078606,4.56436269552837,0.112991543376173
1,DOC,1,V1-L,RT_Upright_anti_R,0.0379394945275738,0.0507589977338792,0.088698492261453,0.000928891243177586,0.000994224209043543,4.36087396597115,0.0832539097740541
1,DOC,2,V3-L,RT_Upright_anti_R,0.0676329476323385,0.0438804135352708,0.111513361167609,0.00116187373356477,0.00124610056369232,4.34613613325959,0.0821325881322267
1,DOC,3,STS-L,RT_Upright_anti_R,0.0386454348681028,0.038172543991364,0.0768179788594668,0.000851466965492579,0.000909027279144784,4.36824350056542,0.0833015651164583
1,DOC,4,IPL-L,RT_Upright_anti_R,0.0826875155776459,0.0874089430776173,0.170096458655263,0.00128299436903019,0.00136624623594632,4.34185917412609,0.080587825420857
1,DOC,5,SPL-L,RT_Upright_anti_R,0.0663571733998,0.0635144459216556,0.129871619321456,0.00121968345182895,0.00130078399317916,4.34561295315712,0.08156113151184
1,DOC,6,AG-L,RT_Upright_anti_R,0.0549906639863352,0.0227884326570556,0.0777790966433909,0.000912626997318538,0.000974474352469638,4.36286812325405,0.0838589832479489
1,DOC,7,mIPS-L,RT_Upright_anti_R,0.0536644192897445,0.039203756319916,0.0928681756096605,0.00109525213524289,0.00116835343523451,4.35159342561649,0.0837648818134753
1,DOC,8,VIP-L,RT_Upright_anti_R,0.15088303309011,0.0594543430571828,0.210337376147293,0.00155408175689012,0.0016597257117252,4.32563507190628,0.0785420472510213
1,DOC,9,SPOC-L,RT_Upright_anti_R,0.0679233699970331,0.0346893042701805,0.102612674267214,0.00102062721076457,0.0010940677165087,4.35445218784656,0.0828537757556754
1,DOC,10,S1-L,RT_Upright_anti_R,0.0928790800171312,0.105845172138765,0.198724252155896,0.00135313992132446,0.00144022335524538,4.33740585029509,0.0788239009162544
1,DOC,11,M1-L,RT_Upright_anti_R,0.0351688176015908,0.101127809730981,0.136296627332572,0.00105531879179791,0.00112492491947917,4.35588961325338,0.0817145184054847
1,DOC,12,SMA-L,RT_Upright_anti_R,0.0348199612399048,0.0560585798552856,0.0908785410951904,0.00102660264279734,0.00109942261925994,4.35422205108819,0.0834477931938988
1,DOC,13,PMd-L,RT_Upright_anti_R,0.061965880369342,0.0386790018206864,0.100644882190028,0.000936550173225743,0.00100210661932835,4.36245311977732,0.0819893653007039
1,DOC,14,PMv-L,RT_Upright_anti_R,0.0343492742725737,0.0660461101733159,0.10039538444589,0.00102013113939608,0.00109500845183091,4.35518004255136,0.0828207774424859
1,DOC,15,FEF-L,RT_Upright_anti_R,0.086662061379374,0.0491286308221407,0.135790692201515,0.00117087174665735,0.00124810240365417,4.34679058964266,0.0804185847492401
1,DOC,16,POJ-L,RT_Upright_anti_R,0.0509253235436089,0.0658235598860051,0.116748883429614,0.00113845803452398,0.0012196831897648,4.3488056831081,0.0814306131276314
1,DOC,17,V1-R,RT_Upright_anti_R,0.0315129016462688,0.053672114279056,0.0851850159253248,0.000901797060115911,0.000962128406392444,4.36377480591868,0.0841071528469101
1,DOC,18,V3-R,RT_Upright_anti_R,0.0347558480968962,0.0471967955988208,0.0819526436957169,0.000885926072684091,0.000943236844538997,4.36455651022482,0.0836754479058502
1,DOC,19,STS-R,RT_Upright_anti_R,0.049909034834877,0.0239195854891588,0.0738286203240358,0.000842521655514891,0.000901533821930781,4.36765865374964,0.0843840188483704
1,DOC,20,IPL-R,RT_Upright_anti_R,0.0712796220918164,0.0416830389376228,0.112962661029439,0.00108444499383211,0.0011594290258477,4.35127561865881,0.0827609889072363
1,DOC,21,SPL-R,RT_Upright_anti_R,0.0361075817677609,0.0512087421340197,0.0873163239017806,0.00104496799117015,0.00111973960194624,4.35419854150473,0.0839460966715831
1,DOC,22,AG-R,RT_Upright_anti_R,0.0407205250333708,0.0469483931380059,0.0876689181713768,0.00101731715412922,0.00109161698243344,4.35658359842627,0.0840967967822435
1,DOC,23,mIPS-R,RT_Upright_anti_R,0.0321677301224115,0.0605354781454439,0.0927032082678554,0.00105779371996347,0.00113461490754143,4.354019446193,0.0838671002986548
1,DOC,24,VIP-R,RT_Upright_anti_R,0.0454024850376816,0.0533221760192679,0.0987246610569496,0.00105119111080081,0.00112595690285701,4.35359543612388,0.0835866670803778
1,DOC,25,SPOC-R,RT_Upright_anti_R,0.0392041558754729,0.0449561304466248,0.0841602863220977,0.000955064798714903,0.00102338777285492,4.35888804899011,0.0836641751669221
1,DOC,26,S1-R,RT_Upright_anti_R,0.0511255189085009,0.0713620704411052,0.122487589349606,0.00127640008470913,0.00136548876766295,4.33950299637494,0.0825972576696304
1,DOC,27,M1-R,RT_Upright_anti_R,0.0738037198740156,0.0358593142215468,0.109663034095562,0.00108435452151244,0.00115909998733395,4.35214552240898,0.0828265434072999
1,DOC,28,SMA-R,RT_Upright_anti_R,0.0231108658490852,0.0498466551654177,0.0729575210145029,0.000832833271649641,0.000890218011223912,4.36902214745389,0.0841216803441424
1,DOC,29,PMd-R,RT_Upright_anti_R,0.0607008421844632,0.0519516401531266,0.11265248233759,0.00117024414926601,0.00125591906161125,4.34625049491709,0.082507623226465
1,DOC,30,PMv-R,RT_Upright_anti_R,0.0222737740515025,0.0876702809964714,0.109944055047974,0.000835892378427674,0.000886912202917401,4.36796392873342,0.0820728545641429
1,DOC,31,FEF-R,RT_Upright_anti_R,0.0748410425144608,0.0581421422425541,0.132983184757015,0.00120951447358965,0.00129954630075281,4.34181674212512,0.0815387507938466
1,DOC,32,POJ-R,RT_Upright_anti_R,0.0399905623626441,0.0435460586438939,0.0835366210065379,0.000998845184869152,0.00107309142754874,4.35685402076002,0.0843340432905181
2,GB,1,V1-L,RT_Upright_anti_R,0.0367100791769755,0.0599947043250528,0.0967047835020283,0.00106783802402681,0.00114643753693249,4.61700473574413,0.121515599314701
2,GB,2,V3-L,RT_Upright_anti_R,0.111419973588077,0.0345102387029729,0.145930212291049,0.00129040516545815,0.00138492417311626,4.60395597689434,0.1188956958671
2,GB,3,STS-L,RT_Upright_anti_R,0.101085777099947,0.0366743655052389,0.137760142605186,0.00145242256419924,0.00155503197071643,4.59697027376134,0.119973188367164
2,GB,4,IPL-L,RT_Upright_anti_R,0.104562145041336,0.0627062781136421,0.167268423154978,0.00162452745395475,0.00173322966649962,4.58935772509326,0.118008420476714
2,GB,5,SPL-L,RT_Upright_anti_R,0.0902457845888457,0.0858042896396281,0.176050074228474,0.00165949688552582,0.0017773866786786,4.58805655509815,0.117273689803377
2,GB,6,AG-L,RT_Upright_anti_R,0.0639942500040346,0.0930244608057009,0.157018710809736,0.00167226824064714,0.00179053727742665,4.58704925633791,0.119517697850413
2,GB,7,mIPS-L,RT_Upright_anti_R,0.0947733728134278,0.0705488714124717,0.165322244225899,0.0016982600777829,0.00182148966166367,4.58558600770567,0.118920523426205
2,GB,8,VIP-L,RT_Upright_anti_R,0.0936229411252831,0.0794157828202124,0.173038723945495,0.00173643289360908,0.00185754769452009,4.58381058232701,0.118490669627708
2,GB,9,SPOC-L,RT_Upright_anti_R,0.100585341122568,0.0899594446478135,0.190544785770382,0.0016626691889019,0.00177815942310446,4.58797576154064,0.116492517364798
2,GB,10,S1-L,RT_Upright_anti_R,0.0485809785397384,0.0855104936725969,0.134091472212335,0.00148544637110188,0.0015926661722925,4.59602529027744,0.119702598782787
2,GB,11,M1-L,RT_Upright_anti_R,0.0409674009966532,0.144294256776411,0.185261657773064,0.00162887262658776,0.00174450711056292,4.58911818559825,0.118198023634384
2,GB,12,SMA-L,RT_Upright_anti_R,0.0510179810563378,0.064199570814066,0.115217551870404,0.00140402539868751,0.00150844983794561,4.59949152980015,0.121182215613446
2,GB,13,PMd-L,RT_Upright_anti_R,0.05729477887091,0.140538919118067,0.197833697988977,0.0016678290773182,0.00178135359868307,4.58649870056731,0.117137540201883
2,GB,14,PMv-L,RT_Upright_anti_R,0.0560990745997671,0.0842664399726817,0.140365514572449,0.00139551164380479,0.00149017109223925,4.6003020149939,0.119046525824725
2,GB,15,FEF-L,RT_Upright_anti_R,0.157844979521773,0.0491250246762347,0.206970004198008,0.00172019462880694,0.00184122241547351,4.58397949053779,0.117154099645895
2,GB,16,POJ-L,RT_Upright_anti_R,0.0623266644682285,0.161814242599303,0.224140907067532,0.00164367264970813,0.00174986146985613,4.58774250442696,0.114129343900269
2,GB,17,V1-R,RT_Upright_anti_R,0.0602207330697268,0.0461065906966117,0.106327323766338,0.00121863784892635,0.00131010529869526,4.60868996611006,0.121003123028593
2,GB,18,V3-R,RT_Upright_anti_R,0.0768229745294936,0.0593218115503301,0.136144786079824,0.00127655784443089,0.00137060609381467,4.60420234940196,0.117344315350579
2,GB,19,STS-R,RT_Upright_anti_R,0.0843340065795262,0.0654469203619474,0.149780926941474,0.0015612015539794,0.00167221848205038,4.59090761139154,0.117697809801339
2,GB,20,IPL-R,RT_Upright_anti_R,0.0784153922346511,0.0677104452558105,0.146125837490462,0.00151224894573788,0.00161689080415353,4.59485759034855,0.117576256680999
2,GB,21,SPL-R,RT_Upright_anti_R,0.11817787226924,0.0503915229212655,0.168569395190506,0.00170386474697954,0.0018332518116403,4.58473117834201,0.118408491128957
2,GB,22,AG-R,RT_Upright_anti_R,0.0915368823691158,0.0547432652492746,0.14628014761839,0.00149079328696637,0.00160247296241976,4.59376759186188,0.117173309709761
2,GB,23,mIPS-R,RT_Upright_anti_R,0.0729172976868674,0.0663558296770958,0.139273127363963,0.00148799565224049,0.00159176506732247,4.59498310070895,0.118978009087595
2,GB,24,VIP-R,RT_Upright_anti_R,0.0882869501441979,0.0624614686113623,0.15074841875556,0.00148166976682723,0.00158815317520284,4.59643415854296,0.118338507583769
2,GB,25,SPOC-R,RT_Upright_anti_R,0.0529577004033893,0.0915764569320219,0.144534157335411,0.00138789080374019,0.00149494862626575,4.59971258375351,0.118064407530585
2,GB,26,S1-R,RT_Upright_anti_R,0.0807954926099844,0.0410980430687301,0.121893535678715,0.00119456346350072,0.00127556500315189,4.61121906274922,0.119255386815107
2,GB,27,M1-R,RT_Upright_anti_R,0.088910620655358,0.120901148520697,0.209811769176055,0.00175760287580341,0.00188448562752631,4.58022861919206,0.112510304212752
2,GB,28,SMA-R,RT_Upright_anti_R,0.0701050365359303,0.102671312059537,0.172776348595467,0.00176420783523584,0.0018946691501998,4.5825327872896,0.118439102180332
2,GB,29,PMd-R,RT_Upright_anti_R,0.0846800973579017,0.0567121980334785,0.14139229539138,0.0012884237731566,0.00137688801527331,4.60565869797002,0.117004238716607
2,GB,30,PMv-R,RT_Upright_anti_R,0.0365981560729658,0.0755811990923778,0.112179355165344,0.0013584548846145,0.00146027437403784,4.60157238957046,0.121000024243779
2,GB,31,FEF-R,RT_Upright_anti_R,0.0383474538811745,0.0543972577846091,0.0927447116657836,0.0010639683922565,0.00113885433667813,4.61796025960563,0.120245859593859
2,GB,32,POJ-R,RT_Upright_anti_R,0.0528391982601507,0.0892145338563334,0.142053732116484,0.00137244948515547,0.00147563387600093,4.59930087492241,0.118873413697674
3,JDC,1,V1-L,RT_Upright_anti_R,0.0949759523349816,0.0850493982022206,0.180025350537202,0.00182150657164593,0.00195906668157806,4.69390660870912,0.135930245821842
3,JDC,2,V3-L,RT_Upright_anti_R,0.07123990893643,0.0921121634716137,0.163352072408044,0.00156322320357377,0.00166909648448186,4.70645872646498,0.137921575820564
3,JDC,3,STS-L,RT_Upright_anti_R,0.0692910444534966,0.0417605986297645,0.111051643083261,0.00147339440716791,0.00157946236675253,4.71150383061436,0.14104126618613
3,JDC,4,IPL-L,RT_Upright_anti_R,0.0635117428963931,0.0883817269975271,0.15189346989392,0.00166458280247692,0.00177939704298712,4.7019256367991,0.138802316576598
3,JDC,5,SPL-L,RT_Upright_anti_R,0.126751652777296,0.0597238727983635,0.18647552557566,0.00172838922027717,0.00185225667738777,4.69943512163055,0.137776858732802
3,JDC,6,AG-L,RT_Upright_anti_R,0.0992275899335764,0.046097406797829,0.145324996731405,0.00140633717654875,0.00150244052027577,4.7132064514337,0.137274620465143
3,JDC,7,mIPS-L,RT_Upright_anti_R,0.124734869892581,0.0525961691671831,0.177331039059764,0.00166547135946106,0.00178228151847573,4.70298008492378,0.137791044663282
3,JDC,8,VIP-L,RT_Upright_anti_R,0.0844107612467033,0.0649608314736762,0.14937159272038,0.00157654793509805,0.00168849852566947,4.70620981201844,0.139252003584033
3,JDC,9,SPOC-L,RT_Upright_anti_R,0.0548613976947225,0.12302000368233,0.177881401377053,0.00166560954984813,0.00178078374772536,4.70223695055184,0.136138211306884
3,JDC,10,S1-L,RT_Upright_anti_R,0.0834251822015822,0.0936127448695658,0.177037927071148,0.00183589877477902,0.00196165331067648,4.6945760177007,0.137566421013162
3,JDC,11,M1-L,RT_Upright_anti_R,0.0608880584800684,0.0950382581178186,0.155926316597887,0.00163871111689978,0.00175375838172723,4.70425204469658,0.139793973411046
3,JDC,12,SMA-L,RT_Upright_anti_R,0.0370531458670631,0.0805278895033106,0.117581035370374,0.00143196974414559,0.00152758616786742,4.71404866795736,0.141276822003069
3,JDC,13,PMd-L,RT_Upright_anti_R,0.0507267912512582,0.1634716849666,0.214198476217859,0.00180086131167448,0.00192172258019067,4.6927330234358,0.136802775447023
3,JDC,14,PMv-L,RT_Upright_anti_R,0.0469277171527946,0.0715565643038182,0.118484281456613,0.00117765829899074,0.00125606469440761,4.72565372641468,0.140132527910453
3,JDC,15,FEF-L,RT_Upright_anti_R,0.0723181315727497,0.0888848388718756,0.161202970444625,0.00167681049721473,0.00179666161648024,4.70017497754259,0.139836111277756
3,JDC,16,POJ-L,RT_Upright_anti_R,0.133682893659422,0.0660092879602555,0.199692181619677,0.00172188704223681,0.00183475215153596,4.69950281335641,0.134522229736522
3,JDC,17,V1-R,RT_Upright_anti_R,0.0628990067093847,0.0781785224464078,0.141077529155792,0.00153577659936423,0.00164215480299725,4.71031985193558,0.139498648423997
3,JDC,18,V3-R,RT_Upright_anti_R,0.108098682104651,0.0774210277635705,0.185519709868221,0.0017679426404531,0.00189356594073373,4.69832149518887,0.137479702457434
3,JDC,19,STS-R,RT_Upright_anti_R,0.0727409032435646,0.053860117411832,0.126601020655397,0.00151426705423651,0.00161376887810529,4.71023455744329,0.140295628183829
3,JDC,20,IPL-R,RT_Upright_anti_R,0.0728732197146329,0.115772775413547,0.18864599512818,0.00186747950861283,0.00199349281830709,4.69336802348323,0.138919740970442
3,JDC,21,SPL-R,RT_Upright_anti_R,0.0724484949967597,0.128731429389195,0.201179924385955,0.00190731783743366,0.00203511526864247,4.69333550971908,0.136702236373117
3,JDC,22,AG-R,RT_Upright_anti_R,0.143218348215149,0.0771957140897534,0.220414062304903,0.00209354890049845,0.0022353479369187,4.68330434597275,0.136012447830048
3,JDC,23,mIPS-R,RT_Upright_anti_R,0.131386085667489,0.0797920205990788,0.211178106266567,0.00202153947678124,0.002157111596618,4.68759161179196,0.135874941981272
3,JDC,24,VIP-R,RT_Upright_anti_R,0.0871350160785966,0.110865433780499,0.198000449859096,0.00185636952153906,0.00197934687056991,4.69395734539617,0.137227231798496
3,JDC,25,SPOC-R,RT_Upright_anti_R,0.0726689881099289,0.268765249175556,0.341434237285485,0.00224216513804265,0.00239824694603026,4.67564886000298,0.132259889513144
3,JDC,26,S1-R,RT_Upright_anti_R,0.108873695228473,0.065953727572282,0.174827422800755,0.00176825318474881,0.00188284855803832,4.69688936952112,0.138996431806339
3,JDC,27,M1-R,RT_Upright_anti_R,0.132923375261836,0.0432662093364249,0.176189584598261,0.00163789506073197,0.00174482521003705,4.70180642356886,0.13833423017133
3,JDC,28,SMA-R,RT_Upright_anti_R,0.0404677444074342,0.0716220170207664,0.112089761428201,0.00139869696179125,0.00149002856432466,4.71550015714907,0.14094091304469
3,JDC,29,PMd-R,RT_Upright_anti_R,0.0499713776032706,0.105191730999799,0.155163108603069,0.00160780495236645,0.00171152893634195,4.70416952678069,0.13965581440035
3,JDC,30,PMv-R,RT_Upright_anti_R,0.0713289297180999,0.059026291354921,0.130355221073021,0.00144604592779847,0.00153980157436448,4.71356614466796,0.140175368783386
3,JDC,31,FEF-R,RT_Upright_anti_R,0.141632729647286,0.0511017187923455,0.192734448439631,0.00182148091719415,0.0019420826650482,4.69398280872088,0.138355653736208
3,JDC,32,POJ-R,RT_Upright_anti_R,0.197560282980123,0.140706295078067,0.338266578058191,0.00235166946664427,0.00250352030119646,4.6722328839234,0.128049011730687
4,JFXD,1,V1-L,RT_Upright_anti_R,0.0396615265511179,0.030834066789857,0.0704955933409749,0.000850509473112467,0.000916902083179841,4.33146341856442,0.0862116579713584
4,JFXD,2,V3-L,RT_Upright_anti_R,0.0390272998272653,0.0318056209104672,0.0708329207377325,0.000802841369962237,0.000860999489940508,4.33696629021427,0.0857270062948149
4,JFXD,3,STS-L,RT_Upright_anti_R,0.0271719959573525,0.0795403015018104,0.106712297459163,0.00109884414008044,0.00118373460673294,4.31647437926739,0.0845103804246951
4,JFXD,4,IPL-L,RT_Upright_anti_R,0.0578272664717207,0.0384270532629497,0.0962543197346705,0.00101254844143319,0.00108180507902784,4.32370326889466,0.0841380082181029
4,JFXD,5,SPL-L,RT_Upright_anti_R,0.0641685600515705,0.0403173503862327,0.104485910437803,0.0011053198619568,0.0011814088435768,4.31825152361797,0.0839530162035909
4,JFXD,6,AG-L,RT_Upright_anti_R,0.0265967783550549,0.0563021553173947,0.0828989336724496,0.000972716628818446,0.00104626390647817,4.32543615118834,0.0852998972820035
4,JFXD,7,mIPS-L,RT_Upright_anti_R,0.0404100725361507,0.0468681045534789,0.0872781770896296,0.0010030796873769,0.00107118834131287,4.32529373549706,0.0841361428549664
4,JFXD,8,VIP-L,RT_Upright_anti_R,0.0675267864475023,0.0378587812759326,0.105385567723435,0.00105204062755613,0.00112034510961509,4.32187059344247,0.0836347295504803
4,JFXD,9,SPOC-L,RT_Upright_anti_R,0.0200759139008154,0.0518882707310536,0.071964184631869,0.000885731504420713,0.000944837454382311,4.33301351895489,0.0856266744282605
4,JFXD,10,S1-L,RT_Upright_anti_R,0.0562460173229333,0.0377695122837036,0.0940155296066368,0.000989451666779057,0.00105715888696211,4.32507196133382,0.0847009339673375
4,JFXD,11,M1-L,RT_Upright_anti_R,0.0375749564089502,0.0287611161675601,0.0663360725765102,0.000790937339327125,0.000839206870905491,4.33989614735327,0.0853520652126604
4,JFXD,12,SMA-L,RT_Upright_anti_R,0.0539948499697902,0.0429643870023377,0.0969592369721279,0.00104240100468359,0.00111125222344119,4.32345128988704,0.0835268766835795
4,JFXD,13,PMd-L,RT_Upright_anti_R,0.0381210706010167,0.0281098298942675,0.0662309004952842,0.000781256349772624,0.000830371591107668,4.34138679915079,0.0853740776853287
4,JFXD,14,PMv-L,RT_Upright_anti_R,0.088778451531292,0.170186426000206,0.258964877531498,0.00164577672871158,0.00175068652560263,4.28427083577045,0.0718325422783862
4,JFXD,15,FEF-L,RT_Upright_anti_R,0.0998855803371172,0.069333808813567,0.169219389150684,0.00130314870415648,0.00139826851735915,4.3059607547443,0.079143860020308
4,JFXD,16,POJ-L,RT_Upright_anti_R,0.0178253483888706,0.0531132854886186,0.0709386338774892,0.000770319570475686,0.00081759897979607,4.34213744529685,0.0854793515368424
4,JFXD,17,V1-R,RT_Upright_anti_R,0.0360106519652076,0.0320685495232662,0.0680792014884738,0.000799631826966959,0.000855793660907692,4.33672835131733,0.0858596287108836
4,JFXD,18,V3-R,RT_Upright_anti_R,0.0430269385364624,0.0449287908599429,0.0879557293964053,0.000968335688194663,0.00103770932002215,4.32560510710572,0.0841898904272638
4,JFXD,19,STS-R,RT_Upright_anti_R,0.0616004271461168,0.0462585599577378,0.107858987103855,0.00103709994410091,0.00111203038375673,4.32289294285882,0.0838454455330952
4,JFXD,20,IPL-R,RT_Upright_anti_R,0.0786235105537249,0.0463705566024383,0.124994067156163,0.00111210703879715,0.00119218629893593,4.31820167187906,0.0827449145493826
4,JFXD,21,SPL-R,RT_Upright_anti_R,0.0538737187657044,0.0191777774151036,0.073051496180808,0.000846564526567714,0.000903240921056227,4.33525076929072,0.0860066699201903
4,JFXD,22,AG-R,RT_Upright_anti_R,0.0424999394376397,0.081904063319557,0.124404002757197,0.00109659504995992,0.00116452898213396,4.31949743328065,0.0822286289848602
4,JFXD,23,mIPS-R,RT_Upright_anti_R,0.0400506685162593,0.0653335954503692,0.105384263966628,0.00105687504736599,0.00112664328814823,4.32224025233918,0.0840308251543996
4,JFXD,24,VIP-R,RT_Upright_anti_R,0.068053634123863,0.0537540342147727,0.121807668338636,0.00107051606479366,0.00114458186894895,4.32050415378899,0.0832534525096876
4,JFXD,25,SPOC-R,RT_Upright_anti_R,0.0440965212706207,0.0337756165859226,0.0778721378565433,0.00093222232789884,0.00100217320871603,4.32798371554168,0.0857430597888833
4,JFXD,26,S1-R,RT_Upright_anti_R,0.049413257032527,0.0310280407185434,0.0804412977510703,0.000867173184258612,0.000926996692857891,4.33382168709929,0.0847422147793877
4,JFXD,27,M1-R,RT_Upright_anti_R,0.0580738469031924,0.0285419307975871,0.0866157777007795,0.000906945136023686,0.00096728003952725,4.33131721823125,0.0842901822069775
4,JFXD,28,SMA-R,RT_Upright_anti_R,0.0509080269261128,0.0402683777904524,0.0911764047165652,0.000992304678936672,0.00105638559515972,4.32715720320886,0.0836244737342949
4,JFXD,29,PMd-R,RT_Upright_anti_R,0.0748182402729839,0.0522246165657241,0.127042856838708,0.00125142993626235,0.00134599453500967,4.30685884825525,0.0820330229177992
4,JFXD,30,PMv-R,RT_Upright_anti_R,0.0588767920880996,0.111921424611096,0.170798216699195,0.00144004240616966,0.00154486399830449,4.2961938412931,0.0792977115621917
4,JFXD,31,FEF-R,RT_Upright_anti_R,0.0394211932621503,0.0274721574130371,0.0668933506751874,0.000839046159091585,0.000901448918012068,4.33547066692078,0.085101572320926
4,JFXD,32,POJ-R,RT_Upright_anti_R,0.056626292259493,0.0717579715136909,0.128384263773184,0.00132580716784416,0.00142365153557315,4.30378268064998,0.0831965699283678
5,JZ,1,V1-L,RT_Upright_anti_R,0.0869358412295814,0.0477292655385956,0.134665106768177,0.00128601699100389,0.00139538398666022,4.46952081450584,0.109932416856343
5,JZ,2,V3-L,RT_Upright_anti_R,0.083963024009059,0.0470004030733397,0.130963427082399,0.00131145826171938,0.00141928841806815,4.46903707193497,0.109792796544788
5,JZ,3,STS-L,RT_Upright_anti_R,0.0680439692756698,0.050395453041094,0.118439422316764,0.00130589921704031,0.00142093628837875,4.46910631855655,0.111194461461748
5,JZ,4,IPL-L,RT_Upright_anti_R,0.0509189107223354,0.142242267175045,0.19316117789738,0.00150735949263692,0.00162926721597534,4.45913478076726,0.10800610695618
5,JZ,5,SPL-L,RT_Upright_anti_R,0.0478110118059983,0.0505412803247035,0.0983522921307018,0.00108882206777268,0.00118453676676523,4.48179201549276,0.111516989670047
5,JZ,6,AG-L,RT_Upright_anti_R,0.0691060205646507,0.0448549381236018,0.113960958688252,0.00109655035222731,0.00118760175310901,4.48205660767358,0.110486500845755
5,JZ,7,mIPS-L,RT_Upright_anti_R,0.0593887866000286,0.0480153162006682,0.107404102800697,0.00100048911484826,0.00108156768029918,4.48695285677146,0.110577344573023
5,JZ,8,VIP-L,RT_Upright_anti_R,0.0985476501656129,0.0455229505364847,0.144070600702098,0.00117676579195457,0.00126423678347059,4.47785258252075,0.110241746905106
5,JZ,9,SPOC-L,RT_Upright_anti_R,0.048840931439173,0.0616819467126183,0.110522878151791,0.00112693425229592,0.00122004794503209,4.48012388961953,0.109334421739906
5,JZ,10,S1-L,RT_Upright_anti_R,0.0741705184888591,0.1522057139101,0.226376232398959,0.0016811154494682,0.00182102467383299,4.44916231949642,0.106491406350041
5,JZ,11,M1-L,RT_Upright_anti_R,0.0262352417486701,0.16138873688972,0.18762397863839,0.00153341155863475,0.00166282242072834,4.45804637366059,0.10940810220117
5,JZ,12,SMA-L,RT_Upright_anti_R,0.040249839236133,0.0380478803023634,0.0782977195384964,0.000940223316192848,0.001020934968096,4.49131134225279,0.112268350729348
5,JZ,13,PMd-L,RT_Upright_anti_R,0.0818394256885684,0.10061159472576,0.182451020414329,0.00155238455352607,0.00167951865450116,4.45661482796921,0.108236002907446
5,JZ,14,PMv-L,RT_Upright_anti_R,0.0587422749167433,0.0448581863098262,0.10360046122657,0.00117399360380394,0.00127381374600586,4.47579981217237,0.110912841775512
5,JZ,15,FEF-L,RT_Upright_anti_R,0.0413973137852284,0.0428260787755144,0.0842233925607428,0.00100000647164136,0.00107991950383585,4.4868742636596,0.111283539723099
5,JZ,16,POJ-L,RT_Upright_anti_R,0.0440704726604329,0.0851598608851479,0.129230333545581,0.00120082077224183,0.00130113706334996,4.47549796437129,0.108712929562458
5,JZ,17,V1-R,RT_Upright_anti_R,0.0624836096906564,0.0698960488931364,0.132379658583793,0.00122255440783015,0.00132909315686927,4.47000570687969,0.107699292682397
5,JZ,18,V3-R,RT_Upright_anti_R,0.0616277009618287,0.0621531847616011,0.12378088572343,0.00134973166246829,0.0014712049958201,4.46640462178053,0.110760211649614
5,JZ,19,STS-R,RT_Upright_anti_R,0.0751190862027892,0.0492513218143476,0.124370408017137,0.00119512762924134,0.00129401746380564,4.47524799651325,0.109895030798419
5,JZ,20,IPL-R,RT_Upright_anti_R,0.0671483738777017,0.0472454445353769,0.114393818413079,0.00116549139958746,0.0012733781740602,4.47639879279518,0.110087224003983
5,JZ,21,SPL-R,RT_Upright_anti_R,0.0827996738934728,0.0611645615109682,0.143964235404441,0.00134084764685196,0.00145403348593865,4.46626393676443,0.108528281001145
5,JZ,22,AG-R,RT_Upright_anti_R,0.0554703132145047,0.0576673930926877,0.113137706307192,0.00128949144888313,0.0014037156152426,4.47113307454726,0.111812146576926
5,JZ,23,mIPS-R,RT_Upright_anti_R,0.070859664278476,0.0659749109776802,0.136834575256156,0.0012705661555972,0.00137480742702673,4.47135416874884,0.10826335209911
5,JZ,24,VIP-R,RT_Upright_anti_R,0.0972822766444992,0.0477112248436921,0.144993501488191,0.00134173421519214,0.00145954674147205,4.46730781224407,0.108122729848581
5,JZ,25,SPOC-R,RT_Upright_anti_R,0.103187769490338,0.128767513873349,0.231955283363687,0.00163631488824314,0.00175890170523625,4.45040871652985,0.101643358105847
5,JZ,26,S1-R,RT_Upright_anti_R,0.0872825719492305,0.0527080940100308,0.139990665959261,0.00137892153327413,0.00149639573008851,4.46543356711084,0.110492898943105
5,JZ,27,M1-R,RT_Upright_anti_R,0.0794766585763493,0.0712433044698384,0.150719963046188,0.00143213088693587,0.00154524070474212,4.46241942644935,0.108656007771993
5,JZ,28,SMA-R,RT_Upright_anti_R,0.100357430834827,0.0368084335484262,0.137165864383253,0.00120830311600048,0.00130643345050344,4.47538023993004,0.11114276159994
5,JZ,29,PMd-R,RT_Upright_anti_R,0.0655204290386346,0.0911651359448944,0.156685564983529,0.00128090613581087,0.00138057598626956,4.46992647400691,0.108580851721347
5,JZ,30,PMv-R,RT_Upright_anti_R,0.0383439310918127,0.0457482690306122,0.0840922001224249,0.00097325880605235,0.00105275198086042,4.48828936455812,0.112361987412176
5,JZ,31,FEF-R,RT_Upright_anti_R,0.0736993208297974,0.03391105679657,0.107610377626367,0.00100484060776202,0.00108562912545655,4.48621362229968,0.109987381679525
5,JZ,32,POJ-R,RT_Upright_anti_R,0.0543529942325942,0.0707752665164636,0.125128260749058,0.00116706971547057,0.00126659538347141,4.47822077743693,0.109162019975787
6,LT,1,V1-L,RT_Upright_anti_R,0.036253862049039,0.0642270990188053,0.100480961067844,0.000958964841707809,0.00101946750199283,4.32832769812777,0.0741885540140426
6,LT,2,V3-L,RT_Upright_anti_R,0.0313762218611732,0.0895009053487485,0.120877127209922,0.00115155608487371,0.00123041018691389,4.3158997883594,0.0752080188674011
6,LT,3,STS-L,RT_Upright_anti_R,0.0463191473656402,0.057623483085154,0.103942630450794,0.00104701832040313,0.00111249715051997,4.32313227958544,0.0742626789173351
6,LT,4,IPL-L,RT_Upright_anti_R,0.0510409749881487,0.0514693254017085,0.102510300389857,0.00108477674646637,0.00115197495257218,4.32177522964284,0.075487029835223
6,LT,5,SPL-L,RT_Upright_anti_R,0.0431734541745835,0.0961923956097664,0.13936584978435,0.00124402105222337,0.00132185225356693,4.31154350980353,0.0734326844684001
6,LT,6,AG-L,RT_Upright_anti_R,0.100012229440443,0.0437348686364769,0.14374709807692,0.00119277614674273,0.00126468134495661,4.31526315420045,0.0733407923703453
6,LT,7,mIPS-L,RT_Upright_anti_R,0.0427896228282289,0.0960020338311498,0.138791656659379,0.00126502421480602,0.0013429330544729,4.30913395907223,0.0731958603373399
6,LT,8,VIP-L,RT_Upright_anti_R,0.0788633493779171,0.0444319425345884,0.123295291912506,0.00116624818417015,0.0012371303968521,4.31640603997119,0.0740984714582127
6,LT,9,SPOC-L,RT_Upright_anti_R,0.0672310693516124,0.0381679566304194,0.105399025982032,0.00101377605684034,0.00107670180765865,4.3251647898216,0.074447760710762
6,LT,10,S1-L,RT_Upright_anti_R,0.0394748135115636,0.0473572010244566,0.0868320145360202,0.000982275975408734,0.0010432301500856,4.32855102001367,0.0758094381256161
6,LT,11,M1-L,RT_Upright_anti_R,0.0520242951971001,0.0326664602926551,0.0846907554897552,0.000987858321761872,0.00105038911359482,4.32742826084393,0.0760771567662638
6,LT,12,SMA-L,RT_Upright_anti_R,0.0302158258968302,0.0395244962844583,0.0697403221812884,0.000849269034142079,0.000903779384067531,4.33579961297068,0.0765057854139554
6,LT,13,PMd-L,RT_Upright_anti_R,0.0315257052576234,0.0507105772301473,0.0822362824877707,0.00086326285184417,0.000918441891726727,4.33479083961663,0.0755471497958581
6,LT,14,PMv-L,RT_Upright_anti_R,0.0484815924387394,0.0406759012083295,0.0891574936470688,0.000990750373421658,0.00105466162471927,4.32692247422129,0.075941769203938
6,LT,15,FEF-L,RT_Upright_anti_R,0.0681235744764137,0.0497508110689339,0.117874385545348,0.00115351890996919,0.00122271228911315,4.31724533102557,0.0742177134163544
6,LT,16,POJ-L,RT_Upright_anti_R,0.0773606459744487,0.0353500702787786,0.112710716253227,0.00106095697776067,0.00112647954526383,4.32209662324067,0.0744260530272554
6,LT,17,V1-R,RT_Upright_anti_R,0.0533271673983796,0.0703424932857844,0.123669660684164,0.00110034912238407,0.00116979826061335,4.3194684046029,0.0734569539821995
6,LT,18,V3-R,RT_Upright_anti_R,0.0451343132002473,0.0319863398242502,0.0771206530244974,0.000897371648342891,0.00095713243404962,4.33253820972803,0.0766271065084807
6,LT,19,STS-R,RT_Upright_anti_R,0.0389025619950986,0.0354135056741679,0.0743160676692665,0.000915285147754772,0.000976057478784096,4.33027318721475,0.0767815121355487
6,LT,20,IPL-R,RT_Upright_anti_R,0.0465251050797776,0.0469424304023829,0.0934675354821605,0.00102581288173922,0.00109299474452812,4.32358329547869,0.0749991984885677
6,LT,21,SPL-R,RT_Upright_anti_R,0.0394981044596411,0.076639384413767,0.116137488873408,0.00111298648309543,0.00118492304169141,4.31855772674994,0.0745508253341854
6,LT,22,AG-R,RT_Upright_anti_R,0.0571544738366195,0.046895340856384,0.104049814693004,0.00109327023129817,0.00116118668617645,4.32072674773434,0.0752753013346457
6,LT,23,mIPS-R,RT_Upright_anti_R,0.0550158976166354,0.042655269833127,0.0976711674497624,0.000993340243021519,0.00105514461081481,4.32689960293399,0.0755466210292797
6,LT,24,VIP-R,RT_Upright_anti_R,0.0424564000463405,0.0446804310128032,0.0871368310591437,0.00102620501168058,0.00109414800738105,4.32424659540191,0.075654434581464
6,LT,25,SPOC-R,RT_Upright_anti_R,0.0714199651314153,0.0522248892875928,0.123644854419008,0.0011545799600953,0.00122359361847078,4.31525075011315,0.0729214121491556
6,LT,26,S1-R,RT_Upright_anti_R,0.042271527255109,0.0187862165901863,0.0610577438452953,0.000726022116112527,0.000772835984312166,4.34512894782906,0.076887121590452
6,LT,27,M1-R,RT_Upright_anti_R,0.047597803117917,0.0297973977841766,0.0773952009020936,0.000935568460988236,0.00099846968894869,4.32951565830834,0.076513452339742
6,LT,28,SMA-R,RT_Upright_anti_R,0.0363270842901096,0.0565176271869743,0.092844711477084,0.0010153896940019,0.00108113912371434,4.32473809344083,0.0755917530123763
6,LT,29,PMd-R,RT_Upright_anti_R,0.043901512058923,0.0443840615647729,0.0882855736236959,0.000914194854162898,0.000975666033781866,4.33116816011049,0.0756990591575127
6,LT,30,PMv-R,RT_Upright_anti_R,0.034607257621445,0.0353610919975954,0.0699683496190403,0.000890478334533987,0.000949509414731979,4.3327938599164,0.0771593477443783
6,LT,31,FEF-R,RT_Upright_anti_R,0.0267010003298869,0.0212774143695429,0.0479784146994298,0.00061913961986567,0.000658669834658263,4.35290197933137,0.0774594350796292
6,LT,32,POJ-R,RT_Upright_anti_R,0.0416234638908591,0.0354405999498255,0.0770640638406846,0.000937843038681675,0.00100056960067626,4.33015192291444,0.0764767585253246
7,NvA,1,V1-L,RT_Upright_anti_R,0.0574778341000607,0.058640410750057,0.116118244850118,0.00149069537292064,0.00162685239387816,4.58836818101586,0.14048541167001
7,NvA,2,V3-L,RT_Upright_anti_R,0.0691360809483312,0.108301643467663,0.177437724415994,0.00159051347734929,0.00172252328209803,4.58180023010378,0.134746200653919
7,NvA,3,STS-L,RT_Upright_anti_R,0.0726854699682462,0.0662338034917738,0.13891927346002,0.00134658921966866,0.00145816264076266,4.5946658131856,0.137300787247539
7,NvA,4,IPL-L,RT_Upright_anti_R,0.0606849074627027,0.112607570343528,0.17329247780623,0.0016799827511859,0.00181974885918072,4.5795888193739,0.137773314950758
7,NvA,5,SPL-L,RT_Upright_anti_R,0.0824477531701831,0.107422268353839,0.189870021524022,0.00174984455404626,0.00189041973795727,4.57660591881262,0.135650600939355
7,NvA,6,AG-L,RT_Upright_anti_R,0.108732222983867,0.0977681561104555,0.206500379094322,0.0017770781133408,0.00192528728982187,4.57528710665901,0.134931809804856
7,NvA,7,mIPS-L,RT_Upright_anti_R,0.12110642405718,0.081312900016115,0.202419324073295,0.00170754189560233,0.00184742166805649,4.57786226725097,0.13549444772027
7,NvA,8,VIP-L,RT_Upright_anti_R,0.101334551553786,0.070835953851849,0.172170505405635,0.0016174059667252,0.00174831500277575,4.5830937377089,0.13755678126972
7,NvA,9,SPOC-L,RT_Upright_anti_R,0.0985604724220022,0.12933699875515,0.227897471177152,0.001899340721055,0.00205438946892456,4.56768549420455,0.132563697757003
7,NvA,10,S1-L,RT_Upright_anti_R,0.0841234270141924,0.10001300496481,0.184136431979002,0.0017093520346956,0.00184645358133172,4.57751832263792,0.136151828446717
7,NvA,11,M1-L,RT_Upright_anti_R,0.0648313011426529,0.105753191181009,0.170584492323662,0.00160186572623299,0.00172558086840451,4.58311214869856,0.135962785489331
7,NvA,12,SMA-L,RT_Upright_anti_R,0.0277040027823907,0.0508713264225513,0.078575329204942,0.000953983412144862,0.00103184992133732,4.61708655850703,0.141647402432696
7,NvA,13,PMd-L,RT_Upright_anti_R,0.0741318493223731,0.0609380268278484,0.135069876150221,0.00147453697347673,0.00160335148632215,4.58705825545349,0.138778380848501
7,NvA,14,PMv-L,RT_Upright_anti_R,0.0869846438191568,0.0451119849049154,0.132096628724072,0.00139537606750062,0.00151219245489927,4.59201769725783,0.138714358428124
7,NvA,15,FEF-L,RT_Upright_anti_R,0.0500672624355316,0.053215226119475,0.103282488555007,0.00121192264700091,0.00131250665632007,4.6021470986646,0.140416965016411
7,NvA,16,POJ-L,RT_Upright_anti_R,0.0939119696406865,0.114446787523244,0.20835875716393,0.00178364221769206,0.0019291132349691,4.57525332734776,0.13394459985558
7,NvA,17,V1-R,RT_Upright_anti_R,0.0603558671790717,0.0507164854915472,0.111072352670619,0.00108799694065734,0.00118128553381197,4.60735839961101,0.138051660780263
7,NvA,18,V3-R,RT_Upright_anti_R,0.107910998850928,0.0587630709024772,0.166674069753405,0.0013928116628162,0.00151575537449701,4.59164802405127,0.135720704824249
7,NvA,19,STS-R,RT_Upright_anti_R,0.0913735975198449,0.0539628313037843,0.145336428823629,0.00134838907031542,0.00146682347833715,4.59353378255438,0.137330429180216
7,NvA,20,IPL-R,RT_Upright_anti_R,0.0447198901675176,0.117218831185464,0.161938721352981,0.00143883713574949,0.00156251779458948,4.58957226100795,0.136702679070127
7,NvA,21,SPL-R,RT_Upright_anti_R,0.146073567508068,0.076336998538143,0.222410566046211,0.00166012507473473,0.00181017016237123,4.5764464555793,0.131718262817724
7,NvA,22,AG-R,RT_Upright_anti_R,0.0869728076397095,0.103970746782401,0.190943554422111,0.00141996861804874,0.00153714048059009,4.58862724900519,0.128955619487987
7,NvA,23,mIPS-R,RT_Upright_anti_R,0.120151088636974,0.0470654870339775,0.167216575670952,0.00156338931634547,0.00170330610015617,4.58470572702386,0.137717091824347
7,NvA,24,VIP-R,RT_Upright_anti_R,0.0473163179215034,0.13628009550349,0.183596413424994,0.00141377473264615,0.00153474605134075,4.58872848532459,0.135002996027739
7,NvA,25,SPOC-R,RT_Upright_anti_R,0.118032560812891,0.124551373843459,0.242583934656349,0.00183980803116931,0.0020027558087155,4.57004166539152,0.133423423666252
7,NvA,26,S1-R,RT_Upright_anti_R,0.0886484084828737,0.0616437002399276,0.150292108722801,0.00148604388732829,0.00161410639940653,4.58601392406764,0.137591565771393
7,NvA,27,M1-R,RT_Upright_anti_R,0.101348808509012,0.0571895858319948,0.158538394341007,0.00158393444114561,0.00172483925053923,4.58134559678975,0.138584906327821
7,NvA,28,SMA-R,RT_Upright_anti_R,0.0250380697790099,0.0564597954312097,0.0814978652102196,0.00104038005159541,0.00113023275821817,4.61195553434059,0.141630792529427
7,NvA,29,PMd-R,RT_Upright_anti_R,0.0446817515757634,0.0440043305826744,0.0886860821584378,0.0011117772770625,0.00120575468057062,4.60668871517251,0.141584986014112
7,NvA,30,PMv-R,RT_Upright_anti_R,0.0281033576231757,0.0604840601533067,0.0885874177764824,0.000997980421906019,0.0010829612218711,4.61342091198206,0.140988876706865
7,NvA,31,FEF-R,RT_Upright_anti_R,0.0529445611901647,0.0506583719873322,0.103602933177497,0.00122786209000718,0.00133730638067067,4.59941004586146,0.14038726490804
7,NvA,32,POJ-R,RT_Upright_anti_R,0.121595967490949,0.0770727758153293,0.198668743306279,0.00161049402609512,0.00174766200092523,4.58213947817258,0.132067070929802
8,RR,1,V1-L,RT_Upright_anti_R,0.0989825586816103,0.0796916022303157,0.178674160911926,0.00182012847957613,0.00196921071666655,4.66012699979402,0.13805451399045
8,RR,2,V3-L,RT_Upright_anti_R,0.074629965841605,0.131460845042373,0.206090810883978,0.00183183838170222,0.00197074502700078,4.65908471534301,0.133098743998885
8,RR,3,STS-L,RT_Upright_anti_R,0.0735192952594024,0.0395274325341335,0.113046727793536,0.00121714567371657,0.00131118776470155,4.68939304417103,0.139401935242739
8,RR,4,IPL-L,RT_Upright_anti_R,0.0794825087183061,0.0521633117728288,0.131645820491135,0.00139876346958806,0.00150859054919599,4.67964886390618,0.140090649599978
8,RR,5,SPL-L,RT_Upright_anti_R,0.0826338907943407,0.0705229931745779,0.153156883968919,0.00151642290851893,0.00163895146929957,4.67411614051978,0.138588945028691
8,RR,6,AG-L,RT_Upright_anti_R,0.0858025263750963,0.0595093265911939,0.14531185296629,0.00136659607172868,0.00146822925443705,4.6807975639742,0.138277693111203
8,RR,7,mIPS-L,RT_Upright_anti_R,0.0838992888820361,0.0384924993431787,0.122391788225215,0.00139132165961883,0.00149801598881793,4.68096413801934,0.140083632842697
8,RR,8,VIP-L,RT_Upright_anti_R,0.115137599125463,0.0508669047374885,0.166004503862951,0.00159125249892369,0.00171752116932595,4.66974464096079,0.138666457298708
8,RR,9,SPOC-L,RT_Upright_anti_R,0.100413414685635,0.1035560891056,0.203969503791235,0.00192550226747025,0.00208065656952668,4.65493177044258,0.136235431797177
8,RR,10,S1-L,RT_Upright_anti_R,0.0553022387021586,0.119908156272652,0.175210394974811,0.00177141242592686,0.00190670233306323,4.66170075337508,0.137712782416642
8,RR,11,M1-L,RT_Upright_anti_R,0.0904968642337285,0.0557274238080828,0.146224288041811,0.00149025278265038,0.0016011798361079,4.67421141705618,0.137832451055316
8,RR,12,SMA-L,RT_Upright_anti_R,0.0610200943734229,0.101548236898578,0.162568331272001,0.00168409420091544,0.00180808397453403,4.66700291456861,0.138487914780793
8,RR,13,PMd-L,RT_Upright_anti_R,0.0694604616649342,0.100104242949715,0.169564704614649,0.00165501160269062,0.00178566604308131,4.66517798396894,0.138018840709069
8,RR,14,PMv-L,RT_Upright_anti_R,0.0886496605574895,0.0458568685852093,0.134506529142699,0.00148289254805357,0.00159774195616091,4.6740024155181,0.140016984744031
8,RR,15,FEF-L,RT_Upright_anti_R,0.0585340818748508,0.0535476290111177,0.112081710885968,0.00131021490926888,0.00141095570311258,4.68475755242207,0.140523313794436
8,RR,16,POJ-L,RT_Upright_anti_R,0.0600112620054247,0.0981691663063495,0.158180428311774,0.00140692495719331,0.00150435296482721,4.6799454639895,0.137409365146649
8,RR,17,V1-R,RT_Upright_anti_R,0.076089328153868,0.0688196895327223,0.14490901768659,0.0016620581855511,0.00178555730365741,4.66879317721336,0.13808732656387
8,RR,18,V3-R,RT_Upright_anti_R,0.102592722250705,0.0834368663518753,0.18602958860258,0.00188200838529551,0.00203129459468425,4.65724939628215,0.137232641256054
8,RR,19,STS-R,RT_Upright_anti_R,0.107444559668502,0.0535934797606222,0.161038039429124,0.00162138004071653,0.00175142229713385,4.66825474499479,0.137378814861237
8,RR,20,IPL-R,RT_Upright_anti_R,0.116794684504827,0.106549219715785,0.223343904220612,0.00188007390232174,0.00201801308726832,4.66030018767238,0.135603458340933
8,RR,21,SPL-R,RT_Upright_anti_R,0.0596528587037424,0.215395642400817,0.275048501104559,0.00202998626275645,0.00217177159300149,4.65202125425316,0.133388832983778
8,RR,22,AG-R,RT_Upright_anti_R,0.089107779798444,0.15077608887062,0.239883868669064,0.0017409666995608,0.00186386590662224,4.6637580385554,0.133199415377908
8,RR,23,mIPS-R,RT_Upright_anti_R,0.0607189258899876,0.131838412248135,0.192557338138123,0.00196348889993462,0.00212071622931455,4.6537448524495,0.135560957962682
8,RR,24,VIP-R,RT_Upright_anti_R,0.21770421291271,0.103175106626928,0.320879319539639,0.00232889118007164,0.00249532558613549,4.63888948871971,0.129586276408541
8,RR,25,SPOC-R,RT_Upright_anti_R,0.117216042559175,0.126565237285337,0.243781279844512,0.00211002072302381,0.00228674704816573,4.64633791084771,0.134308525389092
8,RR,26,S1-R,RT_Upright_anti_R,0.106080471238687,0.0448387458156339,0.150919217054321,0.00154142344400409,0.00166092801551495,4.67654500380113,0.139168371299465
8,RR,27,M1-R,RT_Upright_anti_R,0.0789136381853258,0.088879872007806,0.167793510193132,0.00171231331004984,0.00184128510851523,4.66553302473484,0.135263561065864
8,RR,28,SMA-R,RT_Upright_anti_R,0.025924073246835,0.142303230009685,0.168227303256519,0.00154798936828227,0.00166829908845476,4.67225552855726,0.138511873853911
8,RR,29,PMd-R,RT_Upright_anti_R,0.0660759876765643,0.0619057104993994,0.127981698175964,0.00128276839258893,0.0013786437475652,4.68544626479995,0.139328237635672
8,RR,30,PMv-R,RT_Upright_anti_R,0.0663189981623546,0.0519934861424277,0.118312484304782,0.00134817512097273,0.00145778172881384,4.68160197337996,0.139637638944708
8,RR,31,FEF-R,RT_Upright_anti_R,0.0588428624737695,0.0389466467780278,0.0977895092517973,0.00116908248772062,0.00126309019268983,4.69156344180427,0.14099479010666
8,RR,32,POJ-R,RT_Upright_anti_R,0.156274607356681,0.114057302148464,0.270331909505145,0.00217243042045223,0.00233384766521442,4.64616954607171,0.13065758214706
9,SJB,1,V1-L,RT_Upright_anti_R,0.109397417253583,0.0800228736214371,0.18942029087502,0.00179088542555481,0.00192587257462103,4.74400283528109,0.15978800465509
9,SJB,2,V3-L,RT_Upright_anti_R,0.113343453002337,0.116523821145227,0.229867274147564,0.00193991671164509,0.0020772910424038,4.73551567914566,0.159280016248636
9,SJB,3,STS-L,RT_Upright_anti_R,0.108043965658636,0.065404518985041,0.173448484643677,0.00180609127505157,0.00195875554097284,4.74097826843773,0.161913261567807
9,SJB,4,IPL-L,RT_Upright_anti_R,0.109563879747946,0.0773362635694179,0.186900143317364,0.0019259859604274,0.00208899335982522,4.73605864251011,0.162893012883013
9,SJB,5,SPL-L,RT_Upright_anti_R,0.0691210688310532,0.0981343548749294,0.167255423705983,0.00167484243184533,0.00179990903717279,4.74822230469006,0.162964140571529
9,SJB,6,AG-L,RT_Upright_anti_R,0.064578103015869,0.177131772755647,0.241709875771516,0.00205666925527642,0.00220886839929384,4.72909267934495,0.158629802238646
9,SJB,7,mIPS-L,RT_Upright_anti_R,0.0712344999291727,0.102427059096269,0.173661559025442,0.00184259626275862,0.001989393151832,4.74043905389298,0.162971747141516
9,SJB,8,VIP-L,RT_Upright_anti_R,0.169023419483838,0.0891542287117593,0.258177648195597,0.00234433881414567,0.00254090462185601,4.71819000732127,0.158489839626292
9,SJB,9,SPOC-L,RT_Upright_anti_R,0.100791779815241,0.240112898224555,0.340904678039796,0.00253119179491416,0.00272535278636993,4.70955314309923,0.153747713482642
9,SJB,10,S1-L,RT_Upright_anti_R,0.113044918355362,0.0650054190705198,0.178050337425882,0.00170591094384927,0.00183851911255882,4.74501651619942,0.162170495055341
9,SJB,11,M1-L,RT_Upright_anti_R,0.0477817030843323,0.100390742014677,0.148172445099009,0.00157435085385367,0.00169971628785531,4.75004152208622,0.165006518888328
9,SJB,12,SMA-L,RT_Upright_anti_R,0.0431398447767925,0.0728932240681558,0.116033068844948,0.00145789322246131,0.0015779952661976,4.75618629694426,0.1663184546007
9,SJB,13,PMd-L,RT_Upright_anti_R,0.0516635324659438,0.0791227447268289,0.130786277192773,0.00149847219517462,0.00162319999316279,4.75440429298659,0.163010354477677
9,SJB,14,PMv-L,RT_Upright_anti_R,0.0437800298165151,0.0319157350255182,0.0756957648420333,0.00114319004146871,0.00123464405433754,4.77346533818553,0.168051242239284
9,SJB,15,FEF-L,RT_Upright_anti_R,0.0344773066082147,0.0706040403629296,0.105081346971144,0.00124701711377916,0.00134461480976326,4.76716348657168,0.165993123341903
9,SJB,16,POJ-L,RT_Upright_anti_R,0.0812172952917065,0.104754334765181,0.185971630056887,0.00188993303749979,0.00204713210802648,4.73907042732801,0.16272719587477
9,SJB,17,V1-R,RT_Upright_anti_R,0.0920266213153124,0.120582113308043,0.212608734623356,0.00200762244836564,0.00215653453921309,4.73585644463662,0.161578036961446
9,SJB,18,V3-R,RT_Upright_anti_R,0.151767889956348,0.0993169615697244,0.251084851526073,0.00227547029626836,0.00246340224897766,4.72359063319008,0.15866465745725
9,SJB,19,STS-R,RT_Upright_anti_R,0.0883074606033899,0.0525873977318663,0.140894858335256,0.00176642294236077,0.00192007361421176,4.74304052873213,0.165234705430677
9,SJB,20,IPL-R,RT_Upright_anti_R,0.128485264938694,0.0577042352882048,0.186189500226899,0.00171300666809225,0.00186470000594547,4.74385878818474,0.161519388722558
9,SJB,21,SPL-R,RT_Upright_anti_R,0.100161304733401,0.129493970004537,0.229655274737938,0.00181390117993062,0.0019550184652445,4.74054994708569,0.159202828714179
9,SJB,22,AG-R,RT_Upright_anti_R,0.177919075551174,0.102761964547787,0.280681040098961,0.00225501013649048,0.00244610920901582,4.72305647632707,0.156991261146668
9,SJB,23,mIPS-R,RT_Upright_anti_R,0.150318641671239,0.0810677055869013,0.23138634725814,0.00196916808404001,0.00213222408844195,4.73213804951423,0.154514192086429
9,SJB,24,VIP-R,RT_Upright_anti_R,0.110278298627621,0.0993353708378034,0.209613669465425,0.00159741020545179,0.0017223316443639,4.75120299410507,0.157498689602352
9,SJB,25,SPOC-R,RT_Upright_anti_R,0.0906828906910938,0.154690909252166,0.24537379994326,0.00190756974488177,0.00204954976794396,4.7362060673045,0.15492670964412
9,SJB,26,S1-R,RT_Upright_anti_R,0.178801535322208,0.102467458280109,0.281268993602317,0.00211312034118983,0.00228722398131452,4.72427968879806,0.156552442841261
9,SJB,27,M1-R,RT_Upright_anti_R,0.119170765450253,0.156637126741382,0.275807892191636,0.00218576169962441,0.00236339474724631,4.71967211630479,0.155025072116478
9,SJB,28,SMA-R,RT_Upright_anti_R,0.0386595036421998,0.0810180870356066,0.119677590677806,0.00139604133629845,0.00151346093920717,4.75856052903455,0.166407124435276
9,SJB,29,PMd-R,RT_Upright_anti_R,0.0455489407531276,0.0869599867743454,0.132508927527473,0.00145661933889199,0.00157764585766428,4.75589156568801,0.165118937345125
9,SJB,30,PMv-R,RT_Upright_anti_R,0.0616109652305701,0.0586691650830697,0.12028013031364,0.00130420469764513,0.00141031163033172,4.76373813277976,0.165491623916875
9,SJB,31,FEF-R,RT_Upright_anti_R,0.0944697023740802,0.0476830888451126,0.142152791219193,0.00146010757403157,0.00157694097324962,4.75488738381444,0.164794500354154
9,SJB,32,POJ-R,RT_Upright_anti_R,0.152532891345187,0.10903439743769,0.261567288782876,0.00213361277395218,0.00231545555721182,4.72952055989902,0.157480056523149
10,BG,1,V1-L,RT_Upright_anti_R,0.0789827384395095,0.0377455882055367,0.116728326645046,0.00121795636941975,0.00131914590258482,4.55660974368687,0.122496060571763
10,BG,2,V3-L,RT_Upright_anti_R,0.085502834204845,0.0690647843932427,0.154567618598088,0.00159553653631409,0.00174317575261372,4.53771697919428,0.121233216610887
10,BG,3,STS-L,RT_Upright_anti_R,0.0865293631980683,0.0946247631123848,0.181154126310453,0.0016189832558678,0.00175232727261868,4.53394913243274,0.116499410887909
10,BG,4,IPL-L,RT_Upright_anti_R,0.0590054170079807,0.0902593868179381,0.149264803825919,0.0014325815547156,0.0015639991160822,4.54451594508534,0.12218099414211
10,BG,5,SPL-L,RT_Upright_anti_R,0.0792339106273522,0.0516481182682446,0.130882028895597,0.00142596289269638,0.00155577043071302,4.54445950910767,0.122832263439511
10,BG,6,AG-L,RT_Upright_anti_R,0.0628754126908524,0.0829783630079906,0.145853775698843,0.00144537854245841,0.00156921991335874,4.54365010063683,0.121153085850423
10,BG,7,mIPS-L,RT_Upright_anti_R,0.0417485781104689,0.0704308406943717,0.112179418804841,0.00125657299230119,0.00135991542484722,4.55539194124614,0.122530192606167
10,BG,8,VIP-L,RT_Upright_anti_R,0.0807339115936016,0.0657456306396484,0.14647954223325,0.00146758458081624,0.00159984112025952,4.5427956382929,0.122215771781074
10,BG,9,SPOC-L,RT_Upright_anti_R,0.0738121963475094,0.0756490924914421,0.149461288838951,0.00147965714920637,0.00160506192756067,4.54427901087215,0.120682372465455
10,BG,10,S1-L,RT_Upright_anti_R,0.122088212694351,0.027575545881242,0.149663758575593,0.00119147019534013,0.00129053981648163,4.55703191448182,0.121642069237185
10,BG,11,M1-L,RT_Upright_anti_R,0.0852769669661721,0.0316788933949792,0.116955860361151,0.00115037495196586,0.00125188386383173,4.55926170290657,0.122912795283719
10,BG,12,SMA-L,RT_Upright_anti_R,0.048832531718436,0.107349892569634,0.15618242428807,0.00151260966968821,0.001644898823672,4.5389533058265,0.12106753295013
10,BG,13,PMd-L,RT_Upright_anti_R,0.043973733068163,0.0901785257842779,0.134152258852441,0.00112148735063504,0.00120842635993788,4.56091064687048,0.121409785037597
10,BG,14,PMv-L,RT_Upright_anti_R,0.0804508721631339,0.0349949123493365,0.11544578451247,0.00113851768879534,0.00123276052372976,4.56003774643101,0.121228217703867
10,BG,15,FEF-L,RT_Upright_anti_R,0.0681637073202186,0.0729073431970923,0.141071050517311,0.00143133985683853,0.00156274662756176,4.54394245409065,0.121278065134157
10,BG,16,POJ-L,RT_Upright_anti_R,0.0449791092560204,0.0936648439427674,0.138643953198788,0.0014196602075221,0.00155494543076598,4.54353453816843,0.121489499624639
10,BG,17,V1-R,RT_Upright_anti_R,0.0783676747265281,0.0751328341072857,0.153500508833814,0.00135285396985634,0.00146182340178288,4.54935012331076,0.118797324808578
10,BG,18,V3-R,RT_Upright_anti_R,0.0611639963418581,0.0820819126078234,0.143245908949681,0.00127624637783246,0.00137991116987077,4.55318780404455,0.118736522168411
10,BG,19,STS-R,RT_Upright_anti_R,0.0776051626342441,0.0565998926368667,0.134205055271111,0.00140984284228685,0.00154118457576903,4.54466059076224,0.120876533131774
10,BG,20,IPL-R,RT_Upright_anti_R,0.0593870853545864,0.0595188241064863,0.118905909461073,0.0012717797678828,0.00138330027654621,4.55343865598641,0.122153595571769
10,BG,21,SPL-R,RT_Upright_anti_R,0.0968232704671964,0.0349040326357736,0.13172730310297,0.00127564318712919,0.00138521040453954,4.55323255575427,0.122006782052161
10,BG,22,AG-R,RT_Upright_anti_R,0.0936828836978304,0.0634855267214132,0.157168410419244,0.00147420312807398,0.00160434039030576,4.54234445573451,0.119002754442632
10,BG,23,mIPS-R,RT_Upright_anti_R,0.111634215983643,0.057448419886977,0.16908263587062,0.00150747980843019,0.00164006955826705,4.54166657288583,0.119763980304991
10,BG,24,VIP-R,RT_Upright_anti_R,0.0462262754827089,0.0671002340051752,0.113326509487884,0.00131776663796231,0.00143387738165648,4.55165402536295,0.12306570914298
10,BG,25,SPOC-R,RT_Upright_anti_R,0.0940916567168728,0.145137739127986,0.239229395844859,0.001933080453507,0.00210807300568829,4.51769570714413,0.117686898751797
10,BG,26,S1-R,RT_Upright_anti_R,0.0560415362168719,0.114342234319192,0.170383770536064,0.001623424189588,0.00177185830302069,4.53462189649462,0.120929750619345
10,BG,27,M1-R,RT_Upright_anti_R,0.111368147116578,0.10860449582143,0.219972642938008,0.00175662538721701,0.00190824570574669,4.52779150283495,0.116692992836095
10,BG,28,SMA-R,RT_Upright_anti_R,0.0614334088141284,0.119030971523136,0.180464380337264,0.00168602104573188,0.00183680351520379,4.53137033890004,0.120623801052288
10,BG,29,PMd-R,RT_Upright_anti_R,0.0434488232828574,0.0978074495568503,0.141256272839708,0.00112299166142979,0.00121919938419893,4.5613478677277,0.120825683731267
10,BG,30,PMv-R,RT_Upright_anti_R,0.0722267042310069,0.0561654028356522,0.128392107066659,0.00125335349684625,0.00135949780909534,4.55416737642769,0.121210443436746
10,BG,31,FEF-R,RT_Upright_anti_R,0.0780153712322929,0.0277032399986824,0.105718611230975,0.000930444165969451,0.00101267825412709,4.57359110776085,0.122010492759798
10,BG,32,POJ-R,RT_Upright_anti_R,0.095203972336788,0.117349945401817,0.212553917738605,0.00159558395580321,0.00173213936173061,4.53587786537917,0.117604396710644
1,DOC,1,V1-L,LT_Pronation_pro_L,0.0603522453766605,0.0286967943313922,0.0890490397080527,0.000862239378528353,0.00092667579553713,4.38516319367437,0.0885853510311232
1,DOC,2,V3-L,LT_Pronation_pro_L,0.066792778945296,0.0458175946489566,0.112610373594253,0.00114958790363421,0.00123799489851765,4.36788165628591,0.0874020647572407
1,DOC,3,STS-L,LT_Pronation_pro_L,0.0486903907395401,0.023683100188087,0.072373490927627,0.000910583524619111,0.00098640058804439,4.38126291381798,0.089780097666129
1,DOC,4,IPL-L,LT_Pronation_pro_L,0.0538477635370802,0.0893826004232784,0.143230363960359,0.00117205455399941,0.00126116291669272,4.3663700631359,0.0857393609807006
1,DOC,5,SPL-L,LT_Pronation_pro_L,0.071664576149061,0.0624014718268492,0.13406604797591,0.00125795438761233,0.001362204315649,4.35968645808839,0.0865405710473671
1,DOC,6,AG-L,LT_Pronation_pro_L,0.0444527475756505,0.0222081705121731,0.0666609180878236,0.000795181979188531,0.000858778916549095,4.39017987182035,0.0893150275293012
1,DOC,7,mIPS-L,LT_Pronation_pro_L,0.0664274763567716,0.0529075275350062,0.119335003891778,0.00116794421478035,0.00126213018390547,4.36564322768921,0.0870828203849261
1,DOC,8,VIP-L,LT_Pronation_pro_L,0.0728326830823927,0.0627746822564373,0.13560736533883,0.00130724307693674,0.00141139371763748,4.35827903180848,0.0864583093151915
1,DOC,9,SPOC-L,LT_Pronation_pro_L,0.0526927854157017,0.0399010604489452,0.0925938458646469,0.00100269177871672,0.0010854515482493,4.37522484748158,0.0885541965865224
1,DOC,10,S1-L,LT_Pronation_pro_L,0.0998509849678042,0.037722462847368,0.137573447815172,0.00125232426505292,0.00134906724437232,4.3615233323219,0.0873628765949331
1,DOC,11,M1-L,LT_Pronation_pro_L,0.103446284806116,0.045219447233609,0.148665732039725,0.00125498610995595,0.00135244396257093,4.36107677902567,0.0868488170640975
1,DOC,12,SMA-L,LT_Pronation_pro_L,0.0324388891667414,0.0387740005288541,0.0712128896955956,0.000894114150801358,0.000961581503860543,4.38414285401098,0.0897863176092459
1,DOC,13,PMd-L,LT_Pronation_pro_L,0.0558909772721937,0.0644193760474619,0.120310353319656,0.00116460470292535,0.001251510216916,4.36783481018839,0.0872467914519234
1,DOC,14,PMv-L,LT_Pronation_pro_L,0.025456055248679,0.0891312632948486,0.114587318543528,0.00108449208154232,0.00116751506689325,4.37097587603598,0.0878227151703191
1,DOC,15,FEF-L,LT_Pronation_pro_L,0.0736533280064322,0.125265808923846,0.198919136930279,0.00158933405497613,0.00170360516873914,4.34313360188601,0.0837632746318783
1,DOC,16,POJ-L,LT_Pronation_pro_L,0.0588994516864519,0.0577420992301974,0.116641550916649,0.000993158938630614,0.00106693550040114,4.37785347738728,0.0861823005723757
1,DOC,17,V1-R,LT_Pronation_pro_L,0.0777606670341367,0.0595497876177313,0.137310454651868,0.00132635905727305,0.00142194884258996,4.35691663831494,0.0849287738621629
1,DOC,18,V3-R,LT_Pronation_pro_L,0.039849940318564,0.0480468443367905,0.0878967846553545,0.000922997483473985,0.000989394187492889,4.38281927220543,0.0881427537055037
1,DOC,19,STS-R,LT_Pronation_pro_L,0.0521995461675537,0.0565450457107891,0.108744591878343,0.00113817473552795,0.00122807279226672,4.36823097411231,0.0879168053085171
1,DOC,20,IPL-R,LT_Pronation_pro_L,0.104442618530249,0.04949950216347,0.153942120693719,0.00125474411038014,0.00135033286242383,4.3596730990909,0.0852694995993959
1,DOC,21,SPL-R,LT_Pronation_pro_L,0.0419191215305773,0.0762885961556199,0.118207717686197,0.00114279663943832,0.00123098826467939,4.36741883920712,0.0872695949843316
1,DOC,22,AG-R,LT_Pronation_pro_L,0.0485173015243049,0.0465911346792293,0.0951084362035342,0.00106496818789626,0.00114786648048386,4.3721647436636,0.0884931597184898
1,DOC,23,mIPS-R,LT_Pronation_pro_L,0.047735107352465,0.0528608980118058,0.100596005364271,0.00117690075925637,0.00127347988009316,4.36477163994294,0.0889169725688119
1,DOC,24,VIP-R,LT_Pronation_pro_L,0.0666595074820333,0.0560897278207409,0.122749235302774,0.00115221064529455,0.00124727216545305,4.36439217152563,0.0871585260890771
1,DOC,25,SPOC-R,LT_Pronation_pro_L,0.032385583233925,0.0718468350676292,0.104232418301554,0.00103389892293013,0.00111675296100934,4.37412030959002,0.0876127914068589
1,DOC,26,S1-R,LT_Pronation_pro_L,0.0666640638941992,0.0653076858555592,0.131971749749758,0.00120754562681975,0.00129586801003757,4.36425378380813,0.0863979373245171
1,DOC,27,M1-R,LT_Pronation_pro_L,0.0630544317897301,0.0404548804167639,0.103509312206494,0.000905063060254283,0.000971352812709006,4.38382034185289,0.0875276969128344
1,DOC,28,SMA-R,LT_Pronation_pro_L,0.0283171641234974,0.0470877540760861,0.0754049181995834,0.000820319298155581,0.000882272422519308,4.38993591049393,0.0888012657458878
1,DOC,29,PMd-R,LT_Pronation_pro_L,0.0399168347062266,0.0552219286271859,0.0951387633334125,0.000886366781380755,0.000953869996138434,4.38431736164839,0.0882751373552089
1,DOC,30,PMv-R,LT_Pronation_pro_L,0.0233507478536363,0.0728894241052124,0.0962401719588487,0.000944559781047639,0.0010168255196814,4.38067281578655,0.0884080972281337
1,DOC,31,FEF-R,LT_Pronation_pro_L,0.0382447209420307,0.0542995742479934,0.0925442951900241,0.00107407995202768,0.00115545367148776,4.37216553656052,0.0887834901411408
1,DOC,32,POJ-R,LT_Pronation_pro_L,0.0352665981848809,0.0550462938306648,0.0903128920155457,0.00101148669093314,0.00109419260527446,4.37554499040031,0.0885367735189952
2,GB,1,V1-L,LT_Pronation_pro_L,0.111581932614831,0.116175129758224,0.227757062373056,0.00192758759610021,0.00207031740613666,4.73823597251408,0.152139053047147
2,GB,2,V3-L,LT_Pronation_pro_L,0.122771913295872,0.0705374979992176,0.19330941129509,0.00156088153251794,0.00167276650542669,4.75610413204215,0.154017285426186
2,GB,3,STS-L,LT_Pronation_pro_L,0.0703143856716632,0.103174171587305,0.173488557258969,0.00187489583417082,0.00201724919413753,4.74229817652506,0.156631893067864
2,GB,4,IPL-L,LT_Pronation_pro_L,0.135746072363291,0.0670181944615675,0.202764266824859,0.00203460769334279,0.00219923245776428,4.73357038930902,0.155466931265557
2,GB,5,SPL-L,LT_Pronation_pro_L,0.144452891138268,0.0536590029082723,0.19811189404654,0.0019724801900476,0.00212248531511952,4.73691212138328,0.156191579560403
2,GB,6,AG-L,LT_Pronation_pro_L,0.103261485164897,0.0966394121015143,0.199900897266412,0.00207204418569997,0.00222362443104442,4.73383877235911,0.154467035974501
2,GB,7,mIPS-L,LT_Pronation_pro_L,0.0830521079499192,0.10895733290128,0.1920094408512,0.00188583891642843,0.00202933440132019,4.74083230374843,0.154343655918215
2,GB,8,VIP-L,LT_Pronation_pro_L,0.105299371628765,0.109994326237152,0.215293697865917,0.002237266890544,0.0024162750835133,4.72452900917892,0.153482450384282
2,GB,9,SPOC-L,LT_Pronation_pro_L,0.150232676668579,0.136837389330256,0.287070065998834,0.00256142020279674,0.00274824557995601,4.71395413374771,0.150657895389599
2,GB,10,S1-L,LT_Pronation_pro_L,0.0852025959544755,0.0851796397386739,0.170382235693149,0.00177832562004159,0.00192238820489671,4.74322185355271,0.155180904025442
2,GB,11,M1-L,LT_Pronation_pro_L,0.0561742530419246,0.116184089955348,0.172358342997273,0.00177237225651057,0.00191069529718331,4.74365044848393,0.155854588877536
2,GB,12,SMA-L,LT_Pronation_pro_L,0.0935679052040087,0.0558052258592347,0.149373131063243,0.00162023610683737,0.00175134926674256,4.75090678222709,0.157080299100425
2,GB,13,PMd-L,LT_Pronation_pro_L,0.0548388156384821,0.116323626437457,0.171162442075939,0.00161036364076712,0.00173497865876973,4.75041072627223,0.155042501434025
2,GB,14,PMv-L,LT_Pronation_pro_L,0.046915893806722,0.0578108147095994,0.104726708516321,0.00114159373478275,0.00122571392783657,4.77558758935281,0.158005761494776
2,GB,15,FEF-L,LT_Pronation_pro_L,0.106954575013071,0.0565055976198813,0.163460172632952,0.00142704032304122,0.0015352594699406,4.75836544745976,0.155403908733307
2,GB,16,POJ-L,LT_Pronation_pro_L,0.0941533946774873,0.144875980474508,0.239029375151995,0.00230608614115396,0.00248563099863434,4.72448838351839,0.153899178287466
2,GB,17,V1-R,LT_Pronation_pro_L,0.100729697962947,0.0554005439027674,0.156130241865715,0.00133348239928604,0.00143256543345899,4.76742979509966,0.15495078760733
2,GB,18,V3-R,LT_Pronation_pro_L,0.0956132116330791,0.0747733768893486,0.170386588522428,0.00183455018810396,0.00197902568795257,4.74388104473259,0.156535345292514
2,GB,19,STS-R,LT_Pronation_pro_L,0.106311583967512,0.0668769064666276,0.17318849043414,0.00185089226957376,0.00198237271840722,4.74413350175271,0.156864145998512
2,GB,20,IPL-R,LT_Pronation_pro_L,0.108928423401382,0.0705232031250176,0.179451626526399,0.00197859129060585,0.00213267850681828,4.73660890676747,0.156316549296952
2,GB,21,SPL-R,LT_Pronation_pro_L,0.080182947182264,0.104891069475854,0.185074016658118,0.00203892333135527,0.00220167660270591,4.73427051421726,0.153750651325316
2,GB,22,AG-R,LT_Pronation_pro_L,0.0782886720113628,0.100290505363826,0.178579177375189,0.00191919025887842,0.00206106158098514,4.73997628292804,0.155048385565007
2,GB,23,mIPS-R,LT_Pronation_pro_L,0.0805235519792805,0.0721034957099381,0.152627047689219,0.00174148202487907,0.00188391811541324,4.74700913115038,0.156974987418005
2,GB,24,VIP-R,LT_Pronation_pro_L,0.0894439492519833,0.122093999215096,0.211537948467079,0.00208629603025385,0.00223723908900344,4.73241163729271,0.154915636504331
2,GB,25,SPOC-R,LT_Pronation_pro_L,0.0715618594770346,0.188488647494518,0.260050506971552,0.00195550750777999,0.00209534922235129,4.73764912819055,0.151168480092721
2,GB,26,S1-R,LT_Pronation_pro_L,0.122004822939567,0.092554204006014,0.214559026945581,0.00196941251280507,0.00211915128634652,4.73641081016018,0.153952713769898
2,GB,27,M1-R,LT_Pronation_pro_L,0.132222781489841,0.137062731671997,0.269285513161839,0.0022936436499927,0.00244666233520736,4.72356898562601,0.14919129290683
2,GB,28,SMA-R,LT_Pronation_pro_L,0.0512112814949909,0.0973155857783061,0.148526867273297,0.00141068394585868,0.00152230597492431,4.75883256752758,0.155267431886073
2,GB,29,PMd-R,LT_Pronation_pro_L,0.0952455283696971,0.0734810747531671,0.168726603122864,0.00150648921026064,0.00161239329855873,4.75652305776878,0.152554633925987
2,GB,30,PMv-R,LT_Pronation_pro_L,0.0593433159686146,0.0437062341279347,0.103049550096549,0.0012061067000548,0.00129206362664324,4.77263618290301,0.159070817451463
2,GB,31,FEF-R,LT_Pronation_pro_L,0.064784880976188,0.0583065166447016,0.12309139762089,0.00157305678669336,0.00169390143857753,4.75499428126869,0.158117596089177
2,GB,32,POJ-R,LT_Pronation_pro_L,0.116656823773113,0.164028075006508,0.280684898779621,0.00229246950377031,0.00246328274133376,4.72400523946584,0.148099248901831
3,JDC,1,V1-L,LT_Pronation_pro_L,0.0601863290461624,0.111354154143503,0.171540483189665,0.00165511377808135,0.00176876459631808,4.63868408664037,0.12559865377706
3,JDC,2,V3-L,LT_Pronation_pro_L,0.0770768605040603,0.0892301644192483,0.166307024923309,0.0016364211017319,0.00175178018734126,4.63972512578425,0.126598714408467
3,JDC,3,STS-L,LT_Pronation_pro_L,0.0597378812813849,0.0597957674114786,0.119533648692864,0.00142358064434009,0.00152596789562609,4.64964080579541,0.130198003423947
3,JDC,4,IPL-L,LT_Pronation_pro_L,0.0926037673299588,0.0924932415427155,0.185097008872674,0.00150035907809407,0.00159695463204562,4.64735557961768,0.125775056104989
3,JDC,5,SPL-L,LT_Pronation_pro_L,0.0868449280844101,0.104924961344057,0.191769889428468,0.00189408103167846,0.00202851060672491,4.62709590108619,0.125427803935088
3,JDC,6,AG-L,LT_Pronation_pro_L,0.125518622483505,0.0878641528971016,0.213382775380607,0.00207897215368973,0.00223176551106977,4.61916832264309,0.124747264867681
3,JDC,7,mIPS-L,LT_Pronation_pro_L,0.0704347349302443,0.069073920296628,0.139508655226872,0.00159650180095348,0.001715220600723,4.64055947211936,0.12936040156627
3,JDC,8,VIP-L,LT_Pronation_pro_L,0.141565477199236,0.0572059534714219,0.198771430670658,0.00183493213071128,0.00196567484396868,4.63031615463066,0.127593049644475
3,JDC,9,SPOC-L,LT_Pronation_pro_L,0.0879437793018957,0.123127896612211,0.211071675914106,0.00178691747594557,0.00191051680364391,4.63076263679904,0.125013540319444
3,JDC,10,S1-L,LT_Pronation_pro_L,0.14460126770653,0.0876103079787092,0.232211575685239,0.00168987717735213,0.00180933861169353,4.63672876377704,0.125138364101633
3,JDC,11,M1-L,LT_Pronation_pro_L,0.0769128814008007,0.128010675739962,0.204923557140763,0.00156789451526689,0.0016756811675885,4.64322433076415,0.125290433294362
3,JDC,12,SMA-L,LT_Pronation_pro_L,0.0256473845511204,0.0815478810240482,0.107195265575169,0.00102904038959187,0.00109881132824687,4.67105790170647,0.130007842755547
3,JDC,13,PMd-L,LT_Pronation_pro_L,0.127207613280539,0.080711591481506,0.207919204762045,0.00181766368222207,0.00194584283056407,4.62977495067661,0.125516111816746
3,JDC,14,PMv-L,LT_Pronation_pro_L,0.0563674931978793,0.063625112370982,0.119992605568861,0.00141438564033364,0.00151830556462944,4.6502836691414,0.129948708763681
3,JDC,15,FEF-L,LT_Pronation_pro_L,0.095653715003447,0.0467173894199373,0.142371104423384,0.00161775173781008,0.0017359679516563,4.63940886243312,0.12982877142807
3,JDC,16,POJ-L,LT_Pronation_pro_L,0.0916796540178273,0.0987232780964019,0.190402932114229,0.00173767569590425,0.00185472964814218,4.63328251434042,0.125193472344167
3,JDC,17,V1-R,LT_Pronation_pro_L,0.0288931895343621,0.100406689219211,0.129299878753573,0.00136266804382516,0.00146294483142569,4.65318234022469,0.129975463820754
3,JDC,18,V3-R,LT_Pronation_pro_L,0.0666359858916558,0.0990787608390976,0.165714746730753,0.0015330722616896,0.00163980237633352,4.64442333783432,0.127363161974763
3,JDC,19,STS-R,LT_Pronation_pro_L,0.0714778174034214,0.0388110216386464,0.110288839042068,0.00127376920906199,0.00136116817497634,4.65696469024788,0.130825009855486
3,JDC,20,IPL-R,LT_Pronation_pro_L,0.118227785844323,0.0750479203103822,0.193275706154705,0.00181991347009677,0.00194243344777625,4.63157306704491,0.125735969332574
3,JDC,21,SPL-R,LT_Pronation_pro_L,0.0485245705830305,0.0993573189200054,0.147881889503036,0.00157498964328571,0.00168510724264861,4.64290067046331,0.129742870066974
3,JDC,22,AG-R,LT_Pronation_pro_L,0.100720965838423,0.100666700126498,0.201387665964922,0.00178055644211312,0.0019099119747871,4.63172612938464,0.125216220568514
3,JDC,23,mIPS-R,LT_Pronation_pro_L,0.0666272118173261,0.0886235728043097,0.155250784621636,0.00163257049407574,0.00175308225996516,4.6398139771096,0.129129591465065
3,JDC,24,VIP-R,LT_Pronation_pro_L,0.0665482949389541,0.114836029104715,0.181384324043669,0.00175765524529602,0.00187826470140478,4.63327574759236,0.127286229804377
3,JDC,25,SPOC-R,LT_Pronation_pro_L,0.0960611688347082,0.0724116011533339,0.168472769988042,0.00177323096859058,0.0019016647778991,4.63428722264422,0.128360681253288
3,JDC,26,S1-R,LT_Pronation_pro_L,0.0548331653378173,0.0948594922133485,0.149692657551166,0.00151860466086028,0.00162348447692019,4.64442769923616,0.128695148434967
3,JDC,27,M1-R,LT_Pronation_pro_L,0.0944221103015286,0.0479261326040168,0.142348242905545,0.00142293267008805,0.00152170856546414,4.64947395553776,0.12818375894023
3,JDC,28,SMA-R,LT_Pronation_pro_L,0.0435203363871229,0.0601959461416736,0.103716282528797,0.00121459743838545,0.00130151200571013,4.66091255424184,0.131204790511268
3,JDC,29,PMd-R,LT_Pronation_pro_L,0.0347409498878574,0.113796777873626,0.148537727761484,0.00143698971178306,0.00153892223929766,4.64871378959787,0.129370645625966
3,JDC,30,PMv-R,LT_Pronation_pro_L,0.0817606636433183,0.0477235151375271,0.129484178780845,0.00149689347477906,0.00160211258295245,4.64535357699876,0.129681362744165
3,JDC,31,FEF-R,LT_Pronation_pro_L,0.0975466588887254,0.054937667853539,0.152484326742264,0.00151106589302646,0.0016156455470146,4.64495699748234,0.129072595481236
3,JDC,32,POJ-R,LT_Pronation_pro_L,0.15167130769924,0.0514989779609732,0.203170285660213,0.00174734998182513,0.00187179436223043,4.63514003080645,0.125856140364682
4,JFXD,1,V1-L,LT_Pronation_pro_L,0.0513103950281344,0.0622357666389866,0.113546161667121,0.00124737405254379,0.00133355844060574,4.4851625087707,0.102967761807565
4,JFXD,2,V3-L,LT_Pronation_pro_L,0.0813018908364429,0.0409514839664687,0.122253374802912,0.00125842629102543,0.00134861097243779,4.48390726380653,0.102109794843774
4,JFXD,3,STS-L,LT_Pronation_pro_L,0.0421636636165211,0.0663318694733288,0.10849553308985,0.00123193211796923,0.00132360794576933,4.48533271581866,0.103140477144469
4,JFXD,4,IPL-L,LT_Pronation_pro_L,0.0647848711885034,0.057568233044579,0.122353104233082,0.00123439016864127,0.00132511466277299,4.48565338316697,0.10212108736558
4,JFXD,5,SPL-L,LT_Pronation_pro_L,0.0516216567559551,0.0642524587598148,0.11587411551577,0.00111565168930351,0.00119316347814668,4.49333717557214,0.101404097154947
4,JFXD,6,AG-L,LT_Pronation_pro_L,0.108026371394498,0.0571593320014015,0.165185703395899,0.00162013960005675,0.00173554253780868,4.46423712142859,0.0998187122682107
4,JFXD,7,mIPS-L,LT_Pronation_pro_L,0.0648647054006768,0.0666781503489541,0.131542855749631,0.001324235741861,0.00142454280282354,4.48135530327216,0.102479979740715
4,JFXD,8,VIP-L,LT_Pronation_pro_L,0.0503930254094072,0.0552680917655504,0.105661117174958,0.00111100080345794,0.00119135145048497,4.49350339343912,0.102696676282872
4,JFXD,9,SPOC-L,LT_Pronation_pro_L,0.0842137071410925,0.0703412243960481,0.154554931537141,0.00148761088957156,0.00159795690024982,4.47199255938645,0.100136597031652
4,JFXD,10,S1-L,LT_Pronation_pro_L,0.0649183696341969,0.0537970171022558,0.118715386736453,0.00127578744842852,0.00136861017104512,4.4822102706924,0.102587936387007
4,JFXD,11,M1-L,LT_Pronation_pro_L,0.0546941706844396,0.0460399014154495,0.100734072099889,0.00122160740537658,0.00131130153005007,4.48609194259065,0.10375329002422
4,JFXD,12,SMA-L,LT_Pronation_pro_L,0.0292759692729848,0.123141797278864,0.152417766551849,0.00134795149575566,0.00144719412814856,4.48095986063208,0.101163630588184
4,JFXD,13,PMd-L,LT_Pronation_pro_L,0.0384733383448913,0.0476137906089099,0.0860871289538012,0.00106552059484093,0.00114019517647463,4.49664523236257,0.103865246597001
4,JFXD,14,PMv-L,LT_Pronation_pro_L,0.117545128784725,0.140855470535978,0.258400599320703,0.001579937956668,0.00168349883314243,4.46405483292809,0.0913949584224691
4,JFXD,15,FEF-L,LT_Pronation_pro_L,0.0969074013637932,0.100571741457649,0.197479142821442,0.00132602664302865,0.00141980410392515,4.48008158173761,0.0972030634853246
4,JFXD,16,POJ-L,LT_Pronation_pro_L,0.0477829034444043,0.0537133220132097,0.101496225457614,0.00112221330636918,0.00120552071182652,4.49143450040165,0.103254367263479
4,JFXD,17,V1-R,LT_Pronation_pro_L,0.0714751966654225,0.0491481566593501,0.120623353324773,0.00133098212381102,0.00142570202314771,4.47970197274235,0.103004628684729
4,JFXD,18,V3-R,LT_Pronation_pro_L,0.0496811416916353,0.0448547525198715,0.0945358942115068,0.00107034175078567,0.00114823546467872,4.49507481978742,0.103938588461831
4,JFXD,19,STS-R,LT_Pronation_pro_L,0.120005975307298,0.0717907293859996,0.191796704693297,0.00145290839122179,0.00155251380445682,4.472227783616,0.0974563661912395
4,JFXD,20,IPL-R,LT_Pronation_pro_L,0.0890135370510545,0.0448346583074991,0.133848195358554,0.00127830746662286,0.00137305937792579,4.48283054136586,0.101276482137813
4,JFXD,21,SPL-R,LT_Pronation_pro_L,0.0592471692725112,0.0222233190257126,0.0814704882982238,0.000968378654741316,0.00103910758038611,4.50178412354003,0.104527125946081
4,JFXD,22,AG-R,LT_Pronation_pro_L,0.0546010198061044,0.0389873420801107,0.0935883618862151,0.0010669326210872,0.00113968585104294,4.49730270160889,0.103721737625711
4,JFXD,23,mIPS-R,LT_Pronation_pro_L,0.0581034305864242,0.0405623934681133,0.0986658240545375,0.00113126703141272,0.00121258123849469,4.49272672016649,0.103874555171291
4,JFXD,24,VIP-R,LT_Pronation_pro_L,0.0818731294940144,0.0416375245714097,0.123510654065424,0.00123626838409533,0.00132616121630174,4.48479110383089,0.101548441812849
4,JFXD,25,SPOC-R,LT_Pronation_pro_L,0.0762800399388386,0.0731229678592658,0.149403007798104,0.00147200905595206,0.00157597561213363,4.47311765629235,0.101920586212744
4,JFXD,26,S1-R,LT_Pronation_pro_L,0.0550361348827884,0.0586332024084417,0.11366933729123,0.00127019922526258,0.00136564878107096,4.48320977596947,0.103031342720779
4,JFXD,27,M1-R,LT_Pronation_pro_L,0.0713596767060055,0.0387080799335703,0.110067756639576,0.00118102731929941,0.0012658283735604,4.4886068782006,0.10237359549703
4,JFXD,28,SMA-R,LT_Pronation_pro_L,0.0273524965051883,0.135597234837977,0.162949731343166,0.00143852635990614,0.00154606569931853,4.47558739839405,0.101062607384445
4,JFXD,29,PMd-R,LT_Pronation_pro_L,0.0358782508539342,0.0601802385402993,0.0960584893942334,0.00108563136419359,0.00116472126796562,4.49382965203786,0.103789972068216
4,JFXD,30,PMv-R,LT_Pronation_pro_L,0.0574977323660017,0.129325836024616,0.186823568390618,0.00147004296338414,0.00157979345354197,4.47084644190395,0.0992466229089151
4,JFXD,31,FEF-R,LT_Pronation_pro_L,0.0668582145965362,0.0660715811912409,0.132929795787777,0.00132095010818395,0.00142204321813168,4.47990873051986,0.101568706206958
4,JFXD,32,POJ-R,LT_Pronation_pro_L,0.0760904439355461,0.0764334903390434,0.15252393427459,0.00145618899911149,0.00155687907617373,4.47366756966045,0.101418003280063
5,JZ,1,V1-L,LT_Pronation_pro_L,0.0549440951814941,0.0605618937326504,0.115505988914144,0.00105608395433012,0.0011560863976521,4.46423337887272,0.11785717048739
5,JZ,2,V3-L,LT_Pronation_pro_L,0.0418550445091658,0.0448607247388003,0.0867157692479662,0.000805393636968763,0.000875172615930667,4.48256451973637,0.119529396302819
5,JZ,3,STS-L,LT_Pronation_pro_L,0.050053051340211,0.0578139564432052,0.107867007783416,0.00107170505967513,0.00116552856091946,4.46515708704655,0.116401753833212
5,JZ,4,IPL-L,LT_Pronation_pro_L,0.0464349408806046,0.167473239929062,0.213908180809667,0.00122481967495035,0.00132947217572467,4.45670939003205,0.114615365854397
5,JZ,5,SPL-L,LT_Pronation_pro_L,0.029862643852485,0.0467423938599177,0.0766050377124027,0.000930903237534751,0.00101174547124183,4.47453267079388,0.119819307444878
5,JZ,6,AG-L,LT_Pronation_pro_L,0.038472177156663,0.0421643726743843,0.0806365498310473,0.000948321251360802,0.00103504449519904,4.47380663860284,0.119593046936807
5,JZ,7,mIPS-L,LT_Pronation_pro_L,0.0392050020778567,0.050147389941917,0.0893523920197737,0.00100562544034102,0.00109046942577227,4.47008263926181,0.119483869438152
5,JZ,8,VIP-L,LT_Pronation_pro_L,0.0506910327147816,0.0526723179123542,0.103363350627136,0.000980984027009704,0.00106825419155648,4.4722063876663,0.118201746541676
5,JZ,9,SPOC-L,LT_Pronation_pro_L,0.119890695044029,0.0770198646245995,0.196910559668628,0.00173660034155702,0.00189883583053182,4.42652522240993,0.113281258163706
5,JZ,10,S1-L,LT_Pronation_pro_L,0.177666637876511,0.114575906475393,0.292242544351904,0.00171860595729451,0.00187528451818771,4.42434664735913,0.108138487764963
5,JZ,11,M1-L,LT_Pronation_pro_L,0.102537208368757,0.0661910352870228,0.16872824365578,0.00139909367574711,0.00152594744199846,4.44626268890179,0.114596778133404
5,JZ,12,SMA-L,LT_Pronation_pro_L,0.0602978389794591,0.0687351701137438,0.129033009093203,0.00119609700488865,0.00130125525536587,4.45924154813128,0.117627830655544
5,JZ,13,PMd-L,LT_Pronation_pro_L,0.113842468027742,0.0855149597605089,0.199357427788251,0.00142010659692212,0.00154750497627257,4.44674200447242,0.113912359422375
5,JZ,14,PMv-L,LT_Pronation_pro_L,0.0558717761473341,0.033190525720524,0.0890623018678581,0.00111090880213407,0.00121713068588179,4.46331776042935,0.120147994928028
5,JZ,15,FEF-L,LT_Pronation_pro_L,0.0968689424609335,0.0553481091286559,0.152217051589589,0.00131816155675755,0.00143634381535253,4.4521679463543,0.114401153609681
5,JZ,16,POJ-L,LT_Pronation_pro_L,0.0508957633045163,0.0770727538895985,0.127968517194115,0.0012934882187748,0.00141902568527969,4.45253708063715,0.118527900620221
5,JZ,17,V1-R,LT_Pronation_pro_L,0.108227071661356,0.0517289741498773,0.159956045811233,0.00151909744022191,0.00166609922820212,4.4394685336498,0.118037140753773
5,JZ,18,V3-R,LT_Pronation_pro_L,0.0597976790685315,0.0580066887324428,0.117804367800974,0.0012236909690216,0.00134416605885059,4.45589331257491,0.119256585647954
5,JZ,19,STS-R,LT_Pronation_pro_L,0.0692241225235982,0.0459743027404475,0.115198425264046,0.001076210177776,0.001171859914889,4.46564764698106,0.118855232612421
5,JZ,20,IPL-R,LT_Pronation_pro_L,0.0689500521889055,0.0579749504441812,0.126925002633087,0.00119132164256853,0.00130516190835444,4.45836815469018,0.117735051587538
5,JZ,21,SPL-R,LT_Pronation_pro_L,0.0402078436188216,0.0931265231504019,0.133334366769224,0.00127304810168754,0.00138609585504289,4.45382633947584,0.11895997492689
5,JZ,22,AG-R,LT_Pronation_pro_L,0.0524820758591723,0.108737884057915,0.161219959917087,0.00125846276302749,0.0013587373893393,4.45501074825166,0.115997171283251
5,JZ,23,mIPS-R,LT_Pronation_pro_L,0.0586763959546543,0.0752768149302806,0.133953210884935,0.00134005708440372,0.00145926874582203,4.45063441347903,0.11767043278787
5,JZ,24,VIP-R,LT_Pronation_pro_L,0.051295375798189,0.0633589134216923,0.114654289219881,0.00115510920156157,0.00126265276934792,4.4610037516573,0.1190795487187
5,JZ,25,SPOC-R,LT_Pronation_pro_L,0.075843150537937,0.0911263983906827,0.16696954892862,0.00144786054545957,0.00158451571325005,4.44310867900447,0.117164831263235
5,JZ,26,S1-R,LT_Pronation_pro_L,0.0894051756297418,0.075165091632613,0.164570267262355,0.00139704146052053,0.00153063047594052,4.44577356654993,0.116665404467784
5,JZ,27,M1-R,LT_Pronation_pro_L,0.077029861006813,0.0634721808912915,0.140502041898105,0.00129842512880125,0.00141774924169871,4.45026918486491,0.117716627130283
5,JZ,28,SMA-R,LT_Pronation_pro_L,0.0585508800445171,0.0310297812646136,0.0895806613091306,0.00107001979576523,0.00117398354093776,4.46639058916344,0.120547585846788
5,JZ,29,PMd-R,LT_Pronation_pro_L,0.0655022552181249,0.07475277680693,0.140255032025055,0.00141632717721115,0.00154206907035099,4.44704220208672,0.11783936739631
5,JZ,30,PMv-R,LT_Pronation_pro_L,0.0466693808994422,0.0841658291734362,0.130835210072878,0.00105213624949649,0.00114427194595139,4.46514895644544,0.117424865954008
5,JZ,31,FEF-R,LT_Pronation_pro_L,0.0722574964411972,0.0613588375833566,0.133616334024554,0.00124202166019941,0.00135673104542655,4.45587695070024,0.118423744374806
5,JZ,32,POJ-R,LT_Pronation_pro_L,0.0723997334908429,0.0605673062618883,0.132967039752731,0.00127780440666653,0.00139378775700643,4.45450957258922,0.117932191401827
6,LT,1,V1-L,LT_Pronation_pro_L,0.0575493777960436,0.0332289923326677,0.0907783701287112,0.00102492521783826,0.0011087389946245,4.40748789878555,0.0957399468938482
6,LT,2,V3-L,LT_Pronation_pro_L,0.0347428436371326,0.100546930146299,0.135289773783431,0.00122553380217332,0.00132722623748219,4.39484040583443,0.0940180707181444
6,LT,3,STS-L,LT_Pronation_pro_L,0.101354886914379,0.0563054871445879,0.157660374058967,0.00135590009795399,0.00146050654847117,4.3878619277375,0.0932910560990399
6,LT,4,IPL-L,LT_Pronation_pro_L,0.0351386258295326,0.0970222313774601,0.132160857206993,0.00114120945421757,0.00123714321586392,4.39983928566049,0.0942006237832196
6,LT,5,SPL-L,LT_Pronation_pro_L,0.0605807778067954,0.0634990479381457,0.124079825744941,0.00119023824958924,0.00128249311973148,4.39798985353665,0.094713739754139
6,LT,6,AG-L,LT_Pronation_pro_L,0.112269805489318,0.0531397819723705,0.165409587461688,0.00145711508257217,0.00158166554141574,4.38089250101464,0.0928305962387041
6,LT,7,mIPS-L,LT_Pronation_pro_L,0.0459532703476063,0.0587972456245614,0.104750515972168,0.00109482643710158,0.00118385025684738,4.4031246773968,0.0958299382523308
6,LT,8,VIP-L,LT_Pronation_pro_L,0.0497447806816098,0.0760841852577312,0.125828965939341,0.00104666929620583,0.00112856733400889,4.40596213177477,0.0936612946069853
6,LT,9,SPOC-L,LT_Pronation_pro_L,0.0359299285263095,0.0473331948322299,0.0832631233585395,0.00100347286633584,0.00108576587262775,4.40804440819644,0.0963678321209605
6,LT,10,S1-L,LT_Pronation_pro_L,0.0547975173498245,0.0619573626476874,0.116754879997512,0.00104709286503565,0.00113397009527799,4.40566664583102,0.0939941220230987
6,LT,11,M1-L,LT_Pronation_pro_L,0.0636384324279951,0.0457594636818586,0.109397896109854,0.00103918200493506,0.00112842428264033,4.40598543421137,0.0949466332092048
6,LT,12,SMA-L,LT_Pronation_pro_L,0.0665410256072797,0.0350341513090343,0.101575176916314,0.00100746799864676,0.00109176183470808,4.40818424764112,0.0947445541287243
6,LT,13,PMd-L,LT_Pronation_pro_L,0.0541934175506376,0.0758270150492805,0.130020432599918,0.00128436583460529,0.00139120496652306,4.39057632182764,0.0933041131053063
6,LT,14,PMv-L,LT_Pronation_pro_L,0.0452526972594128,0.0397065357765065,0.0849592330359193,0.000955874460927023,0.00103296508998599,4.41109451170763,0.0956472683572449
6,LT,15,FEF-L,LT_Pronation_pro_L,0.114066731464089,0.0638078691304545,0.177874600594544,0.0015131891616602,0.00165032913736285,4.37632649898529,0.0916496485779592
6,LT,16,POJ-L,LT_Pronation_pro_L,0.0550298549474264,0.0348146554770894,0.0898445104245158,0.00106087573871118,0.00114483488247995,4.40481706512463,0.0965296506405944
6,LT,17,V1-R,LT_Pronation_pro_L,0.0613763497437413,0.0541310343184774,0.115507384062219,0.0011836443190358,0.00128111116635723,4.3969581344432,0.0948708646626729
6,LT,18,V3-R,LT_Pronation_pro_L,0.0511458019485276,0.0708033078185652,0.121949109767093,0.00122182625884509,0.00131343846968451,4.39461623610717,0.0939857875421456
6,LT,19,STS-R,LT_Pronation_pro_L,0.0538920984614658,0.0389293993536829,0.0928214978151486,0.00100837201297733,0.00108511448507086,4.40745440985676,0.0946423958578807
6,LT,20,IPL-R,LT_Pronation_pro_L,0.0425490898285741,0.0648370960853547,0.107386185913929,0.00116867166140213,0.00126482689427938,4.39798429913038,0.0954985886822995
6,LT,21,SPL-R,LT_Pronation_pro_L,0.0495222022077518,0.107052128272092,0.156574330479844,0.00152313018829795,0.00165427773815049,4.37665755267181,0.094010056361846
6,LT,22,AG-R,LT_Pronation_pro_L,0.0783960913407907,0.064271079681508,0.142667171022299,0.00137683901289768,0.00149120796719191,4.38451912659159,0.0931081499382348
6,LT,23,mIPS-R,LT_Pronation_pro_L,0.0457552084837556,0.0617507157166928,0.107505924200448,0.0010295994555415,0.00110907141183902,4.40673832162179,0.0950806267668065
6,LT,24,VIP-R,LT_Pronation_pro_L,0.0363333470692523,0.0921384602284586,0.128471807297711,0.00125708015703893,0.0013596615835322,4.39286430478304,0.0947715268539727
6,LT,25,SPOC-R,LT_Pronation_pro_L,0.0723319234379131,0.0444631604060524,0.116795083843966,0.00113428518115037,0.00121717942809327,4.40026298418948,0.0943654585113481
6,LT,26,S1-R,LT_Pronation_pro_L,0.0560478562613315,0.0533497677224686,0.1093976239838,0.00111099903301335,0.00120655914212794,4.39979593651467,0.0947743572466563
6,LT,27,M1-R,LT_Pronation_pro_L,0.0509741326243691,0.0532831108357367,0.104257243460106,0.00102767440487118,0.00110946902211318,4.4063108253051,0.0938494980810225
6,LT,28,SMA-R,LT_Pronation_pro_L,0.0732972035609277,0.0446759918186228,0.117973195379551,0.00109146451058391,0.00118022507533741,4.40199559248579,0.094179444621805
6,LT,29,PMd-R,LT_Pronation_pro_L,0.055182828283263,0.067780757497806,0.122963585781069,0.00113543174934893,0.00122555749544119,4.39868315807356,0.0921879922073621
6,LT,30,PMv-R,LT_Pronation_pro_L,0.0434759739131043,0.0293983915765864,0.0728743654896907,0.000893392755384161,0.00096963902486514,4.41463638382398,0.0971905781772042
6,LT,31,FEF-R,LT_Pronation_pro_L,0.0390233956028786,0.042849158608547,0.0818725542114255,0.000851346333914086,0.000922549058154963,4.41836510028202,0.0958568187309781
6,LT,32,POJ-R,LT_Pronation_pro_L,0.0691990331290452,0.0327087998934681,0.101907833022513,0.000982501206263782,0.00105452380866076,4.41056675290247,0.0953094773763334
7,NvA,1,V1-L,LT_Pronation_pro_L,0.0451400350028248,0.134713787681204,0.179853822684029,0.0015569275400152,0.00169219714382329,4.61128933952025,0.136794550106809
7,NvA,2,V3-L,LT_Pronation_pro_L,0.0965332334388188,0.120559581253246,0.217092814692064,0.00175070526723561,0.00189185207257099,4.60240307584549,0.133863194655577
7,NvA,3,STS-L,LT_Pronation_pro_L,0.0559016054375405,0.0754617451613546,0.131363350598895,0.00140748995710144,0.00152663172191439,4.61895270034095,0.139486129213553
7,NvA,4,IPL-L,LT_Pronation_pro_L,0.0671167096737913,0.0853235225644082,0.152440232238199,0.00140983634934364,0.00152428312195775,4.62060193518214,0.139275134149982
7,NvA,5,SPL-L,LT_Pronation_pro_L,0.0657294096740116,0.0942902231659427,0.160019632839954,0.00154658386300977,0.00167925092068593,4.61312817967662,0.139251493108816
7,NvA,6,AG-L,LT_Pronation_pro_L,0.0886912510805827,0.0569738050404286,0.145665056121011,0.00139248673492846,0.0015133110555986,4.62116792983882,0.139625981211184
7,NvA,7,mIPS-L,LT_Pronation_pro_L,0.103214966673001,0.0450016958954226,0.148216662568424,0.00137779147208574,0.00150020518378695,4.6202284716528,0.139638226350624
7,NvA,8,VIP-L,LT_Pronation_pro_L,0.12221353934467,0.0655170278555698,0.18773056720024,0.00179397814190671,0.00194875379126531,4.60074986354261,0.138565887697407
7,NvA,9,SPOC-L,LT_Pronation_pro_L,0.126310297824764,0.13983124298659,0.266141540811354,0.00233412058348922,0.00252458508657754,4.57813640747253,0.132051208594945
7,NvA,10,S1-L,LT_Pronation_pro_L,0.0928560464185475,0.0540834860555004,0.146939532474048,0.00141084906815366,0.00152172383830443,4.62088706879247,0.140440697927492
7,NvA,11,M1-L,LT_Pronation_pro_L,0.0510278108966312,0.082062433420024,0.133090244316655,0.0013693287060103,0.00148548697436836,4.62204800084107,0.140700989924556
7,NvA,12,SMA-L,LT_Pronation_pro_L,0.035497366334005,0.190057951800426,0.225555318134431,0.00171262269552253,0.00184951913289022,4.60444228301735,0.138346545252878
7,NvA,13,PMd-L,LT_Pronation_pro_L,0.0543376703493018,0.0624729281197308,0.116810598469033,0.00139437097886031,0.00150980490599618,4.6204030344193,0.140797858731281
7,NvA,14,PMv-L,LT_Pronation_pro_L,0.0788315926001883,0.0375178758758847,0.116349468476073,0.00126078154039785,0.00136595640305816,4.6278899320945,0.141454018367066
7,NvA,15,FEF-L,LT_Pronation_pro_L,0.0829664927910615,0.0514585321257529,0.134425024916814,0.00142469348140755,0.00154274722175759,4.61996317690204,0.140708280396752
7,NvA,16,POJ-L,LT_Pronation_pro_L,0.0841614968349698,0.0659327702478748,0.150094267082845,0.00146322823905232,0.00158385224271653,4.61765372605678,0.138114460223951
7,NvA,17,V1-R,LT_Pronation_pro_L,0.0572840309723226,0.0367218768655314,0.094005907837854,0.00113444503914421,0.00122802512253599,4.63566637607973,0.141353366692131
7,NvA,18,V3-R,LT_Pronation_pro_L,0.0651259826129805,0.0938322828930039,0.158958265505984,0.00151701628852081,0.00165315898679412,4.61529460842702,0.139132828958611
7,NvA,19,STS-R,LT_Pronation_pro_L,0.0950358146024185,0.0517421618764425,0.146777976478861,0.00151132227537493,0.00164344713036172,4.61272042149858,0.139134315808018
7,NvA,20,IPL-R,LT_Pronation_pro_L,0.0617936024645579,0.1375098151893,0.199303417653858,0.00177490772746318,0.00192901011675826,4.60338316639136,0.138398863115924
7,NvA,21,SPL-R,LT_Pronation_pro_L,0.166605408345754,0.0909665836669922,0.257571992012747,0.00199561481454605,0.00215065878362509,4.59215678382414,0.130204436289026
7,NvA,22,AG-R,LT_Pronation_pro_L,0.0443607526441715,0.128705424475984,0.173066177120156,0.00139003229104547,0.00150081463671113,4.62031446145743,0.136797103845614
7,NvA,23,mIPS-R,LT_Pronation_pro_L,0.117512347388468,0.0441260243055315,0.161638371693999,0.00157700768306072,0.00171514496938058,4.6124018975682,0.13911371968931
7,NvA,24,VIP-R,LT_Pronation_pro_L,0.0670838509611913,0.116744648038889,0.18382849900008,0.00172878120953324,0.00188255454073053,4.60480626555781,0.138736891280176
7,NvA,25,SPOC-R,LT_Pronation_pro_L,0.153381014912226,0.138396312662607,0.291777327574833,0.00212354106378079,0.00231345756706013,4.58477932139943,0.130571451549983
7,NvA,26,S1-R,LT_Pronation_pro_L,0.0750072066842127,0.0949777511541989,0.169984957838412,0.00148649785367129,0.00161398692004955,4.61663210892602,0.136872898635444
7,NvA,27,M1-R,LT_Pronation_pro_L,0.230186108522906,0.0405144283732659,0.270700536896172,0.00171606308694022,0.00184851878063436,4.60481788036553,0.134405848607257
7,NvA,28,SMA-R,LT_Pronation_pro_L,0.0452756555609607,0.12670330249529,0.17197895805625,0.00148792082062105,0.00160925503486305,4.61579779193826,0.138973867948082
7,NvA,29,PMd-R,LT_Pronation_pro_L,0.0577937813074961,0.13754457460722,0.195338355914716,0.00136592023034275,0.00147299744905474,4.62050636308791,0.138479210944698
7,NvA,30,PMv-R,LT_Pronation_pro_L,0.0361136129150477,0.0396713408254945,0.0757849537405422,0.000953273941066798,0.00103045482954904,4.64494449351778,0.143045879416871
7,NvA,31,FEF-R,LT_Pronation_pro_L,0.12482037815654,0.0421783128657149,0.166998691022255,0.00153105627805786,0.00165897550007348,4.61337415570154,0.140351935978063
7,NvA,32,POJ-R,LT_Pronation_pro_L,0.0960043290215109,0.0623199519026488,0.15832428092416,0.00125976668075887,0.00135564457309355,4.62932669769829,0.134616044520746
8,RR,1,V1-L,LT_Pronation_pro_L,0.146595359158601,0.0405742656206565,0.187169624779258,0.00170169608729399,0.00184343390219703,4.65886590602886,0.147685389892533
8,RR,2,V3-L,LT_Pronation_pro_L,0.0983703885748677,0.14568030110214,0.244050689677007,0.00217722265385899,0.00236088945515091,4.63847779747129,0.142077354448415
8,RR,3,STS-L,LT_Pronation_pro_L,0.04237333280368,0.0581517021718611,0.100525034975541,0.00113679325574003,0.00123023295718073,4.68818800273295,0.149936476809672
8,RR,4,IPL-L,LT_Pronation_pro_L,0.0927719352750303,0.0500172760591582,0.142789211334189,0.00157707649475497,0.00170526602563306,4.66622399684127,0.150962740056792
8,RR,5,SPL-L,LT_Pronation_pro_L,0.0913357244531605,0.0799344189525862,0.171270143405747,0.0017123086640657,0.00185704127649689,4.66068706978282,0.147712999136365
8,RR,6,AG-L,LT_Pronation_pro_L,0.0761890928831989,0.0641995171449718,0.140388610028171,0.00141524581548708,0.00152576810158198,4.67471509440564,0.146914465634305
8,RR,7,mIPS-L,LT_Pronation_pro_L,0.10379558941535,0.0471158398492915,0.150911429264641,0.00147035560396245,0.00159141255042328,4.67256372529093,0.148523363985998
8,RR,8,VIP-L,LT_Pronation_pro_L,0.104183163018404,0.0479075431658992,0.152090706184304,0.00146769490217841,0.00158986487222852,4.67032000821657,0.14943089658062
8,RR,9,SPOC-L,LT_Pronation_pro_L,0.106501779270174,0.0948516865549538,0.201353465825127,0.00189235995521366,0.00204841063993545,4.65119172396861,0.14842187021212
8,RR,10,S1-L,LT_Pronation_pro_L,0.0874979308195077,0.0999621353120127,0.18746006613152,0.00193768809247297,0.00209841101938266,4.65041326848782,0.147995412689703
8,RR,11,M1-L,LT_Pronation_pro_L,0.118748238692839,0.0724224994615945,0.191170738154434,0.00166815931228161,0.00180610920850826,4.66059345546593,0.148416976063066
8,RR,12,SMA-L,LT_Pronation_pro_L,0.0523712106541282,0.115396788242672,0.1677679988968,0.0016801154547277,0.00182386701831586,4.66009899630496,0.149490096608641
8,RR,13,PMd-L,LT_Pronation_pro_L,0.0664191676233401,0.105952231801505,0.172371399424845,0.00129407020476483,0.00138181272932272,4.67864411661794,0.14809133773611
8,RR,14,PMv-L,LT_Pronation_pro_L,0.0550997956386174,0.0463710692473113,0.101470864885929,0.00117924123050558,0.00126915359610497,4.68670053665279,0.15204848351833
8,RR,15,FEF-L,LT_Pronation_pro_L,0.0532439181281576,0.0632864393585322,0.11653035748669,0.00132805317760086,0.00143955370109899,4.67832998516104,0.151172329001061
8,RR,16,POJ-L,LT_Pronation_pro_L,0.0417115165694897,0.0842049589698723,0.125916475539362,0.00128115424746502,0.00137965729191545,4.68223809965962,0.150497652541471
8,RR,17,V1-R,LT_Pronation_pro_L,0.0888222751917406,0.13063381865212,0.219456093843861,0.00200339408498817,0.00217054699351699,4.64765870749183,0.147311412764893
8,RR,18,V3-R,LT_Pronation_pro_L,0.128202728119048,0.0465090321753987,0.174711760294447,0.00167074470472875,0.00181564113611152,4.66215685764512,0.149647580672239
8,RR,19,STS-R,LT_Pronation_pro_L,0.0629346860437382,0.030091199032455,0.0930258850761932,0.0010677201181889,0.00115529458353705,4.6944129154962,0.15228899889062
8,RR,20,IPL-R,LT_Pronation_pro_L,0.150015332104323,0.0788293044880193,0.228844636592343,0.00187266234220178,0.00203245441062559,4.65330291371645,0.145411389317498
8,RR,21,SPL-R,LT_Pronation_pro_L,0.0914582636231466,0.0992026880848283,0.190660951707975,0.00176954397489353,0.00191379965919404,4.65810951302293,0.14753121050274
8,RR,22,AG-R,LT_Pronation_pro_L,0.0779535998423769,0.157339634169501,0.235293234011878,0.00170774142649171,0.00184622194330872,4.65668658619172,0.143723853520495
8,RR,23,mIPS-R,LT_Pronation_pro_L,0.0668933781123306,0.0955239804434816,0.162417358555812,0.00167219394640261,0.00180667018542164,4.66335561435206,0.147967710946821
8,RR,24,VIP-R,LT_Pronation_pro_L,0.121039917908386,0.144288514349495,0.265328432257881,0.00226268244251815,0.00244748585546643,4.63585439053511,0.142021951892636
8,RR,25,SPOC-R,LT_Pronation_pro_L,0.159512385741624,0.138656549166387,0.298168934908011,0.00204687784521,0.00220453550883911,4.64407102134562,0.135772090743325
8,RR,26,S1-R,LT_Pronation_pro_L,0.113548281902223,0.0922908697615959,0.205839151663819,0.00192525045211543,0.00207540115259723,4.64887418206241,0.144125570843727
8,RR,27,M1-R,LT_Pronation_pro_L,0.0727936252622114,0.0669394977262495,0.139733122988461,0.00148364516827705,0.00159400470218297,4.67117550216904,0.14846786288404
8,RR,28,SMA-R,LT_Pronation_pro_L,0.0611153540339963,0.0924952725130155,0.153610626547012,0.00154706861487162,0.00167338126205854,4.66678833389193,0.150796081696491
8,RR,29,PMd-R,LT_Pronation_pro_L,0.0351408849859029,0.134550077404602,0.169690962390505,0.00165445190662703,0.00178853894126262,4.66400092604349,0.149365200341846
8,RR,30,PMv-R,LT_Pronation_pro_L,0.0550807511943386,0.0702960758260375,0.125376827020376,0.00145132464966804,0.00156890454928733,4.67281224801428,0.151653621258501
8,RR,31,FEF-R,LT_Pronation_pro_L,0.0471297842116446,0.099806521139473,0.146936305351118,0.00153505561141811,0.00165616174614382,4.6697828923086,0.149345793066119
8,RR,32,POJ-R,LT_Pronation_pro_L,0.125122217277068,0.100489900584968,0.225612117862036,0.00179411274022228,0.00192524113997414,4.65652149980122,0.141639744758615
9,SJB,1,V1-L,LT_Pronation_pro_L,0.0763907103506881,0.105432129602468,0.181822839953156,0.00172970971005073,0.00185426511575467,4.71892794811404,0.151132019978232
9,SJB,2,V3-L,LT_Pronation_pro_L,0.123529070103682,0.21282380678958,0.336352876893262,0.00253678774209682,0.00274471042269967,4.67760386786967,0.143090219296679
9,SJB,3,STS-L,LT_Pronation_pro_L,0.115480272849747,0.0731066631033659,0.188586935953113,0.0016714624300257,0.0017929479612627,4.7190474933712,0.152042273660407
9,SJB,4,IPL-L,LT_Pronation_pro_L,0.102861527369035,0.0822445184926792,0.185106045861714,0.00175403552132877,0.00189038771248773,4.71464018117844,0.152736033906209
9,SJB,5,SPL-L,LT_Pronation_pro_L,0.0758887810723192,0.0915494227211283,0.167438203793448,0.00175669853737772,0.00188915153601051,4.71595755353693,0.154278025248872
9,SJB,6,AG-L,LT_Pronation_pro_L,0.128314297383841,0.0632679262392378,0.191582223623079,0.00190905512598204,0.0020617390318317,4.70820498762186,0.153460376833063
9,SJB,7,mIPS-L,LT_Pronation_pro_L,0.0536281756889264,0.0892023760013341,0.142830551690261,0.00154608200374017,0.00166330391490026,4.72511871925886,0.154048679342856
9,SJB,8,VIP-L,LT_Pronation_pro_L,0.0920646728916218,0.0783584214298753,0.170423094321497,0.00163669801625643,0.00175739650084723,4.72088672391572,0.153548364127204
9,SJB,9,SPOC-L,LT_Pronation_pro_L,0.100825902430398,0.137344940276474,0.238170842706872,0.0020727190190875,0.00223676801781243,4.7026038726875,0.14928918625831
9,SJB,10,S1-L,LT_Pronation_pro_L,0.123380071953344,0.0531716870458799,0.176551758999224,0.00160215188459509,0.00173382399721122,4.720895083186,0.154260422225184
9,SJB,11,M1-L,LT_Pronation_pro_L,0.0799998340755226,0.111089135115853,0.191088969191376,0.00158529616893465,0.00171058340875673,4.72079481067998,0.152484946180717
9,SJB,12,SMA-L,LT_Pronation_pro_L,0.0640229072313957,0.120784925689922,0.184807832921318,0.00163095369559182,0.00176442552666549,4.7175566707757,0.152824508659263
9,SJB,13,PMd-L,LT_Pronation_pro_L,0.0773062007209601,0.0786877378548465,0.155993938575807,0.00149061923066045,0.00160528496206517,4.72630319712372,0.154180438998191
9,SJB,14,PMv-L,LT_Pronation_pro_L,0.0548446474384908,0.0386581296108179,0.0935027770493086,0.00110886611797674,0.00119696835829407,4.74677272028476,0.156587902991216
9,SJB,15,FEF-L,LT_Pronation_pro_L,0.0637554746254367,0.0593159132858639,0.123071387911301,0.00155552514410443,0.00168426107567235,4.72422654148192,0.156397378880754
9,SJB,16,POJ-L,LT_Pronation_pro_L,0.112319047524821,0.144524224118653,0.256843271643474,0.002285690558695,0.00247984851758178,4.69152875399806,0.149556190746659
9,SJB,17,V1-R,LT_Pronation_pro_L,0.0825048223089896,0.118937439317044,0.201442261626034,0.00211654997827871,0.00230276414265239,4.69969162726822,0.153651308174925
9,SJB,18,V3-R,LT_Pronation_pro_L,0.0844584193610504,0.0517236981187524,0.136182117479803,0.00167021687627222,0.00180710225239049,4.72009044784446,0.156351719870325
9,SJB,19,STS-R,LT_Pronation_pro_L,0.0939228177475374,0.0817602145047456,0.175683032252283,0.0018882016133411,0.00203507084287321,4.70827634910694,0.151146532170173
9,SJB,20,IPL-R,LT_Pronation_pro_L,0.0974520824951092,0.041435260949143,0.138887343444252,0.00140370733076489,0.00151750987599006,4.73066955663011,0.154916590063641
9,SJB,21,SPL-R,LT_Pronation_pro_L,0.119759026399991,0.127989922828509,0.2477489492285,0.00225160604109485,0.0024392417558257,4.69399744068884,0.149113211368379
9,SJB,22,AG-R,LT_Pronation_pro_L,0.0967317357628067,0.114872776911853,0.21160451267466,0.00204369202750478,0.00219823593711556,4.70374883013379,0.15146824999932
9,SJB,23,mIPS-R,LT_Pronation_pro_L,0.0767023191241528,0.0641375995261613,0.140839918650314,0.00146340092265039,0.00157340690033013,4.72949488039106,0.154100831115822
9,SJB,24,VIP-R,LT_Pronation_pro_L,0.12579159349832,0.0722494358278303,0.19804102932615,0.00173719060798388,0.0018732946898603,4.71525562781722,0.15243721700796
9,SJB,25,SPOC-R,LT_Pronation_pro_L,0.149274420255701,0.150985875312565,0.300260295568266,0.00242935044367668,0.00262617812798341,4.68725113031233,0.146795582706609
9,SJB,26,S1-R,LT_Pronation_pro_L,0.0716309600405674,0.189659908804433,0.261290868845001,0.00190061752319374,0.00205494467545178,4.7066262511345,0.149560275528634
9,SJB,27,M1-R,LT_Pronation_pro_L,0.131679383850025,0.100781128245978,0.232460512096002,0.00191943673601735,0.00207155496756717,4.70634586923042,0.149882829614279
9,SJB,28,SMA-R,LT_Pronation_pro_L,0.0940120958167266,0.0537866895849876,0.147798785401714,0.00143634811225412,0.00155156184752141,4.72882694947264,0.155269792177481
9,SJB,29,PMd-R,LT_Pronation_pro_L,0.0681149499297466,0.0568181828757107,0.124933132805457,0.00145159421282187,0.00157035978640136,4.72761845999605,0.154738016194539
9,SJB,30,PMv-R,LT_Pronation_pro_L,0.0676770951123893,0.0550073541768165,0.122684449289206,0.00129019843001132,0.00138730583389102,4.73629427879254,0.155806668056885
9,SJB,31,FEF-R,LT_Pronation_pro_L,0.064474630847796,0.0418279541425756,0.106302584990372,0.00138193191021669,0.00149934828628722,4.73146607177856,0.157124328833002
9,SJB,32,POJ-R,LT_Pronation_pro_L,0.0983043756068964,0.105566923362949,0.203871298969845,0.00177190196651283,0.00190000089493117,4.71554715298362,0.151969876640182
1,DOC,1,V1-L,LT_Pronation_pro_R,0.0435963393342783,0.0490468736812038,0.0926432130154821,0.00088128514347789,0.000938056315664531,4.27611734393961,0.0705186355877095
1,DOC,2,V3-L,LT_Pronation_pro_R,0.0577304121698042,0.031479628362587,0.0892100405323912,0.000905619264608169,0.000968861625738057,4.27374961553768,0.0710371226245832
1,DOC,3,STS-L,LT_Pronation_pro_R,0.0455342261134922,0.0284442843359283,0.0739785104494204,0.000813403649259303,0.000871427550232229,4.27944172866996,0.0718881597587925
1,DOC,4,IPL-L,LT_Pronation_pro_R,0.05510717649863,0.0804154486836051,0.135522625182235,0.00122424503465627,0.00130966688414232,4.2542311406789,0.0688201694994787
1,DOC,5,SPL-L,LT_Pronation_pro_R,0.0378276367243459,0.0877186966633069,0.125546333387653,0.00112631870550796,0.00120140513872511,4.26119324393672,0.0687623819048391
1,DOC,6,AG-L,LT_Pronation_pro_R,0.0537871169239067,0.0421026346975175,0.0958897516214242,0.000998999534913736,0.00106692760646105,4.26760828497847,0.070322281544075
1,DOC,7,mIPS-L,LT_Pronation_pro_R,0.0470779336389406,0.0566010251076194,0.10367895874656,0.00112170830912919,0.00120158178012701,4.26017893886731,0.0708732513189664
1,DOC,8,VIP-L,LT_Pronation_pro_R,0.0511641311902933,0.0666646481346895,0.117828779324983,0.00115759083472305,0.00123935872239982,4.25906511398209,0.0702146466520957
1,DOC,9,SPOC-L,LT_Pronation_pro_R,0.0878719079447318,0.0275840573304468,0.115455965275179,0.000935367785589556,0.000997383184406615,4.27351579111172,0.0701865000500637
1,DOC,10,S1-L,LT_Pronation_pro_R,0.0823186045897017,0.0213873907047023,0.103705995294404,0.000854284050493097,0.000912005188386479,4.2790714082044,0.070764412785787
1,DOC,11,M1-L,LT_Pronation_pro_R,0.0534509478049009,0.0260851546829086,0.0795361024878095,0.000822887771109592,0.000878292980480361,4.28048960364297,0.0719106217576616
1,DOC,12,SMA-L,LT_Pronation_pro_R,0.0414588690590333,0.0390474712897672,0.0805063403488004,0.000881820487026188,0.00094436861651128,4.27548838889543,0.0720973905334786
1,DOC,13,PMd-L,LT_Pronation_pro_R,0.0316624196581008,0.0527922170631507,0.0844546367212515,0.000892812970047698,0.000955850975887117,4.27462442750544,0.0718682642816659
1,DOC,14,PMv-L,LT_Pronation_pro_R,0.0267788455258153,0.0978775192302749,0.12465636475609,0.00115869266725301,0.00124277268320713,4.25769267582533,0.0703120162641901
1,DOC,15,FEF-L,LT_Pronation_pro_R,0.0645980247011546,0.0276948250940679,0.0922928497952224,0.000910367987912698,0.000972095039139122,4.27535441519425,0.071195074445252
1,DOC,16,POJ-L,LT_Pronation_pro_R,0.0627144603496755,0.0558519822514663,0.118566442601142,0.00113460105330085,0.00120674670974066,4.26039990801586,0.0692497221833121
1,DOC,17,V1-R,LT_Pronation_pro_R,0.0329981095786641,0.0327613128187345,0.0657594223973986,0.000741338238875867,0.000795478576761079,4.28560943383555,0.0715646741973831
1,DOC,18,V3-R,LT_Pronation_pro_R,0.0450185263702237,0.03440985110269,0.0794283774729137,0.000807840920543556,0.000865267135394875,4.28132412538173,0.0712717530718089
1,DOC,19,STS-R,LT_Pronation_pro_R,0.0391889190541474,0.0406473255667178,0.0798362446208652,0.000879418354579339,0.000945842486199279,4.27465775245161,0.0717172313590937
1,DOC,20,IPL-R,LT_Pronation_pro_R,0.0443807832672946,0.0349068011408062,0.0792875844081008,0.000797638903323444,0.000852497856390062,4.28132474085446,0.0712012840326085
1,DOC,21,SPL-R,LT_Pronation_pro_R,0.0405994921127152,0.0279322012981799,0.0685316934108951,0.000769247230609754,0.00082465772625345,4.28327964060299,0.0721021267135212
1,DOC,22,AG-R,LT_Pronation_pro_R,0.0289051060835051,0.0305297516568192,0.0594348577403243,0.000787469132844686,0.000845731756540168,4.28165620997638,0.072958813700843
1,DOC,23,mIPS-R,LT_Pronation_pro_R,0.0304631182893167,0.0319474491562362,0.0624105674455529,0.000813459832162362,0.00087311548104855,4.28020190045458,0.0728606337741257
1,DOC,24,VIP-R,LT_Pronation_pro_R,0.0506456918558495,0.0528885496426634,0.103534241498513,0.00101636821144656,0.00108499714201905,4.26595564895439,0.0705024006974907
1,DOC,25,SPOC-R,LT_Pronation_pro_R,0.0449068582335754,0.0705186764098352,0.115425534643411,0.0010592117403815,0.00113576370919091,4.26376948766407,0.0697052494499827
1,DOC,26,S1-R,LT_Pronation_pro_R,0.0477756931861528,0.0302964036017389,0.0780720967878917,0.000789302809826887,0.000845955525674828,4.28203144641552,0.0716946949893255
1,DOC,27,M1-R,LT_Pronation_pro_R,0.0440066669062215,0.0461784301241555,0.0901850970303769,0.000902506240267479,0.00096606076980769,4.27406883639844,0.0711657502967278
1,DOC,28,SMA-R,LT_Pronation_pro_R,0.0414313700712902,0.0413175516758297,0.0827489217471199,0.000898778105777667,0.000962666312468873,4.27421532992648,0.0717697551916934
1,DOC,29,PMd-R,LT_Pronation_pro_R,0.0368556781660275,0.0706294793194179,0.107485157485445,0.00104427238713808,0.00111984099330171,4.26446590894059,0.0708985547231397
1,DOC,30,PMv-R,LT_Pronation_pro_R,0.0372404521101404,0.0349862388105101,0.0722266909206505,0.000833049983684616,0.000893519074665245,4.27871094612076,0.0719514901797159
1,DOC,31,FEF-R,LT_Pronation_pro_R,0.0344255193630095,0.0513539309463984,0.0857794503094079,0.000919337033287258,0.00098219131424951,4.27342306551553,0.071460152373675
1,DOC,32,POJ-R,LT_Pronation_pro_R,0.0402927805203244,0.0597160068112881,0.100008787331613,0.00101061238895787,0.00108209733589128,4.2681872938878,0.0711442518998421
2,GB,1,V1-L,LT_Pronation_pro_R,0.158741301786929,0.0730730554633919,0.231814357250321,0.00197551316391811,0.00213682877745008,4.6497842865945,0.147629320635707
2,GB,2,V3-L,LT_Pronation_pro_R,0.1263456356067,0.0728976076698609,0.19924324327656,0.00171253112906542,0.00186466026388573,4.66073541824267,0.14830599420943
2,GB,3,STS-L,LT_Pronation_pro_R,0.0702675488574053,0.0705147094530264,0.140782258310432,0.00161276909889063,0.00174547144715814,4.66739906142772,0.151686302017787
2,GB,4,IPL-L,LT_Pronation_pro_R,0.0828232220204368,0.0561289548011447,0.138952176821582,0.00144953011928989,0.00157437481698413,4.6738133958014,0.15168472771951
2,GB,5,SPL-L,LT_Pronation_pro_R,0.125705783301351,0.0451549179780726,0.170860701279423,0.00164221621668249,0.00177685025159069,4.66575371789018,0.151586715417221
2,GB,6,AG-L,LT_Pronation_pro_R,0.0563381775123844,0.115308191184539,0.171646368696923,0.00152506264954058,0.00164472222437831,4.66900091621854,0.148410071106122
2,GB,7,mIPS-L,LT_Pronation_pro_R,0.07807398617222,0.0793594880580442,0.157433474230264,0.00142822162294654,0.00152973517650149,4.67524985248911,0.149296969876499
2,GB,8,VIP-L,LT_Pronation_pro_R,0.0697367455939721,0.112511093961775,0.182247839555748,0.00154961176658104,0.00166950629341492,4.66860418711147,0.148175446369279
2,GB,9,SPOC-L,LT_Pronation_pro_R,0.128914447408567,0.161234819368704,0.290149266777271,0.00222121305222438,0.00241017814060129,4.63969913039828,0.142646940526146
2,GB,10,S1-L,LT_Pronation_pro_R,0.0702544336489631,0.0968831854621381,0.167137619111101,0.00153174058125869,0.00164891019716311,4.67076421264092,0.147890928614448
2,GB,11,M1-L,LT_Pronation_pro_R,0.0504489341222885,0.118764120102158,0.169213054224446,0.00167408663535632,0.00182837274295507,4.66246727114513,0.150694605025826
2,GB,12,SMA-L,LT_Pronation_pro_R,0.0921984953567351,0.0896420527209806,0.181840548077716,0.00182602135508417,0.00198711546881163,4.65472217289737,0.149958339875196
2,GB,13,PMd-L,LT_Pronation_pro_R,0.0526091305415436,0.0726801337962358,0.125289264337779,0.00131034768855612,0.00141208270795119,4.68234826336232,0.151778409220439
2,GB,14,PMv-L,LT_Pronation_pro_R,0.0610821120639119,0.0814431066128644,0.142525218676776,0.00144561313155668,0.00156584099675242,4.67334640142847,0.150472493403116
2,GB,15,FEF-L,LT_Pronation_pro_R,0.110434599843089,0.0804395067298439,0.190874106572933,0.00158065705191589,0.00169929174995624,4.66611212618218,0.14750332314229
2,GB,16,POJ-L,LT_Pronation_pro_R,0.107105927099379,0.165133241946877,0.272239169046256,0.00187389738043349,0.00201738686265332,4.65477454842229,0.144029920285602
2,GB,17,V1-R,LT_Pronation_pro_R,0.0814408457310232,0.0513970288378393,0.132837874568863,0.00144260789358662,0.00155229274457555,4.67493533819904,0.151654729419844
2,GB,18,V3-R,LT_Pronation_pro_R,0.0985761134178367,0.0783230097435546,0.176899123161391,0.00169688194599004,0.00184422453022548,4.66270628801355,0.149493407931514
2,GB,19,STS-R,LT_Pronation_pro_R,0.0828018246675965,0.0597688411391293,0.142570665806726,0.00155467037103667,0.00167573878515709,4.66932619526393,0.151430465404468
2,GB,20,IPL-R,LT_Pronation_pro_R,0.0844783982131595,0.0680003461206291,0.152478744333789,0.00143678406388185,0.00154871973238251,4.67594738153965,0.150913589346641
2,GB,21,SPL-R,LT_Pronation_pro_R,0.0791228089969913,0.0762334015371948,0.155356210534186,0.0016033941760932,0.00173655506694089,4.66704929280698,0.150316119688467
2,GB,22,AG-R,LT_Pronation_pro_R,0.0657230700706198,0.0863028038246278,0.152025873895248,0.00158234077603402,0.00170881209203366,4.6684310873253,0.149850827293778
2,GB,23,mIPS-R,LT_Pronation_pro_R,0.0949556256952542,0.058854896708723,0.153810522403977,0.0016229755099479,0.00175621749062679,4.66728963055215,0.151593728264293
2,GB,24,VIP-R,LT_Pronation_pro_R,0.100918843145301,0.114681915341852,0.215600758487153,0.00183058919799847,0.00198066147322014,4.65432919686691,0.147882864302015
2,GB,25,SPOC-R,LT_Pronation_pro_R,0.0482627302295015,0.217079158516536,0.265341888746037,0.00186863780029571,0.0020064777361356,4.65474670904236,0.145978273806406
2,GB,26,S1-R,LT_Pronation_pro_R,0.114838992295034,0.0565379149611592,0.171376907256193,0.00145277090249251,0.00156222221613812,4.67448281945755,0.149212794780713
2,GB,27,M1-R,LT_Pronation_pro_R,0.0929664975679321,0.0804197632974586,0.173386260865391,0.00155258194063191,0.00168525905717937,4.66989739637952,0.149799102213546
2,GB,28,SMA-R,LT_Pronation_pro_R,0.0963747441202497,0.0966120080197517,0.192986752140001,0.00192660322187198,0.00208935630808824,4.64986832633326,0.147624567010852
2,GB,29,PMd-R,LT_Pronation_pro_R,0.115526239675785,0.0586749204516215,0.174201160127407,0.00146509167388188,0.00157794955230347,4.67187221548442,0.148032745502037
2,GB,30,PMv-R,LT_Pronation_pro_R,0.0604563701531962,0.0384003136866752,0.0988566838398714,0.00134019844008466,0.00144975466968195,4.67989334029457,0.15423099757605
2,GB,31,FEF-R,LT_Pronation_pro_R,0.0518673987268141,0.0803845995407684,0.132251998267582,0.00141957280541204,0.0015351584488095,4.67497369257549,0.150744845798775
2,GB,32,POJ-R,LT_Pronation_pro_R,0.116458536222552,0.113010412827545,0.229468949050097,0.00195093513927082,0.00209659474555801,4.65213754815584,0.142948798781284
3,JDC,1,V1-L,LT_Pronation_pro_R,0.0568641849018783,0.076498540591762,0.13336272549364,0.00124347257733297,0.00133036119973355,4.59249718398976,0.117538154907414
3,JDC,2,V3-L,LT_Pronation_pro_R,0.073954769250524,0.0908814572778213,0.164836226528345,0.00150215391595776,0.00161383709487784,4.5782348608809,0.116329904657164
3,JDC,3,STS-L,LT_Pronation_pro_R,0.0781489026639667,0.0313723326460038,0.109521235309971,0.00125382618629907,0.00134432351371856,4.59216038117413,0.119410213784964
3,JDC,4,IPL-L,LT_Pronation_pro_R,0.0927709494136687,0.0645454307060476,0.157316380119716,0.00164328842768048,0.00177113817331095,4.57215043132806,0.117286048831537
3,JDC,5,SPL-L,LT_Pronation_pro_R,0.10087427065906,0.0934592397590582,0.194333510418119,0.00177035860999388,0.00189997320705088,4.56492512693084,0.115028307476525
3,JDC,6,AG-L,LT_Pronation_pro_R,0.111707195459794,0.0440783961639308,0.155785591623724,0.00146524934067844,0.00157866978063505,4.58004667818419,0.117269721034128
3,JDC,7,mIPS-L,LT_Pronation_pro_R,0.0735759430063991,0.069144940285812,0.142720883292211,0.00152461840889495,0.00163903529177411,4.57791950371645,0.117649110423523
3,JDC,8,VIP-L,LT_Pronation_pro_R,0.0833718237988097,0.0728523269014403,0.15622415070025,0.00166828674875021,0.00179246688454564,4.5708661654015,0.116595677884226
3,JDC,9,SPOC-L,LT_Pronation_pro_R,0.106206644131694,0.0808688590735947,0.187075503205288,0.00180607704353956,0.00194226618652328,4.56386006338071,0.114701786100938
3,JDC,10,S1-L,LT_Pronation_pro_R,0.105194918151741,0.0727397467890125,0.177934664940754,0.00139191755134233,0.00148630489043871,4.58520116971294,0.114799448527955
3,JDC,11,M1-L,LT_Pronation_pro_R,0.0502375338103149,0.112037482806028,0.162275016616343,0.00133795159663808,0.00143462997895156,4.58751531712275,0.115882406850094
3,JDC,12,SMA-L,LT_Pronation_pro_R,0.0487827768239745,0.0694545081569091,0.118237284980884,0.00133574389280403,0.00142861337157728,4.5876110211762,0.11901085234806
3,JDC,13,PMd-L,LT_Pronation_pro_R,0.0596321330594972,0.0687148473748463,0.128346980434344,0.00124696469964378,0.0013377247513026,4.59157559311628,0.118678440902013
3,JDC,14,PMv-L,LT_Pronation_pro_R,0.0342265033335382,0.0501530406571753,0.0843795439907135,0.00110234409572835,0.00118144014893771,4.60000047008541,0.120672859485231
3,JDC,15,FEF-L,LT_Pronation_pro_R,0.109207888322121,0.0425363403659456,0.151744228688067,0.0014799511406709,0.00159225560449353,4.57843296918171,0.117852432257149
3,JDC,16,POJ-L,LT_Pronation_pro_R,0.0691455956471994,0.10188589674327,0.17103149239047,0.00150161424396801,0.00160270101543799,4.57929510043237,0.113454096969635
3,JDC,17,V1-R,LT_Pronation_pro_R,0.04918619468149,0.0726412385745866,0.121827433256077,0.00128660810786204,0.00137742234060926,4.5907730398224,0.118591696723414
3,JDC,18,V3-R,LT_Pronation_pro_R,0.106308146764075,0.0895432342229165,0.195851380986992,0.00172493517718798,0.00184333926961359,4.568774543935,0.113891794657081
3,JDC,19,STS-R,LT_Pronation_pro_R,0.0656517636542262,0.0413746685476143,0.107026432201841,0.00127217397157923,0.00136388734800221,4.59061220087784,0.119983394204509
3,JDC,20,IPL-R,LT_Pronation_pro_R,0.100256231363689,0.0477485161083885,0.148004747472077,0.00152373984362831,0.00162948202406972,4.57798866102088,0.118037199957565
3,JDC,21,SPL-R,LT_Pronation_pro_R,0.0566428703763062,0.0580881127091309,0.114730983085437,0.00130342299866727,0.00138877594318392,4.58963405652629,0.11931318691504
3,JDC,22,AG-R,LT_Pronation_pro_R,0.0870357490409627,0.0729270140209044,0.159962763061867,0.00154159341650014,0.00164673366675582,4.57770653400682,0.116249785727145
3,JDC,23,mIPS-R,LT_Pronation_pro_R,0.0430194057758182,0.090185518137011,0.133204923912829,0.00143067089647809,0.00152746385903595,4.58400383682632,0.117876747565503
3,JDC,24,VIP-R,LT_Pronation_pro_R,0.0405908713684643,0.100975019075291,0.141565890443756,0.00145740467699113,0.00155772353305208,4.58112739704272,0.118637803537349
3,JDC,25,SPOC-R,LT_Pronation_pro_R,0.0879435337507059,0.154637120926836,0.242580654677542,0.00201182140839833,0.0021582559599087,4.55505960625472,0.110932082349862
3,JDC,26,S1-R,LT_Pronation_pro_R,0.0630914402342186,0.078905589408396,0.141997029642615,0.00147762466723318,0.00158990180436065,4.57849401236576,0.117988348895699
3,JDC,27,M1-R,LT_Pronation_pro_R,0.0470778409018137,0.0670179353816676,0.114095776283481,0.00122982751623785,0.00131646710629315,4.59231904138729,0.119099205375677
3,JDC,28,SMA-R,LT_Pronation_pro_R,0.0422298175838922,0.0625414507783676,0.10477126836226,0.00119057869111761,0.00127115082023703,4.5958424546984,0.119655218450962
3,JDC,29,PMd-R,LT_Pronation_pro_R,0.0382294408055857,0.113175238604526,0.151404679410112,0.00137307304524331,0.0014627375317282,4.58515614763891,0.117826913840524
3,JDC,30,PMv-R,LT_Pronation_pro_R,0.0479770234069929,0.0684102090118518,0.116387232418845,0.00137276894993318,0.00147317142553754,4.58473535957416,0.119680524565352
3,JDC,31,FEF-R,LT_Pronation_pro_R,0.11662795136803,0.0652411764991859,0.181869127867216,0.00164794771273168,0.00176083083084384,4.56973795818322,0.116604767813015
3,JDC,32,POJ-R,LT_Pronation_pro_R,0.159811240965749,0.0809461261708679,0.240757367136617,0.00199185611815237,0.00213168339414698,4.55629317070655,0.11156863332398
4,JFXD,1,V1-L,LT_Pronation_pro_R,0.0359215400773227,0.0471103352964795,0.0830318753738022,0.000814173314545576,0.000882109092035971,4.32013047930534,0.0888169732890345
4,JFXD,2,V3-L,LT_Pronation_pro_R,0.0618844077370529,0.0309790241870165,0.0928634319240694,0.000953899805532865,0.00103453860397425,4.30973380439249,0.0882247641385915
4,JFXD,3,STS-L,LT_Pronation_pro_R,0.0737220775846774,0.0680069044646825,0.14172898204936,0.00135745853848613,0.0014851721544295,4.2824481700628,0.08690179426857
4,JFXD,4,IPL-L,LT_Pronation_pro_R,0.0435596503642128,0.0383056317845233,0.0818652821487361,0.000892629049568835,0.000964093994712898,4.31521500094402,0.0890864456977678
4,JFXD,5,SPL-L,LT_Pronation_pro_R,0.0415841444034662,0.0669402872477491,0.108524431651215,0.000973719513007754,0.00105082453476172,4.30849511660532,0.0860611971710283
4,JFXD,6,AG-L,LT_Pronation_pro_R,0.05249566693268,0.0546809711366298,0.10717663806931,0.00112562820280015,0.00122386892537401,4.29768357001992,0.0878391234320175
4,JFXD,7,mIPS-L,LT_Pronation_pro_R,0.0260524858046257,0.0580197417592059,0.0840722275638316,0.000868537882355395,0.000947449787721235,4.31534678877389,0.0890677620165788
4,JFXD,8,VIP-L,LT_Pronation_pro_R,0.0458733911025791,0.0511726492985875,0.0970460404011665,0.000996499798585022,0.001074663538099,4.30623702022564,0.088014424902856
4,JFXD,9,SPOC-L,LT_Pronation_pro_R,0.0358964596585656,0.0681722651427952,0.104068724801361,0.00107902823237507,0.00118262071167453,4.30170001984994,0.0887841317887986
4,JFXD,10,S1-L,LT_Pronation_pro_R,0.0511364604262663,0.0283925356092446,0.0795289960355109,0.000910353107188353,0.00100216884206839,4.31206026956026,0.0894447009259158
4,JFXD,11,M1-L,LT_Pronation_pro_R,0.0506504249417488,0.0257610516304046,0.0764114765721534,0.000885565704917718,0.00096808557094764,4.3149436939968,0.0895193341404565
4,JFXD,12,SMA-L,LT_Pronation_pro_R,0.0514917920927176,0.050841825638867,0.102333617731585,0.000908683465290899,0.000982921998535848,4.31510807309029,0.0874366028116289
4,JFXD,13,PMd-L,LT_Pronation_pro_R,0.0585557240700518,0.0214740279873148,0.0800297520573666,0.00082532700929007,0.000900019300959203,4.32032439464713,0.0889354701469742
4,JFXD,14,PMv-L,LT_Pronation_pro_R,0.110865144133539,0.114779758289719,0.225644902423258,0.00151730383280294,0.00164119998968711,4.27059026980527,0.0774475508791341
4,JFXD,15,FEF-L,LT_Pronation_pro_R,0.0758779822066123,0.0632423160258367,0.139120298232449,0.000962707679724348,0.00104673852486115,4.30842935512512,0.0849087929211119
4,JFXD,16,POJ-L,LT_Pronation_pro_R,0.0333425656774923,0.0290396809708193,0.0623822466483116,0.000714912909347008,0.000772960860848076,4.32735216715105,0.0891368821587598
4,JFXD,17,V1-R,LT_Pronation_pro_R,0.0736077233061108,0.0422359934772696,0.11584371678338,0.00101385531314001,0.0010989238315545,4.30563516850604,0.0871591347878592
4,JFXD,18,V3-R,LT_Pronation_pro_R,0.0478895312035417,0.0550124434049416,0.102901974608483,0.00115760227375098,0.0012678883209079,4.29613946841106,0.0882875694809172
4,JFXD,19,STS-R,LT_Pronation_pro_R,0.0971818033929068,0.0658741644411518,0.163055967834059,0.00131796363853831,0.00143537529412747,4.28614326066342,0.0850761914224079
4,JFXD,20,IPL-R,LT_Pronation_pro_R,0.0664819782712498,0.0360539495179787,0.102535927789228,0.000930256883822023,0.00100490600451208,4.31156243110104,0.0875621046777309
4,JFXD,21,SPL-R,LT_Pronation_pro_R,0.0287755657967022,0.0353086705906508,0.064084236387353,0.000799110629841887,0.000874156932100848,4.32045252102714,0.0897070257657606
4,JFXD,22,AG-R,LT_Pronation_pro_R,0.0436623843553003,0.0382782953166148,0.0819406796719151,0.000892033149578726,0.000976032654499171,4.31307779680212,0.0888231785849363
4,JFXD,23,mIPS-R,LT_Pronation_pro_R,0.0340416643973833,0.0347892898315126,0.0688309542288959,0.00081975626159957,0.00089902113770191,4.31824363676426,0.0896430710439954
4,JFXD,24,VIP-R,LT_Pronation_pro_R,0.0349674973933325,0.0384753979063129,0.0734428952996455,0.000849943003711043,0.00092293214589951,4.31680288592313,0.0884994509766288
4,JFXD,25,SPOC-R,LT_Pronation_pro_R,0.0458743978023227,0.0622596415526087,0.108134039354931,0.00099726813446828,0.00108458310041743,4.30631109594794,0.0882652732691799
4,JFXD,26,S1-R,LT_Pronation_pro_R,0.0464038336614118,0.0415123903552039,0.0879162240166158,0.000941796950646612,0.00102234031171193,4.31212316334816,0.0880611203347184
4,JFXD,27,M1-R,LT_Pronation_pro_R,0.0604793859518858,0.0354659296313312,0.0959453155832171,0.000960938234147976,0.00104474658832092,4.31068642103365,0.0882328092051924
4,JFXD,28,SMA-R,LT_Pronation_pro_R,0.0432578135830737,0.0661384574741815,0.109396271057255,0.000955514554034724,0.00103590887659251,4.31081104871773,0.087227013440898
4,JFXD,29,PMd-R,LT_Pronation_pro_R,0.0502146168941588,0.0539828745537549,0.104197491447914,0.00107716266884652,0.00117773853863541,4.30126078756538,0.0883979570829849
4,JFXD,30,PMv-R,LT_Pronation_pro_R,0.0560116741249294,0.124716438341424,0.180728112466354,0.00130249024923677,0.00141956482626842,4.28532189948478,0.0836069321429171
4,JFXD,31,FEF-R,LT_Pronation_pro_R,0.0569000910423302,0.0643354852482306,0.121235576290561,0.00111515726089657,0.00121396541569749,4.29906282348337,0.0855084725180701
4,JFXD,32,POJ-R,LT_Pronation_pro_R,0.0380060611386447,0.0613075114158515,0.0993135725544962,0.000912307061567261,0.000992426147115453,4.31246919162212,0.0883462713892733
5,JZ,1,V1-L,LT_Pronation_pro_R,0.0553639338869847,0.0621062848360354,0.11747021872302,0.00121952745317339,0.0013201817942385,4.49428644641203,0.116076703532569
5,JZ,2,V3-L,LT_Pronation_pro_R,0.0496636707799228,0.0696384845634052,0.119302155343328,0.0011730161362614,0.00127253955520457,4.49751403315756,0.116332389864422
5,JZ,3,STS-L,LT_Pronation_pro_R,0.0552830547233393,0.0474804931930333,0.102763547916373,0.00124958099346684,0.00136388533441489,4.49223695825521,0.117035482037767
5,JZ,4,IPL-L,LT_Pronation_pro_R,0.0319071763473551,0.164426545761426,0.196333722108781,0.00140905356402047,0.00153177898424605,4.48340426990541,0.113672337633571
5,JZ,5,SPL-L,LT_Pronation_pro_R,0.0519523852043324,0.0556439003865075,0.10759628559084,0.00122871517331621,0.00133502994106094,4.49496091988173,0.115675556773482
5,JZ,6,AG-L,LT_Pronation_pro_R,0.0577494254065681,0.0877537848407707,0.145503210247339,0.0013522977678996,0.00146290879393253,4.48698558344641,0.112412938337022
5,JZ,7,mIPS-L,LT_Pronation_pro_R,0.0592545467432966,0.0624872352963704,0.121741782039667,0.00130413841363551,0.00141423411628091,4.49113038656435,0.115803517375557
5,JZ,8,VIP-L,LT_Pronation_pro_R,0.0473071522002324,0.0542740860101652,0.101581238210398,0.00112510854404641,0.00122123393917998,4.5001644070149,0.116668898138445
5,JZ,9,SPOC-L,LT_Pronation_pro_R,0.12198306875617,0.0747393175472633,0.196722386303433,0.00172580907165011,0.00187318376461,4.46644195850692,0.112314391441688
5,JZ,10,S1-L,LT_Pronation_pro_R,0.13032090123088,0.10480737246105,0.235128273691929,0.00159974890376336,0.00172538469779353,4.47126876072372,0.108818535453166
5,JZ,11,M1-L,LT_Pronation_pro_R,0.121059816466158,0.0383485057200188,0.159408322186177,0.00134647032267142,0.00145840924201044,4.48696832469666,0.114888451730199
5,JZ,12,SMA-L,LT_Pronation_pro_R,0.0324186782972147,0.0481422848553085,0.0805609631525232,0.000839828738365559,0.000910274728558306,4.51832435129577,0.116901059520285
5,JZ,13,PMd-L,LT_Pronation_pro_R,0.102980885062327,0.0673789893493556,0.170359874411683,0.00131737209499881,0.00142513443625821,4.48833435572367,0.113607048588106
5,JZ,14,PMv-L,LT_Pronation_pro_R,0.0452201486806789,0.0538024492174088,0.0990225978980877,0.00117645831790532,0.00128358462035485,4.49633802235887,0.117568848156018
5,JZ,15,FEF-L,LT_Pronation_pro_R,0.0759133469404525,0.0402986166434613,0.116211963583914,0.0010859766752656,0.00117160736212593,4.50264607071702,0.115867348573918
5,JZ,16,POJ-L,LT_Pronation_pro_R,0.0871709054155992,0.0531900571654571,0.140360962581056,0.00128640087831532,0.00139335668759931,4.49239404102105,0.115257279502233
5,JZ,17,V1-R,LT_Pronation_pro_R,0.0734177125682902,0.0387193161471962,0.112137028715486,0.00116515137198392,0.00125668697996612,4.50006445469691,0.117052659629247
5,JZ,18,V3-R,LT_Pronation_pro_R,0.0839271638933485,0.0705118674110904,0.154439031304439,0.00132560729165627,0.00144376655490682,4.48819620165701,0.112558670575084
5,JZ,19,STS-R,LT_Pronation_pro_R,0.0662672525786208,0.0495909881795226,0.115858240758143,0.00115324863914768,0.00125440803314788,4.49771184053665,0.116414021189469
5,JZ,20,IPL-R,LT_Pronation_pro_R,0.0537123174454751,0.0897027089915976,0.143415026437073,0.00151255017136186,0.00164463780313876,4.47863028603474,0.115569579864207
5,JZ,21,SPL-R,LT_Pronation_pro_R,0.0662286810240516,0.0963287651879157,0.162557446211967,0.00150881416483559,0.00163643237128198,4.47957004549044,0.113262457263584
5,JZ,22,AG-R,LT_Pronation_pro_R,0.0716180169448221,0.115170243110041,0.186788260054863,0.00135592322083376,0.0014706478604447,4.48621402315795,0.111117184073655
5,JZ,23,mIPS-R,LT_Pronation_pro_R,0.0761986376823755,0.115361170806148,0.191559808488523,0.00162153601952359,0.00175694179180687,4.47209413379567,0.110700491065591
5,JZ,24,VIP-R,LT_Pronation_pro_R,0.044015145289921,0.0932790072175423,0.137294152507463,0.00140262065192567,0.00152532715100049,4.48322036595051,0.115919933220219
5,JZ,25,SPOC-R,LT_Pronation_pro_R,0.126059475674485,0.0656697773922917,0.191729253066776,0.00148897000291729,0.0016170506612686,4.4815231361963,0.112387134567797
5,JZ,26,S1-R,LT_Pronation_pro_R,0.0998796932285156,0.0792293470917715,0.179109040320287,0.00149283176840021,0.00161906137947294,4.47846101128094,0.112414120367818
5,JZ,27,M1-R,LT_Pronation_pro_R,0.0545524591203345,0.0615370058609447,0.116089464981279,0.00111945827081313,0.00120853889240788,4.50078873981359,0.115081035964517
5,JZ,28,SMA-R,LT_Pronation_pro_R,0.057747139081614,0.0346470678691009,0.0923942069507148,0.0010205939598196,0.00110240759146643,4.50662360775106,0.117422735398396
5,JZ,29,PMd-R,LT_Pronation_pro_R,0.0444433549664276,0.071559196235828,0.116002551202256,0.0012661156989142,0.00137786234935523,4.49170795017023,0.116112525696907
5,JZ,30,PMv-R,LT_Pronation_pro_R,0.0387902998158146,0.062054139219093,0.100844439034908,0.00108639620792715,0.00118365215964721,4.50193337767818,0.117133716219888
5,JZ,31,FEF-R,LT_Pronation_pro_R,0.0622354656412442,0.0499428304447593,0.112178296086004,0.00112396597269434,0.00121140250626321,4.50061746071088,0.115827305759467
5,JZ,32,POJ-R,LT_Pronation_pro_R,0.096358922533135,0.0631789946181082,0.159537917151243,0.00138232236591152,0.00150651712233442,4.48609584492232,0.11423074858084
6,LT,1,V1-L,LT_Pronation_pro_R,0.0541788877309085,0.0734095883757713,0.12758847610668,0.00132739586090884,0.00141818733355437,4.46657931216436,0.102393583476523
6,LT,2,V3-L,LT_Pronation_pro_R,0.0494750325140626,0.12853773572225,0.178012768236313,0.00158100538470852,0.00168709256493804,4.45530877077831,0.0998981256451895
6,LT,3,STS-L,LT_Pronation_pro_R,0.1367275922739,0.0617229601845215,0.198450552458422,0.00177015584784885,0.00190662566256933,4.44388181322708,0.0989771813383011
6,LT,4,IPL-L,LT_Pronation_pro_R,0.0778193379337908,0.143642805143946,0.221462143077737,0.00178991311076715,0.0019296694976319,4.44533845098726,0.0995798858204943
6,LT,5,SPL-L,LT_Pronation_pro_R,0.0630098246751904,0.0600151413791921,0.123024966054382,0.00123612832161969,0.00132564762773127,4.47125229558973,0.101912849383014
6,LT,6,AG-L,LT_Pronation_pro_R,0.0664768590265695,0.057440787723695,0.123917646750264,0.00126402543288008,0.00135642770253504,4.47027195600856,0.102343504984055
6,LT,7,mIPS-L,LT_Pronation_pro_R,0.0804247949313944,0.0396021044747988,0.120026899406193,0.00127993447128943,0.0013788610934571,4.47024833236833,0.102092729787004
6,LT,8,VIP-L,LT_Pronation_pro_R,0.0932631766718271,0.145347721809857,0.238610898481684,0.00178967217181208,0.00191910383392067,4.44420982254705,0.0971813503689361
6,LT,9,SPOC-L,LT_Pronation_pro_R,0.0636421996037581,0.0345196421830089,0.098161841786767,0.00117501712828622,0.00126445232836959,4.47509534281909,0.103634952111852
6,LT,10,S1-L,LT_Pronation_pro_R,0.0882357975705917,0.124871627389614,0.213107424960206,0.00154678651982162,0.00165330408144535,4.45701120146031,0.0988500079437911
6,LT,11,M1-L,LT_Pronation_pro_R,0.0730806648567677,0.0814802449111829,0.154560909767951,0.00113813817043225,0.00121087923208388,4.47875496879621,0.10063239275652
6,LT,12,SMA-L,LT_Pronation_pro_R,0.0503413628578283,0.0460650722303633,0.0964064350881916,0.00108041070866771,0.00116016397355375,4.48138035763264,0.103756714611576
6,LT,13,PMd-L,LT_Pronation_pro_R,0.0493270258406493,0.0600445326842464,0.109371558524896,0.00112288294315849,0.00121033430831925,4.47713335393548,0.103011362945969
6,LT,14,PMv-L,LT_Pronation_pro_R,0.0628925337678748,0.0456267303919454,0.10851926415982,0.00123710936984368,0.00133313192852223,4.47170843286489,0.103508336594006
6,LT,15,FEF-L,LT_Pronation_pro_R,0.0719912908198343,0.0436379844757971,0.115629275295631,0.00116889528505651,0.00126215379952568,4.47503764759479,0.102571888860656
6,LT,16,POJ-L,LT_Pronation_pro_R,0.0710585411649408,0.033127227872213,0.104185769037154,0.00113009975939443,0.00121322406554097,4.47901745637984,0.102878887976163
6,LT,17,V1-R,LT_Pronation_pro_R,0.0393121278109306,0.0545266827916668,0.0938388106025974,0.000958481477817103,0.00103040311889823,4.48869855767909,0.103667032012292
6,LT,18,V3-R,LT_Pronation_pro_R,0.051816371853616,0.0334475682643861,0.085263940118002,0.000991138357708174,0.00106792449488067,4.48498501149421,0.104023085053581
6,LT,19,STS-R,LT_Pronation_pro_R,0.0503339534195942,0.0328006135968957,0.0831345670164899,0.00104753840943703,0.00112600316183704,4.48284905858286,0.104441441020757
6,LT,20,IPL-R,LT_Pronation_pro_R,0.0571557330779156,0.0564324252838982,0.113588158361814,0.00128656137500078,0.00137779853760682,4.46821240778652,0.103209919411204
6,LT,21,SPL-R,LT_Pronation_pro_R,0.0487934676808457,0.0640101127891172,0.112803580469963,0.00127627319854913,0.00137612552223234,4.46875437551553,0.103277675723263
6,LT,22,AG-R,LT_Pronation_pro_R,0.135980094585877,0.0973384601748128,0.23331855476069,0.00183024452404691,0.00195893129317061,4.43861415574775,0.0947177182482811
6,LT,23,mIPS-R,LT_Pronation_pro_R,0.0553663331297733,0.142645070263171,0.198011403392945,0.00169005723580267,0.00181228329460855,4.44633040920652,0.100068607248499
6,LT,24,VIP-R,LT_Pronation_pro_R,0.0463381104717871,0.0645977331340037,0.110935843605791,0.00128604848858153,0.0013836027478676,4.46779476840049,0.103902401008817
6,LT,25,SPOC-R,LT_Pronation_pro_R,0.0656791509461423,0.057539681368904,0.123218832315046,0.00123627023932562,0.00132791289376978,4.47058219607645,0.101293843622031
6,LT,26,S1-R,LT_Pronation_pro_R,0.0623482905843596,0.0356988145206937,0.0980471051050532,0.00113523744339712,0.00121240512083119,4.47853687901816,0.102372911821043
6,LT,27,M1-R,LT_Pronation_pro_R,0.0454344782099604,0.0420891149047573,0.0875235931147177,0.00098882746985162,0.00105545208194146,4.48682667916573,0.102466458122647
6,LT,28,SMA-R,LT_Pronation_pro_R,0.0484492637111427,0.0530943168987635,0.101543580609906,0.00107183742219083,0.00114824122980421,4.48220992737271,0.103304739823738
6,LT,29,PMd-R,LT_Pronation_pro_R,0.0601448253152404,0.0494959924571886,0.109640817772429,0.00104120755948961,0.00112598740248501,4.4813944712298,0.102297660698018
6,LT,30,PMv-R,LT_Pronation_pro_R,0.0504243758914086,0.0138146910272272,0.0642390669186357,0.000765969969212106,0.000822311960407729,4.50052094283012,0.105345726825091
6,LT,31,FEF-R,LT_Pronation_pro_R,0.0374249242283886,0.038251560385913,0.0756764846143016,0.00100521989649291,0.00108316973708991,4.48416087038485,0.10490937037739
6,LT,32,POJ-R,LT_Pronation_pro_R,0.0807818401804891,0.0728535185235578,0.153635358704047,0.00149735051345276,0.0016083804006005,4.4575355460517,0.100412770058221
7,NvA,1,V1-L,LT_Pronation_pro_R,0.0619047107690494,0.0369898025778796,0.098894513346929,0.0012401884066073,0.0013403982485294,4.57404552741713,0.13535676729212
7,NvA,2,V3-L,LT_Pronation_pro_R,0.0539272742922896,0.113192978434295,0.167120252726585,0.00157074153518016,0.00170794784068403,4.55492746109565,0.131841798906047
7,NvA,3,STS-L,LT_Pronation_pro_R,0.0475629474621617,0.0436468241820378,0.0912097716441995,0.00110594412535629,0.00119170081376158,4.58190232444264,0.135174277295551
7,NvA,4,IPL-L,LT_Pronation_pro_R,0.0592315012310943,0.141346432319936,0.20057793355103,0.00166086984057269,0.0017780330981434,4.55118908745499,0.12884762162242
7,NvA,5,SPL-L,LT_Pronation_pro_R,0.0599029884590731,0.0627566793044806,0.122659667763554,0.00139225726819392,0.0015045419151117,4.56554631206941,0.134943094707073
7,NvA,6,AG-L,LT_Pronation_pro_R,0.0642622894881468,0.0382712708805484,0.102533560368695,0.0011928712013036,0.00128286469114012,4.57605569642241,0.135526924099388
7,NvA,7,mIPS-L,LT_Pronation_pro_R,0.0762150770098372,0.0500268715092532,0.12624194851909,0.00136590237767152,0.00147681179043396,4.56712362736834,0.134166711050724
7,NvA,8,VIP-L,LT_Pronation_pro_R,0.115916094190707,0.053479378708344,0.169395472899051,0.0015409826191254,0.0016582400506149,4.55685676390046,0.133096023372737
7,NvA,9,SPOC-L,LT_Pronation_pro_R,0.12232818561529,0.106680650580647,0.229008836195937,0.00204802506929694,0.00221592053824964,4.53062187611655,0.122281094217461
7,NvA,10,S1-L,LT_Pronation_pro_R,0.0825141283828004,0.0981410532430566,0.180655181625857,0.00157792190595229,0.00169597868797402,4.55602908724874,0.13111601682812
7,NvA,11,M1-L,LT_Pronation_pro_R,0.053520749963402,0.0833780681681238,0.136898818131526,0.00133117198518731,0.00143892785175252,4.5686978254944,0.133645566262007
7,NvA,12,SMA-L,LT_Pronation_pro_R,0.0383443502993777,0.0934630958650736,0.131807446164451,0.00140379699628447,0.00151233992684324,4.56441162943587,0.134707128804972
7,NvA,13,PMd-L,LT_Pronation_pro_R,0.0555817711977628,0.0447319781318122,0.100313749329575,0.00111849274360955,0.00119709253097923,4.58040479587378,0.132621359214719
7,NvA,14,PMv-L,LT_Pronation_pro_R,0.0802207846901052,0.0411506704989951,0.1213714551891,0.00128962312475619,0.00139406471807794,4.56983826737765,0.135265952502578
7,NvA,15,FEF-L,LT_Pronation_pro_R,0.0499700738927739,0.052100597964129,0.102070671856903,0.001150077737455,0.001234002754543,4.57831232791481,0.134743458635925
7,NvA,16,POJ-L,LT_Pronation_pro_R,0.0549773170842121,0.0594874210342354,0.114464738118448,0.00127748157426948,0.00138289449727513,4.57352943677445,0.133542657631747
7,NvA,17,V1-R,LT_Pronation_pro_R,0.0639740605226088,0.0426907358083239,0.106664796330933,0.00110699245680975,0.00120487788061325,4.57841700941239,0.133355876770126
7,NvA,18,V3-R,LT_Pronation_pro_R,0.0848545102625092,0.0768741354722618,0.161728645734771,0.00131263271130438,0.00141409224044729,4.56966387970116,0.129391344367364
7,NvA,19,STS-R,LT_Pronation_pro_R,0.0880139444908797,0.0536882603512429,0.141702204842123,0.00130360493036053,0.00141283665712783,4.56812266630623,0.132767645530795
7,NvA,20,IPL-R,LT_Pronation_pro_R,0.0590234397394735,0.0994334153545464,0.15845685509402,0.00143872778059374,0.00155772533802975,4.5637971502656,0.132129355837664
7,NvA,21,SPL-R,LT_Pronation_pro_R,0.148327267848811,0.0826161517861658,0.230943419634976,0.00167316882288048,0.0017926409490429,4.55250568448628,0.123525449084846
7,NvA,22,AG-R,LT_Pronation_pro_R,0.0664478314575709,0.132350547242649,0.19879837870022,0.00159047837095787,0.0017176702122392,4.55526594427441,0.126688383927359
7,NvA,23,mIPS-R,LT_Pronation_pro_R,0.102742605954193,0.0505246675681235,0.153267273522316,0.00151444561620882,0.0016424920883895,4.5586123396906,0.132832941174324
7,NvA,24,VIP-R,LT_Pronation_pro_R,0.0632859141741955,0.122256710936799,0.185542625110994,0.00160727201323636,0.00173957030482867,4.55486973011586,0.130948018158481
7,NvA,25,SPOC-R,LT_Pronation_pro_R,0.165668381577761,0.135792560366775,0.301460941944537,0.00218209985872355,0.00237082729847751,4.52663191505581,0.122064938910654
7,NvA,26,S1-R,LT_Pronation_pro_R,0.0537084479112037,0.0853589731745898,0.139067421085794,0.00134766326339557,0.00146046159049681,4.56804587491989,0.132726767682323
7,NvA,27,M1-R,LT_Pronation_pro_R,0.195200833074976,0.066216313946739,0.261417147021715,0.00197000122085264,0.00213654412228663,4.53411996849731,0.127514847210897
7,NvA,28,SMA-R,LT_Pronation_pro_R,0.0332457450587846,0.078905579965905,0.11215132502469,0.00123933126900979,0.00133703290126354,4.57310178915874,0.133742790242492
7,NvA,29,PMd-R,LT_Pronation_pro_R,0.0490505436218999,0.11267055653506,0.16172110015696,0.00125773416553578,0.00134587380783049,4.57063728975301,0.13237413226588
7,NvA,30,PMv-R,LT_Pronation_pro_R,0.0339159709338545,0.058475241633007,0.0923912125668615,0.00100288503433885,0.00108722684221544,4.58638866985821,0.135287164322463
7,NvA,31,FEF-R,LT_Pronation_pro_R,0.0773236811533554,0.063560204203769,0.140883885357124,0.00155677646759479,0.00168991570294745,4.55613756425404,0.13476103559114
7,NvA,32,POJ-R,LT_Pronation_pro_R,0.103236109009541,0.0841417030708951,0.187377812080436,0.00158587840793245,0.0017125810306871,4.5562148943761,0.126271188914563
8,RR,1,V1-L,LT_Pronation_pro_R,0.169430674518979,0.0463401934909328,0.215770868009912,0.00146053703987341,0.00159432743641475,4.64188803267462,0.152641304407891
8,RR,2,V3-L,LT_Pronation_pro_R,0.0540719901848556,0.13783931381022,0.191911303995076,0.00162573838773744,0.00178033052996962,4.63523664357896,0.153423257359254
8,RR,3,STS-L,LT_Pronation_pro_R,0.0491502628748022,0.0376304871385249,0.0867807500133271,0.00106104577145281,0.00116666915332561,4.66541038957207,0.159940641926506
8,RR,4,IPL-L,LT_Pronation_pro_R,0.0969181190314336,0.0756035236703108,0.172521642701744,0.00169483052219896,0.00187054577619355,4.63135697126039,0.157041643414162
8,RR,5,SPL-L,LT_Pronation_pro_R,0.0989164887517948,0.0940183906669012,0.192934879418696,0.00169642198206947,0.00187179369397537,4.63287144848158,0.154492726727562
8,RR,6,AG-L,LT_Pronation_pro_R,0.0773435117468034,0.079439214903777,0.15678272665058,0.00144769767100725,0.00158863590242047,4.64564064594252,0.156252134508596
8,RR,7,mIPS-L,LT_Pronation_pro_R,0.104149303664753,0.0585990572617641,0.162748360926517,0.00141077306252648,0.00154456476186766,4.64759997098421,0.154774498972168
8,RR,8,VIP-L,LT_Pronation_pro_R,0.133754064914608,0.056238115673839,0.189992180588447,0.00173310236480105,0.00191030536063235,4.63054470324252,0.155941760332085
8,RR,9,SPOC-L,LT_Pronation_pro_R,0.112910159657626,0.113405573564213,0.226315733221839,0.00186987878099476,0.00206322563687733,4.62482563098724,0.15361987876586
8,RR,10,S1-L,LT_Pronation_pro_R,0.106901286534419,0.0808549032328024,0.187756189767221,0.00162289595193452,0.00178127092066819,4.63474579059594,0.155002728110396
8,RR,11,M1-L,LT_Pronation_pro_R,0.0837077286576404,0.0418127746461783,0.125520503303819,0.00115887323706872,0.00127215775979569,4.65915795977611,0.15759550023425
8,RR,12,SMA-L,LT_Pronation_pro_R,0.0486940959923095,0.117515650019812,0.166209746012121,0.0014640388025606,0.00160837737176247,4.64137281224312,0.154108812386645
8,RR,13,PMd-L,LT_Pronation_pro_R,0.101835365591444,0.0939522963929269,0.195787661984371,0.00144580037186319,0.00158044971928747,4.64068888802021,0.153580745249173
8,RR,14,PMv-L,LT_Pronation_pro_R,0.0607656257972736,0.0412844034509523,0.102050029248226,0.00118570401360678,0.00130066441508746,4.65793254084767,0.159318204169444
8,RR,15,FEF-L,LT_Pronation_pro_R,0.0676722910057619,0.0410725087881412,0.108744799793903,0.00117963052170215,0.00129808195459122,4.65775135769181,0.1588371114331
8,RR,16,POJ-L,LT_Pronation_pro_R,0.077716890153746,0.0964730824147685,0.174189972568514,0.00156403401360749,0.00171446605781008,4.63946223634187,0.155605432057909
8,RR,17,V1-R,LT_Pronation_pro_R,0.0743641792430205,0.167155264121166,0.241519443364186,0.00171368977882346,0.00187840431557646,4.62932001983414,0.152184844237496
8,RR,18,V3-R,LT_Pronation_pro_R,0.138386158106871,0.0622517620838711,0.200637920190742,0.00173019679552221,0.00190656502376211,4.63239018586979,0.155568438420541
8,RR,19,STS-R,LT_Pronation_pro_R,0.0515794754237056,0.0730818862108263,0.124661361634532,0.00128650809146792,0.00142119417274831,4.65100254470603,0.158280908222511
8,RR,20,IPL-R,LT_Pronation_pro_R,0.0999838767580202,0.0834351222795987,0.183418999037619,0.00171019372299196,0.00187848104099159,4.63247041995506,0.15428578318251
8,RR,21,SPL-R,LT_Pronation_pro_R,0.0582171665330858,0.124789233410628,0.183006399943714,0.00166430299818933,0.00182774185198186,4.6360209786745,0.156021589441414
8,RR,22,AG-R,LT_Pronation_pro_R,0.0699436251449932,0.156578834650698,0.226522459795691,0.00173346939877212,0.00189137361341696,4.6324862448828,0.151364360142401
8,RR,23,mIPS-R,LT_Pronation_pro_R,0.0838631688499167,0.0975599376402884,0.181423106490205,0.00172836040133258,0.00189285001502726,4.63459482547819,0.153840617154015
8,RR,24,VIP-R,LT_Pronation_pro_R,0.146684258369931,0.110262186238984,0.256946444608916,0.0021571654121624,0.00236495909074259,4.61362849864096,0.152408487626688
8,RR,25,SPOC-R,LT_Pronation_pro_R,0.134905294630644,0.153181361568956,0.2880866561996,0.00217790057835664,0.00239318343524415,4.61135715596116,0.14748294836303
8,RR,26,S1-R,LT_Pronation_pro_R,0.0947093898352376,0.143613912210446,0.238323302045683,0.00196791309853033,0.00214692675885241,4.62019916360641,0.15110572774614
8,RR,27,M1-R,LT_Pronation_pro_R,0.118237870371549,0.0827092117505472,0.200947082122097,0.00170602582847655,0.00186229318135296,4.63126058926157,0.152672747607021
8,RR,28,SMA-R,LT_Pronation_pro_R,0.0329304191137235,0.110960357880646,0.14389077699437,0.00141272778608953,0.00156092058494894,4.64521757563564,0.157411882043834
8,RR,29,PMd-R,LT_Pronation_pro_R,0.0634552354217998,0.098007942217182,0.161463177638982,0.00154037010579257,0.0016879381555513,4.64044407155038,0.156529262495778
8,RR,30,PMv-R,LT_Pronation_pro_R,0.0798688930693318,0.0481092882403661,0.127978181309698,0.00123367621240398,0.00135322709434026,4.65387855590322,0.157137510199695
8,RR,31,FEF-R,LT_Pronation_pro_R,0.0637787283083624,0.0467656315820944,0.110544359890457,0.00129403642853515,0.00142433278880888,4.65231866675433,0.159297697258584
8,RR,32,POJ-R,LT_Pronation_pro_R,0.1306221376437,0.114926314689779,0.245548452333479,0.00199300438430601,0.00219121720160183,4.61927823536373,0.150317971402851
9,SJB,1,V1-L,LT_Pronation_pro_R,0.0930016187657301,0.165936178996258,0.258937797761988,0.00224355468677021,0.00242868163584109,4.74500825662251,0.162642398917229
9,SJB,2,V3-L,LT_Pronation_pro_R,0.151260925967511,0.195203755505846,0.346464681473357,0.00259961546899963,0.00279562840985153,4.72835936648206,0.15583839673344
9,SJB,3,STS-L,LT_Pronation_pro_R,0.0671512191682936,0.10332664361956,0.170477862787853,0.00170743944907495,0.00184577148126532,4.76742590726193,0.16557786459535
9,SJB,4,IPL-L,LT_Pronation_pro_R,0.134169013243483,0.0858990087163134,0.220068021959797,0.00194736825884478,0.00210452063753167,4.75608888064188,0.165171045957674
9,SJB,5,SPL-L,LT_Pronation_pro_R,0.0778286516496402,0.127148902336534,0.204977553986174,0.00194742170049394,0.00210437720083027,4.75847367580689,0.16630655492886
9,SJB,6,AG-L,LT_Pronation_pro_R,0.111456164451808,0.0801984755264018,0.19165463997821,0.00191256517557794,0.00206899040333966,4.75917786622372,0.16682180433374
9,SJB,7,mIPS-L,LT_Pronation_pro_R,0.0572194853514306,0.1112209143094,0.168440399660831,0.00183477014003543,0.0019899657997341,4.76256369447959,0.167840352348912
9,SJB,8,VIP-L,LT_Pronation_pro_R,0.123608320124763,0.0890218873398473,0.21263020746461,0.00191937538410329,0.00206966162894288,4.75868529728414,0.164660982173979
9,SJB,9,SPOC-L,LT_Pronation_pro_R,0.0951097468547135,0.125769061373216,0.22087880822793,0.00192045803393432,0.00207378361698001,4.75512953321094,0.162750239664368
9,SJB,10,S1-L,LT_Pronation_pro_R,0.148781628063732,0.0689418541751982,0.21772348223893,0.0019558252411325,0.00211602727006048,4.75525812587636,0.165430542559097
9,SJB,11,M1-L,LT_Pronation_pro_R,0.117576709249881,0.147431623386882,0.265008332636762,0.00227000978345474,0.00246042927986642,4.74169931130497,0.16289983257734
9,SJB,12,SMA-L,LT_Pronation_pro_R,0.0439575057586801,0.0818426215785684,0.125800127337248,0.00130046149215356,0.00140769209631581,4.78518395865853,0.169785852334428
9,SJB,13,PMd-L,LT_Pronation_pro_R,0.0924722465785748,0.101410796203511,0.193883042782086,0.00185725586628005,0.00201392397022129,4.75716902581316,0.166196607186979
9,SJB,14,PMv-L,LT_Pronation_pro_R,0.0989306313127278,0.0472031952424758,0.146133826555204,0.00161013884905617,0.00174634517770037,4.77208460263663,0.170034057205167
9,SJB,15,FEF-L,LT_Pronation_pro_R,0.0737341394454069,0.0988931596254405,0.172627299070847,0.0018281526322234,0.00198152440745452,4.76034132994782,0.166892228546293
9,SJB,16,POJ-L,LT_Pronation_pro_R,0.107828495853905,0.0955696601021382,0.203398155956043,0.0019724050848985,0.00213502350355915,4.75477630517417,0.165966936581892
9,SJB,17,V1-R,LT_Pronation_pro_R,0.098336538385638,0.0890380672100725,0.187374605595711,0.00188205915775203,0.00203817101220663,4.7607730701104,0.167140505357836
9,SJB,18,V3-R,LT_Pronation_pro_R,0.121574166554038,0.048226626849598,0.169800793403636,0.0017736778741922,0.00192582116946816,4.76338408232646,0.169516027916431
9,SJB,19,STS-R,LT_Pronation_pro_R,0.0816662387244067,0.0656244439037632,0.14729068262817,0.00176476671123115,0.00191444466955363,4.76353891753416,0.169112986246604
9,SJB,20,IPL-R,LT_Pronation_pro_R,0.115912722568724,0.0461920316080688,0.162104754176792,0.00165403082596839,0.00179884805659395,4.76766563261441,0.168654446380182
9,SJB,21,SPL-R,LT_Pronation_pro_R,0.127951227592926,0.14547152041367,0.273422748006596,0.00217138022207007,0.00234216478320514,4.74515913224353,0.158139517411092
9,SJB,22,AG-R,LT_Pronation_pro_R,0.0705263404609355,0.108059097239263,0.178585437700198,0.00188354735164886,0.00204080919632535,4.75971687300095,0.1673201172494
9,SJB,23,mIPS-R,LT_Pronation_pro_R,0.0766391562408682,0.0746411922204869,0.151280348461355,0.00181076391065976,0.00196991791394843,4.7624630602701,0.169271240310134
9,SJB,24,VIP-R,LT_Pronation_pro_R,0.103601463940017,0.0672444919651577,0.170845955905174,0.00144770821582078,0.00156562246493849,4.77814580964541,0.167172702503789
9,SJB,25,SPOC-R,LT_Pronation_pro_R,0.151664768133786,0.125738812115038,0.277403580248823,0.00231868401437803,0.00250978296344496,4.74045855340694,0.160472606621514
9,SJB,26,S1-R,LT_Pronation_pro_R,0.0809615919535415,0.161689985595972,0.242651577549514,0.00202900225374038,0.00220111551992579,4.74978240291249,0.165273031256441
9,SJB,27,M1-R,LT_Pronation_pro_R,0.126020653599276,0.12080401919452,0.246824672793796,0.00189813278672098,0.0020530070809368,4.75728058616136,0.163263460529544
9,SJB,28,SMA-R,LT_Pronation_pro_R,0.0841006201774705,0.0466413179581688,0.130741938135639,0.00135069431914237,0.00146392879996206,4.78248844375808,0.17082272636573
9,SJB,29,PMd-R,LT_Pronation_pro_R,0.0493142024004342,0.105776984644782,0.155091187045216,0.00164262945298551,0.00177964346286495,4.76938438763545,0.167947571836614
9,SJB,30,PMv-R,LT_Pronation_pro_R,0.0449305387791978,0.0673037937471063,0.112234332526304,0.00132901526613201,0.0014408708387993,4.78343942391069,0.170610278639403
9,SJB,31,FEF-R,LT_Pronation_pro_R,0.0695296073426681,0.0364871287386346,0.106016736081303,0.00132118779952002,0.00143150507623677,4.78452168388729,0.171963411163076
9,SJB,32,POJ-R,LT_Pronation_pro_R,0.141548700037438,0.104407787289756,0.245956487327194,0.00218919317501379,0.00237732918271345,4.74546043173934,0.163340532099488
1,DOC,1,V1-L,LT_Pronation_anti_L,0.0989477392126317,0.0421328292929525,0.141080568505584,0.00109593412310051,0.00118253442062049,4.30366335076849,0.0788627473175975
1,DOC,2,V3-L,LT_Pronation_anti_L,0.068561075199469,0.0490316721824049,0.117592747381874,0.00106889347701818,0.00115501732192064,4.30437999000675,0.0807463304039444
1,DOC,3,STS-L,LT_Pronation_anti_L,0.055434907487997,0.0404045785308979,0.0958394860188949,0.000973684729300352,0.00105293988112449,4.3109419121967,0.0820214696948831
1,DOC,4,IPL-L,LT_Pronation_anti_L,0.0544872635952709,0.059604988584311,0.114092252179582,0.0010939359816396,0.00118629800414855,4.30417023200653,0.0812694961126782
1,DOC,5,SPL-L,LT_Pronation_anti_L,0.0625117029106955,0.0480764424763042,0.110588145387,0.00108743753245582,0.00116909896627334,4.30546933720329,0.0813319387709855
1,DOC,6,AG-L,LT_Pronation_anti_L,0.0508614424817711,0.0351655698093044,0.0860270122910755,0.000922669873955889,0.000996119603710353,4.31491117556386,0.0822325942301726
1,DOC,7,mIPS-L,LT_Pronation_anti_L,0.0763618214764801,0.0414670258137876,0.117828847290268,0.00106038249218017,0.00114130037513729,4.30642381971179,0.0800705864001235
1,DOC,8,VIP-L,LT_Pronation_anti_L,0.0612384193259454,0.0514193618902803,0.112657781216226,0.00113056194353224,0.00122609284172253,4.30047482771417,0.0809752232979197
1,DOC,9,SPOC-L,LT_Pronation_anti_L,0.0744387339990088,0.0468132846895678,0.121252018688577,0.00102996437441239,0.00111027999644498,4.30815443251985,0.0802819325288629
1,DOC,10,S1-L,LT_Pronation_anti_L,0.0670213607727911,0.0207666624680364,0.0877880232408275,0.000789217818436945,0.000845626593457083,4.32412486227073,0.0823381895880353
1,DOC,11,M1-L,LT_Pronation_anti_L,0.0454589879844363,0.0351781976139715,0.0806371855984078,0.000842976558942472,0.00090923595195056,4.32076636907116,0.0831186891594126
1,DOC,12,SMA-L,LT_Pronation_anti_L,0.0276373465041417,0.0461531474308015,0.0737904939349432,0.000816380525299724,0.000879080601105833,4.32228620329222,0.0833615176867123
1,DOC,13,PMd-L,LT_Pronation_anti_L,0.0535144991660888,0.0852758104543563,0.138790309620445,0.00117187222581091,0.001262975956635,4.29918563427518,0.0797922750681159
1,DOC,14,PMv-L,LT_Pronation_anti_L,0.0279936114677776,0.0624459973119391,0.0904396087797166,0.000951767852750416,0.00102725662692077,4.31160813048483,0.0827654366838865
1,DOC,15,FEF-L,LT_Pronation_anti_L,0.0703688198627378,0.0438961125815604,0.114264932444298,0.00114030347958108,0.00123061726525207,4.30100885101617,0.0818071738199511
1,DOC,16,POJ-L,LT_Pronation_anti_L,0.0606044248202969,0.0737308418713222,0.134335266691619,0.00115603524522709,0.00124359296979152,4.30023682744313,0.0788296369018119
1,DOC,17,V1-R,LT_Pronation_anti_L,0.0687505629887602,0.0597516820981649,0.128502245086925,0.00118304525270753,0.00127597379267453,4.29835088809231,0.08016887041811
1,DOC,18,V3-R,LT_Pronation_anti_L,0.0430201121225504,0.0768825688800433,0.119902681002594,0.0010039499780429,0.00108656325168279,4.30886312340201,0.0791400216252556
1,DOC,19,STS-R,LT_Pronation_anti_L,0.0597356497972484,0.0411723606073381,0.100908010404586,0.000980188490999693,0.00105811328175445,4.31088258395752,0.0817592557296177
1,DOC,20,IPL-R,LT_Pronation_anti_L,0.0515270956916831,0.0368066752669846,0.0883337709586677,0.000900493490042693,0.000968097812979508,4.31660711874969,0.0821912378557682
1,DOC,21,SPL-R,LT_Pronation_anti_L,0.0310546762838543,0.0630378520423537,0.0940925283262079,0.000964668552996393,0.00104238993218536,4.31284585630466,0.0822206505467661
1,DOC,22,AG-R,LT_Pronation_anti_L,0.0275623870038192,0.052415087377658,0.0799774743814771,0.00083213221802835,0.000898518269893442,4.32147382932186,0.0825091565235939
1,DOC,23,mIPS-R,LT_Pronation_anti_L,0.0280934501421378,0.0563288737941774,0.0844223239363152,0.000813915488760836,0.000880239060463368,4.3228657963575,0.0821558889054746
1,DOC,24,VIP-R,LT_Pronation_anti_L,0.0450381769693521,0.0371232197281215,0.0821613966974737,0.000902640402173133,0.000974790625400671,4.31593216750967,0.0825626324500913
1,DOC,25,SPOC-R,LT_Pronation_anti_L,0.0429693588868781,0.0468853088903274,0.0898546677772055,0.000918157016027765,0.000989604088880985,4.31578228883111,0.0818371732916741
1,DOC,26,S1-R,LT_Pronation_anti_L,0.0563287533740726,0.040739065044398,0.0970678184184706,0.000924774861275055,0.000997976688390394,4.31315471457686,0.0818337022083163
1,DOC,27,M1-R,LT_Pronation_anti_L,0.0289926429161344,0.0498708785169232,0.0788635214330576,0.000781589879126077,0.000841349613305792,4.32350001659843,0.0827625939890739
1,DOC,28,SMA-R,LT_Pronation_anti_L,0.0273771671105124,0.0364531840618335,0.0638303511723459,0.000806180896973443,0.000866532536088053,4.32395219807705,0.0838133305369704
1,DOC,29,PMd-R,LT_Pronation_anti_L,0.025714434592116,0.0719975991871233,0.0977120337792393,0.00102849567979252,0.00111219008608429,4.30768420597326,0.0830499534163162
1,DOC,30,PMv-R,LT_Pronation_anti_L,0.0422072710498257,0.0681540723942713,0.110361343444097,0.00114728519716388,0.00123626812365573,4.29999701512043,0.0810078041564837
1,DOC,31,FEF-R,LT_Pronation_anti_L,0.0467189369746051,0.0658205929281785,0.112539529902784,0.00112119730147826,0.00120645379667748,4.30018626086881,0.0802091404398961
1,DOC,32,POJ-R,LT_Pronation_anti_L,0.0379270314357675,0.0334583197871623,0.0713853512229298,0.000902514279570853,0.000976923168893536,4.31656179294438,0.0832889830205026
2,GB,1,V1-L,LT_Pronation_anti_L,0.0957962975676202,0.0768231350542676,0.172619432621888,0.00154718600382608,0.00167012328711904,4.65093612091556,0.13774933927724
2,GB,2,V3-L,LT_Pronation_anti_L,0.127764036657008,0.049573970369061,0.177338007026069,0.00151969750642623,0.00164112797131682,4.65209555542512,0.137642431085862
2,GB,3,STS-L,LT_Pronation_anti_L,0.0885721923869407,0.0602422347071679,0.148814427094109,0.00158249352161215,0.00172001592145241,4.64824385964086,0.139895846746776
2,GB,4,IPL-L,LT_Pronation_anti_L,0.0506483298910297,0.0961174684593976,0.146765798350427,0.00137762525598707,0.00149084835064937,4.65776394530746,0.13908121708845
2,GB,5,SPL-L,LT_Pronation_anti_L,0.117994015675277,0.0526842653784706,0.170678281053748,0.00172343764675593,0.00186748601296361,4.64104136550016,0.139577569763227
2,GB,6,AG-L,LT_Pronation_anti_L,0.0729745219292774,0.0957752053228804,0.168749727252158,0.00170293134934227,0.00185192871714883,4.64172200198474,0.138392115628983
2,GB,7,mIPS-L,LT_Pronation_anti_L,0.113128624462944,0.0645975468146813,0.177726171277625,0.00174033814579983,0.00188459006596175,4.64038504740979,0.137928241653703
2,GB,8,VIP-L,LT_Pronation_anti_L,0.0718754870380574,0.0844562677387396,0.156331754776797,0.00147449550503964,0.00159114139052105,4.65351940429668,0.137136687281698
2,GB,9,SPOC-L,LT_Pronation_anti_L,0.111924527467262,0.0967733861685582,0.208697913635821,0.00187369875817926,0.00202675890072303,4.63555716258417,0.136929029598665
2,GB,10,S1-L,LT_Pronation_anti_L,0.0798082670310153,0.0786757838199862,0.158484050851001,0.00157012016938564,0.00170400187983514,4.64931746533665,0.139245221726852
2,GB,11,M1-L,LT_Pronation_anti_L,0.0641873274717691,0.0918827744384787,0.156070101910248,0.0016514546968521,0.0017899438808486,4.64574564702773,0.139593883727226
2,GB,12,SMA-L,LT_Pronation_anti_L,0.0631825684635505,0.0862600756907868,0.149442644154337,0.00152438317984681,0.00165516392960536,4.65066816948231,0.140590981357482
2,GB,13,PMd-L,LT_Pronation_anti_L,0.0664399199995378,0.12087762700708,0.187317547006618,0.00166239035480325,0.00181211263104126,4.64323822146712,0.137694898131801
2,GB,14,PMv-L,LT_Pronation_anti_L,0.039274609485475,0.0907427307057028,0.130017340191178,0.00127248650565344,0.00138101803475721,4.66226534522937,0.138387211525591
2,GB,15,FEF-L,LT_Pronation_anti_L,0.11285236014992,0.123348255622269,0.23620061577219,0.00193244097639102,0.00208364085925856,4.63053944646437,0.134951535858077
2,GB,16,POJ-L,LT_Pronation_anti_L,0.0861775532868169,0.121898035823236,0.208075589110052,0.00174725478747406,0.00189093337863269,4.64069229548906,0.136104136781157
2,GB,17,V1-R,LT_Pronation_anti_L,0.128016418980487,0.0699514240443167,0.197967843024804,0.00159539692122861,0.00172222844829435,4.64715209377465,0.136496681246805
2,GB,18,V3-R,LT_Pronation_anti_L,0.0951604797569131,0.0652655659396238,0.160426045696537,0.00157207454919853,0.00169595830534775,4.64991855117343,0.138207491596122
2,GB,19,STS-R,LT_Pronation_anti_L,0.102680329035007,0.0695567154672007,0.172237044502208,0.00179365703037034,0.00195160968230463,4.63850307718272,0.138618381317817
2,GB,20,IPL-R,LT_Pronation_anti_L,0.0659006864217858,0.0485970011402038,0.11449768756199,0.00121934935357211,0.00131797558044793,4.66706743363139,0.14016167647845
2,GB,21,SPL-R,LT_Pronation_anti_L,0.109155978545759,0.0701391865872212,0.179295165132981,0.00171316673866771,0.00185464186201243,4.64162920873456,0.133504808201165
2,GB,22,AG-R,LT_Pronation_anti_L,0.0779560044336818,0.109903216799629,0.187859221233311,0.00169028934304591,0.00182315009699571,4.64435945197086,0.135808960310792
2,GB,23,mIPS-R,LT_Pronation_anti_L,0.0765312115069464,0.0791588913162523,0.155690102823199,0.00156856332947592,0.00169207223069523,4.64975626625259,0.138790450746469
2,GB,24,VIP-R,LT_Pronation_anti_L,0.0798278559508913,0.0687112686815176,0.148539124632409,0.00145197706288396,0.00156794844413177,4.65508368896309,0.138041322178478
2,GB,25,SPOC-R,LT_Pronation_anti_L,0.0751400561265948,0.0920834331408207,0.167223489267415,0.00159272899978274,0.00172588243295363,4.64832503261115,0.138354707841834
2,GB,26,S1-R,LT_Pronation_anti_L,0.0995356994765402,0.0637211996061196,0.16325689908266,0.00162055181977839,0.00176277413956122,4.6452836798099,0.139192525132581
2,GB,27,M1-R,LT_Pronation_anti_L,0.0568760377739559,0.0975163863490059,0.154392424122962,0.00148414106753429,0.00160963360803631,4.65287499863019,0.138317110013306
2,GB,28,SMA-R,LT_Pronation_anti_L,0.0467933349828741,0.0975807303975254,0.1443740653804,0.00141009360855558,0.00152417150382433,4.65660251261687,0.140152615284185
2,GB,29,PMd-R,LT_Pronation_anti_L,0.101468947257157,0.0724508237496178,0.173919771006775,0.00171505578081488,0.00186133574279026,4.64250477164537,0.138745871646915
2,GB,30,PMv-R,LT_Pronation_anti_L,0.0607423981657411,0.030150829095089,0.0908932272608301,0.00116726439840894,0.00127298795363392,4.66961447960034,0.142791846242623
2,GB,31,FEF-R,LT_Pronation_anti_L,0.0667114129745395,0.076940813200712,0.143652226175251,0.00145177938375311,0.00157639959263313,4.65412723030405,0.139942271081462
2,GB,32,POJ-R,LT_Pronation_anti_L,0.0778841337333225,0.18052537545008,0.258409509183402,0.00208160820124542,0.00224630640806564,4.62469019478906,0.129852992810035
3,JDC,1,V1-L,LT_Pronation_anti_L,0.0754426213641861,0.0873311896289358,0.162773810993122,0.00152797104373447,0.00164970367783953,4.64607719290037,0.13766665896992
3,JDC,2,V3-L,LT_Pronation_anti_L,0.0884905266711466,0.0779360892645999,0.166426615935747,0.00147628819085839,0.0015922161582858,4.65016502936101,0.136540456814291
3,JDC,3,STS-L,LT_Pronation_anti_L,0.0683465087108151,0.0768405616230218,0.145187070333837,0.00172726449335253,0.00187040685056797,4.63696776832941,0.140238724185845
3,JDC,4,IPL-L,LT_Pronation_anti_L,0.108152191965745,0.125280860614488,0.233433052580232,0.00186371606959308,0.00200709218542452,4.6323639614722,0.135314156568675
3,JDC,5,SPL-L,LT_Pronation_anti_L,0.112106475267165,0.128119701779868,0.240226177047033,0.00209463887171611,0.00226360478471191,4.62237695410066,0.13099121597553
3,JDC,6,AG-L,LT_Pronation_anti_L,0.0998678368006707,0.128351019299112,0.228218856099783,0.00200102832008805,0.00216944050582252,4.62463886550179,0.134082812004298
3,JDC,7,mIPS-L,LT_Pronation_anti_L,0.0758600657652041,0.0932053092541526,0.169065375019357,0.00168346751918083,0.00182074152038493,4.63979544067478,0.137958767506553
3,JDC,8,VIP-L,LT_Pronation_anti_L,0.148189316254076,0.0625997773327913,0.210789093586867,0.00189279340241305,0.0020514617439413,4.63140095623465,0.135782972853784
3,JDC,9,SPOC-L,LT_Pronation_anti_L,0.0830734026058572,0.114652940841669,0.197726343447526,0.00166117239201063,0.00179530982152697,4.63811632847438,0.136971322843578
3,JDC,10,S1-L,LT_Pronation_anti_L,0.162658070178454,0.10361613293327,0.266274203111723,0.00179468397233773,0.0019284217623501,4.6347391992251,0.132772198251991
3,JDC,11,M1-L,LT_Pronation_anti_L,0.104337842284853,0.132785058014742,0.237122900299595,0.00173449809152825,0.00187168263713274,4.63730096126381,0.13191263950202
3,JDC,12,SMA-L,LT_Pronation_anti_L,0.0578867359801691,0.0421011688861437,0.0999879048663127,0.00129714953084368,0.00140076235997172,4.65949075336506,0.141491963332123
3,JDC,13,PMd-L,LT_Pronation_anti_L,0.0860479709403157,0.0755221973871534,0.161570168327469,0.00154668790312646,0.0016727561272082,4.64685105422793,0.137724985269363
3,JDC,14,PMv-L,LT_Pronation_anti_L,0.0796943383657107,0.0476415130295155,0.127335851395226,0.00133866642655967,0.00144476358461603,4.65732472158155,0.13931853899736
3,JDC,15,FEF-L,LT_Pronation_anti_L,0.114291154132345,0.120268986301101,0.234560140433446,0.00179836733217569,0.00193325427794101,4.63031663643594,0.129969937555699
3,JDC,16,POJ-L,LT_Pronation_anti_L,0.0838533450051499,0.0855425088593579,0.169395853864508,0.00148828126708084,0.00160948679222507,4.64723270609537,0.138084813913494
3,JDC,17,V1-R,LT_Pronation_anti_L,0.0552640894525573,0.0652741311652313,0.120538220617789,0.00127934030682391,0.00138716907567908,4.65823624549566,0.141019538636757
3,JDC,18,V3-R,LT_Pronation_anti_L,0.0530929349750799,0.12931543146259,0.18240836643767,0.0014787173536736,0.0015960919624238,4.64802518186581,0.138131183439259
3,JDC,19,STS-R,LT_Pronation_anti_L,0.0658193314663418,0.0587447131117304,0.124564044578072,0.00150453606531214,0.00162770851833195,4.64792667928492,0.140988660403152
3,JDC,20,IPL-R,LT_Pronation_anti_L,0.089777325483853,0.0848375757434962,0.174614901227349,0.00169449772541973,0.00182574205670207,4.63883737997588,0.136380478367799
3,JDC,21,SPL-R,LT_Pronation_anti_L,0.0348052205514844,0.0888575108851788,0.123662731436663,0.0013378287478201,0.00144305046008846,4.65537376394147,0.141047397235344
3,JDC,22,AG-R,LT_Pronation_anti_L,0.126977160332325,0.0479857650555396,0.174962925387865,0.00147803846777922,0.00159474480002525,4.64822177625493,0.137776479288139
3,JDC,23,mIPS-R,LT_Pronation_anti_L,0.0588419438400246,0.0554257675005535,0.114267711340578,0.00138338337356956,0.0014971529795823,4.65368521004262,0.141574000924712
3,JDC,24,VIP-R,LT_Pronation_anti_L,0.0565165438471798,0.11542682956038,0.17194337340756,0.00161101551087589,0.00173681901812462,4.64174029759555,0.13850979343451
3,JDC,25,SPOC-R,LT_Pronation_anti_L,0.0531409021051692,0.085608568601239,0.138749470706408,0.00151157156960241,0.00162724233786776,4.64764734230327,0.139373648297367
3,JDC,26,S1-R,LT_Pronation_anti_L,0.0602087689582928,0.0605112263875878,0.120719995345881,0.0014336134567357,0.00155216027224926,4.65036523296094,0.141773980177827
3,JDC,27,M1-R,LT_Pronation_anti_L,0.0892581865694926,0.0454144611611579,0.13467264773065,0.00149353866792015,0.00161310539007615,4.64850585869314,0.139534893285096
3,JDC,28,SMA-R,LT_Pronation_anti_L,0.0535706249130422,0.0529384002078839,0.106509025120926,0.00132067312849653,0.00142672640840326,4.65833778739664,0.140933566726651
3,JDC,29,PMd-R,LT_Pronation_anti_L,0.0519527853917633,0.152287633669631,0.204240419061394,0.00171251999595089,0.00184714452176813,4.63564740007757,0.13574020753274
3,JDC,30,PMv-R,LT_Pronation_anti_L,0.0639186686290411,0.0460742602202944,0.109992928849336,0.00128352627950856,0.00139441660415532,4.6593364137337,0.141059536726527
3,JDC,31,FEF-R,LT_Pronation_anti_L,0.102169544446148,0.0520129150460017,0.154182459492149,0.00141462622946642,0.00153090290194983,4.65175401459942,0.13768278033795
3,JDC,32,POJ-R,LT_Pronation_anti_L,0.133056682770999,0.054158911196237,0.187215593967236,0.00182539892484481,0.00198617050689075,4.63217881754176,0.138928127475378
4,JFXD,1,V1-L,LT_Pronation_anti_L,0.0333972989909641,0.0599366671134501,0.0933339661044142,0.00103826084591593,0.00110439281951117,4.41218641512031,0.096231628085243
4,JFXD,2,V3-L,LT_Pronation_anti_L,0.0536450397014577,0.0372817294910979,0.0909267691925556,0.000976461784131673,0.00103812640274115,4.41544370684637,0.0953218563321352
4,JFXD,3,STS-L,LT_Pronation_anti_L,0.0561438870873766,0.046634333338619,0.102778220425996,0.00117538269334453,0.00125074453566623,4.40433908493255,0.0956298261083933
4,JFXD,4,IPL-L,LT_Pronation_anti_L,0.0750796289254938,0.088714112665703,0.163793741591197,0.00146992404907277,0.00155827616040965,4.38963408921773,0.0926077775162547
4,JFXD,5,SPL-L,LT_Pronation_anti_L,0.0436059952127384,0.0341850065402685,0.0777910017530069,0.000956661348532634,0.00101663896404441,4.4193701158164,0.0961410598738812
4,JFXD,6,AG-L,LT_Pronation_anti_L,0.0527864029920234,0.0334097074259271,0.0861961104179504,0.00103910241022165,0.00110693224640057,4.41308232211194,0.0955862482601886
4,JFXD,7,mIPS-L,LT_Pronation_anti_L,0.0472802605430289,0.0308193250750257,0.0780995856180547,0.000980507370975507,0.00104281303571644,4.41773084236824,0.0967255940243486
4,JFXD,8,VIP-L,LT_Pronation_anti_L,0.0528447973810425,0.0563374963286818,0.109182293709724,0.00113554467773825,0.00120468651581565,4.40966988777423,0.0948022003666742
4,JFXD,9,SPOC-L,LT_Pronation_anti_L,0.0417262398573135,0.0415519704991364,0.08327821035645,0.00102319057915476,0.00109274002699185,4.41244257317663,0.096459804115139
4,JFXD,10,S1-L,LT_Pronation_anti_L,0.0690268256836331,0.0691927384589902,0.138219564142623,0.00142119820635184,0.00151216481037915,4.39109594948475,0.0922880573669219
4,JFXD,11,M1-L,LT_Pronation_anti_L,0.056684927623033,0.0587296076642302,0.115414535287263,0.00131533906864641,0.00139832723788976,4.3976451658808,0.0954009208673779
4,JFXD,12,SMA-L,LT_Pronation_anti_L,0.0465933147114792,0.0828418701160703,0.129435184827549,0.00128522519838718,0.00136816078512764,4.40049365245022,0.0926820879601139
4,JFXD,13,PMd-L,LT_Pronation_anti_L,0.0303836616558305,0.0805737194378972,0.110957381093728,0.00120488454919335,0.00128028732504305,4.40425054870318,0.0948350736879024
4,JFXD,14,PMv-L,LT_Pronation_anti_L,0.0774086918291571,0.206178335365437,0.283587027194594,0.00168838667937018,0.00178186544422223,4.37720186997364,0.0824522443253925
4,JFXD,15,FEF-L,LT_Pronation_anti_L,0.138118950540653,0.0955394449764966,0.233658395517149,0.00146841341175585,0.00155020153867399,4.38988106765597,0.0847468381622111
4,JFXD,16,POJ-L,LT_Pronation_anti_L,0.0491128022161772,0.0400368530091075,0.0891496552252848,0.000989054662480994,0.00105099008034702,4.41789539026307,0.0951622975350034
4,JFXD,17,V1-R,LT_Pronation_anti_L,0.0484799035503243,0.0513060029443183,0.0997859064946426,0.00105546992967168,0.00112269457393904,4.41069720732941,0.0953691846632796
4,JFXD,18,V3-R,LT_Pronation_anti_L,0.0413459388697917,0.051299650566025,0.0926455894358167,0.0010830730441631,0.00115506585138329,4.40977263273284,0.0947469597742151
4,JFXD,19,STS-R,LT_Pronation_anti_L,0.0773501741437399,0.0421263820668199,0.11947655621056,0.00110507240469752,0.00117581273250519,4.40850294359101,0.0939310289774363
4,JFXD,20,IPL-R,LT_Pronation_anti_L,0.0768998934254932,0.0292849456431987,0.106184839068692,0.00106896724799878,0.00113956184186072,4.41243729556229,0.0952206663531424
4,JFXD,21,SPL-R,LT_Pronation_anti_L,0.0232214121251725,0.0314341130917406,0.0546555252169131,0.000734501877280578,0.000783947237553868,4.43432278661589,0.0970531339241956
4,JFXD,22,AG-R,LT_Pronation_anti_L,0.032003628738314,0.0514606042601124,0.0834642329984265,0.000949583152875466,0.00101079239298675,4.41718730928764,0.0954915122698888
4,JFXD,23,mIPS-R,LT_Pronation_anti_L,0.0180539996005623,0.0480897743664217,0.066143773966984,0.000785847664891324,0.000836572523496316,4.4299156666119,0.0968716014818747
4,JFXD,24,VIP-R,LT_Pronation_anti_L,0.0541180356153214,0.0488820822383865,0.103000117853708,0.00105221058587313,0.00112252154794342,4.41407535334876,0.0946204284544672
4,JFXD,25,SPOC-R,LT_Pronation_anti_L,0.0509175025474129,0.0362334109130487,0.0871509134604616,0.00106074666659131,0.00113127130752952,4.4108376068596,0.0959584904951053
4,JFXD,26,S1-R,LT_Pronation_anti_L,0.0840141941322339,0.0599604799391624,0.143974674071396,0.00130202437790771,0.00138719288504029,4.39875860342411,0.0929258715380921
4,JFXD,27,M1-R,LT_Pronation_anti_L,0.131148154240023,0.0486873135022775,0.1798354677423,0.00144228280882384,0.00154289213167518,4.38995886400048,0.0904714715916904
4,JFXD,28,SMA-R,LT_Pronation_anti_L,0.0437163117238438,0.070597361310838,0.114313673034682,0.00123233376140328,0.00131288220829157,4.40296857786776,0.0935308436619042
4,JFXD,29,PMd-R,LT_Pronation_anti_L,0.103899863295997,0.0686538054511778,0.172553668747175,0.00131084197405285,0.00138911537477938,4.39526379510582,0.0895218070018594
4,JFXD,30,PMv-R,LT_Pronation_anti_L,0.0670277823824889,0.0885028456094482,0.155530627991937,0.00143577965882595,0.00152568555520482,4.38897526169816,0.0928391565252696
4,JFXD,31,FEF-R,LT_Pronation_anti_L,0.0584384815857086,0.0565407031075644,0.114979184693273,0.00123083160488066,0.00131213788397181,4.40254608786955,0.0948244265878589
4,JFXD,32,POJ-R,LT_Pronation_anti_L,0.0432357624721733,0.0326873708833241,0.0759231333554974,0.000949507169801661,0.00101155575277409,4.41724172571242,0.0968464523582771
5,JZ,1,V1-L,LT_Pronation_anti_L,0.051401622871022,0.0728418085553173,0.124243431426339,0.0012529270909823,0.00135397566175483,4.49337451897687,0.109873293353124
5,JZ,2,V3-L,LT_Pronation_anti_L,0.0641682549319047,0.0476214438648532,0.111789698796758,0.00115716027306442,0.00125080610616351,4.4986548923695,0.11116570653374
5,JZ,3,STS-L,LT_Pronation_anti_L,0.0480700262412813,0.0358259469179828,0.0838959731592641,0.000955512324238127,0.00103134570260597,4.51177783788871,0.111411006620474
5,JZ,4,IPL-L,LT_Pronation_anti_L,0.0255258792786596,0.120559319966796,0.146085199245455,0.00123598209628458,0.00133244226886712,4.49496943263061,0.109730250293273
5,JZ,5,SPL-L,LT_Pronation_anti_L,0.0431348726797056,0.0498334297824933,0.0929683024621989,0.00113302666327224,0.00122117067545206,4.50118687579663,0.1116902062318
5,JZ,6,AG-L,LT_Pronation_anti_L,0.0643933543192397,0.0486352277626238,0.113028582081863,0.00114752097812444,0.00123923917346757,4.49952866324336,0.109760450669461
5,JZ,7,mIPS-L,LT_Pronation_anti_L,0.0454869610892402,0.0539512958198908,0.099438256909131,0.00105693439273482,0.00114178317652889,4.50486671710831,0.110763275219946
5,JZ,8,VIP-L,LT_Pronation_anti_L,0.0463143411512181,0.074964800414798,0.121279141566016,0.00131548585325819,0.00141846486357871,4.49085425143752,0.110372500511473
5,JZ,9,SPOC-L,LT_Pronation_anti_L,0.0937967453748563,0.0705664555438105,0.164363200918667,0.00155787148953166,0.00168248481919711,4.47599166054718,0.106358471567233
5,JZ,10,S1-L,LT_Pronation_anti_L,0.0823792044740659,0.0940736713700697,0.176452875844136,0.00150457549510095,0.00161536367247153,4.47877002095776,0.106951670801849
5,JZ,11,M1-L,LT_Pronation_anti_L,0.0658663205508502,0.0590635759405086,0.124929896491359,0.00131864210627734,0.00142907580746744,4.48892841137608,0.10947133270369
5,JZ,12,SMA-L,LT_Pronation_anti_L,0.0456098128156072,0.0384140430869616,0.0840238559025688,0.0010243362629116,0.0011064366124595,4.50694772114163,0.11215381902575
5,JZ,13,PMd-L,LT_Pronation_anti_L,0.118961134668962,0.0654511481371463,0.184412282806108,0.00144697188676239,0.00155792837431535,4.48209194678,0.106274068319388
5,JZ,14,PMv-L,LT_Pronation_anti_L,0.0817154010966369,0.0568224649737427,0.13853786607038,0.00142496748101052,0.00154519772389321,4.48319397768659,0.110204677316745
5,JZ,15,FEF-L,LT_Pronation_anti_L,0.0432019909687836,0.0431433529151924,0.086345343883976,0.00107492308349567,0.0011619094982034,4.50479540486759,0.112092934385077
5,JZ,16,POJ-L,LT_Pronation_anti_L,0.0620211707986657,0.05011702726482,0.112138198063486,0.00121344854352065,0.00131152465162876,4.49654759934158,0.110025577788186
5,JZ,17,V1-R,LT_Pronation_anti_L,0.0997868039122427,0.0421176690003087,0.141904472912551,0.00132941283710642,0.00144514881117612,4.48778541116193,0.109111023842656
5,JZ,18,V3-R,LT_Pronation_anti_L,0.0607410482798724,0.0779922548104915,0.138733303090364,0.00135817129189045,0.00147011069873336,4.48887115430877,0.109437421335977
5,JZ,19,STS-R,LT_Pronation_anti_L,0.0841831521494472,0.035639454118842,0.119822606268289,0.00115161701447496,0.00124288438014804,4.49972481370686,0.109813466074263
5,JZ,20,IPL-R,LT_Pronation_anti_L,0.0649596565211111,0.0852797398463365,0.150239396367448,0.0014190164531653,0.00153257189486122,4.48492343829235,0.107998017256888
5,JZ,21,SPL-R,LT_Pronation_anti_L,0.0715130525728887,0.100141791956848,0.171654844529737,0.00162889316320065,0.00176386358306263,4.47404219474363,0.108455655275041
5,JZ,22,AG-R,LT_Pronation_anti_L,0.0999589582722763,0.095691004856572,0.195649963128848,0.00163825978749903,0.00176893206936085,4.47256881440194,0.105608384574288
5,JZ,23,mIPS-R,LT_Pronation_anti_L,0.0734928168323609,0.102650170856408,0.176142987688769,0.0015743856288862,0.00169784932378307,4.47652872299459,0.106048783893209
5,JZ,24,VIP-R,LT_Pronation_anti_L,0.0660798374728111,0.0886573460059267,0.154737183478738,0.00150702607760687,0.00163101253590634,4.4804361726589,0.108775783974694
5,JZ,25,SPOC-R,LT_Pronation_anti_L,0.0604617644749827,0.0868836886216882,0.147345453096671,0.00128291312322823,0.00138020262034959,4.49377517349917,0.107714112865436
5,JZ,26,S1-R,LT_Pronation_anti_L,0.110567125512397,0.0614205301518566,0.171987655664254,0.00140496382586026,0.00151055627685433,4.48623173614598,0.106456781955333
5,JZ,27,M1-R,LT_Pronation_anti_L,0.0561307059201815,0.0443765673491361,0.100507273269318,0.00108285736373728,0.00116880501134239,4.50333618661254,0.110461914489991
5,JZ,28,SMA-R,LT_Pronation_anti_L,0.0579588399766248,0.036186739178503,0.0941455791551278,0.00111198262674961,0.00120278259700908,4.50157624488854,0.112278070627474
5,JZ,29,PMd-R,LT_Pronation_anti_L,0.0423834761947077,0.111771368887557,0.154154845082265,0.00149661964500067,0.00161743208684369,4.48005358478192,0.10875850855654
5,JZ,30,PMv-R,LT_Pronation_anti_L,0.0589469242366456,0.0586101339750721,0.117557058211718,0.00121643186797461,0.00131137536898395,4.49623404688632,0.110462147182542
5,JZ,31,FEF-R,LT_Pronation_anti_L,0.0636888836773209,0.0492240557656752,0.112912939442996,0.00113571774963784,0.0012198459719386,4.5008733929059,0.110680313577268
5,JZ,32,POJ-R,LT_Pronation_anti_L,0.069254706171555,0.0636273177898961,0.132882023961451,0.00127328185314702,0.00137103775311029,4.49393426851824,0.1089220667902
6,LT,1,V1-L,LT_Pronation_anti_L,0.0717744377363986,0.0577272374471432,0.129501675183542,0.00131170782503641,0.00141376452292292,4.49160358752746,0.106541483129243
6,LT,2,V3-L,LT_Pronation_anti_L,0.0552396663306679,0.0598004546337337,0.115040120964402,0.00112321716406712,0.00121214886251055,4.5026390935856,0.107376843719135
6,LT,3,STS-L,LT_Pronation_anti_L,0.0958793123232287,0.0335469988335816,0.12942631115681,0.00131817600029356,0.00142789188368411,4.49001651080183,0.107149518409888
6,LT,4,IPL-L,LT_Pronation_anti_L,0.0290969985022798,0.116873600939421,0.145970599441701,0.00123332516158456,0.00132326301897419,4.49742168727676,0.107142348815861
6,LT,5,SPL-L,LT_Pronation_anti_L,0.0830010385424653,0.0738400214308786,0.156841059973344,0.00135856398951882,0.0014678155346453,4.48752444285399,0.103965637907889
6,LT,6,AG-L,LT_Pronation_anti_L,0.0694322729693694,0.061966065142859,0.131398338112228,0.00123362004632552,0.0013238186764204,4.49510672199252,0.105118600992601
6,LT,7,mIPS-L,LT_Pronation_anti_L,0.0473624285475098,0.101713198824391,0.149075627371901,0.00137783958460429,0.00148713095679615,4.4874905610735,0.106502895097265
6,LT,8,VIP-L,LT_Pronation_anti_L,0.0512537463916444,0.107473039790285,0.158726786181929,0.00132271782100934,0.00141811672348037,4.49272800138631,0.106529337889411
6,LT,9,SPOC-L,LT_Pronation_anti_L,0.0576734701079069,0.0608182073776735,0.11849167748558,0.00126099387189137,0.00135582848172361,4.4950847341815,0.1059976147335
6,LT,10,S1-L,LT_Pronation_anti_L,0.0695452258826543,0.100522860994366,0.17006808687702,0.00142296135832337,0.00152557524348587,4.48647083891731,0.105640659411974
6,LT,11,M1-L,LT_Pronation_anti_L,0.0957830100345018,0.0706162688593897,0.166399278893892,0.00142536594156995,0.00153091563772039,4.48662288262052,0.106159282366035
6,LT,12,SMA-L,LT_Pronation_anti_L,0.0659760732151282,0.0502254426548801,0.116201515870008,0.00112861316373971,0.00121629548927789,4.50252050793907,0.107850603080552
6,LT,13,PMd-L,LT_Pronation_anti_L,0.0395998750245125,0.0763641035349492,0.115963978559462,0.00126384847663165,0.00136172226270062,4.49524626817703,0.107937082845876
6,LT,14,PMv-L,LT_Pronation_anti_L,0.0537878842329517,0.0567152484428004,0.110503132675752,0.00126680588851112,0.00137003784068942,4.49448641196058,0.108532661184815
6,LT,15,FEF-L,LT_Pronation_anti_L,0.13905571048342,0.0824398138918654,0.221495524375285,0.00185358126522355,0.0019949565460851,4.46313647125767,0.101119113885298
6,LT,16,POJ-L,LT_Pronation_anti_L,0.0621475857354232,0.0544904079636899,0.116637993699113,0.00129516810016306,0.00140143543135775,4.49250644267946,0.107663153158117
6,LT,17,V1-R,LT_Pronation_anti_L,0.037533754720674,0.0762550216647922,0.113788776385466,0.00103919815324505,0.00111178420144784,4.5067908494472,0.106701875221414
6,LT,18,V3-R,LT_Pronation_anti_L,0.0541792040485408,0.0906092410602128,0.144788445108754,0.00149955737809765,0.00162498901909314,4.48081142368449,0.105521154817862
6,LT,19,STS-R,LT_Pronation_anti_L,0.0591542922487398,0.0450909332744028,0.104245225523143,0.00113057414042304,0.00121918020916347,4.50157239164376,0.108343661396488
6,LT,20,IPL-R,LT_Pronation_anti_L,0.0609415492060831,0.0531748574215886,0.114116406627672,0.00127833859657743,0.00137535600953177,4.49338355601271,0.108361980969169
6,LT,21,SPL-R,LT_Pronation_anti_L,0.0521191674850892,0.0551730144505392,0.107292181935628,0.00122656750606002,0.001322708163772,4.49553511113872,0.108578046092831
6,LT,22,AG-R,LT_Pronation_anti_L,0.0993906169194943,0.0579619287725394,0.157352545692034,0.00133120060680376,0.00142515670472892,4.48938173345954,0.103234925645311
6,LT,23,mIPS-R,LT_Pronation_anti_L,0.0499145556544911,0.0763654898174056,0.126280045471897,0.00133139557396642,0.00143529779494816,4.49000668218309,0.107637750096826
6,LT,24,VIP-R,LT_Pronation_anti_L,0.0433377606893433,0.0630054734161762,0.106343234105519,0.00121589274247888,0.00131014893291369,4.49674757735499,0.108620020172032
6,LT,25,SPOC-R,LT_Pronation_anti_L,0.0703265400994134,0.0711860206270393,0.141512560726453,0.00141081489370604,0.00151871565511518,4.48470755747191,0.104747633906982
6,LT,26,S1-R,LT_Pronation_anti_L,0.0700492210657318,0.0400748471583853,0.110124068224117,0.00121967386470924,0.00131243106839955,4.49676384588871,0.107634110894945
6,LT,27,M1-R,LT_Pronation_anti_L,0.070126052656487,0.049223800035,0.119349852691487,0.00122452302071666,0.00131909793802596,4.49636887161623,0.106804196271626
6,LT,28,SMA-R,LT_Pronation_anti_L,0.0883238292792732,0.0527914011298801,0.141115230409153,0.00139259649883062,0.00150494406765525,4.48683639157839,0.107074107739183
6,LT,29,PMd-R,LT_Pronation_anti_L,0.0572215744412308,0.0611788983081301,0.118400472749361,0.00111668229531169,0.00119543512663684,4.50295380162161,0.10529349427959
6,LT,30,PMv-R,LT_Pronation_anti_L,0.0818610324290862,0.0528488385987733,0.13470987102786,0.00150569314014039,0.00162822465919562,4.48070719027674,0.107454808139986
6,LT,31,FEF-R,LT_Pronation_anti_L,0.052393184092291,0.0420051214564868,0.0943983055487778,0.00112592352927672,0.00121128857000326,4.50263408295215,0.108757771042148
6,LT,32,POJ-R,LT_Pronation_anti_L,0.0627664265100418,0.0441696396528142,0.106936066162856,0.00111417920902575,0.00120145796318175,4.50287667520868,0.107679906789733
7,NvA,1,V1-L,LT_Pronation_anti_L,0.0333623762754167,0.0499939975544824,0.0833563738298991,0.00109508808834087,0.0011971969671049,4.59818703878427,0.139258525784372
7,NvA,2,V3-L,LT_Pronation_anti_L,0.0580795618963244,0.0789994741062646,0.137079036002589,0.00141060836314381,0.00153091267121989,4.58159655014055,0.13519837803819
7,NvA,3,STS-L,LT_Pronation_anti_L,0.0578080829989463,0.0674487439708375,0.125256826969784,0.00130676243253031,0.0014185225433326,4.58762411706719,0.137222415649465
7,NvA,4,IPL-L,LT_Pronation_anti_L,0.0395914721198984,0.0826812877179306,0.122272759837829,0.00131765009505755,0.00143424328230761,4.58591708198189,0.137425780141773
7,NvA,5,SPL-L,LT_Pronation_anti_L,0.0536388107523585,0.089509311458058,0.143148122210416,0.00142102854498689,0.00153927481248217,4.58217036307484,0.134959067867729
7,NvA,6,AG-L,LT_Pronation_anti_L,0.0665677555536068,0.049552474827262,0.116120230380869,0.00125741325303111,0.00135710472887574,4.5895047007824,0.13641741984139
7,NvA,7,mIPS-L,LT_Pronation_anti_L,0.0578947357392922,0.0521055987247643,0.110000334464056,0.00122615996043311,0.00132880734320371,4.59164855367007,0.137433089326231
7,NvA,8,VIP-L,LT_Pronation_anti_L,0.104001529432617,0.0523276505069765,0.156329179939593,0.00163177337359016,0.00177799295173816,4.56931290479471,0.136842697082621
7,NvA,9,SPOC-L,LT_Pronation_anti_L,0.117680606326505,0.204409316429608,0.322089922756113,0.00242969581670711,0.00262957205674825,4.53606386156878,0.122151883290449
7,NvA,10,S1-L,LT_Pronation_anti_L,0.0637262960316347,0.0503246027667624,0.114050898798397,0.00125252101589081,0.00135441334674188,4.59042741466271,0.137920083795335
7,NvA,11,M1-L,LT_Pronation_anti_L,0.0478261824722228,0.0554925252175011,0.103318707689724,0.0012160980333236,0.00132363416849742,4.59021546311109,0.139101743561365
7,NvA,12,SMA-L,LT_Pronation_anti_L,0.0413247927168198,0.0968995523048395,0.138224345021659,0.00127760275190554,0.0013826666373243,4.58805272808818,0.136337370871598
7,NvA,13,PMd-L,LT_Pronation_anti_L,0.044947502307066,0.0617790801744693,0.106726582481535,0.00101909925763493,0.00110206621748096,4.60209906387578,0.135832255345953
7,NvA,14,PMv-L,LT_Pronation_anti_L,0.0619135249368041,0.0352390937937843,0.0971526187305884,0.00118726550200925,0.00129436793315456,4.59210526400553,0.138956475659549
7,NvA,15,FEF-L,LT_Pronation_anti_L,0.0582054431545391,0.0424461380254208,0.10065158117996,0.00117690147755777,0.00127437128915187,4.59429498757181,0.137796706373922
7,NvA,16,POJ-L,LT_Pronation_anti_L,0.0738759049733724,0.134291602397866,0.208167507371239,0.00199073623422444,0.00216629331870668,4.55544776729399,0.132272125740117
7,NvA,17,V1-R,LT_Pronation_anti_L,0.0667249828085436,0.030186972855614,0.0969119556641576,0.00117346623684229,0.00127822338525159,4.5949515772409,0.138540045296159
7,NvA,18,V3-R,LT_Pronation_anti_L,0.105627791647233,0.08364510884711,0.189272900494343,0.0017027355478678,0.00184079080050209,4.57157473821101,0.133465775873276
7,NvA,19,STS-R,LT_Pronation_anti_L,0.0805298922705396,0.0803558856660131,0.160885777936553,0.00163798041428208,0.00178038605954092,4.57075340438844,0.133453238399022
7,NvA,20,IPL-R,LT_Pronation_anti_L,0.0842105463470342,0.107564086349275,0.191774632696309,0.00172010665579488,0.00186784600342438,4.5690009220945,0.133815021451558
7,NvA,21,SPL-R,LT_Pronation_anti_L,0.175918210612975,0.0715312753092862,0.247449485922261,0.00185872522521092,0.00200849399115307,4.56202257652227,0.127344244044992
7,NvA,22,AG-R,LT_Pronation_anti_L,0.0919895881943716,0.131156953996135,0.223146542190506,0.00173913706046428,0.00187071090304692,4.5660254083684,0.129218578004274
7,NvA,23,mIPS-R,LT_Pronation_anti_L,0.131452597427255,0.0545544361158673,0.186007033543122,0.00164719388825242,0.00179530428836546,4.57167729001465,0.133441447067386
7,NvA,24,VIP-R,LT_Pronation_anti_L,0.0511224877767203,0.109817410130122,0.160939897906842,0.00141358553518679,0.00153200789667539,4.58259314255404,0.134523084186457
7,NvA,25,SPOC-R,LT_Pronation_anti_L,0.125003493288649,0.160455228365559,0.285458721654207,0.00213527076806504,0.00231886431310947,4.54714623447419,0.129479128807559
7,NvA,26,S1-R,LT_Pronation_anti_L,0.0730138843416548,0.0945184217791211,0.167532306120776,0.00140604574917582,0.0015164557553536,4.58316358463019,0.133128267080239
7,NvA,27,M1-R,LT_Pronation_anti_L,0.217922823965068,0.0529159894325503,0.270838813397618,0.00190989950672121,0.00207726845835937,4.55623555899397,0.131549271071911
7,NvA,28,SMA-R,LT_Pronation_anti_L,0.0620922531172555,0.0676819211774585,0.129774174294714,0.00126925830491664,0.00137394311623389,4.58840144309272,0.135881758213379
7,NvA,29,PMd-R,LT_Pronation_anti_L,0.0525397237380497,0.136242341567559,0.188782065305608,0.00143718801010782,0.001564499993645,4.57896365964374,0.135503370430143
7,NvA,30,PMv-R,LT_Pronation_anti_L,0.0450856102954658,0.0322799240374089,0.0773655343328748,0.000956255647210463,0.00103570360973428,4.60736064090942,0.138860364686
7,NvA,31,FEF-R,LT_Pronation_anti_L,0.105970614414418,0.0625092921206848,0.168479906535103,0.00150247238915048,0.00164501494276922,4.57611005894129,0.136344603815112
7,NvA,32,POJ-R,LT_Pronation_anti_L,0.1258521385435,0.0965855187495656,0.222437657293066,0.0018469391691989,0.00199002149943587,4.56074548799884,0.128801712369306
8,RR,1,V1-L,LT_Pronation_anti_L,0.131135147807997,0.0670492298616253,0.198184377669622,0.00177586382896442,0.00193221120162769,4.62138395705436,0.147170427436927
8,RR,2,V3-L,LT_Pronation_anti_L,0.0922638833947662,0.0977981590102097,0.190062042404976,0.00165295264614141,0.00179856074968097,4.62633244296878,0.144362344999039
8,RR,3,STS-L,LT_Pronation_anti_L,0.0421500439157056,0.0983203808844957,0.140470424800201,0.00149049429977091,0.00162121545510028,4.63545851540852,0.149598929916159
8,RR,4,IPL-L,LT_Pronation_anti_L,0.0725428866497965,0.0785799522447228,0.151122838894519,0.00152361250302193,0.00165340388594404,4.63354207490512,0.149340169776328
8,RR,5,SPL-L,LT_Pronation_anti_L,0.0708317561054928,0.10633320157388,0.177164957679372,0.00168497093166895,0.00183231644220179,4.62625265028552,0.148201280602302
8,RR,6,AG-L,LT_Pronation_anti_L,0.0907887097130824,0.0734849433357273,0.16427365304881,0.00155373353661979,0.00168135942262882,4.63274651818975,0.148835813755108
8,RR,7,mIPS-L,LT_Pronation_anti_L,0.110859759847943,0.0710393669042643,0.181899126752207,0.00165304674186112,0.00179794898800858,4.62786429569882,0.147082853014545
8,RR,8,VIP-L,LT_Pronation_anti_L,0.0836118184342929,0.0391389580154615,0.122750776449754,0.00136128742667611,0.0014798333607814,4.64214892535207,0.151450312608457
8,RR,9,SPOC-L,LT_Pronation_anti_L,0.0729540501100038,0.124704996059314,0.197659046169318,0.00190625194710638,0.00207999351921316,4.61521388051424,0.148273624709476
8,RR,10,S1-L,LT_Pronation_anti_L,0.092469738446202,0.0827973358209719,0.175267074267174,0.00162928653289803,0.00176201355271171,4.62771901472704,0.148089049395106
8,RR,11,M1-L,LT_Pronation_anti_L,0.108798178236959,0.0672708274564413,0.1760690056934,0.00147852660009082,0.00159839422490515,4.6350589051114,0.146615378378771
8,RR,12,SMA-L,LT_Pronation_anti_L,0.0652649332203639,0.120392534906405,0.185657468126769,0.00160178168708137,0.00174171413277309,4.62907921261514,0.147723401516446
8,RR,13,PMd-L,LT_Pronation_anti_L,0.126295449198346,0.0974291826676262,0.223724631865972,0.00166814579479067,0.0018072042552632,4.62414452445407,0.144940074240129
8,RR,14,PMv-L,LT_Pronation_anti_L,0.0612913046942199,0.0340586935112054,0.0953499982054253,0.00116056793091197,0.00125740054481662,4.65316760723372,0.152572843473058
8,RR,15,FEF-L,LT_Pronation_anti_L,0.0584961699671681,0.0576617437654296,0.116157913732598,0.00132831992235767,0.00144394961115002,4.64387822207957,0.151020625641962
8,RR,16,POJ-L,LT_Pronation_anti_L,0.0910029099660856,0.080311312668662,0.171314222634748,0.00171333493179199,0.00185531021765526,4.62513286370601,0.149319832965825
8,RR,17,V1-R,LT_Pronation_anti_L,0.0572406316715182,0.0867820301344798,0.144022661805998,0.00143702145318261,0.00156389047984891,4.63793819134813,0.149406625150145
8,RR,18,V3-R,LT_Pronation_anti_L,0.0916185166794144,0.0445868683632435,0.136205385042658,0.00145514800242753,0.00158873890182376,4.63731400573832,0.150898493027472
8,RR,19,STS-R,LT_Pronation_anti_L,0.0460498962543284,0.0563601500082801,0.102410046262609,0.00114794850760097,0.00124756695720735,4.65313114172136,0.151769147269888
8,RR,20,IPL-R,LT_Pronation_anti_L,0.109063354113304,0.0619677115509768,0.171031065664281,0.00145119141019794,0.00158938722921027,4.63607363463311,0.147662669647445
8,RR,21,SPL-R,LT_Pronation_anti_L,0.06216101929836,0.102212304111887,0.164373323410247,0.00146251716091602,0.00159195187553833,4.63697015126576,0.147763994727121
8,RR,22,AG-R,LT_Pronation_anti_L,0.0607521707758372,0.134179740437741,0.194931911213578,0.0014434983423328,0.00156309822028559,4.6361091118992,0.145050000752537
8,RR,23,mIPS-R,LT_Pronation_anti_L,0.0590126844244426,0.0789218992870407,0.137934583711483,0.00145940085274389,0.00159567050497686,4.63724608944707,0.148755252146379
8,RR,24,VIP-R,LT_Pronation_anti_L,0.12598820578517,0.130101464074156,0.256089669859325,0.00207373515612828,0.0022629087593879,4.60652748600967,0.141781830434299
8,RR,25,SPOC-R,LT_Pronation_anti_L,0.127104251880546,0.134798958002781,0.261903209883327,0.00189144742981669,0.00205389556389761,4.61417465232325,0.139211929518697
8,RR,26,S1-R,LT_Pronation_anti_L,0.100205991785457,0.0834110612851642,0.183617053070621,0.00163493768823844,0.00177552530076953,4.62785818530728,0.144330357331549
8,RR,27,M1-R,LT_Pronation_anti_L,0.115100586228907,0.0697681013462677,0.184868687575174,0.00172875739682818,0.00187771677747136,4.62403608456899,0.145520429000331
8,RR,28,SMA-R,LT_Pronation_anti_L,0.0610122193925756,0.105120106239395,0.16613232563197,0.0015675291904675,0.00170646989303148,4.63134726925085,0.148987772968745
8,RR,29,PMd-R,LT_Pronation_anti_L,0.0910222551314954,0.104587557634427,0.195609812765923,0.00177480345722533,0.00193114194543155,4.62228077573675,0.145964681591821
8,RR,30,PMv-R,LT_Pronation_anti_L,0.0527884374034079,0.0428777091973878,0.0956661466007957,0.00121947588651475,0.00132700536979941,4.64904615955703,0.153078552351768
8,RR,31,FEF-R,LT_Pronation_anti_L,0.0770817894114502,0.0642219896736776,0.141303779085128,0.00148178950012201,0.00161367495622148,4.63532877854884,0.148553139276721
8,RR,32,POJ-R,LT_Pronation_anti_L,0.091978287268748,0.102668567180041,0.194646854448788,0.00151167521692216,0.00163612106431078,4.63434227032316,0.142584996431733
9,SJB,1,V1-L,LT_Pronation_anti_L,0.08702364074815,0.130772614368357,0.217796255116507,0.00204939675290281,0.00218856775503537,4.75059776614666,0.158035168906566
9,SJB,2,V3-L,LT_Pronation_anti_L,0.1159475122549,0.245809265429067,0.361756777683967,0.00269356587931826,0.0028775845607474,4.72162187727941,0.14840599484097
9,SJB,3,STS-L,LT_Pronation_anti_L,0.111113136368462,0.0792303418430037,0.190343478211465,0.00169149004662979,0.00181212102834085,4.76207688840224,0.159639627785844
9,SJB,4,IPL-L,LT_Pronation_anti_L,0.126070085664161,0.10727821764344,0.233348303307601,0.00194807756656738,0.00208635910816992,4.75188495814454,0.159248409641818
9,SJB,5,SPL-L,LT_Pronation_anti_L,0.0500699604088801,0.151821645390628,0.201891605799508,0.00200943460427186,0.00215787649100704,4.75016870293251,0.161893375790071
9,SJB,6,AG-L,LT_Pronation_anti_L,0.110406275378475,0.0908359528397166,0.201242228218191,0.00202004480617705,0.00216910235505435,4.75042027505035,0.161540507452175
9,SJB,7,mIPS-L,LT_Pronation_anti_L,0.0577968176583486,0.126972169947216,0.184768987605564,0.0019754955323693,0.00211618625157567,4.75368160351775,0.160469427820318
9,SJB,8,VIP-L,LT_Pronation_anti_L,0.0932640177421547,0.122584408699935,0.21584842644209,0.00187937843978167,0.00201416712942334,4.75609382465519,0.15851878880605
9,SJB,9,SPOC-L,LT_Pronation_anti_L,0.122056521938078,0.122201621175332,0.24425814311341,0.00228787603838257,0.00245819992635036,4.73989114068633,0.159334050029317
9,SJB,10,S1-L,LT_Pronation_anti_L,0.132741179613074,0.0711934703949645,0.203934650008039,0.00181149924881714,0.00194320171183967,4.75676990612826,0.160135064170544
9,SJB,11,M1-L,LT_Pronation_anti_L,0.105533324097657,0.11074497421167,0.216278298309327,0.00196042117827463,0.00211277801454949,4.74960673573715,0.159699621179921
9,SJB,12,SMA-L,LT_Pronation_anti_L,0.0717709940282336,0.0873449288479407,0.159115922876174,0.00148332751790629,0.00158502546572265,4.77031234834197,0.162079818697336
9,SJB,13,PMd-L,LT_Pronation_anti_L,0.102048353752994,0.0882855554724681,0.190333909225462,0.00196101231154091,0.00210368190978055,4.75050894597653,0.16043490255049
9,SJB,14,PMv-L,LT_Pronation_anti_L,0.0507840344242136,0.0446839289505864,0.0954679633747999,0.00127502868301536,0.00136919495795809,4.78367985073786,0.165725806620193
9,SJB,15,FEF-L,LT_Pronation_anti_L,0.0790887660063749,0.075690567539059,0.154779333545434,0.00175760484899653,0.00187934138034328,4.76046886017464,0.162304540933208
9,SJB,16,POJ-L,LT_Pronation_anti_L,0.127494869964346,0.109817236451708,0.237312106416054,0.00225667704400918,0.00243197035933289,4.74026745311827,0.159515378624877
9,SJB,17,V1-R,LT_Pronation_anti_L,0.0703112523332203,0.0970784831760148,0.167389735509235,0.00191522812938549,0.00205304607728562,4.75520778298703,0.163363285779396
9,SJB,18,V3-R,LT_Pronation_anti_L,0.121896409888669,0.0448057648769001,0.166702174765569,0.00171158106494703,0.00183385268152118,4.76353739363715,0.160889045959847
9,SJB,19,STS-R,LT_Pronation_anti_L,0.0369566796716408,0.0978282689844126,0.134784948656053,0.00153446938984225,0.00164578362685176,4.77100089131254,0.164414417410982
9,SJB,20,IPL-R,LT_Pronation_anti_L,0.0983736133096876,0.0380199041339584,0.136393517443646,0.00143653316956647,0.00154128286291699,4.77429840282632,0.163222820624542
9,SJB,21,SPL-R,LT_Pronation_anti_L,0.145087203281238,0.128323956712018,0.273411159993257,0.0024121728984905,0.00258991927088888,4.73465440041703,0.158224445309823
9,SJB,22,AG-R,LT_Pronation_anti_L,0.124900504064187,0.122239873040552,0.247140377104738,0.00215706122520106,0.00230636532325633,4.74533219487969,0.157778483199818
9,SJB,23,mIPS-R,LT_Pronation_anti_L,0.0866933154400107,0.10217402696926,0.188867342409271,0.00178940440334589,0.00191877184282803,4.7597122677979,0.160680564958765
9,SJB,24,VIP-R,LT_Pronation_anti_L,0.156334020448663,0.0732431413035824,0.229577161752245,0.00205136936111584,0.00220627710927549,4.74654821702934,0.159879660022595
9,SJB,25,SPOC-R,LT_Pronation_anti_L,0.14549443071674,0.124970375855903,0.270464806572643,0.00219622529821269,0.00233908034745753,4.74388310213749,0.157029829379975
9,SJB,26,S1-R,LT_Pronation_anti_L,0.0880836632013633,0.12230360397762,0.210387267178983,0.00201316589014019,0.00217451595882158,4.74835636729206,0.161633394631062
9,SJB,27,M1-R,LT_Pronation_anti_L,0.092032615600774,0.095729548222855,0.187762163823629,0.0016090299335718,0.00171707861383667,4.76610797346565,0.160176500196352
9,SJB,28,SMA-R,LT_Pronation_anti_L,0.0891793325024522,0.043467489927468,0.13264682242992,0.00150212061295997,0.00161799054165791,4.77075780576683,0.164690164896157
9,SJB,29,PMd-R,LT_Pronation_anti_L,0.0589133033512588,0.062859295379337,0.121772598730596,0.00149195380424519,0.0016048500208875,4.7717749167937,0.16485087848815
9,SJB,30,PMv-R,LT_Pronation_anti_L,0.0404760394115496,0.0478718885369082,0.0883479279484579,0.001089463521802,0.0011758629845098,4.79166510363711,0.166257982218951
9,SJB,31,FEF-R,LT_Pronation_anti_L,0.0684843706310674,0.0332457779288524,0.10173014855992,0.00129269301956647,0.00138850682988695,4.78107691776172,0.166443796102497
9,SJB,32,POJ-R,LT_Pronation_anti_L,0.16397329850919,0.130971244179481,0.29494454268867,0.00248075949825212,0.00264639503476347,4.73342942872031,0.154754306767858
1,DOC,1,V1-L,LT_Pronation_anti_R,0.0815809353029006,0.0454652541303914,0.127046189433292,0.0012638864919637,0.00136537848667987,4.35304347702469,0.084551020577829
1,DOC,2,V3-L,LT_Pronation_anti_R,0.0341414485183328,0.0578402529394293,0.0919817014577621,0.000898182303137014,0.000960290240307484,4.3774825954963,0.0853666674137482
1,DOC,3,STS-L,LT_Pronation_anti_R,0.0536359090869756,0.0230439546027584,0.0766798636897339,0.000880637559914057,0.000944312901594587,4.37896167082339,0.0867032020700647
1,DOC,4,IPL-L,LT_Pronation_anti_R,0.0455607914707705,0.092878322881893,0.138439114352663,0.0012987682792446,0.00139707692142554,4.35303872921574,0.0844262527303119
1,DOC,5,SPL-L,LT_Pronation_anti_R,0.0435631136701,0.0750767292528739,0.118639842922974,0.0011570485329908,0.00124424813211108,4.3615744137486,0.0849053387397866
1,DOC,6,AG-L,LT_Pronation_anti_R,0.0559872256744731,0.0286241634997426,0.0846113891742157,0.00088891526913582,0.000949711099860731,4.37899254736365,0.086015449126853
1,DOC,7,mIPS-L,LT_Pronation_anti_R,0.0756998404539506,0.0507996250248078,0.126499465478758,0.0012472219989662,0.00134112499855009,4.35494188347973,0.0845772407866601
1,DOC,8,VIP-L,LT_Pronation_anti_R,0.0659641146247232,0.0723425249073182,0.138306639532041,0.00123712586215854,0.00132521222980534,4.35675656635233,0.0837681995220116
1,DOC,9,SPOC-L,LT_Pronation_anti_R,0.0541088928692691,0.0485200449440393,0.102628937813308,0.000991364028003088,0.00106636723464021,4.3705943990096,0.0854013707281472
1,DOC,10,S1-L,LT_Pronation_anti_R,0.0999332074102746,0.0497094162657624,0.149642623676037,0.00123034581344952,0.00131952197344314,4.3565998757217,0.0828062728849364
1,DOC,11,M1-L,LT_Pronation_anti_R,0.0995242596111041,0.0506819056155506,0.150206165226655,0.00133460495003343,0.00143910698796161,4.35182196204118,0.0837679794585312
1,DOC,12,SMA-L,LT_Pronation_anti_R,0.0538698728440462,0.0510054313396711,0.104875304183717,0.00108880649843172,0.00116758478350969,4.36577494840553,0.0855128873954484
1,DOC,13,PMd-L,LT_Pronation_anti_R,0.0689648120141556,0.0664762284196927,0.135441040433848,0.0011660879703159,0.00124435893744734,4.36278219671812,0.0836364958105913
1,DOC,14,PMv-L,LT_Pronation_anti_R,0.0389281708262826,0.047020039833568,0.0859482106598506,0.00103754937604237,0.00111617163251757,4.36838023609532,0.086737677746984
1,DOC,15,FEF-L,LT_Pronation_anti_R,0.0798540015791727,0.0565272460199843,0.136381247599157,0.00134761332673588,0.00144778090726388,4.35077135299774,0.084125745814443
1,DOC,16,POJ-L,LT_Pronation_anti_R,0.0282304620040043,0.0667250831353185,0.0949555451393228,0.00104842253062306,0.00112917729502906,4.36686089611097,0.0864169090460726
1,DOC,17,V1-R,LT_Pronation_anti_R,0.0547811406098976,0.0715530761610835,0.126334216770981,0.00127622502137589,0.0013756753926505,4.35263167264102,0.084443392161757
1,DOC,18,V3-R,LT_Pronation_anti_R,0.0411226012426216,0.0392603369387688,0.0803829381813904,0.000893408016737156,0.000959489817061463,4.37626803051493,0.0864990640545174
1,DOC,19,STS-R,LT_Pronation_anti_R,0.034356532129029,0.0275281830741501,0.0618847152031791,0.00081169961966321,0.00087619778041355,4.38294750792697,0.087513884875843
1,DOC,20,IPL-R,LT_Pronation_anti_R,0.0766986270830951,0.0519099929182764,0.128608620001371,0.00109716892352949,0.00117857140800544,4.36281875688877,0.083596456408759
1,DOC,21,SPL-R,LT_Pronation_anti_R,0.0357895302152003,0.05134843180983,0.0871379620250303,0.000943733696812823,0.0010116469003494,4.37459967088675,0.0862216951090731
1,DOC,22,AG-R,LT_Pronation_anti_R,0.0328391922173685,0.0584495953907946,0.0912887876081631,0.000988895804942163,0.0010658080726501,4.37199404053221,0.086572600261583
1,DOC,23,mIPS-R,LT_Pronation_anti_R,0.0318106144523213,0.0561242330707928,0.0879348475231141,0.000980037177477041,0.0010554400200867,4.37287669460199,0.0865644443328499
1,DOC,24,VIP-R,LT_Pronation_anti_R,0.0417937433669334,0.0504951175468392,0.0922888609137726,0.00102388536218385,0.00110556155826471,4.36800627005566,0.0862934610865457
1,DOC,25,SPOC-R,LT_Pronation_anti_R,0.0383559750202529,0.0409666937396274,0.0793226687598802,0.000926774856375909,0.00100055657467861,4.37429150372604,0.086313691376222
1,DOC,26,S1-R,LT_Pronation_anti_R,0.0665864578339609,0.0602663278501454,0.126852785684106,0.00108385319713698,0.00116587124476298,4.36444928042685,0.0840416579059932
1,DOC,27,M1-R,LT_Pronation_anti_R,0.0703575341788955,0.0384554380566378,0.108812972235533,0.000992251500698177,0.001070599559768,4.3708390275144,0.0847850495837356
1,DOC,28,SMA-R,LT_Pronation_anti_R,0.0441583918285044,0.0573506615357397,0.101509053364244,0.00109847778616499,0.00118051448299198,4.36481938109767,0.0861738090221742
1,DOC,29,PMd-R,LT_Pronation_anti_R,0.0435401899356022,0.0983499395019994,0.141890129437602,0.00121645625711156,0.00131198532937606,4.35579498019241,0.0832741939314742
1,DOC,30,PMv-R,LT_Pronation_anti_R,0.052279990714789,0.064860793655759,0.117140784370548,0.00113867864808498,0.00122594576765264,4.36113226317152,0.0847721237669823
1,DOC,31,FEF-R,LT_Pronation_anti_R,0.0563030354397029,0.040114604197944,0.0964176396376469,0.00103101158657952,0.00110856126690102,4.36917070635015,0.0859607122515016
1,DOC,32,POJ-R,LT_Pronation_anti_R,0.0328278386116893,0.04337880457921,0.0762066431908993,0.00085458575434193,0.000921307300287476,4.37951715011714,0.0869892200376361
2,GB,1,V1-L,LT_Pronation_anti_R,0.109186142862044,0.0682308514720131,0.177416994334058,0.00178546622865542,0.00193671366904842,4.71204178831919,0.151073344251665
2,GB,2,V3-L,LT_Pronation_anti_R,0.105185249292538,0.0909059357542236,0.196091185046762,0.0016662332058696,0.00179736457531993,4.71650411511064,0.147663760313776
2,GB,3,STS-L,LT_Pronation_anti_R,0.0703573382064902,0.0568145542947395,0.12717189250123,0.00154241452140014,0.00167745070276468,4.72152436504931,0.153010891394598
2,GB,4,IPL-L,LT_Pronation_anti_R,0.0717263586155693,0.121674558723737,0.193400917339307,0.00196161805602695,0.00213852539883168,4.70144171079019,0.150161135855652
2,GB,5,SPL-L,LT_Pronation_anti_R,0.109585125616467,0.0715700923298174,0.181155217946285,0.00173869811728622,0.00188008723353723,4.71297879604392,0.150309322320286
2,GB,6,AG-L,LT_Pronation_anti_R,0.0724191382285317,0.0800456547793454,0.152464793007877,0.00155762295085632,0.00168334304543155,4.7208611163541,0.149690823435486
2,GB,7,mIPS-L,LT_Pronation_anti_R,0.105599778817851,0.063654763425407,0.169254542243258,0.00152088189686188,0.00164256723535106,4.7231517719781,0.149395334383532
2,GB,8,VIP-L,LT_Pronation_anti_R,0.090888570114546,0.0965839316771125,0.187472501791659,0.00187852528183966,0.0020411334243131,4.7042689542691,0.148842285955569
2,GB,9,SPOC-L,LT_Pronation_anti_R,0.142668920437662,0.153851212405662,0.296520132843324,0.00229626866376205,0.00248403602445069,4.68741590388261,0.140873258669775
2,GB,10,S1-L,LT_Pronation_anti_R,0.0764603440849834,0.0869261083287031,0.163386452413687,0.0016535516535369,0.00179422791579114,4.71537854571475,0.150186900272533
2,GB,11,M1-L,LT_Pronation_anti_R,0.0503388764267741,0.085466588916372,0.135805465343146,0.00159254411494051,0.00172544014645445,4.71949361473197,0.152936835739492
2,GB,12,SMA-L,LT_Pronation_anti_R,0.0771717510382171,0.0709882512921341,0.148160002330351,0.00161640448773893,0.00174337608009112,4.71834104428807,0.151077451777355
2,GB,13,PMd-L,LT_Pronation_anti_R,0.0541815834937081,0.115377971339905,0.169559554833613,0.00160195430559111,0.001738965740841,4.71809630440129,0.150870331217365
2,GB,14,PMv-L,LT_Pronation_anti_R,0.0628289524268727,0.0869389169683997,0.149767869395272,0.00153432452439026,0.00165727192241376,4.72204322286857,0.151662749046395
2,GB,15,FEF-L,LT_Pronation_anti_R,0.13161045047657,0.0695228723066146,0.201133322783184,0.00164204388241546,0.00177571104464603,4.71368980671061,0.149144611810851
2,GB,16,POJ-L,LT_Pronation_anti_R,0.0944032284128054,0.154877088558672,0.249280316971477,0.00190730059646091,0.00206606991451438,4.70523776010359,0.145844522886357
2,GB,17,V1-R,LT_Pronation_anti_R,0.100676648155269,0.0705707608607673,0.171247409016036,0.00164525711129206,0.00178831111593371,4.71622120120664,0.15011126058828
2,GB,18,V3-R,LT_Pronation_anti_R,0.117654906213611,0.0550674389800249,0.172722345193636,0.00154788739325147,0.00167199528729503,4.72281736617701,0.150177983950216
2,GB,19,STS-R,LT_Pronation_anti_R,0.105858017203583,0.0454279223536747,0.151285939557258,0.00167435041457389,0.00181155324942287,4.71595286113763,0.15211152013301
2,GB,20,IPL-R,LT_Pronation_anti_R,0.0954163690990311,0.0974143190817557,0.192830688180787,0.00188321710228188,0.00203342364857716,4.7064670678516,0.149792974196952
2,GB,21,SPL-R,LT_Pronation_anti_R,0.079672887756358,0.0810292237854391,0.160702111541797,0.00166387355279484,0.00179716668811341,4.71752903413897,0.150522074823938
2,GB,22,AG-R,LT_Pronation_anti_R,0.0863161021120795,0.121805290162146,0.208121392274226,0.00208065260424155,0.00225002874352379,4.69829458413323,0.147799007705246
2,GB,23,mIPS-R,LT_Pronation_anti_R,0.0950120401016374,0.0833837152123164,0.178395755313954,0.00172003089607363,0.00186090337979645,4.71365010542248,0.149930897882869
2,GB,24,VIP-R,LT_Pronation_anti_R,0.0765395245039257,0.0840870968723793,0.160626621376305,0.00163638065685808,0.00176872447650448,4.71895918883269,0.150793793878586
2,GB,25,SPOC-R,LT_Pronation_anti_R,0.0596581629346309,0.190101381455023,0.249759544389654,0.00203005717546528,0.00219615741406762,4.69892065147656,0.146101058825158
2,GB,26,S1-R,LT_Pronation_anti_R,0.146040831623188,0.0881542671268517,0.234195098750039,0.00230426322342772,0.00250177461694485,4.68858430550597,0.148165077081806
2,GB,27,M1-R,LT_Pronation_anti_R,0.123969430892558,0.120923784155857,0.244893215048415,0.00214357899607371,0.00231265954197021,4.69407288332521,0.145075670658187
2,GB,28,SMA-R,LT_Pronation_anti_R,0.0380037074705113,0.0968800882586089,0.13488379572912,0.00135251912799051,0.0014613387893254,4.72987182810516,0.151924807400877
2,GB,29,PMd-R,LT_Pronation_anti_R,0.0995476640921489,0.0612858075640208,0.16083347165617,0.0016420173842585,0.00177307495601197,4.71658346575852,0.15141384346331
2,GB,30,PMv-R,LT_Pronation_anti_R,0.0559751070415716,0.031912397153842,0.0878875041954137,0.00111712224113123,0.00120565328632221,4.74463191819253,0.154241877495139
2,GB,31,FEF-R,LT_Pronation_anti_R,0.100135181978399,0.0874216403260981,0.187556822304497,0.00183128221164905,0.00197562816208175,4.70786323450356,0.148615784100959
2,GB,32,POJ-R,LT_Pronation_anti_R,0.0909882682938803,0.10718217210235,0.19817044039623,0.00202449511676271,0.00219508048469051,4.70015895766453,0.149240677495318
3,JDC,1,V1-L,LT_Pronation_anti_R,0.0405694149961136,0.0689971947851225,0.109566609781236,0.00108079006389468,0.00116770604544903,4.61242216292341,0.130071584842789
3,JDC,2,V3-L,LT_Pronation_anti_R,0.0768565345135295,0.0429577772394453,0.119814311752975,0.00130309732825,0.00142065876434283,4.60020072795315,0.129879432538278
3,JDC,3,STS-L,LT_Pronation_anti_R,0.0721712817792818,0.0494857623358806,0.121657044115162,0.00139170133358151,0.00151218801487699,4.59582774707212,0.129746978910548
3,JDC,4,IPL-L,LT_Pronation_anti_R,0.0987218528402916,0.0601242051387922,0.158846057979084,0.00142967653077542,0.00154482841643471,4.59590401287075,0.127308155296738
3,JDC,5,SPL-L,LT_Pronation_anti_R,0.138725737557439,0.0698023325267456,0.208528070084185,0.00187255325168495,0.00203137025467228,4.57378747917184,0.125797114651071
3,JDC,6,AG-L,LT_Pronation_anti_R,0.102900797581221,0.0533922990552838,0.156293096636505,0.00159867625855869,0.00173160856209162,4.58585356018529,0.128640498590397
3,JDC,7,mIPS-L,LT_Pronation_anti_R,0.113619164093464,0.0619331187544508,0.175552282847914,0.00168994715370337,0.00183602320070065,4.5820575292292,0.127007431452838
3,JDC,8,VIP-L,LT_Pronation_anti_R,0.149723792259651,0.0606365038572819,0.210360296116933,0.00180655177315897,0.00195065996358543,4.5777711343985,0.124703451762564
3,JDC,9,SPOC-L,LT_Pronation_anti_R,0.0907428489682248,0.103046643740942,0.193789492709167,0.00178120146567577,0.00192541904272266,4.57710314526966,0.125240886816844
3,JDC,10,S1-L,LT_Pronation_anti_R,0.136312017066191,0.0617082761292031,0.198020293195394,0.00147711604674839,0.00159542575901868,4.5911370755915,0.12514341303472
3,JDC,11,M1-L,LT_Pronation_anti_R,0.0792832491454809,0.0889222799897229,0.168205529135204,0.00130168589319988,0.00140160343222304,4.60103856627586,0.127074062219726
3,JDC,12,SMA-L,LT_Pronation_anti_R,0.0225396261727433,0.15218891115085,0.174728537323593,0.00141097787621382,0.00152419177546635,4.59628054870478,0.127628987502607
3,JDC,13,PMd-L,LT_Pronation_anti_R,0.0899917748294127,0.126800405893475,0.216792180722887,0.00184404793414556,0.00200091982210728,4.57392919088995,0.124621125807089
3,JDC,14,PMv-L,LT_Pronation_anti_R,0.0433277183297547,0.0584030349532477,0.101730753283002,0.00129267318752945,0.00140220406782856,4.60105016824898,0.130751567237897
3,JDC,15,FEF-L,LT_Pronation_anti_R,0.0846692580660195,0.088059740939109,0.172728999005129,0.00156666668915733,0.00168977627914005,4.58930571464988,0.126534038002107
3,JDC,16,POJ-L,LT_Pronation_anti_R,0.0738195731402255,0.0750785108250231,0.148898083965249,0.00141056368451621,0.00152244259272858,4.59568131488881,0.125942484312682
3,JDC,17,V1-R,LT_Pronation_anti_R,0.0255434209794965,0.0773467772204362,0.102890198199933,0.000996403387507651,0.0010803724085396,4.61785374643132,0.129773031068462
3,JDC,18,V3-R,LT_Pronation_anti_R,0.0764229852050608,0.0743121526003742,0.150735137805435,0.00135297960168005,0.00146672269053468,4.59870224067217,0.12625417139762
3,JDC,19,STS-R,LT_Pronation_anti_R,0.0565911951933454,0.0451110716435717,0.101702266836917,0.00119381186509824,0.00130021219246605,4.60550437030937,0.130233380451251
3,JDC,20,IPL-R,LT_Pronation_anti_R,0.0788473905895291,0.0625520660330245,0.141399456622554,0.00150588150862017,0.00163044910102255,4.5914032539854,0.127914276851627
3,JDC,21,SPL-R,LT_Pronation_anti_R,0.0561246972499449,0.0571689640955748,0.11329366134552,0.0013119982352424,0.00141566355446577,4.60293307012684,0.129643686750843
3,JDC,22,AG-R,LT_Pronation_anti_R,0.0976722974425282,0.0971089918388379,0.194781289281366,0.00186994237092928,0.00202942186415521,4.57497318957264,0.126237508225112
3,JDC,23,mIPS-R,LT_Pronation_anti_R,0.0691412280449398,0.136461357875354,0.205602585920294,0.00181976498943544,0.00197394327847436,4.57786736167378,0.125613933620987
3,JDC,24,VIP-R,LT_Pronation_anti_R,0.0752235034487544,0.077176605278202,0.152400108726956,0.00146150574571631,0.0015832582899538,4.59415791569064,0.127073532561198
3,JDC,25,SPOC-R,LT_Pronation_anti_R,0.0993153137046029,0.084051072907297,0.1833663866119,0.001783669758523,0.00193390005881188,4.57729105988511,0.124356431481911
3,JDC,26,S1-R,LT_Pronation_anti_R,0.0836454627068767,0.0816605877197561,0.165306050426633,0.00166424329207119,0.00180903110176037,4.58189352292641,0.126989502430767
3,JDC,27,M1-R,LT_Pronation_anti_R,0.0384225741447066,0.0522875723151711,0.0907101464598777,0.00101243557778265,0.00109173393222873,4.61822374766838,0.130244913396819
3,JDC,28,SMA-R,LT_Pronation_anti_R,0.0610088195094083,0.0845966634907891,0.145605483000197,0.00143212155073777,0.00155273996767601,4.59476633883818,0.128488089592311
3,JDC,29,PMd-R,LT_Pronation_anti_R,0.0290363914322031,0.157951176610827,0.18698756804303,0.0014043018069632,0.001514268237186,4.59644639334527,0.127230305419536
3,JDC,30,PMv-R,LT_Pronation_anti_R,0.0444323206452794,0.0495254081212787,0.0939577287665581,0.00120483700578385,0.00130621131286054,4.60656138026477,0.130754131070535
3,JDC,31,FEF-R,LT_Pronation_anti_R,0.116415207674229,0.0788970517188374,0.195312259393066,0.00169312939428515,0.0018311761222714,4.5817250092043,0.126427402966677
3,JDC,32,POJ-R,LT_Pronation_anti_R,0.133309181217189,0.11738211374323,0.250691294960418,0.00199706227382812,0.00215467439284499,4.56714430966814,0.121398148515417
4,JFXD,1,V1-L,LT_Pronation_anti_R,0.042417294229883,0.0458135460488609,0.0882308402787439,0.000940942330344617,0.00101147367469933,4.31294293719835,0.0929785002525888
4,JFXD,2,V3-L,LT_Pronation_anti_R,0.0750211313265807,0.0407666581867691,0.11578778951335,0.00114787195068473,0.00123566395403328,4.29988344958229,0.0916413017855038
4,JFXD,3,STS-L,LT_Pronation_anti_R,0.047047819733852,0.0758927015467572,0.122940521280609,0.00118163922425857,0.00127251057449381,4.29896112909183,0.0904391903772411
4,JFXD,4,IPL-L,LT_Pronation_anti_R,0.0665092565821688,0.0427088137732927,0.109218070355462,0.000987488188253567,0.00105688161385692,4.31326702306732,0.0907462680186701
4,JFXD,5,SPL-L,LT_Pronation_anti_R,0.0537038004457234,0.0305024545875801,0.0842062550333035,0.00083591727880965,0.000896125209956954,4.32411133385663,0.091344587368598
4,JFXD,6,AG-L,LT_Pronation_anti_R,0.0631768129247556,0.0348949216927029,0.0980717346174585,0.00102125044620867,0.00109678283556438,4.31036624535497,0.0914833214210512
4,JFXD,7,mIPS-L,LT_Pronation_anti_R,0.0684543295552735,0.0262235950382585,0.094677924593532,0.00090939758023999,0.00097295184873341,4.31943782827378,0.0914798944155857
4,JFXD,8,VIP-L,LT_Pronation_anti_R,0.0629686168569243,0.0503645059923355,0.11333312284926,0.000990881517221084,0.00105751423561123,4.31306099010351,0.0899274362562089
4,JFXD,9,SPOC-L,LT_Pronation_anti_R,0.0576950128706457,0.0533756776153948,0.111070690486041,0.00109728585186795,0.00117815298596906,4.30504938874864,0.0912209611573755
4,JFXD,10,S1-L,LT_Pronation_anti_R,0.0505015623714732,0.0404755906517844,0.0909771530232576,0.00101701629332077,0.00109980459643552,4.30887740186468,0.0920868190634007
4,JFXD,11,M1-L,LT_Pronation_anti_R,0.0399210914156657,0.0366457884169015,0.0765668798325672,0.000928319181799461,0.00100223893403459,4.31546381319976,0.0930453408712186
4,JFXD,12,SMA-L,LT_Pronation_anti_R,0.0500363077460512,0.105295899769156,0.155332207515207,0.00127295452323602,0.0013723181579823,4.29675124092258,0.0886132494805824
4,JFXD,13,PMd-L,LT_Pronation_anti_R,0.0370690360794855,0.0508700125742147,0.0879390486537002,0.000974103232717761,0.00105333300120351,4.31252710742383,0.0915155229115389
4,JFXD,14,PMv-L,LT_Pronation_anti_R,0.122884699611818,0.201077679016788,0.323962378628606,0.00176542916979578,0.00188530910570327,4.26366945283544,0.0770045813201455
4,JFXD,15,FEF-L,LT_Pronation_anti_R,0.110257735834769,0.135807444957824,0.246065180792593,0.00152506581842276,0.0016358441211326,4.28013211171157,0.0844396484567655
4,JFXD,16,POJ-L,LT_Pronation_anti_R,0.0581190355793096,0.0280023750908645,0.0861214106701741,0.000970487213833398,0.00104382248072679,4.31391986256094,0.092355125122647
4,JFXD,17,V1-R,LT_Pronation_anti_R,0.0622685794060349,0.0288813288692164,0.0911499082752513,0.000968669439570805,0.00104766216410707,4.31037795681033,0.0926301871538612
4,JFXD,18,V3-R,LT_Pronation_anti_R,0.0162629652914238,0.026237685237892,0.0425006505293158,0.000583975615459389,0.000626019013690078,4.34144399433559,0.0944812722521183
4,JFXD,19,STS-R,LT_Pronation_anti_R,0.0859341193196592,0.0555511242565455,0.141485243576205,0.00121716533085316,0.00131148387613101,4.29334025580329,0.0889066547850929
4,JFXD,20,IPL-R,LT_Pronation_anti_R,0.0592795835071986,0.0366719562519113,0.09595153975911,0.00100169684664311,0.00107972988494951,4.30924467321537,0.0917960778283192
4,JFXD,21,SPL-R,LT_Pronation_anti_R,0.0209709308053221,0.0237713148406314,0.0447422456459535,0.00062241860624179,0.000667784677087781,4.33812031381304,0.0938385989810166
4,JFXD,22,AG-R,LT_Pronation_anti_R,0.0189080682059115,0.0305160494275126,0.0494241176334241,0.000686638314158438,0.000741815536949101,4.33198771818845,0.0943830638968616
4,JFXD,23,mIPS-R,LT_Pronation_anti_R,0.0104081018240713,0.0256455938618305,0.0360536956859018,0.000512897694623293,0.000551119685509231,4.34674648094486,0.094580065961774
4,JFXD,24,VIP-R,LT_Pronation_anti_R,0.0388710101540545,0.049062058489323,0.0879330686433775,0.000914027370569736,0.000981522093572736,4.31630248584684,0.09212953888456
4,JFXD,25,SPOC-R,LT_Pronation_anti_R,0.0294137581451182,0.0352343910840549,0.0646481492291732,0.000781212945103433,0.000842529381365399,4.32481055501679,0.0935462327217056
4,JFXD,26,S1-R,LT_Pronation_anti_R,0.0643305137526181,0.0538178806955359,0.118148394448154,0.00113136963596735,0.00121580392719094,4.30146492796041,0.0899402132844483
4,JFXD,27,M1-R,LT_Pronation_anti_R,0.0866638858372149,0.0399547978921595,0.126618683729374,0.00102205697916502,0.00110187008251837,4.30789116046401,0.0911468240451768
4,JFXD,28,SMA-R,LT_Pronation_anti_R,0.0460167304464659,0.102003984567522,0.148020715013988,0.00127995781386733,0.00138243632630838,4.29547527687135,0.0897001875368717
4,JFXD,29,PMd-R,LT_Pronation_anti_R,0.0600348316421277,0.0529717893618029,0.113006621003931,0.000894163088661683,0.000957007066908832,4.31830706630615,0.090591695482664
4,JFXD,30,PMv-R,LT_Pronation_anti_R,0.054112877665203,0.112024745328866,0.166137622994069,0.00138581862431687,0.00148379478984959,4.286332320119,0.0858536121652093
4,JFXD,31,FEF-R,LT_Pronation_anti_R,0.0688497413536309,0.0541415495729146,0.122991290926545,0.00133384817686092,0.00144849098195029,4.28832012063803,0.0910954339754753
4,JFXD,32,POJ-R,LT_Pronation_anti_R,0.0323043604538635,0.0352096862770942,0.0675140467309577,0.000821363849605664,0.000888663276331132,4.32051201802471,0.0933192954297825
5,JZ,1,V1-L,LT_Pronation_anti_R,0.0640160725625023,0.0701142740760346,0.134130346638537,0.00106514610219958,0.00115522730643029,4.44591043617227,0.103638218603416
5,JZ,2,V3-L,LT_Pronation_anti_R,0.0700096001946857,0.0488485354398254,0.118858135634511,0.000998244667590021,0.00107462307627743,4.45080880678208,0.10555896001815
5,JZ,3,STS-L,LT_Pronation_anti_R,0.0700735251820731,0.0911407911511239,0.161214316333197,0.00151178418476364,0.00162399311858144,4.42239565200131,0.0998603146474539
5,JZ,4,IPL-L,LT_Pronation_anti_R,0.0227837968185876,0.137657235799169,0.160441032617756,0.00111105113644028,0.00119815529108633,4.44433784986201,0.103849651254585
5,JZ,5,SPL-L,LT_Pronation_anti_R,0.0320520688797769,0.0494657977875109,0.0815178666672878,0.000904110628318168,0.000974996091773944,4.45738540780851,0.107357296836869
5,JZ,6,AG-L,LT_Pronation_anti_R,0.0473700154686773,0.0400857426784801,0.0874557581471573,0.00104710577697774,0.00112971757260355,4.44904036582872,0.106970447136063
5,JZ,7,mIPS-L,LT_Pronation_anti_R,0.0484319569497937,0.0513736294374198,0.0998055863872135,0.00116335899011655,0.00125500702198362,4.44148474622614,0.106764591321635
5,JZ,8,VIP-L,LT_Pronation_anti_R,0.0407683836060657,0.0600352989827367,0.100803682588802,0.00100268583926626,0.00107813160203494,4.4518283450307,0.10584587333763
5,JZ,9,SPOC-L,LT_Pronation_anti_R,0.0553708804185989,0.104616612939305,0.159987493357904,0.0015289156001938,0.00164650119244938,4.42148252802753,0.103128498268048
5,JZ,10,S1-L,LT_Pronation_anti_R,0.117238563933591,0.0777954877822495,0.195034051715841,0.00131420786968487,0.00141398489575209,4.4307158878581,0.100161718278625
5,JZ,11,M1-L,LT_Pronation_anti_R,0.104533866439765,0.0724948558015773,0.177028722241342,0.0014687958791134,0.00157567355263055,4.42489455233195,0.0988569508970207
5,JZ,12,SMA-L,LT_Pronation_anti_R,0.0686488105925515,0.0487300440920714,0.117378854684623,0.00126804968386631,0.00136554649403769,4.43590618629752,0.105309828098739
5,JZ,13,PMd-L,LT_Pronation_anti_R,0.102218949180083,0.0943158551215956,0.196534804301679,0.00148856451361517,0.00159997891980558,4.4234904872905,0.099755194586921
5,JZ,14,PMv-L,LT_Pronation_anti_R,0.0687799117382618,0.0286987363392344,0.0974786480774962,0.0010853146093003,0.00117633642849891,4.44573524137072,0.107443989601588
5,JZ,15,FEF-L,LT_Pronation_anti_R,0.0687112601898568,0.0501030593741129,0.11881431956397,0.00117680780674089,0.00126750227848627,4.44116026831735,0.105106339757344
5,JZ,16,POJ-L,LT_Pronation_anti_R,0.0394690699721199,0.0741725290418579,0.113641599013978,0.0012492327854506,0.00135007894839964,4.4372082631033,0.106613374846709
5,JZ,17,V1-R,LT_Pronation_anti_R,0.0805088346812375,0.0397218257021662,0.120230660383404,0.00107874635571353,0.00116273902589046,4.44739637129142,0.105034599189511
5,JZ,18,V3-R,LT_Pronation_anti_R,0.0373051451180289,0.051497243275151,0.0888023883931798,0.000965974258266364,0.0010428831245347,4.45339650562084,0.107334067090067
5,JZ,19,STS-R,LT_Pronation_anti_R,0.0876269478824615,0.0404996003589286,0.12812654824139,0.00118880639664106,0.00128274857234574,4.43946237771752,0.10513539662469
5,JZ,20,IPL-R,LT_Pronation_anti_R,0.0522002265478936,0.0634460577133259,0.11564628426122,0.00131862074256195,0.00142849196766901,4.43244902027683,0.107326696039062
5,JZ,21,SPL-R,LT_Pronation_anti_R,0.0651585010173335,0.0757155147898602,0.140874015807194,0.0013479827228907,0.00145458972935877,4.43117184173814,0.104650609091845
5,JZ,22,AG-R,LT_Pronation_anti_R,0.0808613589820163,0.0570734077814339,0.13793476676345,0.00131874923268262,0.00142043837475243,4.43341162180179,0.102457254026331
5,JZ,23,mIPS-R,LT_Pronation_anti_R,0.0536259346756938,0.0506224546269044,0.104248389302598,0.00116993853114174,0.00126322277686371,4.44096635044446,0.106926676396824
5,JZ,24,VIP-R,LT_Pronation_anti_R,0.0521731290760157,0.0639328404887702,0.116105969564786,0.00128782422109372,0.00139480585310539,4.43447175138492,0.10691827904511
5,JZ,25,SPOC-R,LT_Pronation_anti_R,0.0592813241171618,0.0645092018333366,0.123790525950498,0.00125029767798264,0.00134447642456779,4.43672160224135,0.105887679991215
5,JZ,26,S1-R,LT_Pronation_anti_R,0.0957645745533289,0.0643156353138317,0.160080209867161,0.00128201614045186,0.00137399574459275,4.43459731074221,0.103457643294718
5,JZ,27,M1-R,LT_Pronation_anti_R,0.065791075870003,0.054720340084866,0.120511415954869,0.00112502161240706,0.00120945285620359,4.44309699223964,0.104769141355376
5,JZ,28,SMA-R,LT_Pronation_anti_R,0.0509288557601115,0.0402803997660031,0.0912092555261146,0.00105585034384889,0.00113469569514081,4.44775596139577,0.10700054332295
5,JZ,29,PMd-R,LT_Pronation_anti_R,0.0389113741669351,0.0770546916545604,0.115966065821495,0.00119841307311174,0.00128939084897854,4.44056691310834,0.105708873663441
5,JZ,30,PMv-R,LT_Pronation_anti_R,0.0579985876221003,0.0500932610506583,0.108091848672759,0.00101076636323527,0.00108920845482563,4.45107218719361,0.105945094497759
5,JZ,31,FEF-R,LT_Pronation_anti_R,0.0629141779062975,0.0488987236254376,0.111812901531735,0.00116174307916576,0.00125397232964428,4.44226892976131,0.106684406115707
5,JZ,32,POJ-R,LT_Pronation_anti_R,0.0559123956481143,0.0754094918421846,0.131321887490299,0.00130886580643805,0.00141306992473092,4.43346745656761,0.10562799118601
6,LT,1,V1-L,LT_Pronation_anti_R,0.0330341015005272,0.0533542599218374,0.0863883614223645,0.00100648663366059,0.00109171596880271,4.37877201697068,0.0923306764862174
6,LT,2,V3-L,LT_Pronation_anti_R,0.0336292251931722,0.0753569219036116,0.108986147096784,0.00105545343897154,0.0011406251402674,4.37548491596695,0.0916102860846118
6,LT,3,STS-L,LT_Pronation_anti_R,0.0975375404370301,0.0252750491183272,0.122812589555357,0.001048445256886,0.00112979821322899,4.37727824968644,0.0909089457029674
6,LT,4,IPL-L,LT_Pronation_anti_R,0.0329023145091721,0.103163924704085,0.136066239213257,0.00111534494470136,0.00120696632995097,4.37254361305548,0.0906012708738789
6,LT,5,SPL-L,LT_Pronation_anti_R,0.0481238204212508,0.0779298914149541,0.126053711836205,0.00124935365731547,0.00135243190962393,4.36471648312429,0.090690150256251
6,LT,6,AG-L,LT_Pronation_anti_R,0.0612935349792303,0.0919963843495931,0.153289919328823,0.0013452611211783,0.00145164010610258,4.36015236331152,0.0896823830424835
6,LT,7,mIPS-L,LT_Pronation_anti_R,0.0506262260487127,0.0505921174001385,0.101218343448851,0.00108119276534431,0.00116457376298824,4.37560881172008,0.0909380694216023
6,LT,8,VIP-L,LT_Pronation_anti_R,0.0504260996568354,0.0932609038865556,0.143687003543391,0.00122320172226633,0.00132117875398081,4.3666897939481,0.0901620045461077
6,LT,9,SPOC-L,LT_Pronation_anti_R,0.0344206350087426,0.0470958191742398,0.0815164541829824,0.000955689526080118,0.00103646571805682,4.3809872080861,0.0925596402393647
6,LT,10,S1-L,LT_Pronation_anti_R,0.0735673613728011,0.0928153470638671,0.166382708436668,0.00122616691722942,0.001321104922085,4.36668916856299,0.0881228056300525
6,LT,11,M1-L,LT_Pronation_anti_R,0.0861478214376534,0.0529343827397638,0.139082204177417,0.00106647726103825,0.0011504933866826,4.37743775493773,0.0900891436260491
6,LT,12,SMA-L,LT_Pronation_anti_R,0.0780061810074018,0.0322372898753376,0.110243470882739,0.000967872552734459,0.00104492329363084,4.38244182223492,0.0912118812762413
6,LT,13,PMd-L,LT_Pronation_anti_R,0.053575775312236,0.0764857186008552,0.130061493913091,0.00118442991149494,0.00128361914136566,4.36674824108774,0.0885608731284275
6,LT,14,PMv-L,LT_Pronation_anti_R,0.055044166651468,0.0357282899418567,0.0907724565933247,0.00102635148013388,0.00110829152350885,4.37852255054774,0.0921706689383906
6,LT,15,FEF-L,LT_Pronation_anti_R,0.119211220670831,0.0409189643301972,0.160130185001028,0.00137821462923326,0.00149636982357713,4.355926488799,0.0901996465896268
6,LT,16,POJ-L,LT_Pronation_anti_R,0.0477134878618977,0.0440545510443668,0.0917680389062645,0.00106557114310441,0.00115439410814753,4.3758194075211,0.0923378689429425
6,LT,17,V1-R,LT_Pronation_anti_R,0.048742604919593,0.0680749476995427,0.116817552619136,0.00104046476814777,0.00111548878731002,4.37716037074113,0.0899278905190547
6,LT,18,V3-R,LT_Pronation_anti_R,0.0388775610017831,0.0500395996530661,0.0889171606548492,0.00102682426732041,0.0011164798998578,4.37721163329202,0.0919545867396246
6,LT,19,STS-R,LT_Pronation_anti_R,0.0364791924244685,0.0481456498489415,0.0846248422734101,0.00105948040383535,0.00114762427150545,4.37569155191598,0.0928885419362543
6,LT,20,IPL-R,LT_Pronation_anti_R,0.0625724169512663,0.03428050463072,0.0968529215819863,0.000967524721491803,0.00104233399247221,4.38230520389425,0.0914521678918824
6,LT,21,SPL-R,LT_Pronation_anti_R,0.0396619617841831,0.0560463016787716,0.0957082634629547,0.00107313151465482,0.0011609510206564,4.37557697303008,0.0927159915912959
6,LT,22,AG-R,LT_Pronation_anti_R,0.123175506129541,0.0664451984453322,0.189620704574873,0.00152456973496167,0.00164626532695591,4.3468485840976,0.0862961035617788
6,LT,23,mIPS-R,LT_Pronation_anti_R,0.0431841964688567,0.0795446784261411,0.122728874894998,0.00110529816351247,0.00119770541540742,4.37271580831689,0.0905814722058159
6,LT,24,VIP-R,LT_Pronation_anti_R,0.0527144100849131,0.0468206737178993,0.0995350838028124,0.00103044916563448,0.00111196671922513,4.3772352130299,0.0916115105375765
6,LT,25,SPOC-R,LT_Pronation_anti_R,0.0564932951306578,0.0510592700020914,0.107552565132749,0.00114387123453666,0.00124168161955323,4.36964678523832,0.0904151569061235
6,LT,26,S1-R,LT_Pronation_anti_R,0.0645649035581035,0.0355977746493331,0.100162678207437,0.000997629238262823,0.00107082096927914,4.38000229633113,0.0910626068958835
6,LT,27,M1-R,LT_Pronation_anti_R,0.0501291293229048,0.0527608439175581,0.102889973240463,0.00102280693434463,0.00110065729749319,4.37853130772058,0.0910151171829879
6,LT,28,SMA-R,LT_Pronation_anti_R,0.0644842788504672,0.0394435206842341,0.103927799534701,0.00104156173884137,0.00112414861935963,4.37705322112101,0.0913556458777378
6,LT,29,PMd-R,LT_Pronation_anti_R,0.0422147286145652,0.0706121814737287,0.112826910088294,0.00104465630149567,0.00112736895061566,4.37564034346621,0.089407516941941
6,LT,30,PMv-R,LT_Pronation_anti_R,0.0387865932903686,0.0431481546120844,0.081934747902453,0.000862812171368354,0.000934520808008887,4.38818675911958,0.091976706661375
6,LT,31,FEF-R,LT_Pronation_anti_R,0.0402310363072887,0.0332955173029643,0.073526553610253,0.000903211370408306,0.000980221353127223,4.38551908820478,0.0928645407384328
6,LT,32,POJ-R,LT_Pronation_anti_R,0.0538843941857441,0.0429410888816721,0.0968254830674162,0.000919795317220658,0.00098683007681613,4.38598429048514,0.0906870765406702
7,NvA,1,V1-L,LT_Pronation_anti_R,0.0501415363152621,0.0473412611978273,0.0974827975130894,0.00124183139877624,0.00133429592815745,4.60502112933859,0.128465052650306
7,NvA,2,V3-L,LT_Pronation_anti_R,0.0833055163344854,0.0865110900603466,0.169816606394832,0.00162868830031547,0.00174465627286423,4.58293936091616,0.12361670028911
7,NvA,3,STS-L,LT_Pronation_anti_R,0.0736914808669359,0.0536285899614157,0.127320070828352,0.00146609444441797,0.0015758693896144,4.58934026712881,0.127173903896581
7,NvA,4,IPL-L,LT_Pronation_anti_R,0.0461267361627341,0.144445606380008,0.190572342542742,0.00162598259181645,0.00174377194086493,4.58313629417823,0.125130055708737
7,NvA,5,SPL-L,LT_Pronation_anti_R,0.0859061576645486,0.0931681131316119,0.179074270796161,0.00173081273366462,0.00185355092858436,4.57975141589637,0.124511353571711
7,NvA,6,AG-L,LT_Pronation_anti_R,0.0867427188435378,0.0589211148828124,0.14566383372635,0.00151329110707763,0.00162382235334747,4.58920360544548,0.126552316256793
7,NvA,7,mIPS-L,LT_Pronation_anti_R,0.0997803796954125,0.0871046383291283,0.186885018024541,0.00172778862494339,0.00185358002080095,4.57694729598335,0.124754118754448
7,NvA,8,VIP-L,LT_Pronation_anti_R,0.126261581531712,0.051838206937684,0.178099788469396,0.00165233324129071,0.00177345855523002,4.58101161836414,0.126024084312443
7,NvA,9,SPOC-L,LT_Pronation_anti_R,0.119161735068888,0.112593420443396,0.231755155512284,0.00203109423557948,0.00217238073349571,4.5642704892255,0.119856345597209
7,NvA,10,S1-L,LT_Pronation_anti_R,0.0529239448744852,0.0806238446957646,0.13354778957025,0.00133153766981801,0.00142845076657623,4.59878425399591,0.127189719472714
7,NvA,11,M1-L,LT_Pronation_anti_R,0.0451978591413429,0.0820539432759415,0.127251802417284,0.00131215462070157,0.00140670256201298,4.59843529773739,0.127421662110272
7,NvA,12,SMA-L,LT_Pronation_anti_R,0.0497474863175173,0.0964558930073605,0.146203379324878,0.00162603780786486,0.00174347298194367,4.58220729880043,0.126962914737487
7,NvA,13,PMd-L,LT_Pronation_anti_R,0.065940824226192,0.0586917008333353,0.124632525059527,0.00143158189720695,0.00153851735219304,4.59159504229003,0.128397588199674
7,NvA,14,PMv-L,LT_Pronation_anti_R,0.0763322932851927,0.0223428555329077,0.0986751488181003,0.00109882295834435,0.00117698309472928,4.60992424485723,0.128540215813623
7,NvA,15,FEF-L,LT_Pronation_anti_R,0.0489827873232293,0.048354589211589,0.0973373765348182,0.00123064456283969,0.00131967582525567,4.60275624542908,0.129282756062405
7,NvA,16,POJ-L,LT_Pronation_anti_R,0.087264041904617,0.0692238574539238,0.156487899358541,0.00158405945138167,0.0016981211223093,4.58554697455703,0.124684016773222
7,NvA,17,V1-R,LT_Pronation_anti_R,0.0455805723155698,0.0427762416363911,0.0883568139519609,0.00115420413647382,0.00124329836371773,4.60670444980145,0.128883570466971
7,NvA,18,V3-R,LT_Pronation_anti_R,0.0563508462579633,0.0795503539820842,0.135901200240048,0.00134179078862528,0.00143941526154428,4.59904318655748,0.125581428383739
7,NvA,19,STS-R,LT_Pronation_anti_R,0.0778451099339096,0.0523889777202313,0.130234087654141,0.00136394439814092,0.00146564884234889,4.59545992274823,0.126033915426931
7,NvA,20,IPL-R,LT_Pronation_anti_R,0.0528134912403326,0.112202851201204,0.165016342441537,0.00148187963700825,0.00159304004263672,4.59096330086936,0.125165664271221
7,NvA,21,SPL-R,LT_Pronation_anti_R,0.130692632454542,0.0728228192363237,0.203515451690865,0.00171721433434683,0.00183970018463436,4.57942086911222,0.12136972712758
7,NvA,22,AG-R,LT_Pronation_anti_R,0.0495832995525066,0.124982074356714,0.17456537390922,0.00143549914096319,0.00153760443514616,4.5927105089706,0.121931101052582
7,NvA,23,mIPS-R,LT_Pronation_anti_R,0.104073129857155,0.077925517055216,0.181998646912371,0.00182237258689866,0.00195924125987621,4.57418086331504,0.124942529383458
7,NvA,24,VIP-R,LT_Pronation_anti_R,0.0567631863808168,0.111434030674733,0.16819721705555,0.00154159768382914,0.00165589628163986,4.58825249796956,0.125184354826417
7,NvA,25,SPOC-R,LT_Pronation_anti_R,0.194545897716521,0.115971757088152,0.310517654804673,0.00241888957625277,0.00260318289178442,4.54902588315794,0.118921922032365
7,NvA,26,S1-R,LT_Pronation_anti_R,0.0859356579742781,0.0797505679238346,0.165686225898113,0.00161227947789205,0.00172732618103233,4.58432883840585,0.124521010186866
7,NvA,27,M1-R,LT_Pronation_anti_R,0.140182764898652,0.0505039810330273,0.190686745931679,0.00151795829409367,0.0016267724646415,4.58736761542758,0.124684732295435
7,NvA,28,SMA-R,LT_Pronation_anti_R,0.0626444275254092,0.0618872305450919,0.124531658070501,0.00136637713713784,0.00146287204856412,4.5954599330307,0.12785158609645
7,NvA,29,PMd-R,LT_Pronation_anti_R,0.0301832946198765,0.10684626053036,0.137029555150236,0.00116046853834345,0.00124383790599636,4.60534042530506,0.127704902349022
7,NvA,30,PMv-R,LT_Pronation_anti_R,0.0326008161474712,0.0677643954007114,0.100365211548183,0.0011913186687714,0.00127962982134632,4.60452008297779,0.128788892218261
7,NvA,31,FEF-R,LT_Pronation_anti_R,0.0483835612594342,0.0476548312679657,0.0960383925273999,0.00107602457680035,0.00115153135629948,4.61149681449585,0.129131020995234
7,NvA,32,POJ-R,LT_Pronation_anti_R,0.104621187145549,0.0725463398489864,0.177167526994535,0.00156570467612466,0.00167914082550551,4.58818585594946,0.122399363149564
8,RR,1,V1-L,LT_Pronation_anti_R,0.114031551375809,0.0445779770154117,0.158609528391221,0.00135749221773269,0.00148473183017097,4.6223455537198,0.151142453011213
8,RR,2,V3-L,LT_Pronation_anti_R,0.0818871955345888,0.121113488740515,0.203000684275104,0.00158235728335936,0.00172425744113415,4.61342429277548,0.147569199020655
8,RR,3,STS-L,LT_Pronation_anti_R,0.0486834500151315,0.0950647844170475,0.143748234432179,0.00144915998929037,0.001591305505283,4.61833274775245,0.152269041254017
8,RR,4,IPL-L,LT_Pronation_anti_R,0.0815554451576255,0.0681917326296838,0.149747177787309,0.00167012031389076,0.0018366917251914,4.60720510436709,0.154323623435134
8,RR,5,SPL-L,LT_Pronation_anti_R,0.0558515172922792,0.107311376899151,0.16316289419143,0.00143244671756205,0.00155703310011856,4.61991897738521,0.151931407204612
8,RR,6,AG-L,LT_Pronation_anti_R,0.0790525014389083,0.088346692234529,0.167399193673437,0.00147799408244725,0.00160753494537175,4.61708702253901,0.153345346010375
8,RR,7,mIPS-L,LT_Pronation_anti_R,0.0785844353280473,0.0494568266288546,0.128041261956902,0.0013479315395236,0.00147092834842393,4.62564032909873,0.152225273149805
8,RR,8,VIP-L,LT_Pronation_anti_R,0.120908870935431,0.0364229817135356,0.157331852648966,0.00148733465967394,0.00162965124348523,4.61673356278056,0.154327819485755
8,RR,9,SPOC-L,LT_Pronation_anti_R,0.0755619266945827,0.0936428218055242,0.169204748500107,0.00165835696649729,0.00182606084477318,4.60865663595454,0.152923324626586
8,RR,10,S1-L,LT_Pronation_anti_R,0.0624643943859708,0.0826159350959481,0.145080329481919,0.00141145376660577,0.00154437858095204,4.61978727490537,0.153883947489424
8,RR,11,M1-L,LT_Pronation_anti_R,0.0917254980596746,0.0537183799508111,0.145443878010486,0.00122271361274828,0.00132961650777887,4.62977675526321,0.152272753654959
8,RR,12,SMA-L,LT_Pronation_anti_R,0.0724373733197053,0.0781063431943787,0.150543716514084,0.00151208572315307,0.0016556946600179,4.61514831270429,0.152152283784842
8,RR,13,PMd-L,LT_Pronation_anti_R,0.0830287858308375,0.119916190136655,0.202944975967492,0.00153571295418377,0.00165831093530426,4.61210638862565,0.14927721573823
8,RR,14,PMv-L,LT_Pronation_anti_R,0.0526602142490882,0.0263910210816046,0.0790512353306928,0.000969469769129539,0.00105475079624312,4.64492623902511,0.157170715683216
8,RR,15,FEF-L,LT_Pronation_anti_R,0.038823179025838,0.0410798035231373,0.0799029825489753,0.00112641901312189,0.00123240760318823,4.63578175449382,0.156923749181301
8,RR,16,POJ-L,LT_Pronation_anti_R,0.0684743985549226,0.0945299780627004,0.163004376617623,0.00149487501420418,0.00163062991382265,4.61632016301113,0.152986860780179
8,RR,17,V1-R,LT_Pronation_anti_R,0.0566903000577811,0.101651189390688,0.158341489448469,0.00149743615925993,0.00164774772925894,4.61812317481623,0.151820170345532
8,RR,18,V3-R,LT_Pronation_anti_R,0.119268869798575,0.0900572220613269,0.209326091859902,0.00179011591454869,0.00196215944697474,4.60218251029544,0.149082737791491
8,RR,19,STS-R,LT_Pronation_anti_R,0.0767771870218252,0.0545917410043349,0.13136892802616,0.00133511177658683,0.00147193113986214,4.62492628805531,0.15384311363457
8,RR,20,IPL-R,LT_Pronation_anti_R,0.153601621712245,0.0743182883756328,0.227919910087878,0.00178673857116609,0.00195918785596731,4.60322911922295,0.14837192710527
8,RR,21,SPL-R,LT_Pronation_anti_R,0.0844914915211656,0.149629803481546,0.234121295002711,0.00168932437710114,0.00185457710220617,4.60579912620128,0.146850913158869
8,RR,22,AG-R,LT_Pronation_anti_R,0.0899564838106124,0.194972348094473,0.284928831905085,0.00212663441092696,0.00231086095206967,4.58620169880889,0.14546811255088
8,RR,23,mIPS-R,LT_Pronation_anti_R,0.0608921338199133,0.0877998664612452,0.148692000281158,0.00142989462044162,0.00156944588633988,4.62107226957546,0.151374959152089
8,RR,24,VIP-R,LT_Pronation_anti_R,0.181347483444137,0.11297415383503,0.294321637279167,0.00228025856373464,0.00251340056438329,4.58197451215583,0.144842509200739
8,RR,25,SPOC-R,LT_Pronation_anti_R,0.123237773968541,0.18103168979434,0.304269463762881,0.00216859127128597,0.00237390823337692,4.58523441948309,0.139653124321498
8,RR,26,S1-R,LT_Pronation_anti_R,0.134010393195801,0.0961715166147667,0.230181909810568,0.00173506476398568,0.00188142270876448,4.60446519606154,0.14295037744796
8,RR,27,M1-R,LT_Pronation_anti_R,0.104742292797089,0.0626739306831395,0.167416223480229,0.00160826141609519,0.00175602291062354,4.61041393829359,0.150035759418343
8,RR,28,SMA-R,LT_Pronation_anti_R,0.0612895806184851,0.0684752795337666,0.129764860152252,0.00141180197410149,0.00154762243845633,4.61932995331366,0.153832853882125
8,RR,29,PMd-R,LT_Pronation_anti_R,0.0531405206409375,0.0885819650608177,0.141722485701755,0.00145743030618869,0.00159478498709514,4.61820807291803,0.153286244342928
8,RR,30,PMv-R,LT_Pronation_anti_R,0.0628777295360552,0.0391157586783417,0.101993488214397,0.00119462937458292,0.00131417230929765,4.63261697896293,0.155060345334594
8,RR,31,FEF-R,LT_Pronation_anti_R,0.0536045149651218,0.0553902185357393,0.108994733500861,0.00110694145705727,0.00121589042130044,4.63670208857424,0.154189562647254
8,RR,32,POJ-R,LT_Pronation_anti_R,0.143323637157386,0.107061446529437,0.250385083686823,0.0018357377897611,0.00200978178637095,4.60066783727066,0.145088170256075
9,SJB,1,V1-L,LT_Pronation_anti_R,0.0706609272411774,0.134747262446482,0.20540818968766,0.00206017008078078,0.00223226980250285,4.76491312224028,0.16399611899899
9,SJB,2,V3-L,LT_Pronation_anti_R,0.109372514625385,0.224514480759212,0.333886995384597,0.00256373735530969,0.00276394406423095,4.7431051302459,0.158326484852886
9,SJB,3,STS-L,LT_Pronation_anti_R,0.124290830596833,0.0787791295630645,0.203069960159897,0.00194300884581148,0.00210663163557833,4.77092202098752,0.165217138182879
9,SJB,4,IPL-L,LT_Pronation_anti_R,0.116839694469618,0.08835266500401,0.205192359473628,0.00195691102750614,0.00212099135364194,4.76981818793897,0.165013905887269
9,SJB,5,SPL-L,LT_Pronation_anti_R,0.0567410068750009,0.113307904661988,0.170048911536989,0.00176431163829101,0.0018979471073051,4.77975256908323,0.166480843322972
9,SJB,6,AG-L,LT_Pronation_anti_R,0.132559402861851,0.0697809227609018,0.202340325622753,0.00205897938208027,0.00222344706108926,4.76838456255995,0.1665389886483
9,SJB,7,mIPS-L,LT_Pronation_anti_R,0.0486931382068197,0.127899554396885,0.176592692603705,0.0018233082800345,0.00196177957226446,4.77803399306301,0.165006485729406
9,SJB,8,VIP-L,LT_Pronation_anti_R,0.093325236401997,0.102561402859541,0.195886639261538,0.00191159425553926,0.00206571454895938,4.77205744764014,0.165239911958667
9,SJB,9,SPOC-L,LT_Pronation_anti_R,0.0941314343937248,0.129109108673085,0.22324054306681,0.00217763231466685,0.00235493369640103,4.76321029287968,0.163780151512138
9,SJB,10,S1-L,LT_Pronation_anti_R,0.155981306350942,0.0827230376497377,0.23870434400068,0.00205448116203252,0.00223142827039795,4.76541409077582,0.163979957742523
9,SJB,11,M1-L,LT_Pronation_anti_R,0.100250719468347,0.145194895872855,0.245445615341203,0.00206646985458067,0.00223421550332639,4.76517449779541,0.16349145123019
9,SJB,12,SMA-L,LT_Pronation_anti_R,0.0570134823810932,0.0855852286462322,0.142598711027325,0.00131042914134571,0.00142051884036966,4.79822238373875,0.16699995723623
9,SJB,13,PMd-L,LT_Pronation_anti_R,0.0877920192955007,0.0912515644995523,0.179043583795053,0.00165235363293704,0.00179396186268527,4.78146307127985,0.164672166635207
9,SJB,14,PMv-L,LT_Pronation_anti_R,0.048310957395533,0.03987423058064,0.088185187976173,0.00106985948795577,0.00115337626535715,4.81414071806107,0.169520552307438
9,SJB,15,FEF-L,LT_Pronation_anti_R,0.10889177689116,0.0890360282991438,0.197927805190304,0.00206934194973544,0.00224906833642793,4.76494959967465,0.165440355446702
9,SJB,16,POJ-L,LT_Pronation_anti_R,0.0908945252998008,0.140858815530951,0.231753340830752,0.0022440514619959,0.00243535265062095,4.75856817864962,0.164017004758289
9,SJB,17,V1-R,LT_Pronation_anti_R,0.0932363724973074,0.0695427869999448,0.162779159497252,0.00179948988082058,0.00195203628243946,4.77795966735138,0.167512275646969
9,SJB,18,V3-R,LT_Pronation_anti_R,0.112805986265726,0.0546020127999286,0.167407999065654,0.00187943880397147,0.00203601343407606,4.77473019315603,0.167375974515386
9,SJB,19,STS-R,LT_Pronation_anti_R,0.0651211353107375,0.0671344382453462,0.132255573556084,0.00173738295379248,0.00189158188298288,4.77979491193954,0.169563224370436
9,SJB,20,IPL-R,LT_Pronation_anti_R,0.121092199533563,0.0524317077484644,0.173523907282028,0.00172432525839329,0.00187838948279199,4.77898190732732,0.165008222174377
9,SJB,21,SPL-R,LT_Pronation_anti_R,0.175325721986518,0.185439752038812,0.36076547402533,0.00296528747810941,0.00322332457975846,4.73107274582765,0.15560991069938
9,SJB,22,AG-R,LT_Pronation_anti_R,0.113336669951855,0.117873675005178,0.231210344957033,0.00209919863729503,0.0022697352979112,4.76532002034737,0.161960930971068
9,SJB,23,mIPS-R,LT_Pronation_anti_R,0.0869330313957837,0.0802064823373677,0.167139513733151,0.00173930244122375,0.0018731292949032,4.78252225855781,0.165487981574507
9,SJB,24,VIP-R,LT_Pronation_anti_R,0.146749213994059,0.0552201843829972,0.201969398377056,0.00169416012729961,0.00182620738383059,4.78189755473318,0.163382453430566
9,SJB,25,SPOC-R,LT_Pronation_anti_R,0.102007694653737,0.129938649559417,0.231946344213155,0.00222056974668457,0.00239619950080641,4.76323027430221,0.163970390933481
9,SJB,26,S1-R,LT_Pronation_anti_R,0.0965546302902565,0.138099809674504,0.234654439964761,0.00199429988350253,0.00215766389014828,4.76601803056687,0.161279341353877
9,SJB,27,M1-R,LT_Pronation_anti_R,0.192953050125281,0.175548659455501,0.368501709580782,0.00290899319201193,0.00315004624359602,4.73262181490446,0.153987797195709
9,SJB,28,SMA-R,LT_Pronation_anti_R,0.0844412415285998,0.0506261653594985,0.135067406888098,0.00136832384105683,0.00148802867219757,4.79591150732898,0.168064753855229
9,SJB,29,PMd-R,LT_Pronation_anti_R,0.0607322231442414,0.100204452621581,0.160936675765823,0.00161716948555015,0.00175290657176048,4.78496265631889,0.165279360143622
9,SJB,30,PMv-R,LT_Pronation_anti_R,0.0569982249875872,0.0568017098821604,0.113799934869748,0.00122857961375246,0.00132387458924796,4.8035338037225,0.167641642190361
9,SJB,31,FEF-R,LT_Pronation_anti_R,0.0856323927227073,0.035664524261622,0.121296916984329,0.00136938126489872,0.00149875687657869,4.79442549516376,0.168902758924439
9,SJB,32,POJ-R,LT_Pronation_anti_R,0.139357128564644,0.116114647130783,0.255471775695427,0.00212717089207021,0.00228966269041629,4.76485013941598,0.161881243778543
NaN,,NaN,,,NaN,NaN,NaN,NaN,NaN,NaN,NaN
NaN,,NaN,,,NaN,NaN,NaN,NaN,NaN,NaN,NaN
NaN,,NaN,,,NaN,NaN,NaN,NaN,NaN,NaN,NaN
NaN,,NaN,,,NaN,NaN,NaN,NaN,NaN,NaN,NaN
NaN,,NaN,,,NaN,NaN,NaN,NaN,NaN,NaN,NaN
NaN,,NaN,,,NaN,NaN,NaN,NaN,NaN,NaN,NaN
NaN,,NaN,,,NaN,NaN,NaN,NaN,NaN,NaN,NaN
NaN,,NaN,,,NaN,NaN,NaN,NaN,NaN,NaN,NaN
NaN,,NaN,,,NaN,NaN,NaN,NaN,NaN,NaN,NaN
NaN,,NaN,,,NaN,NaN,NaN,NaN,NaN,NaN,NaN
NaN,,NaN,,,NaN,NaN,NaN,NaN,NaN,NaN,NaN
NaN,,NaN,,,NaN,NaN,NaN,NaN,NaN,NaN,NaN
NaN,,NaN,,,NaN,NaN,NaN,NaN,NaN,NaN,NaN
NaN,,NaN,,,NaN,NaN,NaN,NaN,NaN,NaN,NaN
NaN,,NaN,,,NaN,NaN,NaN,NaN,NaN,NaN,NaN
NaN,,NaN,,,NaN,NaN,NaN,NaN,NaN,NaN,NaN
NaN,,NaN,,,NaN,NaN,NaN,NaN,NaN,NaN,NaN
NaN,,NaN,,,NaN,NaN,NaN,NaN,NaN,NaN,NaN
NaN,,NaN,,,NaN,NaN,NaN,NaN,NaN,NaN,NaN
NaN,,NaN,,,NaN,NaN,NaN,NaN,NaN,NaN,NaN
NaN,,NaN,,,NaN,NaN,NaN,NaN,NaN,NaN,NaN
NaN,,NaN,,,NaN,NaN,NaN,NaN,NaN,NaN,NaN
NaN,,NaN,,,NaN,NaN,NaN,NaN,NaN,NaN,NaN
NaN,,NaN,,,NaN,NaN,NaN,NaN,NaN,NaN,NaN
NaN,,NaN,,,NaN,NaN,NaN,NaN,NaN,NaN,NaN
NaN,,NaN,,,NaN,NaN,NaN,NaN,NaN,NaN,NaN
NaN,,NaN,,,NaN,NaN,NaN,NaN,NaN,NaN,NaN
NaN,,NaN,,,NaN,NaN,NaN,NaN,NaN,NaN,NaN
NaN,,NaN,,,NaN,NaN,NaN,NaN,NaN,NaN,NaN
NaN,,NaN,,,NaN,NaN,NaN,NaN,NaN,NaN,NaN
NaN,,NaN,,,NaN,NaN,NaN,NaN,NaN,NaN,NaN
NaN,,NaN,,,NaN,NaN,NaN,NaN,NaN,NaN,NaN
NaN,,NaN,,,NaN,NaN,NaN,NaN,NaN,NaN,NaN
NaN,,NaN,,,NaN,NaN,NaN,NaN,NaN,NaN,NaN
NaN,,NaN,,,NaN,NaN,NaN,NaN,NaN,NaN,NaN
NaN,,NaN,,,NaN,NaN,NaN,NaN,NaN,NaN,NaN
NaN,,NaN,,,NaN,NaN,NaN,NaN,NaN,NaN,NaN
NaN,,NaN,,,NaN,NaN,NaN,NaN,NaN,NaN,NaN
NaN,,NaN,,,NaN,NaN,NaN,NaN,NaN,NaN,NaN
NaN,,NaN,,,NaN,NaN,NaN,NaN,NaN,NaN,NaN
NaN,,NaN,,,NaN,NaN,NaN,NaN,NaN,NaN,NaN
NaN,,NaN,,,NaN,NaN,NaN,NaN,NaN,NaN,NaN
NaN,,NaN,,,NaN,NaN,NaN,NaN,NaN,NaN,NaN
NaN,,NaN,,,NaN,NaN,NaN,NaN,NaN,NaN,NaN
NaN,,NaN,,,NaN,NaN,NaN,NaN,NaN,NaN,NaN
NaN,,NaN,,,NaN,NaN,NaN,NaN,NaN,NaN,NaN
NaN,,NaN,,,NaN,NaN,NaN,NaN,NaN,NaN,NaN
NaN,,NaN,,,NaN,NaN,NaN,NaN,NaN,NaN,NaN
NaN,,NaN,,,NaN,NaN,NaN,NaN,NaN,NaN,NaN
NaN,,NaN,,,NaN,NaN,NaN,NaN,NaN,NaN,NaN
NaN,,NaN,,,NaN,NaN,NaN,NaN,NaN,NaN,NaN
NaN,,NaN,,,NaN,NaN,NaN,NaN,NaN,NaN,NaN
NaN,,NaN,,,NaN,NaN,NaN,NaN,NaN,NaN,NaN
NaN,,NaN,,,NaN,NaN,NaN,NaN,NaN,NaN,NaN
NaN,,NaN,,,NaN,NaN,NaN,NaN,NaN,NaN,NaN
NaN,,NaN,,,NaN,NaN,NaN,NaN,NaN,NaN,NaN
NaN,,NaN,,,NaN,NaN,NaN,NaN,NaN,NaN,NaN
NaN,,NaN,,,NaN,NaN,NaN,NaN,NaN,NaN,NaN
NaN,,NaN,,,NaN,NaN,NaN,NaN,NaN,NaN,NaN
NaN,,NaN,,,NaN,NaN,NaN,NaN,NaN,NaN,NaN
NaN,,NaN,,,NaN,NaN,NaN,NaN,NaN,NaN,NaN
NaN,,NaN,,,NaN,NaN,NaN,NaN,NaN,NaN,NaN
NaN,,NaN,,,NaN,NaN,NaN,NaN,NaN,NaN,NaN
NaN,,NaN,,,NaN,NaN,NaN,NaN,NaN,NaN,NaN
NaN,,NaN,,,NaN,NaN,NaN,NaN,NaN,NaN,NaN
NaN,,NaN,,,NaN,NaN,NaN,NaN,NaN,NaN,NaN
NaN,,NaN,,,NaN,NaN,NaN,NaN,NaN,NaN,NaN
NaN,,NaN,,,NaN,NaN,NaN,NaN,NaN,NaN,NaN
NaN,,NaN,,,NaN,NaN,NaN,NaN,NaN,NaN,NaN
NaN,,NaN,,,NaN,NaN,NaN,NaN,NaN,NaN,NaN
NaN,,NaN,,,NaN,NaN,NaN,NaN,NaN,NaN,NaN
NaN,,NaN,,,NaN,NaN,NaN,NaN,NaN,NaN,NaN
NaN,,NaN,,,NaN,NaN,NaN,NaN,NaN,NaN,NaN
NaN,,NaN,,,NaN,NaN,NaN,NaN,NaN,NaN,NaN
NaN,,NaN,,,NaN,NaN,NaN,NaN,NaN,NaN,NaN
NaN,,NaN,,,NaN,NaN,NaN,NaN,NaN,NaN,NaN
NaN,,NaN,,,NaN,NaN,NaN,NaN,NaN,NaN,NaN
NaN,,NaN,,,NaN,NaN,NaN,NaN,NaN,NaN,NaN
NaN,,NaN,,,NaN,NaN,NaN,NaN,NaN,NaN,NaN
NaN,,NaN,,,NaN,NaN,NaN,NaN,NaN,NaN,NaN
NaN,,NaN,,,NaN,NaN,NaN,NaN,NaN,NaN,NaN
NaN,,NaN,,,NaN,NaN,NaN,NaN,NaN,NaN,NaN
NaN,,NaN,,,NaN,NaN,NaN,NaN,NaN,NaN,NaN
NaN,,NaN,,,NaN,NaN,NaN,NaN,NaN,NaN,NaN
NaN,,NaN,,,NaN,NaN,NaN,NaN,NaN,NaN,NaN
NaN,,NaN,,,NaN,NaN,NaN,NaN,NaN,NaN,NaN
NaN,,NaN,,,NaN,NaN,NaN,NaN,NaN,NaN,NaN
NaN,,NaN,,,NaN,NaN,NaN,NaN,NaN,NaN,NaN
NaN,,NaN,,,NaN,NaN,NaN,NaN,NaN,NaN,NaN
NaN,,NaN,,,NaN,NaN,NaN,NaN,NaN,NaN,NaN
NaN,,NaN,,,NaN,NaN,NaN,NaN,NaN,NaN,NaN
NaN,,NaN,,,NaN,NaN,NaN,NaN,NaN,NaN,NaN
NaN,,NaN,,,NaN,NaN,NaN,NaN,NaN,NaN,NaN
NaN,,NaN,,,NaN,NaN,NaN,NaN,NaN,NaN,NaN
NaN,,NaN,,,NaN,NaN,NaN,NaN,NaN,NaN,NaN
NaN,,NaN,,,NaN,NaN,NaN,NaN,NaN,NaN,NaN
NaN,,NaN,,,NaN,NaN,NaN,NaN,NaN,NaN,NaN
NaN,,NaN,,,NaN,NaN,NaN,NaN,NaN,NaN,NaN
NaN,,NaN,,,NaN,NaN,NaN,NaN,NaN,NaN,NaN
NaN,,NaN,,,NaN,NaN,NaN,NaN,NaN,NaN,NaN
NaN,,NaN,,,NaN,NaN,NaN,NaN,NaN,NaN,NaN
NaN,,NaN,,,NaN,NaN,NaN,NaN,NaN,NaN,NaN
NaN,,NaN,,,NaN,NaN,NaN,NaN,NaN,NaN,NaN
NaN,,NaN,,,NaN,NaN,NaN,NaN,NaN,NaN,NaN
NaN,,NaN,,,NaN,NaN,NaN,NaN,NaN,NaN,NaN
NaN,,NaN,,,NaN,NaN,NaN,NaN,NaN,NaN,NaN
NaN,,NaN,,,NaN,NaN,NaN,NaN,NaN,NaN,NaN
NaN,,NaN,,,NaN,NaN,NaN,NaN,NaN,NaN,NaN
NaN,,NaN,,,NaN,NaN,NaN,NaN,NaN,NaN,NaN
NaN,,NaN,,,NaN,NaN,NaN,NaN,NaN,NaN,NaN
NaN,,NaN,,,NaN,NaN,NaN,NaN,NaN,NaN,NaN
NaN,,NaN,,,NaN,NaN,NaN,NaN,NaN,NaN,NaN
NaN,,NaN,,,NaN,NaN,NaN,NaN,NaN,NaN,NaN
NaN,,NaN,,,NaN,NaN,NaN,NaN,NaN,NaN,NaN
NaN,,NaN,,,NaN,NaN,NaN,NaN,NaN,NaN,NaN
NaN,,NaN,,,NaN,NaN,NaN,NaN,NaN,NaN,NaN
NaN,,NaN,,,NaN,NaN,NaN,NaN,NaN,NaN,NaN
NaN,,NaN,,,NaN,NaN,NaN,NaN,NaN,NaN,NaN
NaN,,NaN,,,NaN,NaN,NaN,NaN,NaN,NaN,NaN
NaN,,NaN,,,NaN,NaN,NaN,NaN,NaN,NaN,NaN
NaN,,NaN,,,NaN,NaN,NaN,NaN,NaN,NaN,NaN
NaN,,NaN,,,NaN,NaN,NaN,NaN,NaN,NaN,NaN
NaN,,NaN,,,NaN,NaN,NaN,NaN,NaN,NaN,NaN
NaN,,NaN,,,NaN,NaN,NaN,NaN,NaN,NaN,NaN
NaN,,NaN,,,NaN,NaN,NaN,NaN,NaN,NaN,NaN
NaN,,NaN,,,NaN,NaN,NaN,NaN,NaN,NaN,NaN
NaN,,NaN,,,NaN,NaN,NaN,NaN,NaN,NaN,NaN
NaN,,NaN,,,NaN,NaN,NaN,NaN,NaN,NaN,NaN
