Subject_id,Subject,Region_id,Region,Condition,Strength_in,Strength_out,Strength,Clust_coef,Efficiency,Route_efficiency_log,Route_efficiency_inv
1,DOC,1,V1-L,RT_Pronation_pro_L,0.056964860681621,0.0270219552862046,0.0839868159678256,0.00114944698259923,0.00121601939554103,4.5934239115496,0.104099517427676
1,DOC,2,V3-L,RT_Pronation_pro_L,0.0847319553761823,0.0472912528612076,0.13202320823739,0.00142976305251261,0.00150753478775291,4.57822325202897,0.100766332438527
1,DOC,3,STS-L,RT_Pronation_pro_L,0.0288572371208285,0.0461014002203545,0.0749586373411829,0.0010286162912113,0.00108272082167997,4.60208046058702,0.103580283242917
1,DOC,4,IPL-L,RT_Pronation_pro_L,0.128503495461166,0.068686086991345,0.197189582452511,0.00184657137073161,0.00194739439802429,4.55994953232964,0.09977896311473
1,DOC,5,SPL-L,RT_Pronation_pro_L,0.0640408458423844,0.0416059244255613,0.105646770267946,0.00126208621565132,0.00133261807579781,4.58844433087373,0.102579919506596
1,DOC,6,AG-L,RT_Pronation_pro_L,0.0775296367049935,0.0308804447801413,0.108410081485135,0.00127430627323146,0.00134186853780551,4.58802066600872,0.103052822194135
1,DOC,7,mIPS-L,RT_Pronation_pro_L,0.0810857379628898,0.0771010343204429,0.158186772283333,0.00171437014537693,0.00180945701453498,4.56513088449578,0.100215479945273
1,DOC,8,VIP-L,RT_Pronation_pro_L,0.175330875796878,0.058126840655633,0.233457716452511,0.00196342048442139,0.00206831719113136,4.55440617304819,0.0980918434806445
1,DOC,9,SPOC-L,RT_Pronation_pro_L,0.0697244219415464,0.0886766070807519,0.158401029022298,0.00159092347956365,0.00167737842264528,4.56970086767549,0.100359799218907
1,DOC,10,S1-L,RT_Pronation_pro_L,0.0999276199058631,0.128571767850389,0.228499387756252,0.00205472569735861,0.00216807522346929,4.55043228446679,0.0984960956714994
1,DOC,11,M1-L,RT_Pronation_pro_L,0.0580696746272654,0.162693636937443,0.220763311564709,0.00179133847473659,0.00188009316868945,4.56257016813793,0.0981328769405242
1,DOC,12,SMA-L,RT_Pronation_pro_L,0.0341562995724385,0.0672302595788347,0.101386559151273,0.00131238159273359,0.00138655607380282,4.58509946139447,0.103523446104442
1,DOC,13,PMd-L,RT_Pronation_pro_L,0.0454581879324823,0.0931933655515744,0.138651553484057,0.00156736616058954,0.00165765480050528,4.57242060756258,0.102077508104719
1,DOC,14,PMv-L,RT_Pronation_pro_L,0.0487790267374436,0.0996820399232201,0.148461066660664,0.00156939843574548,0.00165633694770397,4.57244320552381,0.100633869905736
1,DOC,15,FEF-L,RT_Pronation_pro_L,0.0878525552049169,0.0512967996121461,0.139149354817063,0.00144872830436078,0.00153114463877318,4.57702081829063,0.101087928685046
1,DOC,16,POJ-L,RT_Pronation_pro_L,0.0500193266055323,0.0575000249738463,0.107519351579379,0.00124529105671945,0.00131634820649184,4.58764312265184,0.102683306286513
1,DOC,17,V1-R,RT_Pronation_pro_L,0.0554136563107032,0.0517689898262176,0.107182646136921,0.00117175173016654,0.00123087048515485,4.59367417664083,0.101244838042097
1,DOC,18,V3-R,RT_Pronation_pro_L,0.0520667516372859,0.0542219244367668,0.106288676074053,0.00130909129538398,0.00138213381064959,4.58562290165272,0.103073336081853
1,DOC,19,STS-R,RT_Pronation_pro_L,0.0881248264234717,0.0513421322124977,0.139466958635969,0.001602310363918,0.00169353522838923,4.56974940254993,0.102067248603736
1,DOC,20,IPL-R,RT_Pronation_pro_L,0.0606388622348336,0.0561654490146747,0.116804311249508,0.00134487105204547,0.00142195721415442,4.58258657729112,0.10267851796822
1,DOC,21,SPL-R,RT_Pronation_pro_L,0.0751436317880667,0.0588717374856029,0.13401536927367,0.00158117798690156,0.0016645343345048,4.57229000751896,0.102452975154187
1,DOC,22,AG-R,RT_Pronation_pro_L,0.0691478169153569,0.0483959540972466,0.117543771012604,0.0015020681195041,0.001584690500538,4.57619269712121,0.103102852584135
1,DOC,23,mIPS-R,RT_Pronation_pro_L,0.0767255056669214,0.0615674355099521,0.138292941176874,0.00157077300743221,0.00165326632750587,4.57278839614774,0.10174096623621
1,DOC,24,VIP-R,RT_Pronation_pro_L,0.0675436508425834,0.0647183576601442,0.132262008502728,0.00140484523431505,0.00147606121230773,4.58065901870899,0.100553192902754
1,DOC,25,SPOC-R,RT_Pronation_pro_L,0.0276898862866288,0.0744059131236912,0.10209579941032,0.00121719102428313,0.00128340682281061,4.59017932479229,0.103012533247221
1,DOC,26,S1-R,RT_Pronation_pro_L,0.0821491069400389,0.0843787361785311,0.16652784311857,0.00180529267557807,0.0019048467867029,4.5611374240156,0.0992587873943262
1,DOC,27,M1-R,RT_Pronation_pro_L,0.108105840138508,0.0954784388114056,0.203584278949914,0.00192233379860291,0.00202690486664653,4.55418091870438,0.0965053458129859
1,DOC,28,SMA-R,RT_Pronation_pro_L,0.0433076733646832,0.0621420548044845,0.105449728169168,0.00122051387550825,0.00128654501425636,4.58908225069282,0.101858202535852
1,DOC,29,PMd-R,RT_Pronation_pro_L,0.0604698023233679,0.0875800410651163,0.148049843388484,0.0015200740826779,0.00160550247472969,4.57351846596904,0.10069329658271
1,DOC,30,PMv-R,RT_Pronation_pro_L,0.0347454747553164,0.059106064216237,0.0938515389715534,0.00116135133553357,0.00122877073374281,4.59236934218359,0.103167291093683
1,DOC,31,FEF-R,RT_Pronation_pro_L,0.0522172276139488,0.0451186052789678,0.0973358328929166,0.00112843595743848,0.00119343151941729,4.59470309068527,0.102766370111092
1,DOC,32,POJ-R,RT_Pronation_pro_L,0.050060832135199,0.0936610280807145,0.143721860215914,0.00158722652987983,0.00166983249292799,4.5723393643336,0.101957171817453
2,GB,1,V1-L,RT_Pronation_pro_L,0.129208884982641,0.0700292737268179,0.199238158709458,0.00166181201546345,0.00181104179396017,4.6658746483902,0.144018286772898
2,GB,2,V3-L,RT_Pronation_pro_L,0.107849621536352,0.0932299704531854,0.201079591989538,0.00175352380915439,0.00190097708898616,4.66235014196757,0.141223044992803
2,GB,3,STS-L,RT_Pronation_pro_L,0.0567446999701741,0.0794704807995508,0.136215180769725,0.00153986909336465,0.00168263968184713,4.67143385957169,0.148349175907949
2,GB,4,IPL-L,RT_Pronation_pro_L,0.116063786367212,0.0903936940599058,0.206457480427118,0.00167995095952386,0.00183033494572267,4.66348250792671,0.142082374849662
2,GB,5,SPL-L,RT_Pronation_pro_L,0.125699689131635,0.0616572981805641,0.187356987312199,0.00182319639893731,0.00198032928182319,4.65829609989034,0.144475632952634
2,GB,6,AG-L,RT_Pronation_pro_L,0.0857213485788723,0.0398607051178893,0.125582053696762,0.00139473742598029,0.00152930774634852,4.68006731708117,0.14761475601006
2,GB,7,mIPS-L,RT_Pronation_pro_L,0.0986335635801648,0.102572128412443,0.201205691992608,0.00195559581446338,0.00213591754573574,4.65318912559537,0.144471102782226
2,GB,8,VIP-L,RT_Pronation_pro_L,0.102297470673431,0.148572361892719,0.25086983256615,0.00201237633990215,0.00220062292320923,4.64750220120947,0.140414930034847
2,GB,9,SPOC-L,RT_Pronation_pro_L,0.121326654682353,0.195304174173475,0.316630828855829,0.00224049001771312,0.0024427560181239,4.6402250181981,0.136657057956323
2,GB,10,S1-L,RT_Pronation_pro_L,0.0649465057011278,0.0564402485390334,0.121386754240161,0.00139912882941926,0.00152106868043456,4.67990873907422,0.148564293539411
2,GB,11,M1-L,RT_Pronation_pro_L,0.056080752358683,0.092202155339047,0.14828290769773,0.00162039860983695,0.00176467624276167,4.66764381620117,0.147513048777869
2,GB,12,SMA-L,RT_Pronation_pro_L,0.0722866822735477,0.0827463723132856,0.155033054586833,0.00165741775909691,0.00182191666696171,4.66410789990295,0.147665942293791
2,GB,13,PMd-L,RT_Pronation_pro_L,0.0546142806270945,0.0785449650185824,0.133159245645677,0.00132608881834664,0.00143855420882964,4.68247074484224,0.14756603845498
2,GB,14,PMv-L,RT_Pronation_pro_L,0.0699482630373745,0.0893155222800311,0.159263785317406,0.00147895676413796,0.00161523713423727,4.67251665313587,0.145266836634815
2,GB,15,FEF-L,RT_Pronation_pro_L,0.0657988967865907,0.0755032310951183,0.141302127881709,0.00138536340485804,0.00150157224067606,4.67792413375034,0.147245327715083
2,GB,16,POJ-L,RT_Pronation_pro_L,0.101176308857171,0.173336575863287,0.274512884720458,0.00197423872303261,0.00214509160188468,4.65187354736546,0.138366257364076
2,GB,17,V1-R,RT_Pronation_pro_L,0.0795798368247973,0.0381231088661236,0.117702945690921,0.00136120660229185,0.00148097029069027,4.68080758500706,0.148549412212686
2,GB,18,V3-R,RT_Pronation_pro_L,0.160006258804523,0.0553881310872429,0.215394389891766,0.00169106437160974,0.00183714338338418,4.66639017653992,0.141996714592002
2,GB,19,STS-R,RT_Pronation_pro_L,0.0603242299594522,0.0545230626940696,0.114847292653522,0.00136784975715673,0.00149365002614755,4.67883953404326,0.148945045523463
2,GB,20,IPL-R,RT_Pronation_pro_L,0.0736545611112807,0.0694829723196775,0.143137533430958,0.00157061403306436,0.00170763145776297,4.67053279714209,0.145911643281298
2,GB,21,SPL-R,RT_Pronation_pro_L,0.104030278560371,0.119529927962769,0.223560206523139,0.00201392776164875,0.00220081476000844,4.64786446814304,0.140046789590387
2,GB,22,AG-R,RT_Pronation_pro_L,0.0457338918491046,0.0779395958355728,0.123673487684677,0.00137513179891926,0.00150620972530944,4.6793742977177,0.148254880510786
2,GB,23,mIPS-R,RT_Pronation_pro_L,0.0637073284257314,0.0646491190073268,0.128356447433058,0.00150226668047798,0.0016395706757716,4.67412021272129,0.147276012094686
2,GB,24,VIP-R,RT_Pronation_pro_L,0.0405044936941711,0.064828929758511,0.105333423452682,0.00122327924064445,0.00133669998527844,4.68812259100964,0.147655177886484
2,GB,25,SPOC-R,RT_Pronation_pro_L,0.0924311300622563,0.14019636237345,0.232627492435706,0.00199585850327877,0.00217809376846189,4.65223810751973,0.140680512985705
2,GB,26,S1-R,RT_Pronation_pro_L,0.151971235097521,0.0403242344973363,0.192295469594858,0.0013542064363826,0.00145736217190039,4.67848036318052,0.143376853580732
2,GB,27,M1-R,RT_Pronation_pro_L,0.0551541191141049,0.0602476429427481,0.115401762056853,0.00122595222521013,0.00133222162224832,4.68795474287017,0.147808753596602
2,GB,28,SMA-R,RT_Pronation_pro_L,0.0477242202792345,0.125758261608882,0.173482481888117,0.00170317929558955,0.00187229172990696,4.6626773129938,0.146976824925936
2,GB,29,PMd-R,RT_Pronation_pro_L,0.102257213772563,0.0885959425075317,0.190853156280095,0.00191409495525679,0.00209071449521022,4.65469995236469,0.145478510595876
2,GB,30,PMv-R,RT_Pronation_pro_L,0.0614509427147804,0.0703575145470994,0.13180845726188,0.00147557457897994,0.00160528506833161,4.67322404150541,0.147810717020347
2,GB,31,FEF-R,RT_Pronation_pro_L,0.0869092472930136,0.107238739711883,0.194147987004896,0.00195378732950658,0.00214027485940421,4.65299589928475,0.145623913391985
2,GB,32,POJ-R,RT_Pronation_pro_L,0.132573511571663,0.0800472052938341,0.212620716865497,0.00189165813375608,0.00206553755129988,4.65482363463232,0.143336866204285
3,JDC,1,V1-L,RT_Pronation_pro_L,0.109015375266823,0.122040738209867,0.231056113476689,0.00221180593277282,0.00240666116979143,4.77702444235253,0.154893990973588
3,JDC,2,V3-L,RT_Pronation_pro_L,0.0922529291618765,0.0934902699346325,0.185743199096509,0.00180448447247631,0.00195961498943521,4.79168104983171,0.154883665979011
3,JDC,3,STS-L,RT_Pronation_pro_L,0.0661715665697466,0.0402600522931721,0.106431618862919,0.00125457675536288,0.00136982779520998,4.81692992786254,0.159918290785542
3,JDC,4,IPL-L,RT_Pronation_pro_L,0.0714652634021585,0.112977938241416,0.184443201643574,0.0019084249378494,0.00206929131253348,4.78859887087459,0.157466801850949
3,JDC,5,SPL-L,RT_Pronation_pro_L,0.122632977604446,0.113750161140423,0.23638313874487,0.00228817218077328,0.00247464415606249,4.77360299291146,0.154329173322638
3,JDC,6,AG-L,RT_Pronation_pro_L,0.0673776074792116,0.0876602473940232,0.155037854873235,0.00167527730830402,0.00182479748453149,4.797321859705,0.157189333433593
3,JDC,7,mIPS-L,RT_Pronation_pro_L,0.0792358489456374,0.122354360318501,0.201590209264139,0.00218757803017846,0.00237906539948385,4.77847760389114,0.1580868374968
3,JDC,8,VIP-L,RT_Pronation_pro_L,0.074607501324065,0.104688734877585,0.17929623620165,0.0019426424309066,0.00211220874932907,4.78607866805811,0.157410529566712
3,JDC,9,SPOC-L,RT_Pronation_pro_L,0.0902632963784257,0.267238431032905,0.357501727411331,0.00246969887924853,0.00266115635794439,4.76829470402039,0.147503172734559
3,JDC,10,S1-L,RT_Pronation_pro_L,0.0773368589969153,0.0549444471945754,0.132281306191491,0.0014073090812881,0.00153362766682201,4.80899875812332,0.159961500245265
3,JDC,11,M1-L,RT_Pronation_pro_L,0.0476999074746703,0.0623330894017205,0.110032996876391,0.00129864412258158,0.00141158322756282,4.8150471135166,0.161077000081478
3,JDC,12,SMA-L,RT_Pronation_pro_L,0.0998729752386561,0.0676860794885823,0.167559054727238,0.00182400684750543,0.00198275214602976,4.79234375784254,0.157637062216314
3,JDC,13,PMd-L,RT_Pronation_pro_L,0.0854727229110195,0.0647490667927343,0.150221789703754,0.00165914136726984,0.00179680998029231,4.79781879265817,0.15964026996222
3,JDC,14,PMv-L,RT_Pronation_pro_L,0.0469829267798009,0.0753276680892612,0.122310594869062,0.00135102691844509,0.00146334668064615,4.81273358456486,0.160198203857921
3,JDC,15,FEF-L,RT_Pronation_pro_L,0.05824739224643,0.0596111874395328,0.117858579685963,0.00125314843302394,0.00135177493169097,4.81659017073856,0.159905022159452
3,JDC,16,POJ-L,RT_Pronation_pro_L,0.227706194667146,0.0896313748678802,0.317337569535026,0.00249778598567556,0.0027035951814224,4.76719106653906,0.150153703017208
3,JDC,17,V1-R,RT_Pronation_pro_L,0.0779911169853837,0.0937217891028342,0.171712906088218,0.00189279769859311,0.0020497057676713,4.7870055388934,0.159034930670915
3,JDC,18,V3-R,RT_Pronation_pro_L,0.093163858468265,0.102960575403513,0.196124433871778,0.00189783112056457,0.00205931211512883,4.78987296825579,0.156296560458543
3,JDC,19,STS-R,RT_Pronation_pro_L,0.0492786756656222,0.0812375994432291,0.130516275108851,0.00154997639836614,0.00168991776684016,4.80507715626473,0.15941644065698
3,JDC,20,IPL-R,RT_Pronation_pro_L,0.0884965893981708,0.113217571880084,0.201714161278254,0.0021599328477223,0.00234580129420191,4.78060657192214,0.157238126237951
3,JDC,21,SPL-R,RT_Pronation_pro_L,0.165693236214741,0.110326973131289,0.27602020934603,0.00252379380920885,0.00272873282218705,4.76877122135452,0.154945047159637
3,JDC,22,AG-R,RT_Pronation_pro_L,0.119776488448996,0.0714441277814947,0.191220616230491,0.00187348846143052,0.00203011764524576,4.78986749443274,0.155785916091562
3,JDC,23,mIPS-R,RT_Pronation_pro_L,0.189051518490769,0.0522242049610351,0.241275723451805,0.00218827912050474,0.0023673165265762,4.78056993710764,0.156596405747402
3,JDC,24,VIP-R,RT_Pronation_pro_L,0.110234225475793,0.125443540850791,0.235677766326584,0.00241839459918056,0.00262801035111921,4.77095319969038,0.156467110746419
3,JDC,25,SPOC-R,RT_Pronation_pro_L,0.115659924986975,0.198928823112645,0.31458874809962,0.00245305660627359,0.00264126752518245,4.76589374415482,0.149244171030241
3,JDC,26,S1-R,RT_Pronation_pro_L,0.111389559261835,0.114030608105266,0.225420167367101,0.00215810404878936,0.00233333193255321,4.77793585253301,0.154945053508308
3,JDC,27,M1-R,RT_Pronation_pro_L,0.0960938952552627,0.110884211603436,0.206978106858698,0.00204927545226963,0.00220967142758396,4.78210947270589,0.156461144961752
3,JDC,28,SMA-R,RT_Pronation_pro_L,0.0893082612218926,0.0914919532832871,0.18080021450518,0.00206230678464135,0.00224198846843872,4.78243225337986,0.158184568641912
3,JDC,29,PMd-R,RT_Pronation_pro_L,0.0835694845122739,0.0864966710582209,0.170066155570495,0.00191980330485252,0.00208841130801131,4.78690649758259,0.158485012664952
3,JDC,30,PMv-R,RT_Pronation_pro_L,0.0591173707323421,0.0962177548026309,0.155335125534973,0.00172052190554936,0.00186059665556816,4.798230036964,0.158982232462991
3,JDC,31,FEF-R,RT_Pronation_pro_L,0.0963063222786851,0.0650531065218451,0.16135942880053,0.00191454134754205,0.00208288474487619,4.78786750497476,0.159361793567685
3,JDC,32,POJ-R,RT_Pronation_pro_L,0.179595106580087,0.0886436206657122,0.2682387272458,0.00219931267139092,0.00238361015318779,4.77725680266368,0.1522917657895
4,JFXD,1,V1-L,RT_Pronation_pro_L,0.0477672209809019,0.0681312682077362,0.115898489188638,0.00143085277173076,0.0015031610956981,4.70901975502243,0.120032907218098
4,JFXD,2,V3-L,RT_Pronation_pro_L,0.054046219978697,0.0370477967478818,0.0910940167265788,0.00127137648042117,0.00134026043546538,4.71638032713091,0.122145214687033
4,JFXD,3,STS-L,RT_Pronation_pro_L,0.0474185988906323,0.0595436886085288,0.106962287499161,0.00132475434306938,0.00139519712766351,4.71524362229994,0.119521552782368
4,JFXD,4,IPL-L,RT_Pronation_pro_L,0.0301029987192327,0.0641749032000423,0.094277901919275,0.00118038370073269,0.00124053551890652,4.72316817408362,0.120758359233828
4,JFXD,5,SPL-L,RT_Pronation_pro_L,0.0848295683184681,0.0567560285405835,0.141585596859052,0.00171841125483182,0.00181612335374105,4.6945054408667,0.119589060503092
4,JFXD,6,AG-L,RT_Pronation_pro_L,0.0770363911152358,0.0681987964036791,0.145235187518915,0.00175057341765782,0.00184151926513362,4.69433592209462,0.119596857453829
4,JFXD,7,mIPS-L,RT_Pronation_pro_L,0.101404668581106,0.0560658053154745,0.157470473896581,0.0018790359664102,0.00198270364499483,4.68860642115181,0.119821674781123
4,JFXD,8,VIP-L,RT_Pronation_pro_L,0.027160089241459,0.0536640997179833,0.0808241889594423,0.0011307477675256,0.0011903726933313,4.72528586268916,0.121164934970726
4,JFXD,9,SPOC-L,RT_Pronation_pro_L,0.0578744628464846,0.0825781151840852,0.14045257803057,0.00168548698174871,0.00177948573630884,4.69637174031813,0.119866711840929
4,JFXD,10,S1-L,RT_Pronation_pro_L,0.0814207447250255,0.0646435026463213,0.146064247371347,0.00173541315269949,0.00183142514467426,4.69473471705481,0.119244266526549
4,JFXD,11,M1-L,RT_Pronation_pro_L,0.068580018991133,0.0604995006635554,0.129079519654688,0.00152585919745061,0.00160652459009831,4.70465523555669,0.119035011226621
4,JFXD,12,SMA-L,RT_Pronation_pro_L,0.110260791132371,0.0849627910723703,0.195223582204741,0.00212116329717578,0.00222875502412898,4.68010282989275,0.117366605949182
4,JFXD,13,PMd-L,RT_Pronation_pro_L,0.0829859544263101,0.0511987446734039,0.134184699099714,0.001559757472267,0.00163702445155984,4.70398372722716,0.118291365708326
4,JFXD,14,PMv-L,RT_Pronation_pro_L,0.164838116047221,0.13219480314138,0.297032919188601,0.00249962093096906,0.002618516308771,4.66039965492191,0.105869703217776
4,JFXD,15,FEF-L,RT_Pronation_pro_L,0.105867008404954,0.0979628491777476,0.203829857582701,0.00194295657200188,0.00204292600535641,4.68658991972023,0.114731834894214
4,JFXD,16,POJ-L,RT_Pronation_pro_L,0.0838783376102755,0.108859306221929,0.192737643832204,0.00202059354432268,0.00213727805410826,4.6813827960806,0.116696899096768
4,JFXD,17,V1-R,RT_Pronation_pro_L,0.0493570138928334,0.0452495611996045,0.0946065750924378,0.00127050761679317,0.00134141234572316,4.71634635632294,0.121522341892435
4,JFXD,18,V3-R,RT_Pronation_pro_L,0.043341244519901,0.0594369209540793,0.10277816547398,0.00129329469520004,0.00136235171713778,4.71557205440927,0.120573860452684
4,JFXD,19,STS-R,RT_Pronation_pro_L,0.129265949520799,0.0503692569191356,0.179635206439935,0.00169836696965363,0.00178881097954561,4.69621692192186,0.117348864394341
4,JFXD,20,IPL-R,RT_Pronation_pro_L,0.0594119897354341,0.0800354832628797,0.139447472998314,0.00161712278857447,0.00169510295450726,4.70265646164441,0.118572192815384
4,JFXD,21,SPL-R,RT_Pronation_pro_L,0.0514648578364184,0.0784548866853027,0.129919744521721,0.00162501943775585,0.0017118637238515,4.70053678128489,0.120747517045256
4,JFXD,22,AG-R,RT_Pronation_pro_L,0.068157792730043,0.112237129052637,0.18039492178268,0.00212166975126713,0.00223172733971384,4.67993356582,0.119304012161344
4,JFXD,23,mIPS-R,RT_Pronation_pro_L,0.0682426407400341,0.105788002922633,0.174030643662667,0.0019577946535339,0.00205996738244598,4.68627983964102,0.119149682480577
4,JFXD,24,VIP-R,RT_Pronation_pro_L,0.0492984585947306,0.0906509458791321,0.139949404473863,0.00162772224100638,0.00171230802705989,4.701054576862,0.119757927460032
4,JFXD,25,SPOC-R,RT_Pronation_pro_L,0.095451594126189,0.0757965665195837,0.171248160645773,0.00180768562524394,0.00189841010080786,4.69223081862281,0.116893333445069
4,JFXD,26,S1-R,RT_Pronation_pro_L,0.0644688965362356,0.0943524523961114,0.158821348932347,0.00184345128313455,0.00193834476901127,4.69127168684615,0.119010578796713
4,JFXD,27,M1-R,RT_Pronation_pro_L,0.0839169312089228,0.0856767968574299,0.169593728066353,0.00191876649606944,0.00201787829654727,4.68732700079402,0.118485711854518
4,JFXD,28,SMA-R,RT_Pronation_pro_L,0.112415912902389,0.0848819759213581,0.197297888823747,0.00213944023067714,0.00224881056486584,4.67913818453516,0.117380879477127
4,JFXD,29,PMd-R,RT_Pronation_pro_L,0.102839966848629,0.0945587493418099,0.197398716190439,0.00209829495476674,0.00220800711551457,4.67886882979736,0.116746506100769
4,JFXD,30,PMv-R,RT_Pronation_pro_L,0.117175701127569,0.106777867355718,0.223953568483286,0.00205250117234003,0.00215715299806733,4.68122055729312,0.114982281153015
4,JFXD,31,FEF-R,RT_Pronation_pro_L,0.125182601313817,0.0766069719071573,0.201789573220974,0.0019685395658431,0.002065623395882,4.68618613551073,0.116608852747283
4,JFXD,32,POJ-R,RT_Pronation_pro_L,0.0563309995454056,0.114438174491583,0.170769174036989,0.00183380803643169,0.00192833646003761,4.69125928677725,0.118639335897792
5,JZ,1,V1-L,RT_Pronation_pro_L,0.0587495906586531,0.0402003019352686,0.0989498925939218,0.00118019525837515,0.00127827988875627,4.66448662019085,0.137237289936622
5,JZ,2,V3-L,RT_Pronation_pro_L,0.0421759953085149,0.130793465474127,0.172969460782641,0.00171020355854409,0.00184848751365371,4.63812515409592,0.134492514741065
5,JZ,3,STS-L,RT_Pronation_pro_L,0.0823569342802286,0.0877901041586134,0.170147038438842,0.0016312287412038,0.00176118078368692,4.64222556638113,0.131267343906776
5,JZ,4,IPL-L,RT_Pronation_pro_L,0.0569153418173728,0.137426183155065,0.194341524972437,0.00152362814266126,0.00164205980843262,4.64527697850351,0.131168478557924
5,JZ,5,SPL-L,RT_Pronation_pro_L,0.0854248537537472,0.0641342678069223,0.149559121560669,0.00153791449675312,0.00166059826697171,4.6463671365942,0.135920545358319
5,JZ,6,AG-L,RT_Pronation_pro_L,0.0610423797554032,0.0635553497980921,0.124597729553495,0.00141524020080218,0.00153641217485395,4.65251417906709,0.136238647138994
5,JZ,7,mIPS-L,RT_Pronation_pro_L,0.0924122201545579,0.0705755808141644,0.162987800968722,0.00172470837949262,0.00186196191430157,4.63774975415923,0.135401657155684
5,JZ,8,VIP-L,RT_Pronation_pro_L,0.129193340781492,0.0474155123784085,0.1766088531599,0.00159937679336108,0.00172750914500616,4.64372499151308,0.134556388654039
5,JZ,9,SPOC-L,RT_Pronation_pro_L,0.069979904524039,0.105810601479476,0.175790506003514,0.00173213840963714,0.0018719004565587,4.63829867428416,0.133682692018642
5,JZ,10,S1-L,RT_Pronation_pro_L,0.109216818856244,0.12370152842041,0.232918347276654,0.00188217714436659,0.00203647271596694,4.62990183935979,0.131050769577534
5,JZ,11,M1-L,RT_Pronation_pro_L,0.0422622702309162,0.136717911530482,0.178980181761398,0.00165061226718801,0.001782759924734,4.64085497251371,0.134676042615593
5,JZ,12,SMA-L,RT_Pronation_pro_L,0.057348161312206,0.110087264725742,0.167435426037948,0.00171041256634217,0.00184776187309535,4.63866336663895,0.134298963943415
5,JZ,13,PMd-L,RT_Pronation_pro_L,0.127340167423272,0.0731335406737949,0.200473708097066,0.00193623156871861,0.00209051577310032,4.62799633391314,0.133082535472226
5,JZ,14,PMv-L,RT_Pronation_pro_L,0.0738851052041478,0.0498427219340298,0.123727827138178,0.0014095716315918,0.00152904557698426,4.65235283955974,0.136843301475308
5,JZ,15,FEF-L,RT_Pronation_pro_L,0.0694341111352334,0.0492151907530783,0.118649301888312,0.00140471717866442,0.00152051966989787,4.65334094493501,0.136832835076921
5,JZ,16,POJ-L,RT_Pronation_pro_L,0.0834336335458741,0.0875278528895772,0.170961486435451,0.00179757234899229,0.00194802687148866,4.63505610002195,0.133955339206121
5,JZ,17,V1-R,RT_Pronation_pro_L,0.0798563497234151,0.0490065803852775,0.128862930108693,0.00142383407742855,0.00153999682582199,4.65224979959547,0.135780030165119
5,JZ,18,V3-R,RT_Pronation_pro_L,0.057147971282832,0.0375105546434443,0.0946585259262763,0.00115257686611688,0.00125019299575802,4.66700279822661,0.137143928667977
5,JZ,19,STS-R,RT_Pronation_pro_L,0.0993263565106841,0.124473889918079,0.223800246428764,0.00199330373727894,0.00215532756870347,4.62337975650657,0.127590501173012
5,JZ,20,IPL-R,RT_Pronation_pro_L,0.0734262277314366,0.0693684058932722,0.142794633624709,0.00144452009257023,0.00156088880896932,4.65084346501106,0.134802226004952
5,JZ,21,SPL-R,RT_Pronation_pro_L,0.069698857571873,0.0847966137879272,0.1544954713598,0.00170455437540712,0.00185360042120074,4.63825507346322,0.135661936113043
5,JZ,22,AG-R,RT_Pronation_pro_L,0.115987106121061,0.0944580105688587,0.21044511668992,0.00182471295565552,0.00197048824766361,4.6325871968279,0.130736499277689
5,JZ,23,mIPS-R,RT_Pronation_pro_L,0.0951322797610192,0.109412225066951,0.20454450482797,0.00186921636099281,0.00201849821082579,4.63013200211969,0.130254420422636
5,JZ,24,VIP-R,RT_Pronation_pro_L,0.0855804472340555,0.0775152571205422,0.163095704354598,0.00154279733066256,0.00166788995989224,4.64627252416523,0.133539988643725
5,JZ,25,SPOC-R,RT_Pronation_pro_L,0.116636776199264,0.0699300607202985,0.186566836919562,0.0016449916368657,0.00177350015898239,4.64208068466733,0.132902270705409
5,JZ,26,S1-R,RT_Pronation_pro_L,0.0802837639989028,0.0846865982638842,0.164970362262787,0.00168661050950024,0.00183523137444164,4.63878811303658,0.133593430701687
5,JZ,27,M1-R,RT_Pronation_pro_L,0.0485073859839776,0.0579197284425789,0.106427114426556,0.00122437862435751,0.00133162235050554,4.66150214279549,0.136413323089413
5,JZ,28,SMA-R,RT_Pronation_pro_L,0.105128600604534,0.0754751519664873,0.180603752571022,0.0018005121770222,0.00194660161190553,4.63532228661107,0.134751856813433
5,JZ,29,PMd-R,RT_Pronation_pro_L,0.119981180442274,0.0713925181703028,0.191373698612577,0.00181941995961038,0.00196761449739639,4.63209988283977,0.132551400798159
5,JZ,30,PMv-R,RT_Pronation_pro_L,0.0610025209032711,0.0600447246022476,0.121047245505519,0.00139943570134275,0.00151155306772606,4.6540720739179,0.136397721035496
5,JZ,31,FEF-R,RT_Pronation_pro_L,0.052800574326017,0.0373379800557267,0.0901385543817438,0.000991504813846003,0.00107128556816626,4.67433750640005,0.135996000057199
5,JZ,32,POJ-R,RT_Pronation_pro_L,0.0800705700079466,0.100482119611336,0.180552689619283,0.00173998907922488,0.00187864467209468,4.63695775861279,0.133477240655109
6,LT,1,V1-L,RT_Pronation_pro_L,0.0262499275034731,0.0243212674956364,0.0505711949991096,0.000733035347567908,0.000781611461727089,4.46834300011986,0.0927103132426299
6,LT,2,V3-L,RT_Pronation_pro_L,0.0522388111141717,0.0590825911778961,0.111321402292068,0.00122361885047328,0.00130574622798457,4.43553910829284,0.0902189501215732
6,LT,3,STS-L,RT_Pronation_pro_L,0.0735234121360369,0.0712751394286135,0.14479855156465,0.00134951546616628,0.00143720971540117,4.42951759466733,0.0882695140268088
6,LT,4,IPL-L,RT_Pronation_pro_L,0.055638474879884,0.071059939018911,0.126698413898795,0.00115226081864666,0.00122926132354355,4.44226748867306,0.088977128274424
6,LT,5,SPL-L,RT_Pronation_pro_L,0.0974787532230183,0.0341828352166866,0.131661588439705,0.00141159967228917,0.00150944519842396,4.42591961251722,0.0900357475361807
6,LT,6,AG-L,RT_Pronation_pro_L,0.0506898777909868,0.0398413040796156,0.0905311818706024,0.00104903466105284,0.00111670139085896,4.44765293715412,0.0911299011553046
6,LT,7,mIPS-L,RT_Pronation_pro_L,0.0554958339288506,0.0393787512261862,0.0948745851550369,0.00119551164228176,0.00127553489332305,4.43821560633234,0.0912008905522589
6,LT,8,VIP-L,RT_Pronation_pro_L,0.0559210308145035,0.0741895021478567,0.13011053296236,0.00122564637383809,0.0013089255989812,4.43772130695111,0.0890108013110296
6,LT,9,SPOC-L,RT_Pronation_pro_L,0.072717721806322,0.0411121041629653,0.113829825969287,0.00124210873231838,0.00132723654656457,4.43545431305328,0.0898287915699267
6,LT,10,S1-L,RT_Pronation_pro_L,0.0772980318393826,0.056946636624876,0.134244668464259,0.00112551063057439,0.00120386773817251,4.44326399545435,0.0882178714771296
6,LT,11,M1-L,RT_Pronation_pro_L,0.0378366846588043,0.074006108720624,0.111842793379428,0.00116023183582194,0.00123682788561577,4.44102488444894,0.0901143994325486
6,LT,12,SMA-L,RT_Pronation_pro_L,0.0548575440903076,0.0864382847086611,0.141295828798969,0.0014207253215922,0.00152218382414462,4.42520132208315,0.0884124483510018
6,LT,13,PMd-L,RT_Pronation_pro_L,0.0386170748048064,0.0597592071179835,0.0983762819227899,0.00115654989925805,0.00124007097218479,4.44081462293032,0.090438263677319
6,LT,14,PMv-L,RT_Pronation_pro_L,0.0592500976171713,0.065005508082178,0.124255605699349,0.00129776596941088,0.00138275433027182,4.4328214372267,0.0894666854062223
6,LT,15,FEF-L,RT_Pronation_pro_L,0.0610045275104256,0.0523323056049381,0.113336833115364,0.0012071585320774,0.00128425145319813,4.43842225578478,0.0897224309588805
6,LT,16,POJ-L,RT_Pronation_pro_L,0.0544872551757698,0.0786373334464429,0.133124588622213,0.0014278159952149,0.00152263653337873,4.42611000747499,0.0891874731921389
6,LT,17,V1-R,RT_Pronation_pro_L,0.0567853463205028,0.0660207759128875,0.12280612223339,0.00121495369972734,0.0012962313330242,4.43610082980835,0.088488862029453
6,LT,18,V3-R,RT_Pronation_pro_L,0.0729038391795592,0.0594363360071151,0.132340175186674,0.00122295289410665,0.00129951332921071,4.43651109869043,0.0873163415626439
6,LT,19,STS-R,RT_Pronation_pro_L,0.0376813511450175,0.0557171267559374,0.0933984779009549,0.00111334425961465,0.00119222541131089,4.44324446807294,0.0909967215583507
6,LT,20,IPL-R,RT_Pronation_pro_L,0.0579866245026011,0.0485756153441195,0.106562239846721,0.00123948225904428,0.00132034529118716,4.43557109293662,0.0908129479773724
6,LT,21,SPL-R,RT_Pronation_pro_L,0.0560151341817494,0.0828619819603392,0.138877116142089,0.00138419468130873,0.00147069388169401,4.42795864376918,0.0894233064659715
6,LT,22,AG-R,RT_Pronation_pro_L,0.0519717497211451,0.0544302912693118,0.106402040990457,0.00114864316075095,0.00122452497476343,4.44171762922612,0.0900340729942679
6,LT,23,mIPS-R,RT_Pronation_pro_L,0.0674055359863489,0.050490155222001,0.11789569120835,0.00123410374181558,0.00131391195843104,4.43740937911052,0.0900227846793744
6,LT,24,VIP-R,RT_Pronation_pro_L,0.0437951974886404,0.0542062604502749,0.0980014579389152,0.00119711617529567,0.00127583278389332,4.43804409702808,0.0913041141763777
6,LT,25,SPOC-R,RT_Pronation_pro_L,0.0519377748429079,0.0655726427948328,0.117510417637741,0.00116823157856824,0.00123860701188328,4.43962479632066,0.0887777296745266
6,LT,26,S1-R,RT_Pronation_pro_L,0.0926237540034076,0.0570753116544761,0.149699065657884,0.00142066629060993,0.00150965183993955,4.42628925478405,0.0883949544896766
6,LT,27,M1-R,RT_Pronation_pro_L,0.0814226733789954,0.0390205173601751,0.120443190739171,0.0012022081583265,0.00127932718029078,4.43835462153151,0.090057465302443
6,LT,28,SMA-R,RT_Pronation_pro_L,0.0585548165060018,0.0987230850977115,0.157277901603713,0.00149469314024579,0.00160171878789738,4.42163050626419,0.0877460445277642
6,LT,29,PMd-R,RT_Pronation_pro_L,0.035620692286098,0.0442461835701433,0.0798668758562413,0.000922614556714147,0.000978739837215818,4.45551648333331,0.0909390317983921
6,LT,30,PMv-R,RT_Pronation_pro_L,0.0489792624930053,0.0315909660027296,0.0805702284957349,0.000970948317220157,0.00104449599861616,4.4508064938202,0.091592944370767
6,LT,31,FEF-R,RT_Pronation_pro_L,0.0333210117461396,0.0439410696051947,0.0772620813513343,0.000987036517828293,0.00105033008155984,4.45116533296363,0.0919694978706606
6,LT,32,POJ-R,RT_Pronation_pro_L,0.0548428791122,0.0456755645209141,0.100518443633114,0.00115321880015379,0.00122838534893839,4.44125239964487,0.0901416960470086
7,NvA,1,V1-L,RT_Pronation_pro_L,0.0514860472339193,0.0676486596863463,0.119134706920266,0.00147596459492225,0.00160709004567519,4.75962165070532,0.167942380252325
7,NvA,2,V3-L,RT_Pronation_pro_L,0.0755029994032668,0.0650045661632252,0.140507565566492,0.00152418331251304,0.0016605322533685,4.75452685103167,0.166717656836243
7,NvA,3,STS-L,RT_Pronation_pro_L,0.0723186279593815,0.0524726795664914,0.124791307525873,0.00141142300810333,0.00154059083404876,4.76052592719485,0.167052187334915
7,NvA,4,IPL-L,RT_Pronation_pro_L,0.0570283974635971,0.0628794542362804,0.119907851699877,0.00143606013768531,0.00156735859925671,4.75985593271872,0.168968454608977
7,NvA,5,SPL-L,RT_Pronation_pro_L,0.0739716570316812,0.146276197607251,0.220247854638932,0.00190352089767215,0.00207764953237824,4.73515566496242,0.16361091186648
7,NvA,6,AG-L,RT_Pronation_pro_L,0.10636132226791,0.104514993374917,0.210876315642827,0.00181590615658721,0.00196801807291696,4.74300469804396,0.159660530005155
7,NvA,7,mIPS-L,RT_Pronation_pro_L,0.0794528871339198,0.100777739278464,0.180230626412384,0.00180276361502755,0.00197247673856708,4.7408414699163,0.166129691377191
7,NvA,8,VIP-L,RT_Pronation_pro_L,0.107380756419492,0.0494364196828664,0.156817176102358,0.00165199891250587,0.00179900055008108,4.75039490115841,0.167539209081673
7,NvA,9,SPOC-L,RT_Pronation_pro_L,0.110665425761944,0.0880995267311987,0.198764952493143,0.00205937393740621,0.00224718516297095,4.73146389572447,0.164740826452465
7,NvA,10,S1-L,RT_Pronation_pro_L,0.0936563428117443,0.0823526638200362,0.17600900663178,0.00187883661411301,0.00204651608036624,4.73970839138883,0.165804832853691
7,NvA,11,M1-L,RT_Pronation_pro_L,0.105804973937314,0.0765375142963831,0.182342488233697,0.0018131339755201,0.00198421150082368,4.74033580703057,0.165571609950806
7,NvA,12,SMA-L,RT_Pronation_pro_L,0.0430736468733765,0.075553342663511,0.118626989536888,0.00141397667020641,0.00153738810325053,4.76127408509854,0.168726999310423
7,NvA,13,PMd-L,RT_Pronation_pro_L,0.0377380097901335,0.0798468964642394,0.117584906254373,0.00147058792621787,0.00160563012880801,4.75818550351523,0.169748085126961
7,NvA,14,PMv-L,RT_Pronation_pro_L,0.0661454628279146,0.0747779032491715,0.140923366077086,0.00163866077031262,0.00178285194223164,4.74842169577874,0.168813267585344
7,NvA,15,FEF-L,RT_Pronation_pro_L,0.0666323872533145,0.0652006137427965,0.131833000996111,0.00158811891272721,0.00173401003015365,4.75203726917749,0.168063643681767
7,NvA,16,POJ-L,RT_Pronation_pro_L,0.068851702803452,0.0721765149549791,0.141028217758431,0.00129419153535813,0.00140857697082904,4.76541618865695,0.165599111617602
7,NvA,17,V1-R,RT_Pronation_pro_L,0.100563980608409,0.0489424058406047,0.149506386449014,0.00160230750758572,0.00174587615653776,4.75353924186588,0.166604216794931
7,NvA,18,V3-R,RT_Pronation_pro_L,0.18731212034681,0.114704796162087,0.302016916508898,0.00258599702720666,0.00280263895763276,4.70988489939077,0.156035074126262
7,NvA,19,STS-R,RT_Pronation_pro_L,0.065843273005643,0.0758124771595211,0.141655750165164,0.00161788810975072,0.00176278514736989,4.75150524723601,0.167072406341296
7,NvA,20,IPL-R,RT_Pronation_pro_L,0.0705383845881266,0.158449326231108,0.228987710819234,0.00196482935829184,0.00213616408838883,4.73680880009442,0.164176028001024
7,NvA,21,SPL-R,RT_Pronation_pro_L,0.156137504334024,0.116372909961363,0.272510414295386,0.00215563993059465,0.00235577768098273,4.72592308268245,0.160712467734923
7,NvA,22,AG-R,RT_Pronation_pro_L,0.180274883458782,0.131327273363002,0.311602156821784,0.002449570779521,0.00265995718841503,4.71782746405145,0.158689753920594
7,NvA,23,mIPS-R,RT_Pronation_pro_L,0.116514906335032,0.0757974443629799,0.192312350698012,0.00185557603118836,0.00201814530878748,4.74042976612271,0.164224591253546
7,NvA,24,VIP-R,RT_Pronation_pro_L,0.0694305522157459,0.188686222365164,0.25811677458091,0.00205624676820741,0.0022396132379976,4.73197638459884,0.163036643839084
7,NvA,25,SPOC-R,RT_Pronation_pro_L,0.134640715005781,0.267552431732727,0.402193146738508,0.00271045673821338,0.00294721753752941,4.70397539963399,0.15101596525585
7,NvA,26,S1-R,RT_Pronation_pro_L,0.0960253811885133,0.076315138676382,0.172340519864895,0.00167826218181802,0.00182057275629608,4.75169293526737,0.165011839364689
7,NvA,27,M1-R,RT_Pronation_pro_L,0.197600246066841,0.081386990630257,0.278987236697099,0.00228481500340589,0.00249292944127175,4.72296589189741,0.162829416382581
7,NvA,28,SMA-R,RT_Pronation_pro_L,0.0515381209132908,0.0849809318299447,0.136519052743236,0.00150182521562273,0.00162690392272661,4.75609315518954,0.167325203489042
7,NvA,29,PMd-R,RT_Pronation_pro_L,0.0800469665183673,0.134338206057691,0.214385172576059,0.00193671017335363,0.0021068779515679,4.73558918888401,0.164731410642211
7,NvA,30,PMv-R,RT_Pronation_pro_L,0.0657037757130629,0.054380475182244,0.120084250895307,0.00147623899346013,0.00161015558236079,4.75783959796399,0.16861079788424
7,NvA,31,FEF-R,RT_Pronation_pro_L,0.105449001643367,0.0573271025605835,0.16277610420395,0.00159813747530742,0.00174121628444406,4.75053103244237,0.16583445325506
7,NvA,32,POJ-R,RT_Pronation_pro_L,0.208588871690833,0.172349512971175,0.380938384662008,0.00275651401750602,0.00300149563620229,4.70516191598549,0.151567272770279
8,RR,1,V1-L,RT_Pronation_pro_L,0.126658029626421,0.156368715161508,0.283026744787928,0.00260181200304106,0.00283813781083341,4.99380256816886,0.197870254629178
8,RR,2,V3-L,RT_Pronation_pro_L,0.078758893844742,0.206629378273338,0.28538827211808,0.00236466116734803,0.0025691514177552,4.99979282672942,0.195112177550293
8,RR,3,STS-L,RT_Pronation_pro_L,0.0831636561152048,0.100350207515224,0.183513863630429,0.00219494461785854,0.00239882994164628,5.00906324719867,0.202340559596968
8,RR,4,IPL-L,RT_Pronation_pro_L,0.123558985458893,0.0657126681623659,0.189271653621259,0.0021333180330802,0.00231531310440365,5.01355042982178,0.202576134431821
8,RR,5,SPL-L,RT_Pronation_pro_L,0.118318553910479,0.16155638713053,0.279874941041008,0.00279053617625411,0.00303431814918828,4.98891673564749,0.197787104233456
8,RR,6,AG-L,RT_Pronation_pro_L,0.14001848339697,0.127116180316498,0.267134663713468,0.00242285672394222,0.00264216110404648,4.99917802881739,0.19773045569048
8,RR,7,mIPS-L,RT_Pronation_pro_L,0.100458057848562,0.12782154475285,0.228279602601412,0.00224449799722383,0.002426737248942,5.00964249055037,0.199089244565962
8,RR,8,VIP-L,RT_Pronation_pro_L,0.145033035850724,0.0815271931158179,0.226560228966542,0.00243854250033737,0.00265425696561982,5.00162154172936,0.199616477832749
8,RR,9,SPOC-L,RT_Pronation_pro_L,0.16004750721619,0.102281724790202,0.262329232006392,0.00254867559470112,0.0027680553536831,4.99909636468513,0.198562444807584
8,RR,10,S1-L,RT_Pronation_pro_L,0.0696904551368812,0.15048034608479,0.220170801221671,0.0021278497511231,0.00231220671151637,5.01227025909683,0.199953798955013
8,RR,11,M1-L,RT_Pronation_pro_L,0.137160297617209,0.217756437571762,0.354916735188971,0.00310677414941174,0.00338693787605554,4.97366765581205,0.193498084677637
8,RR,12,SMA-L,RT_Pronation_pro_L,0.117333714838757,0.14692604546117,0.264259760299927,0.00262629770292568,0.00286004670425836,4.99270502520076,0.198074937854277
8,RR,13,PMd-L,RT_Pronation_pro_L,0.137417538421658,0.156447408307394,0.293864946729052,0.00270278358359619,0.0029380386092254,4.98983200640781,0.195131851356608
8,RR,14,PMv-L,RT_Pronation_pro_L,0.108189192710689,0.142944099088508,0.251133291799196,0.00262894149806222,0.00286441808199446,4.99166889081433,0.199821903211034
8,RR,15,FEF-L,RT_Pronation_pro_L,0.0622109919559371,0.0806321842848886,0.142843176240826,0.00183012711207693,0.00199858687593367,5.02347613483659,0.205170924796959
8,RR,16,POJ-L,RT_Pronation_pro_L,0.144387617999797,0.0729066089544558,0.217294226954252,0.00231976548882482,0.00252995785544759,5.0059499401276,0.200385754897934
8,RR,17,V1-R,RT_Pronation_pro_L,0.0801829182587883,0.12230729038763,0.202490208646419,0.00231814620796881,0.00252301073534596,5.00394284035558,0.202171250905798
8,RR,18,V3-R,RT_Pronation_pro_L,0.0731762696395055,0.12188943777587,0.195065707415375,0.0022750952397657,0.00248257328169098,5.00655101057309,0.203326005296142
8,RR,19,STS-R,RT_Pronation_pro_L,0.0556329366661185,0.0877621934630201,0.143395130129139,0.00175275515242091,0.00190022654611355,5.02827091923074,0.203825132907413
8,RR,20,IPL-R,RT_Pronation_pro_L,0.126131062088687,0.139538192452756,0.265669254541442,0.00275104825438136,0.00298805442622322,4.98994489605906,0.199046443332574
8,RR,21,SPL-R,RT_Pronation_pro_L,0.146318346469815,0.130983366458657,0.277301712928473,0.00272372531808093,0.00295822714548666,4.99125128279145,0.196355328059527
8,RR,22,AG-R,RT_Pronation_pro_L,0.132434679646714,0.10365047800004,0.236085157646754,0.00253502640842088,0.00275889290491223,4.99562326038017,0.198977022934254
8,RR,23,mIPS-R,RT_Pronation_pro_L,0.106095447255573,0.0837432823044816,0.189838729560055,0.00206004902909467,0.0022396142368748,5.01562791062949,0.201594522324916
8,RR,24,VIP-R,RT_Pronation_pro_L,0.211023159117272,0.198421686006198,0.40944484512347,0.00355172918524363,0.00386550845787363,4.96207935908347,0.189198146712335
8,RR,25,SPOC-R,RT_Pronation_pro_L,0.173740907285089,0.134545845887168,0.308286753172257,0.00307280558751346,0.00335792176631217,4.97944321376277,0.198254301592249
8,RR,26,S1-R,RT_Pronation_pro_L,0.0937806697868729,0.132385342450946,0.226166012237819,0.00244489461653334,0.00265798454894364,5.00097509704234,0.200923468422761
8,RR,27,M1-R,RT_Pronation_pro_L,0.180739938810742,0.110419450551012,0.291159389361754,0.00286908930650281,0.00313211296943079,4.98539924124881,0.19789257586743
8,RR,28,SMA-R,RT_Pronation_pro_L,0.0952597123943497,0.131553083359722,0.226812795754071,0.00252630870298026,0.00275685091003577,4.99777515954886,0.201143828390432
8,RR,29,PMd-R,RT_Pronation_pro_L,0.0933582142040148,0.0936690937484909,0.187027307952506,0.001957447008301,0.00213482277519394,5.01844926935563,0.201525516538458
8,RR,30,PMv-R,RT_Pronation_pro_L,0.15073213157186,0.0490614559462739,0.199793587518134,0.00188237215559845,0.00204138976617021,5.02147234679823,0.201592911302988
8,RR,31,FEF-R,RT_Pronation_pro_L,0.151406660198161,0.0599256988860856,0.211332359084247,0.00207245055447658,0.00225019076871802,5.01347551314239,0.200978901857772
8,RR,32,POJ-R,RT_Pronation_pro_L,0.208386064863095,0.13349110355612,0.341877168419216,0.00294494286625426,0.00321796390281029,4.98124730392022,0.194464821257626
9,SJB,1,V1-L,RT_Pronation_pro_L,0.0682879931370517,0.0789795630232936,0.147267556160345,0.0012764162891403,0.00136189950800753,4.46261816287286,0.0983014174119612
9,SJB,2,V3-L,RT_Pronation_pro_L,0.0620183251566869,0.0678398598411204,0.129858184997807,0.00134121789061957,0.00144672949129757,4.45801090064439,0.10116145379001
9,SJB,3,STS-L,RT_Pronation_pro_L,0.0592869139777683,0.0529717121133199,0.112258626091088,0.00115311812166811,0.00123719958117179,4.46984346714532,0.101403304850945
9,SJB,4,IPL-L,RT_Pronation_pro_L,0.0528630856662543,0.0972062366425587,0.150069322308813,0.00133371184584784,0.00142810684452602,4.46058165491775,0.101161039815171
9,SJB,5,SPL-L,RT_Pronation_pro_L,0.0845884225771437,0.0459327037610551,0.130521126338199,0.00132943359648921,0.00143151430690829,4.4595915253868,0.101291798018721
9,SJB,6,AG-L,RT_Pronation_pro_L,0.0628115792162558,0.0617741378375945,0.12458571705385,0.00125009811160377,0.00134507126702588,4.46357443715405,0.101004060422124
9,SJB,7,mIPS-L,RT_Pronation_pro_L,0.0899618308244586,0.0578351600864615,0.14779699091092,0.00145901656257473,0.00156880414201538,4.45332777118204,0.10114880554637
9,SJB,8,VIP-L,RT_Pronation_pro_L,0.0638046757239496,0.060376313624882,0.124180989348832,0.00130688828621661,0.0014035556295137,4.4630874655704,0.102505850746208
9,SJB,9,SPOC-L,RT_Pronation_pro_L,0.0595494937933907,0.0524945399909882,0.112044033784379,0.00111209844175658,0.00119802538921721,4.47245558022959,0.10142124939453
9,SJB,10,S1-L,RT_Pronation_pro_L,0.0864029202104428,0.057431605849855,0.143834526060298,0.00139949515702005,0.00150234682563045,4.45613029205672,0.101552483048152
9,SJB,11,M1-L,RT_Pronation_pro_L,0.0539767546570038,0.082096238254379,0.136072992911383,0.00142686436165824,0.0015347205508795,4.45439062374848,0.101868775804716
9,SJB,12,SMA-L,RT_Pronation_pro_L,0.0540369316518571,0.0595292001133742,0.113566131765231,0.00118909030022469,0.00127563117069442,4.46767116099211,0.102310059026289
9,SJB,13,PMd-L,RT_Pronation_pro_L,0.0630605348664802,0.047072011946617,0.110132546813097,0.00108725477902562,0.00116877917745608,4.47312878880759,0.102017128675301
9,SJB,14,PMv-L,RT_Pronation_pro_L,0.0449329837247559,0.0298359878559379,0.0747689715806938,0.000924735760817371,0.000991852005482917,4.48366112913019,0.104285768913879
9,SJB,15,FEF-L,RT_Pronation_pro_L,0.0576253950850422,0.0274872544953662,0.0851126495804084,0.00100366131467567,0.00107746479397148,4.47818897670409,0.103726999886396
9,SJB,16,POJ-L,RT_Pronation_pro_L,0.0895545227313103,0.0293044534932305,0.118858976224541,0.00120914245695486,0.00129836257862402,4.46748145464346,0.10308221218481
9,SJB,17,V1-R,RT_Pronation_pro_L,0.0342495869467588,0.0712972666281345,0.105546853574893,0.00112632921794533,0.00121049277069261,4.47154156365481,0.101714964564557
9,SJB,18,V3-R,RT_Pronation_pro_L,0.0532050780534269,0.0407814181829648,0.0939864962363917,0.00109112373769352,0.00117943218441193,4.47267581427224,0.103387168763145
9,SJB,19,STS-R,RT_Pronation_pro_L,0.0511524443575822,0.045089494517288,0.0962419388748702,0.00102151429979622,0.00109521078464032,4.47781367220102,0.102398395098726
9,SJB,20,IPL-R,RT_Pronation_pro_L,0.0799900959498332,0.082135240070898,0.162125336020731,0.00149268869113943,0.00161083114723093,4.45035878162391,0.0990601491186934
9,SJB,21,SPL-R,RT_Pronation_pro_L,0.0522788659829952,0.0763051811357582,0.128584047118753,0.0012551488451725,0.00135586256315411,4.46305190073281,0.101304485569825
9,SJB,22,AG-R,RT_Pronation_pro_L,0.058023637134446,0.0961624574055657,0.154186094540012,0.0014260738858173,0.00153412706933809,4.45343426984691,0.098715809516264
9,SJB,23,mIPS-R,RT_Pronation_pro_L,0.0567966469421143,0.0338046237393389,0.0906012706814532,0.000933611070259185,0.00100517840192193,4.48383903325974,0.103247248127167
9,SJB,24,VIP-R,RT_Pronation_pro_L,0.0569478273244126,0.110763160969784,0.167710988294197,0.00140465653961993,0.00151390489904684,4.45547747335271,0.0993963129543638
9,SJB,25,SPOC-R,RT_Pronation_pro_L,0.0612703032870882,0.0557763220407562,0.117046625327844,0.00127509924325961,0.00137493893960983,4.46302654263913,0.102144652393898
9,SJB,26,S1-R,RT_Pronation_pro_L,0.102191608640419,0.0888464385325675,0.191038047172987,0.0015736283682982,0.0016897742710231,4.4462273027497,0.0961993735436926
9,SJB,27,M1-R,RT_Pronation_pro_L,0.0544275776349576,0.0826217475181464,0.137049325153104,0.00127259563297766,0.00136757183794185,4.46309939521216,0.0997413617273434
9,SJB,28,SMA-R,RT_Pronation_pro_L,0.0566178029633801,0.0631376012863091,0.119755404249689,0.00132235290769781,0.00142131480366005,4.46120555269374,0.102146610213851
9,SJB,29,PMd-R,RT_Pronation_pro_L,0.0431313663266889,0.0970072666956118,0.140138633022301,0.00139561165132902,0.00149622147076248,4.45709005636518,0.101581751996047
9,SJB,30,PMv-R,RT_Pronation_pro_L,0.0545673605464281,0.0385784606709324,0.0931458212173605,0.00107031977620254,0.00115202224619764,4.47475822767429,0.103775775681225
9,SJB,31,FEF-R,RT_Pronation_pro_L,0.0756767340808528,0.0383596635744313,0.114036397655284,0.00116537802654503,0.00126117237606111,4.46790571497857,0.102637570344303
9,SJB,32,POJ-R,RT_Pronation_pro_L,0.0399911321757032,0.0544471094484185,0.0944382416241218,0.00113807533891573,0.00122722867480239,4.47047004787009,0.103881664627651
10,BG,1,V1-L,RT_Pronation_pro_L,0.0700018691635871,0.0662246377289256,0.136226506892513,0.0015542289878383,0.00167497609952259,4.65950712017774,0.134238099154716
10,BG,2,V3-L,RT_Pronation_pro_L,0.0616233330365761,0.0564288890289297,0.118052222065506,0.00133833238288603,0.00144047895756888,4.67035993526295,0.134679663257317
10,BG,3,STS-L,RT_Pronation_pro_L,0.0578777173367466,0.123458486575827,0.181336203912573,0.001732686929272,0.00185150256043593,4.6535839025235,0.132433557306291
10,BG,4,IPL-L,RT_Pronation_pro_L,0.0543820927374862,0.0575661734876727,0.111948266225159,0.00137765039276965,0.00148371733303664,4.66941926318657,0.134466247176255
10,BG,5,SPL-L,RT_Pronation_pro_L,0.0704571943622977,0.110791671867093,0.181248866229391,0.00177964544249756,0.00190555187765467,4.65263329666308,0.131584163878434
10,BG,6,AG-L,RT_Pronation_pro_L,0.0442276824401512,0.0901038252223836,0.134331507662535,0.00150087282279633,0.0016117811055179,4.66256713751375,0.133073179459439
10,BG,7,mIPS-L,RT_Pronation_pro_L,0.0584236694190744,0.120333172516974,0.178756841936049,0.00172440942093412,0.0018468129045325,4.65428425519777,0.132118501248166
10,BG,8,VIP-L,RT_Pronation_pro_L,0.0666846482847233,0.0761498054219911,0.142834453706714,0.00158565120098692,0.00171003142762376,4.65879211658987,0.133546795954024
10,BG,9,SPOC-L,RT_Pronation_pro_L,0.106696301559318,0.052266439106047,0.158962740665365,0.00165522275407612,0.00177679677913539,4.65668852477956,0.132857801171321
10,BG,10,S1-L,RT_Pronation_pro_L,0.149031546169052,0.0880235529899102,0.237055099158962,0.00235010106559103,0.00253810337379686,4.62502452758658,0.130627555696956
10,BG,11,M1-L,RT_Pronation_pro_L,0.151486350766435,0.0976911701263208,0.249177520892755,0.00201336625140054,0.00215927678327712,4.63776398130205,0.125849535705773
10,BG,12,SMA-L,RT_Pronation_pro_L,0.0449136488089361,0.0630447938925456,0.107958442701482,0.00120896442244818,0.00130023921969056,4.67799151904464,0.135013859767356
10,BG,13,PMd-L,RT_Pronation_pro_L,0.0440904685886078,0.105456832256708,0.149547300845316,0.0013853537913816,0.00148870847957721,4.6683847994995,0.133033712053559
10,BG,14,PMv-L,RT_Pronation_pro_L,0.0533473471040614,0.0587189568769381,0.112066303980999,0.00134876927309028,0.00145584778135185,4.66921218846232,0.134533722484184
10,BG,15,FEF-L,RT_Pronation_pro_L,0.0836993708364846,0.0896491214548856,0.17334849229137,0.00170739468464942,0.00183512477552071,4.65455963680999,0.131053610507975
10,BG,16,POJ-L,RT_Pronation_pro_L,0.0641244210206442,0.0403804994469318,0.104504920467576,0.00129321658082092,0.0013962812412664,4.67191052041443,0.134914411514685
10,BG,17,V1-R,RT_Pronation_pro_L,0.0639798115920834,0.0600183199583025,0.123998131550386,0.00137546283845692,0.00148061011992464,4.66821308039132,0.133311480713137
10,BG,18,V3-R,RT_Pronation_pro_L,0.0289713901420942,0.0461204183529841,0.0750918084950784,0.00104904633457246,0.00113151278207593,4.68616747942256,0.136404994442058
10,BG,19,STS-R,RT_Pronation_pro_L,0.0353631748121981,0.0460323762784388,0.0813955510906369,0.00103492716468567,0.00111625097045938,4.68622440389502,0.135815378878555
10,BG,20,IPL-R,RT_Pronation_pro_L,0.0727338648050931,0.0719395638117526,0.144673428616846,0.00154398761087757,0.00165782737745674,4.66057584536883,0.13318158813609
10,BG,21,SPL-R,RT_Pronation_pro_L,0.0686047306601238,0.0679052436563796,0.136509974316503,0.00167923540954059,0.00180895897990875,4.65532955314041,0.134140505641475
10,BG,22,AG-R,RT_Pronation_pro_L,0.14348300849003,0.117637400125619,0.261120408615649,0.00243634544345041,0.00262244375234955,4.62365946189288,0.127798712705608
10,BG,23,mIPS-R,RT_Pronation_pro_L,0.0869214800847518,0.101364610834088,0.18828609091884,0.00182086500348709,0.00195056122151483,4.64971118285117,0.129902656250524
10,BG,24,VIP-R,RT_Pronation_pro_L,0.0532685980954849,0.0882129109483277,0.141481509043813,0.00162042200056732,0.00174673466152814,4.6575516343543,0.13455918037917
10,BG,25,SPOC-R,RT_Pronation_pro_L,0.146956089862298,0.126118367137528,0.273074456999826,0.00238641213600942,0.00257085318443414,4.62390096726761,0.125664983506749
10,BG,26,S1-R,RT_Pronation_pro_L,0.0838887206954713,0.0556551119281731,0.139543832623644,0.00149280936975139,0.00161138951434529,4.66088360908042,0.133208410628328
10,BG,27,M1-R,RT_Pronation_pro_L,0.122630750381595,0.0908297980218279,0.213460548403423,0.00197663127214735,0.00212968498501118,4.63925026771669,0.129175136126978
10,BG,28,SMA-R,RT_Pronation_pro_L,0.0937240188141352,0.0676952582376285,0.161419277051764,0.00168549977851785,0.00181246338423037,4.65508153712887,0.132235733141404
10,BG,29,PMd-R,RT_Pronation_pro_L,0.0614133980654783,0.0944555637776524,0.155868961843131,0.00159930628599544,0.00171688348885561,4.65918418663548,0.131306046858437
10,BG,30,PMv-R,RT_Pronation_pro_L,0.0603371112589915,0.0709694648505971,0.131306576109589,0.00140397871197507,0.00152755744004304,4.66414681924357,0.133242625039617
10,BG,31,FEF-R,RT_Pronation_pro_L,0.120643647024476,0.0691163813574978,0.189760028381974,0.00187674302700482,0.0020216134724057,4.64597153160463,0.130742197877321
10,BG,32,POJ-R,RT_Pronation_pro_L,0.172641676718203,0.126270315859807,0.29891199257801,0.00252224317585561,0.00271252601447013,4.61906394829078,0.123028552513439
1,DOC,1,V1-L,RT_Pronation_pro_R,0.0906291196221644,0.0607729960251558,0.15140211564732,0.00171333507356249,0.00183233923015824,4.62786387543687,0.121784843779915
1,DOC,2,V3-L,RT_Pronation_pro_R,0.0662238966260238,0.0711813845802929,0.137405281206317,0.00164277784737082,0.0017576367408678,4.63143872150014,0.123932804149
1,DOC,3,STS-L,RT_Pronation_pro_R,0.0833619776153118,0.0542814623251098,0.137643439940422,0.00143247808584969,0.00152814977064796,4.64271711462996,0.12218124975312
1,DOC,4,IPL-L,RT_Pronation_pro_R,0.0897297062441804,0.0762795495657955,0.166009255809976,0.00174242088222722,0.00185951768160169,4.62799694792766,0.123139066880338
1,DOC,5,SPL-L,RT_Pronation_pro_R,0.0878060101854085,0.0644909511807584,0.152296961366167,0.00170591206106652,0.00182452491145269,4.62902133986422,0.122918764391469
1,DOC,6,AG-L,RT_Pronation_pro_R,0.072113374061581,0.070492553285881,0.142605927347462,0.00153823660193981,0.00164343735105081,4.63559011719242,0.122993855190454
1,DOC,7,mIPS-L,RT_Pronation_pro_R,0.0919114988881519,0.0899102155025604,0.181821714390712,0.00180772925584471,0.00192896989808127,4.62295689033367,0.120484566129834
1,DOC,8,VIP-L,RT_Pronation_pro_R,0.136651450956925,0.073971015407302,0.210622466364226,0.00193308963300216,0.00206178943800013,4.61856572008937,0.120815951697449
1,DOC,9,SPOC-L,RT_Pronation_pro_R,0.135259446672856,0.0572859677938706,0.192545414466727,0.00166632880136359,0.00177934514868329,4.62861633258338,0.11993787797676
1,DOC,10,S1-L,RT_Pronation_pro_R,0.11451528321009,0.121664833751303,0.236180116961393,0.00216987028705843,0.0023135918077139,4.60854096246603,0.119946446370081
1,DOC,11,M1-L,RT_Pronation_pro_R,0.0730945907147727,0.162130224454506,0.235224815169278,0.00199024304191057,0.00211638726707244,4.61724257860472,0.117373161936818
1,DOC,12,SMA-L,RT_Pronation_pro_R,0.0646909671094423,0.077121702899297,0.141812670008739,0.00139861193303857,0.0014933187191232,4.64275940359156,0.122251522448555
1,DOC,13,PMd-L,RT_Pronation_pro_R,0.0765806530030805,0.11781968338053,0.19440033638361,0.00178970300284495,0.00191229566572396,4.62556405548154,0.119863175931121
1,DOC,14,PMv-L,RT_Pronation_pro_R,0.0499616218312399,0.0483574268659039,0.0983190486971438,0.0011198673787777,0.00119542253492685,4.6600063234631,0.124165581930809
1,DOC,15,FEF-L,RT_Pronation_pro_R,0.0818113224838762,0.115653145057957,0.197464467541833,0.0019163901503319,0.00206092908658539,4.61862823584672,0.120695523933692
1,DOC,16,POJ-L,RT_Pronation_pro_R,0.0943233932206411,0.0630892119751123,0.157412605195754,0.00160945673617714,0.00172337226463443,4.63141558401255,0.121975101176361
1,DOC,17,V1-R,RT_Pronation_pro_R,0.0495547463527634,0.0944312753574955,0.143986021710259,0.00161747289574355,0.00173641956793097,4.63191865112348,0.124049756415665
1,DOC,18,V3-R,RT_Pronation_pro_R,0.0349894666720887,0.112356173649017,0.147345640321106,0.00132934897682292,0.00142330320825228,4.64505144999962,0.122233990129498
1,DOC,19,STS-R,RT_Pronation_pro_R,0.092989200124145,0.0458941747074659,0.138883374831611,0.00143373544840876,0.00153163866617567,4.64092552005558,0.1229563072623
1,DOC,20,IPL-R,RT_Pronation_pro_R,0.0811138648323683,0.0454388529124788,0.126552717744847,0.00129879623120479,0.001384097507534,4.6476345451096,0.122554740493282
1,DOC,21,SPL-R,RT_Pronation_pro_R,0.0751026993712905,0.0404930781508304,0.115595777522121,0.00141337364133378,0.00151719635553247,4.64308599402532,0.125031540034904
1,DOC,22,AG-R,RT_Pronation_pro_R,0.0581061672200835,0.0715059900123275,0.129612157232411,0.00152906025727487,0.00163588213646601,4.63599896382201,0.123868746363706
1,DOC,23,mIPS-R,RT_Pronation_pro_R,0.0568579168093565,0.075295388430497,0.132153305239854,0.0015547582870001,0.00166001936302615,4.63565692207725,0.123782503796815
1,DOC,24,VIP-R,RT_Pronation_pro_R,0.0499410663504637,0.0653219999896109,0.115263066340075,0.00124144358381069,0.00133149708278903,4.65017438574025,0.124242593137482
1,DOC,25,SPOC-R,RT_Pronation_pro_R,0.0433667014928235,0.095062070954857,0.13842877244768,0.00153035525150118,0.00164192949948085,4.63585031866623,0.124201529954908
1,DOC,26,S1-R,RT_Pronation_pro_R,0.0766516106193995,0.0632069982948123,0.139858608914212,0.0015414888401052,0.0016521177174008,4.6360058722015,0.123579849320593
1,DOC,27,M1-R,RT_Pronation_pro_R,0.135318919744677,0.0857337816443805,0.221052701389057,0.00189298196319123,0.00202009243134894,4.61828212063289,0.118327289480767
1,DOC,28,SMA-R,RT_Pronation_pro_R,0.0723764596789787,0.0757344686721411,0.14811092835112,0.00151845605516599,0.00162408190123649,4.63629436526034,0.122886981436505
1,DOC,29,PMd-R,RT_Pronation_pro_R,0.0437766556624282,0.103210131390369,0.146986787052797,0.00153601234810103,0.00163967367033392,4.63644706473429,0.123780941259509
1,DOC,30,PMv-R,RT_Pronation_pro_R,0.0510067822674275,0.0458892226901434,0.0968960049575709,0.00113020898900077,0.00121240876684169,4.6571492719178,0.124798481729151
1,DOC,31,FEF-R,RT_Pronation_pro_R,0.0604922741065368,0.0614109267379581,0.121903200844495,0.00141055972836341,0.00150665723699601,4.64259425460213,0.124699656703013
1,DOC,32,POJ-R,RT_Pronation_pro_R,0.0741032182442612,0.0589252043491172,0.133028422593378,0.00153512678214908,0.00164519008496667,4.63662080953388,0.124180149221987
2,GB,1,V1-L,RT_Pronation_pro_R,0.0772174031342835,0.0652980004725167,0.1425154036068,0.00146176240716352,0.001595703731591,4.63918013938521,0.135808636528414
2,GB,2,V3-L,RT_Pronation_pro_R,0.0746197178760861,0.0492453266001786,0.123865044476265,0.00130856028962488,0.00143649120015298,4.64564737782872,0.136988733577005
2,GB,3,STS-L,RT_Pronation_pro_R,0.0657523606893553,0.0429144508316351,0.10866681152099,0.00117971834581422,0.00129217580640909,4.65327015530391,0.137368077943145
2,GB,4,IPL-L,RT_Pronation_pro_R,0.119972822280016,0.115279324615464,0.23525214689548,0.00157443548320793,0.00170648180467042,4.62938305998029,0.130457454587228
2,GB,5,SPL-L,RT_Pronation_pro_R,0.12784333118011,0.0910248003025189,0.218868131482629,0.00201757748084874,0.00220062398888151,4.61149987352041,0.132174773073425
2,GB,6,AG-L,RT_Pronation_pro_R,0.0565742875130303,0.0523612733511244,0.108935560864155,0.00131362723921917,0.00143195393310051,4.64792282122016,0.138031780644142
2,GB,7,mIPS-L,RT_Pronation_pro_R,0.0778002814410883,0.0824348164791158,0.160235097920204,0.00164575722609812,0.00179754544021821,4.63118590715608,0.135156063909965
2,GB,8,VIP-L,RT_Pronation_pro_R,0.123944884926377,0.119399695101611,0.243344580027988,0.00187933264309638,0.00206264678700309,4.61491914748456,0.131315960838759
2,GB,9,SPOC-L,RT_Pronation_pro_R,0.0811836081526075,0.089205260526793,0.170388868679401,0.00162233553538237,0.00177532465281096,4.62939591547041,0.133375828216348
2,GB,10,S1-L,RT_Pronation_pro_R,0.0487046518898155,0.0668537571943048,0.11555840908412,0.00124830193411157,0.00135883184135591,4.6509176621985,0.137634323366195
2,GB,11,M1-L,RT_Pronation_pro_R,0.0448057221496736,0.0829965559490061,0.12780227809868,0.00133959568343859,0.0014521793440619,4.64609998279721,0.137661688744337
2,GB,12,SMA-L,RT_Pronation_pro_R,0.0900164637385429,0.100256103279098,0.190272567017641,0.00175431113021159,0.00190980900846582,4.62576769074977,0.13294023311174
2,GB,13,PMd-L,RT_Pronation_pro_R,0.0471021179046227,0.0993550749648198,0.146457192869442,0.00145858681558458,0.0015976564576946,4.63842144121518,0.136208523493584
2,GB,14,PMv-L,RT_Pronation_pro_R,0.0725245290680205,0.0431601725015706,0.115684701569591,0.00122122378251449,0.0013342491572736,4.65165983305619,0.136696954428883
2,GB,15,FEF-L,RT_Pronation_pro_R,0.0772941886561157,0.0846975320229581,0.161991720679074,0.00158929105397118,0.00173164782250522,4.63144954834311,0.134512971409189
2,GB,16,POJ-L,RT_Pronation_pro_R,0.0854469697569334,0.0670133214321464,0.15246029118908,0.00154800445199485,0.0016915865649012,4.63524069716948,0.135656092482022
2,GB,17,V1-R,RT_Pronation_pro_R,0.0562127716680339,0.0351258718862901,0.0913386435543241,0.0011742525687411,0.00128128363807401,4.65561230943347,0.138931670342996
2,GB,18,V3-R,RT_Pronation_pro_R,0.0904622957870821,0.0709617713678785,0.161424067154961,0.00147230424836559,0.00159648274283008,4.63894760210736,0.135378979873802
2,GB,19,STS-R,RT_Pronation_pro_R,0.0719545065456562,0.0699030763903427,0.141857582935999,0.00151102144733515,0.00165021241903918,4.63571279219896,0.136618319999479
2,GB,20,IPL-R,RT_Pronation_pro_R,0.106303317292252,0.119199691053028,0.22550300834528,0.002065815014576,0.00223934272465208,4.61250625099059,0.131418452289544
2,GB,21,SPL-R,RT_Pronation_pro_R,0.0526721661747223,0.0679918782514856,0.120664044426208,0.00138044660061045,0.00150466767621079,4.64326425782926,0.137358720349135
2,GB,22,AG-R,RT_Pronation_pro_R,0.0743957509331479,0.109251280199886,0.183647031133034,0.00168020859285032,0.00182607413396889,4.62805452547396,0.134172196034528
2,GB,23,mIPS-R,RT_Pronation_pro_R,0.0815159062350548,0.11070022164284,0.192216127877894,0.0019146502696799,0.00208528391249878,4.6195330442189,0.13476342430062
2,GB,24,VIP-R,RT_Pronation_pro_R,0.0669302314999117,0.076684421239058,0.14361465273897,0.00148997666849547,0.00162104576647523,4.63762119245122,0.136525554821985
2,GB,25,SPOC-R,RT_Pronation_pro_R,0.0953364284736262,0.120307246408711,0.215643674882337,0.00197717444929921,0.0021426392541363,4.61666396426293,0.132678485938951
2,GB,26,S1-R,RT_Pronation_pro_R,0.0890895019771323,0.0793291213063769,0.168418623283509,0.00166809845295582,0.00181678859362303,4.62997650563667,0.135195477911698
2,GB,27,M1-R,RT_Pronation_pro_R,0.0601875723050212,0.101949885849795,0.162137458154816,0.00173249790354519,0.00188636069316695,4.62678126646882,0.135883107026527
2,GB,28,SMA-R,RT_Pronation_pro_R,0.0759573412331232,0.0940182834787903,0.169975624711914,0.00171155272392837,0.00186643460269043,4.6262108690091,0.134950359532861
2,GB,29,PMd-R,RT_Pronation_pro_R,0.132672912971756,0.064525704018414,0.19719861699017,0.00173826979720415,0.00190043648481055,4.62530965127536,0.134195808625543
2,GB,30,PMv-R,RT_Pronation_pro_R,0.079406524147742,0.0444781121128143,0.123884636260556,0.00138354546884382,0.00150305859147819,4.64362956816889,0.138046862868594
2,GB,31,FEF-R,RT_Pronation_pro_R,0.071061982969026,0.061384307301258,0.132446290270284,0.00140086805727629,0.00152255231087969,4.64182132322428,0.136136096597803
2,GB,32,POJ-R,RT_Pronation_pro_R,0.104847412441879,0.102503624880015,0.207351037321894,0.00197337197802031,0.00214783066737347,4.61650222728096,0.133557427252667
3,JDC,1,V1-L,RT_Pronation_pro_R,0.122387464196763,0.0813133433894045,0.203700807586168,0.00167957638351932,0.00183907545475457,4.72003175075461,0.151181429525606
3,JDC,2,V3-L,RT_Pronation_pro_R,0.0679774620828064,0.0475895040130128,0.115566966095819,0.0012526808262444,0.00137099866424529,4.74435164633408,0.156798010031133
3,JDC,3,STS-L,RT_Pronation_pro_R,0.0631212580134748,0.0696262702112181,0.132747528224693,0.00149975689777225,0.00163851592311073,4.7337764378895,0.156176499122742
3,JDC,4,IPL-L,RT_Pronation_pro_R,0.109157670468714,0.0868468988428758,0.196004569311589,0.00194821703340893,0.00211605592303988,4.7143505791239,0.154067239789758
3,JDC,5,SPL-L,RT_Pronation_pro_R,0.107632914051817,0.123119971892951,0.230752885944767,0.00223416927143863,0.00243065703797397,4.70261288938244,0.151270919697251
3,JDC,6,AG-L,RT_Pronation_pro_R,0.0703821915376701,0.115732632223125,0.186114823760795,0.00180043531554018,0.0019656324850896,4.71788151458363,0.154044501339844
3,JDC,7,mIPS-L,RT_Pronation_pro_R,0.0740090054593331,0.0763074610162544,0.150316466475587,0.00151733450232224,0.0016618981865512,4.73181999730311,0.155225605703237
3,JDC,8,VIP-L,RT_Pronation_pro_R,0.104148784389621,0.11856341890809,0.222712203297711,0.002074420463044,0.00224818199932646,4.70826642268284,0.151590517469343
3,JDC,9,SPOC-L,RT_Pronation_pro_R,0.112848458083249,0.0787891919713989,0.191637650054648,0.00177976336493199,0.00194911759372652,4.7202278099737,0.153114055476312
3,JDC,10,S1-L,RT_Pronation_pro_R,0.104256242803785,0.074134343664001,0.178390586467786,0.00177389441727755,0.0019278511449401,4.72136381702388,0.154258011583691
3,JDC,11,M1-L,RT_Pronation_pro_R,0.076134073709484,0.0760267144169309,0.152160788126415,0.00163445738419271,0.00177955379142764,4.72748337344103,0.156289464706044
3,JDC,12,SMA-L,RT_Pronation_pro_R,0.0863075045837903,0.0718786843517411,0.158186188935531,0.00175301948759802,0.00191500073347535,4.72197122266859,0.155390216531748
3,JDC,13,PMd-L,RT_Pronation_pro_R,0.0570057810631637,0.0622346917457281,0.119240472808892,0.00139282011150994,0.00152300875353766,4.73773657178783,0.157984873113171
3,JDC,14,PMv-L,RT_Pronation_pro_R,0.0660214357334483,0.0819150495584881,0.147936485291936,0.00155013903306992,0.00169102027304052,4.730765536458,0.155788064296356
3,JDC,15,FEF-L,RT_Pronation_pro_R,0.0810960442389938,0.0426198910259391,0.123715935264933,0.00144720381111053,0.00157894742596855,4.73677290389002,0.157676076803388
3,JDC,16,POJ-L,RT_Pronation_pro_R,0.163546406331839,0.040086790204334,0.203633196536173,0.00147108438864382,0.00160729314870638,4.73391676686353,0.153162559435737
3,JDC,17,V1-R,RT_Pronation_pro_R,0.051986719944805,0.0965328182315259,0.148519538176331,0.00145900850461192,0.00160105836592606,4.73561120219903,0.155180943038099
3,JDC,18,V3-R,RT_Pronation_pro_R,0.101269661801794,0.109095949072231,0.210365610874025,0.00192092670118153,0.00211099606990534,4.71236810795198,0.151806166705816
3,JDC,19,STS-R,RT_Pronation_pro_R,0.102599604107345,0.0666908258755431,0.169290429982889,0.0018175242051016,0.00199408921621374,4.71844687068316,0.153887975237798
3,JDC,20,IPL-R,RT_Pronation_pro_R,0.0667661578455353,0.143842680053545,0.21060883789908,0.00208514134471779,0.00228741950528471,4.70800341004098,0.154414626079335
3,JDC,21,SPL-R,RT_Pronation_pro_R,0.0609895575346937,0.113954524819662,0.174944082354356,0.00181527324476333,0.00198946036339839,4.7198823240959,0.15474466432816
3,JDC,22,AG-R,RT_Pronation_pro_R,0.133723911421995,0.0395739603732758,0.173297871795271,0.00155950277386261,0.00170761406093993,4.73109357220347,0.153261673742645
3,JDC,23,mIPS-R,RT_Pronation_pro_R,0.123100499410774,0.0427564106431083,0.165856910053883,0.00150035255210295,0.00164488285703092,4.7348674606447,0.154829743665591
3,JDC,24,VIP-R,RT_Pronation_pro_R,0.0856065628829596,0.136220688171104,0.221827251054063,0.0021213072443929,0.00232512221666255,4.70629301700321,0.152128311452654
3,JDC,25,SPOC-R,RT_Pronation_pro_R,0.0963264994258701,0.267362967138303,0.363689466564173,0.00241417094883011,0.002641062037295,4.69213143360727,0.145898966648758
3,JDC,26,S1-R,RT_Pronation_pro_R,0.0778995564751263,0.0900975454232104,0.167997101898337,0.00183765154995947,0.00200748730690077,4.71788959750211,0.155773844369233
3,JDC,27,M1-R,RT_Pronation_pro_R,0.0944880630346985,0.0825413788233932,0.177029441858092,0.00182944052571804,0.00199695278864491,4.71739416099786,0.153769998628442
3,JDC,28,SMA-R,RT_Pronation_pro_R,0.0781435706707705,0.0575333925103027,0.135676963181073,0.00152282309693209,0.00166003513063156,4.7323138039835,0.156376198474857
3,JDC,29,PMd-R,RT_Pronation_pro_R,0.120162013668119,0.0665554783833601,0.186717492051479,0.00180759191493804,0.00196733127581212,4.71853082265018,0.153365076785449
3,JDC,30,PMv-R,RT_Pronation_pro_R,0.0580500255756975,0.106463117240385,0.164513142816082,0.00175354488519923,0.001906924683057,4.72180138326684,0.155450250886084
3,JDC,31,FEF-R,RT_Pronation_pro_R,0.0613487011253576,0.0805762718901508,0.141924973015508,0.00169377440182946,0.00184819345544384,4.72477344830957,0.157638099738307
3,JDC,32,POJ-R,RT_Pronation_pro_R,0.168961758331186,0.200872693920089,0.369834452251276,0.0024199961930587,0.00261578972801661,4.68871127335129,0.141118880014053
4,JFXD,1,V1-L,RT_Pronation_pro_R,0.0484378250433599,0.0698156074111768,0.118253432454537,0.00124868406675821,0.00132441453449537,4.58682086935945,0.106944031789578
4,JFXD,2,V3-L,RT_Pronation_pro_R,0.0822252078511076,0.0442465164610509,0.126471724312158,0.00134278164277967,0.00143606951213859,4.57886381002638,0.107151711986907
4,JFXD,3,STS-L,RT_Pronation_pro_R,0.0936728303050694,0.0363959561401672,0.130068786445237,0.00135095450335586,0.00143746916426204,4.58138778437271,0.107772398695761
4,JFXD,4,IPL-L,RT_Pronation_pro_R,0.0762415037242804,0.0584144893558703,0.134655993080151,0.00144156735137853,0.00152864854562369,4.57801873773353,0.106657895224395
4,JFXD,5,SPL-L,RT_Pronation_pro_R,0.0821061740809055,0.0667264145109716,0.148832588591877,0.00166817519309645,0.00177644480471757,4.56602437179629,0.106210329002866
4,JFXD,6,AG-L,RT_Pronation_pro_R,0.0945520398455772,0.0601860575708719,0.154738097416449,0.00166883760283083,0.00178283978129252,4.56460908557348,0.105727631199329
4,JFXD,7,mIPS-L,RT_Pronation_pro_R,0.043531503501307,0.0576502863456108,0.101181789846918,0.00135923960609612,0.00144806761604674,4.58138329726001,0.108674360404496
4,JFXD,8,VIP-L,RT_Pronation_pro_R,0.0765702364194958,0.0602295669076344,0.13679980332713,0.00149390900959678,0.00158543141895116,4.57503080385339,0.106888107153544
4,JFXD,9,SPOC-L,RT_Pronation_pro_R,0.0687294751076306,0.0599779947426149,0.128707469850246,0.00144908029742816,0.00154087976383219,4.57589859985362,0.107452625655026
4,JFXD,10,S1-L,RT_Pronation_pro_R,0.0931854260285577,0.0388209210882827,0.13200634711684,0.00133587229306818,0.00142127459719705,4.58218797194425,0.106916252270099
4,JFXD,11,M1-L,RT_Pronation_pro_R,0.0526293475533468,0.0469805959552193,0.0996099435085661,0.00119201566387052,0.00126503494988204,4.59081861987897,0.108291978779309
4,JFXD,12,SMA-L,RT_Pronation_pro_R,0.0421054707702395,0.0812993599822663,0.123404830752506,0.00134193377847356,0.00142385780498037,4.5831788975872,0.106883999398505
4,JFXD,13,PMd-L,RT_Pronation_pro_R,0.0497518177500949,0.0477078106701594,0.0974596284202544,0.00120902433953894,0.00128185008374799,4.59014390563968,0.108529996060726
4,JFXD,14,PMv-L,RT_Pronation_pro_R,0.133828986425705,0.091312615161364,0.225141601587069,0.00203984485043862,0.00216840154003697,4.54741183355132,0.102889829369834
4,JFXD,15,FEF-L,RT_Pronation_pro_R,0.0702843517894683,0.130446751423628,0.200731103213096,0.00182041119497293,0.00194070490327678,4.55737244682524,0.10385599979129
4,JFXD,16,POJ-L,RT_Pronation_pro_R,0.086003133390578,0.0902571701716143,0.176260303562192,0.00158240906919888,0.00168029792965201,4.56767288283822,0.104090509299229
4,JFXD,17,V1-R,RT_Pronation_pro_R,0.0390676874169142,0.0724597586034107,0.111527446020325,0.00121713944602571,0.00129280070985307,4.58883455181404,0.107344648551408
4,JFXD,18,V3-R,RT_Pronation_pro_R,0.0562194565124928,0.0540314152369953,0.110250871749488,0.00130159606546585,0.00138980174528368,4.58269269886401,0.108041110395263
4,JFXD,19,STS-R,RT_Pronation_pro_R,0.137341312518784,0.0551772441024576,0.192518556621242,0.00164612040077173,0.00174447335454997,4.56460779449205,0.102856922190881
4,JFXD,20,IPL-R,RT_Pronation_pro_R,0.056828667931068,0.0457789628395951,0.102607630770663,0.00124545897978992,0.00132683209076419,4.58671538096171,0.10839185940493
4,JFXD,21,SPL-R,RT_Pronation_pro_R,0.0448418582867673,0.0694779747663959,0.114319833053163,0.00124948987549164,0.00132746851810854,4.58646109054539,0.106767218019637
4,JFXD,22,AG-R,RT_Pronation_pro_R,0.0642655571820427,0.124770317142008,0.189035874324051,0.0019676607213613,0.00209944356780505,4.55041520659285,0.105571252601103
4,JFXD,23,mIPS-R,RT_Pronation_pro_R,0.0492486423485213,0.11342327660177,0.162671918950292,0.00166877054460419,0.00177333992192413,4.56577031890396,0.104921295457097
4,JFXD,24,VIP-R,RT_Pronation_pro_R,0.0379347048455162,0.0766934058433862,0.114628110688902,0.00126012070065384,0.00133963411286192,4.58701225084537,0.107688978399011
4,JFXD,25,SPOC-R,RT_Pronation_pro_R,0.0442112463384866,0.05307436213431,0.0972856084727967,0.00121343718319307,0.00129049171273692,4.58913899562912,0.107707694654076
4,JFXD,26,S1-R,RT_Pronation_pro_R,0.069084023742317,0.0833005229270346,0.152384546669352,0.00154285780463261,0.00164531902011383,4.56959071279079,0.103651872311977
4,JFXD,27,M1-R,RT_Pronation_pro_R,0.0733879553494348,0.0573007602052335,0.130688715554668,0.00145174156331306,0.00155083569032421,4.57557174235386,0.10720540046676
4,JFXD,28,SMA-R,RT_Pronation_pro_R,0.0407580991532672,0.075100345610899,0.115858444764166,0.00130146649595446,0.00138123355243119,4.58514949294399,0.107278745163226
4,JFXD,29,PMd-R,RT_Pronation_pro_R,0.0884370867415929,0.0558805565725061,0.144317643314099,0.0015053090992574,0.00160017220126031,4.57346804567571,0.106259227427085
4,JFXD,30,PMv-R,RT_Pronation_pro_R,0.111395824297482,0.134610442402376,0.246006266699858,0.00214935957724545,0.00228938042585075,4.54080220400789,0.100878847706585
4,JFXD,31,FEF-R,RT_Pronation_pro_R,0.0637480542958602,0.0648879137336049,0.128635968029465,0.00136881823766753,0.00145350302639506,4.58168115853872,0.107185669803031
4,JFXD,32,POJ-R,RT_Pronation_pro_R,0.0536868146516796,0.0478769485784643,0.101563763230144,0.00125312061106116,0.00133323022839284,4.5864914561191,0.108044438023257
5,JZ,1,V1-L,RT_Pronation_pro_R,0.0920433466078135,0.0407027339974286,0.132746080605242,0.00145115612944386,0.00155770729262525,4.65027301915619,0.126542994931614
5,JZ,2,V3-L,RT_Pronation_pro_R,0.0620290232318206,0.033419596022311,0.0954486192541316,0.00119757660175862,0.00127954078294849,4.6637302987122,0.12775606742521
5,JZ,3,STS-L,RT_Pronation_pro_R,0.0609171690210143,0.076009599263432,0.136926768284446,0.00156271055054971,0.00167448368539073,4.64459033569004,0.125534938030504
5,JZ,4,IPL-L,RT_Pronation_pro_R,0.0439068970019027,0.0698944726354823,0.113801369637385,0.00128797188380895,0.00137218097692678,4.65782155006735,0.126956608059458
5,JZ,5,SPL-L,RT_Pronation_pro_R,0.0750586470829266,0.100994747232714,0.176053394315641,0.00177985602924094,0.00190291635046935,4.6347900059643,0.124654145163874
5,JZ,6,AG-L,RT_Pronation_pro_R,0.0929084196338152,0.0656464802600405,0.158554899893856,0.00169480405992162,0.00181313608115974,4.63813544133762,0.125041640014332
5,JZ,7,mIPS-L,RT_Pronation_pro_R,0.101552869319645,0.0647995255835802,0.166352394903226,0.00164132565111103,0.00175200433512144,4.64108328969297,0.123573159407261
5,JZ,8,VIP-L,RT_Pronation_pro_R,0.110008247937494,0.0550304715513334,0.165038719488827,0.00171217218131926,0.00183146521742988,4.63726363162741,0.12510418201072
5,JZ,9,SPOC-L,RT_Pronation_pro_R,0.0950053919550053,0.069698727500269,0.164704119455274,0.00176861054144067,0.00189291329086008,4.63449068354794,0.123392419932178
5,JZ,10,S1-L,RT_Pronation_pro_R,0.0563955666683955,0.121947453224124,0.17834301989252,0.00174773352568408,0.0018622472590901,4.63549431141864,0.124567520771404
5,JZ,11,M1-L,RT_Pronation_pro_R,0.0440186807521287,0.112654972114477,0.156673652866606,0.00155518535849017,0.00166022172651495,4.64477453782622,0.12534160131502
5,JZ,12,SMA-L,RT_Pronation_pro_R,0.0623627238680527,0.0857680998344748,0.148130823702528,0.00157333031898109,0.00169182149431774,4.64341711983416,0.124892006238155
5,JZ,13,PMd-L,RT_Pronation_pro_R,0.107671196357454,0.0708381563278073,0.178509352685262,0.00188402006737746,0.00201550142098223,4.62936532761191,0.124688783605792
5,JZ,14,PMv-L,RT_Pronation_pro_R,0.0659119869924779,0.0576415020085813,0.123553489001059,0.00138880721783165,0.00148771440769532,4.65292233399971,0.12696543528661
5,JZ,15,FEF-L,RT_Pronation_pro_R,0.0605144479656767,0.04287563486123,0.103390082826907,0.00119697060019985,0.00127673129817696,4.66348935833674,0.126643822746534
5,JZ,16,POJ-L,RT_Pronation_pro_R,0.100642957829413,0.0409999003569503,0.141642858186363,0.00154926216455378,0.00165182772394574,4.64654043794946,0.126324458423821
5,JZ,17,V1-R,RT_Pronation_pro_R,0.0541837194446801,0.0524116227649862,0.106595342209666,0.00130280796393908,0.00139015896425771,4.65783994476285,0.127545506841111
5,JZ,18,V3-R,RT_Pronation_pro_R,0.0929214877920619,0.0577322325490305,0.150653720341092,0.00159024469347802,0.00170285701688009,4.64280432442504,0.125113803458908
5,JZ,19,STS-R,RT_Pronation_pro_R,0.120550759452417,0.0891720075102584,0.209722766962675,0.00194517235783175,0.00207400514275311,4.62508295891945,0.122123260304586
5,JZ,20,IPL-R,RT_Pronation_pro_R,0.0491165170477389,0.0684289141608446,0.117545431208584,0.00131764690810716,0.00140133882256264,4.65811213517582,0.126447241757776
5,JZ,21,SPL-R,RT_Pronation_pro_R,0.0782908903517534,0.119785337522451,0.198076227874205,0.00187703861917013,0.00201301032795527,4.63034574978364,0.122576567041577
5,JZ,22,AG-R,RT_Pronation_pro_R,0.0849393136330001,0.0653281875950856,0.150267501228086,0.00162970822052092,0.00174356635159192,4.64191480965366,0.125848980809195
5,JZ,23,mIPS-R,RT_Pronation_pro_R,0.0930130162409221,0.121945242153176,0.214958258394098,0.0018036794458236,0.00192509350304081,4.63248697378236,0.119654596715109
5,JZ,24,VIP-R,RT_Pronation_pro_R,0.0535262065920953,0.0722082671567489,0.125734473748844,0.0015466540906801,0.00165575782837122,4.64551485228355,0.126897947149921
5,JZ,25,SPOC-R,RT_Pronation_pro_R,0.0943641755501282,0.100096910423165,0.194461085973293,0.00159526365102457,0.00169253085157597,4.64239732593269,0.12160707480957
5,JZ,26,S1-R,RT_Pronation_pro_R,0.0501025596808462,0.126590370958207,0.176692930639053,0.00182920666092503,0.00196288003869065,4.63230765491387,0.124135409445398
5,JZ,27,M1-R,RT_Pronation_pro_R,0.098422617527079,0.0636247619779175,0.162047379504996,0.0016609165782747,0.00176692562498212,4.64062320421036,0.122675686315138
5,JZ,28,SMA-R,RT_Pronation_pro_R,0.0991687887823183,0.057992115458836,0.157160904241154,0.00170766368602008,0.00183234201519609,4.63759281178492,0.124523526130372
5,JZ,29,PMd-R,RT_Pronation_pro_R,0.045111151355576,0.101439470777844,0.14655062213342,0.00137408428553627,0.00145846808028047,4.65411015884769,0.124111937918809
5,JZ,30,PMv-R,RT_Pronation_pro_R,0.0492802446958448,0.0662309051653369,0.115511149861182,0.00132307808404547,0.00141244398410909,4.65537395010852,0.126776375688702
5,JZ,31,FEF-R,RT_Pronation_pro_R,0.12007646383856,0.0993940350663382,0.219470498904898,0.00180430462377666,0.00191448302778856,4.63267921080348,0.118286021848922
5,JZ,32,POJ-R,RT_Pronation_pro_R,0.0863312755597374,0.129044305755333,0.21537558131507,0.00174667713092702,0.00186064340153461,4.63581639132727,0.121002249332612
6,LT,1,V1-L,RT_Pronation_pro_R,0.0404984199326476,0.0580695259565017,0.0985679458891493,0.00112365139758516,0.00120750664101535,4.42720800833707,0.0942738015878252
6,LT,2,V3-L,RT_Pronation_pro_R,0.0597483145843045,0.0547808829084529,0.114529197492757,0.00108025248125029,0.00114729893226592,4.43004456832475,0.0939029653707881
6,LT,3,STS-L,RT_Pronation_pro_R,0.0545787336174923,0.0458246706550305,0.100403404272523,0.00110646016110694,0.00118990073337349,4.42814503791231,0.0946744810270747
6,LT,4,IPL-L,RT_Pronation_pro_R,0.106802452928413,0.0827537503624439,0.189556203290857,0.00155876639864932,0.00166416078067851,4.40605563454357,0.0918229915001962
6,LT,5,SPL-L,RT_Pronation_pro_R,0.0601018243812488,0.0475186530173815,0.10762047739863,0.00113348387722847,0.00121141038627325,4.42745962239014,0.0945837326519577
6,LT,6,AG-L,RT_Pronation_pro_R,0.095307159570896,0.0336398490837952,0.128947008654691,0.00128999782593683,0.00138486315985974,4.41877429770314,0.0942775551927087
6,LT,7,mIPS-L,RT_Pronation_pro_R,0.0466604634616243,0.0612740626943013,0.107934526155926,0.00116513750549379,0.00124903468007907,4.42525897385596,0.0954649889435455
6,LT,8,VIP-L,RT_Pronation_pro_R,0.127478045196101,0.0514195526858996,0.178897597882001,0.0014714071739972,0.00157201990763823,4.41048342068957,0.0919088917763266
6,LT,9,SPOC-L,RT_Pronation_pro_R,0.0481160772591871,0.043720553355688,0.0918366306148751,0.00116188306939541,0.00124528262080366,4.42541289339648,0.0961636937166811
6,LT,10,S1-L,RT_Pronation_pro_R,0.0899267886411322,0.106490370512034,0.196417159153166,0.00147598440052583,0.00156763328047092,4.41019554374229,0.0907860341752047
6,LT,11,M1-L,RT_Pronation_pro_R,0.0741665489929496,0.115663735275098,0.189830284268047,0.00148152337468554,0.00157751148412561,4.4088891609354,0.0894075403306652
6,LT,12,SMA-L,RT_Pronation_pro_R,0.031068885846596,0.0934044677903012,0.124473353636897,0.0011657527941516,0.00124673129763925,4.42633693285777,0.094162302276535
6,LT,13,PMd-L,RT_Pronation_pro_R,0.0811828998125885,0.0856217606993472,0.166804660511936,0.00148371499004518,0.00158795780968659,4.41012475176644,0.0917663801871662
6,LT,14,PMv-L,RT_Pronation_pro_R,0.0513293406907334,0.0630118161647207,0.114341156855454,0.00127859915684121,0.00137076953327005,4.41919284044321,0.0945568696872301
6,LT,15,FEF-L,RT_Pronation_pro_R,0.0762128779218033,0.0593746114122131,0.135587489334016,0.00124783485591871,0.00133511272976359,4.42032534963596,0.0920066835005925
6,LT,16,POJ-L,RT_Pronation_pro_R,0.0541758680798871,0.0627993173939561,0.116975185473843,0.001251853465237,0.00133742775358774,4.4206950894845,0.0945657839639102
6,LT,17,V1-R,RT_Pronation_pro_R,0.0706817976554153,0.0432730265219476,0.113954824177363,0.00120341377646381,0.00129048955337691,4.42180675429482,0.0947958317064832
6,LT,18,V3-R,RT_Pronation_pro_R,0.0694588082599802,0.0546633060206768,0.124122114280657,0.00122017743201194,0.00130557751684178,4.42067605575726,0.0928937815873666
6,LT,19,STS-R,RT_Pronation_pro_R,0.0525238276305747,0.0235921709995439,0.0761159986301186,0.000840330624133216,0.000899527187323677,4.44602255511611,0.0962587357400568
6,LT,20,IPL-R,RT_Pronation_pro_R,0.0441838347816036,0.0538676688986021,0.0980515036802057,0.00103256725827316,0.0011088134931309,4.43205354233904,0.0950009675274974
6,LT,21,SPL-R,RT_Pronation_pro_R,0.032662709355247,0.0414579855737042,0.0741206949289513,0.00102910596471661,0.00110662747651226,4.43286472062667,0.0970354049591661
6,LT,22,AG-R,RT_Pronation_pro_R,0.0513846918944738,0.0392342888480055,0.0906189807424793,0.00099983194765277,0.00107051389967433,4.43431179655947,0.0955611037854765
6,LT,23,mIPS-R,RT_Pronation_pro_R,0.0415151650859346,0.0495429105653202,0.0910580756512547,0.00102836192341434,0.0011002023613715,4.4325461238881,0.0950554830912138
6,LT,24,VIP-R,RT_Pronation_pro_R,0.0416768926735963,0.0604261642555741,0.10210305692917,0.00108206977727689,0.00116422789307811,4.42884617732431,0.0948029190352509
6,LT,25,SPOC-R,RT_Pronation_pro_R,0.0422060491519563,0.0621961345669618,0.104402183718918,0.00120624709219169,0.00129514119312093,4.4228477951844,0.0958479618778585
6,LT,26,S1-R,RT_Pronation_pro_R,0.0785786349815639,0.0400529619789753,0.118631596960539,0.00119298517196993,0.00128390282107175,4.42176552971131,0.094958257176867
6,LT,27,M1-R,RT_Pronation_pro_R,0.0488502940979245,0.0386087125940175,0.087459006691942,0.000993550261124536,0.00106400367826833,4.4355300505637,0.0958262984199278
6,LT,28,SMA-R,RT_Pronation_pro_R,0.0432806050600403,0.0947481552284106,0.138028760288451,0.00121181703531164,0.00129536329397478,4.42216584763367,0.0918431995362938
6,LT,29,PMd-R,RT_Pronation_pro_R,0.0603929638734643,0.0421829456937136,0.102575909567178,0.00110495982409623,0.00119074335913002,4.42804026696606,0.0952952643960659
6,LT,30,PMv-R,RT_Pronation_pro_R,0.0380684349870752,0.0646309612204007,0.102699396207476,0.000912196761348642,0.000974687686605788,4.43878153956886,0.094422198054613
6,LT,31,FEF-R,RT_Pronation_pro_R,0.0322460005101579,0.0553518777774544,0.0875978782876123,0.000995795383905414,0.00107150726760288,4.43488628788864,0.0963824512261991
6,LT,32,POJ-R,RT_Pronation_pro_R,0.0384218835992304,0.0542904438053705,0.0927123274046009,0.0010980450478851,0.00117716415752629,4.42882841893512,0.0961426827716676
7,NvA,1,V1-L,RT_Pronation_pro_R,0.0751097178711891,0.0537527092178953,0.128862427089084,0.00127157953389583,0.00138559229472923,4.70792225300526,0.148067844091011
7,NvA,2,V3-L,RT_Pronation_pro_R,0.0848916444780316,0.0975579707792595,0.182449615257291,0.00171342884777857,0.00186337161289753,4.68645287888613,0.14673200314677
7,NvA,3,STS-L,RT_Pronation_pro_R,0.0573707283677712,0.0608463087272321,0.118217037095003,0.00138365252964105,0.00150683289500523,4.7031952245335,0.150115574671763
7,NvA,4,IPL-L,RT_Pronation_pro_R,0.0489902725049414,0.064475276447437,0.113465548952378,0.00140324242702773,0.00152201607328582,4.70113802927583,0.150987986607361
7,NvA,5,SPL-L,RT_Pronation_pro_R,0.0947796520647019,0.207732382337868,0.30251203440257,0.00225296864954806,0.00243540054302505,4.65975658262161,0.137973236049824
7,NvA,6,AG-L,RT_Pronation_pro_R,0.0926548935825476,0.115995616351727,0.208650509934274,0.001690205359528,0.00183482152114637,4.68652958200501,0.144603887398672
7,NvA,7,mIPS-L,RT_Pronation_pro_R,0.0982924532647583,0.0757279424817178,0.174020395746476,0.00174058088260139,0.00189400294690945,4.68503966696088,0.14745852233314
7,NvA,8,VIP-L,RT_Pronation_pro_R,0.122848170162472,0.0921338291927542,0.214981999355226,0.00195395554721594,0.00212962608773749,4.67602765158771,0.144839983350531
7,NvA,9,SPOC-L,RT_Pronation_pro_R,0.130977771141556,0.115496083649697,0.246473854791253,0.0021240278601215,0.00230529986579618,4.6681634983589,0.143516451089188
7,NvA,10,S1-L,RT_Pronation_pro_R,0.117138848791516,0.0733424052611685,0.190481254052685,0.00163517322506583,0.00177303819367974,4.68933594881244,0.145437628048621
7,NvA,11,M1-L,RT_Pronation_pro_R,0.0953850880966585,0.0829035152035892,0.178288603300248,0.00178644954926023,0.00194158713352136,4.68322200508885,0.147696895100402
7,NvA,12,SMA-L,RT_Pronation_pro_R,0.0636693201701796,0.083949147338296,0.147618467508476,0.00157700016258539,0.00171424245873376,4.69363397853463,0.148763231866977
7,NvA,13,PMd-L,RT_Pronation_pro_R,0.0573440990711389,0.091909236366567,0.149253335437706,0.00162197035634825,0.00175934749085712,4.69142382313053,0.149004924404882
7,NvA,14,PMv-L,RT_Pronation_pro_R,0.0550479839762749,0.0643688341061256,0.119416818082401,0.00144995790550156,0.00157792671369758,4.69923809964643,0.150984446675882
7,NvA,15,FEF-L,RT_Pronation_pro_R,0.095002893719804,0.0690201752525035,0.164023068972308,0.00184975811595056,0.00200653174543456,4.68129900072095,0.149629670387878
7,NvA,16,POJ-L,RT_Pronation_pro_R,0.0987818489101762,0.0938105622961188,0.192592411206295,0.00195002388662871,0.00211824558327823,4.67672170519082,0.146961398739754
7,NvA,17,V1-R,RT_Pronation_pro_R,0.0634231873866588,0.0810828463791837,0.144506033765842,0.00146870847794271,0.00159309723094068,4.6991929924734,0.147321501272594
7,NvA,18,V3-R,RT_Pronation_pro_R,0.101539343725711,0.0756636190817132,0.177202962807424,0.00164066626287409,0.00178275363474292,4.69013491410225,0.146577182180447
7,NvA,19,STS-R,RT_Pronation_pro_R,0.042940513620682,0.0653370964562266,0.108277610076909,0.00133664618135618,0.00145632672108881,4.70463425124545,0.151626549343332
7,NvA,20,IPL-R,RT_Pronation_pro_R,0.0868059504522302,0.0750723974524423,0.161878347904672,0.00161789146377788,0.0017589190265694,4.69041856454868,0.147620616532486
7,NvA,21,SPL-R,RT_Pronation_pro_R,0.105007538210384,0.071745371911111,0.176752910121495,0.00146062326235571,0.00157386828087189,4.69698767475746,0.146278091308185
7,NvA,22,AG-R,RT_Pronation_pro_R,0.119179977187479,0.112385104280655,0.231565081468134,0.00200829764867633,0.00218193174960807,4.67241747540225,0.144689598555067
7,NvA,23,mIPS-R,RT_Pronation_pro_R,0.153899906155595,0.0573430536872918,0.211242959842887,0.00198711199283825,0.00215930220814686,4.67528892930245,0.146028381612137
7,NvA,24,VIP-R,RT_Pronation_pro_R,0.0579199134526241,0.127602849009178,0.185522762461802,0.00173672009251487,0.001887480308484,4.68488613398268,0.14807239727392
7,NvA,25,SPOC-R,RT_Pronation_pro_R,0.126633681000072,0.133985131654535,0.260618812654607,0.00219648294139509,0.00239214506115524,4.6645677876494,0.14400151110598
7,NvA,26,S1-R,RT_Pronation_pro_R,0.0516656150487467,0.0937994867549974,0.145465101803744,0.00161904976140162,0.00176813010634486,4.69149341532799,0.148826718423134
7,NvA,27,M1-R,RT_Pronation_pro_R,0.134409481985602,0.0707320139721211,0.205141495957723,0.00177940729602558,0.00192128801165176,4.68290171534113,0.14559347887487
7,NvA,28,SMA-R,RT_Pronation_pro_R,0.0517897333558673,0.0843391877229325,0.1361289210788,0.00151213885282588,0.00164522479869599,4.69607746384648,0.149659943106995
7,NvA,29,PMd-R,RT_Pronation_pro_R,0.0669348652852131,0.0912773434010769,0.15821220868629,0.00148630427645809,0.00161162995270061,4.69617352001344,0.14791212777927
7,NvA,30,PMv-R,RT_Pronation_pro_R,0.033994463472162,0.0551530026625405,0.0891474661347025,0.00121495986095284,0.00131897597570684,4.71166530249363,0.152167660593303
7,NvA,31,FEF-R,RT_Pronation_pro_R,0.0911031071487835,0.0786238742971936,0.169726981445977,0.00164803636779837,0.00178578503517014,4.68920914743755,0.148103688799719
7,NvA,32,POJ-R,RT_Pronation_pro_R,0.128373331005621,0.0867416209339924,0.215114951939613,0.00186410201959844,0.00202144420753387,4.68072227020997,0.145271829927517
8,RR,1,V1-L,RT_Pronation_pro_R,0.0903119825747745,0.0818053157246951,0.17211729829947,0.00186479702083225,0.00203366025638287,4.87431258216862,0.176204846772967
8,RR,2,V3-L,RT_Pronation_pro_R,0.170966952557978,0.0981206874831222,0.2690876400411,0.002592006970714,0.00283378643483366,4.84367418149514,0.172201975005367
8,RR,3,STS-L,RT_Pronation_pro_R,0.133437022410533,0.113833045818717,0.24727006822925,0.00228915980773265,0.00249758231065347,4.85552704893772,0.17090776011246
8,RR,4,IPL-L,RT_Pronation_pro_R,0.0882694773202524,0.0953548880939255,0.183624365414178,0.00191350933833182,0.00209535240262731,4.8701777279359,0.175982402680283
8,RR,5,SPL-L,RT_Pronation_pro_R,0.106874682930753,0.152809633787708,0.259684316718461,0.00231548058998164,0.00251919435181836,4.85520562324291,0.172734083066563
8,RR,6,AG-L,RT_Pronation_pro_R,0.0883563609485342,0.165244364059525,0.253600725008059,0.00223150119710002,0.00243022859554036,4.8592097571162,0.172080744069187
8,RR,7,mIPS-L,RT_Pronation_pro_R,0.122538923646933,0.0993401903699955,0.221879114016928,0.00208212308262051,0.00226227559136982,4.86604845749897,0.174519212569908
8,RR,8,VIP-L,RT_Pronation_pro_R,0.139973771612871,0.114914319945117,0.254888091557987,0.00224301212185762,0.00244040197314037,4.85636823362023,0.172616634685908
8,RR,9,SPOC-L,RT_Pronation_pro_R,0.12159407752664,0.0958190792839082,0.217413156810548,0.00211603525563066,0.00230157828331702,4.86251876885835,0.174738073065281
8,RR,10,S1-L,RT_Pronation_pro_R,0.0651605663452825,0.143866155123896,0.209026721469178,0.00204635108636986,0.00222846845859642,4.86690504119075,0.1747135390863
8,RR,11,M1-L,RT_Pronation_pro_R,0.10967550119907,0.120754054922916,0.230429556121986,0.00229659003921167,0.00249713304841771,4.85532429330619,0.172707739304149
8,RR,12,SMA-L,RT_Pronation_pro_R,0.0753057614751386,0.136262113287347,0.211567874762486,0.0022446832480792,0.00245643256352853,4.85837147183385,0.175046639553209
8,RR,13,PMd-L,RT_Pronation_pro_R,0.105503948515476,0.102361542467081,0.207865490982556,0.00204877986080864,0.002220112741292,4.86506896130009,0.172894614685366
8,RR,14,PMv-L,RT_Pronation_pro_R,0.0507996778772287,0.0830814792240489,0.133881157101278,0.00144868816160248,0.00156938868067088,4.89300593111844,0.176765037593676
8,RR,15,FEF-L,RT_Pronation_pro_R,0.0494932296803627,0.0723620563004592,0.121855285980822,0.00153771626860312,0.00167982056936898,4.88759765093962,0.178586601605917
8,RR,16,POJ-L,RT_Pronation_pro_R,0.0930339080385376,0.0778990829695182,0.170932991008056,0.00194091856285183,0.00212690337516879,4.87024986039365,0.176647527417417
8,RR,17,V1-R,RT_Pronation_pro_R,0.0879084072908767,0.0737274145011758,0.161635821792052,0.00168919118961013,0.00184866001496705,4.87903701912085,0.176118888392217
8,RR,18,V3-R,RT_Pronation_pro_R,0.149340288984242,0.0760176373951326,0.225357926379375,0.00225305708551736,0.00245764849515156,4.85641305734966,0.17452548653608
8,RR,19,STS-R,RT_Pronation_pro_R,0.138728582491997,0.0714256535467345,0.210154236038732,0.00187544372975895,0.00204671060235493,4.86999268153125,0.173410016096079
8,RR,20,IPL-R,RT_Pronation_pro_R,0.132067553323694,0.116876811787883,0.248944365111577,0.00217588845087323,0.00237324252277557,4.859935906872,0.171314141960945
8,RR,21,SPL-R,RT_Pronation_pro_R,0.100711080792594,0.0947889442868655,0.19550002507946,0.00181752325626511,0.00197960128188665,4.87266410903609,0.173294366023783
8,RR,22,AG-R,RT_Pronation_pro_R,0.13949689432856,0.116117047884825,0.255613942213386,0.00234244510945054,0.00256569844034667,4.85371941448485,0.171641178243014
8,RR,23,mIPS-R,RT_Pronation_pro_R,0.0735575808385999,0.141736089912868,0.215293670751468,0.00219362543252153,0.00239786646082818,4.86036336327428,0.174915524687858
8,RR,24,VIP-R,RT_Pronation_pro_R,0.124566408791104,0.124424130398169,0.248990539189274,0.00226544818000488,0.00247746250590907,4.85686510606359,0.171779863581723
8,RR,25,SPOC-R,RT_Pronation_pro_R,0.119574118739359,0.113261225354852,0.232835344094211,0.00209652844923824,0.00227992069944539,4.86293484192572,0.171882284905751
8,RR,26,S1-R,RT_Pronation_pro_R,0.0839020185969105,0.0758257269314023,0.159727745528313,0.00170097640341431,0.00185063819720197,4.8795727020609,0.173880575613581
8,RR,27,M1-R,RT_Pronation_pro_R,0.0725763754972691,0.0830545702207835,0.155630945718053,0.00168912069424554,0.00183310949079592,4.88176569273054,0.17653760307705
8,RR,28,SMA-R,RT_Pronation_pro_R,0.0895106833183713,0.107926562867148,0.197437246185519,0.00218570998878194,0.0023903215959964,4.86008875670324,0.176832835271696
8,RR,29,PMd-R,RT_Pronation_pro_R,0.111965232345608,0.14999868137301,0.261963913718618,0.00263197276365203,0.00288096021772454,4.84453635227299,0.173324694408838
8,RR,30,PMv-R,RT_Pronation_pro_R,0.147649257911631,0.0895560226811483,0.23720528059278,0.00227703245835327,0.00249181015333403,4.85535678722969,0.173026040411477
8,RR,31,FEF-R,RT_Pronation_pro_R,0.104743917301535,0.112398246011768,0.217142163313302,0.0021923230918743,0.00239431740495213,4.85959616126334,0.174872418772483
8,RR,32,POJ-R,RT_Pronation_pro_R,0.109630195766928,0.0962616669638982,0.205891862730826,0.00223949567255815,0.00245057545517286,4.85737048986289,0.175793054474176
9,SJB,1,V1-L,RT_Pronation_pro_R,0.0419834099180016,0.0372156804373117,0.0791990903553133,0.00103059320109072,0.00110663843543826,4.5612910507197,0.112920080360326
9,SJB,2,V3-L,RT_Pronation_pro_R,0.0490143751551172,0.0902388330448756,0.139253208199993,0.00133823534723672,0.0014351406168578,4.54288855940429,0.110084854954617
9,SJB,3,STS-L,RT_Pronation_pro_R,0.0304185719213426,0.0384707338131107,0.0688893057344533,0.000920063541182401,0.000984265966787105,4.56824977619921,0.113126552382032
9,SJB,4,IPL-L,RT_Pronation_pro_R,0.0950699154815247,0.0678008314682689,0.162870746949794,0.00176800144120657,0.00189626490067267,4.52250156965394,0.109333435580424
9,SJB,5,SPL-L,RT_Pronation_pro_R,0.0447716741694881,0.083253295103611,0.128024969273099,0.00135039086961983,0.00144203474297351,4.54307755521549,0.110337027344752
9,SJB,6,AG-L,RT_Pronation_pro_R,0.0701603173780542,0.0659878012971193,0.136148118675174,0.00149648871318655,0.00160274611371401,4.53556003775404,0.110975655837357
9,SJB,7,mIPS-L,RT_Pronation_pro_R,0.0441057199497127,0.0707880462184206,0.114893766168133,0.0013566643584417,0.00144969526503084,4.54330042196127,0.111528782738708
9,SJB,8,VIP-L,RT_Pronation_pro_R,0.109759438146185,0.0402576805114096,0.150017118657595,0.00146545646567548,0.00157012722086469,4.53735851715082,0.109268024742241
9,SJB,9,SPOC-L,RT_Pronation_pro_R,0.0861632690143505,0.0487822110138819,0.134945480028232,0.00146845281880876,0.0015720338173219,4.53812288784979,0.111395393799433
9,SJB,10,S1-L,RT_Pronation_pro_R,0.0736415665949302,0.0840962903783356,0.157737856973266,0.00158336888965581,0.00169494470958889,4.53194073572333,0.109155058886927
9,SJB,11,M1-L,RT_Pronation_pro_R,0.0450570429324195,0.12354417719701,0.168601220129429,0.00142054439311511,0.00151477608828699,4.5393034223816,0.107673282594303
9,SJB,12,SMA-L,RT_Pronation_pro_R,0.0772473625005293,0.069328895774354,0.146576258274883,0.00139231172451584,0.0014893578437223,4.54043115178849,0.108988264400752
9,SJB,13,PMd-L,RT_Pronation_pro_R,0.0628213988670988,0.0711555931095621,0.133976991976661,0.00141588366146687,0.00151248701464057,4.54041897264787,0.110783192256504
9,SJB,14,PMv-L,RT_Pronation_pro_R,0.0858189045353377,0.0334474680116095,0.119266372546947,0.00123098698135023,0.00131501723589017,4.55113963383681,0.111721022412144
9,SJB,15,FEF-L,RT_Pronation_pro_R,0.0577318445082871,0.0482434333467206,0.105975277855008,0.0012829661271269,0.0013752823495359,4.54699308624784,0.112129789499763
9,SJB,16,POJ-L,RT_Pronation_pro_R,0.0580093179898649,0.0516321771064138,0.109641495096279,0.00130850498605412,0.00139862474314508,4.5454665685438,0.11192955024655
9,SJB,17,V1-R,RT_Pronation_pro_R,0.036399271368753,0.0482942818071654,0.0846935531759184,0.00108073629445193,0.00115523674395095,4.55881200010479,0.112327492668699
9,SJB,18,V3-R,RT_Pronation_pro_R,0.0758080071094152,0.0540759818475265,0.129883988956942,0.00148022437985813,0.00158615827507776,4.53721949926844,0.110563706269989
9,SJB,19,STS-R,RT_Pronation_pro_R,0.0601350004196564,0.0553699525920248,0.115504953011681,0.00138835427341969,0.00148898659745867,4.54111141607858,0.111782079612775
9,SJB,20,IPL-R,RT_Pronation_pro_R,0.114222602314829,0.1279927267876,0.242215329102429,0.00194981908762557,0.00207909566440805,4.51327901148656,0.099738885724847
9,SJB,21,SPL-R,RT_Pronation_pro_R,0.0699216062634704,0.0817633483581984,0.151684954621669,0.001619081120396,0.00173674041035691,4.52950054529139,0.108882661551842
9,SJB,22,AG-R,RT_Pronation_pro_R,0.0656123275714951,0.0551721216286504,0.120784449200145,0.00130728229959776,0.00140018064086936,4.54621319913526,0.111111649428737
9,SJB,23,mIPS-R,RT_Pronation_pro_R,0.0558346682820253,0.0753725989381416,0.131207267220167,0.00137352033873222,0.00146675945448499,4.54241059523772,0.109176172842781
9,SJB,24,VIP-R,RT_Pronation_pro_R,0.0890078212051668,0.0667179689930085,0.155725790198175,0.00156687102555964,0.00167702496975866,4.53268238499334,0.109289258106057
9,SJB,25,SPOC-R,RT_Pronation_pro_R,0.0683360878234975,0.0785413509638098,0.146877438787307,0.00140533241063836,0.00150451201070228,4.53887559471829,0.109266911769203
9,SJB,26,S1-R,RT_Pronation_pro_R,0.0695025910578226,0.0501626430323115,0.119665234090134,0.00103689066498264,0.0011090326498346,4.56120610036421,0.108474370713391
9,SJB,27,M1-R,RT_Pronation_pro_R,0.0599337648308894,0.100060810382599,0.159994575213489,0.00132363828962306,0.0014263429886074,4.54156635015262,0.107755056721892
9,SJB,28,SMA-R,RT_Pronation_pro_R,0.0663054957392157,0.0828701844216107,0.149175680160826,0.00151952474615669,0.00163197648481485,4.53420726435704,0.109982584593295
9,SJB,29,PMd-R,RT_Pronation_pro_R,0.0511377328306104,0.092154753148096,0.143292485978706,0.00134098010645664,0.00143718009740902,4.54395497493708,0.109330406757508
9,SJB,30,PMv-R,RT_Pronation_pro_R,0.0877389606433892,0.0599569250280332,0.147695885671422,0.00144920197677586,0.00155170782547042,4.53876833436351,0.109374269351068
9,SJB,31,FEF-R,RT_Pronation_pro_R,0.0970637653577114,0.0493821049588519,0.146445870316563,0.00155348307937696,0.00166784654204882,4.53160159370538,0.110364687720623
9,SJB,32,POJ-R,RT_Pronation_pro_R,0.0718936419710396,0.0684965731315879,0.140390215102628,0.00133669290808695,0.0014240997005598,4.54381272749631,0.109003771341329
10,BG,1,V1-L,RT_Pronation_pro_R,0.114827029145846,0.0497831589461814,0.164610188092027,0.00159779624109512,0.00173145427303721,4.56734727925953,0.11807939397416
10,BG,2,V3-L,RT_Pronation_pro_R,0.0391977242919067,0.123391167579697,0.162588891871603,0.00152827911824932,0.00164976990092558,4.57157088841312,0.1192864315806
10,BG,3,STS-L,RT_Pronation_pro_R,0.0525783910899616,0.0436898531876921,0.0962682442776538,0.00109984367951715,0.00118762682531365,4.59479467264988,0.121285928855286
10,BG,4,IPL-L,RT_Pronation_pro_R,0.05678341238139,0.112000003741669,0.168783416123059,0.00171494870967019,0.00185879787253313,4.56373335417461,0.119231691371843
10,BG,5,SPL-L,RT_Pronation_pro_R,0.0755482787369405,0.0770085625159384,0.152556841252879,0.00153390002472326,0.00167127351926277,4.56896226642474,0.119392348445537
10,BG,6,AG-L,RT_Pronation_pro_R,0.0753253414239931,0.0800640797854112,0.155389421209404,0.00138204853531529,0.0014852315351586,4.5790019532045,0.117767873158226
10,BG,7,mIPS-L,RT_Pronation_pro_R,0.0854394099345226,0.0736645022686541,0.159103912203177,0.00157005041974922,0.00170228382836586,4.5692966099197,0.119488780410532
10,BG,8,VIP-L,RT_Pronation_pro_R,0.091439318858772,0.0866611365398759,0.178100455398648,0.00163078610363088,0.00175914681891263,4.56720657809594,0.117871305471408
10,BG,9,SPOC-L,RT_Pronation_pro_R,0.0661334979216932,0.143820112366658,0.209953610288351,0.00185207374287187,0.00201251756927428,4.55410830411644,0.11696483801106
10,BG,10,S1-L,RT_Pronation_pro_R,0.163074186385355,0.105158789989802,0.268232976375157,0.00212803146627649,0.00231182874138924,4.54208561071976,0.114834254996847
10,BG,11,M1-L,RT_Pronation_pro_R,0.114656704864737,0.109238078892053,0.22389478375679,0.00174187037414227,0.00188988396093066,4.55984812353538,0.116780323428514
10,BG,12,SMA-L,RT_Pronation_pro_R,0.027076367256176,0.0835501754522655,0.110626542708442,0.00117389943837758,0.00127691134687225,4.58800157505745,0.120923282389103
10,BG,13,PMd-L,RT_Pronation_pro_R,0.0602018142967737,0.147417845207813,0.207619659504586,0.00153855108782184,0.00166292064598251,4.5680482131771,0.116786132217453
10,BG,14,PMv-L,RT_Pronation_pro_R,0.0552099118752928,0.0488889135819843,0.104098825457277,0.00122887908176184,0.00133617997401808,4.58672400294863,0.120932515774112
10,BG,15,FEF-L,RT_Pronation_pro_R,0.0844713094702426,0.0617913626062109,0.146262672076454,0.00126781439404714,0.001364200111069,4.58506867453932,0.11794068132459
10,BG,16,POJ-L,RT_Pronation_pro_R,0.0711640294496048,0.0443017182115271,0.115465747661132,0.00124247257559087,0.00134599197235294,4.58603429138785,0.120796028646128
10,BG,17,V1-R,RT_Pronation_pro_R,0.0787690324514496,0.0534999514371669,0.132268983888616,0.00149236657312305,0.00161748131087529,4.57279989950469,0.120783490700637
10,BG,18,V3-R,RT_Pronation_pro_R,0.0769202563087471,0.0445991901417031,0.12151944645045,0.00130444818816436,0.00141285217269025,4.58199261156462,0.121225365465911
10,BG,19,STS-R,RT_Pronation_pro_R,0.0436200562638052,0.0621038487158103,0.105723904979616,0.00117057782992625,0.0012603936737641,4.59055759806807,0.120832245029058
10,BG,20,IPL-R,RT_Pronation_pro_R,0.0685143038640514,0.0495695932574769,0.118083897121528,0.00132983683651154,0.00143651383310897,4.58218944413939,0.121312465339615
10,BG,21,SPL-R,RT_Pronation_pro_R,0.0608723822024222,0.0800985722178756,0.140970954420298,0.00143451103043659,0.00154561402651871,4.57570569023195,0.11945512301691
10,BG,22,AG-R,RT_Pronation_pro_R,0.0547238376860593,0.0195590388817681,0.0742828765678274,0.00099536354190166,0.00107800203196724,4.60034554306622,0.123052412981372
10,BG,23,mIPS-R,RT_Pronation_pro_R,0.116673579619107,0.0352906631798434,0.15196424279895,0.00135420031749355,0.00146453254599827,4.57971563691143,0.119611049574139
10,BG,24,VIP-R,RT_Pronation_pro_R,0.062972671428514,0.07574931701585,0.138721988444364,0.00148031671130081,0.00160734631028687,4.57242736437902,0.120556271278541
10,BG,25,SPOC-R,RT_Pronation_pro_R,0.111760640861471,0.0509005515224175,0.162661192383889,0.00151233417308972,0.00162561215054556,4.57340652362988,0.118689311402306
10,BG,26,S1-R,RT_Pronation_pro_R,0.0578118828869316,0.0846928070584265,0.142504689945358,0.00143477155622556,0.00155517665502618,4.5758775127726,0.119435744903016
10,BG,27,M1-R,RT_Pronation_pro_R,0.085828280681268,0.087632698662959,0.173460979344227,0.00151860433888716,0.00163998489528693,4.57175741988732,0.117505761248287
10,BG,28,SMA-R,RT_Pronation_pro_R,0.0697220768234351,0.0732980970328413,0.143020173856276,0.00153165102294896,0.00166445355918513,4.57140785160879,0.119685532998765
10,BG,29,PMd-R,RT_Pronation_pro_R,0.0683365181406783,0.0975746023737134,0.165911120514392,0.00137655980083505,0.00149700053615019,4.57764674875929,0.118296612312299
10,BG,30,PMv-R,RT_Pronation_pro_R,0.0683484222535705,0.0820715455639228,0.150419967817493,0.00141109636334331,0.0015319889861306,4.5753208238948,0.118574316342219
10,BG,31,FEF-R,RT_Pronation_pro_R,0.0989001926098701,0.0852418548026049,0.184142047412475,0.00159823922374842,0.00173767468407296,4.56688365927039,0.117909973386041
10,BG,32,POJ-R,RT_Pronation_pro_R,0.0777907739419329,0.0623798426687084,0.140170616610641,0.00138677395191658,0.00149925162033214,4.57842725916714,0.120201304337815
1,DOC,1,V1-L,RT_Pronation_anti_L,0.06192304849289,0.0407673803251429,0.102690428818033,0.00128386416689238,0.00137154974159706,4.5442557606666,0.100330849206573
1,DOC,2,V3-L,RT_Pronation_anti_L,0.0822953648363569,0.048674158556384,0.130969523392741,0.00139269417619758,0.00147476599357853,4.5407141772119,0.099208899254029
1,DOC,3,STS-L,RT_Pronation_anti_L,0.0484721656563495,0.0748257975795583,0.123297963235908,0.00145522334631739,0.00154623515941535,4.53669422292739,0.0999375611114961
1,DOC,4,IPL-L,RT_Pronation_anti_L,0.0646179722808639,0.0783384205634595,0.142956392844323,0.00158290410319746,0.00168052450593773,4.53254783172584,0.0995516765525189
1,DOC,5,SPL-L,RT_Pronation_anti_L,0.0597142496463231,0.0888260366193402,0.148540286265663,0.00158308874633446,0.00168223302162689,4.53101809986823,0.0987894904436501
1,DOC,6,AG-L,RT_Pronation_anti_L,0.0733923749222415,0.0225259377057713,0.0959183126280129,0.00112737383767479,0.00119484719902592,4.5555430979409,0.100989394281676
1,DOC,7,mIPS-L,RT_Pronation_anti_L,0.0653638749342061,0.046646043819583,0.112009918753789,0.00136235824913484,0.00144519246083132,4.54236493722273,0.100680900361045
1,DOC,8,VIP-L,RT_Pronation_anti_L,0.10548945285707,0.069357904331487,0.174847357188557,0.00173903125020732,0.00184479300556975,4.52316684807795,0.0979943027886101
1,DOC,9,SPOC-L,RT_Pronation_anti_L,0.0786181144942116,0.0606920880884814,0.139310202582693,0.00156166010724617,0.00166159907327159,4.53209694331518,0.0991000027130922
1,DOC,10,S1-L,RT_Pronation_anti_L,0.0633144392696464,0.0981175181532954,0.161431957422942,0.0016377967034827,0.00173458476815918,4.52972902715054,0.0984327089827598
1,DOC,11,M1-L,RT_Pronation_anti_L,0.0429059097931303,0.116834191744768,0.159740101537898,0.00150002137704175,0.00158639083820561,4.53695678768329,0.0974600127375461
1,DOC,12,SMA-L,RT_Pronation_anti_L,0.0736670773592012,0.0664009800522907,0.140068057411492,0.00146061147100558,0.00154799498906572,4.53825854183475,0.0985900506104931
1,DOC,13,PMd-L,RT_Pronation_anti_L,0.0631715552723361,0.103692495844325,0.166864051116661,0.00152778366508461,0.00161912758393565,4.53484116275913,0.0969480529424921
1,DOC,14,PMv-L,RT_Pronation_anti_L,0.0487449333191239,0.0364888928736375,0.0852338261927614,0.00105747985251383,0.00111678368434233,4.56108868003254,0.100979964700421
1,DOC,15,FEF-L,RT_Pronation_anti_L,0.0882835017778436,0.111071850600872,0.199355352378715,0.00181426608726447,0.00191295015735611,4.51913425602102,0.0925299946322701
1,DOC,16,POJ-L,RT_Pronation_anti_L,0.037164924763244,0.0941383159492737,0.131303240712518,0.00141466987039498,0.00150036301277551,4.54000225948709,0.0998534602329259
1,DOC,17,V1-R,RT_Pronation_anti_L,0.0576710534388805,0.0428437752662505,0.100514828705131,0.00108545148637754,0.00115338436396336,4.55740472264025,0.099607622957196
1,DOC,18,V3-R,RT_Pronation_anti_L,0.0553266516687885,0.0591396844957428,0.114466336164531,0.00122894835725306,0.00130878574288635,4.54764645315188,0.0997905143718041
1,DOC,19,STS-R,RT_Pronation_anti_L,0.0491290745314859,0.0441685537763621,0.093297628307848,0.00112335463934629,0.00119660621637823,4.55566687290709,0.101338834153211
1,DOC,20,IPL-R,RT_Pronation_anti_L,0.062814019023742,0.0657079408202174,0.128521959843959,0.00137217059361113,0.00145424146982597,4.5409768647176,0.0995689511782674
1,DOC,21,SPL-R,RT_Pronation_anti_L,0.053003438203797,0.069569690521136,0.122573128724933,0.0012797223049744,0.00135542547267641,4.54756428323028,0.0999468306364512
1,DOC,22,AG-R,RT_Pronation_anti_L,0.0415778169149784,0.0537084931375981,0.0952863100525765,0.00119926978743262,0.00127556820788367,4.55058340965039,0.101596807906196
1,DOC,23,mIPS-R,RT_Pronation_anti_L,0.0512263887243666,0.0527356934043989,0.103962082128766,0.00120812030960907,0.00128179016701137,4.55124089672519,0.100942590504991
1,DOC,24,VIP-R,RT_Pronation_anti_L,0.0860181282384552,0.0753604669712102,0.161378595209665,0.00156411500398688,0.0016635314056708,4.53155485485124,0.0979221974705526
1,DOC,25,SPOC-R,RT_Pronation_anti_L,0.0583296161990627,0.0463209878552258,0.104650604054288,0.00119701836254098,0.00126749041287744,4.5509604190405,0.100066904188516
1,DOC,26,S1-R,RT_Pronation_anti_L,0.107037404476166,0.0670182202993665,0.174055624775532,0.00170949462921717,0.00181890522085415,4.52438321276505,0.0973361160413907
1,DOC,27,M1-R,RT_Pronation_anti_L,0.114161846317027,0.0700264333315586,0.184188279648585,0.00166180696904097,0.00176159037025775,4.52847409780323,0.0971139322308282
1,DOC,28,SMA-R,RT_Pronation_anti_L,0.0667198414337202,0.0658843298996123,0.132604171333333,0.00148189873659983,0.00157310490512851,4.53705842882524,0.0994407513043051
1,DOC,29,PMd-R,RT_Pronation_anti_L,0.0462088519259333,0.0725249176176716,0.118733769543605,0.00128928532779655,0.00137440011224223,4.54542890617587,0.0999792871895516
1,DOC,30,PMv-R,RT_Pronation_anti_L,0.0500682453380429,0.0753336192908034,0.125401864628846,0.00139714531035344,0.00148716950325911,4.54032619194848,0.0992230726115342
1,DOC,31,FEF-R,RT_Pronation_anti_L,0.0892642945720453,0.0330519112766834,0.122316205848729,0.0011866906981704,0.00125365696105507,4.55193351130203,0.0983084854517507
1,DOC,32,POJ-R,RT_Pronation_anti_L,0.0501722228030415,0.0450751227130632,0.0952473455161047,0.00115588170524406,0.00122479145758061,4.55397943547699,0.100707908531615
2,GB,1,V1-L,RT_Pronation_anti_L,0.0702229807967293,0.0636219198325369,0.133844900629266,0.00153715309792747,0.00166945179917181,4.71571549594801,0.14246388160672
2,GB,2,V3-L,RT_Pronation_anti_L,0.0882365019462779,0.0902056661455026,0.178442168091781,0.00185977051663032,0.00201297143752209,4.7017097089479,0.140738786823736
2,GB,3,STS-L,RT_Pronation_anti_L,0.0842172726192924,0.0601355321837826,0.144352804803075,0.00161711366649705,0.00174669911339767,4.7126968903057,0.141434557125872
2,GB,4,IPL-L,RT_Pronation_anti_L,0.102853441307939,0.109084991097929,0.211938432405868,0.00196198220668167,0.00211480797228142,4.69615052025939,0.13754978958831
2,GB,5,SPL-L,RT_Pronation_anti_L,0.104751374571785,0.103889135131969,0.208640509703754,0.00199039409975573,0.00215674852394872,4.69519946513826,0.138846905756797
2,GB,6,AG-L,RT_Pronation_anti_L,0.0788743632091516,0.0924831294621239,0.171357492671276,0.00177787330520187,0.00191955392942908,4.70491277983924,0.140774732444845
2,GB,7,mIPS-L,RT_Pronation_anti_L,0.126625033943262,0.102030692747427,0.228655726690689,0.00213696719992642,0.00231052583964966,4.68994780420074,0.137159286298288
2,GB,8,VIP-L,RT_Pronation_anti_L,0.106492742859489,0.0954584155158355,0.201951158375324,0.00194384525289255,0.0021085153793803,4.69728828501584,0.138712626382091
2,GB,9,SPOC-L,RT_Pronation_anti_L,0.113424664486001,0.0849979770646983,0.198422641550699,0.00197064699405429,0.00212992071167612,4.69721636046993,0.138680564265319
2,GB,10,S1-L,RT_Pronation_anti_L,0.0983531508117323,0.0892466139738598,0.187599764785592,0.00177996976064393,0.0019271759217653,4.70534556564261,0.138659932975761
2,GB,11,M1-L,RT_Pronation_anti_L,0.0591164447857682,0.116368589424189,0.175485034209957,0.00181725044345332,0.00196221709827542,4.70432003968203,0.140361325883721
2,GB,12,SMA-L,RT_Pronation_anti_L,0.118160548794329,0.076765467102853,0.194926015897182,0.00200951312238175,0.00217001483709708,4.69609761335657,0.140094307547162
2,GB,13,PMd-L,RT_Pronation_anti_L,0.0400493614816028,0.0425317336145704,0.0825810950961732,0.00109595670472754,0.00118476371431806,4.73849337959282,0.144535799552669
2,GB,14,PMv-L,RT_Pronation_anti_L,0.0881508969146186,0.0829293909027324,0.171080287817351,0.00157957678245126,0.00169882183867536,4.71452361324138,0.137480355090801
2,GB,15,FEF-L,RT_Pronation_anti_L,0.0646767246075992,0.0544100022108076,0.119086726818407,0.00141123286448916,0.00153203669685736,4.72159593856003,0.142559263851308
2,GB,16,POJ-L,RT_Pronation_anti_L,0.085218116287377,0.0900859367888193,0.175304053076196,0.00169854723454306,0.00183443866670866,4.70957685891023,0.139953994772288
2,GB,17,V1-R,RT_Pronation_anti_L,0.0496139966954541,0.0596118728016324,0.109225869497087,0.00122137949207574,0.00131658300777719,4.73238719979894,0.142422879985074
2,GB,18,V3-R,RT_Pronation_anti_L,0.0919050817266677,0.0840370203777957,0.175942102104463,0.00173533498352429,0.00187456506773469,4.70648286043846,0.139072428931063
2,GB,19,STS-R,RT_Pronation_anti_L,0.118404978628716,0.125548341864668,0.243953320493384,0.00225159508379444,0.00243554760192963,4.68331326427389,0.135451634505216
2,GB,20,IPL-R,RT_Pronation_anti_L,0.0846560112714057,0.0953911509856857,0.180047162257091,0.00181922085022892,0.0019573951174995,4.70380007152611,0.139416477474624
2,GB,21,SPL-R,RT_Pronation_anti_L,0.101201816825579,0.0766491803689226,0.177850997194501,0.00182893040730396,0.00197407130337139,4.70254242670637,0.13979747045799
2,GB,22,AG-R,RT_Pronation_anti_L,0.0571320521503236,0.11322182297986,0.170353875130184,0.00159893183323398,0.00172186842489049,4.7130957886485,0.139048941626289
2,GB,23,mIPS-R,RT_Pronation_anti_L,0.0822109354178789,0.0718784671508802,0.154089402568759,0.00156687432004915,0.00169038674154436,4.71385029424622,0.139999766398741
2,GB,24,VIP-R,RT_Pronation_anti_L,0.0551511224502243,0.0866353990903182,0.141786521540542,0.00152677893182711,0.00164699498979507,4.71626439057124,0.141991234836182
2,GB,25,SPOC-R,RT_Pronation_anti_L,0.0806132895509361,0.146025347692734,0.22663863724367,0.00207742406310465,0.00223722970502088,4.69271195374239,0.138252798802652
2,GB,26,S1-R,RT_Pronation_anti_L,0.120848611733485,0.0688860902447031,0.189734701978188,0.00189141407474798,0.0020420988341816,4.70085141072582,0.13914765467489
2,GB,27,M1-R,RT_Pronation_anti_L,0.0800507587049675,0.06692318816511,0.146973946870077,0.00170616508624629,0.00184507512706048,4.70850303585233,0.142956129579319
2,GB,28,SMA-R,RT_Pronation_anti_L,0.0703027371319404,0.0964281133968064,0.166730850528747,0.00170879931463241,0.0018500868030319,4.70738629105179,0.140886095261422
2,GB,29,PMd-R,RT_Pronation_anti_L,0.0889679611807871,0.0719635205024673,0.160931481683254,0.00169334495193562,0.00183187383714503,4.70810101242636,0.141306634400904
2,GB,30,PMv-R,RT_Pronation_anti_L,0.0824375583498113,0.0708728415745474,0.153310399924359,0.00167949748052086,0.00181085973164307,4.70992225210236,0.140720758297471
2,GB,31,FEF-R,RT_Pronation_anti_L,0.0522617623624306,0.0671211902327727,0.119382952595203,0.00144364459642644,0.0015585157724785,4.72115398155046,0.142550900262907
2,GB,32,POJ-R,RT_Pronation_anti_L,0.0829695906948732,0.0727131436698937,0.155682734364767,0.00164884231122242,0.0017766984667491,4.71177692406819,0.141139646056168
3,JDC,1,V1-L,RT_Pronation_anti_L,0.130657469597532,0.0777013622422963,0.208358831839828,0.00187390778323181,0.00203441304947692,4.61061262121301,0.132065528793501
3,JDC,2,V3-L,RT_Pronation_anti_L,0.049037621125988,0.0870408911754828,0.136078512301471,0.00141310727592352,0.00154052614531615,4.63382423778636,0.13823673801615
3,JDC,3,STS-L,RT_Pronation_anti_L,0.079420930102619,0.0826773946924915,0.162098324795111,0.00154309493972346,0.00168032067032751,4.62579012760989,0.137108765190843
3,JDC,4,IPL-L,RT_Pronation_anti_L,0.110126130889352,0.0763511633186466,0.186477294207998,0.00174505280208382,0.00189694448565334,4.61742524699878,0.135872836912341
3,JDC,5,SPL-L,RT_Pronation_anti_L,0.0943108917960224,0.0868240550755343,0.181134946871557,0.00175226006289401,0.0019131095668887,4.61716501034218,0.137096206940909
3,JDC,6,AG-L,RT_Pronation_anti_L,0.0585066878988514,0.0778511155885548,0.136357803487406,0.00144054985125542,0.00156941752014429,4.63283289307895,0.138199219171658
3,JDC,7,mIPS-L,RT_Pronation_anti_L,0.0733557113763313,0.0522564051141547,0.125612116490486,0.00134207122236446,0.00146646073584693,4.63842745320913,0.138281220469607
3,JDC,8,VIP-L,RT_Pronation_anti_L,0.119323863124546,0.0619321643730321,0.181256027497578,0.00159503457116797,0.00173681911953187,4.6251001428296,0.136029956305449
3,JDC,9,SPOC-L,RT_Pronation_anti_L,0.0493491465521702,0.202976194609973,0.252325341162144,0.00196701006462982,0.00214541178582123,4.60813409089876,0.134174775833369
3,JDC,10,S1-L,RT_Pronation_anti_L,0.111157993729199,0.0735764346272706,0.18473442835647,0.00155738066652563,0.00169628632081911,4.62655716040349,0.137431065703186
3,JDC,11,M1-L,RT_Pronation_anti_L,0.0860271282102871,0.104906475008997,0.190933603219284,0.00155455378768122,0.00168934422490136,4.62736343766923,0.135431431114965
3,JDC,12,SMA-L,RT_Pronation_anti_L,0.0513658006899891,0.0393460094926847,0.0907118101826737,0.00114000034334476,0.00124386994788236,4.64909405865732,0.140021919696108
3,JDC,13,PMd-L,RT_Pronation_anti_L,0.0717564560897511,0.0576405861230429,0.129397042212794,0.00132859168267742,0.00144713393951326,4.63917503017128,0.138489168658399
3,JDC,14,PMv-L,RT_Pronation_anti_L,0.0682518910689185,0.0684479396359994,0.136699830704918,0.00152526248147855,0.00166750513337623,4.62740843422861,0.138611203941463
3,JDC,15,FEF-L,RT_Pronation_anti_L,0.0473143438394917,0.0511090166979763,0.098423360537468,0.00117423532737962,0.00128617823036264,4.64671601720905,0.140203774965181
3,JDC,16,POJ-L,RT_Pronation_anti_L,0.128365396579894,0.0582083732682899,0.186573769848184,0.00159166312365819,0.00173336635209113,4.62606489845251,0.13508015945954
3,JDC,17,V1-R,RT_Pronation_anti_L,0.0397397450490215,0.0854208229376467,0.125160567986668,0.00142916263114381,0.00156602616393283,4.63335113918857,0.139273223792675
3,JDC,18,V3-R,RT_Pronation_anti_L,0.0976141854092627,0.0580093706657107,0.155623556074973,0.0014991287256363,0.00163826451933298,4.63003016292718,0.137239412500458
3,JDC,19,STS-R,RT_Pronation_anti_L,0.0522433275363042,0.050813005075732,0.103056332612036,0.00126391563319876,0.00138119919466689,4.64172558302379,0.140935716874526
3,JDC,20,IPL-R,RT_Pronation_anti_L,0.0601640363497343,0.107354051501669,0.167518087851403,0.00167095232808523,0.00182625252429183,4.62332814646604,0.138020218091068
3,JDC,21,SPL-R,RT_Pronation_anti_L,0.105527457473536,0.119617980138905,0.225145437612441,0.00201731991322499,0.00220157587073332,4.60661214620782,0.135780117877567
3,JDC,22,AG-R,RT_Pronation_anti_L,0.134482411027866,0.0682064984274276,0.202688909455294,0.00167593086994856,0.00182804436767826,4.6208573095753,0.132547384989465
3,JDC,23,mIPS-R,RT_Pronation_anti_L,0.163994406399337,0.0618426315892928,0.22583703798863,0.00174455780145077,0.00189848806549797,4.61826197519587,0.134752215107401
3,JDC,24,VIP-R,RT_Pronation_anti_L,0.0730142209389796,0.0898035136729042,0.162817734611884,0.00165732217338166,0.00180906116433513,4.62435691264677,0.137757870290019
3,JDC,25,SPOC-R,RT_Pronation_anti_L,0.0709620868557717,0.202364693725404,0.273326780581176,0.0019513056324467,0.00211758731459429,4.60849227731785,0.129980849842677
3,JDC,26,S1-R,RT_Pronation_anti_L,0.0629999488446238,0.0481226459077417,0.111122594752366,0.0013008224288814,0.0014170241435738,4.63929325375217,0.140218412547219
3,JDC,27,M1-R,RT_Pronation_anti_L,0.0513394139010468,0.0484804672179195,0.0998198811189663,0.00123048501018031,0.00133877276058523,4.64372600248673,0.140672213715555
3,JDC,28,SMA-R,RT_Pronation_anti_L,0.0480911391113983,0.0582340156268595,0.106325154738258,0.00124133242224735,0.00135682397494762,4.64334627156931,0.139686669181308
3,JDC,29,PMd-R,RT_Pronation_anti_L,0.0705507016927291,0.0918307006371223,0.162381402329851,0.00167481070435967,0.0018225102399277,4.62056475710753,0.136025054737907
3,JDC,30,PMv-R,RT_Pronation_anti_L,0.0572779538088741,0.1099618902553,0.167239844064175,0.00165412801154221,0.00180314030147507,4.62312522137642,0.137428004357526
3,JDC,31,FEF-R,RT_Pronation_anti_L,0.0830327047840826,0.0573197068636148,0.140352411647697,0.00146814390176067,0.00160079227377602,4.63172590655705,0.138293507716141
3,JDC,32,POJ-R,RT_Pronation_anti_L,0.132550266057547,0.115683892623381,0.248234158680928,0.00187246233535232,0.00203752707833116,4.61258932513043,0.132018574445666
4,JFXD,1,V1-L,RT_Pronation_anti_L,0.0576352812759273,0.0445448212763451,0.102180102552272,0.00127854818088143,0.00136176102089976,4.67201784416251,0.121847725077601
4,JFXD,2,V3-L,RT_Pronation_anti_L,0.0694834213160479,0.0615709333054776,0.131054354621525,0.00149886858626125,0.00160149221328597,4.65930032809088,0.120997940920157
4,JFXD,3,STS-L,RT_Pronation_anti_L,0.0452899669719932,0.0569738789416421,0.102263845913635,0.00133539062395334,0.0014249001792602,4.66885654164437,0.120763615920514
4,JFXD,4,IPL-L,RT_Pronation_anti_L,0.0734325814895546,0.065866983662188,0.139299565151743,0.00141989819765277,0.00151407408675984,4.66467510368324,0.120400424765458
4,JFXD,5,SPL-L,RT_Pronation_anti_L,0.0871659978812508,0.051792907591232,0.138958905472483,0.00163602361805019,0.00174352965017963,4.6545773032174,0.120248128809447
4,JFXD,6,AG-L,RT_Pronation_anti_L,0.0877279425845626,0.0576859607353781,0.145413903319941,0.0015965466034045,0.00169979034078056,4.65725452105588,0.120368998613399
4,JFXD,7,mIPS-L,RT_Pronation_anti_L,0.105673365328205,0.0564567154653049,0.16213008079351,0.00178768531372262,0.00190601619980543,4.64881022953571,0.119551509071412
4,JFXD,8,VIP-L,RT_Pronation_anti_L,0.0950024737158381,0.050565108163473,0.145567581879311,0.00149701710632759,0.00159074964004236,4.6613443874269,0.1206289825233
4,JFXD,9,SPOC-L,RT_Pronation_anti_L,0.0868245079583659,0.0825746507588202,0.169399158717186,0.0017747564751889,0.00189532347230139,4.64861737232691,0.118410157976709
4,JFXD,10,S1-L,RT_Pronation_anti_L,0.107933913741688,0.0493462673919258,0.157280181133614,0.00149470148355994,0.00159425102517363,4.6608566701349,0.119781509207547
4,JFXD,11,M1-L,RT_Pronation_anti_L,0.0713325914997832,0.0429030476441997,0.114235639143983,0.0012809321959435,0.00136396426311865,4.67272846927725,0.121750572560376
4,JFXD,12,SMA-L,RT_Pronation_anti_L,0.0640336088363346,0.0689265190693333,0.132960127905668,0.00132082088583027,0.00139802154116516,4.67195393927567,0.119889572888366
4,JFXD,13,PMd-L,RT_Pronation_anti_L,0.0699741327870927,0.0326679058743477,0.10264203866144,0.00125320551411696,0.00133289997927578,4.67466712196688,0.122179263940405
4,JFXD,14,PMv-L,RT_Pronation_anti_L,0.191307486934868,0.0959985530126307,0.287306039947499,0.00232838113873145,0.002480028937642,4.61972046538153,0.1100825113391
4,JFXD,15,FEF-L,RT_Pronation_anti_L,0.0972492529546475,0.106744137757407,0.203993390712054,0.00164295448393729,0.00175272370134819,4.65257583551199,0.116717673797534
4,JFXD,16,POJ-L,RT_Pronation_anti_L,0.0564033309223067,0.0806077317924889,0.137011062714796,0.00163624741768655,0.00175213594966696,4.65353276928228,0.121058204580996
4,JFXD,17,V1-R,RT_Pronation_anti_L,0.054330142195264,0.0563417766045733,0.110671918799837,0.00129010326400457,0.00138164964556641,4.66962248267213,0.121132093022816
4,JFXD,18,V3-R,RT_Pronation_anti_L,0.0897070599568455,0.0362705715650724,0.125977631521918,0.00125089689967723,0.0013329284365471,4.67336817423802,0.120519576033163
4,JFXD,19,STS-R,RT_Pronation_anti_L,0.115890938165382,0.0888143532230435,0.204705291388426,0.00194376802933821,0.00207335716018168,4.63885910296238,0.11574738846863
4,JFXD,20,IPL-R,RT_Pronation_anti_L,0.0605111280145372,0.128057243707071,0.188568371721609,0.00191631178720402,0.00203900847573413,4.64333200554195,0.11948030907781
4,JFXD,21,SPL-R,RT_Pronation_anti_L,0.0621179491887142,0.0435894600881432,0.105707409276857,0.00123536970060999,0.00131742564249037,4.67476297787318,0.12168244766818
4,JFXD,22,AG-R,RT_Pronation_anti_L,0.0423711626224037,0.124003138752678,0.166374301375082,0.00163135221594908,0.00172563648933249,4.65621533951336,0.117183016769983
4,JFXD,23,mIPS-R,RT_Pronation_anti_L,0.0689183305508738,0.108636072301005,0.177554402851879,0.00180863232383587,0.00191928493772485,4.64863989288786,0.118983542348194
4,JFXD,24,VIP-R,RT_Pronation_anti_L,0.046655339449374,0.14564621771936,0.192301557168734,0.00190348073247865,0.00203099120512713,4.64334853923894,0.11966930896126
4,JFXD,25,SPOC-R,RT_Pronation_anti_L,0.0670510367321568,0.126424561630583,0.19347559836274,0.00200539162220788,0.00214874779142356,4.63766873382881,0.118847456891399
4,JFXD,26,S1-R,RT_Pronation_anti_L,0.0861676828937262,0.096485851221575,0.182653534115301,0.00182323513969816,0.00193420373841116,4.6470193509177,0.118017183443867
4,JFXD,27,M1-R,RT_Pronation_anti_L,0.07551825421911,0.109998367072406,0.185516621291516,0.00185697651494697,0.00197655466035286,4.64509158208044,0.118393684320921
4,JFXD,28,SMA-R,RT_Pronation_anti_L,0.0679377536579998,0.072142564020445,0.140080317678445,0.00140356612444351,0.00148774457075529,4.66819360413808,0.119584143081456
4,JFXD,29,PMd-R,RT_Pronation_anti_L,0.0556160859792866,0.135369941480473,0.190986027459759,0.00188452808286463,0.00202490974844447,4.64088290595481,0.118912179852582
4,JFXD,30,PMv-R,RT_Pronation_anti_L,0.0956549851592334,0.0990631983285331,0.194718183487767,0.00203507628240791,0.00217874813213139,4.6361261641077,0.11777793429878
4,JFXD,31,FEF-R,RT_Pronation_anti_L,0.0980170303027127,0.0734221338447384,0.171439164147451,0.00174537405257759,0.00186046418092603,4.65032209288943,0.118402087700196
4,JFXD,32,POJ-R,RT_Pronation_anti_L,0.0945023883021625,0.0979455495863554,0.192447937888518,0.00196371372639753,0.00209454191286596,4.64005820071658,0.118228031515221
5,JZ,1,V1-L,RT_Pronation_anti_L,0.0587890457753664,0.0619548325426543,0.120743878318021,0.00149065874359787,0.00160198102288939,4.67512411568898,0.127069992969228
5,JZ,2,V3-L,RT_Pronation_anti_L,0.0738633848932312,0.0525982474493579,0.126461632342589,0.0014356241899819,0.00154374442999475,4.6764094874562,0.126255921377464
5,JZ,3,STS-L,RT_Pronation_anti_L,0.0336632123192485,0.0668198043079391,0.100483016627188,0.0011734696378199,0.00125965746773431,4.69089725548224,0.127377542030242
5,JZ,4,IPL-L,RT_Pronation_anti_L,0.0588406882457246,0.141108808038527,0.199949496284252,0.00192945066966192,0.00207389177268141,4.65382222477905,0.123529852747675
5,JZ,5,SPL-L,RT_Pronation_anti_L,0.082146522959433,0.0526476020574304,0.134794125016863,0.00140772382124716,0.00151325692110301,4.67830070521247,0.125578131789128
5,JZ,6,AG-L,RT_Pronation_anti_L,0.0465793209429853,0.0789603993851625,0.125539720328148,0.00145681190981783,0.00156635700175116,4.67631057540124,0.126818787722745
5,JZ,7,mIPS-L,RT_Pronation_anti_L,0.109274668816411,0.0546225789342241,0.163897247750636,0.00171588992510126,0.00184705885177469,4.66332037628309,0.124554961057109
5,JZ,8,VIP-L,RT_Pronation_anti_L,0.0934392615856874,0.0963410547646037,0.189780316350291,0.0018595980515917,0.00199557440793594,4.65698165035543,0.123017737800839
5,JZ,9,SPOC-L,RT_Pronation_anti_L,0.111005316043921,0.0983947374729863,0.209400053516908,0.00197065232047113,0.00211547267202058,4.65112189252914,0.121479955858935
5,JZ,10,S1-L,RT_Pronation_anti_L,0.068894137339049,0.134836472873095,0.203730610212144,0.00203834825551927,0.00218988981290282,4.65131203632614,0.123731150214347
5,JZ,11,M1-L,RT_Pronation_anti_L,0.0598421660577811,0.106365665893055,0.166207831950836,0.00160713950164143,0.00172729307041281,4.66924995689037,0.124676403598043
5,JZ,12,SMA-L,RT_Pronation_anti_L,0.0540044677165108,0.0834786433763147,0.137483111092826,0.00142365687656808,0.00153318446002565,4.67738773284931,0.125825640786991
5,JZ,13,PMd-L,RT_Pronation_anti_L,0.135710990172314,0.0958256435506447,0.231536633722959,0.00210929050376347,0.00226457460935458,4.6462418635104,0.12197389701803
5,JZ,14,PMv-L,RT_Pronation_anti_L,0.122794107786841,0.0853757079110178,0.208169815697859,0.00199304258344934,0.00213754247598556,4.65247018468206,0.122452146572442
5,JZ,15,FEF-L,RT_Pronation_anti_L,0.0957324943306839,0.0696044799359882,0.165336974266672,0.00167382372223673,0.00179264108454943,4.66730678996115,0.124843466411134
5,JZ,16,POJ-L,RT_Pronation_anti_L,0.0676479070222607,0.0909386656695709,0.158586572691832,0.00163086997470948,0.00176145481528655,4.66648516746209,0.125848613383785
5,JZ,17,V1-R,RT_Pronation_anti_L,0.0404340625657341,0.0597225629495394,0.100156625515273,0.00120412227217769,0.00129546043009553,4.68784942229705,0.127892409763414
5,JZ,18,V3-R,RT_Pronation_anti_L,0.0671560110671717,0.059928823340922,0.127084834408094,0.00148428273169673,0.00159570443197578,4.6745723387776,0.126745458489134
5,JZ,19,STS-R,RT_Pronation_anti_L,0.0663869123253642,0.0424345059703485,0.108821418295713,0.00132675628129979,0.00142963434786412,4.68199468113072,0.128227272430091
5,JZ,20,IPL-R,RT_Pronation_anti_L,0.0564287202969752,0.0978719196424384,0.154300639939414,0.00153976692065175,0.00166099491429709,4.67075032927292,0.126026242002377
5,JZ,21,SPL-R,RT_Pronation_anti_L,0.0917393082837918,0.0739091258223367,0.165648434106129,0.00167966844866306,0.00180897988810763,4.66452185879871,0.124742398213051
5,JZ,22,AG-R,RT_Pronation_anti_L,0.10436925578209,0.0624258361936437,0.166795091975733,0.00166005699774266,0.00178054178668465,4.66607073422298,0.124508076139989
5,JZ,23,mIPS-R,RT_Pronation_anti_L,0.129413794773792,0.0670294410493172,0.196443235823109,0.00173637925849662,0.00186913103538194,4.66196352340783,0.12325235013981
5,JZ,24,VIP-R,RT_Pronation_anti_L,0.0777303252672304,0.0906531638640126,0.168383489131243,0.00166114813856591,0.00178834095300313,4.66655558046937,0.125367016994333
5,JZ,25,SPOC-R,RT_Pronation_anti_L,0.0966338718228115,0.0740706717345942,0.170704543557406,0.00165269166596139,0.00177776360677458,4.66620361379249,0.123877887105283
5,JZ,26,S1-R,RT_Pronation_anti_L,0.0978306700079146,0.0800230005962854,0.1778536706042,0.00186060604552614,0.00200713880334465,4.65718573759499,0.124732607890219
5,JZ,27,M1-R,RT_Pronation_anti_L,0.0506775073338098,0.0990305175169268,0.149708024850737,0.00166176579810268,0.0017858716580744,4.66708575344893,0.125950544633811
5,JZ,28,SMA-R,RT_Pronation_anti_L,0.0743606489051622,0.0535846235300508,0.127945272435213,0.00137502726473488,0.00148004431418975,4.67984458015936,0.126645132188945
5,JZ,29,PMd-R,RT_Pronation_anti_L,0.0845265407707398,0.103754764804916,0.188281305575656,0.00203465014226821,0.00219210368179585,4.64914108136455,0.125257408509674
5,JZ,30,PMv-R,RT_Pronation_anti_L,0.0755924600290091,0.0799033282929701,0.155495788321979,0.00153243980777811,0.00164747110782688,4.67047330839059,0.124679910799473
5,JZ,31,FEF-R,RT_Pronation_anti_L,0.0813483859515017,0.0830606036696046,0.164408989621106,0.00179761530531253,0.00193566376227208,4.66102438111279,0.125950404407564
5,JZ,32,POJ-R,RT_Pronation_anti_L,0.0951688135908538,0.0647487476409216,0.159917561231775,0.00168802777520361,0.00181792605637392,4.66545514705302,0.125565007016042
6,LT,1,V1-L,RT_Pronation_anti_L,0.0680253315312587,0.0465987275405401,0.114624059071799,0.00131509716003616,0.00139259260184639,4.59897084614239,0.104100124132144
6,LT,2,V3-L,RT_Pronation_anti_L,0.137381360630329,0.0670608433200982,0.204442203950427,0.00199673557099799,0.00212178132311601,4.56610009245599,0.102169707260571
6,LT,3,STS-L,RT_Pronation_anti_L,0.115731799515475,0.106358033073881,0.222089832589355,0.0020926021366646,0.00221284949116648,4.5634205821396,0.0993677514225896
6,LT,4,IPL-L,RT_Pronation_anti_L,0.0508148133937554,0.0809426854938239,0.131757498887579,0.00160887861453481,0.00170588674745786,4.58549350882662,0.105323433187968
6,LT,5,SPL-L,RT_Pronation_anti_L,0.0576132737478716,0.0656486073618715,0.123261881109743,0.00143132245180177,0.00151236003933936,4.59401296992684,0.105457360002742
6,LT,6,AG-L,RT_Pronation_anti_L,0.0739366447110869,0.055871453218958,0.129808097930045,0.0014889340257793,0.00157068621991226,4.59168402481893,0.104954395505997
6,LT,7,mIPS-L,RT_Pronation_anti_L,0.0593834821463191,0.0465353243033441,0.105918806449663,0.00130737913508596,0.00138261814849705,4.60061520517368,0.105586329451628
6,LT,8,VIP-L,RT_Pronation_anti_L,0.065649691535663,0.0810602250830198,0.146709916618683,0.00167102071847182,0.00176782973029736,4.58251974644661,0.105075915982585
6,LT,9,SPOC-L,RT_Pronation_anti_L,0.0647162206534783,0.0540540511687407,0.118770271822219,0.00137558957707157,0.00145931806638675,4.59565159966471,0.105722891127052
6,LT,10,S1-L,RT_Pronation_anti_L,0.0648660501240046,0.0935790204328991,0.158445070556904,0.00168844385758817,0.00178547763352634,4.58180438459716,0.104896139540637
6,LT,11,M1-L,RT_Pronation_anti_L,0.130462460686247,0.0676222237115971,0.198084684397844,0.0019178492202775,0.00203555751231885,4.57091694675391,0.102661199954513
6,LT,12,SMA-L,RT_Pronation_anti_L,0.0357229928966886,0.133476333123301,0.16919932601999,0.00150178202464416,0.00158780018438291,4.58996637192269,0.103454050184056
6,LT,13,PMd-L,RT_Pronation_anti_L,0.0922950687221271,0.0776349086838075,0.169929977405935,0.00164197489752781,0.00173699098368855,4.58437647736551,0.101723781240426
6,LT,14,PMv-L,RT_Pronation_anti_L,0.125062443148851,0.0660709210420363,0.191133364190887,0.00188663095907298,0.00199350547153783,4.5727773771129,0.102259799108955
6,LT,15,FEF-L,RT_Pronation_anti_L,0.18150704349442,0.0825973096117888,0.264104353106209,0.00179248797997673,0.00187630515523922,4.57736166659492,0.0977626913710853
6,LT,16,POJ-L,RT_Pronation_anti_L,0.0336365157496044,0.0440676166915564,0.0777041324411609,0.00107352028406964,0.00113397171866103,4.61354110115706,0.107406524257563
6,LT,17,V1-R,RT_Pronation_anti_L,0.0517179247227227,0.114093007492469,0.165810932215192,0.00153712802500651,0.00162020982305295,4.58882467177449,0.101949563531639
6,LT,18,V3-R,RT_Pronation_anti_L,0.0412752984986708,0.0730191758209616,0.114294474319632,0.00120709898542725,0.0012777113093974,4.60443442690196,0.10577888069743
6,LT,19,STS-R,RT_Pronation_anti_L,0.055461299050898,0.0782709614414375,0.133732260492336,0.00149746781502885,0.00158451733999992,4.59052292459774,0.105086482839944
6,LT,20,IPL-R,RT_Pronation_anti_L,0.0608352399408378,0.0782960337161924,0.13913127365703,0.00156368132463596,0.00164969702520764,4.58764673116638,0.104995352000104
6,LT,21,SPL-R,RT_Pronation_anti_L,0.0768609510373207,0.0469006578889598,0.123761608926281,0.00137394598493185,0.00144604227853876,4.59764964196294,0.105073694140225
6,LT,22,AG-R,RT_Pronation_anti_L,0.0670513630547921,0.0357812792801717,0.102832642334964,0.00116385809144603,0.0012285928164687,4.60859540172946,0.105777604935396
6,LT,23,mIPS-R,RT_Pronation_anti_L,0.086396555234227,0.0292110651034794,0.115607620337706,0.00127408279748688,0.00134382341515447,4.6025392342513,0.10599508535708
6,LT,24,VIP-R,RT_Pronation_anti_L,0.0614864392853844,0.0769865005444665,0.138472939829851,0.00159846445917822,0.00168926519836573,4.58595930435339,0.105198158611138
6,LT,25,SPOC-R,RT_Pronation_anti_L,0.0756347733614555,0.0415777965699154,0.117212569931371,0.00133441340496732,0.00141111922638532,4.59801409427568,0.106125591656508
6,LT,26,S1-R,RT_Pronation_anti_L,0.0471443250160832,0.0871561895087678,0.134300514524851,0.00137017297416559,0.00144785498816745,4.59677422209796,0.105123403411121
6,LT,27,M1-R,RT_Pronation_anti_L,0.0375594288862637,0.0650383667024347,0.102597795588698,0.00130627605573539,0.0013877103967326,4.59951355656086,0.107113788871768
6,LT,28,SMA-R,RT_Pronation_anti_L,0.0365260157016977,0.118056982018723,0.154582997720421,0.00156588874596832,0.00165985056990833,4.58801420426008,0.10447066475164
6,LT,29,PMd-R,RT_Pronation_anti_L,0.0584180918460363,0.0405183783164965,0.0989364701625328,0.00115464739129205,0.00121756480376898,4.60856171769348,0.10616647516873
6,LT,30,PMv-R,RT_Pronation_anti_L,0.0388115302326357,0.0848632523952357,0.123674782627871,0.00140584506792237,0.00149306508422638,4.59500264350133,0.106356111477555
6,LT,31,FEF-R,RT_Pronation_anti_L,0.0496193321863577,0.0841286904320762,0.133748022618434,0.00152557792250221,0.00162089937123025,4.58796848320812,0.10502178412044
6,LT,32,POJ-R,RT_Pronation_anti_L,0.0697988534092366,0.0483259930587484,0.118124846467985,0.00131877131894559,0.00139612205440726,4.59871059173758,0.105539076127672
7,NvA,1,V1-L,RT_Pronation_anti_L,0.0765993004000209,0.0591564786321436,0.135755779032164,0.00147280232877889,0.00157903395549732,4.68258019238137,0.132205276649665
7,NvA,2,V3-L,RT_Pronation_anti_L,0.0556051533236148,0.0611013292648586,0.116706482588473,0.00136270958389108,0.00146602625031,4.68921510801683,0.132485920656519
7,NvA,3,STS-L,RT_Pronation_anti_L,0.0400955139811488,0.0579375778118483,0.098033091792997,0.00133245841629629,0.00143101622274374,4.68966822175469,0.134954465060987
7,NvA,4,IPL-L,RT_Pronation_anti_L,0.0513681871698646,0.0577531109145218,0.109121298084386,0.00129797941765195,0.00139390604420297,4.69088258345165,0.134096015469499
7,NvA,5,SPL-L,RT_Pronation_anti_L,0.0629330825549747,0.175908670682977,0.238841753237951,0.00203575079275287,0.00218098698945551,4.65642452076921,0.127682915274162
7,NvA,6,AG-L,RT_Pronation_anti_L,0.0593468623482474,0.092004201662079,0.151351064010326,0.00157778566554515,0.00169733224099089,4.67666283683645,0.132351332334495
7,NvA,7,mIPS-L,RT_Pronation_anti_L,0.0817894071449672,0.06296096284814,0.144750369993107,0.00153363445259069,0.00164777298323602,4.68028106288205,0.132865345816727
7,NvA,8,VIP-L,RT_Pronation_anti_L,0.0780412257685092,0.0474229726682543,0.125464198436764,0.00139136568808856,0.00149319329649889,4.68594059083962,0.133249763575584
7,NvA,9,SPOC-L,RT_Pronation_anti_L,0.0999892512778855,0.0664525697226639,0.166441821000549,0.00172349191764192,0.00185536277845629,4.67095511929909,0.13101514212028
7,NvA,10,S1-L,RT_Pronation_anti_L,0.073827991207237,0.0821706187492759,0.155998609956513,0.0016122969276034,0.00172947648549804,4.67497516240199,0.132322518931747
7,NvA,11,M1-L,RT_Pronation_anti_L,0.100982976003818,0.0753959438037912,0.176378919807609,0.00162580765094336,0.00174395207602193,4.67443646637279,0.131490929074812
7,NvA,12,SMA-L,RT_Pronation_anti_L,0.0538581422409613,0.102780039525061,0.156638181766022,0.00159479315996152,0.0017157046760227,4.67700063450472,0.131699401833849
7,NvA,13,PMd-L,RT_Pronation_anti_L,0.0604367897681407,0.0774642795842429,0.137901069352384,0.00155543718011458,0.00167056569474622,4.67927079285961,0.132510132770603
7,NvA,14,PMv-L,RT_Pronation_anti_L,0.0631487245588638,0.0320658300654511,0.0952145546243148,0.00120652774182364,0.00130051961080573,4.69580710892583,0.135184521492599
7,NvA,15,FEF-L,RT_Pronation_anti_L,0.105454447051531,0.0608553175487436,0.166309764600275,0.00178624597670078,0.00192753719932383,4.66801386929197,0.131142124174844
7,NvA,16,POJ-L,RT_Pronation_anti_L,0.0656200284225217,0.0813313804541768,0.146951408876698,0.00152340953926479,0.00163577016515278,4.68052199602605,0.132353884665266
7,NvA,17,V1-R,RT_Pronation_anti_L,0.093697042950542,0.0651873251277271,0.158884368078269,0.0016754839076479,0.00179717711155001,4.67479162270863,0.131118856601214
7,NvA,18,V3-R,RT_Pronation_anti_L,0.0801433368907251,0.101452177756687,0.181595514647412,0.00181020110041993,0.00195130577681442,4.66534899702277,0.129596163855176
7,NvA,19,STS-R,RT_Pronation_anti_L,0.0681973831278946,0.0516125948810536,0.119809978008948,0.00134212151931167,0.00144116627383359,4.68861208997734,0.132446036770871
7,NvA,20,IPL-R,RT_Pronation_anti_L,0.121557905423163,0.13521437608073,0.256772281503892,0.00231594441333387,0.00249837133599743,4.64722675449286,0.128521313393502
7,NvA,21,SPL-R,RT_Pronation_anti_L,0.116402539777446,0.0835279843095759,0.199930524087022,0.00179717804308677,0.00192424755689668,4.66805961677344,0.128052927638302
7,NvA,22,AG-R,RT_Pronation_anti_L,0.0744974667015304,0.120558654573895,0.195056121275425,0.00163446049229338,0.00175281394890821,4.67435126569027,0.128650522736763
7,NvA,23,mIPS-R,RT_Pronation_anti_L,0.0873284877394062,0.0860103722845815,0.173338860023988,0.00180275660386286,0.00193457435401862,4.66856760069199,0.131124708935407
7,NvA,24,VIP-R,RT_Pronation_anti_L,0.108002410502893,0.143969273601159,0.251971684104052,0.00222178366551905,0.00238926253553302,4.651164550279,0.128435312875045
7,NvA,25,SPOC-R,RT_Pronation_anti_L,0.12038591867097,0.121542356530791,0.24192827520176,0.00203307697533103,0.00219137856499487,4.65800484822883,0.12728496498602
7,NvA,26,S1-R,RT_Pronation_anti_L,0.0845260986607173,0.0872659127415483,0.171792011402266,0.00178632843523574,0.00191308617039255,4.67053088307277,0.130570678786206
7,NvA,27,M1-R,RT_Pronation_anti_L,0.207526264422466,0.0625034608220456,0.270029725244512,0.00218847007635696,0.00234753667692501,4.65054554730452,0.127823737130323
7,NvA,28,SMA-R,RT_Pronation_anti_L,0.0517414909760198,0.108456229348792,0.160197720324812,0.0017063155214187,0.00183086851310684,4.67252799037885,0.132006547554541
7,NvA,29,PMd-R,RT_Pronation_anti_L,0.0835179292497112,0.104592984898499,0.188110914148211,0.00161435873540697,0.00172693052527207,4.67725146903137,0.130584686682296
7,NvA,30,PMv-R,RT_Pronation_anti_L,0.0445633171674126,0.0593657973255988,0.103929114493011,0.00126650160188506,0.00136377111906804,4.69307634809628,0.134329081966623
7,NvA,31,FEF-R,RT_Pronation_anti_L,0.104647202429083,0.0700815774668029,0.174728779895886,0.00168372744544722,0.00180547511383166,4.67421564533699,0.130703316808629
7,NvA,32,POJ-R,RT_Pronation_anti_L,0.110459015583268,0.09218853180784,0.202647547391108,0.00172622888330973,0.00184400395879372,4.6742152045535,0.128311124935025
8,RR,1,V1-L,RT_Pronation_anti_L,0.204315681336504,0.0853168795058899,0.289632560842394,0.00256295701146987,0.00277205332740842,5.17006650038095,0.239204694381561
8,RR,2,V3-L,RT_Pronation_anti_L,0.106808623826014,0.129850617904136,0.23665924173015,0.00267130499094856,0.00290113367004202,5.17097358742367,0.242352884086214
8,RR,3,STS-L,RT_Pronation_anti_L,0.0943099220979957,0.130863766839963,0.225173688937959,0.00252367552434772,0.00273839300620274,5.17390288088071,0.242695020181371
8,RR,4,IPL-L,RT_Pronation_anti_L,0.103116704949062,0.0946219722275309,0.197738677176593,0.00240319604825146,0.00260696452059776,5.18052285404775,0.243830239378889
8,RR,5,SPL-L,RT_Pronation_anti_L,0.209642409251479,0.171353736303871,0.38099614555535,0.0036135143222769,0.00393219154073413,5.1404404531559,0.236264450823644
8,RR,6,AG-L,RT_Pronation_anti_L,0.142228693058323,0.0912609371235519,0.233489630181875,0.00244966079179776,0.00264495409885639,5.17563780641837,0.241525169987706
8,RR,7,mIPS-L,RT_Pronation_anti_L,0.169675563605904,0.194308282085647,0.363983845691551,0.00341528272639627,0.00372548384345377,5.14576559490185,0.237679776732447
8,RR,8,VIP-L,RT_Pronation_anti_L,0.117604960613185,0.0709672219541896,0.188572182567374,0.00232903104963453,0.00252483982144647,5.18334677904752,0.24539572996424
8,RR,9,SPOC-L,RT_Pronation_anti_L,0.139307716524753,0.202627357157226,0.341935073681979,0.0031952283972486,0.00347080833386431,5.1522326204084,0.238580426256383
8,RR,10,S1-L,RT_Pronation_anti_L,0.198735413731362,0.206156117775006,0.404891531506368,0.00359215556108488,0.00388138782656831,5.13968838718725,0.229992791173998
8,RR,11,M1-L,RT_Pronation_anti_L,0.0825846111104422,0.117905744598271,0.200490355708713,0.00222374126539233,0.0024043629502591,5.18459366046307,0.243561882408354
8,RR,12,SMA-L,RT_Pronation_anti_L,0.10362879157583,0.173387797593158,0.277016589168988,0.00291762315171435,0.00315076839572763,5.16242325977689,0.239779949478394
8,RR,13,PMd-L,RT_Pronation_anti_L,0.135586266736462,0.173747768427306,0.309334035163768,0.00304737306089209,0.00329338046534842,5.15681447643825,0.240348354930929
8,RR,14,PMv-L,RT_Pronation_anti_L,0.235494717161843,0.107081130674678,0.342575847836521,0.00335748120252302,0.00364763492910061,5.14811292517091,0.239542173450478
8,RR,15,FEF-L,RT_Pronation_anti_L,0.149317567188687,0.186899058159543,0.33621662534823,0.00330390011705155,0.00357045070373323,5.15115704698313,0.237781002828973
8,RR,16,POJ-L,RT_Pronation_anti_L,0.169340492924125,0.147403899072588,0.316744391996713,0.00307748621268402,0.00336026179250559,5.15703032240734,0.238992094328757
8,RR,17,V1-R,RT_Pronation_anti_L,0.0955659395909203,0.0958890897604245,0.191455029351345,0.00218025867209629,0.00236673791469065,5.18607991120801,0.242934158055212
8,RR,18,V3-R,RT_Pronation_anti_L,0.0865902358513781,0.0784688938273004,0.165059129678679,0.00203926955178279,0.0022317096172229,5.19111401678418,0.245357096857767
8,RR,19,STS-R,RT_Pronation_anti_L,0.117427102512621,0.135046216977082,0.252473319489703,0.00277446077043605,0.00299672377530573,5.16721123644494,0.24198147057923
8,RR,20,IPL-R,RT_Pronation_anti_L,0.153369229492721,0.201130315478645,0.354499544971366,0.00339663007906931,0.00367888151772291,5.14636435251575,0.234354425773396
8,RR,21,SPL-R,RT_Pronation_anti_L,0.175145843452272,0.120904167661561,0.296050011113833,0.00287213682151643,0.00311377912008834,5.16133220348739,0.239349868389475
8,RR,22,AG-R,RT_Pronation_anti_L,0.110701351829859,0.140382949861599,0.251084301691457,0.00273761743927766,0.00295959866516032,5.16765363459831,0.242286940648333
8,RR,23,mIPS-R,RT_Pronation_anti_L,0.129397654504249,0.14501918042075,0.274416834924999,0.00303590389968851,0.0032952010991196,5.15762755695631,0.240855960213746
8,RR,24,VIP-R,RT_Pronation_anti_L,0.126207971239904,0.0778194102525541,0.204027381492458,0.00219866561245923,0.00237877670775812,5.18727219565394,0.242758938981626
8,RR,25,SPOC-R,RT_Pronation_anti_L,0.184242212880715,0.147152905720027,0.331395118600742,0.00336703235822639,0.0036479523179833,5.14736599613178,0.238131149865238
8,RR,26,S1-R,RT_Pronation_anti_L,0.171058013520476,0.220490939250067,0.391548952770543,0.00352535468954034,0.00381520043085827,5.14350415985694,0.233784270406388
8,RR,27,M1-R,RT_Pronation_anti_L,0.176579557034171,0.0943298320359337,0.270909389070104,0.00282815980800562,0.00308088453791247,5.16344509158682,0.241950293727588
8,RR,28,SMA-R,RT_Pronation_anti_L,0.108275026291356,0.14771733332881,0.255992359620166,0.00295883299896767,0.00319860821430227,5.16135343720738,0.240644994426516
8,RR,29,PMd-R,RT_Pronation_anti_L,0.176055246677742,0.24953029637075,0.425585543048492,0.00357718331509487,0.00385864031494134,5.13773596682233,0.23022530627821
8,RR,30,PMv-R,RT_Pronation_anti_L,0.195223353621986,0.242582135635614,0.4378054892576,0.00395755718261469,0.00428968123019977,5.13063766322986,0.233449742818911
8,RR,31,FEF-R,RT_Pronation_anti_L,0.134236407734149,0.150378824803418,0.284615232537566,0.00267108534803352,0.00288464124260124,5.16953737921763,0.237481043853728
8,RR,32,POJ-R,RT_Pronation_anti_L,0.15814316397848,0.129321667117878,0.287464831096358,0.0031079037173933,0.00337044179327547,5.15571455822366,0.239918801473395
9,SJB,1,V1-L,RT_Pronation_anti_L,0.0752240070463213,0.06085481881373,0.136078825860051,0.00141047320869851,0.00152269838383154,4.55145925390343,0.11251415020065
9,SJB,2,V3-L,RT_Pronation_anti_L,0.0755764891306543,0.0850313445644966,0.160607833695151,0.00151754713828523,0.00163908038751486,4.54480370559522,0.111392146390202
9,SJB,3,STS-L,RT_Pronation_anti_L,0.0566333019439673,0.0314129826104122,0.0880462845543795,0.00113820394759984,0.00123291654395948,4.56688539721118,0.115745160266697
9,SJB,4,IPL-L,RT_Pronation_anti_L,0.0552454843202668,0.0559971455175973,0.111242629837864,0.0013677557540038,0.00147889888168521,4.55446029234893,0.114914057310819
9,SJB,5,SPL-L,RT_Pronation_anti_L,0.0905976607386933,0.056726825306115,0.147324486044808,0.00148558097792575,0.00160696797420616,4.54778298453515,0.112883717872044
9,SJB,6,AG-L,RT_Pronation_anti_L,0.0477460118853698,0.0440256441446711,0.0917716560300409,0.00118924022032024,0.00129155079436374,4.56296464958479,0.115753921346214
9,SJB,7,mIPS-L,RT_Pronation_anti_L,0.104744902019226,0.052633616214501,0.157378518233726,0.00154542748816899,0.00167375083890961,4.54469798384182,0.113078340875002
9,SJB,8,VIP-L,RT_Pronation_anti_L,0.0389822710294461,0.0454007273868749,0.084382998416321,0.00107981714628075,0.00117245487369043,4.56920989947561,0.115497724459686
9,SJB,9,SPOC-L,RT_Pronation_anti_L,0.110415478944762,0.0439341725792807,0.154349651524043,0.00149040271516735,0.00161579404876169,4.54793695662587,0.113050330628213
9,SJB,10,S1-L,RT_Pronation_anti_L,0.0572407394943571,0.097232057706763,0.15447279720112,0.00139761786674076,0.00150826349856314,4.55218882235441,0.111966486588407
9,SJB,11,M1-L,RT_Pronation_anti_L,0.0529500593045837,0.0891582469296898,0.142108306234273,0.00149447512796771,0.00161784028490563,4.54734913733531,0.113456601689447
9,SJB,12,SMA-L,RT_Pronation_anti_L,0.0741401012637296,0.0691297974597461,0.143269898723476,0.00142370581348022,0.00154646425777109,4.55023797472439,0.113273032312847
9,SJB,13,PMd-L,RT_Pronation_anti_L,0.0695198652423178,0.0739920187128594,0.143511883955177,0.00136429360992732,0.00147501125969064,4.55433103864499,0.112589802344222
9,SJB,14,PMv-L,RT_Pronation_anti_L,0.0528914245820641,0.0813361516052139,0.134227576187278,0.00127716735903433,0.00137291788288942,4.55837744406825,0.111337103355552
9,SJB,15,FEF-L,RT_Pronation_anti_L,0.0771947051413492,0.0581829783119219,0.135377683453271,0.00139301208889098,0.00151275537833863,4.55262365835841,0.113177268924919
9,SJB,16,POJ-L,RT_Pronation_anti_L,0.0939573413801786,0.0562722194684271,0.150229560848606,0.00142624806545305,0.00154410277018219,4.55066186180336,0.112959738210636
9,SJB,17,V1-R,RT_Pronation_anti_L,0.0476745196923548,0.066050401652736,0.113724921345091,0.00122795049087832,0.00132597470415888,4.56157788571881,0.113856538545108
9,SJB,18,V3-R,RT_Pronation_anti_L,0.0478273635383908,0.128283577619315,0.176110941157706,0.00164928914560313,0.00178473340899911,4.53904797815473,0.111588264506067
9,SJB,19,STS-R,RT_Pronation_anti_L,0.0491810837786888,0.0897539885963229,0.138935072375012,0.00148912205983903,0.00161291674038406,4.54802644757277,0.113591609688269
9,SJB,20,IPL-R,RT_Pronation_anti_L,0.0581799837108187,0.0874997430765594,0.145679726787378,0.00143273295768244,0.00155145686395172,4.54999906530526,0.1118340670911
9,SJB,21,SPL-R,RT_Pronation_anti_L,0.075943325216878,0.194557527996878,0.270500853213756,0.00203711574510356,0.00220045681579261,4.52061520597284,0.106592969812902
9,SJB,22,AG-R,RT_Pronation_anti_L,0.0564009263584483,0.0436091990465504,0.100010125404999,0.00126733955325598,0.00137467814601295,4.55915670432937,0.115426993625623
9,SJB,23,mIPS-R,RT_Pronation_anti_L,0.0758829602012988,0.0394412534027062,0.115324213604005,0.00110876643321304,0.00119791252059124,4.56869775852846,0.114016967620391
9,SJB,24,VIP-R,RT_Pronation_anti_L,0.0947692624834984,0.110745483953163,0.205514746436661,0.00171747099679986,0.00185216490907022,4.53674935907698,0.111052421974945
9,SJB,25,SPOC-R,RT_Pronation_anti_L,0.05759440932483,0.0468073564308725,0.104401765755702,0.00123880265695017,0.00134009226602802,4.56136638712225,0.114572081334781
9,SJB,26,S1-R,RT_Pronation_anti_L,0.0930137882087813,0.05982239788921,0.152836186097991,0.00130875848667575,0.00141218202902932,4.55600918951109,0.111912636524794
9,SJB,27,M1-R,RT_Pronation_anti_L,0.0542824990951421,0.0854324560666303,0.139714955161772,0.00133467023106981,0.00145024087962252,4.55529463146246,0.11302981693543
9,SJB,28,SMA-R,RT_Pronation_anti_L,0.0738113286562133,0.0916340078784899,0.165445336534703,0.00162466631170468,0.00175938161357763,4.54032965660123,0.112524984968584
9,SJB,29,PMd-R,RT_Pronation_anti_L,0.0633387194983196,0.0785128815275841,0.141851601025904,0.00124707090090247,0.00134800081792609,4.55888898497827,0.113050994135863
9,SJB,30,PMv-R,RT_Pronation_anti_L,0.143141361809106,0.055544554371652,0.198685916180758,0.00174441378920279,0.00189147095737245,4.5343000089904,0.110787931758058
9,SJB,31,FEF-R,RT_Pronation_anti_L,0.0985253567136399,0.0362182155989372,0.134743572312577,0.00115307152361139,0.00124680527126959,4.56349340625194,0.113015541837823
9,SJB,32,POJ-R,RT_Pronation_anti_L,0.0686318470648919,0.0760247863786799,0.144656633443572,0.00140314437325843,0.00151549542349986,4.55181274898595,0.113279844358442
10,BG,1,V1-L,RT_Pronation_anti_L,0.0806936121509761,0.0271954485083063,0.107889060659282,0.00117225127591357,0.00127201264213024,4.60820998007941,0.131127982707042
10,BG,2,V3-L,RT_Pronation_anti_L,0.0768993383674497,0.0645273464439572,0.141426684811407,0.00157234612348141,0.00170875874806229,4.58662606923411,0.129946309752538
10,BG,3,STS-L,RT_Pronation_anti_L,0.0506159506918187,0.100199658386212,0.150815609078031,0.00149796670604009,0.00162682716976867,4.58851110972395,0.128996380670491
10,BG,4,IPL-L,RT_Pronation_anti_L,0.0318430545447562,0.0631826036723969,0.0950256582171531,0.0010902044563383,0.00117986282330826,4.61148175763649,0.131520423125795
10,BG,5,SPL-L,RT_Pronation_anti_L,0.0646279412477765,0.0754351322023477,0.140063073450124,0.00144551762260749,0.00156931855536131,4.5932132116593,0.129436284875008
10,BG,6,AG-L,RT_Pronation_anti_L,0.0655744833724708,0.099165826092599,0.16474030946507,0.00148679867357184,0.00160737794476949,4.58946445686933,0.12751168632894
10,BG,7,mIPS-L,RT_Pronation_anti_L,0.0593379929879418,0.0815242398400337,0.140862232827975,0.00150589424675356,0.00162872703790867,4.5900055484298,0.129637277600059
10,BG,8,VIP-L,RT_Pronation_anti_L,0.044792110340753,0.0624343664043231,0.107226476745076,0.00127430345377554,0.00138233041261036,4.6006563479652,0.131469814086721
10,BG,9,SPOC-L,RT_Pronation_anti_L,0.0818381794694001,0.121711794034591,0.203549973503991,0.00189451079340225,0.00206472266267828,4.57107924187384,0.125044871111875
10,BG,10,S1-L,RT_Pronation_anti_L,0.150725396466423,0.0591467124936758,0.209872108960099,0.00176792750782482,0.00191900696915341,4.5738335623896,0.127059967607785
10,BG,11,M1-L,RT_Pronation_anti_L,0.133086254746032,0.0581388650704719,0.191225119816504,0.00168998601471748,0.00184054489143566,4.57860572091301,0.127976720847801
10,BG,12,SMA-L,RT_Pronation_anti_L,0.0498446027038319,0.0850769547275486,0.134921557431381,0.00132803938963891,0.00143739959271092,4.59814520257576,0.128954139466319
10,BG,13,PMd-L,RT_Pronation_anti_L,0.0439462989603211,0.10722924047445,0.151175539434771,0.00124780759778149,0.00134396378225753,4.60074212997107,0.128557717910123
10,BG,14,PMv-L,RT_Pronation_anti_L,0.0341891011252184,0.0434188560870473,0.0776079572122657,0.000996926954855366,0.00107636326887443,4.61754634841611,0.132239546599108
10,BG,15,FEF-L,RT_Pronation_anti_L,0.0579900521295743,0.0879459871768794,0.145936039306454,0.00138591888080992,0.00149921622258349,4.59464885969486,0.128965509810212
10,BG,16,POJ-L,RT_Pronation_anti_L,0.092598278857971,0.0497672323128435,0.142365511170815,0.00135221763079286,0.00146345274477155,4.59685399540761,0.129422267157242
10,BG,17,V1-R,RT_Pronation_anti_L,0.0936061645523357,0.0473754826463591,0.140981647198695,0.00134108118058465,0.00145950102618181,4.59721182138114,0.128581536491151
10,BG,18,V3-R,RT_Pronation_anti_L,0.0961871434238322,0.0439905844767384,0.140177727900571,0.00142294054093624,0.00154193559575614,4.59376198977463,0.128933821968448
10,BG,19,STS-R,RT_Pronation_anti_L,0.0541872519523062,0.0728747618996238,0.12706201385193,0.00138884210913994,0.00151326002264691,4.59463659902268,0.130293838713658
10,BG,20,IPL-R,RT_Pronation_anti_L,0.0497650945997231,0.129385734187832,0.179150828787555,0.0015316210085121,0.00167823687782003,4.5874082532434,0.126544861072357
10,BG,21,SPL-R,RT_Pronation_anti_L,0.113805391522386,0.0817151495982365,0.195520541120623,0.00153130917843621,0.00166149937821901,4.58859217555197,0.125576611961588
10,BG,22,AG-R,RT_Pronation_anti_L,0.0903604707557366,0.0621333605695458,0.152493831325282,0.00147894304085301,0.00161084621970984,4.59124968772729,0.128800599847239
10,BG,23,mIPS-R,RT_Pronation_anti_L,0.130669845871078,0.0812943547389269,0.211964200610005,0.00170304760202924,0.00184655245014545,4.57755518771462,0.124078706180809
10,BG,24,VIP-R,RT_Pronation_anti_L,0.0442952807807748,0.148662926510117,0.192958207290891,0.0016656004437538,0.00181808023887138,4.58070498479013,0.126780692373979
10,BG,25,SPOC-R,RT_Pronation_anti_L,0.144254830812632,0.124263763687166,0.268518594499798,0.00201596622101315,0.00218490227211741,4.56428984118822,0.120402404965553
10,BG,26,S1-R,RT_Pronation_anti_L,0.0715957712757718,0.0751607758329727,0.146756547108745,0.00143845675372186,0.00156676393035835,4.59229362058066,0.127436557862861
10,BG,27,M1-R,RT_Pronation_anti_L,0.101296318707806,0.0739594107685182,0.175255729476324,0.00147489862732964,0.00159683905446655,4.59087222975772,0.125143109992241
10,BG,28,SMA-R,RT_Pronation_anti_L,0.0858727093712026,0.0854294078105079,0.17130211718171,0.00168471989900574,0.00183281078015117,4.58189482545741,0.127354115653468
10,BG,29,PMd-R,RT_Pronation_anti_L,0.0529930288597939,0.0777755289127563,0.13076855777255,0.00143127215334749,0.00155566714294527,4.59287231280585,0.130270969645126
10,BG,30,PMv-R,RT_Pronation_anti_L,0.0602247423455615,0.0532101832763286,0.11343492562189,0.00124687571034184,0.00134571372447889,4.60321681093332,0.130174585254653
10,BG,31,FEF-R,RT_Pronation_anti_L,0.0872417340680995,0.0676977136479861,0.154939447716086,0.00157756546126308,0.00170906538075859,4.58587049528213,0.12919032731014
10,BG,32,POJ-R,RT_Pronation_anti_L,0.113222886291272,0.0971519108617286,0.210374797153001,0.00160687821833088,0.00174324848421601,4.584729103112,0.124999070199976
1,DOC,1,V1-L,RT_Pronation_anti_R,0.130900558136746,0.0426589376081586,0.173559495744904,0.00174518064466319,0.00186473464270513,4.5860465518287,0.1123798143594
1,DOC,2,V3-L,RT_Pronation_anti_R,0.0674783021394088,0.0611246390614136,0.128602941200822,0.00152833705617818,0.00164096108115245,4.59689513823287,0.113482061092185
1,DOC,3,STS-L,RT_Pronation_anti_R,0.0303266565288624,0.0677251312719774,0.0980517878008398,0.00112100956610836,0.00120161660637114,4.61925200227006,0.114053395155472
1,DOC,4,IPL-L,RT_Pronation_anti_R,0.0615805683807495,0.0882393338139131,0.149819902194663,0.00147039446840046,0.00156419584483851,4.59974181754048,0.112536857853185
1,DOC,5,SPL-L,RT_Pronation_anti_R,0.0657713919042462,0.0576441845478175,0.123415576452064,0.0014528269278666,0.0015571410171895,4.60130840507874,0.113575991050432
1,DOC,6,AG-L,RT_Pronation_anti_R,0.0939848235928641,0.0505928967573815,0.144577720350246,0.00167101821641806,0.00179453960773647,4.59041615584243,0.113138684482162
1,DOC,7,mIPS-L,RT_Pronation_anti_R,0.101348678084723,0.0634172782127422,0.164765956297465,0.0017406543716629,0.00186279376350103,4.58753446980559,0.110846777291567
1,DOC,8,VIP-L,RT_Pronation_anti_R,0.121642383665234,0.0826370020363387,0.204279385701573,0.00178979564026703,0.00190284998174478,4.58488381996063,0.109762248814216
1,DOC,9,SPOC-L,RT_Pronation_anti_R,0.10393168503293,0.0702298666371583,0.174161551670089,0.00166908772861579,0.00178782069073439,4.58782824994649,0.110817732412357
1,DOC,10,S1-L,RT_Pronation_anti_R,0.0639504616862039,0.113606563170195,0.177557024856399,0.00170609830493698,0.00183131241700804,4.58822425391936,0.111520020865793
1,DOC,11,M1-L,RT_Pronation_anti_R,0.0664730812861846,0.120526557541296,0.18699963882748,0.00180451043695568,0.00193639147857125,4.58464239396278,0.110655886592152
1,DOC,12,SMA-L,RT_Pronation_anti_R,0.0549268967784161,0.0761642492443945,0.131091146022811,0.00142470571839676,0.00152153644994061,4.60175929404617,0.112608729974765
1,DOC,13,PMd-L,RT_Pronation_anti_R,0.0962351460707866,0.105985490986627,0.202220637057413,0.00171478755668814,0.00183796687268339,4.58602364342467,0.109110626629324
1,DOC,14,PMv-L,RT_Pronation_anti_R,0.0550980774831016,0.0530096902379068,0.108107767721008,0.00116542226545642,0.00124768384683246,4.61553246079294,0.113553453677508
1,DOC,15,FEF-L,RT_Pronation_anti_R,0.131168070523823,0.0764986353022651,0.207666705826088,0.00166415249602223,0.00176913386647484,4.58881336602271,0.108737996748499
1,DOC,16,POJ-L,RT_Pronation_anti_R,0.0555160770465058,0.0728768996203528,0.128392976666859,0.00138581286265597,0.00148238904953068,4.60343408933102,0.113621121577724
1,DOC,17,V1-R,RT_Pronation_anti_R,0.0603892173162659,0.0631744721268701,0.123563689443136,0.0014226207213478,0.00152463437720941,4.60100171208947,0.113538503658201
1,DOC,18,V3-R,RT_Pronation_anti_R,0.0925639412588547,0.0507045219774043,0.143268463236259,0.0015233213639148,0.00163352111812704,4.59591365305118,0.113114013125569
1,DOC,19,STS-R,RT_Pronation_anti_R,0.045454816647485,0.0400371298834281,0.0854919465309131,0.00107162686055735,0.0011459337907891,4.62024097497237,0.114378512664059
1,DOC,20,IPL-R,RT_Pronation_anti_R,0.0665868832571815,0.0748227401482768,0.141409623405458,0.00150026781953418,0.00160077531839948,4.59766952321458,0.112358431418498
1,DOC,21,SPL-R,RT_Pronation_anti_R,0.0925943693739316,0.0913342301939421,0.183928599567874,0.00185818885865201,0.00198542152315505,4.5821221227619,0.109865095554432
1,DOC,22,AG-R,RT_Pronation_anti_R,0.0753873422002956,0.079515088381638,0.154902430581934,0.00167684947018758,0.00179022261426251,4.59004944016332,0.112049692038418
1,DOC,23,mIPS-R,RT_Pronation_anti_R,0.077342446274191,0.0940639127696331,0.171406359043824,0.00170992566854625,0.00181722251704334,4.58966928466011,0.110898143789197
1,DOC,24,VIP-R,RT_Pronation_anti_R,0.0649145059693238,0.0824095291301537,0.147324035099478,0.00146989767626866,0.00156611908215182,4.60044700373697,0.110876638412071
1,DOC,25,SPOC-R,RT_Pronation_anti_R,0.0433511505998697,0.0635162716876857,0.106867422287555,0.0011746370682237,0.00125044859872924,4.61564137847082,0.113771286744863
1,DOC,26,S1-R,RT_Pronation_anti_R,0.0799675299053308,0.0589685586037304,0.138936088509061,0.00144888633070352,0.0015431912855423,4.60159645356203,0.112780609407775
1,DOC,27,M1-R,RT_Pronation_anti_R,0.0792829159642014,0.10119584819135,0.180478764155552,0.00169497987954147,0.00181899327109138,4.58792033577932,0.109968007218477
1,DOC,28,SMA-R,RT_Pronation_anti_R,0.0335905697699828,0.0631736061894989,0.0967641759594816,0.00118664926879686,0.00126618629690773,4.61487687135698,0.114368562058912
1,DOC,29,PMd-R,RT_Pronation_anti_R,0.0463966706572068,0.0916583352554581,0.138055005912665,0.00141514272534373,0.00151008014502531,4.6024557989022,0.112797841177735
1,DOC,30,PMv-R,RT_Pronation_anti_R,0.0374112784859664,0.0646824774768186,0.102093755962785,0.00121473955684619,0.00129792035145323,4.61258029167044,0.113869561693136
1,DOC,31,FEF-R,RT_Pronation_anti_R,0.0816832993055097,0.0530762807516235,0.134759580057133,0.00151807001861521,0.00163568324467152,4.59596590905997,0.113467786456036
1,DOC,32,POJ-R,RT_Pronation_anti_R,0.0507936662287732,0.0527731027377067,0.10356676896648,0.00132040876296339,0.0014080275498778,4.60808633705294,0.114871342095723
2,GB,1,V1-L,RT_Pronation_anti_R,0.0427372998254377,0.0539205875115488,0.0966578873369866,0.00117948884860565,0.00127484621538093,4.62606097213117,0.133031135061928
2,GB,2,V3-L,RT_Pronation_anti_R,0.0584345755126711,0.0787021368527783,0.137136712365449,0.00140921953900006,0.00152635610077621,4.61271121982403,0.130398787388181
2,GB,3,STS-L,RT_Pronation_anti_R,0.0717654576180332,0.04619071115119,0.117956168769223,0.00128846928214801,0.0013987429955339,4.61897333833477,0.13214614568941
2,GB,4,IPL-L,RT_Pronation_anti_R,0.106356496924032,0.118448427062169,0.224804923986201,0.0017981525862712,0.0019379048852598,4.59361608214321,0.124967434793353
2,GB,5,SPL-L,RT_Pronation_anti_R,0.102855923689586,0.0879475462333063,0.190803469922893,0.00187201186529586,0.0020200116031777,4.5919347680321,0.128640200291459
2,GB,6,AG-L,RT_Pronation_anti_R,0.0410415259958335,0.079986387408603,0.121027913404437,0.00132378388413715,0.00143020849481191,4.61808926853508,0.131818809515846
2,GB,7,mIPS-L,RT_Pronation_anti_R,0.0704287793342611,0.0772587859333896,0.147687565267651,0.00154127778842789,0.00166280384403123,4.60855094171016,0.130099626518139
2,GB,8,VIP-L,RT_Pronation_anti_R,0.13298047139412,0.150195282940865,0.283175754334985,0.00219363135007008,0.00236809209689939,4.57608172343586,0.121417757739566
2,GB,9,SPOC-L,RT_Pronation_anti_R,0.109077820254005,0.0853062578749728,0.194384078128978,0.00197271169889999,0.0021396174366794,4.58631658173812,0.129377654013945
2,GB,10,S1-L,RT_Pronation_anti_R,0.0633850630482093,0.0385905422639486,0.101975605312158,0.00115609418161326,0.00125315965732893,4.62769086454982,0.132506264786768
2,GB,11,M1-L,RT_Pronation_anti_R,0.0697036656277879,0.0590990021790604,0.128802667806848,0.00144514120001866,0.00156823391598044,4.61226754181122,0.131836867361404
2,GB,12,SMA-L,RT_Pronation_anti_R,0.0567532883810439,0.081781341500489,0.138534629881533,0.00148817276995116,0.00161478254092223,4.60873328917638,0.131306945563797
2,GB,13,PMd-L,RT_Pronation_anti_R,0.0625057884321778,0.070599087342832,0.13310487577501,0.00133105691485165,0.00144813600466101,4.61627266475927,0.131407683087548
2,GB,14,PMv-L,RT_Pronation_anti_R,0.0581801068736725,0.0517406616779772,0.10992076855165,0.00126853003728401,0.00137947697115113,4.6206615440859,0.132882356124826
2,GB,15,FEF-L,RT_Pronation_anti_R,0.0824026431847877,0.0380235419337356,0.120426185118523,0.00110706033524121,0.00120526568046289,4.62648294837444,0.131845508261939
2,GB,16,POJ-L,RT_Pronation_anti_R,0.0987010718089338,0.0620117387007621,0.160712810509696,0.00167176249539515,0.00180865859069743,4.60096285657105,0.130202508238374
2,GB,17,V1-R,RT_Pronation_anti_R,0.0342201523090319,0.0440952221927813,0.0783153745018132,0.00105262588558635,0.00113545469318719,4.63384045679851,0.13378628137792
2,GB,18,V3-R,RT_Pronation_anti_R,0.074611749860692,0.0677979183666553,0.142409668227347,0.00145489011037206,0.00157304406799054,4.6117220884242,0.129362217547301
2,GB,19,STS-R,RT_Pronation_anti_R,0.132879609332906,0.0901673947489762,0.223047004081882,0.00190784256375549,0.00206626572044518,4.58738399049857,0.125496640715994
2,GB,20,IPL-R,RT_Pronation_anti_R,0.0670392694155249,0.0959682781250408,0.163007547540566,0.00165710918108046,0.00179274213877548,4.60155414634544,0.130030982896694
2,GB,21,SPL-R,RT_Pronation_anti_R,0.099731928523629,0.0649253340087966,0.164657262532426,0.0015294616791644,0.00165407505211225,4.60713472196155,0.129086173737155
2,GB,22,AG-R,RT_Pronation_anti_R,0.0822605798321935,0.159783591776726,0.242044171608919,0.00200990748011355,0.00216809931084833,4.58374369676818,0.124970325336791
2,GB,23,mIPS-R,RT_Pronation_anti_R,0.0774803933471083,0.0966592370929824,0.174139630440091,0.00162076301697209,0.0017536284066627,4.60245381086644,0.129253954150196
2,GB,24,VIP-R,RT_Pronation_anti_R,0.0404676055994286,0.081101293025312,0.121568898624741,0.00125737718154109,0.00136325532544083,4.62235723588236,0.131185464702622
2,GB,25,SPOC-R,RT_Pronation_anti_R,0.0867560830883824,0.11220597113646,0.198962054224842,0.00186162813562841,0.00201912371376586,4.59084102295215,0.128084811147447
2,GB,26,S1-R,RT_Pronation_anti_R,0.0847172182046352,0.076536306074648,0.161253524279283,0.00165384234104819,0.00179423214232189,4.60122241116688,0.130218938342548
2,GB,27,M1-R,RT_Pronation_anti_R,0.0883976936994367,0.0789509107947092,0.167348604494146,0.00164107265327383,0.00178456935233236,4.60045228962007,0.128149244921914
2,GB,28,SMA-R,RT_Pronation_anti_R,0.0780715222858313,0.0920214465184713,0.170092968804303,0.00163533948385738,0.0017814557018156,4.60049654364819,0.129096397466005
2,GB,29,PMd-R,RT_Pronation_anti_R,0.0769325043029919,0.0867801400957097,0.163712644398702,0.00166491132487441,0.00181174839363084,4.59836369655375,0.129972037019454
2,GB,30,PMv-R,RT_Pronation_anti_R,0.0758642876826421,0.0497062954223925,0.125570583105035,0.00129758676836736,0.00140477009891553,4.6186309411467,0.131093877622952
2,GB,31,FEF-R,RT_Pronation_anti_R,0.0606335492617598,0.0523518326775225,0.112985381939282,0.0012422531941685,0.00134748203512441,4.621655867869,0.132208920456332
2,GB,32,POJ-R,RT_Pronation_anti_R,0.0843865934656048,0.0429075074915813,0.127294100957186,0.00139497401899899,0.00151662313290726,4.61419830791122,0.132003336704031
3,JDC,1,V1-L,RT_Pronation_anti_R,0.10972790305676,0.142347241212197,0.252075144268957,0.00218989823141652,0.00240541284035162,4.60211232416258,0.133664056184173
3,JDC,2,V3-L,RT_Pronation_anti_R,0.0810593819730291,0.049112011169258,0.130171393142287,0.00129212577564312,0.00142348506703644,4.64753745124137,0.143528372067464
3,JDC,3,STS-L,RT_Pronation_anti_R,0.0577939366866223,0.0525399157554864,0.110333852442109,0.00124373842774804,0.00136949566442898,4.64969250506915,0.145044454757794
3,JDC,4,IPL-L,RT_Pronation_anti_R,0.0854767693797594,0.0818988299084838,0.167375599288243,0.00154273270660976,0.00169515391396662,4.6341700001965,0.141411837553429
3,JDC,5,SPL-L,RT_Pronation_anti_R,0.13252793247839,0.0940765534781019,0.226604485956492,0.00199482544191011,0.00219611157125645,4.61345915709635,0.139323775180892
3,JDC,6,AG-L,RT_Pronation_anti_R,0.0899191463773639,0.0748144914282872,0.164733637805651,0.00150969837625372,0.00164775214038649,4.63643535992733,0.140817016059562
3,JDC,7,mIPS-L,RT_Pronation_anti_R,0.097613007810616,0.0513403296899537,0.14895333750057,0.00155407878131757,0.00171410923811594,4.63456931888951,0.143532001264682
3,JDC,8,VIP-L,RT_Pronation_anti_R,0.109151334426495,0.0733759482946729,0.182527282721168,0.00169944511186172,0.00186597437055083,4.62668570384236,0.142107506523653
3,JDC,9,SPOC-L,RT_Pronation_anti_R,0.0651470872571873,0.121456665143262,0.186603752400449,0.0017214847600658,0.0018838937238914,4.62680593182744,0.141718102579302
3,JDC,10,S1-L,RT_Pronation_anti_R,0.0689251913967668,0.0781492870015854,0.147074478398352,0.00146399477648739,0.0016014542453271,4.6376840871818,0.14337351128013
3,JDC,11,M1-L,RT_Pronation_anti_R,0.0681748295424755,0.066378833335516,0.134553662877991,0.00141620555542432,0.00155670071717878,4.64131144903535,0.142573964000989
3,JDC,12,SMA-L,RT_Pronation_anti_R,0.0824773715892565,0.0830917662165367,0.165569137805793,0.00175832808050371,0.00193757407384853,4.62383738954221,0.143400455137218
3,JDC,13,PMd-L,RT_Pronation_anti_R,0.0862034121859252,0.0594418846914834,0.145645296877409,0.00136970179888689,0.00150292515490731,4.64294520772015,0.139914153379768
3,JDC,14,PMv-L,RT_Pronation_anti_R,0.057631428765642,0.059770367881795,0.117401796647437,0.001389740216029,0.00153700765085054,4.64101018797008,0.145464198409232
3,JDC,15,FEF-L,RT_Pronation_anti_R,0.0425654732345042,0.0591269632361469,0.101692436470651,0.00109045408298699,0.00119267051454357,4.65788170045157,0.145096167249147
3,JDC,16,POJ-L,RT_Pronation_anti_R,0.114173356668197,0.102890997504231,0.217064354172428,0.00180643246531839,0.00198298502830052,4.62180313750957,0.140465130209441
3,JDC,17,V1-R,RT_Pronation_anti_R,0.0447707608806334,0.150864341924763,0.195635102805396,0.00164163178365198,0.00180362997470308,4.62850702524405,0.140188423332728
3,JDC,18,V3-R,RT_Pronation_anti_R,0.0958029719167528,0.066063078926227,0.16186605084298,0.00156379267619886,0.00170136886374137,4.63493897299921,0.142395974027379
3,JDC,19,STS-R,RT_Pronation_anti_R,0.0507145730880476,0.0646167475495412,0.115331320637589,0.00121562316180115,0.00133384045877482,4.65008630933072,0.145014265661422
3,JDC,20,IPL-R,RT_Pronation_anti_R,0.050888154489534,0.0710160134350547,0.121904167924589,0.00140085724790571,0.00153270490625509,4.64165898590568,0.144768902454524
3,JDC,21,SPL-R,RT_Pronation_anti_R,0.0628563670756635,0.0966191705427731,0.159475537618437,0.00156818599316573,0.00171312636765202,4.63448437158275,0.142988466761305
3,JDC,22,AG-R,RT_Pronation_anti_R,0.0900794433900207,0.0658824009029766,0.155961844292997,0.00160199591922458,0.00175135806507768,4.63350977869699,0.143874453480793
3,JDC,23,mIPS-R,RT_Pronation_anti_R,0.0901011625750748,0.0770681445391604,0.167169307114235,0.00171024112976321,0.00187269510952289,4.62817800039303,0.143136995159802
3,JDC,24,VIP-R,RT_Pronation_anti_R,0.0708342592750764,0.0824570776849636,0.15329133696004,0.00157299879956649,0.00172096936348653,4.63321365726062,0.142924504044637
3,JDC,25,SPOC-R,RT_Pronation_anti_R,0.108995198052086,0.199095631195341,0.308090829247427,0.002146717391495,0.00233669369522681,4.60559336804463,0.130955870079072
3,JDC,26,S1-R,RT_Pronation_anti_R,0.0722626607907284,0.0440936959075105,0.116356356698239,0.00119997117008617,0.00131652836914386,4.65100501463763,0.144776897593147
3,JDC,27,M1-R,RT_Pronation_anti_R,0.0803387155175705,0.0359023815474816,0.116241097065052,0.00116638520430065,0.00128610917161056,4.65340244425022,0.144729879689208
3,JDC,28,SMA-R,RT_Pronation_anti_R,0.0703063316944796,0.066711608336158,0.137017940030638,0.00152469676984956,0.00168533522594516,4.63385532146099,0.144451553869637
3,JDC,29,PMd-R,RT_Pronation_anti_R,0.0886397055168336,0.0858530167324998,0.174492722249333,0.00165105717777688,0.00182908742917641,4.62745834867225,0.141281338073894
3,JDC,30,PMv-R,RT_Pronation_anti_R,0.099797572111265,0.0658022540472277,0.165599826158493,0.00156671658351976,0.00172409413517801,4.63059658500451,0.143150346287319
3,JDC,31,FEF-R,RT_Pronation_anti_R,0.094616285224363,0.111917605271775,0.206533890496138,0.00186192074607153,0.0020485346761367,4.61808633829638,0.140055482717538
3,JDC,32,POJ-R,RT_Pronation_anti_R,0.113903922447625,0.0997003923842935,0.213604314831919,0.0018811986198021,0.00205913967708488,4.6190696212181,0.140300371916499
4,JFXD,1,V1-L,RT_Pronation_anti_R,0.0560748101959793,0.0314472085791928,0.0875220187751721,0.00130688846420366,0.00139338611829332,4.78041766968831,0.140704918523113
4,JFXD,2,V3-L,RT_Pronation_anti_R,0.0876847508790346,0.0658690881250215,0.153553839004056,0.00171030397876151,0.00181975259606817,4.76072477244125,0.136523648158975
4,JFXD,3,STS-L,RT_Pronation_anti_R,0.0372092287577526,0.0719100262256023,0.109119254983355,0.00139095395201672,0.00148179365291896,4.77493419766757,0.138163883632187
4,JFXD,4,IPL-L,RT_Pronation_anti_R,0.0829901125237705,0.0908565886804064,0.173846701204177,0.00190989072715058,0.00203835143378793,4.75182335432708,0.136849341673251
4,JFXD,5,SPL-L,RT_Pronation_anti_R,0.0547378851294852,0.0704404673668811,0.125178352496366,0.00165408313000778,0.00176897681778599,4.76443064205836,0.13925109085703
4,JFXD,6,AG-L,RT_Pronation_anti_R,0.111499571745443,0.105957577247282,0.217457148992726,0.00226853625674146,0.0024242062341141,4.73795859333656,0.134503736187398
4,JFXD,7,mIPS-L,RT_Pronation_anti_R,0.090288869144239,0.0920661772507203,0.182355046394959,0.00202554160758605,0.00216847603591423,4.74771555482037,0.136259521840803
4,JFXD,8,VIP-L,RT_Pronation_anti_R,0.0704613358678906,0.0653742305161945,0.135835566384085,0.00166554610896586,0.00177640067565845,4.76362586540449,0.138218326254834
4,JFXD,9,SPOC-L,RT_Pronation_anti_R,0.0503257589154228,0.0524134862458003,0.102739245161223,0.00127457415637827,0.00135127983738797,4.78278253172329,0.139103510375567
4,JFXD,10,S1-L,RT_Pronation_anti_R,0.145136168289512,0.0732961258971743,0.218432294186686,0.00210337140923265,0.00224250095617027,4.74408506098235,0.134582943151106
4,JFXD,11,M1-L,RT_Pronation_anti_R,0.0626197443892773,0.0728444638589353,0.135464208248213,0.00158773909319666,0.00169185183390047,4.76731078998722,0.138216921238137
4,JFXD,12,SMA-L,RT_Pronation_anti_R,0.128047740623525,0.0988881348715858,0.226935875495111,0.0021592688177526,0.00229030239777471,4.74480405980812,0.133374453376103
4,JFXD,13,PMd-L,RT_Pronation_anti_R,0.0818473038589341,0.0547016313207491,0.136548935179683,0.00166149376080996,0.00176692816965235,4.76447992438803,0.137852697304104
4,JFXD,14,PMv-L,RT_Pronation_anti_R,0.179334967303819,0.0795214792787855,0.258856446582604,0.00221710549091268,0.00235570625975976,4.74045256845728,0.132511126986984
4,JFXD,15,FEF-L,RT_Pronation_anti_R,0.138224934131149,0.12023449857752,0.258459432708669,0.00220926040641928,0.00235199668171543,4.74198048395717,0.133617348497222
4,JFXD,16,POJ-L,RT_Pronation_anti_R,0.0657528270846946,0.0785472039078096,0.144300030992504,0.00169142286312467,0.00179705543034126,4.7625244057208,0.137363850606658
4,JFXD,17,V1-R,RT_Pronation_anti_R,0.0325613200847056,0.0589158965355477,0.0914772166202533,0.00129868892749102,0.00138749500211518,4.78095499210152,0.140016954751921
4,JFXD,18,V3-R,RT_Pronation_anti_R,0.0684772063784618,0.0602803198274831,0.128757526205945,0.00142388174648425,0.00151365932588612,4.77433841634043,0.137005222545918
4,JFXD,19,STS-R,RT_Pronation_anti_R,0.141676386430547,0.12549989202603,0.267176278456577,0.0024238754785386,0.00258746501358144,4.73233800114368,0.130969192829602
4,JFXD,20,IPL-R,RT_Pronation_anti_R,0.122917654248156,0.0693948507057138,0.192312504953869,0.00192608631629534,0.00204990567289134,4.75321210537872,0.135223296788224
4,JFXD,21,SPL-R,RT_Pronation_anti_R,0.0635098535037659,0.0939397959239984,0.157449649427764,0.00163027773435496,0.00173343048329707,4.76738632645891,0.136420697924318
4,JFXD,22,AG-R,RT_Pronation_anti_R,0.0628604029519522,0.155465061144011,0.218325464095963,0.00208689867987177,0.00222197775034072,4.74651611565438,0.133736378548611
4,JFXD,23,mIPS-R,RT_Pronation_anti_R,0.0830328460711378,0.143509429255257,0.226542275326395,0.0021157715879104,0.00225633458480389,4.74480908459911,0.133338349013658
4,JFXD,24,VIP-R,RT_Pronation_anti_R,0.0995408724103146,0.0735509484241409,0.173091820834455,0.0018241559297596,0.00194131180283519,4.75864747411888,0.136319469908492
4,JFXD,25,SPOC-R,RT_Pronation_anti_R,0.0884116489600507,0.125180691399134,0.213592340359184,0.00211587258774347,0.0022533484076568,4.74458345524715,0.133947830675775
4,JFXD,26,S1-R,RT_Pronation_anti_R,0.0844783962639298,0.10639835281328,0.19087674907721,0.0019138323483782,0.00203323157212253,4.7553681535672,0.133540170870983
4,JFXD,27,M1-R,RT_Pronation_anti_R,0.0754279063503546,0.0834184233289877,0.158846329679342,0.00188016455523047,0.00200327694766208,4.75554035108184,0.137835646788939
4,JFXD,28,SMA-R,RT_Pronation_anti_R,0.118805278869092,0.0939321809520272,0.212737459821119,0.0021110251782486,0.00224187423573291,4.74686222555763,0.134943297479098
4,JFXD,29,PMd-R,RT_Pronation_anti_R,0.082418988996166,0.0622401971235323,0.144659186119698,0.00170445041383528,0.00181394285071862,4.76302668713532,0.137728802715306
4,JFXD,30,PMv-R,RT_Pronation_anti_R,0.116932560642984,0.151700659668027,0.268633220311011,0.00249353082572999,0.00265966181053154,4.72949701393456,0.129493766435734
4,JFXD,31,FEF-R,RT_Pronation_anti_R,0.0798548767961408,0.100857522830426,0.180712399626567,0.00196506849995799,0.00209610634101223,4.75289292732482,0.135256531867538
4,JFXD,32,POJ-R,RT_Pronation_anti_R,0.0795126053427058,0.114002203233135,0.193514808575841,0.0018918033105507,0.0020052774245282,4.75535788080818,0.135177852335762
5,JZ,1,V1-L,RT_Pronation_anti_R,0.115499887891608,0.0564160374986816,0.171915925390289,0.00169737036715091,0.0018182539427896,4.58653662570807,0.118123333337825
5,JZ,2,V3-L,RT_Pronation_anti_R,0.0749569239537588,0.0808697379276562,0.155826661881415,0.00153480138247816,0.00165452117480276,4.59273103983032,0.118175553989593
5,JZ,3,STS-L,RT_Pronation_anti_R,0.053431779806874,0.0371254923534224,0.0905572721602964,0.001100354827501,0.00117819826442327,4.61770578078637,0.12143137948198
5,JZ,4,IPL-L,RT_Pronation_anti_R,0.0482279995889712,0.0929006258321154,0.141128625421087,0.00155334808285657,0.00166648670309168,4.59359265217449,0.118152651028958
5,JZ,5,SPL-L,RT_Pronation_anti_R,0.0678718057741015,0.0675903187116615,0.135462124485763,0.00150328010206706,0.00161713607315167,4.59648024762904,0.11963730942122
5,JZ,6,AG-L,RT_Pronation_anti_R,0.0480606533858549,0.0474107765416798,0.0954714299275347,0.00115390936269581,0.00123677508894338,4.61447339137033,0.120949339706689
5,JZ,7,mIPS-L,RT_Pronation_anti_R,0.0598779119368475,0.0671928735173601,0.127070785454208,0.00141116525976461,0.00152013375557048,4.60025178938016,0.119326931868835
5,JZ,8,VIP-L,RT_Pronation_anti_R,0.115887279976361,0.0430942039765341,0.158981483952895,0.0014470366744677,0.00154601678885068,4.59942705071041,0.11853708734168
5,JZ,9,SPOC-L,RT_Pronation_anti_R,0.0333422234330916,0.113078361573092,0.146420585006184,0.00142605340680547,0.00153680488572292,4.59970910586874,0.118929214308766
5,JZ,10,S1-L,RT_Pronation_anti_R,0.0803241367873649,0.139251391161813,0.219575527949178,0.00189818487033357,0.00202999834919247,4.57779411225837,0.115131712605385
5,JZ,11,M1-L,RT_Pronation_anti_R,0.0471815492011998,0.150216877852004,0.197398427053204,0.00169592559918621,0.00181024163054969,4.5875323239854,0.116865164133063
5,JZ,12,SMA-L,RT_Pronation_anti_R,0.0434371751767031,0.0806972863745147,0.124134461551218,0.00140568684982249,0.00151273125272195,4.60119333606952,0.119422595957432
5,JZ,13,PMd-L,RT_Pronation_anti_R,0.126002750998704,0.0827841233906925,0.208786874389396,0.00175704783004963,0.00187892964832514,4.58259075719757,0.115446486070437
5,JZ,14,PMv-L,RT_Pronation_anti_R,0.0948612889555685,0.0560977453408197,0.150959034296388,0.00160499701481953,0.00171716349374078,4.59189019612733,0.119279450341517
5,JZ,15,FEF-L,RT_Pronation_anti_R,0.0747077340032044,0.0554690408017844,0.130176774804989,0.00144652265983677,0.00154346958208952,4.59991224953685,0.119285835300556
5,JZ,16,POJ-L,RT_Pronation_anti_R,0.0284635611257612,0.118028731908335,0.146492293034096,0.00136912622329916,0.00147041943225428,4.60382320594249,0.119354722605677
5,JZ,17,V1-R,RT_Pronation_anti_R,0.0702314562830687,0.0738038098437581,0.144035266126827,0.00130565075204508,0.00139310104012158,4.60611555824228,0.118202123345777
5,JZ,18,V3-R,RT_Pronation_anti_R,0.122535298033564,0.0615519614324008,0.184087259465965,0.0016772170801771,0.00179783194792073,4.58635284550767,0.115330821016384
5,JZ,19,STS-R,RT_Pronation_anti_R,0.0589500577231415,0.0869958399515958,0.145945897674737,0.00141806275001312,0.00151881178394298,4.5983935340408,0.118134830227585
5,JZ,20,IPL-R,RT_Pronation_anti_R,0.04049576914685,0.0724839630718601,0.11297973221871,0.00137211337820743,0.0014798814167857,4.60265088320543,0.121161986354564
5,JZ,21,SPL-R,RT_Pronation_anti_R,0.085166124116614,0.112864293983515,0.198030418100129,0.0019390678878386,0.00208215740321262,4.57466145026046,0.114604382948096
5,JZ,22,AG-R,RT_Pronation_anti_R,0.0945989813073351,0.0639850241599903,0.158584005467325,0.00159704613766787,0.00171618334940746,4.58962315019896,0.118438139897185
5,JZ,23,mIPS-R,RT_Pronation_anti_R,0.0645668919321866,0.0402266476220938,0.10479353955428,0.00123099599796679,0.0013215961964381,4.61063891882281,0.12082606212034
5,JZ,24,VIP-R,RT_Pronation_anti_R,0.0534945437614244,0.0817280397086475,0.135222583470072,0.00155975176147745,0.00168202376789844,4.59349160785187,0.120075447036047
5,JZ,25,SPOC-R,RT_Pronation_anti_R,0.087900344395888,0.0678932161513206,0.155793560547209,0.00150573409538703,0.00160939786088759,4.59628902731861,0.118196292032857
5,JZ,26,S1-R,RT_Pronation_anti_R,0.055887352155736,0.0496745837523715,0.105561935908107,0.00124208569451155,0.00133322899508587,4.60958360738368,0.120553895264468
5,JZ,27,M1-R,RT_Pronation_anti_R,0.109424367624989,0.0444762311770331,0.153900598802022,0.00140567012538906,0.00150060234357964,4.60192144095513,0.117124272452487
5,JZ,28,SMA-R,RT_Pronation_anti_R,0.0894489444916312,0.0714549594681573,0.160903903959788,0.00156348594514383,0.0016729389295326,4.59386320555933,0.117841386795769
5,JZ,29,PMd-R,RT_Pronation_anti_R,0.07416413599838,0.0899353738367954,0.164099509835175,0.00164293478826354,0.00176555567944917,4.58961745299193,0.118104881091196
5,JZ,30,PMv-R,RT_Pronation_anti_R,0.0669889656056794,0.042169162045671,0.10915812765135,0.00121541754248345,0.00130295578813148,4.61087817271406,0.119607162705381
5,JZ,31,FEF-R,RT_Pronation_anti_R,0.0987558775933675,0.0840703860969169,0.182826263690284,0.00166499497810088,0.00177877743461134,4.58766233724964,0.114658169214849
5,JZ,32,POJ-R,RT_Pronation_anti_R,0.102292113088956,0.0554987681904927,0.157790881279449,0.00147048733096168,0.00157306549829847,4.59749800456289,0.117958828891954
6,LT,1,V1-L,RT_Pronation_anti_R,0.0359378796537857,0.102152892879261,0.138090772533047,0.00128434644403434,0.00139096470819281,4.36055855663064,0.0814184530482149
6,LT,2,V3-L,RT_Pronation_anti_R,0.0399946554466246,0.0818598826316409,0.121854538078265,0.00120245489995077,0.00129455682102935,4.36726835637026,0.0810781051284834
6,LT,3,STS-L,RT_Pronation_anti_R,0.0543125095325013,0.0661459082071323,0.120458417739634,0.00122945533839337,0.00132382104550279,4.36485512385108,0.0813324573992429
6,LT,4,IPL-L,RT_Pronation_anti_R,0.041011506518404,0.0570197342741035,0.0980312407925075,0.00109271548823666,0.00117318025191156,4.37466429976507,0.0830651768594811
6,LT,5,SPL-L,RT_Pronation_anti_R,0.048235290269079,0.0654580648395831,0.113693355108662,0.00115718279262392,0.00124321975100982,4.3704009751684,0.0820742415636877
6,LT,6,AG-L,RT_Pronation_anti_R,0.048112399025066,0.0551044411318599,0.103216840156926,0.00101848194765066,0.0010867054087244,4.38011246468538,0.082095534872893
6,LT,7,mIPS-L,RT_Pronation_anti_R,0.039281672350668,0.0833471669571834,0.122628839307851,0.00127703586559972,0.00137851309034529,4.36276893535374,0.0819720273229079
6,LT,8,VIP-L,RT_Pronation_anti_R,0.0512392643680826,0.0505354582050257,0.101774722573108,0.00107143529217835,0.00114552176067534,4.3766651540097,0.0827559247280244
6,LT,9,SPOC-L,RT_Pronation_anti_R,0.0384477485744714,0.040210575498586,0.0786583240730574,0.000949054530306839,0.0010197431207389,4.38355159091076,0.0838511839600726
6,LT,10,S1-L,RT_Pronation_anti_R,0.0543705779434831,0.053416457344217,0.1077870352877,0.00114959613494012,0.00123753345101943,4.37025627296473,0.0817439876245164
6,LT,11,M1-L,RT_Pronation_anti_R,0.0583621150992243,0.0458897099845703,0.104251825083795,0.000950314269872971,0.00101899837397043,4.3837111186353,0.0817547197519243
6,LT,12,SMA-L,RT_Pronation_anti_R,0.0366480003720125,0.0519553049342677,0.0886033053062801,0.000977776382656893,0.00105279484086793,4.3819751225561,0.0833959448582064
6,LT,13,PMd-L,RT_Pronation_anti_R,0.0574508138522673,0.0511072953026718,0.108558109154939,0.00113423706199045,0.00122634851368041,4.37091443438988,0.0826030311960443
6,LT,14,PMv-L,RT_Pronation_anti_R,0.0782149604138425,0.0518618669659349,0.130076827379777,0.00136111670149816,0.00146354027321494,4.35701043651452,0.0803371016654843
6,LT,15,FEF-L,RT_Pronation_anti_R,0.101788756321364,0.0312183122377527,0.133007068559117,0.00116405436247881,0.00124863254618865,4.3692018887189,0.0811319335193941
6,LT,16,POJ-L,RT_Pronation_anti_R,0.0527945375956682,0.0557149324986885,0.108509470094357,0.00110836433744253,0.00118713279235766,4.37266376997608,0.0815341131528221
6,LT,17,V1-R,RT_Pronation_anti_R,0.0680209458211471,0.0255339331328987,0.0935548789540458,0.000954632876997527,0.00102798597748418,4.3824988599055,0.0824154338366424
6,LT,18,V3-R,RT_Pronation_anti_R,0.0562123665190792,0.0607518471803185,0.116964213699398,0.00113488540163851,0.00122163871942169,4.36984847996876,0.0803098353588047
6,LT,19,STS-R,RT_Pronation_anti_R,0.0757261351002969,0.0378162183068161,0.113542353407113,0.00115180388852471,0.0012412802004809,4.36938750708021,0.0820424742075019
6,LT,20,IPL-R,RT_Pronation_anti_R,0.0547473962970018,0.0340048272896334,0.0887522235866353,0.000943732786072545,0.00100923723742472,4.38431994009265,0.0834910030086719
6,LT,21,SPL-R,RT_Pronation_anti_R,0.045287638694709,0.0459277163487685,0.0912153550434776,0.00105382528451986,0.00113100783254446,4.37583419516033,0.0833593542180027
6,LT,22,AG-R,RT_Pronation_anti_R,0.060338502338595,0.0394994135080495,0.0998379158466445,0.00104074882394187,0.00111487133371799,4.37731236366808,0.0827415021192465
6,LT,23,mIPS-R,RT_Pronation_anti_R,0.078704153966973,0.0569970545046782,0.135701208471651,0.00127956437693264,0.00136770142936727,4.36256236250427,0.0795290339375558
6,LT,24,VIP-R,RT_Pronation_anti_R,0.044597759983224,0.0289588735604627,0.0735566335436867,0.00087609213360771,0.000936365414770289,4.38904167215901,0.0838709686322665
6,LT,25,SPOC-R,RT_Pronation_anti_R,0.0467876207416356,0.0539532571753856,0.100740877917021,0.00101932484310299,0.00109673958602553,4.37864643979399,0.0820934719438657
6,LT,26,S1-R,RT_Pronation_anti_R,0.0447214590338121,0.0483571918265954,0.0930786508604075,0.00102051893433328,0.00109517042015183,4.37879129931092,0.0833107537983659
6,LT,27,M1-R,RT_Pronation_anti_R,0.0295886979057693,0.0418656292086815,0.0714543271144508,0.000805223025016014,0.000864981391207819,4.39320672030221,0.0836990726387856
6,LT,28,SMA-R,RT_Pronation_anti_R,0.0345616228031016,0.0483124280459276,0.0828740508490292,0.000955550155794616,0.0010307699857906,4.38193055729318,0.0835589208337634
6,LT,29,PMd-R,RT_Pronation_anti_R,0.0548171028853096,0.0372200226276531,0.0920371255129626,0.00102347793279377,0.00109870956220721,4.37846561573868,0.0831909319556261
6,LT,30,PMv-R,RT_Pronation_anti_R,0.0516704663693186,0.0571385672699334,0.108809033639252,0.00111533295738366,0.00119750605359935,4.37146347916935,0.0821541008564873
6,LT,31,FEF-R,RT_Pronation_anti_R,0.0614232080174399,0.0478923202432156,0.109315528260655,0.00125180982410546,0.00135668517912746,4.36327700252077,0.0830555594481128
6,LT,32,POJ-R,RT_Pronation_anti_R,0.0370635855847491,0.0732440452772088,0.110307630861958,0.00114737924697232,0.0012325333606508,4.37127914232067,0.082434651056694
7,NvA,1,V1-L,RT_Pronation_anti_R,0.042889695836026,0.0409306457995261,0.0838203416355521,0.000986156331015196,0.00108718297357993,4.62683769552529,0.139351293416015
7,NvA,2,V3-L,RT_Pronation_anti_R,0.061178914770191,0.0796330522997161,0.140811967069907,0.00139149504054932,0.0015405973093273,4.6026707685907,0.13714448809686
7,NvA,3,STS-L,RT_Pronation_anti_R,0.067024171609972,0.0590419401568585,0.12606611176683,0.00129003659752319,0.00141497210056612,4.60854783312207,0.137051484663917
7,NvA,4,IPL-L,RT_Pronation_anti_R,0.0897047834487438,0.0660502555632401,0.155755039011984,0.0015478689983309,0.00170874628639399,4.59687479238596,0.135996340919891
7,NvA,5,SPL-L,RT_Pronation_anti_R,0.0664692973577019,0.132379994142866,0.198849291500568,0.00167581022322602,0.00184295994800203,4.59078738487741,0.135356281771877
7,NvA,6,AG-L,RT_Pronation_anti_R,0.0899451263481163,0.117672781525894,0.20761790787401,0.00162735278511664,0.00178229350410038,4.59262595365897,0.132863204151908
7,NvA,7,mIPS-L,RT_Pronation_anti_R,0.0838038777435362,0.0541101588316406,0.137914036575177,0.00141180932617164,0.00155717128407636,4.60485902938419,0.138308278306901
7,NvA,8,VIP-L,RT_Pronation_anti_R,0.111817945538104,0.0587460224941742,0.170563968032279,0.00162021717240873,0.00179644841018034,4.59164896476799,0.136281358766256
7,NvA,9,SPOC-L,RT_Pronation_anti_R,0.0866005986420717,0.0618562818599256,0.148456880501997,0.00151255530305005,0.00166976177853584,4.59749072762779,0.138076247401862
7,NvA,10,S1-L,RT_Pronation_anti_R,0.0974518513865746,0.0920226501073117,0.189474501493886,0.00173958887664559,0.00191754222968244,4.58734753878886,0.135136846300085
7,NvA,11,M1-L,RT_Pronation_anti_R,0.108648421488277,0.0606878117226864,0.169336233210964,0.00145090239514014,0.0015957101469719,4.60086731757347,0.135344885404899
7,NvA,12,SMA-L,RT_Pronation_anti_R,0.0497690853704789,0.106824313322597,0.156593398693076,0.00158480003037328,0.00174069528361774,4.59642926628383,0.136809355490175
7,NvA,13,PMd-L,RT_Pronation_anti_R,0.0485441252145355,0.0725781759247272,0.121122301139263,0.00144498979822901,0.00159051900926893,4.60238633158782,0.139250932210677
7,NvA,14,PMv-L,RT_Pronation_anti_R,0.0563302598674292,0.0425192656371888,0.0988495255046181,0.0012319357017375,0.00136294724637917,4.61301905694923,0.140412623408363
7,NvA,15,FEF-L,RT_Pronation_anti_R,0.063907021145054,0.0552966102604859,0.11920363140554,0.00131443500989122,0.00144683719936897,4.60886195894833,0.137578097808752
7,NvA,16,POJ-L,RT_Pronation_anti_R,0.0442912792252426,0.060029546097957,0.1043208253232,0.0011685640327457,0.00128794680123574,4.61656207208309,0.139578170225612
7,NvA,17,V1-R,RT_Pronation_anti_R,0.0694183918783978,0.0615660765471049,0.130984468425503,0.0012643464807444,0.00139068656121247,4.61079284779364,0.137359400986342
7,NvA,18,V3-R,RT_Pronation_anti_R,0.0895965906978267,0.0590181498136913,0.148614740511518,0.00140238141995528,0.00154971050770242,4.60202850767612,0.137029577089319
7,NvA,19,STS-R,RT_Pronation_anti_R,0.0668095657890966,0.11185020600789,0.178659771796986,0.0015975253405892,0.00175791366327378,4.59530061560959,0.133934281168912
7,NvA,20,IPL-R,RT_Pronation_anti_R,0.0955009573566403,0.132353965632049,0.22785492298869,0.00186493321320433,0.00206809186079249,4.58193986869778,0.134075727272866
7,NvA,21,SPL-R,RT_Pronation_anti_R,0.104710007238405,0.0871807670934223,0.191890774331828,0.0014222984935101,0.00156424312819497,4.60445303811894,0.134242657952268
7,NvA,22,AG-R,RT_Pronation_anti_R,0.103685508273894,0.0637304850170647,0.167415993290959,0.0014924045908064,0.0016335665209616,4.60040058887349,0.134261909656592
7,NvA,23,mIPS-R,RT_Pronation_anti_R,0.0794340154045121,0.0449956481632916,0.124429663567804,0.00126767027142319,0.0013931197036311,4.61126448949356,0.138540701412869
7,NvA,24,VIP-R,RT_Pronation_anti_R,0.0959582437274806,0.170608141221054,0.266566384948534,0.00195490140812877,0.00216117742227416,4.57724991933684,0.131708461327333
7,NvA,25,SPOC-R,RT_Pronation_anti_R,0.144046118440434,0.113956097528182,0.258002215968616,0.00188727934539734,0.00207714377625851,4.57881875119046,0.131286028154107
7,NvA,26,S1-R,RT_Pronation_anti_R,0.0715374524629206,0.0595908472233229,0.131128299686244,0.00142435767927315,0.00157565528329361,4.6040577209543,0.137579883701606
7,NvA,27,M1-R,RT_Pronation_anti_R,0.173907152512735,0.104584608217327,0.278491760730062,0.00229403266814832,0.00252202883002308,4.56230511686763,0.130253308981108
7,NvA,28,SMA-R,RT_Pronation_anti_R,0.0302784499867391,0.0983180466629133,0.128596496649652,0.00140344206139296,0.00154179712469955,4.60595299923965,0.138971824620938
7,NvA,29,PMd-R,RT_Pronation_anti_R,0.0611529014990535,0.0830414492252507,0.144194350724304,0.00141817214894475,0.00155927765934511,4.60373201362632,0.137456246329215
7,NvA,30,PMv-R,RT_Pronation_anti_R,0.041887558488541,0.0378690629878784,0.0797566214764194,0.00103289553916485,0.00114032136796139,4.62462397189583,0.140056200903872
7,NvA,31,FEF-R,RT_Pronation_anti_R,0.0626737086808085,0.125328732584227,0.188002441265036,0.00163500324062016,0.00178720941120826,4.59359939111667,0.134428708552999
7,NvA,32,POJ-R,RT_Pronation_anti_R,0.131979186727377,0.0765804744854531,0.20855966121283,0.00168273196755339,0.00186101648911508,4.59089430013293,0.134091779875011
8,RR,1,V1-L,RT_Pronation_anti_R,0.0661532034236915,0.0663997267326622,0.132552930156354,0.0014267127234439,0.00154455383644902,4.9335916367553,0.18996885011315
8,RR,2,V3-L,RT_Pronation_anti_R,0.079764320600167,0.13369565405778,0.213459974657947,0.00210251236044656,0.00228644032165051,4.90488645562929,0.187554426484143
8,RR,3,STS-L,RT_Pronation_anti_R,0.198091894538734,0.0542028072400256,0.25229470177876,0.00227935333022592,0.00248141287849904,4.89698098802864,0.187149933504011
8,RR,4,IPL-L,RT_Pronation_anti_R,0.049174814397749,0.117320115664159,0.166494930061908,0.00168100245148004,0.00182207849047689,4.92218545384723,0.188724579251602
8,RR,5,SPL-L,RT_Pronation_anti_R,0.0784402781572562,0.118752104589008,0.197192382746264,0.00201267402150094,0.00217375397680039,4.90935022520179,0.186447584965248
8,RR,6,AG-L,RT_Pronation_anti_R,0.141397304070374,0.0870754608371825,0.228472764907557,0.00224121562592716,0.00243566621970242,4.89894919932246,0.187034215017565
8,RR,7,mIPS-L,RT_Pronation_anti_R,0.0746584894480738,0.1150932371399,0.189751726587974,0.00204298292721896,0.00221175105564774,4.90866981000773,0.18807964588615
8,RR,8,VIP-L,RT_Pronation_anti_R,0.0787053290821595,0.0997459577737992,0.178451286855959,0.0017765353577315,0.00192995331110866,4.91697222563318,0.188003452649343
8,RR,9,SPOC-L,RT_Pronation_anti_R,0.0627018120244843,0.0606698699909902,0.123371682015474,0.00167085190390197,0.0018125561888981,4.92379925876114,0.19090316682801
8,RR,10,S1-L,RT_Pronation_anti_R,0.058379230872227,0.111349808199955,0.169729039072182,0.00184750382313079,0.00201122646009704,4.91464493005696,0.188933051661248
8,RR,11,M1-L,RT_Pronation_anti_R,0.0732126044283827,0.0522079750834335,0.125420579511816,0.00158506059419229,0.00171807156207539,4.92665424271109,0.189076338165117
8,RR,12,SMA-L,RT_Pronation_anti_R,0.0860988542032183,0.211443074900764,0.297541929103983,0.00245063716722401,0.00264140324123724,4.89327353924166,0.183683499528746
8,RR,13,PMd-L,RT_Pronation_anti_R,0.231234873549308,0.141933509064604,0.373168382613912,0.00308840412322425,0.00332382975689378,4.86603365987801,0.175014567855124
8,RR,14,PMv-L,RT_Pronation_anti_R,0.10428265690894,0.112398497048303,0.216681153957243,0.00227547807573222,0.00247008102389147,4.8988529937599,0.18485708789542
8,RR,15,FEF-L,RT_Pronation_anti_R,0.166657562779792,0.0502202924511901,0.216877855230983,0.00211011383479124,0.00229098919248198,4.90537623126659,0.187576373688625
8,RR,16,POJ-L,RT_Pronation_anti_R,0.136167562919039,0.128225839926649,0.264393402845688,0.00253915893657412,0.0027497524315278,4.88828595576018,0.182367284504411
8,RR,17,V1-R,RT_Pronation_anti_R,0.104069443454622,0.0838814988194868,0.187950942274109,0.00184961818087679,0.00200537658355055,4.91508426227133,0.187318805096766
8,RR,18,V3-R,RT_Pronation_anti_R,0.0938340941719037,0.182356379900038,0.276190474071942,0.00266671229008785,0.00289156947516286,4.88426760707489,0.183123658262554
8,RR,19,STS-R,RT_Pronation_anti_R,0.0997827154414028,0.0695981382924204,0.169380853733823,0.00173901167970157,0.00188702320055787,4.91899699904119,0.187678366265737
8,RR,20,IPL-R,RT_Pronation_anti_R,0.115768236631887,0.134255294519658,0.250023531151545,0.00257304611896465,0.00280301987065909,4.88911990890015,0.186276619650005
8,RR,21,SPL-R,RT_Pronation_anti_R,0.159729378370764,0.103847093877893,0.263576472248657,0.00239241227305844,0.00259320106378367,4.89366025322449,0.183877958717025
8,RR,22,AG-R,RT_Pronation_anti_R,0.135988811634565,0.151073112390344,0.287061924024909,0.00255758763249466,0.00276240268806017,4.88700121542261,0.180549552912536
8,RR,23,mIPS-R,RT_Pronation_anti_R,0.119566580380587,0.135885696697012,0.255452277077599,0.00247660468141466,0.00268679298271099,4.89064051374733,0.181843520712816
8,RR,24,VIP-R,RT_Pronation_anti_R,0.176784401628698,0.103844156127301,0.280628557755999,0.00262771434482451,0.00285677884532782,4.88532389650219,0.183806529943159
8,RR,25,SPOC-R,RT_Pronation_anti_R,0.143953047766079,0.124879355098656,0.268832402864735,0.00256871792901939,0.00278357986363289,4.88842681644827,0.184322555565061
8,RR,26,S1-R,RT_Pronation_anti_R,0.0900432444754423,0.113834411400453,0.203877655875895,0.00210577455213947,0.00228778041432328,4.90477132323667,0.186310208092129
8,RR,27,M1-R,RT_Pronation_anti_R,0.169291705393442,0.111230410805475,0.280522116198917,0.0024078231074301,0.002599554665675,4.89408535222223,0.183235933346043
8,RR,28,SMA-R,RT_Pronation_anti_R,0.0881938165557893,0.20427236392179,0.292466180477579,0.00269695686989308,0.00292106148855328,4.88485398941152,0.184136529381905
8,RR,29,PMd-R,RT_Pronation_anti_R,0.119739831591591,0.19969836848524,0.319438200076831,0.00265838603669867,0.00287173126566525,4.8840306956248,0.182231946661075
8,RR,30,PMv-R,RT_Pronation_anti_R,0.133531517923347,0.0510598907849073,0.184591408708254,0.00201839159503835,0.00220216699571172,4.9084721882755,0.188931725139593
8,RR,31,FEF-R,RT_Pronation_anti_R,0.0869798802729885,0.0896560176234381,0.176635897896427,0.00192731617542566,0.00208366473241804,4.91251728043436,0.188291861117923
8,RR,32,POJ-R,RT_Pronation_anti_R,0.122455035412662,0.124726413064848,0.24718144847751,0.00225456512839726,0.00244217004891609,4.90007986182948,0.183483853363595
9,SJB,1,V1-L,RT_Pronation_anti_R,0.0423792552791,0.0424885540334589,0.0848678093125589,0.00104827246681353,0.00112063934582189,4.64379344471493,0.121738592820112
9,SJB,2,V3-L,RT_Pronation_anti_R,0.0645533634655473,0.115369477223139,0.179922840688687,0.00155150057730926,0.0016610353470191,4.61463317990834,0.117039438426352
9,SJB,3,STS-L,RT_Pronation_anti_R,0.0768041406948575,0.0558064645838163,0.132610605278674,0.00130451833078545,0.00139967136684829,4.62707974432315,0.118579119196213
9,SJB,4,IPL-L,RT_Pronation_anti_R,0.0534111734708042,0.0717469222206196,0.125158095691424,0.00146523337143313,0.00156659204619752,4.62103994127996,0.121195407773312
9,SJB,5,SPL-L,RT_Pronation_anti_R,0.10472603181948,0.0605814206189333,0.165307452438414,0.0017093178504068,0.00182872902059403,4.61015916854349,0.119155775286263
9,SJB,6,AG-L,RT_Pronation_anti_R,0.0560398502074475,0.0773218260630533,0.133361676270501,0.00150755027879901,0.00161062626926908,4.6181300320371,0.120720599143737
9,SJB,7,mIPS-L,RT_Pronation_anti_R,0.087094472708606,0.0661931786876881,0.153287651396294,0.0015987797696764,0.00171208449449149,4.61406704714011,0.119420079285733
9,SJB,8,VIP-L,RT_Pronation_anti_R,0.0726735860627251,0.04646212640546,0.119135712468185,0.00139320650647426,0.00149144879690992,4.62386927578531,0.121232793092058
9,SJB,9,SPOC-L,RT_Pronation_anti_R,0.0828258347223281,0.0503112974944822,0.13313713221681,0.00148958925266952,0.00159831508763549,4.61980151135202,0.119993522482172
9,SJB,10,S1-L,RT_Pronation_anti_R,0.0685058302346179,0.0801314158723017,0.14863724610692,0.00164276866821228,0.00175483786025213,4.61151079764293,0.120186702894551
9,SJB,11,M1-L,RT_Pronation_anti_R,0.0464231081813526,0.076291152094384,0.122714260275737,0.00141277290274388,0.00150965701072195,4.62245894877733,0.120350795555012
9,SJB,12,SMA-L,RT_Pronation_anti_R,0.0430940330798418,0.0451193556937934,0.0882133887736352,0.00108144045124273,0.00115526822497046,4.64083468265551,0.122052791348349
9,SJB,13,PMd-L,RT_Pronation_anti_R,0.0791011910149024,0.0705916210654371,0.14969281208034,0.00159970489355293,0.00171141972559993,4.61321289551624,0.119395967075406
9,SJB,14,PMv-L,RT_Pronation_anti_R,0.0372833790319281,0.0610849869478068,0.0983683659797349,0.00122233374158562,0.00130972765255013,4.63342776427734,0.121755682900531
9,SJB,15,FEF-L,RT_Pronation_anti_R,0.105635323420276,0.0564084715952603,0.162043795015537,0.00164939613816033,0.00176122387692073,4.61278333217384,0.119409716797096
9,SJB,16,POJ-L,RT_Pronation_anti_R,0.114727546051605,0.0728082283251265,0.187535774376731,0.00186552513095589,0.00199019336210547,4.60182583588048,0.117599028365244
9,SJB,17,V1-R,RT_Pronation_anti_R,0.0484234025041487,0.0819398386771343,0.130363241181283,0.00147576894257194,0.00157714291025056,4.62046234476353,0.119740888939564
9,SJB,18,V3-R,RT_Pronation_anti_R,0.0558736504804869,0.0918622456919442,0.147735896172431,0.00146023103841958,0.00156813690497476,4.62100985442961,0.11860688596615
9,SJB,19,STS-R,RT_Pronation_anti_R,0.0760726505249648,0.0711284553364883,0.147201105861453,0.00163871780978169,0.00175740866087412,4.61185825565119,0.119380793150473
9,SJB,20,IPL-R,RT_Pronation_anti_R,0.0977547102777356,0.110986402805717,0.208741113083453,0.00184109996491972,0.00197194931764505,4.60213508628319,0.114569270724371
9,SJB,21,SPL-R,RT_Pronation_anti_R,0.0828236698343284,0.0507218049596233,0.133545474793952,0.00137073434837861,0.0014718994851682,4.62548145076875,0.11992100655762
9,SJB,22,AG-R,RT_Pronation_anti_R,0.0686984539730362,0.144116608096466,0.212815062069502,0.00192090683715522,0.00205370886568674,4.59997234480072,0.115788279517864
9,SJB,23,mIPS-R,RT_Pronation_anti_R,0.0912682382949056,0.106747358325612,0.198015596620517,0.00193759993763929,0.00208591814306228,4.59801640192427,0.117639941850892
9,SJB,24,VIP-R,RT_Pronation_anti_R,0.0787793982852905,0.0807685505337346,0.159547948819025,0.0015634644619318,0.00167029890563544,4.61661351543356,0.118710847814878
9,SJB,25,SPOC-R,RT_Pronation_anti_R,0.0958873130438162,0.0764282164105426,0.172315529454359,0.00145779428422382,0.00154882982354786,4.62109717196129,0.117760776586276
9,SJB,26,S1-R,RT_Pronation_anti_R,0.103389911538333,0.0583791015473046,0.161769013085637,0.00145367167694398,0.00156011043132614,4.62108085339236,0.118435050866001
9,SJB,27,M1-R,RT_Pronation_anti_R,0.0902229417702635,0.103072667379106,0.19329560914937,0.00171545679040623,0.001835810182569,4.6075940696503,0.116474026271925
9,SJB,28,SMA-R,RT_Pronation_anti_R,0.0437037582275204,0.0738003889442186,0.117504147171739,0.00142399013923985,0.00152112005016485,4.62260493478452,0.121655253186266
9,SJB,29,PMd-R,RT_Pronation_anti_R,0.0457807821175799,0.0799619029352763,0.125742685052856,0.00145686275749641,0.00156095758456202,4.6214034413582,0.121354399131744
9,SJB,30,PMv-R,RT_Pronation_anti_R,0.0756579974205604,0.0555403759894323,0.131198373409993,0.00132651610878661,0.00143262394913755,4.62614167738643,0.119755437137882
9,SJB,31,FEF-R,RT_Pronation_anti_R,0.109239239136253,0.0779337632705705,0.187173002406824,0.00188524794975405,0.0020127991460221,4.60129306868117,0.117850514613573
9,SJB,32,POJ-R,RT_Pronation_anti_R,0.103119450263549,0.0898695073102598,0.192988957573808,0.00172413084025335,0.00184432956221582,4.60859632781212,0.118044204247601
10,BG,1,V1-L,RT_Pronation_anti_R,0.0858932248752346,0.0915200324226542,0.177413257297889,0.00174129581801669,0.0018785555638917,4.4989861696793,0.108522181775378
10,BG,2,V3-L,RT_Pronation_anti_R,0.0641936390570895,0.121916783942298,0.186110422999387,0.00153230271263505,0.00165651730287465,4.50696641617882,0.106696575747971
10,BG,3,STS-L,RT_Pronation_anti_R,0.0607471997714265,0.0396198227348826,0.100367022506309,0.00112996833157206,0.00122657917582227,4.53046379780643,0.112574632963144
10,BG,4,IPL-L,RT_Pronation_anti_R,0.035966026860571,0.101426092288954,0.137392119149525,0.00127808252240532,0.00137442742958409,4.52247435927904,0.110754443388874
10,BG,5,SPL-L,RT_Pronation_anti_R,0.0643456094316329,0.0728975097206036,0.137243119152237,0.00115569399134877,0.00124626320497509,4.52919619809299,0.110433964082732
10,BG,6,AG-L,RT_Pronation_anti_R,0.110794206828524,0.0567480588901705,0.167542265718695,0.00147668644731276,0.00160125945658022,4.51020949370243,0.108443150782238
10,BG,7,mIPS-L,RT_Pronation_anti_R,0.0382566698002089,0.0995416647181671,0.137798334518376,0.00120402605473266,0.00130541164429597,4.52633988410694,0.111088065002416
10,BG,8,VIP-L,RT_Pronation_anti_R,0.0712912022542003,0.065442055249992,0.136733257504192,0.00136568553798114,0.00146875260996952,4.51895390166772,0.111077121596693
10,BG,9,SPOC-L,RT_Pronation_anti_R,0.0653687934026757,0.0603707757539288,0.125739569156605,0.00128297128123661,0.00139402474065573,4.52153932795763,0.111303561800654
10,BG,10,S1-L,RT_Pronation_anti_R,0.130186615242318,0.0909047951149899,0.221091410357308,0.00199155173928777,0.00216215221237303,4.48701372261511,0.107065584647255
10,BG,11,M1-L,RT_Pronation_anti_R,0.150281887747487,0.0946470959697149,0.244928983717202,0.00197076002556298,0.00213466646328311,4.48670279102513,0.106465087094262
10,BG,12,SMA-L,RT_Pronation_anti_R,0.0733201635659923,0.0725428271091653,0.145862990675158,0.00144749943971962,0.00156316707436015,4.51255991159043,0.111220887724914
10,BG,13,PMd-L,RT_Pronation_anti_R,0.0425962062798527,0.1168045642901,0.159400770569952,0.00143897211330742,0.00154921090140344,4.51322319157118,0.110343864087725
10,BG,14,PMv-L,RT_Pronation_anti_R,0.045038896879882,0.0367918475551596,0.0818307444350416,0.00106489173402409,0.00114849565558532,4.53511881141702,0.113049405234952
10,BG,15,FEF-L,RT_Pronation_anti_R,0.044271821558398,0.0982219516954383,0.142493773253836,0.00146878863403999,0.00158865139370148,4.51160330605839,0.111455512820512
10,BG,16,POJ-L,RT_Pronation_anti_R,0.0583058646123514,0.0459530362782809,0.104258900890632,0.000988427394666367,0.00107310855372502,4.5390496590645,0.111762550709974
10,BG,17,V1-R,RT_Pronation_anti_R,0.0580680805543143,0.0485081554870734,0.106576236041388,0.00117176760993213,0.00127088154102523,4.52756817140364,0.112356478959507
10,BG,18,V3-R,RT_Pronation_anti_R,0.114977013060489,0.0711415398748267,0.186118552935316,0.00164945233430951,0.00178198058843154,4.50215488227178,0.107032391042866
10,BG,19,STS-R,RT_Pronation_anti_R,0.0675933429300032,0.0463558482195512,0.113949191149554,0.00131667163804276,0.00143524406977074,4.5186866857839,0.11232172009219
10,BG,20,IPL-R,RT_Pronation_anti_R,0.052152298992001,0.0449060570289089,0.0970583560209098,0.00111390541713208,0.00120667647170392,4.53186426096168,0.112551289207225
10,BG,21,SPL-R,RT_Pronation_anti_R,0.0541824780403044,0.0520363298308453,0.10621880787115,0.00121589391445212,0.00131832454091168,4.52612486647785,0.11252192749755
10,BG,22,AG-R,RT_Pronation_anti_R,0.0435490967134588,0.0563676079582666,0.0999167046717254,0.00120955594920714,0.00130820256312017,4.52532136855524,0.112522244284532
10,BG,23,mIPS-R,RT_Pronation_anti_R,0.0540113990912679,0.0370562942192937,0.0910676933105616,0.00107707673574184,0.00116054858916732,4.5340456236417,0.113037883926352
10,BG,24,VIP-R,RT_Pronation_anti_R,0.0535307378765285,0.0563135801084736,0.109844317985002,0.00122838323713997,0.00132485225263829,4.52512231170308,0.112150744573446
10,BG,25,SPOC-R,RT_Pronation_anti_R,0.0681813709369162,0.0776858174460423,0.145867188382959,0.0014993866089977,0.00162532586625486,4.50984238063791,0.110321283625176
10,BG,26,S1-R,RT_Pronation_anti_R,0.091378352276878,0.0483624147171222,0.139740766994,0.00129779168681263,0.00139875898977244,4.52137614484817,0.110501400568304
10,BG,27,M1-R,RT_Pronation_anti_R,0.0781385239867688,0.0783785659078063,0.156517089894575,0.00139497123021849,0.00150286366239289,4.5152280416269,0.109304386165821
10,BG,28,SMA-R,RT_Pronation_anti_R,0.0602818371178936,0.0676353386874832,0.127917175805377,0.00137309074250519,0.00148046188169267,4.51803555151243,0.112373966956146
10,BG,29,PMd-R,RT_Pronation_anti_R,0.0565897393862178,0.0710060064339925,0.12759574582021,0.00134204606074771,0.00145151278221531,4.51810524658648,0.111862061444232
10,BG,30,PMv-R,RT_Pronation_anti_R,0.0398650252456563,0.0545556914718357,0.094420716717492,0.00111209184891086,0.00119754716667222,4.53222059529351,0.112788141051207
10,BG,31,FEF-R,RT_Pronation_anti_R,0.0950755183431956,0.0647522726285204,0.159827790971716,0.00156734127198017,0.00169321891488752,4.50665208843467,0.110274053047488
10,BG,32,POJ-R,RT_Pronation_anti_R,0.074845121506667,0.0628675304718646,0.137712651978532,0.00138085884746186,0.00148780469494794,4.51744486424956,0.110367709432273
1,DOC,1,V1-L,RT_Down_pro_L,0.0970461697602369,0.0471898370353129,0.14423600679555,0.00169374727287078,0.00180081999010319,4.64506105139853,0.113009339875242
1,DOC,2,V3-L,RT_Down_pro_L,0.0857232698070852,0.0469369647821075,0.132660234589193,0.00149613198472568,0.00158226915916483,4.65583448035255,0.113032401462384
1,DOC,3,STS-L,RT_Down_pro_L,0.0501426220634807,0.0713979550691723,0.121540577132653,0.00143386507799276,0.00151591924629629,4.6590962448816,0.113235616817974
1,DOC,4,IPL-L,RT_Down_pro_L,0.0882045372636213,0.0710683702312409,0.159272907494862,0.00154254449569495,0.00162675524228336,4.65334582903825,0.112139786390042
1,DOC,5,SPL-L,RT_Down_pro_L,0.10286752086107,0.0463157989161492,0.149183319777219,0.00154753038519833,0.00162828162418947,4.65438005823342,0.112519051791142
1,DOC,6,AG-L,RT_Down_pro_L,0.0773593432277518,0.0442709465187566,0.121630289746508,0.00148272477566042,0.00156840393811593,4.65651185849848,0.113706884978473
1,DOC,7,mIPS-L,RT_Down_pro_L,0.084560517113966,0.0543152539011009,0.138875771015067,0.00157761069524253,0.00166946373327545,4.65071183695865,0.113174411216941
1,DOC,8,VIP-L,RT_Down_pro_L,0.153841412724304,0.0573156373239315,0.211157050048235,0.00182273167751169,0.00192439515355221,4.63999020432878,0.110858815236586
1,DOC,9,SPOC-L,RT_Down_pro_L,0.107058514837597,0.0740751477858634,0.18113366262346,0.00184616457555263,0.00195652337947848,4.63771915752505,0.110229250363589
1,DOC,10,S1-L,RT_Down_pro_L,0.101342991859473,0.133243571580142,0.234586563439615,0.00207054668448973,0.00218981961942417,4.62888014603061,0.109471065880564
1,DOC,11,M1-L,RT_Down_pro_L,0.0429759414533282,0.173145916095106,0.216121857548435,0.00203304983651662,0.00215098316026751,4.63223707575422,0.11155896718567
1,DOC,12,SMA-L,RT_Down_pro_L,0.076638612192645,0.100696811345664,0.177335423538309,0.00180342132588349,0.00190425515699161,4.64294208793665,0.110485855005833
1,DOC,13,PMd-L,RT_Down_pro_L,0.0824788855051661,0.112709828531761,0.195188714036928,0.00196917751317841,0.00208247964809403,4.6335892881079,0.110643004800304
1,DOC,14,PMv-L,RT_Down_pro_L,0.0453307424725845,0.0427120624978486,0.0880428049704331,0.00119732725846141,0.00126855138824727,4.67126171590337,0.11492900281584
1,DOC,15,FEF-L,RT_Down_pro_L,0.100685069713427,0.0716906937243753,0.172375763437802,0.00175857909012268,0.0018559339117885,4.64373158655592,0.110325810810548
1,DOC,16,POJ-L,RT_Down_pro_L,0.0573128998404002,0.104988771334892,0.162301671175292,0.00172538418015233,0.00183065596435296,4.64385123090054,0.112194145931486
1,DOC,17,V1-R,RT_Down_pro_L,0.0876141540480727,0.0649170779494509,0.152531231997524,0.00174667926609934,0.0018583323562739,4.64270317174711,0.11200504185405
1,DOC,18,V3-R,RT_Down_pro_L,0.0497847183591501,0.0701154057176054,0.119900124076756,0.00131432415960735,0.00138836426614345,4.66530687636418,0.112404236722004
1,DOC,19,STS-R,RT_Down_pro_L,0.0713015154873587,0.0579938299808299,0.129295345468189,0.00150435853429414,0.00159112262374314,4.65606248835411,0.113214051669725
1,DOC,20,IPL-R,RT_Down_pro_L,0.0626808657309784,0.062597947692234,0.125278813423212,0.00150632887540587,0.00159082006299569,4.65587355825703,0.113273784981548
1,DOC,21,SPL-R,RT_Down_pro_L,0.0593207099287464,0.0620831310040547,0.121403840932801,0.00138139977536787,0.00146059132568308,4.66223830081795,0.113440574130985
1,DOC,22,AG-R,RT_Down_pro_L,0.037126364936729,0.0421819872924521,0.0793083522291811,0.00106982939141467,0.00113116547550828,4.67830359101247,0.115015721052995
1,DOC,23,mIPS-R,RT_Down_pro_L,0.0350802386500125,0.0624283395975396,0.0975085782475521,0.00121298035831353,0.0012824652233751,4.67052719931315,0.114651279517772
1,DOC,24,VIP-R,RT_Down_pro_L,0.0491905324146993,0.0806934828841736,0.129884015298873,0.00145864893353888,0.0015437156480469,4.65762086181411,0.112888452049581
1,DOC,25,SPOC-R,RT_Down_pro_L,0.0945903479567173,0.0672117624749741,0.161802110431691,0.00168609296259995,0.00178509923541955,4.64635899324483,0.111380865963864
1,DOC,26,S1-R,RT_Down_pro_L,0.0936476235684076,0.0920331232624809,0.185680746830889,0.00195249127737042,0.00207122622105508,4.63458356494693,0.11092287847581
1,DOC,27,M1-R,RT_Down_pro_L,0.0906431547584037,0.0746672512862682,0.165310406044672,0.00167725785031641,0.00177687741962515,4.64695944683475,0.110862689227751
1,DOC,28,SMA-R,RT_Down_pro_L,0.0749085771297751,0.101228349723904,0.17613692685368,0.00192306696644416,0.00203671103154546,4.63702766381132,0.112031964032767
1,DOC,29,PMd-R,RT_Down_pro_L,0.0496576822959603,0.116949671489195,0.166607353785155,0.00170629511794035,0.00180911316144188,4.64563383994952,0.112117081461926
1,DOC,30,PMv-R,RT_Down_pro_L,0.053924004387709,0.0822203999207081,0.136144404308417,0.00148165856107947,0.00156764074928541,4.65589494893539,0.112329321675814
1,DOC,31,FEF-R,RT_Down_pro_L,0.0851516498198517,0.0882359635201423,0.173387613339994,0.00177778128815102,0.00188308558520316,4.64237148216472,0.111168027418805
1,DOC,32,POJ-R,RT_Down_pro_L,0.0811170992745534,0.051676998973823,0.132794098248376,0.0014291740330198,0.00150678458073724,4.65941644763435,0.112945418394179
2,GB,1,V1-L,RT_Down_pro_L,0.0878869959802358,0.0542197610744108,0.142106757054647,0.00150240432122319,0.00162252870873558,4.68389207797711,0.13445784766204
2,GB,2,V3-L,RT_Down_pro_L,0.0932784381316957,0.0556802754354442,0.14895871356714,0.0015556073416308,0.00167721248400519,4.68194139994426,0.134939808026933
2,GB,3,STS-L,RT_Down_pro_L,0.0903710357321532,0.0652572501804282,0.155628285912581,0.00147076952192318,0.00158446484396325,4.6858282931358,0.131400277517496
2,GB,4,IPL-L,RT_Down_pro_L,0.189851368449615,0.0570222536646835,0.246873622114299,0.0019575316518853,0.00209374240858929,4.66445560107078,0.127587239376382
2,GB,5,SPL-L,RT_Down_pro_L,0.125483490534513,0.0905377207844752,0.216021211318988,0.00216613647560707,0.00232168832945957,4.65645951606227,0.131000588889714
2,GB,6,AG-L,RT_Down_pro_L,0.0855982249858486,0.0734832721541494,0.159081497139998,0.00151095902011643,0.00161457920539202,4.68594710004078,0.132715170853209
2,GB,7,mIPS-L,RT_Down_pro_L,0.116880281445114,0.10109054695894,0.217970828404054,0.00194538187317489,0.00208808950668066,4.66634559980105,0.130975681727522
2,GB,8,VIP-L,RT_Down_pro_L,0.130255897876126,0.12345316045649,0.253709058332616,0.00222367190542592,0.00239320307047483,4.65207306716739,0.126617638907434
2,GB,9,SPOC-L,RT_Down_pro_L,0.100433419385134,0.14563616236976,0.246069581754895,0.00216964513399944,0.00233340142940175,4.65580230339065,0.13037749549189
2,GB,10,S1-L,RT_Down_pro_L,0.0825603627485591,0.0702980198479569,0.152858382596516,0.00168795068679096,0.00181065972959679,4.67821318481594,0.134324211385221
2,GB,11,M1-L,RT_Down_pro_L,0.087749580607667,0.0962708885102287,0.184020469117896,0.00188063010910873,0.00201192410170577,4.67071541938123,0.133022360127373
2,GB,12,SMA-L,RT_Down_pro_L,0.085841000440995,0.0807138128303587,0.166554813271354,0.00175241085093797,0.00187801367407314,4.67560232058493,0.133314753437087
2,GB,13,PMd-L,RT_Down_pro_L,0.0573834181464094,0.0612697147601212,0.118653132906531,0.00151390498646135,0.0016339067964086,4.68501926899192,0.136259015161
2,GB,14,PMv-L,RT_Down_pro_L,0.0552630432842224,0.0891444356761058,0.144407478960328,0.00144494647795441,0.00156148990304756,4.68668794935636,0.13273198774416
2,GB,15,FEF-L,RT_Down_pro_L,0.0993031621971429,0.0632043400602245,0.162507502257367,0.00171827910654288,0.00185917623707122,4.67244705352843,0.13335835892277
2,GB,16,POJ-L,RT_Down_pro_L,0.0714264227685603,0.151545434300616,0.222971857069176,0.00195603530768287,0.0020987670811305,4.66730034614347,0.131635232777815
2,GB,17,V1-R,RT_Down_pro_L,0.0484348495399717,0.0590997985490925,0.107534648089064,0.00112375279567015,0.00120646268738969,4.70425406807789,0.135381527689841
2,GB,18,V3-R,RT_Down_pro_L,0.0362921568987205,0.054745808578669,0.0910379654773895,0.00106838577776693,0.00115057984597459,4.70788938579405,0.136356846139356
2,GB,19,STS-R,RT_Down_pro_L,0.0743844289175772,0.0760782054607051,0.150462634378282,0.0016165116099981,0.00173709809294659,4.67853262625438,0.13404124454952
2,GB,20,IPL-R,RT_Down_pro_L,0.0655434740244717,0.108876201698675,0.174419675723147,0.00170546537022549,0.00183146506166957,4.67641188831209,0.131440527235075
2,GB,21,SPL-R,RT_Down_pro_L,0.056171756969585,0.134304893135158,0.190476650104743,0.00161790963188655,0.00173448841753248,4.68058507014849,0.131618641526935
2,GB,22,AG-R,RT_Down_pro_L,0.0845758585420201,0.124732880734101,0.209308739276121,0.00209812988251523,0.00226125995927996,4.65839849498413,0.132185065318784
2,GB,23,mIPS-R,RT_Down_pro_L,0.134177595596796,0.0802492438158748,0.214426839412671,0.00219402984465359,0.0023736601986097,4.65400425713539,0.132154900262122
2,GB,24,VIP-R,RT_Down_pro_L,0.069118893429536,0.156828328360428,0.225947221789964,0.00203774522620137,0.00219165482306957,4.66176915647724,0.130786262718664
2,GB,25,SPOC-R,RT_Down_pro_L,0.0460070818514927,0.0816196491307182,0.127626730982211,0.00144884551441818,0.00155718279868432,4.68804114340856,0.135553475700122
2,GB,26,S1-R,RT_Down_pro_L,0.130969367942813,0.0526787194884783,0.183648087431291,0.00158304209880049,0.00170194501374548,4.68211989814614,0.132624823895872
2,GB,27,M1-R,RT_Down_pro_L,0.0634379418609363,0.0586971151041708,0.122135056965107,0.00128478685972453,0.00138220189789369,4.69680726442895,0.134585362480472
2,GB,28,SMA-R,RT_Down_pro_L,0.0706233750253043,0.0726163560384225,0.143239731063727,0.00147799038813829,0.00158033617221468,4.68634385903222,0.133405006546707
2,GB,29,PMd-R,RT_Down_pro_L,0.111593861659124,0.0854287836008179,0.197022645259941,0.00186708919880335,0.00200243326636558,4.66948521721336,0.130714587558191
2,GB,30,PMv-R,RT_Down_pro_L,0.0722943775440849,0.0474043481388944,0.119698725682979,0.00142265873302141,0.0015392627341816,4.6884753641333,0.135505595853862
2,GB,31,FEF-R,RT_Down_pro_L,0.0558454184382118,0.05586313841232,0.111708556850532,0.00135885471692071,0.0014610528521636,4.69264763697003,0.135239286951053
2,GB,32,POJ-R,RT_Down_pro_L,0.0422076187511139,0.0931936803948314,0.135401299145945,0.0015556580151285,0.00167286169104421,4.68276736841764,0.134997387748813
3,JDC,1,V1-L,RT_Down_pro_L,0.0991602448012526,0.069472419683489,0.168632664484742,0.00178650619614081,0.00194205860450879,4.59857421540225,0.135127770469126
3,JDC,2,V3-L,RT_Down_pro_L,0.0654199207696294,0.0687743460697909,0.13419426683942,0.00145810683211808,0.00158805205280774,4.61514759781665,0.137578143999004
3,JDC,3,STS-L,RT_Down_pro_L,0.0590787831031128,0.046622311848109,0.105701094951222,0.00129109658036081,0.0014098692035225,4.62474170562199,0.137510032854314
3,JDC,4,IPL-L,RT_Down_pro_L,0.0620554969620026,0.0560485004971744,0.118103997459177,0.00118164943535389,0.00128153510677056,4.63024167028429,0.136328069762841
3,JDC,5,SPL-L,RT_Down_pro_L,0.0697972924417291,0.0609201705831229,0.130717463024852,0.00140347782799447,0.00152817439679048,4.61940449847799,0.136191451935482
3,JDC,6,AG-L,RT_Down_pro_L,0.0825733379899712,0.0573076366063475,0.139880974596319,0.00146537527073173,0.00159216341127961,4.61438875906701,0.135955481864371
3,JDC,7,mIPS-L,RT_Down_pro_L,0.0918991464950705,0.068699553554655,0.160598700049726,0.00170435300363014,0.00186104964649482,4.60477031401954,0.135033368408679
3,JDC,8,VIP-L,RT_Down_pro_L,0.0812889444245844,0.081517478771706,0.16280642319629,0.0017157781836945,0.00186632532034576,4.60352215179871,0.135592835285314
3,JDC,9,SPOC-L,RT_Down_pro_L,0.10142382813695,0.144834230406184,0.246258058543134,0.00197821507503728,0.00215422587117242,4.59245163380395,0.129222407572212
3,JDC,10,S1-L,RT_Down_pro_L,0.0415720447784401,0.085633268697324,0.127205313475764,0.00126584154946181,0.00137342990747422,4.62443806840105,0.136672746976458
3,JDC,11,M1-L,RT_Down_pro_L,0.0222979812150692,0.0779268537805253,0.100224834995595,0.00104533343943353,0.00113541412286029,4.63724315677937,0.137695395252129
3,JDC,12,SMA-L,RT_Down_pro_L,0.0681509657698755,0.0775484566254705,0.145699422395346,0.00143707055490637,0.00157514155459838,4.6148841407904,0.136047178845059
3,JDC,13,PMd-L,RT_Down_pro_L,0.0643541496770031,0.0722449673368242,0.136599117013827,0.00140589150944904,0.00153028320350883,4.61778546987293,0.136135877279995
3,JDC,14,PMv-L,RT_Down_pro_L,0.0361590682462007,0.0957047373327412,0.131863805578942,0.00143482857242038,0.00157000873095981,4.61587837880524,0.13846855157061
3,JDC,15,FEF-L,RT_Down_pro_L,0.101294934587279,0.0919940428259184,0.193288977413197,0.00170106571535455,0.00185688308277892,4.6018848635397,0.133328213592832
3,JDC,16,POJ-L,RT_Down_pro_L,0.177347591732361,0.0627965068970503,0.240144098629411,0.00181298589397678,0.00196445935714858,4.60089930836633,0.129892234637652
3,JDC,17,V1-R,RT_Down_pro_L,0.0441971944269176,0.0853694963891368,0.129566690816054,0.00135082391257562,0.00146639134735825,4.62144221077342,0.136325803831517
3,JDC,18,V3-R,RT_Down_pro_L,0.1212922549069,0.0493002928951736,0.170592547802073,0.00165372758247684,0.00179634772114448,4.60809428466594,0.135542668558604
3,JDC,19,STS-R,RT_Down_pro_L,0.0957938985686435,0.044901993316081,0.140695891884724,0.00142782473469014,0.00155292705005579,4.61605995983157,0.136026538259601
3,JDC,20,IPL-R,RT_Down_pro_L,0.0517606725056936,0.162084922573597,0.21384559507929,0.0016565589395967,0.00179896162403417,4.60764882181809,0.13377807897285
3,JDC,21,SPL-R,RT_Down_pro_L,0.0774711600326193,0.124096869101148,0.201568029133768,0.00162459342241794,0.00176541481682991,4.6098362835556,0.133996424999118
3,JDC,22,AG-R,RT_Down_pro_L,0.0994307022608909,0.0661309472393495,0.16556164950024,0.001702041732391,0.00185197783122353,4.60547424397878,0.134477465022152
3,JDC,23,mIPS-R,RT_Down_pro_L,0.140125671667376,0.0463792614751255,0.186504933142501,0.00141578907362951,0.00153741491356863,4.6196114060877,0.133839630076966
3,JDC,24,VIP-R,RT_Down_pro_L,0.113561515770022,0.121282547257267,0.234844063027289,0.00184614764272051,0.00200001277741883,4.59859183525171,0.130664510276769
3,JDC,25,SPOC-R,RT_Down_pro_L,0.0811337424681466,0.142076249882103,0.223209992350249,0.00191842916255597,0.00208930320221549,4.59320797794672,0.131353725885489
3,JDC,26,S1-R,RT_Down_pro_L,0.0464049828475762,0.0492828352818131,0.0956878181293894,0.00117223125347208,0.00127846101472673,4.62988849884812,0.138210109017921
3,JDC,27,M1-R,RT_Down_pro_L,0.0446803700882429,0.0501218265570107,0.0948021966452535,0.00120853909796562,0.00131754352022136,4.62872399411415,0.13773438525545
3,JDC,28,SMA-R,RT_Down_pro_L,0.090062784569363,0.115599267255276,0.205662051824639,0.00172434005645681,0.00188020405700171,4.60144872061872,0.130625567134461
3,JDC,29,PMd-R,RT_Down_pro_L,0.0733729715731708,0.107023990137634,0.180396961710805,0.00170698110879084,0.001862888646115,4.6028060605521,0.134038196580366
3,JDC,30,PMv-R,RT_Down_pro_L,0.0436609059046672,0.07057845213561,0.114239358040277,0.00126599861357066,0.0013863660584522,4.62578581430521,0.13747480273596
3,JDC,31,FEF-R,RT_Down_pro_L,0.0623738436850519,0.0476687797442317,0.110042623429284,0.00119922461393589,0.00130058564750758,4.62964839035135,0.137449066906721
3,JDC,32,POJ-R,RT_Down_pro_L,0.194238925451888,0.10349211510071,0.297731040552598,0.00219153484277682,0.00237393994062004,4.58127200923752,0.126206349562175
4,JFXD,1,V1-L,RT_Down_pro_L,0.0804485386277594,0.0215476972752506,0.10199623590301,0.00120449726534255,0.00128948364269752,4.51750701724168,0.105103545553758
4,JFXD,2,V3-L,RT_Down_pro_L,0.0461979922045701,0.027849664229827,0.0740476564343971,0.000973829861919874,0.00104099736944223,4.53210292774178,0.105801212361581
4,JFXD,3,STS-L,RT_Down_pro_L,0.0254650837539764,0.0652714206466456,0.090736504400622,0.00115920415315808,0.00123591262534828,4.52034257318024,0.105652118166732
4,JFXD,4,IPL-L,RT_Down_pro_L,0.0491575290675964,0.0415867913526551,0.0907443204202515,0.00116542188843261,0.00124429898608801,4.52060755104766,0.104851057428027
4,JFXD,5,SPL-L,RT_Down_pro_L,0.0421324491439962,0.0529880037812043,0.0951204529252005,0.00109436121602867,0.00116838868767188,4.5239066877981,0.104135071677713
4,JFXD,6,AG-L,RT_Down_pro_L,0.0445079385677654,0.0556808192024994,0.100188757770265,0.00112493028169103,0.00119835393026902,4.52192681330597,0.104392336890902
4,JFXD,7,mIPS-L,RT_Down_pro_L,0.0258973328903881,0.0450996413724456,0.0709969742628337,0.0009643306719976,0.00102762220327396,4.53240202812977,0.10554845902467
4,JFXD,8,VIP-L,RT_Down_pro_L,0.0467933834098352,0.0501168369594144,0.0969102203692497,0.00123988367659081,0.00132274370271442,4.5161284829612,0.104501992449316
4,JFXD,9,SPOC-L,RT_Down_pro_L,0.0927960276937862,0.0687335437076783,0.161529571401465,0.00154684211693403,0.00164127657769704,4.50070555657208,0.101346031071531
4,JFXD,10,S1-L,RT_Down_pro_L,0.0444457001657417,0.0322369863806586,0.0766826865464003,0.00100199395829779,0.00106471578588837,4.53068543758191,0.10555555499559
4,JFXD,11,M1-L,RT_Down_pro_L,0.0371377753253941,0.0325482417673853,0.0696860170927794,0.00093709228738299,0.000994015696912681,4.53504564890053,0.10539051636818
4,JFXD,12,SMA-L,RT_Down_pro_L,0.0768532444362018,0.0758142697098406,0.152667514146042,0.00149742716710767,0.00159354317424355,4.50449848170271,0.102433742595944
4,JFXD,13,PMd-L,RT_Down_pro_L,0.0422124956573571,0.040724588686566,0.0829370843439231,0.00108288484438578,0.00115723096170064,4.52570451000841,0.105068958730663
4,JFXD,14,PMv-L,RT_Down_pro_L,0.122416601224966,0.0641199325657468,0.186536533790713,0.00152728376914811,0.0016260096115984,4.50154485153214,0.0994006433071422
4,JFXD,15,FEF-L,RT_Down_pro_L,0.0993506913592068,0.100216186092433,0.19956687745164,0.00170847923380881,0.00181528914793397,4.49138633739595,0.0985119449397789
4,JFXD,16,POJ-L,RT_Down_pro_L,0.0441970434137941,0.0426634786771481,0.0868605220909422,0.00108384734359759,0.00115546244645605,4.52568648329199,0.10551811565973
4,JFXD,17,V1-R,RT_Down_pro_L,0.0769262575935944,0.0330056941967173,0.109931951790312,0.00116972164129032,0.00125063031574427,4.52034922850282,0.103671975883334
4,JFXD,18,V3-R,RT_Down_pro_L,0.0600174334454637,0.0582000220148526,0.118217455460316,0.00125005765874401,0.00132913151732042,4.51489565342582,0.101262711222402
4,JFXD,19,STS-R,RT_Down_pro_L,0.0905934195589838,0.0635862139434456,0.154179633502429,0.00140833065729331,0.00149746494533532,4.50828094350631,0.0985544636949813
4,JFXD,20,IPL-R,RT_Down_pro_L,0.0674936290510008,0.10413438493415,0.171628013985151,0.00171437587306971,0.00183526092118882,4.49281660781645,0.102436032440872
4,JFXD,21,SPL-R,RT_Down_pro_L,0.0882747033889879,0.0553016333288407,0.143576336717829,0.0014095303646535,0.0015020642283343,4.50885477326123,0.102677214131816
4,JFXD,22,AG-R,RT_Down_pro_L,0.0596707485657538,0.0637637335183728,0.123434482084127,0.00125706014903457,0.00133256690092685,4.51817990378177,0.103549320669456
4,JFXD,23,mIPS-R,RT_Down_pro_L,0.0816510281851347,0.0441247878124245,0.125775815997559,0.00125028679579861,0.00132156199240044,4.5189124157537,0.10343955991313
4,JFXD,24,VIP-R,RT_Down_pro_L,0.0898817998333167,0.0868661905278715,0.176747990361188,0.00162712007935669,0.00173423120001021,4.49893200992737,0.101497444393735
4,JFXD,25,SPOC-R,RT_Down_pro_L,0.0944438705331687,0.0658194812495299,0.160263351782699,0.00165650414229908,0.00177181227712952,4.49368838140875,0.101738884867048
4,JFXD,26,S1-R,RT_Down_pro_L,0.0647311151199262,0.151824762964656,0.216555878084582,0.00189752673506771,0.00202253305428914,4.48493045620477,0.0980888504040421
4,JFXD,27,M1-R,RT_Down_pro_L,0.0708570311836028,0.151761747565935,0.222618778749538,0.00205334304613802,0.00219753217766969,4.47753066793343,0.100679901739335
4,JFXD,28,SMA-R,RT_Down_pro_L,0.0793686360249603,0.0784757979480183,0.157844433972979,0.00153339457866661,0.00163188011123983,4.50269219317623,0.102156584470343
4,JFXD,29,PMd-R,RT_Down_pro_L,0.0510272224090679,0.146513543396679,0.197540765805747,0.00171488514991421,0.00183435941447864,4.48988229013709,0.0989713604403081
4,JFXD,30,PMv-R,RT_Down_pro_L,0.0854711064815732,0.0779803787562341,0.163451485237807,0.001433813802632,0.00152629713896508,4.50712222385281,0.100825862328507
4,JFXD,31,FEF-R,RT_Down_pro_L,0.0585419731433062,0.0687495395075997,0.127291512650906,0.00125434769556785,0.00133526657927572,4.51711471019765,0.103030018205987
4,JFXD,32,POJ-R,RT_Down_pro_L,0.0876328456144137,0.0592866330018642,0.146919478616278,0.00154064617662246,0.00165276774940037,4.4996437540145,0.103311856328745
5,JZ,1,V1-L,RT_Down_pro_L,0.11151758417699,0.0396093472647684,0.151126931441758,0.00163928618779283,0.00175223051301276,4.63059619987391,0.118357542319006
5,JZ,2,V3-L,RT_Down_pro_L,0.0810806713158914,0.0562182386463155,0.137298909962207,0.0016364436254429,0.00174853308111179,4.63160072851273,0.119111089810709
5,JZ,3,STS-L,RT_Down_pro_L,0.0626746777077585,0.0663674987713977,0.129042176479156,0.00144660627327472,0.00153835721756917,4.64112731607525,0.119445401707644
5,JZ,4,IPL-L,RT_Down_pro_L,0.041571672887185,0.108824607464162,0.150396280351347,0.00150829210578884,0.00161152592396438,4.63777772555463,0.118676476019323
5,JZ,5,SPL-L,RT_Down_pro_L,0.0651289436777157,0.0811354069696058,0.146264350647321,0.00172385461546321,0.00184239732044673,4.62815692303983,0.118843161233586
5,JZ,6,AG-L,RT_Down_pro_L,0.0587386468128213,0.0718543838785538,0.130593030691375,0.00151137190954026,0.00160862630120599,4.63858922170254,0.118596502016506
5,JZ,7,mIPS-L,RT_Down_pro_L,0.0595451520322292,0.0711465555920385,0.130691707624268,0.00150537900222172,0.00159878097752294,4.63900819784238,0.118341151701061
5,JZ,8,VIP-L,RT_Down_pro_L,0.0673286766735207,0.0763738477236842,0.143702524397205,0.00144588260975539,0.00154043417724515,4.64146528696157,0.117010333186111
5,JZ,9,SPOC-L,RT_Down_pro_L,0.0526916477505854,0.0808657416737088,0.133557389424294,0.00148417450240591,0.00158279431297976,4.63912248187922,0.118735928228789
5,JZ,10,S1-L,RT_Down_pro_L,0.107754690156842,0.105110478398058,0.2128651685549,0.00191317588337898,0.00203687518898073,4.61855033479179,0.112218665569928
5,JZ,11,M1-L,RT_Down_pro_L,0.0721701789500763,0.0640442772789659,0.136214456229042,0.0014518762726378,0.0015447747381922,4.64120475971858,0.11821209169343
5,JZ,12,SMA-L,RT_Down_pro_L,0.040322376846122,0.105543713854135,0.145866090700257,0.00157844543790402,0.00168681270916679,4.63513271046591,0.11807827314526
5,JZ,13,PMd-L,RT_Down_pro_L,0.102153592743476,0.0819844178694053,0.184138010612881,0.00174891240154738,0.00186305327280348,4.62706410748178,0.115608819049446
5,JZ,14,PMv-L,RT_Down_pro_L,0.0570659962077623,0.0681004261896644,0.125166422397427,0.00144134788723977,0.00153539547723299,4.64151755692098,0.119497093135515
5,JZ,15,FEF-L,RT_Down_pro_L,0.0700993193882982,0.0634831656815089,0.133582485069807,0.00148514123662149,0.00158872919710794,4.63898350140511,0.117775497100816
5,JZ,16,POJ-L,RT_Down_pro_L,0.0539226993821054,0.0597578236969272,0.113680523079033,0.00144322857689501,0.00154239183101373,4.6408527548148,0.119812977820671
5,JZ,17,V1-R,RT_Down_pro_L,0.0947592464668429,0.0586232236288059,0.153382470095649,0.00160112544338966,0.00171018890621997,4.63281064397012,0.117449444527413
5,JZ,18,V3-R,RT_Down_pro_L,0.13703304247205,0.0515958325148462,0.188628874986896,0.001736808354432,0.00185926840641464,4.62610768232371,0.116252409102897
5,JZ,19,STS-R,RT_Down_pro_L,0.0753970976256171,0.0751898422282681,0.150586939853885,0.0013845964485412,0.00147346954939751,4.64259119296127,0.116842307086739
5,JZ,20,IPL-R,RT_Down_pro_L,0.0575589621761565,0.067929203939782,0.125488166115939,0.00139546643314428,0.00148767957662227,4.64388608711954,0.11915924891958
5,JZ,21,SPL-R,RT_Down_pro_L,0.0818761293388001,0.124584627665355,0.206460757004155,0.00196499674610622,0.00209355776862714,4.61618161466522,0.115329650397846
5,JZ,22,AG-R,RT_Down_pro_L,0.0847987347516405,0.130134017731741,0.214932752483381,0.00165439954593628,0.00175477949526555,4.63006464977604,0.113849793571624
5,JZ,23,mIPS-R,RT_Down_pro_L,0.0674357997639028,0.0933670664985092,0.160802866262412,0.00155096934157256,0.0016549483411235,4.63530174246022,0.117709804244101
5,JZ,24,VIP-R,RT_Down_pro_L,0.0641703136424831,0.0691434261499668,0.13331373979245,0.00155448602200024,0.00165810815495431,4.63579765625972,0.119526752846449
5,JZ,25,SPOC-R,RT_Down_pro_L,0.108110380908324,0.0554708944930795,0.163581275401403,0.00147652469408549,0.00157433473568677,4.63955327746396,0.116506406671309
5,JZ,26,S1-R,RT_Down_pro_L,0.0850007841651414,0.058107272320839,0.14310805648598,0.00159073731639047,0.00170109989126346,4.63397539295653,0.118983832610403
5,JZ,27,M1-R,RT_Down_pro_L,0.0971455781778627,0.0631394803747278,0.16028505855259,0.00168050008975984,0.00179162772029666,4.62941439474969,0.117652340075015
5,JZ,28,SMA-R,RT_Down_pro_L,0.0682124714288281,0.0907182613035277,0.158930732732356,0.00175332250288578,0.00186841306614352,4.62648993257627,0.117619391194265
5,JZ,29,PMd-R,RT_Down_pro_L,0.0622212094854398,0.059968637264706,0.122189846750146,0.00138545582679961,0.00147781584967074,4.64463975348987,0.119048217281353
5,JZ,30,PMv-R,RT_Down_pro_L,0.0875710772902953,0.0648233388200067,0.152394416110302,0.00142335354525541,0.0015156888833459,4.64020623922866,0.117403333939321
5,JZ,31,FEF-R,RT_Down_pro_L,0.0670138226703612,0.0833705886775152,0.150384411347876,0.00163714930737526,0.00174124019297937,4.63198896938322,0.118034938958533
5,JZ,32,POJ-R,RT_Down_pro_L,0.0695549324415369,0.0650404649500846,0.134595397391621,0.00135732925559474,0.00144847718856762,4.64624425192502,0.118510162516984
6,LT,1,V1-L,RT_Down_pro_L,0.0401783086072868,0.0341189414197979,0.0742972500270847,0.00100390812613542,0.00105973069287845,4.48934831902437,0.0866023798810813
6,LT,2,V3-L,RT_Down_pro_L,0.0597452368520676,0.0708758084018879,0.130621045253955,0.00144845490253822,0.00152852617273488,4.46504616889328,0.0837079693606718
6,LT,3,STS-L,RT_Down_pro_L,0.0576144957418937,0.0546193483478611,0.112233844089755,0.00121431181342387,0.0012774409285464,4.47688597299598,0.0846411178958968
6,LT,4,IPL-L,RT_Down_pro_L,0.0423078377119629,0.0534533655913096,0.0957612033032726,0.00114222962676994,0.00120756209721537,4.48082622794282,0.0859622022597996
6,LT,5,SPL-L,RT_Down_pro_L,0.0445141225577498,0.0728017739858997,0.11731589654365,0.00129474929198092,0.00136093719206171,4.47302330548869,0.0848623145603072
6,LT,6,AG-L,RT_Down_pro_L,0.0606842069103189,0.0738672116281073,0.134551418538426,0.00143799132692959,0.00151697072576983,4.465239621249,0.0840022277869299
6,LT,7,mIPS-L,RT_Down_pro_L,0.0275737268476746,0.0614866754111338,0.0890604022588084,0.000994349528789652,0.00104566147205788,4.49147233872665,0.0855660815094916
6,LT,8,VIP-L,RT_Down_pro_L,0.0661276180957549,0.0466895399764186,0.112817158072173,0.00130523318468184,0.00137731813119601,4.47198141530026,0.085315853540043
6,LT,9,SPOC-L,RT_Down_pro_L,0.0467221481931962,0.0323806033040977,0.0791027514972939,0.00105500073022449,0.00111349368415847,4.48614376476281,0.0866909890037806
6,LT,10,S1-L,RT_Down_pro_L,0.0761135918129247,0.0803923332543694,0.156505925067294,0.00149524798139227,0.00157247785719031,4.45973030538427,0.0811772470676202
6,LT,11,M1-L,RT_Down_pro_L,0.045313239509329,0.06674738290073,0.112060622410059,0.00130800544623359,0.00137785387355278,4.47258379740193,0.0849806413447697
6,LT,12,SMA-L,RT_Down_pro_L,0.0394256444880849,0.0779501270565888,0.117375771544674,0.00134295309288211,0.00141829373116069,4.47012567003224,0.0853516083172195
6,LT,13,PMd-L,RT_Down_pro_L,0.0324415771819779,0.0561553339358201,0.088596911117798,0.00118673738934116,0.00125327752058204,4.47875168321035,0.0863605392968683
6,LT,14,PMv-L,RT_Down_pro_L,0.0415143446884128,0.0480156110730436,0.0895299557614565,0.00108243048808972,0.00113976999408018,4.48430795420697,0.086233235139183
6,LT,15,FEF-L,RT_Down_pro_L,0.0727759359405247,0.038212719278736,0.110988655219261,0.00125224638396138,0.0013224970101258,4.47421307596115,0.0853516521158852
6,LT,16,POJ-L,RT_Down_pro_L,0.040504062856884,0.0291371175287104,0.0696411803855944,0.000941093272878746,0.000990628445884244,4.49406862655422,0.0869481753080884
6,LT,17,V1-R,RT_Down_pro_L,0.0535689351181457,0.042902211887608,0.0964711470057536,0.00115534223162456,0.00122098877021587,4.47973540788092,0.0860151524477506
6,LT,18,V3-R,RT_Down_pro_L,0.0562633708771052,0.0385537175791018,0.094817088456207,0.00118278397042499,0.00124734463344782,4.47824757695527,0.085981132989559
6,LT,19,STS-R,RT_Down_pro_L,0.0484636847546905,0.0506926256289709,0.0991563103836614,0.00113004415385026,0.00118987011514329,4.48157980537926,0.0847426188171723
6,LT,20,IPL-R,RT_Down_pro_L,0.0952229589933259,0.0611169976984964,0.156339956691822,0.00142408277442875,0.00149755455141327,4.46619615886101,0.0829657019912208
6,LT,21,SPL-R,RT_Down_pro_L,0.0903727865763153,0.0663761637825357,0.156748950358851,0.00159138110820892,0.00168542360805081,4.45638781878207,0.0830978352551602
6,LT,22,AG-R,RT_Down_pro_L,0.0492981392836611,0.073149114934601,0.122447254218262,0.00134196941617569,0.00141917570561185,4.47061641485672,0.0847318881785536
6,LT,23,mIPS-R,RT_Down_pro_L,0.0865587490441084,0.0594180180557951,0.145976767099904,0.00154845257900178,0.00163821005566218,4.45933576792569,0.0841503683396599
6,LT,24,VIP-R,RT_Down_pro_L,0.0989637887395905,0.077552387858067,0.176516176597658,0.00153821586432047,0.00161608512542565,4.46017986022569,0.08101696319983
6,LT,25,SPOC-R,RT_Down_pro_L,0.0266418411194207,0.0593316611981242,0.0859735023175449,0.00109887429196385,0.001160026978736,4.48390417076003,0.08652151950508
6,LT,26,S1-R,RT_Down_pro_L,0.0785567760376524,0.0654497202113437,0.144006496248996,0.00140318780765618,0.00148139086342454,4.46705426061751,0.0829743218546245
6,LT,27,M1-R,RT_Down_pro_L,0.0595788632556215,0.0600952663214413,0.119674129577063,0.00129520621900997,0.00136917306765614,4.47194304378484,0.0833720714231058
6,LT,28,SMA-R,RT_Down_pro_L,0.0450720303331275,0.0519862450633139,0.0970582753964414,0.00117198401627597,0.00123418533015135,4.47959694436452,0.0859785618539302
6,LT,29,PMd-R,RT_Down_pro_L,0.0601514243505798,0.0779906328852521,0.138142057235832,0.00150780979702716,0.00159530343606973,4.45980555076627,0.0839070399082421
6,LT,30,PMv-R,RT_Down_pro_L,0.0446791271441985,0.0520599333439344,0.0967390604881329,0.00115668465009959,0.00121919416567811,4.48013907798777,0.0852974465889956
6,LT,31,FEF-R,RT_Down_pro_L,0.0502027632747029,0.0482890396621657,0.0984918029368686,0.00105728329231829,0.00111348868731146,4.48755555531007,0.0850041716173356
6,LT,32,POJ-R,RT_Down_pro_L,0.0841677203921553,0.0394514280851819,0.123619148477337,0.00133625599718455,0.0014129976212908,4.46950173252953,0.0848372639534287
7,NvA,1,V1-L,RT_Down_pro_L,0.0779724534927909,0.0631950717365136,0.141167525229304,0.00159792984777785,0.00173105218395139,4.69911439650175,0.146368223439154
7,NvA,2,V3-L,RT_Down_pro_L,0.0679000553312397,0.0859834526474716,0.153883507978711,0.0015418018295339,0.00166777226304682,4.70192768833776,0.145266234446767
7,NvA,3,STS-L,RT_Down_pro_L,0.0807998966792179,0.0728253599182184,0.153625256597436,0.00158437120667195,0.00170976425961438,4.69919600544993,0.144427833349061
7,NvA,4,IPL-L,RT_Down_pro_L,0.0682783519342313,0.120285679010706,0.188564030944937,0.00186769915792875,0.00201704413210185,4.68869957325905,0.145536278214685
7,NvA,5,SPL-L,RT_Down_pro_L,0.0723288261521303,0.163343677704607,0.235672503856737,0.00201490203899383,0.00216665792717616,4.67950539943482,0.141967974365288
7,NvA,6,AG-L,RT_Down_pro_L,0.0675764416268795,0.0883381567091874,0.155914598336067,0.00165571345492097,0.00178623294205058,4.69732076583547,0.146531303646057
7,NvA,7,mIPS-L,RT_Down_pro_L,0.123904798578089,0.0621875519486769,0.186092350526765,0.0017808157641161,0.00192516457573574,4.69147802121338,0.146181413310903
7,NvA,8,VIP-L,RT_Down_pro_L,0.0975522388382925,0.0943035562679521,0.191855795106245,0.00186738211579099,0.00201906113266562,4.68734709851789,0.144707026424199
7,NvA,9,SPOC-L,RT_Down_pro_L,0.113297325164843,0.0919733411347275,0.205270666299571,0.00209058184389156,0.00226271291023598,4.67721829512943,0.144417257572527
7,NvA,10,S1-L,RT_Down_pro_L,0.0712207149216305,0.120780228106032,0.192000943027663,0.00188707092299091,0.00203698340854006,4.68635047341795,0.145339093870585
7,NvA,11,M1-L,RT_Down_pro_L,0.0544967851683714,0.12432635113075,0.178823136299122,0.00168331695480367,0.00181507737938273,4.6951557293739,0.14437981866666
7,NvA,12,SMA-L,RT_Down_pro_L,0.046244168626254,0.0740334784296907,0.120277647055945,0.00142996405686707,0.00154720765125849,4.70759632146522,0.148492100709973
7,NvA,13,PMd-L,RT_Down_pro_L,0.0569773810257343,0.0880874774411671,0.145064858466901,0.0015955591870141,0.00172260710960602,4.69972654215544,0.146139430194939
7,NvA,14,PMv-L,RT_Down_pro_L,0.0603255737254813,0.0499619414223602,0.110287515147842,0.00129809587145334,0.00140441138495763,4.71339850124191,0.148545363331676
7,NvA,15,FEF-L,RT_Down_pro_L,0.0648963267454419,0.0670301467219636,0.131926473467405,0.00144430542117722,0.00156406348289207,4.706119668608,0.147120449540318
7,NvA,16,POJ-L,RT_Down_pro_L,0.070699696829036,0.0635162859417551,0.134215982770791,0.00149292751068133,0.00161551397592595,4.7040821415039,0.146176664417972
7,NvA,17,V1-R,RT_Down_pro_L,0.0417775794584821,0.0458455270694109,0.087623106527893,0.00113353146029705,0.00123196921486395,4.72304454510682,0.148368205952348
7,NvA,18,V3-R,RT_Down_pro_L,0.092281272042541,0.0653031889537421,0.157584460996283,0.00152283874449197,0.00164827346315144,4.7015691804147,0.144272333438401
7,NvA,19,STS-R,RT_Down_pro_L,0.0685476676003267,0.0688092502680796,0.137356917868406,0.00146885614470177,0.00159614650870573,4.70423550835063,0.146453498687584
7,NvA,20,IPL-R,RT_Down_pro_L,0.10134485797568,0.0912791791250993,0.192624037100779,0.0019509547217928,0.00210994336117443,4.6836386816051,0.144203770623203
7,NvA,21,SPL-R,RT_Down_pro_L,0.149642851231454,0.0946867190169576,0.244329570248412,0.00210580449000963,0.00227393895216711,4.6772027334338,0.140426841692162
7,NvA,22,AG-R,RT_Down_pro_L,0.109176573536983,0.0987425891276301,0.207919162664613,0.00183139824430548,0.00198163368716334,4.68924990631178,0.140742564652091
7,NvA,23,mIPS-R,RT_Down_pro_L,0.143549026699264,0.0778704496377018,0.221419476336966,0.0019350095967496,0.002093138108466,4.68463195187342,0.142753998895872
7,NvA,24,VIP-R,RT_Down_pro_L,0.0864210357837779,0.149512264111617,0.235933299895395,0.00208193911939329,0.00225870898700923,4.67797231114368,0.143225252429038
7,NvA,25,SPOC-R,RT_Down_pro_L,0.140200717782037,0.133055409027878,0.273256126809915,0.00211024479338439,0.00227992653730286,4.67509419167211,0.137356698817871
7,NvA,26,S1-R,RT_Down_pro_L,0.104760614017216,0.0601682158732757,0.164928829890492,0.0016489191667074,0.00178294034042497,4.69727203774699,0.144509039622089
7,NvA,27,M1-R,RT_Down_pro_L,0.107658486268407,0.085328106227229,0.192986592495636,0.00173301375190586,0.00187394937091886,4.69365194999824,0.143053876219093
7,NvA,28,SMA-R,RT_Down_pro_L,0.0716200886191701,0.082802625874195,0.154422714493365,0.00171922772879945,0.00185941601547089,4.69388249181096,0.145698654340739
7,NvA,29,PMd-R,RT_Down_pro_L,0.12115024284967,0.120593782684889,0.241744025534559,0.00203903996563063,0.00220382490926608,4.67835093693641,0.140533853960833
7,NvA,30,PMv-R,RT_Down_pro_L,0.0317138143102489,0.0718970687091994,0.103610883019448,0.00115272202249654,0.00125091229263814,4.7204096617917,0.148193320112793
7,NvA,31,FEF-R,RT_Down_pro_L,0.134038645556792,0.0617509954017766,0.195789640958568,0.0016442760755632,0.00177928020692103,4.69563358556951,0.142660737223671
7,NvA,32,POJ-R,RT_Down_pro_L,0.113507149702771,0.0740445308940224,0.187551680596793,0.00163417983757739,0.00176919865942558,4.69797438137211,0.142238575119082
8,RR,1,V1-L,RT_Down_pro_L,0.0980876193627089,0.113063397182164,0.211151016544873,0.00169882649705338,0.00184579300312663,4.53315184240684,0.118487097122131
8,RR,2,V3-L,RT_Down_pro_L,0.0499133251987745,0.0874643770212072,0.137377702219982,0.00134437910742473,0.00147629867161962,4.55074166912266,0.124074327691371
8,RR,3,STS-L,RT_Down_pro_L,0.0681201399207519,0.08000039304263,0.148120532963382,0.00141144221045046,0.00153563065245758,4.54752211525119,0.122413910884497
8,RR,4,IPL-L,RT_Down_pro_L,0.0702940474489808,0.0483647645449215,0.118658811993902,0.0012336986721059,0.0013459040518869,4.5578240070242,0.125148962448549
8,RR,5,SPL-L,RT_Down_pro_L,0.0567710619386057,0.13499610377961,0.191767165718215,0.00155505662166824,0.00169137527530786,4.54137286183482,0.123124344352419
8,RR,6,AG-L,RT_Down_pro_L,0.104751714997155,0.0501892016187403,0.154940916615896,0.00147355323525347,0.00160984981550245,4.54444210964408,0.124371479991072
8,RR,7,mIPS-L,RT_Down_pro_L,0.08343062984698,0.085842135236193,0.169272765083173,0.00150909200355774,0.00163966654352753,4.5432264427151,0.123216656546081
8,RR,8,VIP-L,RT_Down_pro_L,0.0586190288135623,0.0549942239526603,0.113613252766223,0.00116126695106409,0.00126343795367996,4.56196786648198,0.125463224151353
8,RR,9,SPOC-L,RT_Down_pro_L,0.0427594273666297,0.100478692476614,0.143238119843244,0.00134666820432835,0.00147162007355016,4.55073642203939,0.124320430659091
8,RR,10,S1-L,RT_Down_pro_L,0.0713149961791269,0.0381259640213054,0.109440960200432,0.00119223104058286,0.00130340323119777,4.56044886665513,0.125713558057296
8,RR,11,M1-L,RT_Down_pro_L,0.0751621773958668,0.0349776024034333,0.1101397797993,0.00117798627680242,0.00129258748266913,4.56002898184128,0.126333197646146
8,RR,12,SMA-L,RT_Down_pro_L,0.0837053967725894,0.0845360553882512,0.168241452160841,0.00173066976441459,0.00189955853911463,4.53152283732455,0.123586984947946
8,RR,13,PMd-L,RT_Down_pro_L,0.0586109149378304,0.0603720760040191,0.118982990941849,0.00119924091490571,0.00130670206119298,4.5585707308954,0.1246637618875
8,RR,14,PMv-L,RT_Down_pro_L,0.0646327398429939,0.0381988157339196,0.102831555576913,0.00119018667535454,0.00130369563345924,4.55895277582205,0.127024732731507
8,RR,15,FEF-L,RT_Down_pro_L,0.0477001558933785,0.0622471708734071,0.109947326766786,0.00121014500791447,0.00132543976251744,4.55798626476424,0.125976125786522
8,RR,16,POJ-L,RT_Down_pro_L,0.101976943195493,0.0528503061780857,0.154827249373579,0.00145685835582416,0.00158585563633603,4.54601943006644,0.124249438284462
8,RR,17,V1-R,RT_Down_pro_L,0.0496932251258008,0.0885941785986651,0.138287403724466,0.00141878137321739,0.00155437217710438,4.54725090183928,0.12540315461132
8,RR,18,V3-R,RT_Down_pro_L,0.0721625507395484,0.0624268006869435,0.134589351426492,0.0014120987905182,0.0015456628017226,4.54673258251981,0.124938111353416
8,RR,19,STS-R,RT_Down_pro_L,0.0430403783120294,0.0450964925692843,0.0881368708813136,0.000962390340924852,0.00105057833580594,4.57389770877765,0.126184990868325
8,RR,20,IPL-R,RT_Down_pro_L,0.0899034799886424,0.0935388316678371,0.183442311656479,0.0015447313140361,0.0016913277324376,4.53772052714353,0.119942231746521
8,RR,21,SPL-R,RT_Down_pro_L,0.0557483823406359,0.0961373865458127,0.151885768886449,0.00147537597728072,0.001615144495592,4.54462704884791,0.124009788882353
8,RR,22,AG-R,RT_Down_pro_L,0.098739457716422,0.0724655647838461,0.171205022500268,0.00154834325636992,0.00168477160958405,4.5392456080708,0.121019736419031
8,RR,23,mIPS-R,RT_Down_pro_L,0.0392108079890734,0.0846356475978321,0.123846455586906,0.00129881797382488,0.00142483497149415,4.55474563881767,0.125449126511707
8,RR,24,VIP-R,RT_Down_pro_L,0.10369189730204,0.0510537564908177,0.154745653792857,0.00148327496291655,0.00162181617309182,4.54338020774983,0.124003825348582
8,RR,25,SPOC-R,RT_Down_pro_L,0.0716612277819982,0.116999991388264,0.188661219170262,0.00169572150994879,0.00185277724095561,4.5333369568098,0.119113528852548
8,RR,26,S1-R,RT_Down_pro_L,0.0894866326166272,0.05547538185946,0.144962014476087,0.00133209202304067,0.00145183347043139,4.54974367901501,0.123005051360411
8,RR,27,M1-R,RT_Down_pro_L,0.0849698801050544,0.0618942232370829,0.146864103342137,0.0015176548031942,0.00166545342970959,4.54239486858681,0.125433666986637
8,RR,28,SMA-R,RT_Down_pro_L,0.0745184506123316,0.0708948824597561,0.145413333072088,0.00154504242955699,0.00169257843567578,4.54018184666211,0.124528380660923
8,RR,29,PMd-R,RT_Down_pro_L,0.0813615233892398,0.108818884883314,0.190180408272554,0.00163968400194243,0.00178914240300202,4.53475062282951,0.121940937606527
8,RR,30,PMv-R,RT_Down_pro_L,0.048158515833115,0.0560400178365973,0.104198533669712,0.00112602029579229,0.00123319784699704,4.56288103819463,0.126537049876542
8,RR,31,FEF-R,RT_Down_pro_L,0.0895380764020337,0.0621248196675561,0.15166289606959,0.00128361953844676,0.00139938897851486,4.55252837228719,0.123358124192606
8,RR,32,POJ-R,RT_Down_pro_L,0.108554642408092,0.0833913080438819,0.191945950451974,0.00161774177106651,0.0017536093153739,4.53716834233199,0.119720552264001
9,SJB,1,V1-L,RT_Down_pro_L,0.0514131533813588,0.0737643371788626,0.125177490560221,0.00110367761421127,0.00120119215122701,4.44861800389546,0.103495228795517
9,SJB,2,V3-L,RT_Down_pro_L,0.0680530704002003,0.101743494107504,0.169796564507705,0.00129252701983528,0.00140427652209115,4.43648724908679,0.101039529717025
9,SJB,3,STS-L,RT_Down_pro_L,0.0511150838649201,0.0573248492871883,0.108439933152108,0.00108340122679951,0.00117914286124885,4.44926252718417,0.104408736084488
9,SJB,4,IPL-L,RT_Down_pro_L,0.0832941446708299,0.0452543479574169,0.128548492628247,0.00125090555307504,0.00136890373888024,4.43974495441019,0.104700692422595
9,SJB,5,SPL-L,RT_Down_pro_L,0.034111013103121,0.0907532636783214,0.124864276781442,0.00121055062096607,0.00131531614691328,4.4449046423636,0.105179790339474
9,SJB,6,AG-L,RT_Down_pro_L,0.045570747116571,0.0569427114879846,0.102513458604556,0.00107465505072122,0.00116975750640662,4.45224469817139,0.105910441574121
9,SJB,7,mIPS-L,RT_Down_pro_L,0.0636548608020914,0.0635464030163653,0.127201263818457,0.00126467081020014,0.00137009211656296,4.44060696836104,0.103392178940497
9,SJB,8,VIP-L,RT_Down_pro_L,0.0734536127876715,0.0484599392108554,0.121913551998527,0.00118398606868831,0.00129244943842337,4.44448286406646,0.104189908536265
9,SJB,9,SPOC-L,RT_Down_pro_L,0.0718705887257559,0.061390925021997,0.133261513747753,0.00138096915004961,0.0015068988476758,4.43447179806008,0.104342794629451
9,SJB,10,S1-L,RT_Down_pro_L,0.0529016302171855,0.05307078610063,0.105972416317816,0.00109990849637174,0.00118993677197944,4.45036086114117,0.104977352603854
9,SJB,11,M1-L,RT_Down_pro_L,0.0463362671623834,0.0656731962184739,0.112009463380857,0.00108100014157438,0.00117632784441922,4.45089571873515,0.105134139937122
9,SJB,12,SMA-L,RT_Down_pro_L,0.0446192754294803,0.0659987996194757,0.110618075048956,0.00115557490961354,0.00125818223251524,4.4458919521295,0.104782979464396
9,SJB,13,PMd-L,RT_Down_pro_L,0.0702359309853997,0.0648806302517845,0.135116561237184,0.00130368941638155,0.00141716821774236,4.43651624421425,0.103513570361614
9,SJB,14,PMv-L,RT_Down_pro_L,0.0364618323380496,0.044497934507087,0.0809597668451366,0.000935226146972558,0.00102561047976968,4.4593712009917,0.106842833386776
9,SJB,15,FEF-L,RT_Down_pro_L,0.058901422657757,0.0475029274004253,0.106404350058182,0.00114633697108172,0.00124791933735228,4.44576822755166,0.105377963331282
9,SJB,16,POJ-L,RT_Down_pro_L,0.0745169028670146,0.0538785011688919,0.128395404035906,0.00130218340096945,0.00141803459954929,4.43938129990614,0.105002303860764
9,SJB,17,V1-R,RT_Down_pro_L,0.0463605180512876,0.0877966334271776,0.134157151478465,0.00119821202964941,0.00130935978936906,4.44432319254118,0.103352349861314
9,SJB,18,V3-R,RT_Down_pro_L,0.0565970445175431,0.0619104098223401,0.118507454339883,0.00121865413693623,0.00132292070962263,4.44412543077005,0.10443062410758
9,SJB,19,STS-R,RT_Down_pro_L,0.0622621758264997,0.04184312803717,0.10410530386367,0.0011204612754727,0.00121928811577704,4.44861895361655,0.105190458259883
9,SJB,20,IPL-R,RT_Down_pro_L,0.105720301587237,0.0498098572491733,0.155530158836411,0.0014978765207736,0.00163142685674671,4.42759569116884,0.10223321118794
9,SJB,21,SPL-R,RT_Down_pro_L,0.113774459977116,0.0580788829275266,0.171853342904643,0.00153512016107167,0.00166529800532651,4.42708319369041,0.101160017406668
9,SJB,22,AG-R,RT_Down_pro_L,0.0596480135431322,0.0574520766980677,0.1171000902412,0.00127973009159478,0.00139392031561031,4.44066087775553,0.105349695498965
9,SJB,23,mIPS-R,RT_Down_pro_L,0.0709451752953843,0.0707893939149557,0.14173456921034,0.00137753851241659,0.0014982049489387,4.43556086134348,0.102420086875603
9,SJB,24,VIP-R,RT_Down_pro_L,0.0853119836207269,0.0803824411960109,0.165694424816738,0.00156091418028739,0.00170166434551609,4.4243611724023,0.102435260355961
9,SJB,25,SPOC-R,RT_Down_pro_L,0.0548548409289085,0.0627041315682786,0.117558972497187,0.00112261949023064,0.00121254395330246,4.45069197297058,0.103254621939668
9,SJB,26,S1-R,RT_Down_pro_L,0.0400947366467434,0.0439071713000956,0.0840019079468391,0.000934273914111667,0.00102012763951576,4.4607474059563,0.1053664951646
9,SJB,27,M1-R,RT_Down_pro_L,0.0472692884149203,0.0558288773872911,0.103098165802211,0.00102500137914193,0.00111399364458591,4.45465775555144,0.103251412617031
9,SJB,28,SMA-R,RT_Down_pro_L,0.0454012168917218,0.0376884627645407,0.0830896796562625,0.000950430396865805,0.00103964517643218,4.45883212759109,0.106511087896057
9,SJB,29,PMd-R,RT_Down_pro_L,0.0500009917464135,0.0628872253652365,0.11288821711165,0.00109208946178257,0.00118928891166596,4.45080375777405,0.104382367772411
9,SJB,30,PMv-R,RT_Down_pro_L,0.0509125168939432,0.076134903171033,0.127047420064976,0.00116558174516901,0.00126428215989838,4.44660849293412,0.103446499531506
9,SJB,31,FEF-R,RT_Down_pro_L,0.0882135381889675,0.0736313817894478,0.161844919978415,0.00142444630089925,0.00153955361864447,4.43198256243526,0.100892315749235
9,SJB,32,POJ-R,RT_Down_pro_L,0.06169530829273,0.0500436241014563,0.111738932394186,0.00119259814550284,0.00129525735732691,4.44633698815606,0.105096239184102
10,BG,1,V1-L,RT_Down_pro_L,0.0547351086443998,0.0579707311706079,0.112705839815008,0.0013868221227934,0.00149226718230336,4.65627956153768,0.127354049479411
10,BG,2,V3-L,RT_Down_pro_L,0.0422729325431615,0.039175773803796,0.0814487063469574,0.00109420275101249,0.00117010933467156,4.67336714502293,0.129123189378073
10,BG,3,STS-L,RT_Down_pro_L,0.0664958914407367,0.0409521338454618,0.107448025286199,0.00120846545316964,0.00129521044650772,4.66679861284997,0.126902454010395
10,BG,4,IPL-L,RT_Down_pro_L,0.0758589380618608,0.0908419765361619,0.166700914598023,0.00178763437201656,0.00191282885742474,4.63806553137126,0.125813079102497
10,BG,5,SPL-L,RT_Down_pro_L,0.0518211828405581,0.0595758713801413,0.111397054220699,0.00135430166406923,0.00144752280540199,4.65785119717199,0.12785771339076
10,BG,6,AG-L,RT_Down_pro_L,0.0424978848463313,0.121340543174708,0.16383842802104,0.00167020371483545,0.00179694498304757,4.64120976612262,0.126484023261424
10,BG,7,mIPS-L,RT_Down_pro_L,0.0561024584811919,0.0628261880113004,0.118928646492492,0.00144539476443376,0.00155022948989618,4.65276747750425,0.127571653253682
10,BG,8,VIP-L,RT_Down_pro_L,0.0265716714001921,0.0806792586581757,0.107250930058368,0.00122919648174251,0.0013132977277176,4.66399812018002,0.127539260925996
10,BG,9,SPOC-L,RT_Down_pro_L,0.0725167696266591,0.0981701698105182,0.170686939437177,0.00178280626483578,0.00190926397980755,4.63691500444848,0.125851099235946
10,BG,10,S1-L,RT_Down_pro_L,0.159020254655465,0.0596587332725366,0.218678987928001,0.00187290406535259,0.00199984743110876,4.63284877013525,0.12176077788234
10,BG,11,M1-L,RT_Down_pro_L,0.0756548335887289,0.0653880502708916,0.14104288385962,0.00151007838708092,0.00161945857256731,4.65023103947364,0.12696878928488
10,BG,12,SMA-L,RT_Down_pro_L,0.0281651383768423,0.0972325827972764,0.125397721174119,0.0013218010328439,0.00141158698426276,4.66010704835678,0.126822273119862
10,BG,13,PMd-L,RT_Down_pro_L,0.0421510373411623,0.130872888253818,0.17302392559498,0.00141580017049562,0.0015186704220927,4.65252031315906,0.125607466766591
10,BG,14,PMv-L,RT_Down_pro_L,0.122877047622153,0.1107023363184,0.233579383940553,0.00216964929651276,0.00232545271403547,4.61925412644064,0.119169073179862
10,BG,15,FEF-L,RT_Down_pro_L,0.0828777907439459,0.0641841715626612,0.147061962306607,0.00138448956644196,0.00147799948066807,4.656409462558,0.126827661247038
10,BG,16,POJ-L,RT_Down_pro_L,0.0490422016453253,0.0660085218035815,0.115050723448907,0.00145218981065164,0.00155764443961997,4.65379243330711,0.128551923313662
10,BG,17,V1-R,RT_Down_pro_L,0.0586880728630186,0.0396773952116999,0.0983654680747185,0.00112131723429031,0.00120005866447465,4.67023403660291,0.127929087462341
10,BG,18,V3-R,RT_Down_pro_L,0.0959908567358931,0.0468855692789175,0.142876426014811,0.00151475909531626,0.00162603914222057,4.64893486821394,0.126374185789589
10,BG,19,STS-R,RT_Down_pro_L,0.119207932373176,0.0415129816802945,0.16072091405347,0.00150626033046139,0.00160568840978274,4.65099086734824,0.12535918326584
10,BG,20,IPL-R,RT_Down_pro_L,0.107327290172445,0.138066025747805,0.24539331592025,0.00206124674081709,0.00220704222520059,4.62325753910047,0.120718602854324
10,BG,21,SPL-R,RT_Down_pro_L,0.128403872487623,0.102155007393867,0.23055887988149,0.00224238850626553,0.00239674967885027,4.6185972031846,0.122295392111858
10,BG,22,AG-R,RT_Down_pro_L,0.102959286826814,0.0519120141574638,0.154871300984277,0.00153611463282834,0.00163562207937165,4.65183645297879,0.125295744969527
10,BG,23,mIPS-R,RT_Down_pro_L,0.118174875265575,0.0529081590020844,0.171083034267659,0.00176355879901157,0.0018862821699659,4.64015122491023,0.124857177041197
10,BG,24,VIP-R,RT_Down_pro_L,0.0937604924925828,0.130344789865756,0.224105282358338,0.00198778338553181,0.00213203451219609,4.62811194227742,0.121068336141738
10,BG,25,SPOC-R,RT_Down_pro_L,0.0674192402921792,0.0698023186446087,0.137221558936788,0.00141735830371147,0.00151217448307581,4.65710007731834,0.125271067462735
10,BG,26,S1-R,RT_Down_pro_L,0.11962348711529,0.108882414711106,0.228505901826396,0.00199466872941183,0.00213589970217746,4.62835089302978,0.121294528832232
10,BG,27,M1-R,RT_Down_pro_L,0.11073773771186,0.112961484162423,0.223699221874283,0.00204910777131818,0.00219405242402884,4.62839127946361,0.122424935750041
10,BG,28,SMA-R,RT_Down_pro_L,0.0568189247833653,0.0792750253094994,0.136093950092865,0.00158506291161472,0.00170532429222127,4.64758225689679,0.127015347611096
10,BG,29,PMd-R,RT_Down_pro_L,0.0553708083103615,0.107335605900829,0.162706414211191,0.00157489276539375,0.0016882000535724,4.64684627120611,0.125291085122167
10,BG,30,PMv-R,RT_Down_pro_L,0.108932391000027,0.0699411087371656,0.178873499737193,0.00169971836962047,0.00181829742099494,4.64382866038783,0.123096312676386
10,BG,31,FEF-R,RT_Down_pro_L,0.0678221620895563,0.081437914664312,0.149260076753868,0.0016268805829059,0.00175180361780533,4.64452980273699,0.125843854763035
10,BG,32,POJ-R,RT_Down_pro_L,0.0938036450477533,0.075024472288365,0.168828117336118,0.00175229754021689,0.00187107764101334,4.64100640182335,0.125703927777898
1,DOC,1,V1-L,RT_Down_pro_R,0.0871918628754188,0.0479928269169139,0.135184689792333,0.00151195772093877,0.00162465739256676,4.57958072932411,0.115760813097322
1,DOC,2,V3-L,RT_Down_pro_R,0.0923264721939802,0.048852574072564,0.141179046266544,0.00149800116580954,0.0016062008885489,4.58039981066559,0.114822553755848
1,DOC,3,STS-L,RT_Down_pro_R,0.0269255016891345,0.0636206933622804,0.0905461950514149,0.00111584532737356,0.0011991144852462,4.60155975018954,0.117367874505483
1,DOC,4,IPL-L,RT_Down_pro_R,0.0599600521365451,0.0853092062570314,0.145269258393577,0.00136384617282167,0.00145907932780649,4.58833347168881,0.115064589192226
1,DOC,5,SPL-L,RT_Down_pro_R,0.0658465438207457,0.11549789691481,0.181344440735556,0.00174382878036335,0.00186823608496773,4.56830151931707,0.112301121244145
1,DOC,6,AG-L,RT_Down_pro_R,0.0720903833931829,0.0550554577393798,0.127145841132563,0.00148949769251674,0.00159696277862559,4.58147688087069,0.115919101500114
1,DOC,7,mIPS-L,RT_Down_pro_R,0.0773326960493616,0.0873631565484149,0.164695852597777,0.00168160923064715,0.00180377957085694,4.57155073540408,0.113434645827572
1,DOC,8,VIP-L,RT_Down_pro_R,0.11867237487148,0.0745403521306138,0.193212727002093,0.00161830367831122,0.00172698276273117,4.57502638568432,0.111830101535898
1,DOC,9,SPOC-L,RT_Down_pro_R,0.0763577727293651,0.0444826000014604,0.120840372730825,0.00130853657676469,0.00140479347313716,4.58954222535031,0.115047359127917
1,DOC,10,S1-L,RT_Down_pro_R,0.146023466480803,0.0808623163173153,0.226885782798118,0.00192475265285385,0.00206416041554456,4.55979046046361,0.110468465800663
1,DOC,11,M1-L,RT_Down_pro_R,0.0948413106955793,0.100428951744656,0.195270262440236,0.00182579220083679,0.00195625632816107,4.56433947967986,0.111499756123453
1,DOC,12,SMA-L,RT_Down_pro_R,0.0646364872935048,0.0678138864953518,0.132450373788857,0.00139508371941809,0.00149089803682052,4.58582346724566,0.113826993992654
1,DOC,13,PMd-L,RT_Down_pro_R,0.0972100280882663,0.0635460590210484,0.160756087109315,0.00154363449973772,0.00165026348702288,4.57844333755749,0.112921503632421
1,DOC,14,PMv-L,RT_Down_pro_R,0.0448875032860235,0.0383130833806277,0.0832005866666512,0.00103514059172148,0.00110444529728159,4.60594763451581,0.116383903727799
1,DOC,15,FEF-L,RT_Down_pro_R,0.0789207074343128,0.0958029432027524,0.174723650637065,0.00169647382615437,0.00181538908766177,4.57026178287454,0.112050423469414
1,DOC,16,POJ-L,RT_Down_pro_R,0.0380359110165543,0.0433021568174876,0.0813380678340419,0.00116959213050733,0.00125922779701884,4.59737526927585,0.118187192268835
1,DOC,17,V1-R,RT_Down_pro_R,0.0741364996777471,0.0560120145504692,0.130148514228216,0.00139023484113026,0.00149324535990227,4.58488814435858,0.116082237658915
1,DOC,18,V3-R,RT_Down_pro_R,0.0305630890290277,0.126903241018916,0.157466330047944,0.00147057138673146,0.00157993582485258,4.58144541846601,0.115423455891405
1,DOC,19,STS-R,RT_Down_pro_R,0.0856902817532635,0.0367733088877376,0.122463590641001,0.00131337896048459,0.00140562505498924,4.58967118515818,0.115565788466299
1,DOC,20,IPL-R,RT_Down_pro_R,0.0474416958056346,0.0415355167712249,0.0889772125768595,0.00111413643061097,0.00119390890622761,4.60193607890904,0.117045054210181
1,DOC,21,SPL-R,RT_Down_pro_R,0.0523242746635297,0.0611479765324136,0.113472251195943,0.00133810811167407,0.00143891388374557,4.58911917099602,0.115884844963608
1,DOC,22,AG-R,RT_Down_pro_R,0.060694570975362,0.0977793938096835,0.158473964785045,0.00172511469956488,0.00185417851465254,4.57013644916955,0.114506386518863
1,DOC,23,mIPS-R,RT_Down_pro_R,0.0460241146922067,0.101682196433875,0.147706311126082,0.00160552355584361,0.00172377787815644,4.57609458026432,0.115086008774191
1,DOC,24,VIP-R,RT_Down_pro_R,0.0573919318507266,0.0458614461401144,0.103253377990841,0.00127338547662104,0.0013607157371134,4.5929320784223,0.11638745911367
1,DOC,25,SPOC-R,RT_Down_pro_R,0.083801395645867,0.0825790453983266,0.166380441044194,0.00156368108118133,0.00166587507734322,4.57767982383656,0.110759304877184
1,DOC,26,S1-R,RT_Down_pro_R,0.086098625135151,0.0670056696217279,0.153104294756879,0.00156533513441949,0.00167601711444339,4.57710809253845,0.113678159277981
1,DOC,27,M1-R,RT_Down_pro_R,0.088208682697946,0.0976733863351344,0.18588206903308,0.00177794542989245,0.00190495085639646,4.56652883866248,0.111653687125539
1,DOC,28,SMA-R,RT_Down_pro_R,0.0564023389419173,0.0552947096123685,0.111697048554286,0.00123221794230941,0.00131955528586762,4.59420711523666,0.115208287448489
1,DOC,29,PMd-R,RT_Down_pro_R,0.0565554408281961,0.10145609232843,0.158011533156626,0.00149341965672292,0.00160348078319952,4.57991513167943,0.11463338311748
1,DOC,30,PMv-R,RT_Down_pro_R,0.0854697108510478,0.0679245979343994,0.153394308785447,0.00155862144885888,0.00166889898008811,4.57742222223323,0.11425624995445
1,DOC,31,FEF-R,RT_Down_pro_R,0.0660348284226654,0.0682974449430816,0.134332273365747,0.00140713610355459,0.00151303233033855,4.58427661821411,0.114940095817402
1,DOC,32,POJ-R,RT_Down_pro_R,0.0677848882150371,0.0651712419989715,0.132956130214009,0.00139529590696686,0.00149161586278981,4.58659670573022,0.114671255402146
2,GB,1,V1-L,RT_Down_pro_R,0.0595927337289881,0.042459006899411,0.102051740628399,0.00118292518288409,0.00128408203760802,4.6685051933168,0.131098116219285
2,GB,2,V3-L,RT_Down_pro_R,0.0542671629680876,0.0537306816088529,0.10799784457694,0.00135107531442783,0.00146174692346023,4.6600274805608,0.131136507278194
2,GB,3,STS-L,RT_Down_pro_R,0.0788728003682295,0.0286085529114746,0.107481353279704,0.00107077623949569,0.00115736458287316,4.67586734841384,0.129776068645917
2,GB,4,IPL-L,RT_Down_pro_R,0.132122840217811,0.084496661268911,0.216619501486721,0.00168241837369409,0.00182097243479293,4.64214790737356,0.124969998380423
2,GB,5,SPL-L,RT_Down_pro_R,0.106103717125228,0.0986607333796692,0.204764450504897,0.0020138660232129,0.00218728185242342,4.62950187477973,0.127916837685909
2,GB,6,AG-L,RT_Down_pro_R,0.0638066871223569,0.109452593037357,0.173259280159714,0.00165801990618844,0.0018010808196532,4.64576904032323,0.128452299050413
2,GB,7,mIPS-L,RT_Down_pro_R,0.107485369726269,0.12427276322395,0.231758132950219,0.00212930902070085,0.00231053542687954,4.62311573930265,0.125241976499358
2,GB,8,VIP-L,RT_Down_pro_R,0.154847867889241,0.0911957244804302,0.246043592369671,0.00202440710396447,0.00219761735495921,4.6256510656593,0.124596363780932
2,GB,9,SPOC-L,RT_Down_pro_R,0.0580222416861367,0.0866001088200465,0.144622350506183,0.00159485020901038,0.00172625547226199,4.64925677128813,0.129942065279852
2,GB,10,S1-L,RT_Down_pro_R,0.0446216474310039,0.0818007097386968,0.126422357169701,0.00140251035771933,0.00151261413467187,4.65850077700449,0.129879649301479
2,GB,11,M1-L,RT_Down_pro_R,0.0806932165196604,0.120124895914728,0.200818112434389,0.00193838278950572,0.00208621841400206,4.63500914258718,0.125947979174088
2,GB,12,SMA-L,RT_Down_pro_R,0.0936795364955187,0.0637714540822458,0.157450990577765,0.00174656870457557,0.00189388740898989,4.6416326865935,0.129349544798085
2,GB,13,PMd-L,RT_Down_pro_R,0.0509141459734373,0.0939534420124155,0.144867587985853,0.00148303626902933,0.00161426875969138,4.65295499666709,0.12949385167032
2,GB,14,PMv-L,RT_Down_pro_R,0.0635947868915429,0.0554303735498176,0.119025160441361,0.00137811265910422,0.00149078218850669,4.65876034075965,0.130442448106704
2,GB,15,FEF-L,RT_Down_pro_R,0.0815719094961552,0.110874738187901,0.192446647684056,0.00189931106080392,0.00205399297242844,4.63371265012645,0.127490017252618
2,GB,16,POJ-L,RT_Down_pro_R,0.0718241997810346,0.0812714178580243,0.153095617639059,0.00159930561085709,0.00172595528631496,4.6500960961796,0.128897563912635
2,GB,17,V1-R,RT_Down_pro_R,0.0939495776067695,0.036718840818499,0.130668418425268,0.00130031169605426,0.00141084731071103,4.66265234480797,0.130700198888975
2,GB,18,V3-R,RT_Down_pro_R,0.0606232819853455,0.111841438750891,0.172464720736236,0.0017537984829615,0.00190482019821062,4.64101369904896,0.128879864192395
2,GB,19,STS-R,RT_Down_pro_R,0.0430876767338045,0.0635955464847664,0.106683223218571,0.00127317126849802,0.00138373393704751,4.66408724677359,0.130756347956851
2,GB,20,IPL-R,RT_Down_pro_R,0.110527968136414,0.0782922747545398,0.188820242890954,0.00189895676584212,0.00206030881353461,4.63418008330851,0.128317043955243
2,GB,21,SPL-R,RT_Down_pro_R,0.0454468317992363,0.0961535715693395,0.141600403368576,0.00137349905994414,0.00148176880845538,4.65893989382946,0.129427720634133
2,GB,22,AG-R,RT_Down_pro_R,0.0523264701764239,0.0821322156732496,0.134458685849673,0.00147364268480436,0.00159147629458932,4.65507921642443,0.13043818989545
2,GB,23,mIPS-R,RT_Down_pro_R,0.0956876461506364,0.056357684196398,0.152045330347034,0.00148864719004627,0.00160720055206392,4.65334292321847,0.129067698209333
2,GB,24,VIP-R,RT_Down_pro_R,0.069234033070712,0.0997312530913595,0.168965286162071,0.00165789368778726,0.00179536654509003,4.64485628459224,0.128013673893114
2,GB,25,SPOC-R,RT_Down_pro_R,0.0959464647378236,0.0418625914534402,0.137809056191264,0.00151119850958187,0.00163794413625095,4.65222587310649,0.130536356593924
2,GB,26,S1-R,RT_Down_pro_R,0.132816834278449,0.0910564115403535,0.223873245818802,0.00211648213859851,0.00228835347870567,4.62506802682686,0.125852798350776
2,GB,27,M1-R,RT_Down_pro_R,0.0696938789779458,0.133132555169076,0.202826434147022,0.0018829940981042,0.00203905539601464,4.63525341300163,0.126060341252656
2,GB,28,SMA-R,RT_Down_pro_R,0.122158369548326,0.0706180962351325,0.192776465783458,0.00177423820847536,0.00191287152929883,4.64011741667817,0.127395853894215
2,GB,29,PMd-R,RT_Down_pro_R,0.116491769207751,0.116666426829255,0.233158196037006,0.00208855699546036,0.00225399670340945,4.62613175758709,0.123674717415751
2,GB,30,PMv-R,RT_Down_pro_R,0.0634215221183443,0.0402810382074792,0.103702560325824,0.0011826835292705,0.00128453229652192,4.66772932232965,0.130373261314914
2,GB,31,FEF-R,RT_Down_pro_R,0.0550650709340972,0.0814562756156418,0.136521346549739,0.00141340951089323,0.00152519570656416,4.65874261523813,0.129890709729689
2,GB,32,POJ-R,RT_Down_pro_R,0.0705969295371988,0.0724951110566244,0.143092040593823,0.00142304751453968,0.0015399981118341,4.65607104815533,0.129759317168759
3,JDC,1,V1-L,RT_Down_pro_R,0.116419032548283,0.0400159205638525,0.156434953112136,0.00146285308090417,0.00158464903851199,4.54693506881929,0.120689438385281
3,JDC,2,V3-L,RT_Down_pro_R,0.0584224476827812,0.0461678753345618,0.104590323017343,0.00118572511551836,0.00128030207648046,4.56171070159774,0.122186284274876
3,JDC,3,STS-L,RT_Down_pro_R,0.0613603614039492,0.0620789890449376,0.123439350448887,0.00129809118819158,0.00140973257173981,4.556602566921,0.120524712159458
3,JDC,4,IPL-L,RT_Down_pro_R,0.055335127329223,0.0487999506082572,0.10413507793748,0.00117538569769743,0.00127305787412925,4.5618994190775,0.122891509978608
3,JDC,5,SPL-L,RT_Down_pro_R,0.0819571274004127,0.0586394084323544,0.140596535832767,0.00149889747225764,0.00162191807476341,4.54559076293984,0.120960761872628
3,JDC,6,AG-L,RT_Down_pro_R,0.0597157453587246,0.0965514584313037,0.156267203790028,0.00144129775725267,0.00156094084714064,4.5467512713191,0.120584431312888
3,JDC,7,mIPS-L,RT_Down_pro_R,0.0956002300753142,0.0733729016071729,0.168973131682487,0.00168531790433374,0.00182256109573949,4.53650521350694,0.120351356039117
3,JDC,8,VIP-L,RT_Down_pro_R,0.0669658029291497,0.0652501384458016,0.132215941374951,0.00149510620612851,0.00162023348540836,4.54600959596391,0.122140777720391
3,JDC,9,SPOC-L,RT_Down_pro_R,0.0814351005808914,0.144652919525912,0.226088020106804,0.0018715847022872,0.00202648464010027,4.52674633099839,0.113702733215804
3,JDC,10,S1-L,RT_Down_pro_R,0.0709669976558869,0.063887372935466,0.134854370591353,0.00130630005459495,0.00141617157666207,4.55453158784884,0.121699655490268
3,JDC,11,M1-L,RT_Down_pro_R,0.0396608314882506,0.081717015876015,0.121377847364266,0.00119695891810513,0.00129632897470206,4.56092064424711,0.122255546401402
3,JDC,12,SMA-L,RT_Down_pro_R,0.0598256882352907,0.0568215381086797,0.11664722634397,0.00131419041242096,0.00142649608995303,4.55405587789913,0.122660610249296
3,JDC,13,PMd-L,RT_Down_pro_R,0.0639049372574069,0.0605108848610776,0.124415822118484,0.00132719167991927,0.00143773585550171,4.55391565854096,0.121084805230402
3,JDC,14,PMv-L,RT_Down_pro_R,0.0511539989810817,0.0455555160357795,0.0967095150168612,0.00108553346545303,0.00117526619944533,4.5675531199349,0.122148571846642
3,JDC,15,FEF-L,RT_Down_pro_R,0.0778650957965298,0.0675662165990645,0.145431312395594,0.00130591549961292,0.00141131391631366,4.5531542404083,0.120259801111918
3,JDC,16,POJ-L,RT_Down_pro_R,0.13370012982608,0.0753273768076888,0.209027506633768,0.00160355508978166,0.00172404013820497,4.54009819714841,0.113248924430765
3,JDC,17,V1-R,RT_Down_pro_R,0.0545117888060731,0.0484637287894723,0.102975517595545,0.00120999676971112,0.00131076761685644,4.55988092448374,0.123273435029281
3,JDC,18,V3-R,RT_Down_pro_R,0.0665271447147946,0.0524430831891633,0.118970227903958,0.00125650945710611,0.00136261663817426,4.55786097050353,0.121980047894123
3,JDC,19,STS-R,RT_Down_pro_R,0.108430641005617,0.0482226810338088,0.156653322039426,0.00149824118794822,0.00162604923858916,4.54436902857252,0.118832926846284
3,JDC,20,IPL-R,RT_Down_pro_R,0.0369052005891335,0.112873447998083,0.149778648587217,0.00140193040918093,0.00152085510142018,4.55085065856847,0.121139843778457
3,JDC,21,SPL-R,RT_Down_pro_R,0.0364045502237615,0.11791678585049,0.154321336074252,0.00133875559966201,0.00144570423159838,4.55387477790965,0.121516534673164
3,JDC,22,AG-R,RT_Down_pro_R,0.0270975142798906,0.0446577451178642,0.0717552593977549,0.00085919493539467,0.000930541522455216,4.57977265555901,0.123215789548393
3,JDC,23,mIPS-R,RT_Down_pro_R,0.111549278602609,0.0532306638532555,0.164779942455864,0.00134967657516824,0.00145351813738206,4.55253344493532,0.120271870364294
3,JDC,24,VIP-R,RT_Down_pro_R,0.0639474389063995,0.106260578815231,0.170208017721631,0.00157213567659109,0.00170918318424249,4.54188876835635,0.119937759174055
3,JDC,25,SPOC-R,RT_Down_pro_R,0.0756632233537837,0.151084405505668,0.226747628859452,0.00175659506133888,0.00190364914245049,4.5307629203465,0.115445117474179
3,JDC,26,S1-R,RT_Down_pro_R,0.0916851580041992,0.0582808812462018,0.149966039250401,0.00149510534786897,0.00162078121682663,4.54530023607651,0.120706621115637
3,JDC,27,M1-R,RT_Down_pro_R,0.0974773483955657,0.0797595733029328,0.177236921698498,0.00162104276798478,0.00175536762331323,4.5384744730564,0.119222333825869
3,JDC,28,SMA-R,RT_Down_pro_R,0.0590578117487301,0.0693097630545031,0.128367574803233,0.00131246066658377,0.00142920125748287,4.55258847348505,0.121161854753684
3,JDC,29,PMd-R,RT_Down_pro_R,0.073544343750344,0.0751410110087987,0.148685354759143,0.00149922644165006,0.00163037770436509,4.54396630230796,0.121076151504353
3,JDC,30,PMv-R,RT_Down_pro_R,0.0390723410173746,0.0707852663478377,0.109857607365212,0.00124895596274709,0.00135802419883551,4.55789984278019,0.122750051052446
3,JDC,31,FEF-R,RT_Down_pro_R,0.0789915491413452,0.0794207705231167,0.158412319664462,0.00143960120078731,0.00155301117556413,4.54808501536615,0.120104612235258
3,JDC,32,POJ-R,RT_Down_pro_R,0.13930012686603,0.0796882451005524,0.218988371966582,0.00174850859473326,0.00189367280346893,4.53192022003582,0.115746346820774
4,JFXD,1,V1-L,RT_Down_pro_R,0.0564726407850653,0.0560645596834693,0.112537200468535,0.00140667131835615,0.00149477665416823,4.67038501780809,0.116525984226369
4,JFXD,2,V3-L,RT_Down_pro_R,0.0713142067564869,0.0312854105750945,0.102599617331581,0.00121331263029481,0.00128824988702765,4.67963221370402,0.116528505319045
4,JFXD,3,STS-L,RT_Down_pro_R,0.147473955569328,0.0449780808527208,0.192452036422049,0.00185622958071952,0.00197842516025494,4.6471930478394,0.113635056069407
4,JFXD,4,IPL-L,RT_Down_pro_R,0.12603558515719,0.0637724899510041,0.189808075108194,0.0019520482312344,0.00207151710476304,4.64526069035908,0.114745760378899
4,JFXD,5,SPL-L,RT_Down_pro_R,0.129628237618167,0.0378437788901424,0.167472016508309,0.00152845097939714,0.00161666522113695,4.66469162229538,0.114714281469386
4,JFXD,6,AG-L,RT_Down_pro_R,0.044508131607902,0.0613987696732457,0.105906901281148,0.0012359391304647,0.00130660046222997,4.67967184708942,0.116608879262714
4,JFXD,7,mIPS-L,RT_Down_pro_R,0.0807234463766257,0.0814482040178428,0.162171650394469,0.00159044131846875,0.00168077813463758,4.66256276581337,0.114849679266993
4,JFXD,8,VIP-L,RT_Down_pro_R,0.156604083089672,0.0777440162960897,0.234348099385762,0.00211329120388962,0.00223576958687627,4.63658626154404,0.11234918296825
4,JFXD,9,SPOC-L,RT_Down_pro_R,0.0894479398154431,0.117747630653253,0.207195570468696,0.00187279624863941,0.00197698190313395,4.64828313828951,0.112522820095701
4,JFXD,10,S1-L,RT_Down_pro_R,0.0551256862849286,0.072358117292848,0.127483803577776,0.00152062649902699,0.00160901229193539,4.66611342643466,0.116413856678797
4,JFXD,11,M1-L,RT_Down_pro_R,0.0548281076032979,0.0529797605063057,0.107807868109604,0.00147663194899582,0.00156417582187657,4.66768778355089,0.11768654959611
4,JFXD,12,SMA-L,RT_Down_pro_R,0.0649858460322548,0.104949956810891,0.169935802843145,0.00172045139327807,0.00181369415749666,4.65533059048084,0.114641859030537
4,JFXD,13,PMd-L,RT_Down_pro_R,0.0627668868462763,0.0527995492042189,0.115566436050495,0.00148470265822079,0.00156741777087481,4.6682144321072,0.116882448591639
4,JFXD,14,PMv-L,RT_Down_pro_R,0.137840080137459,0.0851895340345784,0.223029614172037,0.00195368005296491,0.00206789227182733,4.6443630090281,0.112544158972349
4,JFXD,15,FEF-L,RT_Down_pro_R,0.0832149757439221,0.130702628241097,0.213917603985019,0.00178475323747119,0.00188242444064841,4.65255426196403,0.112744835916569
4,JFXD,16,POJ-L,RT_Down_pro_R,0.0635095267523641,0.127540948555249,0.191050475307613,0.00188945809140043,0.00200029288117911,4.64873198231872,0.114438528534605
4,JFXD,17,V1-R,RT_Down_pro_R,0.056153682608656,0.0528799169133754,0.109033599522031,0.00132643612177999,0.00140412717851369,4.67397124907164,0.117018230597333
4,JFXD,18,V3-R,RT_Down_pro_R,0.0466267129898744,0.0391760960664355,0.08580280905631,0.00110532325964613,0.00117413281190567,4.68643947371089,0.117436816984559
4,JFXD,19,STS-R,RT_Down_pro_R,0.153355103403465,0.0584250527069498,0.211780156110414,0.00186558385594315,0.00197277397655301,4.6479973559422,0.112028990840718
4,JFXD,20,IPL-R,RT_Down_pro_R,0.0941908211629429,0.0890633347481862,0.183254155911129,0.00171622807359505,0.00182075309661027,4.65486237328457,0.112687460141148
4,JFXD,21,SPL-R,RT_Down_pro_R,0.0579780991452237,0.0553700997811457,0.113348198926369,0.00139764331520254,0.00147793387069763,4.67160842169689,0.117050876427644
4,JFXD,22,AG-R,RT_Down_pro_R,0.0594579551542923,0.0733537257960204,0.132811680950313,0.00159994500232226,0.00169612887369698,4.66067811791012,0.116611872306834
4,JFXD,23,mIPS-R,RT_Down_pro_R,0.0515002763326311,0.0336852683871766,0.0851855447198077,0.00115567364104405,0.00122068402727666,4.68389406902692,0.11824292529971
4,JFXD,24,VIP-R,RT_Down_pro_R,0.0699356634584766,0.122942451777362,0.192878115235839,0.00191282262197512,0.00203370885260191,4.64499826312027,0.113423996388476
4,JFXD,25,SPOC-R,RT_Down_pro_R,0.0506475838408854,0.107412606818312,0.158060190659197,0.00159847328504303,0.00168826319483664,4.66215442172261,0.115377149649628
4,JFXD,26,S1-R,RT_Down_pro_R,0.0690474715969485,0.076846554655867,0.145894026252816,0.00150090772742354,0.00158393747828021,4.66568442003206,0.113330729097565
4,JFXD,27,M1-R,RT_Down_pro_R,0.0598749657509701,0.0769484122338103,0.13682337798478,0.0014946447659633,0.00158230487221759,4.66634778993009,0.115628929457858
4,JFXD,28,SMA-R,RT_Down_pro_R,0.0701782567825459,0.108187459135495,0.178365715918041,0.00185172252508086,0.00195585485430586,4.64934939312143,0.11436119046743
4,JFXD,29,PMd-R,RT_Down_pro_R,0.0606322598499202,0.0962966151139562,0.156928874963877,0.00159583404604373,0.00168322395486106,4.66101256414237,0.11483754868267
4,JFXD,30,PMv-R,RT_Down_pro_R,0.0918640027190246,0.122207405335562,0.214071408054587,0.00217744161214112,0.00231388214147307,4.63537070161856,0.11288857800767
4,JFXD,31,FEF-R,RT_Down_pro_R,0.0682041179823247,0.0978036511343215,0.166007769116646,0.00186983351282625,0.00197911071102764,4.64941830584199,0.114787549611776
4,JFXD,32,POJ-R,RT_Down_pro_R,0.0516613221400647,0.126385545252603,0.178046867392667,0.00167957702804944,0.0017725058344232,4.65778574030869,0.114267857670471
5,JZ,1,V1-L,RT_Down_pro_R,0.0734250627319865,0.0630438554451204,0.136468918177107,0.0014996141700829,0.00162354669921083,4.58247045498626,0.118113791920312
5,JZ,2,V3-L,RT_Down_pro_R,0.0598511352022355,0.0554497202199204,0.115300855422156,0.00122315860106393,0.00131764260167984,4.59610071274381,0.119133526744645
5,JZ,3,STS-L,RT_Down_pro_R,0.0690941672453916,0.0325059184277142,0.101600085673106,0.00117509531623833,0.00126452205532477,4.60043226593259,0.120235034753983
5,JZ,4,IPL-L,RT_Down_pro_R,0.0718937454788312,0.0741175003175027,0.146011245796334,0.00147584256141421,0.00158925521756824,4.58529523296438,0.118438080880521
5,JZ,5,SPL-L,RT_Down_pro_R,0.0919852008372942,0.0510053365266039,0.142990537363898,0.00140575839163338,0.00151310585341376,4.58911532229886,0.117880824771326
5,JZ,6,AG-L,RT_Down_pro_R,0.0956803942019134,0.0607065010027444,0.156386895204658,0.00142560406810763,0.00152833766299574,4.58800198101348,0.116393011088095
5,JZ,7,mIPS-L,RT_Down_pro_R,0.0676666757830756,0.0359661559608584,0.103632831743934,0.00121986498648365,0.00131172143784656,4.59811816482143,0.118836874857238
5,JZ,8,VIP-L,RT_Down_pro_R,0.1297107272591,0.0662708181383894,0.195981545397489,0.00171486759003182,0.00183412898830611,4.57231289880762,0.114898466451282
5,JZ,9,SPOC-L,RT_Down_pro_R,0.0613069254393982,0.0809123016562623,0.14221922709566,0.00155898912068932,0.00167992281228734,4.58147363805821,0.118573526836228
5,JZ,10,S1-L,RT_Down_pro_R,0.129445309712292,0.158785087984577,0.288230397696869,0.00229330906104252,0.0024619604147157,4.54534769568938,0.108734522922074
5,JZ,11,M1-L,RT_Down_pro_R,0.0507305324766773,0.220279142636596,0.271009675113274,0.00202485449169833,0.00217966526760693,4.5593850050764,0.113837866568829
5,JZ,12,SMA-L,RT_Down_pro_R,0.0419066985630583,0.0860416089176321,0.12794830748069,0.0014067855453881,0.00151575124465988,4.5884780707725,0.119127713330463
5,JZ,13,PMd-L,RT_Down_pro_R,0.0653084449478334,0.111050621154537,0.176359066102371,0.00177999300653026,0.00191123855117254,4.5697887750273,0.115936007659837
5,JZ,14,PMv-L,RT_Down_pro_R,0.0371235240593903,0.0439267800330469,0.0810503040924373,0.00104973398736366,0.00113005051125308,4.60747598998497,0.120795259839043
5,JZ,15,FEF-L,RT_Down_pro_R,0.0758007299950987,0.0492707549878449,0.125071484982944,0.00136669939789798,0.00147026155030559,4.58961208472218,0.117330061195467
5,JZ,16,POJ-L,RT_Down_pro_R,0.092335407433444,0.0853867673527509,0.177722174786195,0.00164612331930163,0.00176637331292381,4.57806986310361,0.116908818985192
5,JZ,17,V1-R,RT_Down_pro_R,0.0688000147819047,0.0609826988390473,0.129782713620952,0.00141221380835313,0.00152579158342053,4.58611697534726,0.118801452059458
5,JZ,18,V3-R,RT_Down_pro_R,0.0643785181728627,0.0652302494271977,0.12960876760006,0.00131949024301704,0.00142044167046144,4.59048327242602,0.118592920275442
5,JZ,19,STS-R,RT_Down_pro_R,0.0641179107272899,0.0478360723580463,0.111953983085336,0.00133144652697006,0.00143588264330161,4.59156666106819,0.119861889170985
5,JZ,20,IPL-R,RT_Down_pro_R,0.0903158287719837,0.0287768769912541,0.119092705763238,0.00131554525169915,0.00142385501352411,4.59259690097736,0.119865504106949
5,JZ,21,SPL-R,RT_Down_pro_R,0.0599659525309569,0.0872224617983463,0.147188414329303,0.00153386091746426,0.00165694169918569,4.58039528711423,0.117168533933083
5,JZ,22,AG-R,RT_Down_pro_R,0.0763854706557752,0.0569627069626643,0.13334817761844,0.00134693789859816,0.001452795136612,4.59066875057423,0.118201626882533
5,JZ,23,mIPS-R,RT_Down_pro_R,0.0377440806565691,0.0636527158795451,0.101396796536114,0.001153500241874,0.00124099454629475,4.60184632175391,0.120134034212177
5,JZ,24,VIP-R,RT_Down_pro_R,0.102400523959554,0.0425209502710168,0.14492147423057,0.00156686087963739,0.00169604374793589,4.58015892727634,0.118994831730415
5,JZ,25,SPOC-R,RT_Down_pro_R,0.0993248683903986,0.0832773444809036,0.182602212871302,0.00170846636426915,0.00183225702853324,4.57281288865843,0.115979367911431
5,JZ,26,S1-R,RT_Down_pro_R,0.0934905474729454,0.0799718396860169,0.173462387158962,0.00162240564032927,0.00175294814597078,4.57549898875772,0.114982942963655
5,JZ,27,M1-R,RT_Down_pro_R,0.0676478579807033,0.0798656924321687,0.147513550412872,0.0014005684389254,0.00151016474328892,4.58574457285844,0.117614884495841
5,JZ,28,SMA-R,RT_Down_pro_R,0.0406944312728336,0.112263731554552,0.152958162827386,0.0015567427234965,0.00167543553184623,4.580659148455,0.118613391791059
5,JZ,29,PMd-R,RT_Down_pro_R,0.0689066225009751,0.0865518193621077,0.155458441863083,0.00156034699529269,0.0016839885024795,4.57977488079371,0.117057768860529
5,JZ,30,PMv-R,RT_Down_pro_R,0.0820588662957862,0.0514125397839066,0.133471406079693,0.00130546254118831,0.00140650797673099,4.59274483292252,0.117916008159275
5,JZ,31,FEF-R,RT_Down_pro_R,0.0852963610312277,0.0651090940263986,0.150405455057626,0.0013394670850998,0.00143884424545716,4.59088500521896,0.116873805154823
5,JZ,32,POJ-R,RT_Down_pro_R,0.0642523258082395,0.0926891977617508,0.15694152356999,0.00152262232160193,0.00163808046394584,4.58345512211235,0.117592437381935
6,LT,1,V1-L,RT_Down_pro_R,0.0677438690742932,0.0440417055044502,0.111785574578743,0.001200627868413,0.00127606061562484,4.56213193371518,0.0995752237109783
6,LT,2,V3-L,RT_Down_pro_R,0.054804695285832,0.051377147819586,0.106181843105418,0.00119700416137849,0.00127461249624234,4.56330941825394,0.100465093590671
6,LT,3,STS-L,RT_Down_pro_R,0.072068150967653,0.0612327860417962,0.133300937009449,0.00131821404543885,0.00139789966132023,4.55561977931472,0.0986288519559944
6,LT,4,IPL-L,RT_Down_pro_R,0.0607412821290421,0.0596486917578213,0.120389973886863,0.00131656702211953,0.0013952448252198,4.55725012284275,0.0990153628254532
6,LT,5,SPL-L,RT_Down_pro_R,0.0649571753377874,0.0996371531734372,0.164594328511225,0.00156063707755952,0.00165272931324199,4.54452050593737,0.0977612401435402
6,LT,6,AG-L,RT_Down_pro_R,0.10594024480583,0.0565726577212338,0.162512902527064,0.00157470300055523,0.00167213597937211,4.54349569269799,0.0988759830984988
6,LT,7,mIPS-L,RT_Down_pro_R,0.039639020574957,0.116141912552113,0.15578093312707,0.00150580562271873,0.00159877508164529,4.54732320477124,0.0993837244575965
6,LT,8,VIP-L,RT_Down_pro_R,0.0855285997219521,0.0706323474766026,0.156160947198555,0.00160985773784135,0.00170673937519388,4.54228775674279,0.0984914848360404
6,LT,9,SPOC-L,RT_Down_pro_R,0.08165378346901,0.051700015801078,0.133353799270088,0.00154495143676187,0.00164266744864503,4.54475647454202,0.0996536260912421
6,LT,10,S1-L,RT_Down_pro_R,0.0598103095688365,0.0712116503525193,0.131021959921356,0.00154234108577036,0.00164312430199076,4.54525500767063,0.100072693139064
6,LT,11,M1-L,RT_Down_pro_R,0.0402469971557284,0.0757819740939725,0.116028971249701,0.00137263008249961,0.00146000801805253,4.5538817866701,0.100652058566611
6,LT,12,SMA-L,RT_Down_pro_R,0.0543031612530056,0.0585662000256077,0.112869361278613,0.00133035039820086,0.00141082805991229,4.5562976336699,0.100119280205811
6,LT,13,PMd-L,RT_Down_pro_R,0.0637381714399444,0.0437955361320881,0.107533707572033,0.00126301133371189,0.00134010318128657,4.5590699893386,0.0999427806965683
6,LT,14,PMv-L,RT_Down_pro_R,0.0325898150911411,0.0628392740850451,0.0954290891761862,0.00104504099836679,0.0011093167930971,4.57201591145323,0.100088317167204
6,LT,15,FEF-L,RT_Down_pro_R,0.105275557433872,0.0670680452396638,0.172343602673535,0.00164040076925667,0.00173242981805751,4.54066501928193,0.0963384156673563
6,LT,16,POJ-L,RT_Down_pro_R,0.0567914885962475,0.0701538488979448,0.126945337494192,0.0013383709010223,0.00141645773761713,4.55622915328245,0.0983202475050567
6,LT,17,V1-R,RT_Down_pro_R,0.0544444213784078,0.0445386623450029,0.0989830837234107,0.00117519819064473,0.00124914198125245,4.56304621590513,0.0998973191864607
6,LT,18,V3-R,RT_Down_pro_R,0.0456968599039819,0.0951822422019884,0.14087910210597,0.00149925412570447,0.00159107961632722,4.54688493089663,0.099297946358652
6,LT,19,STS-R,RT_Down_pro_R,0.0854702367635421,0.089577257983672,0.175047494747214,0.00170531238299601,0.00180290281344005,4.53760392744801,0.0961632946181554
6,LT,20,IPL-R,RT_Down_pro_R,0.0736717956234375,0.0446766795802287,0.118348475203666,0.00131155640223017,0.00139139762468053,4.55700490707207,0.100554027290362
6,LT,21,SPL-R,RT_Down_pro_R,0.101440421529786,0.0627049580074317,0.164145379537218,0.00174705676860783,0.00185298512445454,4.53551827265914,0.0974982731285482
6,LT,22,AG-R,RT_Down_pro_R,0.0786909063048617,0.0476899144060295,0.126380820710891,0.0013193889703685,0.00139745940252644,4.55613496249705,0.0994569793499127
6,LT,23,mIPS-R,RT_Down_pro_R,0.0807202374278774,0.0699564534218471,0.150676690849724,0.00163650887732706,0.00173582139396924,4.54093711509652,0.0992609442544871
6,LT,24,VIP-R,RT_Down_pro_R,0.0640105675555772,0.0467207904130318,0.110731357968609,0.00127222726768832,0.00134613585507366,4.55970196946049,0.100535348171844
6,LT,25,SPOC-R,RT_Down_pro_R,0.0531294213377609,0.090280793593666,0.143410214931427,0.00155254198192589,0.00164632108628606,4.54441380456008,0.0991953303860568
6,LT,26,S1-R,RT_Down_pro_R,0.0456109587639616,0.0866575272617898,0.132268486025751,0.0013249152779388,0.00140169753832759,4.55578517436811,0.0993160034887441
6,LT,27,M1-R,RT_Down_pro_R,0.0637602307051265,0.0682311934635804,0.131991424168707,0.00140382021082136,0.00148668085589962,4.551607723094,0.0996398489489115
6,LT,28,SMA-R,RT_Down_pro_R,0.0517812176857704,0.0963104244121349,0.148091642097905,0.00161615463138786,0.00171660917587767,4.54176593322357,0.0980979961750912
6,LT,29,PMd-R,RT_Down_pro_R,0.0495054235063497,0.040089034584659,0.0895944580910087,0.00115707142267727,0.00122746883333094,4.56594496080977,0.101573849987258
6,LT,30,PMv-R,RT_Down_pro_R,0.0673215146149864,0.0345322217101819,0.101853736325168,0.00121883937564722,0.00129872915968102,4.56156328203674,0.100505664574735
6,LT,31,FEF-R,RT_Down_pro_R,0.0648652711323324,0.0568016761689845,0.121666947301317,0.00144663089969641,0.00153917344773173,4.54973288330914,0.100192576307791
6,LT,32,POJ-R,RT_Down_pro_R,0.0678588060581677,0.0594598359678718,0.127318642026039,0.001340313816148,0.00141916569787581,4.555320847505,0.0990592737884588
7,NvA,1,V1-L,RT_Down_pro_R,0.0417971905763524,0.0621261836566429,0.103923374232995,0.0013385364628923,0.00147158645475355,4.77351192710721,0.169579738100734
7,NvA,2,V3-L,RT_Down_pro_R,0.0760039025019187,0.132554731503758,0.208558634005677,0.00165065420082693,0.0017959322808704,4.75633451453212,0.162749143509341
7,NvA,3,STS-L,RT_Down_pro_R,0.0851700229124222,0.0689256839380774,0.1540957068505,0.00162925540623434,0.00178205447455079,4.76042085278607,0.166934073976658
7,NvA,4,IPL-L,RT_Down_pro_R,0.0991511752475019,0.15895094281157,0.258102118059072,0.00226392961432113,0.00246837422526579,4.73382761015146,0.163246812074299
7,NvA,5,SPL-L,RT_Down_pro_R,0.092992912843067,0.147631749811269,0.240624662654336,0.00201122062025076,0.00219205498486824,4.74022052339303,0.160880999680252
7,NvA,6,AG-L,RT_Down_pro_R,0.0823535882265982,0.0415677504982909,0.123921338724889,0.00135595158241114,0.00147605272672379,4.77426254232612,0.167539287232638
7,NvA,7,mIPS-L,RT_Down_pro_R,0.123002981760099,0.0650258102772621,0.188028792037361,0.00184013608625561,0.00201635659605859,4.75003961651122,0.165572388687022
7,NvA,8,VIP-L,RT_Down_pro_R,0.140695994861027,0.123369877592334,0.26406587245336,0.0023685224160587,0.00257318411007968,4.72842075425963,0.160877264901762
7,NvA,9,SPOC-L,RT_Down_pro_R,0.123012492303271,0.0766363881930281,0.1996488804963,0.00179077944891171,0.00196685178857329,4.74912956418057,0.163812870241784
7,NvA,10,S1-L,RT_Down_pro_R,0.151608591870529,0.138438343316913,0.290046935187442,0.00235243048438028,0.00254919105174346,4.72830847208719,0.160596284227829
7,NvA,11,M1-L,RT_Down_pro_R,0.101122461712465,0.117534260315436,0.218656722027901,0.00223072411414934,0.00242545730225909,4.73593254273838,0.163174120167701
7,NvA,12,SMA-L,RT_Down_pro_R,0.0624220480029408,0.140340603461632,0.202762651464573,0.0019094044853682,0.00206897926815481,4.75050319575305,0.165370382561371
7,NvA,13,PMd-L,RT_Down_pro_R,0.05278996494986,0.0999264857421491,0.152716450692009,0.00155708245093676,0.0016926492699889,4.76287821377008,0.165477946599466
7,NvA,14,PMv-L,RT_Down_pro_R,0.0459207878123702,0.0654672383664745,0.111388026178845,0.00138643389888463,0.0015114117608587,4.77096784673099,0.169443552913372
7,NvA,15,FEF-L,RT_Down_pro_R,0.0930100539488989,0.0592763718998185,0.152286425848717,0.0014947294240198,0.00162110925036845,4.76667865399152,0.166940147835413
7,NvA,16,POJ-L,RT_Down_pro_R,0.0863718000476352,0.0593074670557001,0.145679267103335,0.00141944702080808,0.00154721533913308,4.76940004527632,0.16613653454784
7,NvA,17,V1-R,RT_Down_pro_R,0.0729669722328316,0.0577636285227953,0.130730600755627,0.00147056954690116,0.00160577575986146,4.76677335235144,0.168239912198709
7,NvA,18,V3-R,RT_Down_pro_R,0.0933383657742569,0.0731328314234854,0.166471197197742,0.00162229654443255,0.00176824068823199,4.7601605447699,0.165632954535149
7,NvA,19,STS-R,RT_Down_pro_R,0.0734500967683636,0.0703291417189375,0.143779238487301,0.00146556419123635,0.00159065724898498,4.76944074724618,0.16697925650092
7,NvA,20,IPL-R,RT_Down_pro_R,0.0920208160235577,0.16458610176731,0.256606917790867,0.0023531308394033,0.00257600264487601,4.72871665511587,0.161207763295535
7,NvA,21,SPL-R,RT_Down_pro_R,0.115792034890995,0.0861932087497191,0.201985243640714,0.00182903568539761,0.00197808567275184,4.75116621377712,0.164625931653863
7,NvA,22,AG-R,RT_Down_pro_R,0.0940463927786962,0.107368620362641,0.201415013141337,0.00179828238533113,0.00194250888556912,4.75375633456809,0.163460374911025
7,NvA,23,mIPS-R,RT_Down_pro_R,0.0777361462980636,0.034174374181364,0.111910520479428,0.00141469783693903,0.00153419689005201,4.77167472668786,0.169520881872693
7,NvA,24,VIP-R,RT_Down_pro_R,0.0906772982528511,0.177860457970686,0.268537756223537,0.00241508393749155,0.00263360131284474,4.72801809623158,0.163649387818385
7,NvA,25,SPOC-R,RT_Down_pro_R,0.165077616548278,0.154060782523738,0.319138399072016,0.00258896023689903,0.00281410472403333,4.72154668624221,0.15945561457181
7,NvA,26,S1-R,RT_Down_pro_R,0.105645349407269,0.0560592370487711,0.16170458645604,0.00179981643776182,0.00194878458739089,4.7549250837986,0.166553399994803
7,NvA,27,M1-R,RT_Down_pro_R,0.176322858027661,0.0762010203016591,0.25252387832932,0.00228222303916629,0.00246486838718327,4.73600904817546,0.163633913538075
7,NvA,28,SMA-R,RT_Down_pro_R,0.0356332270847914,0.13526060665968,0.170893833744472,0.00163693118023348,0.00176392339635669,4.7623648941789,0.167096757563789
7,NvA,29,PMd-R,RT_Down_pro_R,0.128312526646971,0.107435244246745,0.235747770893716,0.00220410597850451,0.00238911066888018,4.73690079302208,0.164020066754855
7,NvA,30,PMv-R,RT_Down_pro_R,0.0325553973209456,0.0674556722789232,0.100011069599869,0.00110929776767701,0.0012093981166306,4.78470867014594,0.16870541744897
7,NvA,31,FEF-R,RT_Down_pro_R,0.205219356473695,0.0940799340186027,0.299299290492297,0.0023889412118485,0.0025843692918615,4.73049163076444,0.159347818918073
7,NvA,32,POJ-R,RT_Down_pro_R,0.145641978364719,0.142821652255488,0.288463630620207,0.00239991771783391,0.00260791235848794,4.72851548281271,0.161032859296947
8,RR,1,V1-L,RT_Down_pro_R,0.0762400488533665,0.0334081924775906,0.109648241330957,0.00123595833488706,0.00134577667016166,4.66735317404689,0.148131474992945
8,RR,2,V3-L,RT_Down_pro_R,0.0715501303612742,0.0590340883846025,0.130584218745877,0.00141661764460518,0.00154222156237291,4.65803623385987,0.147877258860823
8,RR,3,STS-L,RT_Down_pro_R,0.0494443062239396,0.0560354918302147,0.105479798054154,0.00121702494558971,0.00132320880318341,4.66806921903621,0.147556206848823
8,RR,4,IPL-L,RT_Down_pro_R,0.0699515443277324,0.0599513723534474,0.12990291668118,0.00145566049465229,0.00157915603436697,4.65648116517445,0.14791121873994
8,RR,5,SPL-L,RT_Down_pro_R,0.0868181581461105,0.088120987331606,0.174939145477717,0.00166829366399272,0.00180868317034952,4.64368002239358,0.144640322666557
8,RR,6,AG-L,RT_Down_pro_R,0.101010313326413,0.0610089111443637,0.162019224470776,0.00148257818086471,0.00160206984542819,4.65513205375129,0.142749684393414
8,RR,7,mIPS-L,RT_Down_pro_R,0.0576394766206515,0.063950483180316,0.121589959800967,0.00141610349916054,0.00153512062566401,4.65725828660976,0.148093548916989
8,RR,8,VIP-L,RT_Down_pro_R,0.107962407096585,0.072984453880247,0.180946860976832,0.00167768903342414,0.00181805485046508,4.64346559049174,0.14580288369741
8,RR,9,SPOC-L,RT_Down_pro_R,0.07977818076703,0.0557502201061562,0.135528400873186,0.00131206155464793,0.00142663670513413,4.66119454441334,0.146537502154673
8,RR,10,S1-L,RT_Down_pro_R,0.0720744949791528,0.0860014459139281,0.158075940893081,0.00155032072264869,0.00167587245694396,4.65154091642196,0.146479493826365
8,RR,11,M1-L,RT_Down_pro_R,0.0818249200371541,0.09576025143654,0.177585171473694,0.00177529019010069,0.00191647811890019,4.64223673271627,0.145582409803781
8,RR,12,SMA-L,RT_Down_pro_R,0.061390048068532,0.130235582648733,0.191625630717265,0.00176424060731434,0.00191585130769532,4.64122432489782,0.143880353248488
8,RR,13,PMd-L,RT_Down_pro_R,0.0552885094318659,0.116514223259194,0.17180273269106,0.00161503423913852,0.00174514260973125,4.65003025785406,0.144336578890546
8,RR,14,PMv-L,RT_Down_pro_R,0.0525722069351439,0.0378754067583911,0.0904476136935351,0.0012162904055152,0.00131567510070369,4.66846486038378,0.149324419199436
8,RR,15,FEF-L,RT_Down_pro_R,0.0643437994461522,0.0662342252522632,0.130578024698415,0.00146335104316221,0.00158302662396175,4.65659545549955,0.147236297742679
8,RR,16,POJ-L,RT_Down_pro_R,0.0714544046184818,0.0552727277156694,0.126727132334151,0.00130946494430961,0.00142690224159447,4.6622491476722,0.147473250856532
8,RR,17,V1-R,RT_Down_pro_R,0.0612522226032198,0.0288689789632854,0.0901212015665052,0.00104397315623956,0.00113032827958122,4.67935014956365,0.148023066764913
8,RR,18,V3-R,RT_Down_pro_R,0.104142231753728,0.0999014974395121,0.20404372919324,0.00176501909540689,0.00192293143953515,4.63966915333717,0.141908184057481
8,RR,19,STS-R,RT_Down_pro_R,0.0987638529311675,0.0651666463742229,0.16393049930539,0.00175636752748806,0.00191656521191863,4.64281863068673,0.146966292726314
8,RR,20,IPL-R,RT_Down_pro_R,0.115809758679566,0.130015265756542,0.245825024436108,0.00217567216322642,0.00236638464460637,4.62464801646165,0.141834827053621
8,RR,21,SPL-R,RT_Down_pro_R,0.0682570506994312,0.135571816871251,0.203828867570683,0.00168403005251836,0.00182409880997027,4.64475728673954,0.142496599597188
8,RR,22,AG-R,RT_Down_pro_R,0.0608323110996409,0.120855349555037,0.181687660654678,0.00152244573598882,0.00164244661670697,4.65448314916214,0.143518295954974
8,RR,23,mIPS-R,RT_Down_pro_R,0.10786666334668,0.129109594798886,0.236976258145566,0.00194604480531391,0.00211107024297341,4.63051494217246,0.137563542047366
8,RR,24,VIP-R,RT_Down_pro_R,0.134732107423105,0.0996155911252833,0.234347698548388,0.00190007641815406,0.00206138543628417,4.63605439220433,0.141271046901962
8,RR,25,SPOC-R,RT_Down_pro_R,0.0983157831299377,0.0749103678060175,0.173226150935955,0.00166025563106058,0.00180543471895032,4.64742359958431,0.144865490499513
8,RR,26,S1-R,RT_Down_pro_R,0.102499303542248,0.131180404556356,0.233679708098604,0.00206731548087281,0.0022443595131383,4.62857899119783,0.142989298636564
8,RR,27,M1-R,RT_Down_pro_R,0.11246456185435,0.0732210327044303,0.18568559455878,0.00177105772269906,0.00192602040029383,4.64225098028786,0.144469553433403
8,RR,28,SMA-R,RT_Down_pro_R,0.0462743295006512,0.143372425771107,0.189646755271758,0.00172617298902727,0.0018770241306382,4.64365047973577,0.144994233589743
8,RR,29,PMd-R,RT_Down_pro_R,0.0987633257878472,0.167591208900522,0.266354534688369,0.00209945964213403,0.00228030596803452,4.62510555599396,0.139736458223794
8,RR,30,PMv-R,RT_Down_pro_R,0.10593927809729,0.0506053054921682,0.156544583589458,0.00146442049620387,0.00158969192842329,4.65765668832568,0.1458259646164
8,RR,31,FEF-R,RT_Down_pro_R,0.0942006042532758,0.0850044117354741,0.17920501598875,0.00150353615967467,0.00162508977626261,4.65492020821612,0.144473013064571
8,RR,32,POJ-R,RT_Down_pro_R,0.155897902534742,0.0522262749531063,0.208124177487848,0.00184104783637219,0.00201073671935487,4.63711609518721,0.143884886014311
9,SJB,1,V1-L,RT_Down_pro_R,0.0358780444163973,0.10992430625894,0.145802350675337,0.00134935861176104,0.00146045010719435,4.49323326688295,0.109306184658195
9,SJB,2,V3-L,RT_Down_pro_R,0.0686049801011714,0.13364503082648,0.202250010927652,0.00147074902400424,0.00157889788514643,4.48660993607945,0.104127152201459
9,SJB,3,STS-L,RT_Down_pro_R,0.0708750618828032,0.0433714391471935,0.114246501029997,0.00111321917500996,0.00120178881536495,4.50727180307115,0.110085091237756
9,SJB,4,IPL-L,RT_Down_pro_R,0.0967953960367003,0.0357272763667917,0.132522672403492,0.00129122279889767,0.00139149552779292,4.49817293854798,0.110659696050046
9,SJB,5,SPL-L,RT_Down_pro_R,0.0617122497132605,0.105193118400082,0.166905368113342,0.00164616634434155,0.00178118764697136,4.47919737935817,0.109023820273278
9,SJB,6,AG-L,RT_Down_pro_R,0.0572601816967247,0.0746561100585356,0.13191629175526,0.00147296538439741,0.00159352117778898,4.48759740061501,0.110817166325356
9,SJB,7,mIPS-L,RT_Down_pro_R,0.050585530522844,0.114631232499648,0.165216763022492,0.00146935505089662,0.00158478208861704,4.48825219867974,0.108191247191168
9,SJB,8,VIP-L,RT_Down_pro_R,0.0739982393232257,0.0745237641352972,0.148522003458523,0.00138016060608829,0.00148315991029275,4.4938729152729,0.109477053225391
9,SJB,9,SPOC-L,RT_Down_pro_R,0.0807163132615478,0.0697432193869028,0.150459532648451,0.00152060567231979,0.00164583479565608,4.48482623536375,0.109234451825056
9,SJB,10,S1-L,RT_Down_pro_R,0.0739054024534107,0.0367510661104408,0.110656468563852,0.00110047152603489,0.00118376921147739,4.50887159269719,0.110872801202862
9,SJB,11,M1-L,RT_Down_pro_R,0.0713669579102341,0.0555116678104493,0.126878625720683,0.00123403671126588,0.00133030560497446,4.50048697380001,0.110486977286773
9,SJB,12,SMA-L,RT_Down_pro_R,0.0468233184871527,0.10886039828639,0.155683716773542,0.00145369472521919,0.0015655906735532,4.48834102901567,0.109215264200329
9,SJB,13,PMd-L,RT_Down_pro_R,0.0578501657554629,0.077066695219493,0.134916860974956,0.00138583067351275,0.00149434151832504,4.49201465787996,0.109522289327298
9,SJB,14,PMv-L,RT_Down_pro_R,0.0498937102304279,0.0360043506368845,0.0858980608673124,0.00106313884520944,0.0011434019924058,4.51082495446473,0.112025979080508
9,SJB,15,FEF-L,RT_Down_pro_R,0.0807607090097439,0.0581014372299032,0.138862146239647,0.00145676326567498,0.00157570332165562,4.48780853748017,0.109254551644543
9,SJB,16,POJ-L,RT_Down_pro_R,0.0657183560443532,0.0678684589040933,0.133586814948447,0.00129041898512679,0.00139811693702834,4.49681804842158,0.110314307793942
9,SJB,17,V1-R,RT_Down_pro_R,0.0627716933009132,0.0937880017172271,0.15655969501814,0.00143333599083247,0.00154315212522752,4.48918937614846,0.108338054268104
9,SJB,18,V3-R,RT_Down_pro_R,0.0588725986124114,0.0471503147501405,0.106022913362552,0.0012308223580811,0.00132984585365341,4.50046660641332,0.111474254929836
9,SJB,19,STS-R,RT_Down_pro_R,0.0406604232860447,0.0446674171802857,0.0853278404663304,0.00101651362396964,0.00109578178121159,4.51340390528441,0.111664136023986
9,SJB,20,IPL-R,RT_Down_pro_R,0.0858170231748598,0.0685348990863184,0.154351922261178,0.00127979808021988,0.00137777343821729,4.49650659579838,0.107772952142725
9,SJB,21,SPL-R,RT_Down_pro_R,0.0715398107754267,0.0640645987989421,0.135604409574369,0.00123341286719987,0.00133088513347123,4.50018515879407,0.108715161119453
9,SJB,22,AG-R,RT_Down_pro_R,0.0911755622893204,0.0447820068851866,0.135957569174507,0.00129269212167414,0.00139687005152249,4.49675532101699,0.109959593265508
9,SJB,23,mIPS-R,RT_Down_pro_R,0.0500564047056967,0.0507814973175095,0.100837902023206,0.0011498170128959,0.00124478936223696,4.50520353455026,0.111083687362305
9,SJB,24,VIP-R,RT_Down_pro_R,0.0460398874074775,0.0768989842167887,0.122938871624266,0.00118579388905372,0.00127888759136766,4.50347801147229,0.110151515438258
9,SJB,25,SPOC-R,RT_Down_pro_R,0.0694504255490545,0.0705869855615818,0.140037411110636,0.001195487908228,0.00128132225626776,4.50293395088678,0.108925017568622
9,SJB,26,S1-R,RT_Down_pro_R,0.0852925075520285,0.0433960262502531,0.128688533802282,0.00117014767786221,0.00125929599308889,4.50384984413381,0.108592522563149
9,SJB,27,M1-R,RT_Down_pro_R,0.0648517830396088,0.0506429007261913,0.1154946837658,0.00115973153783358,0.00125328416183754,4.50463970465179,0.110393330895992
9,SJB,28,SMA-R,RT_Down_pro_R,0.10110797540241,0.0781410212625124,0.179248996664923,0.00159005868471209,0.00171264809260383,4.48145045507742,0.10745539217047
9,SJB,29,PMd-R,RT_Down_pro_R,0.0681110272484519,0.0550405783507565,0.123151605599208,0.00118650546166378,0.00128196928637013,4.50267022214938,0.110335350463276
9,SJB,30,PMv-R,RT_Down_pro_R,0.0744685990515066,0.074823381354883,0.14929198040639,0.00150697690560708,0.00162679594929883,4.48407582873225,0.108385939842264
9,SJB,31,FEF-R,RT_Down_pro_R,0.0597610716860415,0.0455190846014875,0.105280156287529,0.0010533269844046,0.00113181537076168,4.51056743583303,0.110548154504259
9,SJB,32,POJ-R,RT_Down_pro_R,0.0805306054472562,0.0428547460363794,0.123385351483636,0.00119976487341214,0.00129917441414405,4.5025504463623,0.110585106780975
10,BG,1,V1-L,RT_Down_pro_R,0.0552010721290494,0.0587205479055128,0.113921620034562,0.00132669299246976,0.00144112342505968,4.6238011138366,0.125815882662778
10,BG,2,V3-L,RT_Down_pro_R,0.0533994772550073,0.068341059448813,0.12174053670382,0.00140738330188352,0.00152912142340106,4.620922907765,0.125900284810792
10,BG,3,STS-L,RT_Down_pro_R,0.0704874024366926,0.0814961538269569,0.15198355626365,0.00162486249963608,0.00177001753674464,4.60914437373937,0.123884162109974
10,BG,4,IPL-L,RT_Down_pro_R,0.0463249084813295,0.0892671516687608,0.13559206015009,0.00151171959885457,0.00164664609401094,4.6154553537083,0.125139382059259
10,BG,5,SPL-L,RT_Down_pro_R,0.111918797244103,0.0517159015912525,0.163634698835356,0.00172884213532098,0.00187111023321388,4.60598415347867,0.124261201325144
10,BG,6,AG-L,RT_Down_pro_R,0.053094072875401,0.0488677859134973,0.101961858788898,0.00114784844912549,0.00124596345195902,4.63489605360302,0.124640662018336
10,BG,7,mIPS-L,RT_Down_pro_R,0.0593940706178134,0.0655430000076671,0.124937070625481,0.00145837094976584,0.00158012958527643,4.61942587319765,0.125159908149848
10,BG,8,VIP-L,RT_Down_pro_R,0.0592969567500517,0.125816090713568,0.18511304746362,0.00174886690454412,0.00190125960173968,4.60482339629417,0.122824745786885
10,BG,9,SPOC-L,RT_Down_pro_R,0.0684770094231852,0.0673253407843538,0.135802350207539,0.00142767900386458,0.00154160994428072,4.61951200049006,0.124238702529825
10,BG,10,S1-L,RT_Down_pro_R,0.140664022265539,0.103836015054446,0.244500037319985,0.00210955437838866,0.00227871466367466,4.58786790245987,0.117595019767992
10,BG,11,M1-L,RT_Down_pro_R,0.11404827040934,0.0734040784249826,0.187452348834323,0.0016420379667302,0.00177855403384218,4.61157141930477,0.122226891107989
10,BG,12,SMA-L,RT_Down_pro_R,0.047026769354007,0.0711284060248253,0.118155175378832,0.00136848359035729,0.0014838051836084,4.62319824536087,0.125959239591208
10,BG,13,PMd-L,RT_Down_pro_R,0.0545394652007113,0.0857795874091768,0.140319052609888,0.00130656345686783,0.00140896909300141,4.62683761293649,0.123805694859032
10,BG,14,PMv-L,RT_Down_pro_R,0.0567943904601821,0.0562625488698902,0.113056939330072,0.001340762988908,0.00145199318958447,4.62558950035273,0.125988787294617
10,BG,15,FEF-L,RT_Down_pro_R,0.0829144878364732,0.115242489297112,0.198156977133585,0.00186350842893037,0.00201683302071299,4.60168584884358,0.121967896715755
10,BG,16,POJ-L,RT_Down_pro_R,0.0649199134619689,0.045589983154436,0.110509896616405,0.00118045915344685,0.00128078639993098,4.63287472146558,0.125573568810789
10,BG,17,V1-R,RT_Down_pro_R,0.0722231907848995,0.0512530093899478,0.123476200174847,0.00140913728339357,0.00153295150937595,4.6212560803721,0.126075662692475
10,BG,18,V3-R,RT_Down_pro_R,0.054439898720846,0.0538621900427837,0.10830208876363,0.00130532670266814,0.00142023092844885,4.62607206531433,0.125564743618726
10,BG,19,STS-R,RT_Down_pro_R,0.0279364357422715,0.0374996054100042,0.0654360411522757,0.000855895700766349,0.000927858321616547,4.65160684848219,0.127805556576529
10,BG,20,IPL-R,RT_Down_pro_R,0.0647829354684215,0.0914333397379071,0.156216275206329,0.00159074356203363,0.00172767690477992,4.61205575628221,0.123771876996577
10,BG,21,SPL-R,RT_Down_pro_R,0.117210256665653,0.0716406443168509,0.188850900982504,0.00179222112652661,0.0019401811621211,4.60422529012586,0.121458291831351
10,BG,22,AG-R,RT_Down_pro_R,0.0543713477225913,0.0595784884584991,0.11394983618109,0.00130074793660936,0.00141452564421641,4.6261856481565,0.125624807213724
10,BG,23,mIPS-R,RT_Down_pro_R,0.106754878528873,0.0596074084036947,0.166362286932567,0.00166260194641624,0.00180762955242183,4.6078710606896,0.12289665354423
10,BG,24,VIP-R,RT_Down_pro_R,0.0698595984126919,0.117261653287902,0.187121251700594,0.00181896369770549,0.00197981352438711,4.60154408972519,0.122602684048463
10,BG,25,SPOC-R,RT_Down_pro_R,0.0933785468262267,0.100892247620497,0.194270794446723,0.00181941066041277,0.00196966361546047,4.60084084774419,0.120645449743911
10,BG,26,S1-R,RT_Down_pro_R,0.0669156864813033,0.110700863973374,0.177616550454678,0.00170881758544618,0.00184859096759997,4.60826509066207,0.122362139048899
10,BG,27,M1-R,RT_Down_pro_R,0.132045487615346,0.102989602656111,0.235035090271457,0.00200853050136933,0.00216373709239398,4.59293417593412,0.118947866246161
10,BG,28,SMA-R,RT_Down_pro_R,0.0849517832707712,0.0728261953348537,0.157777978605625,0.00169893850111697,0.00184160668445222,4.60895645965402,0.123836814468943
10,BG,29,PMd-R,RT_Down_pro_R,0.0682831191566597,0.104426910142016,0.172710029298676,0.0015206067947082,0.00164252481623781,4.6153606316896,0.12246290524088
10,BG,30,PMv-R,RT_Down_pro_R,0.0768092795481797,0.0794202964177415,0.156229575965921,0.00158045679310146,0.00171155938353059,4.61309754654377,0.12318303107992
10,BG,31,FEF-R,RT_Down_pro_R,0.118682399720358,0.0683676062115924,0.18705000593195,0.00163211131959748,0.00176805585393765,4.60969538745157,0.121268454692754
10,BG,32,POJ-R,RT_Down_pro_R,0.100838729381918,0.0578884587488375,0.158727188130755,0.00143840133061392,0.00156338046211024,4.62009115834037,0.123568164187905
1,DOC,1,V1-L,RT_Down_anti_L,0.0796737133628367,0.0512109894293332,0.13088470279217,0.00145101079145574,0.00153807660447658,4.63722853489089,0.108199161713101
1,DOC,2,V3-L,RT_Down_anti_L,0.0587495849456483,0.0579849848393721,0.11673456978502,0.00145189326953592,0.00154187469705588,4.6380922888633,0.109106638622379
1,DOC,3,STS-L,RT_Down_anti_L,0.0564668439209469,0.051735796937909,0.108202640858856,0.00138445835092949,0.00147325724194791,4.64112546801354,0.109485969664355
1,DOC,4,IPL-L,RT_Down_anti_L,0.122734081297136,0.0630289308601727,0.185763012157309,0.00168632409649462,0.00178764954025064,4.62673209788389,0.105724247509101
1,DOC,5,SPL-L,RT_Down_anti_L,0.0919732825231231,0.071963830571332,0.163937113094455,0.00171711665958159,0.00181420144229715,4.62662859548111,0.106924258632765
1,DOC,6,AG-L,RT_Down_anti_L,0.0820873794400731,0.0519410360785444,0.134028415518617,0.00148568890701528,0.00156601439153032,4.63737888519628,0.107862226440088
1,DOC,7,mIPS-L,RT_Down_anti_L,0.0988502952841569,0.0684802957679085,0.167330591052065,0.00172388107828801,0.0018212833347336,4.62560636009139,0.106724012507568
1,DOC,8,VIP-L,RT_Down_anti_L,0.185784086104292,0.0400526504663982,0.22583673657069,0.00171457473130308,0.00181053472711956,4.62635407117262,0.104939015484811
1,DOC,9,SPOC-L,RT_Down_anti_L,0.0877132885159145,0.0956406003514701,0.183353888867385,0.00167799915025384,0.00177553983912969,4.6265824765592,0.105534674456446
1,DOC,10,S1-L,RT_Down_anti_L,0.0959632536182664,0.113863488987539,0.209826742605805,0.00190644753417907,0.00202772021038137,4.61719421335663,0.104600946385176
1,DOC,11,M1-L,RT_Down_anti_L,0.0473311555960573,0.166285983182406,0.213617138778464,0.00171612682807801,0.00181871011829396,4.62503209443158,0.104928832323791
1,DOC,12,SMA-L,RT_Down_anti_L,0.0599961628056717,0.0853819350056018,0.145378097811273,0.00151629786595652,0.00159622483335211,4.63547713144019,0.10635395750733
1,DOC,13,PMd-L,RT_Down_anti_L,0.0997289560563173,0.0709923256606749,0.170721281716992,0.00170872733141564,0.001807940027474,4.62577975784165,0.105627035611288
1,DOC,14,PMv-L,RT_Down_anti_L,0.0641794993145148,0.0565783094589605,0.120757808773475,0.0014221172911835,0.00149765016785548,4.64088372595316,0.108687536715565
1,DOC,15,FEF-L,RT_Down_anti_L,0.115818241920226,0.0833310480126592,0.199149289932885,0.00202067487383365,0.00214448929026301,4.61182685911475,0.104871152701312
1,DOC,16,POJ-L,RT_Down_anti_L,0.0473089490242655,0.0657629583986213,0.113071907422887,0.00139450813339622,0.00147692855087106,4.64037709524989,0.109078391674745
1,DOC,17,V1-R,RT_Down_anti_L,0.04344155685799,0.0656490561469508,0.109090613004941,0.00127372523262951,0.00134730625875035,4.64794941454793,0.108573015297118
1,DOC,18,V3-R,RT_Down_anti_L,0.0451000672777433,0.0550963922888548,0.100196459566598,0.00118232485534624,0.00125366798224468,4.65238724346182,0.109283728275712
1,DOC,19,STS-R,RT_Down_anti_L,0.052420406771694,0.061399003213936,0.11381940998563,0.00134472591878791,0.00142562158144643,4.64197335692584,0.108908584514271
1,DOC,20,IPL-R,RT_Down_anti_L,0.0599940781930844,0.0607410844893614,0.120735162682446,0.00153967402890058,0.00163273709554593,4.63485653624466,0.109179922705987
1,DOC,21,SPL-R,RT_Down_anti_L,0.0652459451116637,0.0982459269029454,0.163491872014609,0.00185979455076251,0.001976493580768,4.61980504090275,0.10753453326138
1,DOC,22,AG-R,RT_Down_anti_L,0.0420656058675072,0.0785553930853391,0.120620998952846,0.00145010182647436,0.00153408779569296,4.63890898746346,0.109413763023487
1,DOC,23,mIPS-R,RT_Down_anti_L,0.0466125704598162,0.104396618757984,0.151009189217801,0.00163288986760498,0.00172963141590444,4.63018757533158,0.108466385890105
1,DOC,24,VIP-R,RT_Down_anti_L,0.0742309397463463,0.0889154277802264,0.163146367526573,0.00179043356505498,0.001893525491962,4.62385526228833,0.106374582358676
1,DOC,25,SPOC-R,RT_Down_anti_L,0.0423566326509171,0.0780038072693577,0.120360439920275,0.00139915699496449,0.00148188487689229,4.64102360992667,0.108559326584353
1,DOC,26,S1-R,RT_Down_anti_L,0.0954001867977846,0.0748160694698877,0.170216256267672,0.00180217653528963,0.0019049605245499,4.62191200383091,0.106392080116864
1,DOC,27,M1-R,RT_Down_anti_L,0.0976107041539206,0.0964031920592754,0.194013896213196,0.00193860643732161,0.00204880277513523,4.61602145166958,0.105164971580378
1,DOC,28,SMA-R,RT_Down_anti_L,0.0558977152873609,0.0752614144845594,0.13115912977192,0.00152255652749152,0.00160922232195448,4.63659181671832,0.107652284665306
1,DOC,29,PMd-R,RT_Down_anti_L,0.0464064876007158,0.0640944032207567,0.110500890821473,0.001363398289272,0.0014423786338369,4.64324283461035,0.109353952225049
1,DOC,30,PMv-R,RT_Down_anti_L,0.0510108253670082,0.0416464551850508,0.092657280552059,0.00124961453966398,0.0013219279020298,4.64946909719896,0.109726646117906
1,DOC,31,FEF-R,RT_Down_anti_L,0.0902769808617532,0.0462015830355001,0.136478563897253,0.00156664165339528,0.00166114905555837,4.63239044712385,0.108280161415568
1,DOC,32,POJ-R,RT_Down_anti_L,0.0499643621042889,0.0687328474401529,0.118697209544442,0.00144149753310968,0.00152559456092006,4.63913222628039,0.109175745248897
2,GB,1,V1-L,RT_Down_anti_L,0.0711266399523732,0.0334466486671229,0.104573288619496,0.00112975683627734,0.00122468863415997,4.65603519373217,0.137324795725907
2,GB,2,V3-L,RT_Down_anti_L,0.0579230908811432,0.0406871278079966,0.0986102186891398,0.00116835154868841,0.00127293830292359,4.65467216389429,0.138146553373754
2,GB,3,STS-L,RT_Down_anti_L,0.0462968934253056,0.041818540594925,0.0881154340202307,0.000984368464702203,0.00106111600641445,4.66618609206405,0.137544671371866
2,GB,4,IPL-L,RT_Down_anti_L,0.127698763416821,0.0965548853746118,0.224253648791433,0.0017986463896765,0.00193836265658774,4.62182095681322,0.130768982139903
2,GB,5,SPL-L,RT_Down_anti_L,0.103014751428024,0.0551051142654308,0.158119865693455,0.00166213256166963,0.00179831864017612,4.63189961318799,0.136047927417372
2,GB,6,AG-L,RT_Down_anti_L,0.0542748690101037,0.0772792604820215,0.131554129492125,0.00133201836658613,0.00142778604096146,4.64862128001574,0.135845388614477
2,GB,7,mIPS-L,RT_Down_anti_L,0.106783979666395,0.0652010458191904,0.171985025485586,0.00171651862542778,0.00184315063849054,4.6307261715012,0.135743463584646
2,GB,8,VIP-L,RT_Down_anti_L,0.120185749447992,0.0954114900190924,0.215597239467084,0.00172849297783478,0.00185369751904631,4.62636626926983,0.132376187826755
2,GB,9,SPOC-L,RT_Down_anti_L,0.128372221060488,0.118311802529677,0.246684023590165,0.00222940552053911,0.00240347172755351,4.60543391995892,0.129379409760302
2,GB,10,S1-L,RT_Down_anti_L,0.0789742491183141,0.085548529638834,0.164522778757148,0.00176548092048366,0.0018959344470944,4.62779277887913,0.135957132602829
2,GB,11,M1-L,RT_Down_anti_L,0.0694666605301683,0.148243234943223,0.217709895473391,0.00207289117436083,0.0022223489077132,4.61529159568521,0.132039531502871
2,GB,12,SMA-L,RT_Down_anti_L,0.0633858364049999,0.0693767865837174,0.132762622988717,0.00149886665363527,0.00161321987947706,4.63999660664782,0.136118062833916
2,GB,13,PMd-L,RT_Down_anti_L,0.106083939945499,0.104959009385735,0.211042949331234,0.00188963083913939,0.00203555794838244,4.62005520918641,0.131687949230103
2,GB,14,PMv-L,RT_Down_anti_L,0.0622730772124344,0.0397234856920738,0.101996562904508,0.00119252799130673,0.00128534467103157,4.65507193889183,0.136939402866097
2,GB,15,FEF-L,RT_Down_anti_L,0.119284860558402,0.0883183207200748,0.207603181278477,0.00195100333628011,0.00211242115793059,4.6173064125184,0.132010077964734
2,GB,16,POJ-L,RT_Down_anti_L,0.0624559028704259,0.142463946158087,0.204919849028513,0.00184320523089124,0.00198577008970315,4.62300019293206,0.133967742510241
2,GB,17,V1-R,RT_Down_anti_L,0.0484403476790689,0.0596614417958066,0.108101789474876,0.00124906484323515,0.00134840585792659,4.65148953316719,0.137480376366169
2,GB,18,V3-R,RT_Down_anti_L,0.0701592067324335,0.083965793594057,0.15412500032649,0.00150048675524568,0.00161594942206822,4.63780665330339,0.134430352127068
2,GB,19,STS-R,RT_Down_anti_L,0.0596058055983839,0.0561706626180975,0.115776468216481,0.00127743472180789,0.00137026144574221,4.65056962329487,0.136434293913587
2,GB,20,IPL-R,RT_Down_anti_L,0.0913090021039773,0.0991514236819173,0.190460425785895,0.00188241511667298,0.00202686643213744,4.62204801443731,0.133942410179225
2,GB,21,SPL-R,RT_Down_anti_L,0.0783460458665551,0.146304696268777,0.224650742135332,0.00199538267280696,0.00214798439558016,4.61705733696543,0.132953559274609
2,GB,22,AG-R,RT_Down_anti_L,0.081233576098493,0.0885574548437723,0.169791030942265,0.00172695562171247,0.00187024765890746,4.62693256880237,0.135451747242281
2,GB,23,mIPS-R,RT_Down_anti_L,0.116003638278235,0.0376214605703375,0.153625098848573,0.00151291725086001,0.00163697863968121,4.63841366509272,0.13647901419916
2,GB,24,VIP-R,RT_Down_anti_L,0.0877719672114056,0.115391741431282,0.203163708642688,0.00186542117312943,0.00200083086364058,4.62230704096083,0.1323846325355
2,GB,25,SPOC-R,RT_Down_anti_L,0.0528064844381246,0.0758650124823698,0.128671496920494,0.0013220091303823,0.00141823898331667,4.64863457884401,0.135314154895178
2,GB,26,S1-R,RT_Down_anti_L,0.139696222697039,0.072390113323309,0.212086336020348,0.00184354502791853,0.00197733402103936,4.62420949169489,0.133546927175325
2,GB,27,M1-R,RT_Down_anti_L,0.0885155559361811,0.102412527873503,0.190928083809684,0.00186441852699964,0.0020121205689916,4.62176083923593,0.13304918145502
2,GB,28,SMA-R,RT_Down_anti_L,0.0536460059339771,0.0752443118278851,0.128890317761862,0.0013094731727914,0.00140686641614278,4.64983238479461,0.135409416502968
2,GB,29,PMd-R,RT_Down_anti_L,0.0832672233500074,0.0665045348907648,0.149771758240772,0.00156230973190656,0.00168580051720116,4.63536470986399,0.134759323360006
2,GB,30,PMv-R,RT_Down_anti_L,0.0548674203582664,0.0645686773676974,0.119436097725964,0.00150243537484096,0.00162971032461715,4.63850961394238,0.137788333802803
2,GB,31,FEF-R,RT_Down_anti_L,0.0582401144210224,0.0633918630100983,0.121631977431121,0.00137761544704059,0.00148727939214305,4.64495890163653,0.13664338254925
2,GB,32,POJ-R,RT_Down_anti_L,0.0442235977821225,0.0760827551526946,0.120306352934817,0.00127380296656132,0.00137594577555949,4.64976073676956,0.137502884159625
3,JDC,1,V1-L,RT_Down_anti_L,0.0970910131965226,0.0665758544789794,0.163666867675502,0.00156949444030994,0.00168481726228273,4.77431364031929,0.157971993427134
3,JDC,2,V3-L,RT_Down_anti_L,0.0743030574219856,0.0796429166963395,0.153945974118325,0.00169199089511801,0.00182064259598414,4.77066039233251,0.15931642026685
3,JDC,3,STS-L,RT_Down_anti_L,0.077177888434242,0.0989685404332546,0.176146428867497,0.00178696172134691,0.00190740106227528,4.76573305945641,0.158029111183979
3,JDC,4,IPL-L,RT_Down_anti_L,0.0914460025788435,0.0579562053247971,0.149402207903641,0.00171499035997667,0.00183817487260298,4.76781356585993,0.161538144072082
3,JDC,5,SPL-L,RT_Down_anti_L,0.127100636728653,0.0773429776254472,0.2044436143541,0.00201761607233095,0.00217485623948139,4.75538891845031,0.156923482248533
3,JDC,6,AG-L,RT_Down_anti_L,0.065557868983786,0.0799713308003005,0.145529199784086,0.00159095505403377,0.00171024841848447,4.77367375363379,0.159671935791922
3,JDC,7,mIPS-L,RT_Down_anti_L,0.10479769160406,0.0632896701775294,0.168087361781589,0.00185596355331513,0.00199959837847147,4.76348441449079,0.158980325384325
3,JDC,8,VIP-L,RT_Down_anti_L,0.105362000369641,0.0702865589675989,0.17564855933724,0.00194541908817307,0.00209306211705423,4.75773057991624,0.159478645847637
3,JDC,9,SPOC-L,RT_Down_anti_L,0.139906171345964,0.270531593536994,0.410437764882958,0.00271037956518916,0.00289665273797621,4.72699409567243,0.13793671559308
3,JDC,10,S1-L,RT_Down_anti_L,0.105343635350814,0.0942465718957558,0.19959020724657,0.00211008897604068,0.00226796974049977,4.75153899891618,0.157772528802852
3,JDC,11,M1-L,RT_Down_anti_L,0.0677206053169826,0.0992208318600542,0.166941437177037,0.00186512569604015,0.00200322956273266,4.76222216626776,0.160709642752861
3,JDC,12,SMA-L,RT_Down_anti_L,0.0549874167468462,0.0912320659874328,0.146219482734279,0.00173508621253948,0.00186589950426732,4.76756666244872,0.161564311149255
3,JDC,13,PMd-L,RT_Down_anti_L,0.0755124321247001,0.0591800150838233,0.134692447208523,0.00176787962558657,0.0019099854997448,4.76554275859848,0.16241832454739
3,JDC,14,PMv-L,RT_Down_anti_L,0.0689382509104446,0.0486147287236708,0.117552979634115,0.00146585231837168,0.00157223150824068,4.77969395950154,0.162607023473936
3,JDC,15,FEF-L,RT_Down_anti_L,0.0624471757559106,0.0531642345918946,0.115611410347805,0.00139283908473384,0.00149302313326866,4.78355535771917,0.160296649176703
3,JDC,16,POJ-L,RT_Down_anti_L,0.118544025859529,0.110603874085611,0.229147899945141,0.0020581581815304,0.00221668948593368,4.7550839456998,0.154757623347512
3,JDC,17,V1-R,RT_Down_anti_L,0.0695796273614298,0.103605946981626,0.173185574343056,0.00191373403207746,0.0020688053476667,4.76107745375418,0.159917447802397
3,JDC,18,V3-R,RT_Down_anti_L,0.160609374493796,0.132180270750216,0.292789645244012,0.002543666189686,0.00273525452839904,4.73590947608798,0.153781967381313
3,JDC,19,STS-R,RT_Down_anti_L,0.0588584537208661,0.0275320167431674,0.0863904704640335,0.00115970855789226,0.00124784407632187,4.79596832035393,0.164091893639851
3,JDC,20,IPL-R,RT_Down_anti_L,0.0481029706400656,0.140585191382178,0.188688162022244,0.00172891833577736,0.0018659971307793,4.7677054101557,0.158842263905544
3,JDC,21,SPL-R,RT_Down_anti_L,0.0892689534686224,0.158072043968062,0.247340997436685,0.00203852862982011,0.00219303000731552,4.75692548610373,0.154385271629654
3,JDC,22,AG-R,RT_Down_anti_L,0.160343120926904,0.0690625780849256,0.229405699011829,0.00212805142005209,0.00229106376655933,4.7514510746365,0.157341684992113
3,JDC,23,mIPS-R,RT_Down_anti_L,0.14492398489952,0.0618924710650347,0.206816455964555,0.00183120776167982,0.00196476836965713,4.76584923437764,0.158170447038605
3,JDC,24,VIP-R,RT_Down_anti_L,0.0990409495718819,0.12289898238187,0.221939931953752,0.00217351263204394,0.00235262828065046,4.75079123386787,0.156626701916968
3,JDC,25,SPOC-R,RT_Down_anti_L,0.0914195792333996,0.154901564450273,0.246321143683672,0.00219395745192733,0.00235657503538779,4.74765282722434,0.154623095804676
3,JDC,26,S1-R,RT_Down_anti_L,0.0733216231331074,0.0683164541496016,0.141638077282709,0.00163697896534429,0.00176325537699531,4.77322069084191,0.159383184157641
3,JDC,27,M1-R,RT_Down_anti_L,0.0663150866902243,0.0513899825736666,0.117705069263891,0.00135174186365826,0.00145000394486472,4.78572619519449,0.160898971163901
3,JDC,28,SMA-R,RT_Down_anti_L,0.0505921237505568,0.0951607671226925,0.145752890873249,0.00159535263997982,0.00171637540598027,4.77232755706826,0.158242993066815
3,JDC,29,PMd-R,RT_Down_anti_L,0.107988427983942,0.105391979691633,0.213380407675575,0.00198605201240855,0.00212884341886658,4.75530983479942,0.150512126803357
3,JDC,30,PMv-R,RT_Down_anti_L,0.0647520065829949,0.0882238018426069,0.152975808425602,0.00179653057544064,0.00194449705807134,4.76418647312686,0.161118780356084
3,JDC,31,FEF-R,RT_Down_anti_L,0.133972867992599,0.085691759849479,0.219664627842078,0.00224392483948362,0.00241347618880194,4.74676304622761,0.156330076501477
3,JDC,32,POJ-R,RT_Down_anti_L,0.156974973548664,0.126566215420981,0.283541188969644,0.00227780339674263,0.00245206366649738,4.74526598318425,0.151170177229232
4,JFXD,1,V1-L,RT_Down_anti_L,0.0684121000258299,0.0490703521515257,0.117482452177356,0.00147195139659031,0.00155056889343623,4.67956679601113,0.114696506995534
4,JFXD,2,V3-L,RT_Down_anti_L,0.0771740150421098,0.0263646219047717,0.103538636946882,0.00133051175617646,0.0014083486374776,4.68516692289208,0.115567742662015
4,JFXD,3,STS-L,RT_Down_anti_L,0.0918565314201389,0.044545935736466,0.136402467156605,0.00153628970101572,0.00162149209513746,4.67703918795835,0.113763010679948
4,JFXD,4,IPL-L,RT_Down_anti_L,0.0939659700446483,0.0372642925465033,0.131230262591152,0.00145665950520784,0.00152985319167042,4.6805022814321,0.113105020108832
4,JFXD,5,SPL-L,RT_Down_anti_L,0.127904780273147,0.051236989933167,0.179141770206314,0.00185497217945073,0.00194953220779631,4.66340605582955,0.112342436094598
4,JFXD,6,AG-L,RT_Down_anti_L,0.051836964480157,0.0734327257088486,0.125269690189006,0.00153754081797168,0.00162059281268058,4.67737863838416,0.114090270151004
4,JFXD,7,mIPS-L,RT_Down_anti_L,0.104729535349283,0.0596228679920969,0.16435240334138,0.00179142949959575,0.00188398568036304,4.6668248111194,0.112759428562859
4,JFXD,8,VIP-L,RT_Down_anti_L,0.0948545032667627,0.0419947460622572,0.13684924932902,0.00158777268044832,0.0016696770817179,4.67497205175855,0.113900643701669
4,JFXD,9,SPOC-L,RT_Down_anti_L,0.119842024071177,0.0473254116462856,0.167167435717462,0.00169804318296502,0.00179015339922162,4.67024811281293,0.111722907330513
4,JFXD,10,S1-L,RT_Down_anti_L,0.0532291356032998,0.0416384855831182,0.094867621186418,0.00134460669785641,0.00141429021829189,4.68696369013153,0.115293055736153
4,JFXD,11,M1-L,RT_Down_anti_L,0.064256837998882,0.0323170670286134,0.0965739050274953,0.001304985781778,0.0013729037109268,4.68873228040542,0.114414393876764
4,JFXD,12,SMA-L,RT_Down_anti_L,0.0315058103727529,0.108379870452085,0.139885680824838,0.00153112169074435,0.00161205997799365,4.67639458535554,0.113473214405918
4,JFXD,13,PMd-L,RT_Down_anti_L,0.0450381475018435,0.0393275666476784,0.084365714149522,0.00109963962515259,0.00115340671345799,4.70061742252725,0.114219641290416
4,JFXD,14,PMv-L,RT_Down_anti_L,0.147087939947873,0.071531669104426,0.218619609052299,0.00192141805474269,0.00201402906794549,4.6603745993134,0.10804070359202
4,JFXD,15,FEF-L,RT_Down_anti_L,0.107137467175917,0.178178870868949,0.285316338044865,0.00241217206123942,0.002545467690777,4.63694311396411,0.10463162051617
4,JFXD,16,POJ-L,RT_Down_anti_L,0.109639256243711,0.0363824834308828,0.146021739674594,0.00165542798336374,0.0017445417997419,4.67148930673189,0.114146575673718
4,JFXD,17,V1-R,RT_Down_anti_L,0.0587873330175,0.0605471443443846,0.119334477361885,0.00147279179204661,0.00155394685516841,4.67903247025504,0.113880929656758
4,JFXD,18,V3-R,RT_Down_anti_L,0.0677647130223447,0.0887587902581257,0.15652350328047,0.00176444795964629,0.00186404439039763,4.66488111141624,0.112288580237586
4,JFXD,19,STS-R,RT_Down_anti_L,0.147090682411362,0.0840235285819874,0.231114210993349,0.0021113769595523,0.00220926757594954,4.65257231645742,0.106961683870923
4,JFXD,20,IPL-R,RT_Down_anti_L,0.0597637331227666,0.146069508734114,0.20583324185688,0.00203942968228432,0.00214798480059331,4.65529085213787,0.110625733613739
4,JFXD,21,SPL-R,RT_Down_anti_L,0.0428284817950408,0.0740193983813197,0.116847880176361,0.00141766945367496,0.00149127940365152,4.68295135169801,0.114803123356624
4,JFXD,22,AG-R,RT_Down_anti_L,0.0435194522647575,0.0829272869306161,0.126446739195374,0.00151096043633409,0.00159159597774059,4.67885496517748,0.113055885388308
4,JFXD,23,mIPS-R,RT_Down_anti_L,0.0376613222388711,0.0616454171017519,0.099306739340623,0.00126557985626434,0.00133174266879891,4.6904894742305,0.115079346343252
4,JFXD,24,VIP-R,RT_Down_anti_L,0.0427046574290318,0.139886415447431,0.182591072876463,0.00180442334203516,0.00189849748837028,4.66512373752046,0.112402538049129
4,JFXD,25,SPOC-R,RT_Down_anti_L,0.086015587888727,0.0727624840418153,0.158778071930542,0.00176128155596939,0.00185607052330338,4.66646954597966,0.113126759421275
4,JFXD,26,S1-R,RT_Down_anti_L,0.0520880939120606,0.116870040541657,0.168958134453717,0.00195372554182056,0.00206463898230881,4.65695377723084,0.11169088073871
4,JFXD,27,M1-R,RT_Down_anti_L,0.0599272163954076,0.0930944663618491,0.153021682757257,0.00177573574255974,0.00187450996155839,4.66509252644674,0.113398593011476
4,JFXD,28,SMA-R,RT_Down_anti_L,0.0390799921431959,0.106105153769432,0.145185145912628,0.00165602768137179,0.00174385017242712,4.67175899475711,0.113197181285288
4,JFXD,29,PMd-R,RT_Down_anti_L,0.0526428460073579,0.0852185218393008,0.137861367846659,0.00161776570088238,0.00170495314102334,4.67303794972721,0.11390046721876
4,JFXD,30,PMv-R,RT_Down_anti_L,0.130597603941837,0.140568608538529,0.271166212480366,0.00244204044798956,0.00257401823794969,4.63723296348485,0.10489494384809
4,JFXD,31,FEF-R,RT_Down_anti_L,0.0864089608594885,0.0872365134918689,0.173645474351357,0.00191217937685287,0.0020156801249461,4.66115219039138,0.112578133718677
4,JFXD,32,POJ-R,RT_Down_anti_L,0.0713054514079488,0.088309911513373,0.159615362921322,0.00163313640892387,0.00171434061015351,4.67259855639839,0.111606862025334
5,JZ,1,V1-L,RT_Down_anti_L,0.118996837585484,0.0378346622714721,0.156831499856956,0.00142457909757005,0.00154383200494269,4.57890212540264,0.123113050945977
5,JZ,2,V3-L,RT_Down_anti_L,0.0949866227967544,0.0506235715597793,0.145610194356534,0.00147706556120942,0.00160472568539802,4.5766414805115,0.123164757539721
5,JZ,3,STS-L,RT_Down_anti_L,0.0742235820906671,0.0840959767872124,0.158319558877879,0.00149978488737593,0.00162028345979496,4.57517182855983,0.122108111485204
5,JZ,4,IPL-L,RT_Down_anti_L,0.0488976590462567,0.0966916497681187,0.145589308814375,0.00153845106586266,0.00167132161860051,4.57423852544107,0.12425455686413
5,JZ,5,SPL-L,RT_Down_anti_L,0.0716284107309054,0.077702163194342,0.149330573925247,0.00154563159787461,0.00167549721869174,4.57378457064201,0.124472871428331
5,JZ,6,AG-L,RT_Down_anti_L,0.072088171174886,0.0680940657412219,0.140182236916108,0.00117195385020943,0.00126425203467656,4.59315698279576,0.122552214131466
5,JZ,7,mIPS-L,RT_Down_anti_L,0.0707159603509443,0.0573920029156177,0.128107963266562,0.00133705029807047,0.00144516216260415,4.58317269635079,0.123362897207151
5,JZ,8,VIP-L,RT_Down_anti_L,0.0800927134994519,0.0801822271015492,0.160274940601001,0.00152659769982758,0.00164224478598413,4.574762120474,0.122205269338542
5,JZ,9,SPOC-L,RT_Down_anti_L,0.0520124867469225,0.0913979290909627,0.143410415837885,0.00155568313444313,0.00168765439960669,4.57280734083544,0.124805660595796
5,JZ,10,S1-L,RT_Down_anti_L,0.105687534406994,0.119842961434404,0.225530495841398,0.00181102468294167,0.00195566863129845,4.5600673535011,0.116739562905995
5,JZ,11,M1-L,RT_Down_anti_L,0.0738126083398622,0.117177464012881,0.190990072352743,0.00170949977210059,0.00185539056096091,4.56533288915521,0.12114524293835
5,JZ,12,SMA-L,RT_Down_anti_L,0.0539619400793524,0.0958802512635282,0.149842191342881,0.00143923013812903,0.00155120714586073,4.57926096657869,0.124234728147371
5,JZ,13,PMd-L,RT_Down_anti_L,0.0950960540160591,0.0584627170124518,0.153558771028511,0.0015421734901501,0.00166597377028369,4.57395595978375,0.124311102719174
5,JZ,14,PMv-L,RT_Down_anti_L,0.0427701021375258,0.0608011616029828,0.103571263740509,0.00118091498269879,0.00128073146726576,4.59222961048222,0.125759439273232
5,JZ,15,FEF-L,RT_Down_anti_L,0.0546337208654452,0.081922977217939,0.136556698083384,0.00140078607580014,0.00152024723956127,4.58061321682433,0.124156564771715
5,JZ,16,POJ-L,RT_Down_anti_L,0.0622712464505614,0.0863333230296046,0.148604569480166,0.00135960043665268,0.00146427148982531,4.58219524347555,0.121299263621433
5,JZ,17,V1-R,RT_Down_anti_L,0.0897256840395851,0.0575159832516834,0.147241667291268,0.00151195582247606,0.00164151223963237,4.57484295225006,0.12464242555284
5,JZ,18,V3-R,RT_Down_anti_L,0.0925730439259323,0.0282215173057969,0.120794561231729,0.00125430778709853,0.00135195648242665,4.58863161949947,0.125723448695677
5,JZ,19,STS-R,RT_Down_anti_L,0.0786503007590479,0.069721223544867,0.148371524303915,0.00160786096089815,0.00174646892614248,4.56844539301924,0.124797726440516
5,JZ,20,IPL-R,RT_Down_anti_L,0.0519733704679352,0.0579473363560497,0.109920706823985,0.00123144769571841,0.00133211741318174,4.58907730082154,0.126802621669198
5,JZ,21,SPL-R,RT_Down_anti_L,0.0797854390381173,0.152424947117584,0.232210386155701,0.00201386168682032,0.00217957323498446,4.54787268532968,0.118060428989986
5,JZ,22,AG-R,RT_Down_anti_L,0.072587778053962,0.0905155438006776,0.16310332185464,0.00154124101643448,0.00165933580555744,4.57355452598486,0.124203469937026
5,JZ,23,mIPS-R,RT_Down_anti_L,0.0646062475386282,0.103088518608374,0.167694766147002,0.00164428477480564,0.00178072267114563,4.56818150844566,0.123942181406952
5,JZ,24,VIP-R,RT_Down_anti_L,0.0596509729060817,0.0553665517139293,0.115017524620011,0.00129867596870781,0.00140560566034811,4.58577245191941,0.126537731016525
5,JZ,25,SPOC-R,RT_Down_anti_L,0.0811092992167691,0.0697841257447225,0.150893424961492,0.0013807785488514,0.00148622116393211,4.58181571825189,0.123563979023394
5,JZ,26,S1-R,RT_Down_anti_L,0.114253235390004,0.0397010687151692,0.153954304105173,0.00149973251360355,0.00162441048748614,4.57455706539377,0.123850285999567
5,JZ,27,M1-R,RT_Down_anti_L,0.0660973259049938,0.0480716245339151,0.114168950438909,0.00116858725000443,0.00125750628321998,4.59401697782357,0.124851897148698
5,JZ,28,SMA-R,RT_Down_anti_L,0.0689340101840625,0.0679620521591452,0.136896062343208,0.00141179741139189,0.00152753115703608,4.58075381807042,0.124452088027499
5,JZ,29,PMd-R,RT_Down_anti_L,0.0724588357376531,0.109134551921779,0.181593387659432,0.00169293164518202,0.00182256097850794,4.56637707603985,0.121940118466594
5,JZ,30,PMv-R,RT_Down_anti_L,0.0846305186042599,0.0462621435069909,0.130892662111251,0.00127016989866851,0.00136658398753251,4.58732049783742,0.124925945305163
5,JZ,31,FEF-R,RT_Down_anti_L,0.0742031249933262,0.0575471853952975,0.131750310388624,0.00128247360576227,0.00138015708831533,4.58662652649714,0.124294606874815
5,JZ,32,POJ-R,RT_Down_anti_L,0.0658057615801306,0.0712211209785126,0.137026882558643,0.00125658542422922,0.00135574998328149,4.58781635017275,0.124457670854126
6,LT,1,V1-L,RT_Down_anti_L,0.0645535176946973,0.036161472065278,0.100714989759975,0.00101321982646445,0.00108805481569055,4.49503274070768,0.0972462353159606
6,LT,2,V3-L,RT_Down_anti_L,0.0310460709844524,0.0372514627890304,0.0682975337734827,0.000859722084791065,0.000925540433882818,4.50626987568057,0.0983423979382217
6,LT,3,STS-L,RT_Down_anti_L,0.0823298599670974,0.0632608153804016,0.145590675347499,0.00136672042547796,0.00146783807181299,4.47441868509924,0.0925646935851902
6,LT,4,IPL-L,RT_Down_anti_L,0.0666989049997376,0.0679139663105421,0.13461287131028,0.00131634554140437,0.00141034723156027,4.48055505946816,0.0956089206186693
6,LT,5,SPL-L,RT_Down_anti_L,0.0376039207205648,0.0795558942984649,0.11715981501903,0.00132350656692833,0.00142481189652853,4.47805396396449,0.0974086191963565
6,LT,6,AG-L,RT_Down_anti_L,0.0516743461241781,0.0590069597542038,0.110681305878382,0.00125460174237217,0.00134423638938628,4.48313130817809,0.0972937677414979
6,LT,7,mIPS-L,RT_Down_anti_L,0.0429552671479498,0.0646623599201901,0.10761762706814,0.00131081353871317,0.0014119902892302,4.4787629331495,0.0978239910092373
6,LT,8,VIP-L,RT_Down_anti_L,0.13033875552784,0.0632658831745223,0.193604638702363,0.00162659345222502,0.00174198439925879,4.46379394195206,0.09348532831639
6,LT,9,SPOC-L,RT_Down_anti_L,0.0683587444042392,0.0344522763968787,0.102811020801118,0.00115877072828327,0.00124046641839561,4.48752362611905,0.0977558481218115
6,LT,10,S1-L,RT_Down_anti_L,0.0479496360787413,0.124513276024652,0.172462912103393,0.001307506851238,0.00139800971479628,4.48039150367959,0.0943521141164219
6,LT,11,M1-L,RT_Down_anti_L,0.0743801523832861,0.0723887255174708,0.146768877900757,0.00151243470367873,0.00162593092187524,4.47006182194216,0.0955527257625109
6,LT,12,SMA-L,RT_Down_anti_L,0.0675185266239269,0.0701446533515756,0.137663179975503,0.00152483531855634,0.00163786438958587,4.46921453940215,0.0962437661877587
6,LT,13,PMd-L,RT_Down_anti_L,0.0429147766750684,0.0934576601078879,0.136372436782956,0.0013431379396381,0.00144111112729785,4.47599069600312,0.0963632981811712
6,LT,14,PMv-L,RT_Down_anti_L,0.0393055009254352,0.0231887581720743,0.0624942590975094,0.000853997644205975,0.000914914443503548,4.50728060321532,0.0991186542518745
6,LT,15,FEF-L,RT_Down_anti_L,0.138471855773582,0.0972031519206982,0.23567500769428,0.00169613997961431,0.00180777779623348,4.45831179887429,0.0892136855537927
6,LT,16,POJ-L,RT_Down_anti_L,0.0348203550645061,0.0333778014842219,0.068198156548728,0.000870436160941728,0.000933650008884298,4.50568743351499,0.0989944209898555
6,LT,17,V1-R,RT_Down_anti_L,0.0597711697656,0.0744268880518386,0.134198057817439,0.00123331193396276,0.0013221316181688,4.48167338490008,0.0939902159609492
6,LT,18,V3-R,RT_Down_anti_L,0.0394464683286038,0.0653000846727746,0.104746553001378,0.00116574128667798,0.00124948174936517,4.48758675336799,0.0973053542139456
6,LT,19,STS-R,RT_Down_anti_L,0.0499286494589864,0.0564389274520323,0.106367576911019,0.00119746967600162,0.00128766672495713,4.48508433949291,0.0965204894110967
6,LT,20,IPL-R,RT_Down_anti_L,0.0683300221335271,0.0650977703774576,0.133427792510985,0.00135549488898246,0.00144880550096536,4.47748329249285,0.0965173742365811
6,LT,21,SPL-R,RT_Down_anti_L,0.0411551995574268,0.0587604918252223,0.099915691382649,0.00112964511731461,0.00120682440583294,4.48876805039597,0.0979914581914225
6,LT,22,AG-R,RT_Down_anti_L,0.0780273934142983,0.059801284879789,0.137828678294087,0.00141232796584972,0.00151318901506781,4.47395934011656,0.0961028332531139
6,LT,23,mIPS-R,RT_Down_anti_L,0.0739921010359912,0.0551414443353995,0.129133545371391,0.00133258671213334,0.00142151999197692,4.47887596940441,0.0967365799656172
6,LT,24,VIP-R,RT_Down_anti_L,0.0675259562133368,0.0717426456680086,0.139268601881345,0.00136165453692382,0.0014527609323084,4.47786358785313,0.0954015903614061
6,LT,25,SPOC-R,RT_Down_anti_L,0.0508830376991636,0.0638824687841443,0.114765506483308,0.001353558049322,0.00145604672157702,4.47678810601884,0.0976726460892537
6,LT,26,S1-R,RT_Down_anti_L,0.0553709452557277,0.0739965190689798,0.129367464324707,0.00137229127831174,0.00147151183469066,4.47661165436035,0.0962375333770676
6,LT,27,M1-R,RT_Down_anti_L,0.0507040203077192,0.0643613695561994,0.115065389863919,0.00128716298016272,0.00138101240695197,4.48126919925472,0.0972190415508316
6,LT,28,SMA-R,RT_Down_anti_L,0.0594131707855613,0.0462770692507406,0.105690240036302,0.00117241676725151,0.00125890367005511,4.48656322257974,0.0971445270104582
6,LT,29,PMd-R,RT_Down_anti_L,0.0547601501159238,0.0421734268144956,0.0969335769304195,0.00108604574392233,0.00116421499726293,4.49304551373471,0.097577519724617
6,LT,30,PMv-R,RT_Down_anti_L,0.0789622239599006,0.0412208914527537,0.120183115412654,0.00125423099771689,0.00135217040757139,4.48128214327219,0.0965478558221765
6,LT,31,FEF-R,RT_Down_anti_L,0.0494363038250854,0.0682914061361332,0.117727709961219,0.00128403933107555,0.00137918903288466,4.48128119454179,0.0965043798496444
6,LT,32,POJ-R,RT_Down_anti_L,0.0833234836216477,0.0552326815797407,0.138556165201388,0.00147232530281229,0.00158163426551153,4.47028531209296,0.0964747322526501
7,NvA,1,V1-L,RT_Down_anti_L,0.0345653170117584,0.12644295490282,0.161008271914579,0.00151266525852099,0.00163335999673524,4.71987127887513,0.143193964931538
7,NvA,2,V3-L,RT_Down_anti_L,0.106937538802967,0.0805133140531732,0.18745085285614,0.00166961378095665,0.00180660540322425,4.7099345505982,0.141407985266676
7,NvA,3,STS-L,RT_Down_anti_L,0.0589807851517764,0.106344705718632,0.165325490870408,0.00171263873686902,0.00183844394311829,4.71231547311674,0.142881910417801
7,NvA,4,IPL-L,RT_Down_anti_L,0.145130213318995,0.167188452272694,0.312318665591689,0.00264947491352422,0.00285128507700393,4.67147403439415,0.135536846047341
7,NvA,5,SPL-L,RT_Down_anti_L,0.0820001207138666,0.146061000436369,0.228061121150236,0.00195456415903849,0.00210623398106211,4.69977670839959,0.139070424938736
7,NvA,6,AG-L,RT_Down_anti_L,0.0929127400882362,0.0626499879909204,0.155562728079157,0.00160295472562195,0.00172638322158547,4.71592431528472,0.14279161907
7,NvA,7,mIPS-L,RT_Down_anti_L,0.165553287221982,0.0619280591845529,0.227481346406535,0.00200181541287813,0.00216203179236687,4.69804323325292,0.140975024376106
7,NvA,8,VIP-L,RT_Down_anti_L,0.0869813346128614,0.062057177300004,0.149038511912865,0.00169149885091459,0.00183306469120055,4.70957299060828,0.143918973532869
7,NvA,9,SPOC-L,RT_Down_anti_L,0.134115459473613,0.0715795397232854,0.205694999196898,0.00187754396696483,0.00203535675390606,4.70034086813515,0.140766644085147
7,NvA,10,S1-L,RT_Down_anti_L,0.127452700361552,0.135629768054029,0.263082468415581,0.00238737024826626,0.00257083155151378,4.68199749681877,0.139410277924334
7,NvA,11,M1-L,RT_Down_anti_L,0.0798494682674024,0.0970157595232432,0.176865227790646,0.0016963390097065,0.00183335952048179,4.70939670518693,0.141157556943132
7,NvA,12,SMA-L,RT_Down_anti_L,0.0566471892273446,0.0681194603262134,0.124766649553558,0.00137590398771582,0.00148050867244721,4.72624272662048,0.144369559285003
7,NvA,13,PMd-L,RT_Down_anti_L,0.0667053641541586,0.0814821298298533,0.148187493984012,0.00159797634336945,0.00171465628381458,4.71771805645857,0.142716177927644
7,NvA,14,PMv-L,RT_Down_anti_L,0.07111427847702,0.0696727744123904,0.14078705288941,0.00162967291800325,0.00175679435014338,4.7144545489658,0.14369422571337
7,NvA,15,FEF-L,RT_Down_anti_L,0.148971795043853,0.0716845561108955,0.220656351154749,0.00204777046203123,0.00220456859219774,4.6955814345965,0.138975903593454
7,NvA,16,POJ-L,RT_Down_anti_L,0.074527873490638,0.0509186717598793,0.125446545250517,0.00154879128603241,0.00167347230444693,4.71998239302404,0.145123735320204
7,NvA,17,V1-R,RT_Down_anti_L,0.0949384060104443,0.0478555113972155,0.14279391740766,0.00139783112264396,0.00151656386999563,4.72616292874685,0.143963846143967
7,NvA,18,V3-R,RT_Down_anti_L,0.077514809999551,0.0640344945377169,0.141549304537268,0.00137101098848949,0.0014755280266402,4.72666497498018,0.143542456939552
7,NvA,19,STS-R,RT_Down_anti_L,0.112262515355382,0.0748028320227679,0.18706534737815,0.00192885501382178,0.00208097140430626,4.70122518708977,0.141582402317458
7,NvA,20,IPL-R,RT_Down_anti_L,0.0842252608783606,0.114374155793146,0.198599416671507,0.00193715415507042,0.00209456367986228,4.69986701772501,0.141677056343706
7,NvA,21,SPL-R,RT_Down_anti_L,0.0754407299953093,0.0597615890758757,0.135202319071185,0.00139414721180356,0.00150149898121921,4.72543478028146,0.142852740906256
7,NvA,22,AG-R,RT_Down_anti_L,0.0626370487674706,0.111627127761381,0.174264176528852,0.00154404730082204,0.00165690429221975,4.71812230432476,0.14090602085457
7,NvA,23,mIPS-R,RT_Down_anti_L,0.0596017522820268,0.051266574586219,0.110868326868246,0.00138474257170251,0.00149665062175254,4.72644684070211,0.144619111679264
7,NvA,24,VIP-R,RT_Down_anti_L,0.0786755832351292,0.128746377328472,0.207421960563601,0.00191684255467691,0.00207525614092923,4.69989980683383,0.140559218999801
7,NvA,25,SPOC-R,RT_Down_anti_L,0.098333969879503,0.172597596633784,0.270931566513287,0.00223269941422629,0.002419832823536,4.68462843568633,0.139039814190059
7,NvA,26,S1-R,RT_Down_anti_L,0.0989585786153529,0.100978014057,0.199936592672353,0.00186486315679907,0.00201425163982969,4.70158080478831,0.139024778729675
7,NvA,27,M1-R,RT_Down_anti_L,0.101109569919797,0.099479302249718,0.200588872169515,0.00192690304372578,0.00208893710051713,4.69954211360706,0.140997508177135
7,NvA,28,SMA-R,RT_Down_anti_L,0.0562150087738182,0.0555813779778299,0.111796386751648,0.00144403198860018,0.00155293679250218,4.72460387249681,0.145505579208205
7,NvA,29,PMd-R,RT_Down_anti_L,0.0678713215181967,0.0668700370947919,0.134741358612989,0.00149921969368769,0.00161070650788799,4.72252466550199,0.14259440073182
7,NvA,30,PMv-R,RT_Down_anti_L,0.0605326219100433,0.0659440737379974,0.126476695648041,0.00144191137797755,0.00155812987517193,4.7219520404229,0.143386014718137
7,NvA,31,FEF-R,RT_Down_anti_L,0.074497418640059,0.0693396361718951,0.143837054811954,0.00169501751632786,0.00183749303568305,4.71058543603895,0.143480534331881
7,NvA,32,POJ-R,RT_Down_anti_L,0.101061712432317,0.0937747616060179,0.194836474038335,0.00180736134293501,0.00195880471597178,4.70555577909215,0.14108107699739
8,RR,1,V1-L,RT_Down_anti_L,0.0666832327590444,0.0449067437433191,0.111589976502363,0.00124054317496506,0.0013518103102655,4.60434940607909,0.131425834680423
8,RR,2,V3-L,RT_Down_anti_L,0.0685180144242197,0.0918946710658637,0.160412685490083,0.00163840769879668,0.0017837828686035,4.58401646200308,0.128892931406383
8,RR,3,STS-L,RT_Down_anti_L,0.0368791427557434,0.0351042929120681,0.0719834356678114,0.00100961261776179,0.00109822366030595,4.61770760614487,0.133013407091191
8,RR,4,IPL-L,RT_Down_anti_L,0.0887739152304111,0.0517711732457763,0.140545088476187,0.00136193414836987,0.00146953300566092,4.59898268681566,0.129664089232691
8,RR,5,SPL-L,RT_Down_anti_L,0.091451975840565,0.086060831741104,0.177512807581669,0.00161680138355135,0.00175020566358079,4.58599137707326,0.128222029764336
8,RR,6,AG-L,RT_Down_anti_L,0.0764097058655572,0.0876077774699885,0.164017483335546,0.00167211867795316,0.00181817150604316,4.58322448225943,0.129374585294737
8,RR,7,mIPS-L,RT_Down_anti_L,0.0737520166504644,0.0788989242702101,0.152650940920674,0.00157834915882435,0.00171241981209772,4.58808193686523,0.129008010972498
8,RR,8,VIP-L,RT_Down_anti_L,0.0955555639331722,0.0513770047521,0.146932568685272,0.00140724230447615,0.00152205199706534,4.5948529665325,0.128529895262493
8,RR,9,SPOC-L,RT_Down_anti_L,0.0857989602621163,0.0676844681513462,0.153483428413462,0.0014903396814746,0.00161890203211129,4.59165082959119,0.129479143110586
8,RR,10,S1-L,RT_Down_anti_L,0.114772318143259,0.0657937484467988,0.180566066590058,0.00158706801948422,0.00171194685878954,4.58631960870277,0.12799537893754
8,RR,11,M1-L,RT_Down_anti_L,0.066224724180856,0.0870954839947357,0.153320208175592,0.0015982204755753,0.00173328334833133,4.58664174510365,0.129906818324813
8,RR,12,SMA-L,RT_Down_anti_L,0.0541443879851981,0.0839195508722448,0.138063938857443,0.00145991423743966,0.00158055678634075,4.59376413803095,0.128916802457348
8,RR,13,PMd-L,RT_Down_anti_L,0.0565788995312916,0.066845725972659,0.123424625503951,0.00133753150345261,0.00144764692894218,4.59967652853131,0.130151314462683
8,RR,14,PMv-L,RT_Down_anti_L,0.0467453996429361,0.0703941073299144,0.11713950697285,0.00124542895736408,0.00135442938744767,4.60320874614306,0.129912100797368
8,RR,15,FEF-L,RT_Down_anti_L,0.0660943214037364,0.0903844492043732,0.15647877060811,0.00164137546480422,0.00179081123960917,4.58364243521843,0.129756960621847
8,RR,16,POJ-L,RT_Down_anti_L,0.0812894619366367,0.0369472726846921,0.118236734621329,0.00113909107413795,0.001233345991698,4.61101147458386,0.130217966956549
8,RR,17,V1-R,RT_Down_anti_L,0.0993409079251894,0.0888827285927119,0.188223636517901,0.00161200400337391,0.00175907159816756,4.58108660742962,0.126685391048996
8,RR,18,V3-R,RT_Down_anti_L,0.0502392773199884,0.0589590887054291,0.109198366025417,0.000967002080105307,0.00104686293815739,4.6196855867097,0.129428043711009
8,RR,19,STS-R,RT_Down_anti_L,0.0682966143152826,0.0301547962475741,0.0984514105628567,0.00110880807568071,0.00121218927575001,4.61098899453106,0.13203613552436
8,RR,20,IPL-R,RT_Down_anti_L,0.0540683845299264,0.0669880242527538,0.12105640878268,0.00134412696067505,0.00145989380324872,4.59939805740101,0.130679004985043
8,RR,21,SPL-R,RT_Down_anti_L,0.0702001958007446,0.124561439869539,0.194761635670283,0.00163925840283602,0.00177984028715745,4.58375681251419,0.12830754224918
8,RR,22,AG-R,RT_Down_anti_L,0.0837347556465803,0.0724662828961835,0.156201038542764,0.00154383481455431,0.00167495087336132,4.58761976514987,0.128784147985534
8,RR,23,mIPS-R,RT_Down_anti_L,0.0768046136379896,0.172686097500323,0.249490711138313,0.00190511765953261,0.00206730861028012,4.56930508304683,0.124090648508629
8,RR,24,VIP-R,RT_Down_anti_L,0.139863259126987,0.0580083971295772,0.197871656256564,0.00182116878975603,0.00198269100762752,4.57562735002669,0.129174027557273
8,RR,25,SPOC-R,RT_Down_anti_L,0.0967834498291437,0.0847264847121171,0.181509934541261,0.0017537025760953,0.00191472824608599,4.57709603577484,0.127490848078459
8,RR,26,S1-R,RT_Down_anti_L,0.08163435609231,0.11299344215638,0.19462779824869,0.00170457080540101,0.0018398666410129,4.58235212924444,0.125097908123022
8,RR,27,M1-R,RT_Down_anti_L,0.0938765443831026,0.125713742152232,0.219590286535335,0.00192555294224575,0.00208621195772559,4.57015853815225,0.124516942875145
8,RR,28,SMA-R,RT_Down_anti_L,0.0411112415636208,0.0976503400045885,0.138761581568209,0.00147341208434741,0.00160209734702639,4.59331549256049,0.130309252738835
8,RR,29,PMd-R,RT_Down_anti_L,0.0841850306901945,0.0767269436350866,0.160911974325281,0.00155978938005607,0.00169281382463589,4.58734282771454,0.127717627492393
8,RR,30,PMv-R,RT_Down_anti_L,0.0680834677846807,0.0595480638798082,0.127631531664489,0.00139148870936076,0.00150735195424913,4.59655922311883,0.12950952901033
8,RR,31,FEF-R,RT_Down_anti_L,0.0624710630287719,0.0782037370257532,0.140674800054525,0.00138760639226551,0.00150636508380958,4.59596967882365,0.128400444077787
8,RR,32,POJ-R,RT_Down_anti_L,0.121269833991457,0.0566792015939265,0.177949035585383,0.00151927863279481,0.0016484403842603,4.58912018320555,0.128234552883287
9,SJB,1,V1-L,RT_Down_anti_L,0.0441137135669972,0.134946181079933,0.17905989464693,0.00154311273186184,0.00164411024277245,4.64977201888548,0.122788556463734
9,SJB,2,V3-L,RT_Down_anti_L,0.110620011431582,0.0788213232321495,0.189441334663731,0.00168673251743812,0.00180238110757893,4.64318906005242,0.121903999603733
9,SJB,3,STS-L,RT_Down_anti_L,0.0603621974975316,0.0340469929371646,0.0944091904346962,0.00113676848360458,0.00121208199006557,4.6724979383174,0.125548375593432
9,SJB,4,IPL-L,RT_Down_anti_L,0.120439004544269,0.0519933202120656,0.172432324756335,0.00169142462490579,0.00180569587396045,4.64405507946185,0.12325959034851
9,SJB,5,SPL-L,RT_Down_anti_L,0.0779070297271923,0.120028660861977,0.197935690589169,0.00194098744569056,0.00206349274235037,4.63307201813882,0.121956811652745
9,SJB,6,AG-L,RT_Down_anti_L,0.0700698107266586,0.095608462156741,0.1656782728834,0.00163519807661258,0.00174263153088467,4.64644025170133,0.122872560807257
9,SJB,7,mIPS-L,RT_Down_anti_L,0.0642223235764306,0.0654265347612337,0.129648858337664,0.00150130699488158,0.0015985891586484,4.65430212443944,0.125009610863339
9,SJB,8,VIP-L,RT_Down_anti_L,0.106441350171795,0.064512924937739,0.170954275109534,0.00182481061209437,0.00194786335749651,4.63928411288342,0.122641185007352
9,SJB,9,SPOC-L,RT_Down_anti_L,0.0686644988898102,0.109423762354981,0.178088261244791,0.00186274421139895,0.00199214256303604,4.63750599923413,0.123327443372118
9,SJB,10,S1-L,RT_Down_anti_L,0.0838592847810938,0.0981867498394206,0.182046034620514,0.0016511272884291,0.00175442736622918,4.64679385125773,0.122366662662554
9,SJB,11,M1-L,RT_Down_anti_L,0.083993189437509,0.111547090044591,0.1955402794821,0.00180470525072897,0.00192264712667817,4.63775782933262,0.122376667570656
9,SJB,12,SMA-L,RT_Down_anti_L,0.031781751708666,0.0568867053727531,0.0886684570814191,0.00115919906616312,0.00124197251634154,4.67021502418114,0.126259629639879
9,SJB,13,PMd-L,RT_Down_anti_L,0.0801726045932037,0.0536755813259731,0.133848185919177,0.0014696171370376,0.00156614578200301,4.65469925827028,0.1239898562225
9,SJB,14,PMv-L,RT_Down_anti_L,0.0270669663572209,0.0616358224353782,0.0887027887925991,0.00112619189352592,0.00120507492491847,4.67233742561133,0.12653930038725
9,SJB,15,FEF-L,RT_Down_anti_L,0.0520871632973072,0.0517702658261783,0.103857429123486,0.00115282851966787,0.00123300530170853,4.67111536342997,0.124008611744218
9,SJB,16,POJ-L,RT_Down_anti_L,0.0824309291139918,0.0849963648422491,0.167427293956241,0.00169209056800808,0.00180962807784774,4.64379938458519,0.124181690105898
9,SJB,17,V1-R,RT_Down_anti_L,0.0813834202870489,0.0898245305566695,0.171207950843718,0.00170382491433828,0.00181672215487261,4.64402887528437,0.123271813765708
9,SJB,18,V3-R,RT_Down_anti_L,0.0628181313144731,0.0607961886774287,0.123614319991902,0.00150128042756171,0.00160581778255499,4.65480236829216,0.124857770284216
9,SJB,19,STS-R,RT_Down_anti_L,0.0541774181939147,0.0586800000349732,0.112857418228888,0.00126226349533608,0.00134481132705555,4.66527389831804,0.123999959845108
9,SJB,20,IPL-R,RT_Down_anti_L,0.12743809254671,0.0760558201770802,0.20349391272379,0.0019948207769677,0.00214065351214328,4.62859413514977,0.12123581322288
9,SJB,21,SPL-R,RT_Down_anti_L,0.116948697585196,0.12404085902383,0.240989556609027,0.00228162979953269,0.0024441808728466,4.61878403504732,0.119140132498344
9,SJB,22,AG-R,RT_Down_anti_L,0.101633088793292,0.148247526749631,0.249880615542923,0.00203943185169905,0.00216855942799749,4.62995147587153,0.117734156400368
9,SJB,23,mIPS-R,RT_Down_anti_L,0.118002188631516,0.0772488054886387,0.195250994120155,0.00178451249290978,0.00189940679122793,4.64207852374012,0.12163394326998
9,SJB,24,VIP-R,RT_Down_anti_L,0.0981147670266498,0.0664598882510618,0.164574655277712,0.00167137002766867,0.00178441488166548,4.64532594110326,0.122662430277576
9,SJB,25,SPOC-R,RT_Down_anti_L,0.12020820806476,0.0966067271508586,0.216814935215619,0.0020193081921697,0.00214674845239041,4.6304466312153,0.118408631911121
9,SJB,26,S1-R,RT_Down_anti_L,0.0761001460944774,0.0623422526840889,0.138442398778566,0.00135697434759683,0.00144350499887704,4.65986074872162,0.122859903106949
9,SJB,27,M1-R,RT_Down_anti_L,0.0544804681092546,0.0879410685360335,0.142421536645288,0.00157676550129833,0.00167966027588546,4.65100333126329,0.124432621136262
9,SJB,28,SMA-R,RT_Down_anti_L,0.0402096851231084,0.0796888910956379,0.119898576218746,0.00143901120732326,0.00154657057738169,4.65546195418194,0.125973584378467
9,SJB,29,PMd-R,RT_Down_anti_L,0.0454696387150517,0.0896137313843366,0.135083370099388,0.00145014286840366,0.00154905872635791,4.65522214008362,0.124520362811197
9,SJB,30,PMv-R,RT_Down_anti_L,0.0933560670974943,0.0360677539190899,0.129423821016584,0.00139051987524493,0.00148762265580003,4.65803576785236,0.123834900918067
9,SJB,31,FEF-R,RT_Down_anti_L,0.0742434835203737,0.0612685606159057,0.135512044136279,0.0014905398407059,0.00159241735961891,4.65368903366954,0.124466326546934
9,SJB,32,POJ-R,RT_Down_anti_L,0.122684144818342,0.0631101287771294,0.185794273595471,0.00193300046447056,0.00206189343373856,4.63511802425615,0.122209734010687
10,BG,1,V1-L,RT_Down_anti_L,0.0648366235402333,0.0655364065662607,0.130373030106494,0.00141766337260251,0.00152029113200309,4.62637015667696,0.119184460315127
10,BG,2,V3-L,RT_Down_anti_L,0.0377633151427055,0.109451123281863,0.147214438424568,0.00147233552859623,0.00157731143668619,4.6241521252581,0.119238034272971
10,BG,3,STS-L,RT_Down_anti_L,0.0845973026930003,0.0882813875509665,0.172878690243967,0.00178571190332091,0.00190575126857796,4.60874652376001,0.117931769155087
10,BG,4,IPL-L,RT_Down_anti_L,0.0451166829112757,0.0956877470569412,0.140804429968217,0.00148662397917768,0.00159154844069396,4.62351522849482,0.118704193703432
10,BG,5,SPL-L,RT_Down_anti_L,0.0734389824462308,0.0479506272665272,0.121389609712758,0.00147969490077014,0.00158285369113236,4.62400365629576,0.119905574682568
10,BG,6,AG-L,RT_Down_anti_L,0.0655120170172912,0.0850090927290876,0.150521109746379,0.00165309585634804,0.00176218915675077,4.6153889118349,0.118768340014893
10,BG,7,mIPS-L,RT_Down_anti_L,0.0758567712845667,0.0767299136754071,0.152586684959974,0.00164670785805341,0.00176240229906532,4.61613647131841,0.117074078106702
10,BG,8,VIP-L,RT_Down_anti_L,0.0487147467806564,0.0800935283385655,0.128808275119222,0.00149905793908744,0.00160064077746838,4.62345906843777,0.119552823128039
10,BG,9,SPOC-L,RT_Down_anti_L,0.0894013178472177,0.0956316398290303,0.185032957676248,0.00197600353011251,0.00211929262197142,4.59987624294406,0.117483570894405
10,BG,10,S1-L,RT_Down_anti_L,0.143716262688113,0.0657923974109387,0.209508660099052,0.00184747589832562,0.00197945611482398,4.60544225595447,0.115403754845208
10,BG,11,M1-L,RT_Down_anti_L,0.135828174320599,0.0806773645928383,0.216505538913437,0.00179688334715793,0.00192427791373308,4.60659296958622,0.114695288013719
10,BG,12,SMA-L,RT_Down_anti_L,0.0401788065001379,0.0758576033491449,0.116036409849283,0.00139002636102372,0.00149035079932732,4.6267733292517,0.120620978928633
10,BG,13,PMd-L,RT_Down_anti_L,0.0843392096842183,0.141264719441042,0.22560392912526,0.00167921914806223,0.00178608087842542,4.61206662230917,0.113826725533336
10,BG,14,PMv-L,RT_Down_anti_L,0.0822631404077874,0.0495791755340152,0.131842315941803,0.00144008623800469,0.00153781441351549,4.62613074638837,0.118711525486634
10,BG,15,FEF-L,RT_Down_anti_L,0.093112959544754,0.0938576632130377,0.186970622757792,0.00164073417791112,0.001755697272011,4.61552653890921,0.115985860666182
10,BG,16,POJ-L,RT_Down_anti_L,0.0604119052309338,0.067555202527552,0.127967107758486,0.00143374089334445,0.00153250446104929,4.62536004914607,0.117861099176537
10,BG,17,V1-R,RT_Down_anti_L,0.0697211385204742,0.0562294027874057,0.12595054130788,0.00144886642254057,0.0015534755719797,4.62458228917576,0.118799827355082
10,BG,18,V3-R,RT_Down_anti_L,0.0663013819948629,0.0759583063415196,0.142259688336383,0.00147515413972561,0.00158095126175084,4.62327908227663,0.117666189197697
10,BG,19,STS-R,RT_Down_anti_L,0.0767080522064931,0.0601653054419872,0.13687335764848,0.00157190839526455,0.0016819431976717,4.61789972366392,0.119083589800891
10,BG,20,IPL-R,RT_Down_anti_L,0.075323178621215,0.068038681632931,0.143361860254146,0.00154789047304415,0.00166198654876598,4.61955401892191,0.118998300145672
10,BG,21,SPL-R,RT_Down_anti_L,0.0908515871028003,0.0732687334326213,0.164120320535422,0.00154376949529201,0.00165328630148994,4.61877095329223,0.116091578267952
10,BG,22,AG-R,RT_Down_anti_L,0.0601252409344889,0.037699910830572,0.0978251517650609,0.00115717539651322,0.00124000613229496,4.6410733998666,0.119876687729988
10,BG,23,mIPS-R,RT_Down_anti_L,0.0862736223379237,0.0459486507161602,0.132222273054084,0.00141787147848633,0.0015173103871109,4.6268081525137,0.118411680256965
10,BG,24,VIP-R,RT_Down_anti_L,0.0667788628656423,0.0883998348161656,0.155178697681808,0.00154295170456389,0.00165341494426544,4.61973874839198,0.11806798389361
10,BG,25,SPOC-R,RT_Down_anti_L,0.0788922902551427,0.0980768503418617,0.176969140597004,0.00169422972456526,0.00180980853860836,4.61159392902535,0.115300143180193
10,BG,26,S1-R,RT_Down_anti_L,0.0911242939914684,0.0601968379067127,0.151321131898181,0.00142802606427489,0.00152923416394453,4.6247366390233,0.117862534236884
10,BG,27,M1-R,RT_Down_anti_L,0.106498824834169,0.0487573538075913,0.15525617864176,0.00147046111524524,0.00157369304724467,4.62259514425689,0.117675675254581
10,BG,28,SMA-R,RT_Down_anti_L,0.0378123987983454,0.0724875437842266,0.110299942582572,0.0013774038501592,0.00147766909647435,4.62907043441762,0.120634672478131
10,BG,29,PMd-R,RT_Down_anti_L,0.0458171022178385,0.0860509375812335,0.131868039799072,0.00137859940036656,0.00147621862021657,4.6280723818657,0.119327241144078
10,BG,30,PMv-R,RT_Down_anti_L,0.0390137283470672,0.0748514774240719,0.113865205771139,0.00138890790850489,0.0014909731890147,4.62831856063386,0.120304785767041
10,BG,31,FEF-R,RT_Down_anti_L,0.0800616265087645,0.0447078156247772,0.124769442133542,0.00137743048120727,0.00147532521441885,4.62886249203888,0.11980675320917
10,BG,32,POJ-R,RT_Down_anti_L,0.0946269219654003,0.0812252347087623,0.175852156674163,0.00161475285925309,0.00172397707383267,4.61552012247275,0.115661040352437
1,DOC,1,V1-L,RT_Down_anti_R,0.0692545177537446,0.0346349318544271,0.103889449608172,0.0013395045528344,0.00141064382640568,4.60940875606041,0.108722941912258
1,DOC,2,V3-L,RT_Down_anti_R,0.0847890643657707,0.0637178213034288,0.1485068856692,0.00165396479465066,0.00174881477073484,4.5932142285189,0.106609653788743
1,DOC,3,STS-L,RT_Down_anti_R,0.0469609057273507,0.0671600004651359,0.114120906192487,0.00135563726911367,0.00142855648788075,4.60880521201848,0.107020998222583
1,DOC,4,IPL-L,RT_Down_anti_R,0.101138425430995,0.0642480292443611,0.165386454675356,0.00163429488175553,0.00171801199539151,4.59511735035733,0.105665596596006
1,DOC,5,SPL-L,RT_Down_anti_R,0.125513564507225,0.0533430876529533,0.178856652160179,0.00187138803736947,0.00198162392310618,4.58354127327676,0.106212160984036
1,DOC,6,AG-L,RT_Down_anti_R,0.0635813308024702,0.0323174308324025,0.0958987616348727,0.00117290107375914,0.00123581651865973,4.61956144790841,0.107840514813741
1,DOC,7,mIPS-L,RT_Down_anti_R,0.0896092722215606,0.0436806743732275,0.133289946594788,0.00156664012164191,0.00165565446978731,4.5982418317822,0.107452869696782
1,DOC,8,VIP-L,RT_Down_anti_R,0.151399051627836,0.0537420764597543,0.20514112808759,0.00189899810202082,0.00200284086322363,4.58269828274912,0.105158913642471
1,DOC,9,SPOC-L,RT_Down_anti_R,0.0952168145383204,0.0733021732472531,0.168518987785574,0.0015203902268922,0.00160901611753098,4.59869056453981,0.104320852855336
1,DOC,10,S1-L,RT_Down_anti_R,0.096037101096966,0.115603747804602,0.211640848901568,0.00186338574248231,0.00195705227369623,4.58388573512684,0.102387707664376
1,DOC,11,M1-L,RT_Down_anti_R,0.0425542285874093,0.102568743514975,0.145122972102385,0.00138111707269762,0.00145167273356552,4.60863193469162,0.106135429677788
1,DOC,12,SMA-L,RT_Down_anti_R,0.0546327965336376,0.087531132044302,0.14216392857794,0.00140982253339373,0.00148580692912609,4.60631277318119,0.10494561258461
1,DOC,13,PMd-L,RT_Down_anti_R,0.0630734581306627,0.117410718605939,0.180484176736602,0.00169900871715804,0.00179416545802013,4.59183327444219,0.1039418461395
1,DOC,14,PMv-L,RT_Down_anti_R,0.0435171767366429,0.0409839148733187,0.0845010916099616,0.0011606462231512,0.00122609843259517,4.61908326086619,0.108595988687103
1,DOC,15,FEF-L,RT_Down_anti_R,0.081172042495504,0.104634592227358,0.185806634722862,0.00183122087435952,0.00193413571866238,4.58406963886731,0.102081091481065
1,DOC,16,POJ-L,RT_Down_anti_R,0.0833551045755658,0.070491771048939,0.153846875624505,0.00151921749466955,0.00159764238857058,4.60131680409563,0.104815903526807
1,DOC,17,V1-R,RT_Down_anti_R,0.0671335989134041,0.0677699667060465,0.134903565619451,0.00154570047638562,0.00163024056114088,4.59837792109553,0.106231878214434
1,DOC,18,V3-R,RT_Down_anti_R,0.0541947900032669,0.0498628979070993,0.104057687910366,0.00115999561889309,0.0012203529287629,4.61922849705181,0.107311225068588
1,DOC,19,STS-R,RT_Down_anti_R,0.0454872600464016,0.0395725624362279,0.0850598224826296,0.00109170733901412,0.00115463580989218,4.62236746032657,0.108772527305915
1,DOC,20,IPL-R,RT_Down_anti_R,0.044637638920801,0.06737015823425,0.112007797155051,0.00137213978127136,0.0014448606618163,4.60712622639853,0.108501168634202
1,DOC,21,SPL-R,RT_Down_anti_R,0.0756676258172262,0.0977162284705605,0.173383854287787,0.00166875435291008,0.00175365543729007,4.59317252035878,0.104253687930132
1,DOC,22,AG-R,RT_Down_anti_R,0.083623188946614,0.0390304031413737,0.122653592087988,0.00136297503598476,0.00143736130088791,4.60816943617495,0.107852127744164
1,DOC,23,mIPS-R,RT_Down_anti_R,0.0521117702408603,0.0783808645804426,0.130492634821303,0.00145003766153882,0.0015289675580939,4.60430260218904,0.107542607009375
1,DOC,24,VIP-R,RT_Down_anti_R,0.0406764658112276,0.108382281780825,0.149058747592053,0.00161860926169632,0.00170942531946733,4.59525933159247,0.107236202576291
1,DOC,25,SPOC-R,RT_Down_anti_R,0.0410447533928653,0.0947957399906776,0.135840493383543,0.00145310178681985,0.00153390328164346,4.60396751547022,0.106688284813754
1,DOC,26,S1-R,RT_Down_anti_R,0.0787363610826413,0.0703008278120078,0.149037188894649,0.00177109362823131,0.00187551962383572,4.58832381213251,0.106755927216018
1,DOC,27,M1-R,RT_Down_anti_R,0.0988481295738186,0.0654706516406965,0.164318781214515,0.00160214900705509,0.00168602871905452,4.5970297245778,0.10557300226463
1,DOC,28,SMA-R,RT_Down_anti_R,0.0419776966597686,0.0880796658359694,0.130057362495738,0.00137303899352603,0.00145022769627639,4.60758621950592,0.106102002489238
1,DOC,29,PMd-R,RT_Down_anti_R,0.0540092649791077,0.0841082265010065,0.138117491480114,0.00152196966802162,0.0016110627294126,4.60002631756559,0.107197253097812
1,DOC,30,PMv-R,RT_Down_anti_R,0.0454792299269769,0.0425889860237872,0.0880682159507641,0.00111681103150939,0.001179222226433,4.62162809013215,0.108933455745219
1,DOC,31,FEF-R,RT_Down_anti_R,0.0991325030162233,0.0669720509924213,0.166104554008645,0.00173101497856061,0.00182739629212844,4.58914038536734,0.1051206810611
1,DOC,32,POJ-R,RT_Down_anti_R,0.0643279839661836,0.0931207588232791,0.157448742789463,0.00174773752639701,0.00184815720184516,4.58984772391167,0.106108568776101
2,GB,1,V1-L,RT_Down_anti_R,0.066479231914873,0.0443773444935351,0.110856576408408,0.00120461618162354,0.00130945825027534,4.60597991717827,0.126773500821245
2,GB,2,V3-L,RT_Down_anti_R,0.0461189110196221,0.0609156541906061,0.107034565210228,0.00118906069998514,0.00129357718086594,4.60592612458629,0.127432778864362
2,GB,3,STS-L,RT_Down_anti_R,0.0520541479928309,0.0406207548694101,0.092674902862241,0.00111298589497171,0.0012172477302019,4.60938279339509,0.127391175785695
2,GB,4,IPL-L,RT_Down_anti_R,0.140123380257362,0.0705833897358697,0.210706769993231,0.00155513092220046,0.00168029125482211,4.58592112543689,0.119534981033835
2,GB,5,SPL-L,RT_Down_anti_R,0.0883414852723436,0.0815209104878405,0.169862395760184,0.00179044222033739,0.00194915331390667,4.57656054329531,0.124373791670424
2,GB,6,AG-L,RT_Down_anti_R,0.0798466869854885,0.0755497681922248,0.155396455177713,0.00150274388249214,0.00164414985863059,4.5908619581896,0.124819363731326
2,GB,7,mIPS-L,RT_Down_anti_R,0.115947775209632,0.0961949021584325,0.212142677368064,0.00182784834066203,0.00199859576794909,4.57345037500557,0.121420249900369
2,GB,8,VIP-L,RT_Down_anti_R,0.105879274483401,0.125469602315271,0.231348876798672,0.00179885939506868,0.00194762308916537,4.57300619266065,0.116369112102691
2,GB,9,SPOC-L,RT_Down_anti_R,0.0636775073145632,0.120480453832781,0.184157961147345,0.00157595987140218,0.00171479082488675,4.58649136303664,0.121436879925867
2,GB,10,S1-L,RT_Down_anti_R,0.0623386227966192,0.0666551328328726,0.128993755629492,0.00153251971046952,0.00166898768633807,4.58845183411206,0.126566387187341
2,GB,11,M1-L,RT_Down_anti_R,0.0645899963525678,0.0719591116216966,0.136549107974264,0.00148724353597137,0.00161450822392344,4.59159924930447,0.125877750814261
2,GB,12,SMA-L,RT_Down_anti_R,0.0733830649036495,0.0886234731743501,0.162006538078,0.00166527571666097,0.00180826913752252,4.58269447510745,0.125006962408285
2,GB,13,PMd-L,RT_Down_anti_R,0.0945046645115655,0.10038797488233,0.194892639393896,0.00183446197808139,0.00200301690736935,4.57502881671933,0.123246386717854
2,GB,14,PMv-L,RT_Down_anti_R,0.0450887086857305,0.0583977253972445,0.103486434082975,0.00113816328081347,0.00123888281162695,4.60925947838542,0.126097234527209
2,GB,15,FEF-L,RT_Down_anti_R,0.104764374848212,0.0728378414490458,0.177602216297258,0.00156823509895476,0.00170019612465142,4.58611333425102,0.122318289728574
2,GB,16,POJ-L,RT_Down_anti_R,0.0612912148219903,0.097367404789527,0.158658619611517,0.00141355970062374,0.00153552937376761,4.59589056477871,0.124590658041664
2,GB,17,V1-R,RT_Down_anti_R,0.0550199160557227,0.0649060289358732,0.119925944991596,0.0013138335573129,0.00142917344370994,4.59752478566689,0.126605085678946
2,GB,18,V3-R,RT_Down_anti_R,0.0803104810430787,0.0749039099017314,0.15521439094481,0.00152622339274642,0.00165753297350249,4.58806808070777,0.124204549402289
2,GB,19,STS-R,RT_Down_anti_R,0.0902389806063885,0.0726119397292576,0.162850920335646,0.00161695850679683,0.00175907290543165,4.58339235232127,0.124997060876156
2,GB,20,IPL-R,RT_Down_anti_R,0.0487388451424455,0.0656493278885509,0.114388173030996,0.00127673044547976,0.00137922420227829,4.6020906684476,0.126591729775032
2,GB,21,SPL-R,RT_Down_anti_R,0.0894005386679445,0.0614848549174021,0.150885393585347,0.00159615536620253,0.0017349242348072,4.58491679218982,0.125971442032282
2,GB,22,AG-R,RT_Down_anti_R,0.0515037390405421,0.0632150546832597,0.114718793723802,0.00138007523388307,0.00150198597909299,4.59653694168563,0.127019497619556
2,GB,23,mIPS-R,RT_Down_anti_R,0.0908484629387004,0.0679396859584968,0.158788148897197,0.00168327713197961,0.00183058789396409,4.58121346018401,0.125288276193532
2,GB,24,VIP-R,RT_Down_anti_R,0.0540946986912318,0.0775967258786309,0.131691424569863,0.00140550809954407,0.00151906598985011,4.59561271948805,0.126498699119872
2,GB,25,SPOC-R,RT_Down_anti_R,0.0533037281343847,0.0747606244563957,0.12806435259078,0.00130573318938867,0.00141619961754412,4.59944657331215,0.125402841359156
2,GB,26,S1-R,RT_Down_anti_R,0.100099736439251,0.0565125194511587,0.15661225589041,0.00157480017734514,0.00170514192928567,4.58619164594407,0.125213916438346
2,GB,27,M1-R,RT_Down_anti_R,0.0629493982470317,0.059941233279476,0.122890631526508,0.00136199805267634,0.00148454392728582,4.59727529056904,0.126254072754599
2,GB,28,SMA-R,RT_Down_anti_R,0.120878810558522,0.0559453911091049,0.176824201667627,0.00153462260008597,0.00166137077005744,4.58836586738306,0.123616849875897
2,GB,29,PMd-R,RT_Down_anti_R,0.0802815589613446,0.0934175657628735,0.173699124724218,0.00163357929349733,0.00177576588940396,4.58231892100772,0.123381111799313
2,GB,30,PMv-R,RT_Down_anti_R,0.0460634871542542,0.102302765601347,0.148366252755601,0.001381311645473,0.0014999332268127,4.59692967268881,0.124857161408439
2,GB,31,FEF-R,RT_Down_anti_R,0.0645456062089394,0.0637739364355238,0.128319542644463,0.00122283028476498,0.00132498234687859,4.6054745422635,0.125255678859651
2,GB,32,POJ-R,RT_Down_anti_R,0.0478720766145733,0.0736761034626862,0.121548180077259,0.00135062726618627,0.00146516896765242,4.59726868548691,0.126102087824399
3,JDC,1,V1-L,RT_Down_anti_R,0.094566695983556,0.109323778945377,0.203890474928932,0.00178572020985265,0.00195121221165748,4.64546733819154,0.128804787660675
3,JDC,2,V3-L,RT_Down_anti_R,0.0660363722976455,0.0695121546823404,0.135548526979986,0.00140396001187832,0.00151680580110096,4.66438591759853,0.131639639383468
3,JDC,3,STS-L,RT_Down_anti_R,0.0610452967790641,0.0366495424048614,0.0976948391839255,0.00125335009421506,0.00135807668928589,4.6724069855696,0.134421908694656
3,JDC,4,IPL-L,RT_Down_anti_R,0.0763039450349723,0.0706430368426387,0.146946981877611,0.00170374216697131,0.00185098201442145,4.65064517941605,0.132666011453499
3,JDC,5,SPL-L,RT_Down_anti_R,0.0693380839226287,0.0886771925608745,0.158015276483503,0.00163250415110075,0.00176913459696903,4.65312860938311,0.130152564163673
3,JDC,6,AG-L,RT_Down_anti_R,0.0729029527780391,0.0944099572854792,0.167312910063518,0.00172349427085211,0.0018626785352516,4.65000860365793,0.129987906530154
3,JDC,7,mIPS-L,RT_Down_anti_R,0.090461192493547,0.089727574133331,0.180188766626878,0.00170538732721324,0.00184659994725394,4.65171216963284,0.129777545988169
3,JDC,8,VIP-L,RT_Down_anti_R,0.100555299913674,0.0584411319344376,0.158996431848111,0.00181094364966753,0.0019678315294282,4.64626840186335,0.132401417404954
3,JDC,9,SPOC-L,RT_Down_anti_R,0.0911635632950981,0.148510167563003,0.239673730858101,0.00190384099838977,0.00205255964512438,4.64032962814825,0.127565563302491
3,JDC,10,S1-L,RT_Down_anti_R,0.0584082168628486,0.0680321596856224,0.126440376548471,0.00151202293916826,0.00163944569985081,4.65887498691938,0.133328781925707
3,JDC,11,M1-L,RT_Down_anti_R,0.0473726209221434,0.0707802442168194,0.118152865138963,0.00138638408054461,0.00150166370147721,4.66475752520148,0.133254919453869
3,JDC,12,SMA-L,RT_Down_anti_R,0.048640791852662,0.0595897167567358,0.108230508609398,0.00132565589632852,0.00142982983630018,4.66943487140913,0.134034770672305
3,JDC,13,PMd-L,RT_Down_anti_R,0.0707384538576093,0.056975661139381,0.12771411499699,0.00144226743182126,0.0015524361245907,4.66322025655751,0.132771359460251
3,JDC,14,PMv-L,RT_Down_anti_R,0.052881843560441,0.0551263779630208,0.108008221523462,0.0012948042199329,0.00140787061905795,4.66823438201574,0.134445540339462
3,JDC,15,FEF-L,RT_Down_anti_R,0.071929349401294,0.070011893292289,0.141941242693583,0.00151628665043196,0.00163813434194156,4.65894201803594,0.132137314740039
3,JDC,16,POJ-L,RT_Down_anti_R,0.1271324742124,0.0721449170984136,0.199277391310813,0.00167276630936745,0.00181474585680991,4.65305927338412,0.129342597340195
3,JDC,17,V1-R,RT_Down_anti_R,0.0642134215554564,0.0503911292490618,0.114604550804518,0.00119247596837125,0.00129684759244646,4.67662175198603,0.13185235766164
3,JDC,18,V3-R,RT_Down_anti_R,0.183183554721658,0.0709991399436996,0.254182694665357,0.00197742357890819,0.00214957151544426,4.63852827180523,0.126536264576558
3,JDC,19,STS-R,RT_Down_anti_R,0.0461541609501029,0.0632698338959191,0.109423994846022,0.00121252896305542,0.00130688378019807,4.67558207177513,0.132872345741799
3,JDC,20,IPL-R,RT_Down_anti_R,0.0571407207264333,0.117463537286372,0.174604258012805,0.00162803121666519,0.00177122721087143,4.65470584656106,0.130816154915526
3,JDC,21,SPL-R,RT_Down_anti_R,0.0790333800767132,0.209412850064195,0.288446230140908,0.00231689435845643,0.00250341484174088,4.62483773271273,0.12729823629857
3,JDC,22,AG-R,RT_Down_anti_R,0.100836911563936,0.0606439931510334,0.16148090471497,0.0015332017608826,0.00165734880904566,4.65907527634087,0.129013787383651
3,JDC,23,mIPS-R,RT_Down_anti_R,0.171054909958151,0.0819756910869794,0.25303060104513,0.00207289329681119,0.00223934887913001,4.63474844028234,0.127321103287715
3,JDC,24,VIP-R,RT_Down_anti_R,0.156422614036817,0.11771621048573,0.274138824522547,0.0022045619611269,0.00238580949655376,4.62900333664745,0.125672410770914
3,JDC,25,SPOC-R,RT_Down_anti_R,0.0654464325429508,0.1490312961385,0.21447772868145,0.00170334077885684,0.00184720390524849,4.6486879195405,0.127240139239368
3,JDC,26,S1-R,RT_Down_anti_R,0.041058081158564,0.0518816746694118,0.0929397558279758,0.00121283478917529,0.00130634458641055,4.67553162463161,0.13460765433887
3,JDC,27,M1-R,RT_Down_anti_R,0.0670536327738824,0.0998542502870348,0.166907883060917,0.0018279870045663,0.00198092775411758,4.6449138532393,0.131638321210136
3,JDC,28,SMA-R,RT_Down_anti_R,0.0589990183615128,0.0841071293063612,0.143106147667874,0.00154194646391577,0.00166440760524269,4.65687170417306,0.131992085817795
3,JDC,29,PMd-R,RT_Down_anti_R,0.104608610214686,0.0588558001372917,0.163464410351978,0.00172566336101031,0.00185946769459591,4.64942287495015,0.131511215984546
3,JDC,30,PMv-R,RT_Down_anti_R,0.0621914917805606,0.0687955875688187,0.130987079349379,0.00153330851765448,0.00166599765307888,4.65752025165583,0.133498510050718
3,JDC,31,FEF-R,RT_Down_anti_R,0.076098163299522,0.0616207589406379,0.13771892224016,0.00147387680778579,0.0015839438783644,4.66153819244517,0.131399906254285
3,JDC,32,POJ-R,RT_Down_anti_R,0.12389579178393,0.0922936599568291,0.216189451740759,0.00173436817700498,0.00188544021842974,4.64816650345995,0.127321217695156
4,JFXD,1,V1-L,RT_Down_anti_R,0.0857456289398836,0.046656418798789,0.132402047738673,0.00139331599491903,0.00148513686652775,4.66469988371179,0.12119065952008
4,JFXD,2,V3-L,RT_Down_anti_R,0.0864904200106632,0.0630843210652885,0.149574741075952,0.0015982922518373,0.00171026382628238,4.65376580757962,0.12059146061191
4,JFXD,3,STS-L,RT_Down_anti_R,0.0655830443536921,0.0907298881502138,0.156312932503906,0.00169572912027456,0.00180626768994894,4.65097716432099,0.120189735360905
4,JFXD,4,IPL-L,RT_Down_anti_R,0.0931260164298389,0.030413285347912,0.123539301777751,0.00129479986680434,0.00138360181612673,4.67137044159971,0.120326068159003
4,JFXD,5,SPL-L,RT_Down_anti_R,0.0888839128064924,0.0586711130160534,0.147555025822546,0.0016782320055877,0.00179413927848703,4.6528533184318,0.120569683413894
4,JFXD,6,AG-L,RT_Down_anti_R,0.0524448686521832,0.068219888965933,0.120664757618116,0.00143602290960817,0.00154156275297838,4.66258003218933,0.121779565580123
4,JFXD,7,mIPS-L,RT_Down_anti_R,0.064821058191902,0.0572601965696455,0.122081254761547,0.00144844570721567,0.00154502130748414,4.6625071099943,0.121976962646089
4,JFXD,8,VIP-L,RT_Down_anti_R,0.0889526749609595,0.0444106500426666,0.133363325003626,0.0014582136804708,0.00155220142540756,4.6641265916362,0.120274907850261
4,JFXD,9,SPOC-L,RT_Down_anti_R,0.0584562729267323,0.0828306672482423,0.141286940174975,0.00154571091009767,0.00164342473213195,4.65767306120386,0.119088753682163
4,JFXD,10,S1-L,RT_Down_anti_R,0.0643539907891091,0.0481714283737833,0.112525419162892,0.00141910858897336,0.00151786791094194,4.6647703415165,0.121969342495017
4,JFXD,11,M1-L,RT_Down_anti_R,0.0784739193360421,0.0517915768213184,0.13026549615736,0.00154331218731237,0.00164925550120144,4.6595611389717,0.121340496051368
4,JFXD,12,SMA-L,RT_Down_anti_R,0.0310159569496671,0.0817175078175115,0.112733464767179,0.00126705633956516,0.00135583869575191,4.67348228884588,0.121944465305247
4,JFXD,13,PMd-L,RT_Down_anti_R,0.049651521384619,0.0747114876436542,0.124363009028273,0.00136443928804364,0.0014613225968094,4.66766210055489,0.121121818587562
4,JFXD,14,PMv-L,RT_Down_anti_R,0.238095553699869,0.0795124827883511,0.317608036488221,0.00236418950431722,0.00252042398495421,4.61858264041401,0.111397600722012
4,JFXD,15,FEF-L,RT_Down_anti_R,0.139011276672194,0.10417571489251,0.243186991564704,0.0017469754352554,0.00185533904787344,4.64588229333651,0.114871003885959
4,JFXD,16,POJ-L,RT_Down_anti_R,0.0845461687557664,0.0807875655399571,0.165333734295723,0.00179097823853749,0.00190681342277947,4.64767713342221,0.120169155798465
4,JFXD,17,V1-R,RT_Down_anti_R,0.0319348632304321,0.131141070955522,0.163075934185954,0.0016056435591088,0.00171659133163556,4.65496580812874,0.120666577224536
4,JFXD,18,V3-R,RT_Down_anti_R,0.0720450535545136,0.0756881785845334,0.147733232139047,0.00170704119497789,0.001825641257156,4.650667837162,0.120102854710617
4,JFXD,19,STS-R,RT_Down_anti_R,0.116750928152348,0.0912355526608123,0.20798648081316,0.00167818959131331,0.00177539896929224,4.64930754339244,0.114858972948125
4,JFXD,20,IPL-R,RT_Down_anti_R,0.0848155316598355,0.0829069915796059,0.167722523239441,0.00173232008256694,0.00184641968066456,4.64835721268424,0.119362922870438
4,JFXD,21,SPL-R,RT_Down_anti_R,0.0618552790504433,0.0351131888901472,0.0969684679405904,0.00122689258468813,0.00130315245497826,4.67549560905874,0.122601949840179
4,JFXD,22,AG-R,RT_Down_anti_R,0.0727654355978627,0.108883164501342,0.181648600099205,0.00187666976147463,0.00199200308322047,4.64350134209792,0.116001413908382
4,JFXD,23,mIPS-R,RT_Down_anti_R,0.0654355462629348,0.0772265518013941,0.142662098064329,0.00158769021901814,0.00168493859523287,4.65734741455077,0.119760707535896
4,JFXD,24,VIP-R,RT_Down_anti_R,0.050903416996089,0.0598747006827533,0.110778117678842,0.00146655304214967,0.0015690146678077,4.66199305329136,0.122444118909911
4,JFXD,25,SPOC-R,RT_Down_anti_R,0.0803812866386554,0.0576591413453401,0.138040427983996,0.0016895128528902,0.00180810311574361,4.65061952851765,0.121290291683045
4,JFXD,26,S1-R,RT_Down_anti_R,0.0528378750000677,0.110669982513963,0.163507857514031,0.00177775391186738,0.00190688816361681,4.64662129630142,0.119667095480098
4,JFXD,27,M1-R,RT_Down_anti_R,0.0433601467749104,0.104149302389087,0.147509449163998,0.00154198507413615,0.0016473184754668,4.65884958810336,0.12074060661996
4,JFXD,28,SMA-R,RT_Down_anti_R,0.0401434550634351,0.0811690561390377,0.121312511202473,0.00136551281161386,0.00145998341986034,4.66779979642037,0.121571013361856
4,JFXD,29,PMd-R,RT_Down_anti_R,0.0666764887613018,0.0853510639240511,0.152027552685353,0.00165485096878024,0.00177195247269402,4.65265537709597,0.120306495759731
4,JFXD,30,PMv-R,RT_Down_anti_R,0.141360228373079,0.10787461100037,0.249234839373449,0.00220385964680727,0.00235540879476619,4.62558099775704,0.112706804953247
4,JFXD,31,FEF-R,RT_Down_anti_R,0.0632439641058947,0.147519120674977,0.210763084780871,0.0019139293852225,0.00205359251361502,4.63917379599061,0.116848511880719
4,JFXD,32,POJ-R,RT_Down_anti_R,0.0732403561894975,0.0677962695461504,0.141036625735648,0.0017047613866918,0.00181738385875959,4.65084143699594,0.12159159963179
5,JZ,1,V1-L,RT_Down_anti_R,0.10418080725235,0.0399823201696751,0.144163127422026,0.00151159104925886,0.0016318043283402,4.60032212364174,0.120116650286005
5,JZ,2,V3-L,RT_Down_anti_R,0.0756493974342175,0.0470870632516687,0.122736460685886,0.00144347468815656,0.00155231821939102,4.60428790014351,0.120729121293872
5,JZ,3,STS-L,RT_Down_anti_R,0.0651576726118524,0.0803754354680966,0.145533108079949,0.00149185610837249,0.00160660232132223,4.60128616075325,0.117891857641152
5,JZ,4,IPL-L,RT_Down_anti_R,0.064406171433565,0.0815510860223338,0.145957257455899,0.00146670335090418,0.00157496792076289,4.60383112376539,0.119150527520385
5,JZ,5,SPL-L,RT_Down_anti_R,0.0776772877802901,0.0688457062962618,0.146522994076552,0.0016004063093879,0.00172278624529772,4.59730710463972,0.12023884802373
5,JZ,6,AG-L,RT_Down_anti_R,0.0951521486234551,0.0429035755568488,0.138055724180304,0.00140050213468687,0.00150457663622288,4.60593531940389,0.119358975601372
5,JZ,7,mIPS-L,RT_Down_anti_R,0.0893151513152009,0.0539056763143128,0.143220827629514,0.00157162691441683,0.00169316489850104,4.59744544522571,0.120159071015404
5,JZ,8,VIP-L,RT_Down_anti_R,0.108091504971431,0.0668799166287931,0.174971421600224,0.00172325208682924,0.00184784213620853,4.591606675197,0.117760425287057
5,JZ,9,SPOC-L,RT_Down_anti_R,0.0582751559940022,0.0416382863104003,0.0999134423044025,0.00114977135248508,0.00123633704273746,4.6198548747899,0.121126283232195
5,JZ,10,S1-L,RT_Down_anti_R,0.100664509924829,0.142884615603805,0.243549125528633,0.00186026771083061,0.00198766597089709,4.58325265597916,0.112184380034588
5,JZ,11,M1-L,RT_Down_anti_R,0.0424867027348413,0.105118739982561,0.147605442717402,0.00141713260813485,0.0015216540496116,4.60602863194427,0.118865894200748
5,JZ,12,SMA-L,RT_Down_anti_R,0.0431730947732554,0.0634105760658412,0.106583670839097,0.00120315018834923,0.00129591733095046,4.61750672728579,0.12066347017141
5,JZ,13,PMd-L,RT_Down_anti_R,0.112319858389097,0.0754636722936653,0.187783530682763,0.00181082691379159,0.00195152242256964,4.58506963160617,0.115947810569181
5,JZ,14,PMv-L,RT_Down_anti_R,0.0619048418939024,0.0805796738522825,0.142484515746185,0.00154871937473037,0.00167033363494005,4.59914090725231,0.119399307670252
5,JZ,15,FEF-L,RT_Down_anti_R,0.0806374254861128,0.091781639382872,0.172419064868985,0.00169943946927796,0.00182149461005878,4.59070126514806,0.116838486230177
5,JZ,16,POJ-L,RT_Down_anti_R,0.0696141513413522,0.0648664891031488,0.134480640444501,0.00145132568869701,0.00156430910571929,4.60325879126851,0.119900399413534
5,JZ,17,V1-R,RT_Down_anti_R,0.0712042537379683,0.0431410885375809,0.114345342275549,0.00123789816101462,0.00132952971889318,4.6153778588264,0.120125375536871
5,JZ,18,V3-R,RT_Down_anti_R,0.107538642391469,0.0442273176636601,0.151765960055129,0.00148702488852492,0.00160466823489171,4.60103257213442,0.119213087889596
5,JZ,19,STS-R,RT_Down_anti_R,0.0633171479253986,0.0636335200175849,0.126950667942983,0.00130054482010659,0.00139658279464599,4.61209143466598,0.119237533266909
5,JZ,20,IPL-R,RT_Down_anti_R,0.0683954590062311,0.102048322470553,0.170443781476784,0.00166879506619207,0.00179722957231486,4.59240609168721,0.117612377046396
5,JZ,21,SPL-R,RT_Down_anti_R,0.0504215105944466,0.131321716682798,0.181743227277245,0.00168912028325612,0.0018167663424679,4.59162897291314,0.118017601812999
5,JZ,22,AG-R,RT_Down_anti_R,0.0483109701501007,0.0906172139185408,0.138928184068642,0.00134135534353831,0.001441674450239,4.60964380419043,0.119642489240775
5,JZ,23,mIPS-R,RT_Down_anti_R,0.0508672642063517,0.0809006137778544,0.131767877984206,0.00143719159934024,0.0015454486962787,4.60456112868633,0.12022464121152
5,JZ,24,VIP-R,RT_Down_anti_R,0.0683024022103598,0.0842069058543607,0.152509308064721,0.00150271533092737,0.00161781058247436,4.60058884004335,0.118411767800322
5,JZ,25,SPOC-R,RT_Down_anti_R,0.0783924140312226,0.0931782055176199,0.171570619548843,0.00160834792194302,0.00172741025162488,4.59509255782784,0.117094212682761
5,JZ,26,S1-R,RT_Down_anti_R,0.060136075138028,0.0565468409427647,0.116682916080793,0.00127221651061789,0.00136872732973831,4.61271181471759,0.120174947074831
5,JZ,27,M1-R,RT_Down_anti_R,0.0720264646804609,0.0574854022853165,0.129511866965777,0.00151622574395772,0.00163761071603346,4.59992957822517,0.12000268730965
5,JZ,28,SMA-R,RT_Down_anti_R,0.0739373893724415,0.0420598718289313,0.115997261201373,0.00119707674967866,0.0012842807146681,4.61763178433737,0.120372788929974
5,JZ,29,PMd-R,RT_Down_anti_R,0.0647257349372162,0.0825829511780169,0.147308686115233,0.00168159414346918,0.00180672270787811,4.59319578452229,0.119961460747557
5,JZ,30,PMv-R,RT_Down_anti_R,0.120499516492601,0.0959469780259057,0.216446494518507,0.0017883150435912,0.00192361978167519,4.58505174517327,0.114025519377408
5,JZ,31,FEF-R,RT_Down_anti_R,0.0739121265919546,0.0962399152430063,0.170152041834961,0.00160553924301489,0.00173291295868198,4.59550760948771,0.118059237548882
5,JZ,32,POJ-R,RT_Down_anti_R,0.066609609561746,0.0758915267406907,0.142501136302437,0.00146330099156165,0.00157704799000343,4.60317013430378,0.119583757023229
6,LT,1,V1-L,RT_Down_anti_R,0.0875822083350982,0.0738380803204058,0.161420288655504,0.00167643928448595,0.00178558447987156,4.50253499894272,0.0988486081210908
6,LT,2,V3-L,RT_Down_anti_R,0.0697289312250124,0.0945729748820444,0.164301906107057,0.00156713709919414,0.00166409736648212,4.50758455032866,0.0981119483463573
6,LT,3,STS-L,RT_Down_anti_R,0.107285243098778,0.0547081392563132,0.161993382355091,0.0014501523562781,0.00153986181731138,4.51369071922132,0.0981601706972248
6,LT,4,IPL-L,RT_Down_anti_R,0.0615967687059356,0.0690538892661938,0.130650657972129,0.00133383422050968,0.00142505437615028,4.52080340548806,0.100528532144932
6,LT,5,SPL-L,RT_Down_anti_R,0.0385666991544554,0.0634604456942669,0.102027144848722,0.00115151002614292,0.00122645935465725,4.53070372126231,0.102128849537908
6,LT,6,AG-L,RT_Down_anti_R,0.0713369220072678,0.0570608282833276,0.128397750290595,0.00133068203036204,0.00141832939387841,4.52081480420505,0.101184247763495
6,LT,7,mIPS-L,RT_Down_anti_R,0.0232929577789994,0.0762605408653982,0.0995534986443975,0.00117647377097386,0.00125518575327732,4.52946432679431,0.103073800515884
6,LT,8,VIP-L,RT_Down_anti_R,0.0618245630165405,0.0832991991702225,0.145123762186763,0.00135302088962782,0.00143959301258941,4.52073132295421,0.0999821692004906
6,LT,9,SPOC-L,RT_Down_anti_R,0.0366098642488644,0.0723779318009491,0.108987796049813,0.00123586634528729,0.00131173715505281,4.52601266756717,0.101231436096937
6,LT,10,S1-L,RT_Down_anti_R,0.0542897585944077,0.0802534526316022,0.13454321122601,0.00127122996042852,0.00135717615681238,4.52361526364531,0.0997376100901592
6,LT,11,M1-L,RT_Down_anti_R,0.0544228801183879,0.0477552696431631,0.102178149761551,0.00116850977709403,0.00125048953624429,4.52933282934329,0.102069363845906
6,LT,12,SMA-L,RT_Down_anti_R,0.0738135826930203,0.111028720229093,0.184842302922114,0.00183290804733032,0.00195803284555156,4.49416299657228,0.0985412614043476
6,LT,13,PMd-L,RT_Down_anti_R,0.0738845500764574,0.0398313939033731,0.113715943979831,0.00116167036454308,0.00123272714512358,4.5296863809626,0.100900819825831
6,LT,14,PMv-L,RT_Down_anti_R,0.0335227127322632,0.0706384476386064,0.10416116037087,0.00109305379255531,0.0011586247644622,4.53463091029212,0.100705687310248
6,LT,15,FEF-L,RT_Down_anti_R,0.145734274736908,0.069331402096705,0.215065676833613,0.00160575697467609,0.00169982192331886,4.50502314388869,0.0954378682772262
6,LT,16,POJ-L,RT_Down_anti_R,0.0318184876869158,0.0599078760635296,0.0917263637504454,0.0010939671752917,0.00116173704993615,4.53386858961246,0.102455348244621
6,LT,17,V1-R,RT_Down_anti_R,0.0685258110779245,0.056978690111107,0.125504501189032,0.00139889541179541,0.00148783461464536,4.51698878669108,0.100404398649658
6,LT,18,V3-R,RT_Down_anti_R,0.0579477251355299,0.057678734413791,0.115626459549321,0.00117760720936359,0.00124959719117665,4.52912319212639,0.100908952701938
6,LT,19,STS-R,RT_Down_anti_R,0.0378402188566172,0.0603583331145373,0.0981985519711545,0.00118646078769335,0.00126233241097305,4.52854913881125,0.102152207041623
6,LT,20,IPL-R,RT_Down_anti_R,0.0811677817278062,0.056224414941188,0.137392196668994,0.00145988014175717,0.00154959612139963,4.51411665472606,0.100786380918733
6,LT,21,SPL-R,RT_Down_anti_R,0.104296475338833,0.0353145221350414,0.139610997473875,0.00147218345238372,0.00156803293202003,4.51283038794709,0.101263216204796
6,LT,22,AG-R,RT_Down_anti_R,0.0620681238476629,0.0689750111578672,0.13104313500553,0.00135734875130658,0.00144160148662206,4.51907905780553,0.100395829144128
6,LT,23,mIPS-R,RT_Down_anti_R,0.0782584606291095,0.050800532626727,0.129058993255836,0.00145685531948187,0.00154889377915848,4.51447023826682,0.101677410818859
6,LT,24,VIP-R,RT_Down_anti_R,0.0658910477126408,0.0585312155585595,0.1244222632712,0.00133339069182752,0.00141691877938279,4.52105807942694,0.101021197091195
6,LT,25,SPOC-R,RT_Down_anti_R,0.0461069990537317,0.0685224068784968,0.114629405932228,0.00126865478060112,0.00134890089726196,4.52451276290511,0.101344287066013
6,LT,26,S1-R,RT_Down_anti_R,0.0620694027364324,0.0828287472754855,0.144898150011918,0.00149413410978905,0.00159096859240554,4.51181817700847,0.100553527079307
6,LT,27,M1-R,RT_Down_anti_R,0.0914021324705116,0.044715498848306,0.136117631318818,0.0013397863247538,0.00142393417781845,4.52049912242119,0.100935957992908
6,LT,28,SMA-R,RT_Down_anti_R,0.0529708577311121,0.107344319973163,0.160315177704275,0.00159409813128092,0.00170729767381197,4.50624714412953,0.100534327327938
6,LT,29,PMd-R,RT_Down_anti_R,0.0493425347410067,0.0581496248638192,0.107492159604826,0.0012707356116092,0.00135559067137726,4.52312869026263,0.102032257061068
6,LT,30,PMv-R,RT_Down_anti_R,0.0733577289589576,0.0334396073801483,0.106797336339106,0.00125750496252178,0.00133544035996156,4.52501652677808,0.102666216297282
6,LT,31,FEF-R,RT_Down_anti_R,0.0433145349282069,0.0612435482190859,0.104558083147293,0.00118411625131799,0.00126051874605299,4.52915632976862,0.102057446980871
6,LT,32,POJ-R,RT_Down_anti_R,0.0715542175763375,0.0469406574892158,0.118494875065553,0.00130439948084301,0.00139174319972368,4.52134607603174,0.101107205797953
7,NvA,1,V1-L,RT_Down_anti_R,0.0610714149670891,0.0669212583820843,0.127992673349173,0.00140054886304264,0.00152681330651367,4.67838620542372,0.138398358126049
7,NvA,2,V3-L,RT_Down_anti_R,0.074194461758037,0.0783371271188294,0.152531588876866,0.00149132685054995,0.00161585253594417,4.67514882580496,0.13484426333934
7,NvA,3,STS-L,RT_Down_anti_R,0.12233368570845,0.0804080635474544,0.202741749255904,0.00185895821736064,0.0020119580556859,4.65658109060638,0.134719414253951
7,NvA,4,IPL-L,RT_Down_anti_R,0.0799678804332392,0.0631658317126808,0.14313371214592,0.0015952147776232,0.00173131237468815,4.66891230361725,0.138814026119056
7,NvA,5,SPL-L,RT_Down_anti_R,0.0810527895043483,0.122962974716456,0.204015764220804,0.00189377000416437,0.00204792820580157,4.65620578708108,0.135062450966875
7,NvA,6,AG-L,RT_Down_anti_R,0.0874109932196839,0.105654633440932,0.193065626660616,0.00175096902774278,0.00190086311126805,4.66149759882385,0.134278588769936
7,NvA,7,mIPS-L,RT_Down_anti_R,0.110804236854785,0.0465574336377621,0.157361670492547,0.00169568767040615,0.00183875660976228,4.66475660154271,0.137775575784353
7,NvA,8,VIP-L,RT_Down_anti_R,0.117201626231873,0.0734020040519172,0.19060363028379,0.00176019470257353,0.0019081794535434,4.66087745769912,0.135850987119061
7,NvA,9,SPOC-L,RT_Down_anti_R,0.101236466729851,0.142053448042629,0.243289914772479,0.00214540767025416,0.00233318382192249,4.64367949563494,0.132966330401589
7,NvA,10,S1-L,RT_Down_anti_R,0.111167147318217,0.0817442414523908,0.192911388770608,0.00184298687543996,0.00200139883648468,4.65595436565925,0.135271603182503
7,NvA,11,M1-L,RT_Down_anti_R,0.0711513798507442,0.0509247423212235,0.122076122171968,0.00128363661218944,0.00138738262811084,4.6844893672316,0.138398849968468
7,NvA,12,SMA-L,RT_Down_anti_R,0.0590824201319358,0.0806406242050883,0.139723044337024,0.00161086507031647,0.00174656188001195,4.66896282954741,0.138652329856645
7,NvA,13,PMd-L,RT_Down_anti_R,0.0639882924877292,0.0711090169134217,0.135097309401151,0.00136348418427052,0.00147287770136604,4.68101477170765,0.137434190526974
7,NvA,14,PMv-L,RT_Down_anti_R,0.0450229109909265,0.0627804275000209,0.107803338490947,0.0012985426693091,0.00140860081771606,4.68277104915802,0.139775052092387
7,NvA,15,FEF-L,RT_Down_anti_R,0.0869976449363977,0.0410728942554304,0.128070539191828,0.00132445885464243,0.00143605423208149,4.68218072845838,0.137564684372433
7,NvA,16,POJ-L,RT_Down_anti_R,0.0688874050043209,0.128004693653179,0.1968920986575,0.00186731883464862,0.00202549309006989,4.65705085589179,0.135557980973105
7,NvA,17,V1-R,RT_Down_anti_R,0.0461692909103161,0.0885248427003864,0.134694133610702,0.00138719185286531,0.0015051193099978,4.67948131641748,0.13746239285024
7,NvA,18,V3-R,RT_Down_anti_R,0.104519760913396,0.0940239390697614,0.198543699983157,0.00182413736605343,0.00197296588480802,4.65599799208927,0.134065524803242
7,NvA,19,STS-R,RT_Down_anti_R,0.0834857284901357,0.0517875978837875,0.135273326373923,0.00154429964442722,0.00167600222745014,4.67151147609385,0.138412702559064
7,NvA,20,IPL-R,RT_Down_anti_R,0.103817289042953,0.118395339206268,0.222212628249221,0.00198100727159809,0.00214091573057943,4.65027875296656,0.131688194258804
7,NvA,21,SPL-R,RT_Down_anti_R,0.0865389007858413,0.108770012871563,0.195308913657405,0.00180534160279898,0.00195510331212604,4.6604630084354,0.134071288818049
7,NvA,22,AG-R,RT_Down_anti_R,0.0725316935939948,0.0880279342823525,0.160559627876347,0.00156748731864442,0.0016921595705712,4.67084133382524,0.135285950420008
7,NvA,23,mIPS-R,RT_Down_anti_R,0.0993753421863382,0.0926725806669602,0.192047922853298,0.00193520611352568,0.00209731678932312,4.65392031655034,0.135240359479506
7,NvA,24,VIP-R,RT_Down_anti_R,0.0843507602654254,0.0973707782007706,0.181721538466196,0.0017611276272346,0.00190794750207861,4.66005313110188,0.135605098228079
7,NvA,25,SPOC-R,RT_Down_anti_R,0.0908399529359305,0.118091181431873,0.208931134367803,0.00179977002257251,0.00194945438957634,4.65978729374702,0.133916487526433
7,NvA,26,S1-R,RT_Down_anti_R,0.0870781221054462,0.0764053613738408,0.163483483479287,0.00162280692921758,0.0017607217757577,4.66637560294809,0.134751729214338
7,NvA,27,M1-R,RT_Down_anti_R,0.0782207580665693,0.0617786395892707,0.13999939765584,0.00155270411722855,0.00168298263191641,4.67092389549965,0.138130880112263
7,NvA,28,SMA-R,RT_Down_anti_R,0.0352595022949702,0.0715560774270206,0.106815579721991,0.00128772132349732,0.00139437921987434,4.68543208094896,0.13898623403704
7,NvA,29,PMd-R,RT_Down_anti_R,0.0959329975352774,0.0705917727141658,0.166524770249443,0.00185142050866105,0.00200933045937522,4.65715563857551,0.137387038668987
7,NvA,30,PMv-R,RT_Down_anti_R,0.0562683553283123,0.0481619544478468,0.104430309776159,0.00119360555247804,0.00129533175720704,4.68889258695121,0.13968123385605
7,NvA,31,FEF-R,RT_Down_anti_R,0.0847548391183626,0.0705608223840122,0.155315661502375,0.00167910850450522,0.0018230906486395,4.66436036794904,0.136279845916245
7,NvA,32,POJ-R,RT_Down_anti_R,0.0898882867584345,0.0881440872579515,0.178032374016386,0.00163397600630946,0.00177775166268681,4.66678997429021,0.136021303940132
8,RR,1,V1-L,RT_Down_anti_R,0.108174823250225,0.0552984457050448,0.16347326895527,0.00156513185183499,0.00170002192064869,4.68772049644827,0.143318376968312
8,RR,2,V3-L,RT_Down_anti_R,0.0347979842669208,0.0885011561387724,0.123299140405693,0.00145891817198244,0.00158393070983137,4.69193300291516,0.146528143821189
8,RR,3,STS-L,RT_Down_anti_R,0.0729130377353535,0.0376612419897106,0.110574279725064,0.0012154016497774,0.00131839065766117,4.70496690321708,0.146370875827713
8,RR,4,IPL-L,RT_Down_anti_R,0.0690325669956462,0.104548770557071,0.173581337552717,0.00172756957050499,0.00185970536684495,4.68189619272867,0.144268284101325
8,RR,5,SPL-L,RT_Down_anti_R,0.0863807227426026,0.0659289138478423,0.152309636590445,0.0016937479617731,0.00183345889912526,4.68261273810477,0.14549700280958
8,RR,6,AG-L,RT_Down_anti_R,0.0760147036774123,0.117369842979927,0.193384546657339,0.00185755879081234,0.00201522856370247,4.67387863515159,0.143385883738429
8,RR,7,mIPS-L,RT_Down_anti_R,0.0810650675820813,0.0631571112937326,0.144222178875814,0.00157584920939359,0.00170095111132547,4.68689795239364,0.145825247336055
8,RR,8,VIP-L,RT_Down_anti_R,0.0941374916028633,0.0818406399963745,0.175978131599238,0.00177281565558632,0.00191435432674322,4.67786251540731,0.143795351452138
8,RR,9,SPOC-L,RT_Down_anti_R,0.106880659481016,0.0717867478776796,0.178667407358695,0.00174188982220667,0.00188690208857281,4.67976400878127,0.144323922017475
8,RR,10,S1-L,RT_Down_anti_R,0.0836575264914966,0.0598586732641882,0.143516199755685,0.00150594476550142,0.00161906254121363,4.69087078318803,0.145408959628899
8,RR,11,M1-L,RT_Down_anti_R,0.0405466193815653,0.0396069305307532,0.0801535499123185,0.00111862160143711,0.00120750294227769,4.71042800329679,0.148250972729802
8,RR,12,SMA-L,RT_Down_anti_R,0.0846131600727539,0.156646784479665,0.241259944552419,0.00186844343094632,0.00200881518144088,4.67190335506539,0.139174321476162
8,RR,13,PMd-L,RT_Down_anti_R,0.0738323712508048,0.0634311558836817,0.137263527134487,0.00145230772843684,0.00157459179746873,4.69230289343809,0.146021333516403
8,RR,14,PMv-L,RT_Down_anti_R,0.0717225640436853,0.0382792165482421,0.110001780591927,0.00129827540481927,0.00140831970372714,4.70070107321941,0.146513070151281
8,RR,15,FEF-L,RT_Down_anti_R,0.0674993837782571,0.0530506063742958,0.120549990152553,0.00146902345571699,0.00159569421074357,4.69201156727317,0.146659845877517
8,RR,16,POJ-L,RT_Down_anti_R,0.10541934479129,0.0516540604065404,0.15707340519783,0.00151558823581964,0.00163339814588237,4.69066627965315,0.144292013052478
8,RR,17,V1-R,RT_Down_anti_R,0.0506012157565456,0.0555732494134466,0.106174465169992,0.0013043967691906,0.0014101829786013,4.70171488986765,0.147341299242823
8,RR,18,V3-R,RT_Down_anti_R,0.117044736574294,0.0492777982555494,0.166322534829843,0.00173920444064523,0.0018842107832545,4.67939384358,0.143389270268607
8,RR,19,STS-R,RT_Down_anti_R,0.0700896501622706,0.0584889870174837,0.128578637179754,0.00151509232638752,0.00164490791035274,4.69053310065879,0.146412475842829
8,RR,20,IPL-R,RT_Down_anti_R,0.0936111951396172,0.0886342680654975,0.182245463205115,0.00184631939294553,0.00200050825721942,4.67460533418591,0.142619197866203
8,RR,21,SPL-R,RT_Down_anti_R,0.0590189047426416,0.12751370062404,0.186532605366682,0.00160560711744044,0.00173343853707704,4.6861005305214,0.142353370968316
8,RR,22,AG-R,RT_Down_anti_R,0.087118362567535,0.115858985443873,0.202977348011408,0.00181594193202872,0.00196484030657305,4.67687666519191,0.142258744427705
8,RR,23,mIPS-R,RT_Down_anti_R,0.0419963934533007,0.198532220150141,0.240528613603442,0.00182728041215252,0.0019754939880984,4.67580602359115,0.140697203676914
8,RR,24,VIP-R,RT_Down_anti_R,0.119972749523743,0.106264278744044,0.226237028267787,0.00208931854820572,0.0022649073108828,4.6653835468409,0.139340845042277
8,RR,25,SPOC-R,RT_Down_anti_R,0.124436875732397,0.0894602803755421,0.213897156107939,0.00178768812730059,0.00192960219075337,4.67565429880061,0.13878412570842
8,RR,26,S1-R,RT_Down_anti_R,0.108184121963726,0.0590633206040687,0.167247442567795,0.0016646304403934,0.00180538760722118,4.68408351415386,0.144807560376362
8,RR,27,M1-R,RT_Down_anti_R,0.143932256465273,0.155084204966019,0.299016461431293,0.00265678459840385,0.00286935756151052,4.64102268370561,0.132767877105824
8,RR,28,SMA-R,RT_Down_anti_R,0.0537967379059233,0.152436313935026,0.206233051840949,0.0018762760731549,0.00203115768669189,4.6733275154866,0.141751822076277
8,RR,29,PMd-R,RT_Down_anti_R,0.163800935129749,0.156815474199915,0.320616409329664,0.00233477001734,0.00251586754803032,4.65188502354317,0.13458121812565
8,RR,30,PMv-R,RT_Down_anti_R,0.0479081994153893,0.0826880628308392,0.130596262246228,0.00145097721925971,0.0015730131359238,4.69383748690292,0.144862591727178
8,RR,31,FEF-R,RT_Down_anti_R,0.120428858458492,0.0759751897443225,0.196404048202815,0.00172319006548385,0.00185512455859289,4.67941539208649,0.140906637425074
8,RR,32,POJ-R,RT_Down_anti_R,0.128033903951793,0.066376491843334,0.194410395795127,0.00163548494248893,0.00177019208266105,4.68427064601721,0.14263345434062
9,SJB,1,V1-L,RT_Down_anti_R,0.0615902827608607,0.0896294994310826,0.151219782191943,0.00152686152823922,0.0016422779642911,4.60474078325776,0.120887913036231
9,SJB,2,V3-L,RT_Down_anti_R,0.0783184995896081,0.0844871282821519,0.16280562787176,0.00148973969025757,0.00160279569374333,4.6056473050018,0.11995531702743
9,SJB,3,STS-L,RT_Down_anti_R,0.0576465533602644,0.0374048442507467,0.0950513976110111,0.00105587626850553,0.00113483477642716,4.6307386270833,0.123947048164555
9,SJB,4,IPL-L,RT_Down_anti_R,0.106171123575255,0.0512977485296779,0.157468872104932,0.00143188136020957,0.00154168715817685,4.6097398642343,0.121154656821439
9,SJB,5,SPL-L,RT_Down_anti_R,0.0652851432918699,0.13103396536567,0.19631910865754,0.00187672256367536,0.00202303510551478,4.58844275122798,0.120027773282302
9,SJB,6,AG-L,RT_Down_anti_R,0.0562840478060659,0.11491384276976,0.171197890575826,0.00155567704096379,0.00167621269854832,4.60361479295856,0.121228585889167
9,SJB,7,mIPS-L,RT_Down_anti_R,0.0420493791450144,0.122592172449869,0.164641551594884,0.00161021526810164,0.00173534965563596,4.60107492744587,0.120971101482232
9,SJB,8,VIP-L,RT_Down_anti_R,0.0938255947350108,0.0591770463618047,0.153002641096815,0.00148666207153283,0.00159819366768234,4.60781447299071,0.121313647957049
9,SJB,9,SPOC-L,RT_Down_anti_R,0.0767139255968376,0.0510343181852437,0.127748243782081,0.00137714471510375,0.00148007683621382,4.61349543832086,0.122345362912862
9,SJB,10,S1-L,RT_Down_anti_R,0.092700053033507,0.0981570276940614,0.190857080727568,0.00160910842476658,0.00171683531803166,4.60088906477449,0.118965763577841
9,SJB,11,M1-L,RT_Down_anti_R,0.0817031429989561,0.105388798834062,0.187091941833018,0.00176047048434334,0.00189696656714193,4.59331398550682,0.119674552659457
9,SJB,12,SMA-L,RT_Down_anti_R,0.0612109124616002,0.0667511510997702,0.12796206356137,0.001248253728202,0.00133960020786755,4.61924276173435,0.122537864870553
9,SJB,13,PMd-L,RT_Down_anti_R,0.0667387500949151,0.0510441236820257,0.117782873776941,0.0014535653597087,0.00156349927639704,4.60913745393391,0.1234505398048
9,SJB,14,PMv-L,RT_Down_anti_R,0.0560766854004265,0.0526391702733716,0.108715855673798,0.00132813776311904,0.0014304710101159,4.61520326180971,0.123912968688041
9,SJB,15,FEF-L,RT_Down_anti_R,0.0759475380569124,0.080483074987216,0.156430613044128,0.00173507949207973,0.00186660178619026,4.59557557953535,0.121865552865467
9,SJB,16,POJ-L,RT_Down_anti_R,0.101728568918229,0.0495415731833438,0.151270142101572,0.0015105283633174,0.0016219847413618,4.60690000781351,0.121300413313841
9,SJB,17,V1-R,RT_Down_anti_R,0.0829117999335425,0.0895143261521515,0.172426126085694,0.00162001302909896,0.00174942431266703,4.60006064530125,0.120144771591521
9,SJB,18,V3-R,RT_Down_anti_R,0.0597242253173891,0.0533995318894298,0.113123757206819,0.00124562894684097,0.0013410019526711,4.61939592316102,0.123089997483687
9,SJB,19,STS-R,RT_Down_anti_R,0.0684925738952512,0.0553659442830131,0.123858518178264,0.00139224949267669,0.00150076042172596,4.61087790763943,0.123275034184947
9,SJB,20,IPL-R,RT_Down_anti_R,0.0716735554608207,0.09236577962059,0.164039335081411,0.00168904521705871,0.00181989833905338,4.59702176439904,0.121088828288453
9,SJB,21,SPL-R,RT_Down_anti_R,0.0953726367307822,0.0984541795459885,0.193826816276771,0.00176874500359857,0.00188965778858583,4.59434196574634,0.116152693451686
9,SJB,22,AG-R,RT_Down_anti_R,0.0857058532323902,0.0552009409429167,0.140906794175307,0.0014241751764144,0.00153855726201435,4.60997228075173,0.121554371041911
9,SJB,23,mIPS-R,RT_Down_anti_R,0.055047237376257,0.0464552502261436,0.101502487602401,0.0011250987731789,0.00121444678868322,4.62723841524588,0.123585294088373
9,SJB,24,VIP-R,RT_Down_anti_R,0.0699965282216459,0.107869162076563,0.177865690298209,0.00184910310771019,0.00198872439439468,4.59040046755192,0.120190168134145
9,SJB,25,SPOC-R,RT_Down_anti_R,0.0787760543661637,0.104584176356216,0.18336023072238,0.00171001568115828,0.00183331253240578,4.59699586150129,0.11951227256538
9,SJB,26,S1-R,RT_Down_anti_R,0.0867269179765603,0.0728955631151064,0.159622481091667,0.00142723515564548,0.00153012733697603,4.60880190643819,0.12017384957104
9,SJB,27,M1-R,RT_Down_anti_R,0.0619670062609758,0.119330607945523,0.181297614206499,0.00175928218647573,0.00189344974249261,4.59339215804339,0.120804274213922
9,SJB,28,SMA-R,RT_Down_anti_R,0.10945352633626,0.0436891183098785,0.153142644646138,0.00137755106677067,0.00147562889745782,4.61149832470493,0.121415538833849
9,SJB,29,PMd-R,RT_Down_anti_R,0.0850994721757144,0.0765151093312127,0.161614581506927,0.00162217750602672,0.00174550824461756,4.60086543653679,0.121463931661956
9,SJB,30,PMv-R,RT_Down_anti_R,0.0540991955623208,0.0519955737719217,0.106094769334243,0.00124472959430362,0.0013380073654324,4.61964071754683,0.123755263714356
9,SJB,31,FEF-R,RT_Down_anti_R,0.093378684388055,0.0596132993599518,0.152991983748007,0.00158057535054159,0.00169689336327321,4.60168979137882,0.122110580965835
9,SJB,32,POJ-R,RT_Down_anti_R,0.0973541421146456,0.0569455618676419,0.154299703982287,0.00151499266745673,0.001627904470072,4.60676040441957,0.121751791202713
10,BG,1,V1-L,RT_Down_anti_R,0.0582735948670216,0.057453138303518,0.11572673317054,0.00110557095210741,0.0012093219260022,4.55956756715136,0.118471021331068
10,BG,2,V3-L,RT_Down_anti_R,0.0366150049696107,0.0394668807030617,0.0760818856726724,0.000981274328674919,0.00107083057472867,4.56877676615385,0.120716898335689
10,BG,3,STS-L,RT_Down_anti_R,0.0305605046266889,0.0980084641225604,0.128568968749249,0.00121116834186197,0.00132516582196628,4.55610058810677,0.117967478988245
10,BG,4,IPL-L,RT_Down_anti_R,0.0511703934464092,0.0728877700615622,0.124058163507971,0.0013272318468601,0.00144637690518453,4.55052737822567,0.11868236656399
10,BG,5,SPL-L,RT_Down_anti_R,0.0620400535730549,0.0620042395846991,0.124044293157754,0.00144577521144524,0.00158633559972322,4.54239234436914,0.119226280321072
10,BG,6,AG-L,RT_Down_anti_R,0.0427598077858669,0.0717378224152114,0.114497630201078,0.00113470868880314,0.00123556640191321,4.55944208182325,0.11800598353676
10,BG,7,mIPS-L,RT_Down_anti_R,0.0389232379314636,0.0753586055952551,0.114281843526719,0.00130751439035573,0.00142725266397727,4.55042241409388,0.119636430697604
10,BG,8,VIP-L,RT_Down_anti_R,0.0733019186336124,0.0818976796168214,0.155199598250434,0.00138711390127239,0.00150879091129583,4.54546603645176,0.113616413032999
10,BG,9,SPOC-L,RT_Down_anti_R,0.0502529764742872,0.0948332835914732,0.14508626006576,0.00155044701572429,0.00170109440413048,4.53736875026635,0.118526029374567
10,BG,10,S1-L,RT_Down_anti_R,0.0945396092131261,0.0755723840658169,0.170111993278943,0.00158123771039394,0.00172662873235151,4.53523215729966,0.117153033824829
10,BG,11,M1-L,RT_Down_anti_R,0.118112285223469,0.0529417625206175,0.171054047744087,0.00152347433211142,0.00166005477710557,4.53886311710237,0.117253909441309
10,BG,12,SMA-L,RT_Down_anti_R,0.0518608388875581,0.0782027424429229,0.130063581330481,0.00130138367404119,0.00142968531649666,4.55020086444293,0.117303830366653
10,BG,13,PMd-L,RT_Down_anti_R,0.038381609262767,0.102883295018621,0.141264904281388,0.00128974109019573,0.00141169959213737,4.54993199257499,0.117752335281204
10,BG,14,PMv-L,RT_Down_anti_R,0.05730948735326,0.0449153808324836,0.102224868185744,0.00120788057471102,0.00131821187675947,4.55567907678003,0.120139832368625
10,BG,15,FEF-L,RT_Down_anti_R,0.0959856650630745,0.11558193950815,0.211567604571224,0.00181524676621654,0.00197839630244137,4.52456079655405,0.114114257182861
10,BG,16,POJ-L,RT_Down_anti_R,0.111002684337393,0.0603910867728368,0.17139377111023,0.00151087662229689,0.00164184637661295,4.53817923935843,0.115180959997826
10,BG,17,V1-R,RT_Down_anti_R,0.0612354331684928,0.0561781271599276,0.11741356032842,0.00127292515430853,0.00139081578989538,4.5515756146283,0.118323695449973
10,BG,18,V3-R,RT_Down_anti_R,0.0643795317089089,0.0538610108171046,0.118240542526014,0.00126841355289007,0.00137894631221154,4.55294795584388,0.118440679491657
10,BG,19,STS-R,RT_Down_anti_R,0.105312694024276,0.0921901604756988,0.197502854499974,0.00176645253562141,0.00192112197990187,4.52660849237318,0.11440423189081
10,BG,20,IPL-R,RT_Down_anti_R,0.0727894382624166,0.0515677302006152,0.124357168463032,0.00135768303651786,0.00148050029548348,4.54786086641305,0.118349508335036
10,BG,21,SPL-R,RT_Down_anti_R,0.0894777320154189,0.0714917227995261,0.160969454814945,0.00148464236394747,0.0016192340201852,4.54159748045112,0.116665784127822
10,BG,22,AG-R,RT_Down_anti_R,0.0649596305626393,0.0744583334160139,0.139417963978653,0.00146567801344653,0.00160512108750233,4.54203041064476,0.117991955829696
10,BG,23,mIPS-R,RT_Down_anti_R,0.121333061595595,0.0710552243406851,0.19238828593628,0.00163827082157031,0.00178232273510161,4.53160538470696,0.112583100735067
10,BG,24,VIP-R,RT_Down_anti_R,0.0510929649442472,0.0750387059462175,0.126131670890465,0.00137264110526662,0.00149829591554486,4.54652338327594,0.118850855717145
10,BG,25,SPOC-R,RT_Down_anti_R,0.0834790865925526,0.0671866612874623,0.150665747880015,0.00145153392619313,0.00158582168734442,4.54265380847124,0.117480886141238
10,BG,26,S1-R,RT_Down_anti_R,0.107166499267834,0.0791904471705001,0.186356946438334,0.00163459227399027,0.00178368386988566,4.53396248138042,0.115033062027925
10,BG,27,M1-R,RT_Down_anti_R,0.0969134675907966,0.0592119732436788,0.156125440834475,0.00137748430723711,0.00149246017780885,4.54620084902605,0.115855272737882
10,BG,28,SMA-R,RT_Down_anti_R,0.0626350728407286,0.0730119229579055,0.135646995798634,0.0013462133400702,0.00147018525435094,4.54881103881484,0.117548746287597
10,BG,29,PMd-R,RT_Down_anti_R,0.0635231409672115,0.0972477842430968,0.160770925210308,0.00149227251388385,0.00161926776849767,4.54136239542143,0.115094361432034
10,BG,30,PMv-R,RT_Down_anti_R,0.0570589883724579,0.0618447783341175,0.118903766706575,0.00117610903950391,0.00128398941984597,4.55704181361381,0.117446456082641
10,BG,31,FEF-R,RT_Down_anti_R,0.119652529403456,0.0555673136529145,0.175219843056371,0.00147932057102343,0.001612115441077,4.54008088841163,0.114478833025897
10,BG,32,POJ-R,RT_Down_anti_R,0.0625140255554253,0.0713745973200442,0.133888622875469,0.00134662471636906,0.00147251521362062,4.54832548895769,0.117776856886795
1,DOC,1,V1-L,RT_Upright_pro_L,0.0646870514330355,0.0596462282901432,0.124333279723179,0.00144841637772672,0.00153553876533006,4.66745730866602,0.11673329400047
1,DOC,2,V3-L,RT_Upright_pro_L,0.0535465126697064,0.0797618694384642,0.133308382108171,0.00159439519599955,0.00169493433039934,4.66077889461263,0.116726729206623
1,DOC,3,STS-L,RT_Upright_pro_L,0.0551717111463392,0.12514354356219,0.180315254708529,0.00180306618732262,0.00190762985291197,4.65310701408941,0.114513669149784
1,DOC,4,IPL-L,RT_Upright_pro_L,0.0985930942381264,0.0973576051277927,0.195950699365919,0.00170999655913503,0.00180487832905985,4.65717692562939,0.114136526237761
1,DOC,5,SPL-L,RT_Upright_pro_L,0.068106787869587,0.0622003604975165,0.130307148367103,0.00159922021088089,0.00169713054255296,4.66072319971997,0.116618866680995
1,DOC,6,AG-L,RT_Upright_pro_L,0.0919117420359767,0.0518848331050869,0.143796575141064,0.0016753250308954,0.00178188864309763,4.65692312214488,0.117060276964981
1,DOC,7,mIPS-L,RT_Upright_pro_L,0.0977750369959674,0.0928097399185988,0.190584776914566,0.00214644630530766,0.00227727630288026,4.63744980293317,0.115049562714061
1,DOC,8,VIP-L,RT_Upright_pro_L,0.162397130586804,0.0727199404864095,0.235117071073214,0.00181686979690149,0.00191383461742541,4.65141404889861,0.112830405221527
1,DOC,9,SPOC-L,RT_Upright_pro_L,0.100492920139445,0.102563234780135,0.203056154919581,0.00195545006954644,0.00206931080040304,4.64473619780456,0.112586798408056
1,DOC,10,S1-L,RT_Upright_pro_L,0.102123328570883,0.136229930088219,0.238353258659103,0.00190052628685426,0.00201178920950273,4.64686674463453,0.112204528506901
1,DOC,11,M1-L,RT_Upright_pro_L,0.0537415796900591,0.129813735300505,0.183555314990564,0.00168625227527133,0.00179382549943317,4.65515465222588,0.114555992307148
1,DOC,12,SMA-L,RT_Upright_pro_L,0.0637296989248079,0.0737526376112672,0.137482336536075,0.00157532366027548,0.00167489209780946,4.66122094779376,0.115988539006233
1,DOC,13,PMd-L,RT_Upright_pro_L,0.0510250264621131,0.0880944726528675,0.139119499114981,0.00152486384669263,0.00161987805094398,4.6641091960956,0.115985382573203
1,DOC,14,PMv-L,RT_Upright_pro_L,0.0476294663401041,0.0404127740290317,0.0880422403691358,0.00105961323410821,0.00112607570985894,4.68784740753834,0.117515450928765
1,DOC,15,FEF-L,RT_Upright_pro_L,0.0785107755356683,0.0605576288935977,0.139068404429266,0.00138582999541497,0.0014671093729653,4.67107214025556,0.115083737509002
1,DOC,16,POJ-L,RT_Upright_pro_L,0.062767932294571,0.0774176855498918,0.140185617844463,0.0015713986232459,0.00166369873063581,4.66248408516996,0.116209786359812
1,DOC,17,V1-R,RT_Upright_pro_L,0.0338040888149715,0.0470123077889322,0.0808163966039037,0.00104250986023542,0.00110498321056134,4.68894577412676,0.118673960587695
1,DOC,18,V3-R,RT_Upright_pro_L,0.057614081862301,0.071305760622805,0.128919842485106,0.00141603661650777,0.0015025774326814,4.66848497245619,0.116717644926593
1,DOC,19,STS-R,RT_Upright_pro_L,0.0935932612404268,0.0330433149908775,0.126636576231304,0.00131664142830457,0.00139659792326302,4.67435531284013,0.115950465173362
1,DOC,20,IPL-R,RT_Upright_pro_L,0.0868225343263582,0.0548212853494513,0.141643819675809,0.00164426054039827,0.00174499966035939,4.65935583769976,0.116331141776644
1,DOC,21,SPL-R,RT_Upright_pro_L,0.125858789681296,0.0835008352266722,0.209359624907968,0.00211901051779026,0.00224755539691891,4.63923204402347,0.113168986431385
1,DOC,22,AG-R,RT_Upright_pro_L,0.0951314956835138,0.102135862065373,0.197267357748887,0.00209277237831405,0.00222086155359409,4.64036680177154,0.114462783850508
1,DOC,23,mIPS-R,RT_Upright_pro_L,0.0999568290414537,0.111969148415801,0.211925977457255,0.00217806022733426,0.0023107446407986,4.63708114581805,0.113166694204961
1,DOC,24,VIP-R,RT_Upright_pro_L,0.0922088605733646,0.0698486573068552,0.16205751788022,0.00184270033394612,0.00195319798817581,4.65077196075057,0.115693992671056
1,DOC,25,SPOC-R,RT_Upright_pro_L,0.0731072189982132,0.0843493599858888,0.157456578984102,0.00168978615061588,0.00178187066665608,4.65865988953435,0.115316929735877
1,DOC,26,S1-R,RT_Upright_pro_L,0.0890153433095673,0.0801926054188789,0.169207948728446,0.00172963817461687,0.00182471694937125,4.6549430326852,0.114768881030696
1,DOC,27,M1-R,RT_Upright_pro_L,0.100507011944858,0.0641046212187928,0.164611633163651,0.00184277236443486,0.00194997719783117,4.65034705648947,0.115866000960599
1,DOC,28,SMA-R,RT_Upright_pro_L,0.0521786040250866,0.0734790875054715,0.125657691530558,0.00158185342144465,0.00168275673742495,4.66146910479388,0.117647857295165
1,DOC,29,PMd-R,RT_Upright_pro_L,0.0495397863559593,0.0894666731737884,0.139006459529748,0.00158403151551451,0.0016851635695705,4.66039338307766,0.116773143559114
1,DOC,30,PMv-R,RT_Upright_pro_L,0.0482754830156409,0.0416782684149564,0.0899537514305973,0.00110112247973631,0.0011630601395509,4.6864977889321,0.117283104150844
1,DOC,31,FEF-R,RT_Upright_pro_L,0.064318898257193,0.0684409471951293,0.132759845452322,0.00140419957449643,0.0014880880851296,4.66919282377903,0.115242509990813
1,DOC,32,POJ-R,RT_Upright_pro_L,0.0851657328220928,0.0735928608741005,0.158758593696193,0.00176583989696556,0.00186896483864975,4.65491980583096,0.115796069650536
2,GB,1,V1-L,RT_Upright_pro_L,0.0339574493302134,0.0499533603393159,0.0839108096695294,0.00107606787864743,0.00116035216624444,4.63178906409916,0.132690451288986
2,GB,2,V3-L,RT_Upright_pro_L,0.0521603513674439,0.0412744882201652,0.0934348395876091,0.00109689019923545,0.00118627495935407,4.62998455348791,0.13274617707632
2,GB,3,STS-L,RT_Upright_pro_L,0.0534079661412816,0.0453868169749852,0.0987947831162669,0.00119517559920403,0.00129151663126106,4.62479344754569,0.132324518476937
2,GB,4,IPL-L,RT_Upright_pro_L,0.0869963601394843,0.0497503565834347,0.136746716722919,0.00143325189086676,0.00153671320303492,4.61395083910258,0.129778193456986
2,GB,5,SPL-L,RT_Upright_pro_L,0.073978312471182,0.0829009695208942,0.156879281992076,0.00167142326418088,0.00179502594905039,4.60295609934678,0.128001528533891
2,GB,6,AG-L,RT_Upright_pro_L,0.0617626340647302,0.0574564976874738,0.119219131752204,0.00140750550036009,0.00151983156836097,4.61285186998797,0.131854097628574
2,GB,7,mIPS-L,RT_Upright_pro_L,0.077102018552928,0.0671916874257164,0.144293705978644,0.00154887172818425,0.00166660374936512,4.60828324477343,0.130073970202824
2,GB,8,VIP-L,RT_Upright_pro_L,0.119423802488441,0.101776939962819,0.22120074245126,0.00213323602481865,0.00230022586485526,4.57940124420689,0.124993768673705
2,GB,9,SPOC-L,RT_Upright_pro_L,0.110493812685066,0.0837676227744891,0.194261435459555,0.00185111077526071,0.00200630666203453,4.5914838502056,0.128503864502831
2,GB,10,S1-L,RT_Upright_pro_L,0.0603330083206849,0.0805533220742782,0.140886330394963,0.00165661992887809,0.00178747152015562,4.60230080153925,0.131068683052083
2,GB,11,M1-L,RT_Upright_pro_L,0.0346691516784845,0.0908901837242077,0.125559335402692,0.00130860420235084,0.00141004766262222,4.61867812574565,0.131048345974257
2,GB,12,SMA-L,RT_Upright_pro_L,0.0987793986769901,0.0775237554446731,0.176303154121663,0.00183005188947271,0.00197798016320742,4.59373577845607,0.129054171388402
2,GB,13,PMd-L,RT_Upright_pro_L,0.0870470250126135,0.0577293589918515,0.144776384004465,0.00141667887835949,0.00151875617342819,4.61482074038231,0.12925132748926
2,GB,14,PMv-L,RT_Upright_pro_L,0.0498442174346779,0.0540924784202125,0.10393669585489,0.00119385816405654,0.00128009106724424,4.62631494036714,0.131933061471458
2,GB,15,FEF-L,RT_Upright_pro_L,0.0869221551576231,0.062735171356253,0.149657326513876,0.00158973146079703,0.00172576246708669,4.60336148528515,0.1295919666785
2,GB,16,POJ-L,RT_Upright_pro_L,0.0841362896452499,0.0903476875598856,0.174483977205135,0.00173069416051177,0.00187704100969273,4.59767161143489,0.129846636283501
2,GB,17,V1-R,RT_Upright_pro_L,0.0474309395789134,0.0437232393059895,0.0911541788849029,0.00112193504556227,0.00120532074973946,4.62928364257833,0.131537995373483
2,GB,18,V3-R,RT_Upright_pro_L,0.0946751118894055,0.111122981349494,0.205798093238899,0.00186733982784175,0.00201922533426487,4.59092899933728,0.125662171154033
2,GB,19,STS-R,RT_Upright_pro_L,0.0525173774382433,0.0616861995072613,0.114203576945505,0.00136655429151589,0.00147433453547427,4.61583450475978,0.131054291833568
2,GB,20,IPL-R,RT_Upright_pro_L,0.0659622982607668,0.0876202779228291,0.153582576183596,0.00164554728864728,0.0017784365969247,4.60367269726579,0.130126671447284
2,GB,21,SPL-R,RT_Upright_pro_L,0.0808710221551846,0.101008424775784,0.181879446930969,0.00173326021300309,0.00187212820954904,4.5974493038017,0.128440402199529
2,GB,22,AG-R,RT_Upright_pro_L,0.0738570118637668,0.0483366948626437,0.122193706726411,0.00138173063430554,0.00149315698132226,4.6158255946706,0.130945393877183
2,GB,23,mIPS-R,RT_Upright_pro_L,0.0933204171758722,0.0406195608319091,0.133939978007781,0.00139907785408748,0.00150298147590136,4.61513465821833,0.130658420693712
2,GB,24,VIP-R,RT_Upright_pro_L,0.0655793709055215,0.109840343241508,0.17541971414703,0.0017134625969002,0.00184274342803428,4.60045262744445,0.127730064581102
2,GB,25,SPOC-R,RT_Upright_pro_L,0.0594868714130401,0.100341992558968,0.159828863972009,0.00144884985813198,0.00155239957911251,4.61197572993635,0.128198353501709
2,GB,26,S1-R,RT_Upright_pro_L,0.103990457197293,0.0753654316345976,0.17935588883189,0.00168115004834012,0.0018094701697904,4.60297562050929,0.126518696494137
2,GB,27,M1-R,RT_Upright_pro_L,0.0998357185772996,0.109166330624534,0.209002049201833,0.00184663302111534,0.00198495207930904,4.59313570795527,0.124083306033466
2,GB,28,SMA-R,RT_Upright_pro_L,0.115096183253331,0.0894677451196924,0.204563928373023,0.00170713102921386,0.0018444535756843,4.60021984880098,0.125428669718753
2,GB,29,PMd-R,RT_Upright_pro_L,0.140949299882905,0.150779170469472,0.291728470352377,0.00223744491645215,0.00238646970205584,4.57512696221595,0.116565300210124
2,GB,30,PMv-R,RT_Upright_pro_L,0.0420045680846082,0.0403224274057735,0.0823269954903816,0.00109392490472676,0.00118676475748799,4.62884360626116,0.13298356080508
2,GB,31,FEF-R,RT_Upright_pro_L,0.0449987843947684,0.110590566996219,0.155589351390988,0.00146143387720927,0.00156886545034911,4.61205732475579,0.128425852054062
2,GB,32,POJ-R,RT_Upright_pro_L,0.0721815573802396,0.0504488589509214,0.122630416331161,0.00126746888208564,0.00136333107766519,4.62110557992887,0.130661639015251
3,JDC,1,V1-L,RT_Upright_pro_L,0.125539122968952,0.0681019033224394,0.193641026291391,0.00156013558651536,0.0017043118328388,4.59828526822355,0.127983514459036
3,JDC,2,V3-L,RT_Upright_pro_L,0.0644540913873439,0.071781368329157,0.136235459716501,0.00139777449674192,0.00153775498031145,4.6077792589177,0.131429903284556
3,JDC,3,STS-L,RT_Upright_pro_L,0.101661700327578,0.0400142819773873,0.141675982304965,0.00130249853054595,0.00141963939878653,4.61229016432379,0.131188415006446
3,JDC,4,IPL-L,RT_Upright_pro_L,0.119504851140621,0.0925606873549795,0.2120655384956,0.00175498432784888,0.00192237131925553,4.59087156240397,0.126949730109708
3,JDC,5,SPL-L,RT_Upright_pro_L,0.119115929302204,0.0769884985192274,0.196104427821431,0.00182163375391517,0.00199311129944293,4.58838839340226,0.128583191193157
3,JDC,6,AG-L,RT_Upright_pro_L,0.0584506617646191,0.0944523702382869,0.152903032002906,0.00136214517641307,0.00149564744569305,4.60997104245154,0.129594242690789
3,JDC,7,mIPS-L,RT_Upright_pro_L,0.075072473097339,0.0783362980248668,0.153408771122206,0.0015453031864404,0.00169502140872599,4.6019220515872,0.130483915764924
3,JDC,8,VIP-L,RT_Upright_pro_L,0.106438953605632,0.0639634274019826,0.170402381007615,0.001582831977529,0.00173306277558674,4.60010341627786,0.130742462247504
3,JDC,9,SPOC-L,RT_Upright_pro_L,0.0618765468063886,0.111873597982248,0.173750144788636,0.0016711682207088,0.00183880511006304,4.59553314672461,0.130218120404497
3,JDC,10,S1-L,RT_Upright_pro_L,0.064881305751136,0.0737217851938539,0.13860309094499,0.00149166323314514,0.00163641936307607,4.60551006204011,0.131861297387438
3,JDC,11,M1-L,RT_Upright_pro_L,0.0569730013807947,0.0654888401688499,0.122461841549645,0.0014199750710528,0.00155086699511502,4.60949148886716,0.133450987291413
3,JDC,12,SMA-L,RT_Upright_pro_L,0.0402509096087412,0.0819595367594673,0.122210446368209,0.00124589304496287,0.00135566467280684,4.61781041998525,0.132692180413273
3,JDC,13,PMd-L,RT_Upright_pro_L,0.0872914011654116,0.120922217889467,0.208213619054878,0.00184718440750055,0.00202345335940434,4.58685359835963,0.127186442361318
3,JDC,14,PMv-L,RT_Upright_pro_L,0.0617204514005993,0.052413831616075,0.114134283016674,0.00127296558251707,0.00140264527981513,4.61399679735118,0.133169249867792
3,JDC,15,FEF-L,RT_Upright_pro_L,0.0966741142669261,0.128169485639578,0.224843599906504,0.0018917546356068,0.00205752516138719,4.58489502721193,0.124669355741932
3,JDC,16,POJ-L,RT_Upright_pro_L,0.110354282531033,0.0708987162633421,0.181252998794375,0.0016469125008024,0.00180241947490627,4.59633150181706,0.129772362436614
3,JDC,17,V1-R,RT_Upright_pro_L,0.0646656538058466,0.0241594001033966,0.0888250539092432,0.000977445566972245,0.00107341604557753,4.6321976379128,0.13429069137359
3,JDC,18,V3-R,RT_Upright_pro_L,0.0570079970330319,0.0365180399379825,0.0935260369710144,0.000987301020381671,0.00108079121253673,4.63209078759273,0.133166617004616
3,JDC,19,STS-R,RT_Upright_pro_L,0.115782392246266,0.0620919422401723,0.177874334486438,0.00152354498861875,0.00165602053357585,4.60189989456209,0.130003350353711
3,JDC,20,IPL-R,RT_Upright_pro_L,0.0420264335802403,0.0822865127686695,0.12431294634891,0.00140093735683396,0.00153460648938761,4.60888102783484,0.133163129622073
3,JDC,21,SPL-R,RT_Upright_pro_L,0.0464861370839571,0.111464886381315,0.157951023465272,0.00150331712199007,0.00165325336081364,4.60307954538462,0.131453980951996
3,JDC,22,AG-R,RT_Upright_pro_L,0.0725883829771247,0.0734028737620783,0.145991256739203,0.00160822603307098,0.00177179429239404,4.59739610181286,0.131202571431114
3,JDC,23,mIPS-R,RT_Upright_pro_L,0.083449153969722,0.0686111769295628,0.152060330899285,0.00150316094644412,0.00165527742948356,4.60270655481747,0.131188423492656
3,JDC,24,VIP-R,RT_Upright_pro_L,0.0779691513454152,0.089926499934681,0.167895651280096,0.00161556790939893,0.00176838795789739,4.59867362484606,0.130357632321403
3,JDC,25,SPOC-R,RT_Upright_pro_L,0.0678368468631133,0.11767899662153,0.185515843484643,0.00160198153073864,0.0017574391970319,4.59609944048078,0.129071841086282
3,JDC,26,S1-R,RT_Upright_pro_L,0.0675719695807454,0.0569847111105366,0.124556680691282,0.00140115291108546,0.00153537946417142,4.60851242088618,0.132712451783981
3,JDC,27,M1-R,RT_Upright_pro_L,0.0706275383261911,0.0591314486555603,0.129758986981751,0.00150985176053555,0.0016572473314796,4.60338284787828,0.132449738860098
3,JDC,28,SMA-R,RT_Upright_pro_L,0.0547589279241509,0.072452129824587,0.127211057748738,0.00139802043301406,0.0015257048277942,4.61020110497118,0.132528270351308
3,JDC,29,PMd-R,RT_Upright_pro_L,0.0607916798321184,0.0786632129547234,0.139454892786842,0.00151774744392151,0.0016547539702858,4.60328233480833,0.13246822863305
3,JDC,30,PMv-R,RT_Upright_pro_L,0.069010962076567,0.0801409198459064,0.149151881922473,0.00149886880377887,0.00164837318540712,4.60264311601884,0.131540025098535
3,JDC,31,FEF-R,RT_Upright_pro_L,0.0784681109189783,0.0822228804957594,0.160690991414738,0.00151310089728491,0.00164702086367752,4.60362569141461,0.129089555850671
3,JDC,32,POJ-R,RT_Upright_pro_L,0.125082158999474,0.117000814820592,0.242082973820066,0.00200636214257321,0.00218579957252928,4.57927039936143,0.125665006718181
4,JFXD,1,V1-L,RT_Upright_pro_L,0.0751960001173825,0.0659704216236781,0.141166421741061,0.00176251163549772,0.00184926188562714,4.72365735828339,0.115261779049939
4,JFXD,2,V3-L,RT_Upright_pro_L,0.0955084267591449,0.0653327037778235,0.160841130536968,0.0017946774059575,0.00188819703201281,4.7220055318446,0.114797884950722
4,JFXD,3,STS-L,RT_Upright_pro_L,0.0436025425604907,0.0501169348084247,0.0937194773689154,0.00135427809126309,0.00142043967033404,4.7434895957584,0.117142916327814
4,JFXD,4,IPL-L,RT_Upright_pro_L,0.0641313222572062,0.085353278902296,0.149484601159502,0.00178750501685501,0.00187837738406734,4.72228040046159,0.115713473015509
4,JFXD,5,SPL-L,RT_Upright_pro_L,0.0691820028929628,0.0710235913720366,0.140205594264999,0.00167364128855873,0.00175223260867963,4.72816258394795,0.116051123701856
4,JFXD,6,AG-L,RT_Upright_pro_L,0.0350245558140002,0.0912102219482717,0.126234777762272,0.00158496647702343,0.00165744217070265,4.73280366284944,0.116581012464386
4,JFXD,7,mIPS-L,RT_Upright_pro_L,0.0726562573239359,0.0939933229159381,0.166649580239874,0.0019878642488136,0.00208858431924365,4.71456842698729,0.115805930450724
4,JFXD,8,VIP-L,RT_Upright_pro_L,0.0716524467877903,0.0588386927787202,0.13049113956651,0.0015845928492749,0.00166254394530591,4.73228546933424,0.116171876918127
4,JFXD,9,SPOC-L,RT_Upright_pro_L,0.066199178623134,0.0721251338646058,0.13832431248774,0.00171135385239768,0.00179409322919498,4.72577440459915,0.115867012296951
4,JFXD,10,S1-L,RT_Upright_pro_L,0.0571262672893605,0.0941159567413544,0.151242224030715,0.00171157466402235,0.00179358749331888,4.72651063288714,0.115355515709758
4,JFXD,11,M1-L,RT_Upright_pro_L,0.0576921061244225,0.102337746539836,0.160029852664259,0.00181550885613462,0.00190992074504187,4.72124578537746,0.114937998163817
4,JFXD,12,SMA-L,RT_Upright_pro_L,0.0427852275950888,0.104244807258847,0.147030034853936,0.00154677822097678,0.00162042185289604,4.73514488293192,0.115501612823139
4,JFXD,13,PMd-L,RT_Upright_pro_L,0.0527866046755497,0.105636818472616,0.158423423148165,0.0017414457426565,0.00183346662033408,4.72453931052531,0.115213764644065
4,JFXD,14,PMv-L,RT_Upright_pro_L,0.177734210806796,0.0874122196772401,0.265146430484036,0.00238139830085134,0.00251048583528927,4.69541607392287,0.110295538623346
4,JFXD,15,FEF-L,RT_Upright_pro_L,0.0812039315685892,0.14576227041781,0.226966201986399,0.00200620384338369,0.00210104113829569,4.71326253989183,0.111301424435806
4,JFXD,16,POJ-L,RT_Upright_pro_L,0.0744036914778217,0.0721190588592733,0.146522750337095,0.00173219604712794,0.00182355027600873,4.72392810444441,0.11595463196946
4,JFXD,17,V1-R,RT_Upright_pro_L,0.0586049159888312,0.0583729050434832,0.116977821032314,0.00141339346146249,0.001480478533853,4.7396983172017,0.116218199772362
4,JFXD,18,V3-R,RT_Upright_pro_L,0.0850676762083676,0.0760898979002388,0.161157574108606,0.00189379470107023,0.00199285223891301,4.71656294294193,0.114402032354947
4,JFXD,19,STS-R,RT_Upright_pro_L,0.152392967843388,0.0661561452149767,0.218549113058365,0.00226101414198687,0.0023875439394039,4.7011654392403,0.113337966587916
4,JFXD,20,IPL-R,RT_Upright_pro_L,0.15910134249525,0.06313303827783,0.22223438077308,0.00218306732700249,0.00230865052113048,4.70424538204066,0.113539803232756
4,JFXD,21,SPL-R,RT_Upright_pro_L,0.0843179591703142,0.0806986212467024,0.165016580417017,0.00186955112592784,0.00196682172561759,4.71852487053189,0.11460700873772
4,JFXD,22,AG-R,RT_Upright_pro_L,0.0695082117758788,0.0667909130682035,0.136299124844082,0.00150520090501204,0.00157645959257951,4.73551854735298,0.115287985555559
4,JFXD,23,mIPS-R,RT_Upright_pro_L,0.103585633932677,0.0752687688751278,0.178854402807804,0.00168693566062938,0.00176765731159437,4.7276532998628,0.113178485461724
4,JFXD,24,VIP-R,RT_Upright_pro_L,0.126333577473713,0.0598387848847546,0.186172362358467,0.00193966219915087,0.00204844388478914,4.71474060566225,0.114403923591363
4,JFXD,25,SPOC-R,RT_Upright_pro_L,0.0576237790412735,0.0634866744691831,0.121110453510457,0.00157906805252651,0.00166233417923418,4.73209508286922,0.116926881192997
4,JFXD,26,S1-R,RT_Upright_pro_L,0.0780925246410717,0.123384183582247,0.201476708223319,0.00218469148387566,0.00229401826607153,4.70539718251786,0.112983967684162
4,JFXD,27,M1-R,RT_Upright_pro_L,0.0533576008407961,0.0841156152391909,0.137473216079987,0.00168894320585519,0.00177438743934621,4.7269837646231,0.115512311182004
4,JFXD,28,SMA-R,RT_Upright_pro_L,0.0415555979085217,0.101223124475317,0.142778722383839,0.00151698539302778,0.00158871586923385,4.73627716299538,0.115566120130424
4,JFXD,29,PMd-R,RT_Upright_pro_L,0.0521864522415076,0.0424919440727345,0.0946783963142421,0.00132401382983326,0.00139358092952009,4.74406124722048,0.117161730443566
4,JFXD,30,PMv-R,RT_Upright_pro_L,0.102480154100379,0.115486882808654,0.217967036909033,0.00229906442040305,0.00242339612498999,4.70065305636889,0.111734590083108
4,JFXD,31,FEF-R,RT_Upright_pro_L,0.0913993367885068,0.0627512113122593,0.154150548100766,0.00173844612304173,0.00182922420509599,4.7245535954599,0.114876093019023
4,JFXD,32,POJ-R,RT_Upright_pro_L,0.109714534374694,0.0573251470691704,0.167039681443865,0.00176286001876774,0.00185293198633491,4.72281836798437,0.114162741081118
5,JZ,1,V1-L,RT_Upright_pro_L,0.0769088834677653,0.0441145369728083,0.121023420440574,0.00140382313114094,0.00152856986159975,4.58825986108504,0.125132836785589
5,JZ,2,V3-L,RT_Upright_pro_L,0.0517703996332667,0.053795389011801,0.105565788645068,0.00126359172715566,0.00137145565173753,4.59691092509699,0.125379214484299
5,JZ,3,STS-L,RT_Upright_pro_L,0.0563375047561196,0.0498078319149579,0.106145336671077,0.00106125787438447,0.00114415697019579,4.60787249400729,0.124287995549446
5,JZ,4,IPL-L,RT_Upright_pro_L,0.0664079708185043,0.11386146650017,0.180269437318675,0.001666949521104,0.00180360888016415,4.57765533272151,0.1222942653999
5,JZ,5,SPL-L,RT_Upright_pro_L,0.0993664877934058,0.10282195634789,0.202188444141296,0.00177781649878883,0.00193091893179744,4.57109156532196,0.121672907013916
5,JZ,6,AG-L,RT_Upright_pro_L,0.0754379857110049,0.0671975284569071,0.142635514167912,0.00147231766026711,0.00159709698255715,4.58624355543144,0.124535845887261
5,JZ,7,mIPS-L,RT_Upright_pro_L,0.0915722526380512,0.0582984028047186,0.14987065544277,0.00143051903464438,0.0015458253260214,4.5881269283065,0.122968987811574
5,JZ,8,VIP-L,RT_Upright_pro_L,0.14002590469147,0.0893276645824978,0.229353569273968,0.0018487765483232,0.00199863479872229,4.56828142544795,0.120761101341198
5,JZ,9,SPOC-L,RT_Upright_pro_L,0.0660831667579682,0.0577893451731789,0.123872511931147,0.00134231949744562,0.00144653226374229,4.59368220756405,0.124026407498376
5,JZ,10,S1-L,RT_Upright_pro_L,0.102212708517964,0.144344160745335,0.246556869263299,0.00188226542898977,0.00203487734578366,4.56727866811254,0.118939855285018
5,JZ,11,M1-L,RT_Upright_pro_L,0.0685274095118937,0.177907817863482,0.246435227375376,0.00193429040402294,0.0020882605372091,4.56442112373952,0.118884979739135
5,JZ,12,SMA-L,RT_Upright_pro_L,0.0654646165129163,0.0577090657739106,0.123173682286827,0.00132095152452156,0.00143695297223815,4.59365623920136,0.124736904789894
5,JZ,13,PMd-L,RT_Upright_pro_L,0.0741960260116673,0.0924819268046033,0.166677952816271,0.00151017306671213,0.00162993491387415,4.58327636977488,0.121145344997368
5,JZ,14,PMv-L,RT_Upright_pro_L,0.042542671626558,0.0842151425249106,0.126757814151469,0.00126458124950398,0.00137878741492281,4.59441536325555,0.123917506563753
5,JZ,15,FEF-L,RT_Upright_pro_L,0.0530222016865575,0.0767834352210838,0.129805636907641,0.00129302460202901,0.00140265457835414,4.59616445268682,0.123965831774961
5,JZ,16,POJ-L,RT_Upright_pro_L,0.0418857843129093,0.0433773598899202,0.0852631442028295,0.00109572608667815,0.00118915389002845,4.60498540964128,0.127052814514242
5,JZ,17,V1-R,RT_Upright_pro_L,0.151997743558294,0.0660994896166665,0.218097233174961,0.00173490899905647,0.00186855322218153,4.57282466420619,0.118005116716189
5,JZ,18,V3-R,RT_Upright_pro_L,0.116830907073429,0.0442527405512747,0.161083647624704,0.00160252872485017,0.00173531210372599,4.5797219315616,0.123287384044595
5,JZ,19,STS-R,RT_Upright_pro_L,0.112033387313007,0.0554188767411324,0.16745226405414,0.00152087414566126,0.00163739123629758,4.58456086760258,0.122919343436713
5,JZ,20,IPL-R,RT_Upright_pro_L,0.0610393786245734,0.108330637185437,0.16937001581001,0.00164951019095809,0.00179446946272391,4.57654270422444,0.123448871885108
5,JZ,21,SPL-R,RT_Upright_pro_L,0.0574985493598492,0.0938502545637978,0.151348803923647,0.00165812426390689,0.0017999535078044,4.57668473847443,0.124185646775386
5,JZ,22,AG-R,RT_Upright_pro_L,0.0931222696537476,0.0942509305639658,0.187373200217713,0.00166949660735594,0.00180026159370405,4.57615998660799,0.121323299208344
5,JZ,23,mIPS-R,RT_Upright_pro_L,0.0582808237344076,0.0956139936858907,0.153894817420298,0.00160385874770615,0.00173638812419217,4.5794207175345,0.122668739336932
5,JZ,24,VIP-R,RT_Upright_pro_L,0.0855204100843798,0.113184841062642,0.198705251147022,0.00177863260780468,0.00192896650248888,4.57050034822249,0.120703423185948
5,JZ,25,SPOC-R,RT_Upright_pro_L,0.0925584055677285,0.0361908416519308,0.128749247219659,0.00128624582153627,0.00139267957901936,4.59480013805205,0.123884610933618
5,JZ,26,S1-R,RT_Upright_pro_L,0.0632347868590091,0.0772965306328095,0.140531317491819,0.00144202071507237,0.00155819725965065,4.58800467344219,0.124187463084007
5,JZ,27,M1-R,RT_Upright_pro_L,0.0515584268501201,0.0824732249995815,0.134031651849702,0.00134705188400547,0.00145782057259507,4.59139690998688,0.122224583093827
5,JZ,28,SMA-R,RT_Upright_pro_L,0.0527300431182072,0.062706034018461,0.115436077136668,0.00122277964133037,0.00132591438806803,4.59996507181813,0.125109962115647
5,JZ,29,PMd-R,RT_Upright_pro_L,0.0606817481088262,0.0872242731347089,0.147906021243535,0.0015761393227057,0.00170226369428309,4.58215610250342,0.123963381300782
5,JZ,30,PMv-R,RT_Upright_pro_L,0.0677931031730743,0.0383136037810141,0.106106706954088,0.00117709025914829,0.00128114930488682,4.60027467148806,0.12523109337922
5,JZ,31,FEF-R,RT_Upright_pro_L,0.105210428624615,0.0489543240064834,0.154164752631098,0.00142531676350114,0.0015401396504465,4.58891592738531,0.12286371126001
5,JZ,32,POJ-R,RT_Upright_pro_L,0.0654123185056994,0.0492710778730188,0.114683396378718,0.00110709837927019,0.00119159944337488,4.60483549084879,0.124966731287241
6,LT,1,V1-L,RT_Upright_pro_L,0.0610738055762789,0.0475582435777207,0.108632049154,0.00120883944236988,0.00129544195225487,4.52997974718417,0.10681325271219
6,LT,2,V3-L,RT_Upright_pro_L,0.0419252089037475,0.0542649612988509,0.0961901702025984,0.000987734408558328,0.00106146033400846,4.54321719873476,0.105488538337312
6,LT,3,STS-L,RT_Upright_pro_L,0.0358265435214682,0.053511006340365,0.0893375498618332,0.00110087573378315,0.00117998925315186,4.5385037821142,0.106946555213118
6,LT,4,IPL-L,RT_Upright_pro_L,0.103090233238085,0.0848145555256935,0.187904788763778,0.00157169537954587,0.00167368370399163,4.51626177615922,0.102767186405447
6,LT,5,SPL-L,RT_Upright_pro_L,0.0368980042615571,0.0749120042018241,0.111810008463381,0.00125107161333747,0.00134069665702091,4.52950380537609,0.105773160857486
6,LT,6,AG-L,RT_Upright_pro_L,0.0837302028617687,0.0631958795557822,0.146926082417551,0.00128819212285398,0.00137803115803467,4.52839410322136,0.102731545386753
6,LT,7,mIPS-L,RT_Upright_pro_L,0.0377548964725077,0.0932823413807643,0.131037237853272,0.00129568477662702,0.00138881774357327,4.52776352437153,0.105442050842827
6,LT,8,VIP-L,RT_Upright_pro_L,0.107335723239553,0.103567825850374,0.210903549089927,0.00172062937060259,0.00184285358424612,4.50861121174272,0.101666658139987
6,LT,9,SPOC-L,RT_Upright_pro_L,0.0857248124231036,0.064166834078208,0.149891646501312,0.00160395631173436,0.00171707451877907,4.51155479941657,0.103244194876311
6,LT,10,S1-L,RT_Upright_pro_L,0.132824599621215,0.0962410121216404,0.229065611742856,0.00187517280878532,0.00200365221852594,4.50171512986292,0.101444553430905
6,LT,11,M1-L,RT_Upright_pro_L,0.12767413803587,0.140557125588216,0.268231263624086,0.00222202554409559,0.0023879758199316,4.48474232902233,0.098816813640249
6,LT,12,SMA-L,RT_Upright_pro_L,0.161581084440139,0.103332602011182,0.264913686451321,0.00194624222981119,0.00208563199606546,4.49577323620167,0.0982427873262013
6,LT,13,PMd-L,RT_Upright_pro_L,0.0596414154122565,0.0383767199953475,0.098018135407604,0.00117399373156024,0.00126649057994654,4.53337969218798,0.107505729503474
6,LT,14,PMv-L,RT_Upright_pro_L,0.120110253310766,0.0292064728008594,0.149316726111625,0.00145939951029017,0.00157136924675295,4.51816459621006,0.104992297157817
6,LT,15,FEF-L,RT_Upright_pro_L,0.0856887841879291,0.0721895402826388,0.157878324470568,0.00161030426990452,0.00172904927771074,4.51073753737025,0.105047014815177
6,LT,16,POJ-L,RT_Upright_pro_L,0.0502105391201852,0.0671313156672283,0.117341854787413,0.0013190750018746,0.00141507915724224,4.52504425833211,0.106167568743366
6,LT,17,V1-R,RT_Upright_pro_L,0.0537436010487823,0.0710021639853652,0.124745765034148,0.00143000354024258,0.00153819155054872,4.51812692390699,0.106439379135174
6,LT,18,V3-R,RT_Upright_pro_L,0.053436332454252,0.0445760840343609,0.0980124164886129,0.00123689830225815,0.00133657271563267,4.52992461413759,0.107360128740577
6,LT,19,STS-R,RT_Upright_pro_L,0.0412731756990383,0.0454765332373052,0.0867497089363435,0.00101882866436924,0.00109217290031203,4.5413070934805,0.106605659322557
6,LT,20,IPL-R,RT_Upright_pro_L,0.0374048196334888,0.0796172083754265,0.117022028008915,0.00126839193943486,0.0013646029772154,4.52737192116166,0.105813784063293
6,LT,21,SPL-R,RT_Upright_pro_L,0.0462277149883378,0.0386865725365696,0.0849142875249074,0.00106602218052758,0.00115270230822239,4.53815698434372,0.108077726340139
6,LT,22,AG-R,RT_Upright_pro_L,0.0463505033426714,0.0576892674248189,0.10403977076749,0.00116015955656761,0.00124276204684141,4.53270020642404,0.106454040623117
6,LT,23,mIPS-R,RT_Upright_pro_L,0.0469572972480845,0.0486861984410273,0.0956434956891117,0.00117302133566701,0.00126240547379131,4.53268410183112,0.107306789786229
6,LT,24,VIP-R,RT_Upright_pro_L,0.0335580508570281,0.0915369738932891,0.125095024750317,0.00131584028769476,0.00141637930946061,4.52573726488701,0.106083363950329
6,LT,25,SPOC-R,RT_Upright_pro_L,0.0480217811334075,0.0671523792551079,0.115174160388515,0.0012842086121128,0.00137676172988467,4.52727675181632,0.105609914357333
6,LT,26,S1-R,RT_Upright_pro_L,0.10631117643428,0.0513381472066189,0.157649323640899,0.00146492805793615,0.00157045303408143,4.51637948809747,0.104158799281237
6,LT,27,M1-R,RT_Upright_pro_L,0.0498721383733012,0.0463675291348387,0.0962396675081399,0.00112159243123399,0.00120279886974182,4.53617554061725,0.10652039199156
6,LT,28,SMA-R,RT_Upright_pro_L,0.0663093976824212,0.146741839186615,0.213051236869036,0.0017802532681418,0.0019178138919243,4.50202489421242,0.101130514239719
6,LT,29,PMd-R,RT_Upright_pro_L,0.024566794641135,0.0662460216540338,0.0908128162951688,0.00108250518767725,0.00116008623169796,4.53897831469797,0.107186695540258
6,LT,30,PMv-R,RT_Upright_pro_L,0.0590221871172519,0.0455965970465596,0.104618784163812,0.00113793100975582,0.00121792505282618,4.53510328303358,0.107004339327913
6,LT,31,FEF-R,RT_Upright_pro_L,0.0696931184141507,0.0531647379926759,0.122857856406827,0.00138129016419161,0.00148105964983761,4.52099887345122,0.105819686718561
6,LT,32,POJ-R,RT_Upright_pro_L,0.0709916605835213,0.0446433005962767,0.115634961179798,0.00137824542244884,0.001486275798358,4.52222881464366,0.106907267092689
7,NvA,1,V1-L,RT_Upright_pro_L,0.0504407045993773,0.0764449464135864,0.126885651012964,0.0014462633484256,0.00157291499756238,4.64794293020153,0.139651149134589
7,NvA,2,V3-L,RT_Upright_pro_L,0.0975917289788741,0.078362354912344,0.175954083891218,0.0016871764252524,0.00183756693891219,4.63576062110406,0.137072929541429
7,NvA,3,STS-L,RT_Upright_pro_L,0.0491233238644529,0.0321768621949443,0.0813001860593972,0.00109846124575186,0.00119541749281849,4.66672832346774,0.142188934187714
7,NvA,4,IPL-L,RT_Upright_pro_L,0.0997299974561578,0.19994691592435,0.299676913380508,0.00197088217730919,0.0021367807187573,4.62247866812586,0.131957398145507
7,NvA,5,SPL-L,RT_Upright_pro_L,0.108296520329007,0.117655646071646,0.225952166400653,0.00187828960361654,0.00204959342798771,4.6273585021439,0.135313160123779
7,NvA,6,AG-L,RT_Upright_pro_L,0.0673922566245808,0.0573764750168133,0.124768731641394,0.00128035648349996,0.00140273864844375,4.65638736614972,0.138738460064015
7,NvA,7,mIPS-L,RT_Upright_pro_L,0.123024402605215,0.06584796717973,0.188872369784945,0.00157216526622078,0.00171119780076446,4.63956148630587,0.137462867570061
7,NvA,8,VIP-L,RT_Upright_pro_L,0.11671170274903,0.0724857614606125,0.189197464209642,0.0016551942903481,0.00180073387225481,4.63723790874268,0.137063254811266
7,NvA,9,SPOC-L,RT_Upright_pro_L,0.102611554486556,0.0875274191318398,0.190138973618396,0.00165319302429181,0.00179471812400808,4.63699691901118,0.135633893811935
7,NvA,10,S1-L,RT_Upright_pro_L,0.13100742854437,0.123516754004552,0.254524182548922,0.00195987182144114,0.00213552780334335,4.62383207625057,0.135155996432053
7,NvA,11,M1-L,RT_Upright_pro_L,0.0771235530059132,0.129510957666824,0.206634510672737,0.00167961514690281,0.00181689131127961,4.63555723189038,0.134028703607057
7,NvA,12,SMA-L,RT_Upright_pro_L,0.032141551498755,0.0920339607144004,0.124175512213155,0.00129725872450751,0.00140768565796562,4.65640330285483,0.140651031221766
7,NvA,13,PMd-L,RT_Upright_pro_L,0.039022877431767,0.0857177677856313,0.124740645217398,0.00141222122131449,0.00153807184140556,4.64961746942656,0.140307874466943
7,NvA,14,PMv-L,RT_Upright_pro_L,0.0604992037525222,0.0603571981545079,0.12085640190703,0.0014403657150875,0.00156857638378744,4.64827733637964,0.14030277403103
7,NvA,15,FEF-L,RT_Upright_pro_L,0.0537138718439844,0.0797353994098437,0.133449271253828,0.00148128052259237,0.00161016118411322,4.64608922903029,0.140401727554441
7,NvA,16,POJ-L,RT_Upright_pro_L,0.0790780224497672,0.0574515059303392,0.136529528380106,0.00129165207687592,0.00140918740802447,4.65365914056378,0.139042099216859
7,NvA,17,V1-R,RT_Upright_pro_L,0.0733777351738165,0.0761013451662219,0.149479080340038,0.00151962824515234,0.00164578049621165,4.64433119699922,0.138514070616134
7,NvA,18,V3-R,RT_Upright_pro_L,0.0801047467848331,0.0644270985248108,0.144531845309644,0.00152219063222518,0.00165749649148621,4.64373847540835,0.139075981500943
7,NvA,19,STS-R,RT_Upright_pro_L,0.073082451729605,0.0551157015824292,0.128198153312034,0.00126722029237452,0.00137128480862091,4.65777570099503,0.139881303701975
7,NvA,20,IPL-R,RT_Upright_pro_L,0.0662183245137381,0.0698033951758558,0.136021719689594,0.0013492866897624,0.00146322485755261,4.65345207604575,0.139381207586043
7,NvA,21,SPL-R,RT_Upright_pro_L,0.117209729133043,0.0675260968602309,0.184735825993273,0.00166355518716074,0.00181091376770186,4.63668009813693,0.137757932990485
7,NvA,22,AG-R,RT_Upright_pro_L,0.0959884900310627,0.109968968130566,0.205957458161628,0.00167531176141437,0.00180999056538177,4.6357323741652,0.133783764176249
7,NvA,23,mIPS-R,RT_Upright_pro_L,0.11301501110701,0.0602461997836765,0.173261210890687,0.00180762056432325,0.00196944115927453,4.63133401765072,0.137984220974569
7,NvA,24,VIP-R,RT_Upright_pro_L,0.0554937261215143,0.0912977972586433,0.146791523380158,0.00140241580949588,0.00151320425652732,4.6519653416594,0.138020468447933
7,NvA,25,SPOC-R,RT_Upright_pro_L,0.0687491970790796,0.163395211598989,0.232144408678069,0.00196146106574607,0.00213487899828998,4.62301030937389,0.135857183923896
7,NvA,26,S1-R,RT_Upright_pro_L,0.116555849927349,0.0676893257984928,0.184245175725841,0.00182697040287853,0.00198794945203935,4.62996058485209,0.13679702995065
7,NvA,27,M1-R,RT_Upright_pro_L,0.157906388360089,0.104283851252412,0.262190239612501,0.00220312803963467,0.00238290580110948,4.61310287913361,0.132080687589366
7,NvA,28,SMA-R,RT_Upright_pro_L,0.0529734994452734,0.0668225905628463,0.11979609000812,0.00137609058789187,0.00149580270774503,4.65164278354313,0.140587715640438
7,NvA,29,PMd-R,RT_Upright_pro_L,0.114872951630863,0.0583610193081953,0.173233970939058,0.00171478340764359,0.0018618310028156,4.63571274256071,0.138366587081604
7,NvA,30,PMv-R,RT_Upright_pro_L,0.0461139059029349,0.117414238928798,0.163528144831733,0.0016104918651905,0.00174786214828951,4.64048747810376,0.139252803334981
7,NvA,31,FEF-R,RT_Upright_pro_L,0.0957394939931638,0.0602002155940956,0.155939709587259,0.00156463204493014,0.00170057963329154,4.64208737957577,0.139681380644036
7,NvA,32,POJ-R,RT_Upright_pro_L,0.099129318347734,0.0652385720032114,0.164367890350945,0.0015451674624397,0.00166591240600678,4.64396208365049,0.137570580028526
8,RR,1,V1-L,RT_Upright_pro_L,0.0611362805538515,0.0584886585763955,0.119624939130247,0.00138039002367045,0.00150082519018115,4.5658782194979,0.118126681924032
8,RR,2,V3-L,RT_Upright_pro_L,0.101953737488898,0.0799327033761384,0.181886440865036,0.00164632406807075,0.00177958555244109,4.55192475846648,0.11360863749621
8,RR,3,STS-L,RT_Upright_pro_L,0.0532108742509186,0.0525185327055369,0.105729406956456,0.00110573578686058,0.00118809495400311,4.5821926807348,0.11691419763356
8,RR,4,IPL-L,RT_Upright_pro_L,0.0436169965325853,0.0561222590678257,0.0997392556004109,0.0011493149143738,0.00124217572606919,4.57967335185553,0.117675609391768
8,RR,5,SPL-L,RT_Upright_pro_L,0.0658423082463997,0.0919007370747073,0.157743045321107,0.00149173384861597,0.00161320483079941,4.56141815068503,0.115510647921506
8,RR,6,AG-L,RT_Upright_pro_L,0.108147598574208,0.0596069389160264,0.167754537490235,0.00159848903340802,0.0017329018864668,4.55498245193957,0.11530952374878
8,RR,7,mIPS-L,RT_Upright_pro_L,0.0721785401771877,0.0735741177132913,0.145752657890479,0.00135818748217356,0.00146716885664656,4.56824539818394,0.115326419459439
8,RR,8,VIP-L,RT_Upright_pro_L,0.0717925920229819,0.0666614975671302,0.138454089590112,0.00153356936660489,0.00166326023679829,4.55878327441687,0.116822164132305
8,RR,9,SPOC-L,RT_Upright_pro_L,0.0588708617421428,0.0508696407282988,0.109740502470442,0.00125089258306934,0.00135112273594876,4.5742816234444,0.11821873885165
8,RR,10,S1-L,RT_Upright_pro_L,0.0618382274332129,0.0569436266715471,0.11878185410476,0.0013924080272043,0.00150626510656421,4.56599759143911,0.117625164917032
8,RR,11,M1-L,RT_Upright_pro_L,0.071885085319018,0.0617147222630777,0.133599807582096,0.00142560837891445,0.00154326111470903,4.56402905649338,0.117112275392457
8,RR,12,SMA-L,RT_Upright_pro_L,0.0761982965569296,0.0716207096897224,0.147819006246652,0.00159215812404355,0.00171813915007944,4.55626617240043,0.115525402953487
8,RR,13,PMd-L,RT_Upright_pro_L,0.05201271132286,0.0692467908080276,0.121259502130888,0.00124921927633466,0.00134485952333841,4.5738757109576,0.117220252402409
8,RR,14,PMv-L,RT_Upright_pro_L,0.0552086119562827,0.0473558379584446,0.102564449914727,0.0011943575550876,0.00129027193087836,4.57561280900648,0.11829445571446
8,RR,15,FEF-L,RT_Upright_pro_L,0.0352508769641015,0.0476758151248816,0.0829266920889831,0.00111586416229858,0.0012060677561974,4.58138335971618,0.119766882043822
8,RR,16,POJ-L,RT_Upright_pro_L,0.134366140111065,0.0517858068219618,0.186151946933027,0.00165345198124953,0.00179091627589842,4.55288730283797,0.114038537994381
8,RR,17,V1-R,RT_Upright_pro_L,0.07756400260106,0.0667232820787573,0.144287284679817,0.00149369750095354,0.00160968226892204,4.56171266094111,0.115545169511976
8,RR,18,V3-R,RT_Upright_pro_L,0.0539403152226294,0.0754212229630182,0.129361538185648,0.00141197625222245,0.00152890361439821,4.56492469620446,0.116844717713142
8,RR,19,STS-R,RT_Upright_pro_L,0.0660889124720382,0.0716565159114886,0.137745428383527,0.00145015184661977,0.00157313671610378,4.56173299953653,0.11686431933027
8,RR,20,IPL-R,RT_Upright_pro_L,0.0725970561020401,0.0739113724605747,0.146508428562615,0.0014187276984051,0.00154201004102239,4.56374082235139,0.115356862092095
8,RR,21,SPL-R,RT_Upright_pro_L,0.0695091703087156,0.0872871901416052,0.156796360450321,0.00153700359886406,0.00165964454737805,4.56060984462776,0.114968968097338
8,RR,22,AG-R,RT_Upright_pro_L,0.0632528437758749,0.0660648451334936,0.129317688909369,0.00121264401274147,0.00130871960456329,4.57543645016865,0.115079928866773
8,RR,23,mIPS-R,RT_Upright_pro_L,0.0426844772091394,0.05938930270709,0.102073779916229,0.00120445696892929,0.00130158370772295,4.57659189393462,0.118399752798722
8,RR,24,VIP-R,RT_Upright_pro_L,0.0887230490475155,0.136233932058926,0.224956981106441,0.0018468030457868,0.00199037212374749,4.54273587335905,0.110444873124404
8,RR,25,SPOC-R,RT_Upright_pro_L,0.084988394654045,0.0714246929135191,0.156413087567564,0.00150621885641438,0.00163145794327531,4.56046089959843,0.115093826348108
8,RR,26,S1-R,RT_Upright_pro_L,0.0656321764031842,0.0591628106756432,0.124794987078827,0.00139685351061565,0.00150974377713953,4.56624216729746,0.116814061092713
8,RR,27,M1-R,RT_Upright_pro_L,0.0898829998072568,0.119584820245373,0.20946782005263,0.00181841638302076,0.00195929385202096,4.54353929797633,0.1118504830527
8,RR,28,SMA-R,RT_Upright_pro_L,0.0536964098338537,0.0600323120862935,0.113728721920147,0.00131069690156573,0.00141288280463738,4.57102323980051,0.118082821874888
8,RR,29,PMd-R,RT_Upright_pro_L,0.0576085811774385,0.116149229581582,0.173757810759021,0.00168039994655785,0.00181595814476935,4.551582244124,0.11448702306322
8,RR,30,PMv-R,RT_Upright_pro_L,0.0554306007602693,0.05519108526579,0.110621686026059,0.00125507555168464,0.00135434134140194,4.57329800491812,0.117857422392368
8,RR,31,FEF-R,RT_Upright_pro_L,0.0838214081225196,0.0517803068170824,0.135601714939602,0.00154134414872582,0.00167365249608084,4.55804726204422,0.117853138811625
8,RR,32,POJ-R,RT_Upright_pro_L,0.091999232046981,0.0748980526939544,0.166897284740935,0.00155052764604182,0.00168423435543571,4.55796756864128,0.114717460789687
9,SJB,1,V1-L,RT_Upright_pro_L,0.0447806373587788,0.0916257158150483,0.136406353173827,0.00146931153429467,0.00157878369720972,4.64174647262655,0.128261983495903
9,SJB,2,V3-L,RT_Upright_pro_L,0.0605095171951346,0.0553679570772314,0.115877474272366,0.00126816414437651,0.00136491939103534,4.65033030954585,0.12800424935409
9,SJB,3,STS-L,RT_Upright_pro_L,0.115761935485182,0.0776172308148544,0.193379166300036,0.0017831056202086,0.00191240503222243,4.62762212527571,0.124271543585195
9,SJB,4,IPL-L,RT_Upright_pro_L,0.156100521114571,0.0904995786546052,0.246600099769176,0.0020559025471535,0.00221500013951382,4.6155946057717,0.123799238154378
9,SJB,5,SPL-L,RT_Upright_pro_L,0.0892686878265266,0.192338761953795,0.281607449780322,0.00207739309504835,0.00222857025103528,4.6152651115171,0.121512825837583
9,SJB,6,AG-L,RT_Upright_pro_L,0.0758676043059707,0.151139123030119,0.22700672733609,0.00201006559068866,0.0021591168897402,4.61797737763966,0.12478599097902
9,SJB,7,mIPS-L,RT_Upright_pro_L,0.0929473530745733,0.182283992093804,0.275231345168377,0.00213715446957012,0.00229549045008898,4.61317343288962,0.121315097558489
9,SJB,8,VIP-L,RT_Upright_pro_L,0.181901680471294,0.0742624673967329,0.256164147868027,0.00202347651080714,0.00217348171656603,4.61571685377639,0.12301736945749
9,SJB,9,SPOC-L,RT_Upright_pro_L,0.0885077612489485,0.06048607233064,0.148993833579589,0.00167430474881547,0.00180570049503383,4.63250452966103,0.127733049870142
9,SJB,10,S1-L,RT_Upright_pro_L,0.0682643202138583,0.0826814371576782,0.150945757371536,0.00142681990148057,0.00152764077641499,4.64496404492096,0.126139935540587
9,SJB,11,M1-L,RT_Upright_pro_L,0.0758932353723454,0.0855447080147856,0.161437943387131,0.00172729001109594,0.00186074030323421,4.6301522754691,0.126698834044174
9,SJB,12,SMA-L,RT_Upright_pro_L,0.0636306735932725,0.0561328293386136,0.119763502931886,0.00142702192973423,0.00153377039539036,4.6437586633496,0.128647793271896
9,SJB,13,PMd-L,RT_Upright_pro_L,0.0857879335495203,0.0700579308452646,0.155845864394785,0.00162833446102097,0.00175230225720475,4.63419458951711,0.126724446593334
9,SJB,14,PMv-L,RT_Upright_pro_L,0.0616255892057029,0.0367015726897889,0.0983271618954918,0.00127888474370564,0.00137979333855363,4.65178379645808,0.130022826224819
9,SJB,15,FEF-L,RT_Upright_pro_L,0.11513815145597,0.0730350933112182,0.188173244767188,0.00167857802559423,0.00180636304253053,4.63070659317608,0.124118202018228
9,SJB,16,POJ-L,RT_Upright_pro_L,0.0990921293404975,0.0565392125531722,0.15563134189367,0.00155505254516157,0.00167311773828454,4.63787885631192,0.126139055958452
9,SJB,17,V1-R,RT_Upright_pro_L,0.0368650158150131,0.0697193296686679,0.106584345483681,0.00113295068048175,0.00121213425195991,4.65950932402934,0.129255150326078
9,SJB,18,V3-R,RT_Upright_pro_L,0.0764208495329741,0.0575670356329513,0.133987885165925,0.00158393300275614,0.00171004594256104,4.6357396828516,0.128657702430696
9,SJB,19,STS-R,RT_Upright_pro_L,0.0407375327679768,0.043350996643277,0.0840885294112539,0.00120458763497318,0.00130437962484606,4.6555738427329,0.130450708253992
9,SJB,20,IPL-R,RT_Upright_pro_L,0.0665193492027397,0.0583171077575102,0.12483645696025,0.00126291898147996,0.00135686163036774,4.65113166142166,0.126036696585023
9,SJB,21,SPL-R,RT_Upright_pro_L,0.0602794285901179,0.0895465050733521,0.14982593366347,0.00161955208473902,0.00174500362604883,4.63401044900333,0.126813471800549
9,SJB,22,AG-R,RT_Upright_pro_L,0.0732300709332764,0.074441412357932,0.147671483291208,0.00156713298146761,0.00168598820877229,4.63558287891643,0.126844204422459
9,SJB,23,mIPS-R,RT_Upright_pro_L,0.0901759597904871,0.0746540043356974,0.164829964126185,0.00170324565325717,0.00183541941760603,4.62889170860357,0.123895745776675
9,SJB,24,VIP-R,RT_Upright_pro_L,0.067135417976081,0.0620396005573105,0.129175018533392,0.00128879831588007,0.00138100625252033,4.65046369262656,0.126158113935402
9,SJB,25,SPOC-R,RT_Upright_pro_L,0.0700340401353542,0.0937157288263677,0.163749768961722,0.00154534298440077,0.00165118225753747,4.63879001844531,0.122125676130673
9,SJB,26,S1-R,RT_Upright_pro_L,0.121875471345804,0.0860111361691709,0.207886607514974,0.00170574629717649,0.00183357026431585,4.627419049463,0.122035172584131
9,SJB,27,M1-R,RT_Upright_pro_L,0.0760906169638123,0.119341623321965,0.195432240285777,0.00165908359113547,0.00178835967074387,4.63103150643219,0.125177262928981
9,SJB,28,SMA-R,RT_Upright_pro_L,0.0681806946271408,0.0457079097001084,0.113888604327249,0.00135019059034452,0.00145037157976376,4.64731075747892,0.129215368450069
9,SJB,29,PMd-R,RT_Upright_pro_L,0.0529473958417091,0.0888880324066636,0.141835428248373,0.00162541121960382,0.00175626855770189,4.63222697898146,0.127971937246072
9,SJB,30,PMv-R,RT_Upright_pro_L,0.0461096244247092,0.0579849881215051,0.104094612546214,0.00131769189929297,0.001426547902696,4.64911626478996,0.129650888972285
9,SJB,31,FEF-R,RT_Upright_pro_L,0.0659928943704284,0.0421756363809558,0.108168530751384,0.00128759716207185,0.00138467602265611,4.65074785338468,0.129477920715458
9,SJB,32,POJ-R,RT_Upright_pro_L,0.0681255170184798,0.0560228801174627,0.124148397135942,0.00152805612127328,0.00164475952604797,4.63930287269822,0.129066641535263
10,BG,1,V1-L,RT_Upright_pro_L,0.0815529078306706,0.0500905404976995,0.13164344832837,0.00142713587835119,0.00154254780393716,4.67369420954581,0.138050964006256
10,BG,2,V3-L,RT_Upright_pro_L,0.0948668897660703,0.063569911438991,0.158436801205061,0.00173169261792536,0.00188293254313973,4.65858770081027,0.137131496391739
10,BG,3,STS-L,RT_Upright_pro_L,0.0683912840985914,0.0507051810200093,0.119096465118601,0.00131393879786968,0.00141831535322223,4.67947703532028,0.13855361300548
10,BG,4,IPL-L,RT_Upright_pro_L,0.0486879167991421,0.0880366682897925,0.136724585088935,0.00151961747949081,0.00164267496528094,4.66908504428509,0.138208187293916
10,BG,5,SPL-L,RT_Upright_pro_L,0.0641324051837787,0.0513603392056725,0.115492744389451,0.00129774296639031,0.00140680338886275,4.67981045510248,0.13955823936025
10,BG,6,AG-L,RT_Upright_pro_L,0.0551569167623213,0.0610558843844941,0.116212801146815,0.00142218414158464,0.00154036656830115,4.67420655044168,0.139600715484285
10,BG,7,mIPS-L,RT_Upright_pro_L,0.0813194271395646,0.0665302425872532,0.147849669726818,0.001598907843185,0.00173344533496341,4.66547467628408,0.137863427141562
10,BG,8,VIP-L,RT_Upright_pro_L,0.0522286221408646,0.1125787610674,0.164807383208264,0.00150676307777033,0.00162400168871298,4.66858743161514,0.136737371471165
10,BG,9,SPOC-L,RT_Upright_pro_L,0.119475341515116,0.0947936564224248,0.214268997937541,0.0018819266536805,0.00202416906105395,4.64998605195531,0.133281175170794
10,BG,10,S1-L,RT_Upright_pro_L,0.131680586276054,0.0649292312024361,0.19660981747849,0.0017779443226815,0.00191927636290923,4.65585504817631,0.135651437059953
10,BG,11,M1-L,RT_Upright_pro_L,0.0863754279522555,0.0766428498859767,0.163018277838232,0.00164571467289817,0.00177786424166468,4.66235049302952,0.136333492136975
10,BG,12,SMA-L,RT_Upright_pro_L,0.0762550248500768,0.0971427809057482,0.173397805755825,0.00173995222211554,0.00189117819416066,4.65887892002719,0.135240794705365
10,BG,13,PMd-L,RT_Upright_pro_L,0.0664744190948831,0.142249676634147,0.208724095729031,0.00190993359809548,0.00206347830586192,4.65158437538431,0.134491781327597
10,BG,14,PMv-L,RT_Upright_pro_L,0.0843238264626337,0.0729557123191362,0.15727953878177,0.00152228438994912,0.00164612679714164,4.66891922315812,0.135513524879269
10,BG,15,FEF-L,RT_Upright_pro_L,0.0826726784156446,0.101574086377631,0.184246764793276,0.00183599307625307,0.00198692948776656,4.65505365727744,0.134246287856265
10,BG,16,POJ-L,RT_Upright_pro_L,0.102239485046334,0.0561006460121526,0.158340131058486,0.00168564846180689,0.00182709222921555,4.66056280535943,0.136440024306658
10,BG,17,V1-R,RT_Upright_pro_L,0.0759954214963871,0.0598559741757972,0.135851395672184,0.00150549720276588,0.00163152451124362,4.66889281343556,0.13781338561079
10,BG,18,V3-R,RT_Upright_pro_L,0.0474676038038342,0.0435381598840329,0.0910057636878671,0.00119510187398206,0.0012948730381578,4.68553874851653,0.140635027919847
10,BG,19,STS-R,RT_Upright_pro_L,0.0507334615624583,0.0580511665975101,0.108784628159968,0.00134768877086176,0.00145956454644095,4.67746232807575,0.138909780873566
10,BG,20,IPL-R,RT_Upright_pro_L,0.089774041352038,0.0923407427344143,0.182114784086452,0.00167477273028184,0.00180875790694195,4.66175580333385,0.134404876740417
10,BG,21,SPL-R,RT_Upright_pro_L,0.129777218170053,0.0700497022766553,0.199826920446709,0.00183731067595943,0.00198456522430826,4.65615717566349,0.135009497470968
10,BG,22,AG-R,RT_Upright_pro_L,0.0621009724029171,0.0729632844734802,0.135064256876397,0.0015046397497796,0.00163351848822598,4.66883336961908,0.138374820624311
10,BG,23,mIPS-R,RT_Upright_pro_L,0.0899076487919395,0.0857709947053253,0.175678643497265,0.00177664632534907,0.00193175651755094,4.65769266704489,0.136136281832515
10,BG,24,VIP-R,RT_Upright_pro_L,0.0552430766832524,0.100386464135634,0.155629540818886,0.00153735576232571,0.00166434954004296,4.66899337642628,0.137100908398837
10,BG,25,SPOC-R,RT_Upright_pro_L,0.0669946427704232,0.120212507961528,0.187207150731951,0.00184507118620822,0.00199692722459868,4.65447004241997,0.135687373069747
10,BG,26,S1-R,RT_Upright_pro_L,0.0789057146330852,0.118572984049449,0.197478698682534,0.00182413474283593,0.00197058326640268,4.65604249497424,0.135480865480839
10,BG,27,M1-R,RT_Upright_pro_L,0.14355131560281,0.100923425801997,0.244474741404806,0.00197193520731428,0.00213710393097535,4.64832736558538,0.132285733411604
10,BG,28,SMA-R,RT_Upright_pro_L,0.0846911410309899,0.0665009737100785,0.151192114741068,0.00163336286806532,0.00176612208362141,4.66468465521786,0.136862601421479
10,BG,29,PMd-R,RT_Upright_pro_L,0.0853210992159775,0.102636046631627,0.187957145847604,0.00152787803132498,0.00165188794057926,4.66834818407064,0.132916636588767
10,BG,30,PMv-R,RT_Upright_pro_L,0.0620816693234778,0.0926163053757407,0.154697974699219,0.00170144770242788,0.00185025830183826,4.6602629309818,0.135688171793926
10,BG,31,FEF-R,RT_Upright_pro_L,0.124198488189529,0.108818526855698,0.233017015045227,0.0017266403585089,0.00185834393568866,4.65813201666751,0.130250149327003
10,BG,32,POJ-R,RT_Upright_pro_L,0.0974604419624939,0.0964836887057358,0.19394413066823,0.00162923556510808,0.00174896742342178,4.6628526698907,0.132349273686302
1,DOC,1,V1-L,RT_Upright_pro_R,0.0354224722497781,0.0458732191383916,0.0812956913881697,0.000982035205638616,0.00105316227356074,4.50963187203746,0.101348936782791
1,DOC,2,V3-L,RT_Upright_pro_R,0.0639802065808675,0.044063598140443,0.10804380472131,0.00121595845026844,0.0013087108555001,4.49507552764968,0.100209502663993
1,DOC,3,STS-L,RT_Upright_pro_R,0.0537355149736372,0.0717760980520133,0.125511613025651,0.0013670739052464,0.00146954002114199,4.48712262966944,0.0995400628999614
1,DOC,4,IPL-L,RT_Upright_pro_R,0.0825780340227742,0.0704089991220463,0.152987033144821,0.00129229695284941,0.00138342430868873,4.4922323975945,0.0978694215722784
1,DOC,5,SPL-L,RT_Upright_pro_R,0.0863414748155688,0.0499202480903222,0.136261722905891,0.00140615150370886,0.00151050437837225,4.48656364450766,0.0991740735947724
1,DOC,6,AG-L,RT_Upright_pro_R,0.0616811607478817,0.0625737290358994,0.124254889783781,0.00135101999134256,0.001447050119985,4.48913722747333,0.0990109974415257
1,DOC,7,mIPS-L,RT_Upright_pro_R,0.075814207377536,0.0640462528033007,0.139860460180837,0.00146822741871337,0.00157287589917373,4.48329100490261,0.0990164184106367
1,DOC,8,VIP-L,RT_Upright_pro_R,0.124989060287644,0.0704585627009265,0.19544762298857,0.00155616267898014,0.00166541566308968,4.47818982801657,0.0968714387455956
1,DOC,9,SPOC-L,RT_Upright_pro_R,0.0865749010962663,0.0588152846369404,0.145390185733207,0.00146934477354635,0.00157407897136518,4.48209109686642,0.0981509551418401
1,DOC,10,S1-L,RT_Upright_pro_R,0.10064988779807,0.113171919496589,0.213821807294659,0.00148096963863737,0.00158178038433153,4.48155923623693,0.0957733077707398
1,DOC,11,M1-L,RT_Upright_pro_R,0.0338325946483667,0.175491897955899,0.209324492604266,0.00156882701323979,0.00168275951307088,4.47778891066314,0.096912530340803
1,DOC,12,SMA-L,RT_Upright_pro_R,0.060549085710463,0.0655794084456432,0.126128494156106,0.00130405460547872,0.00140331398380875,4.49063916042234,0.0990393763759915
1,DOC,13,PMd-L,RT_Upright_pro_R,0.0668562437194492,0.0698195840364707,0.13667582775592,0.00127054938061419,0.00136227958547295,4.49359048397573,0.0976182133088077
1,DOC,14,PMv-L,RT_Upright_pro_R,0.0513200873051664,0.0410575482949733,0.0923776356001397,0.00113130486474684,0.0012105885378483,4.50132574677354,0.1007001332321
1,DOC,15,FEF-L,RT_Upright_pro_R,0.0725228162147174,0.0848706639019667,0.157393480116684,0.0014644929150677,0.00156767093072138,4.48258393913712,0.0969864893510727
1,DOC,16,POJ-L,RT_Upright_pro_R,0.0479020696913758,0.0362428071800522,0.084144876871428,0.00106833473603184,0.00114470813754409,4.50505371078279,0.101026144473905
1,DOC,17,V1-R,RT_Upright_pro_R,0.0646915818464049,0.0471400906745939,0.111831672520999,0.00122271905947738,0.00131402393707498,4.49435251039913,0.0997927139425384
1,DOC,18,V3-R,RT_Upright_pro_R,0.0649827043880517,0.0582029392180018,0.123185643606053,0.00130996649359644,0.00140032457566277,4.49020866140228,0.0990162806521437
1,DOC,19,STS-R,RT_Upright_pro_R,0.0490351645160418,0.0329208097868212,0.081955974302863,0.00104323469359626,0.00112215441835235,4.50529687708335,0.101210722717741
1,DOC,20,IPL-R,RT_Upright_pro_R,0.0554087669722809,0.0515932577028591,0.10700202467514,0.00118115218428845,0.00126742654019973,4.49775254900035,0.100024648524936
1,DOC,21,SPL-R,RT_Upright_pro_R,0.0610207497332374,0.0730263519934072,0.134047101726645,0.00144962264249665,0.00156048200793628,4.48314428635963,0.0993559722182426
1,DOC,22,AG-R,RT_Upright_pro_R,0.0536789730251506,0.0678864685032023,0.121565441528353,0.00133652771138106,0.00143242122269143,4.48902252921146,0.0995078290081774
1,DOC,23,mIPS-R,RT_Upright_pro_R,0.0523500933710769,0.0863204015958737,0.138670494966951,0.00142569099616387,0.00152457984102289,4.4844551463256,0.0984535279382673
1,DOC,24,VIP-R,RT_Upright_pro_R,0.0701623347575188,0.0669516716854276,0.137114006442946,0.00132845208162681,0.00142041102087162,4.48889370130062,0.0982126862963563
1,DOC,25,SPOC-R,RT_Upright_pro_R,0.0571196317833518,0.0472619017439522,0.104381533527304,0.00119917239670512,0.00128474585659023,4.49651568570216,0.100319196559083
1,DOC,26,S1-R,RT_Upright_pro_R,0.065125013302188,0.0405794332413041,0.105704446543492,0.00115334969666973,0.00123720453181075,4.49874749515353,0.0997917069806287
1,DOC,27,M1-R,RT_Upright_pro_R,0.0972956644415344,0.0509706354588228,0.148266299900357,0.00133329152728138,0.00143078180910985,4.48873985501156,0.0976324374808454
1,DOC,28,SMA-R,RT_Upright_pro_R,0.0628606201578973,0.0699168294513259,0.132777449609223,0.00138204306452444,0.00148499432515569,4.48686788301418,0.0987041019862605
1,DOC,29,PMd-R,RT_Upright_pro_R,0.0460955021042873,0.0570321804230957,0.103127682527383,0.0012048246931111,0.00129296625511441,4.49620700744714,0.100379788497198
1,DOC,30,PMv-R,RT_Upright_pro_R,0.0321820072975113,0.0573000371406662,0.0894820444381775,0.000955070972287344,0.00102382271163581,4.51161151064577,0.099989523546895
1,DOC,31,FEF-R,RT_Upright_pro_R,0.062639041152384,0.0643814724957318,0.127020513648116,0.00126654317218575,0.00136023626182037,4.49147984344495,0.0980628131741972
1,DOC,32,POJ-R,RT_Upright_pro_R,0.0420439379343966,0.0457873018759122,0.0878312398103089,0.00112626685477852,0.0012079809381628,4.50102709369012,0.101566943159792
2,GB,1,V1-L,RT_Upright_pro_R,0.0759592138219024,0.0712425150293663,0.147201728851269,0.00138153360002213,0.0014950906240428,4.64605233948679,0.146273961097669
2,GB,2,V3-L,RT_Upright_pro_R,0.135043342919349,0.0557288406166709,0.19077218353602,0.00162830040197788,0.00176463936191725,4.63367088264977,0.145413045437067
2,GB,3,STS-L,RT_Upright_pro_R,0.0609467326955157,0.0529151735654591,0.113861906260975,0.00122725225965174,0.00133791671239157,4.652807908708,0.148130400360444
2,GB,4,IPL-L,RT_Upright_pro_R,0.0493132874292753,0.0977701900354432,0.147083477464719,0.00143394561105296,0.00155533941975883,4.64278553958873,0.147264678427003
2,GB,5,SPL-L,RT_Upright_pro_R,0.108710103070729,0.176444012392966,0.285154115463695,0.00225234886218462,0.0024474028186106,4.60477584670445,0.136427211631079
2,GB,6,AG-L,RT_Upright_pro_R,0.0623438782060625,0.0645049239908466,0.126848802196909,0.00134786705407769,0.00145929478510574,4.64928412762816,0.147195530667548
2,GB,7,mIPS-L,RT_Upright_pro_R,0.0657824088084645,0.099539636665751,0.165322045474215,0.00163448133254632,0.00177774965431605,4.63396202652614,0.146431355315944
2,GB,8,VIP-L,RT_Upright_pro_R,0.0914548949406637,0.0852066316446432,0.176661526585307,0.00169040409822802,0.00184113717518542,4.63102420954332,0.1462560382939
2,GB,9,SPOC-L,RT_Upright_pro_R,0.105873927534466,0.0865037809022232,0.192377708436689,0.00173699599776213,0.00189222392799473,4.62824067641196,0.144993199809683
2,GB,10,S1-L,RT_Upright_pro_R,0.060871257720013,0.0716100434673426,0.132481301187356,0.00146335586062606,0.00159946097410352,4.64237113774188,0.148209741186101
2,GB,11,M1-L,RT_Upright_pro_R,0.0463880411774415,0.155431895291946,0.201819936469388,0.00153006236437225,0.00165725969351977,4.63813486176728,0.143586354257296
2,GB,12,SMA-L,RT_Upright_pro_R,0.136530087768542,0.0665554672229841,0.203085554991526,0.0018227423412374,0.00199690433873642,4.62543500105774,0.144777012900043
2,GB,13,PMd-L,RT_Upright_pro_R,0.0605432818181348,0.130778388346124,0.191321670164258,0.0015871116826023,0.00171745837971479,4.63734348717389,0.139908096167086
2,GB,14,PMv-L,RT_Upright_pro_R,0.0364930256443991,0.0659526378792167,0.102445663523616,0.00108314425859784,0.0011736573178163,4.66248297028732,0.146147596572621
2,GB,15,FEF-L,RT_Upright_pro_R,0.0767339151122052,0.089718877540496,0.166452792652701,0.00170651397354197,0.00186673550454407,4.62953068514848,0.145158071799516
2,GB,16,POJ-L,RT_Upright_pro_R,0.102174124198558,0.0794275164189791,0.181601640617538,0.00159839838093335,0.00174000404597612,4.63575318433607,0.145424082778781
2,GB,17,V1-R,RT_Upright_pro_R,0.0971104756209308,0.0466652473507914,0.143775722971722,0.00140066362628633,0.00151887836721166,4.64493226552431,0.147236461814011
2,GB,18,V3-R,RT_Upright_pro_R,0.0750016688552987,0.0636698708347633,0.138671539690062,0.00142060972004395,0.0015422226326151,4.64334245085712,0.147081801113891
2,GB,19,STS-R,RT_Upright_pro_R,0.0698091596352577,0.0849252822628338,0.154734441898091,0.00151786660007031,0.00166112894231087,4.63791622326156,0.146158414923702
2,GB,20,IPL-R,RT_Upright_pro_R,0.063564143219065,0.0696963529493555,0.13326049616842,0.00149722750308322,0.00162638570568732,4.64011029169763,0.148068145536355
2,GB,21,SPL-R,RT_Upright_pro_R,0.0604146154158944,0.125323343556513,0.185737958972407,0.00172261916942059,0.00187151173915978,4.62912674475905,0.146436126244286
2,GB,22,AG-R,RT_Upright_pro_R,0.0642755527866136,0.0702268803885059,0.13450243317512,0.00141192938016342,0.00153048944966398,4.64447987718582,0.147055488598571
2,GB,23,mIPS-R,RT_Upright_pro_R,0.0771713996614252,0.0693198406768602,0.146491240338285,0.00153758640533012,0.00167726808444653,4.6389289896152,0.147446397979936
2,GB,24,VIP-R,RT_Upright_pro_R,0.0594208913527707,0.0916818897879215,0.151102781140692,0.00148137952601855,0.00161263739203682,4.64184073315278,0.147217355865239
2,GB,25,SPOC-R,RT_Upright_pro_R,0.0485744405880501,0.0953343330860816,0.143908773674132,0.00152460448619611,0.00166378644318099,4.63863193392947,0.148490536451031
2,GB,26,S1-R,RT_Upright_pro_R,0.127590796402736,0.055997391269656,0.183588187672392,0.00163290129208208,0.00177533901562586,4.63473814160532,0.14487799657757
2,GB,27,M1-R,RT_Upright_pro_R,0.1482307117803,0.0654952955727323,0.213726007353032,0.00174054525451989,0.00188381571534155,4.62859698859486,0.143292218023691
2,GB,28,SMA-R,RT_Upright_pro_R,0.130798769539067,0.0925406642034145,0.223339433742482,0.00177194118858845,0.00192149052291969,4.62708577841016,0.139569753494468
2,GB,29,PMd-R,RT_Upright_pro_R,0.168033413001614,0.100899297360158,0.268932710361771,0.00215288250402724,0.00235226654823084,4.60885466720069,0.137266214822231
2,GB,30,PMv-R,RT_Upright_pro_R,0.0638182549719692,0.0600095939619579,0.123827848933927,0.00145693538372619,0.00158990510453857,4.64190053022046,0.148280087100353
2,GB,31,FEF-R,RT_Upright_pro_R,0.0986265738798226,0.0690328033972156,0.167659377277038,0.0015105620744416,0.00164983158567049,4.64002579035511,0.144687881271574
2,GB,32,POJ-R,RT_Upright_pro_R,0.0769377997779198,0.0943915716852385,0.171329371463158,0.00163587253612729,0.00177187292363452,4.63358520645548,0.145833342337924
3,JDC,1,V1-L,RT_Upright_pro_R,0.140841298251068,0.114547392932178,0.255388691183246,0.00229608441180669,0.00251479901006093,4.70755328532108,0.148209122761742
3,JDC,2,V3-L,RT_Upright_pro_R,0.0714315964562867,0.0583109731098952,0.129742569566182,0.00125901550775835,0.00136375380168229,4.75695939187799,0.153186328947635
3,JDC,3,STS-L,RT_Upright_pro_R,0.137848698298689,0.0989775446568422,0.236826242955532,0.00215351054672171,0.0023594577694753,4.71307638551647,0.149404593414077
3,JDC,4,IPL-L,RT_Upright_pro_R,0.0772381879117774,0.0987768860527084,0.176015073964486,0.00184622245419482,0.00202854841056436,4.72753861774787,0.152367692611749
3,JDC,5,SPL-L,RT_Upright_pro_R,0.152993268247787,0.0836944053548465,0.236687673602633,0.00188224011373108,0.00205588320117045,4.72416281179875,0.148355520505163
3,JDC,6,AG-L,RT_Upright_pro_R,0.0981103545173187,0.112744832216074,0.210855186733393,0.00191733626061842,0.00210048317546539,4.72377507745295,0.149875183821629
3,JDC,7,mIPS-L,RT_Upright_pro_R,0.116741692005901,0.0746089831320961,0.191350675137997,0.00172214333807939,0.00188648135667364,4.7324301696782,0.150877778231138
3,JDC,8,VIP-L,RT_Upright_pro_R,0.0987398584719997,0.084721384958307,0.183461243430307,0.00176179387684725,0.00193809087106839,4.73055477403135,0.151997641311643
3,JDC,9,SPOC-L,RT_Upright_pro_R,0.0879924976712286,0.120211647465448,0.208204145136677,0.00190305893613744,0.00207282060914527,4.72488002886305,0.151216693671601
3,JDC,10,S1-L,RT_Upright_pro_R,0.0935754887668794,0.107234296880573,0.200809785647452,0.00180661384368925,0.00198215027807264,4.72859965679472,0.152108387501895
3,JDC,11,M1-L,RT_Upright_pro_R,0.0531009974293261,0.122470409486233,0.175571406915559,0.00166056468163978,0.00181763664559024,4.73669428895699,0.153487885180021
3,JDC,12,SMA-L,RT_Upright_pro_R,0.0746712030434087,0.0890932034415589,0.163764406484968,0.00179440960209411,0.00196397458070051,4.73101820935019,0.153799007502032
3,JDC,13,PMd-L,RT_Upright_pro_R,0.0663774152428386,0.11935037288269,0.185727788125528,0.00174534884865705,0.00191250496135688,4.73152409324615,0.152291485378658
3,JDC,14,PMv-L,RT_Upright_pro_R,0.096563488238822,0.0714267898763175,0.16799027811514,0.00163311101556289,0.00178782608401654,4.73563818856779,0.151932962403933
3,JDC,15,FEF-L,RT_Upright_pro_R,0.0855502549606903,0.0691259694380982,0.154676224398788,0.0016081773296904,0.00176270790236103,4.73780890819819,0.15333080599036
3,JDC,16,POJ-L,RT_Upright_pro_R,0.109223410321973,0.0808360637487597,0.190059474070732,0.00176407620549242,0.00193912512159915,4.72928880669764,0.151602472948024
3,JDC,17,V1-R,RT_Upright_pro_R,0.0489614735583209,0.0609409490744011,0.109902422632722,0.00122596038251513,0.00134328789593781,4.75678136258852,0.155526889391142
3,JDC,18,V3-R,RT_Upright_pro_R,0.0810096913843339,0.0636699030627313,0.144679594447065,0.00160883346870083,0.00177237472039522,4.73878943041384,0.154671928673766
3,JDC,19,STS-R,RT_Upright_pro_R,0.0659149043051428,0.0635060421006256,0.129420946405768,0.00159803097981607,0.00175641063590959,4.73737334748538,0.156052054630998
3,JDC,20,IPL-R,RT_Upright_pro_R,0.0679366173546971,0.117259983563916,0.185196600918613,0.00174840955772714,0.00190476127021236,4.73153740416299,0.153290692320089
3,JDC,21,SPL-R,RT_Upright_pro_R,0.0552572699683058,0.132737389432977,0.187994659401283,0.00180693179651343,0.00197885272275913,4.73002730490815,0.152963971358924
3,JDC,22,AG-R,RT_Upright_pro_R,0.131991164120631,0.0682973189947522,0.200288483115383,0.00203770140285309,0.00224064020774599,4.71934252165206,0.152355883080606
3,JDC,23,mIPS-R,RT_Upright_pro_R,0.111733994656315,0.0892204463622169,0.200954441018532,0.00202057276249297,0.00221164421103862,4.72022007963037,0.152851920594385
3,JDC,24,VIP-R,RT_Upright_pro_R,0.103081896581542,0.104940303035652,0.208022199617194,0.00211125420808791,0.00231578876940548,4.71658635831931,0.152094733613729
3,JDC,25,SPOC-R,RT_Upright_pro_R,0.07376936766824,0.147863770818721,0.221633138486961,0.00181768189946473,0.00198636147704636,4.72905918947297,0.150282490773768
3,JDC,26,S1-R,RT_Upright_pro_R,0.106837115049518,0.0868978495823819,0.1937349646319,0.00183054392607252,0.00199479265538701,4.72925597522611,0.151828212268153
3,JDC,27,M1-R,RT_Upright_pro_R,0.103920955349865,0.0746498585954615,0.178570813945327,0.00171261941152415,0.00187113489973027,4.73267534245165,0.151849719419664
3,JDC,28,SMA-R,RT_Upright_pro_R,0.0525616255740098,0.0892304988143976,0.141792124388407,0.00159566128725955,0.00174862012401455,4.73948203177845,0.154518060712597
3,JDC,29,PMd-R,RT_Upright_pro_R,0.0812514048147188,0.0909002585471596,0.172151663361878,0.00168092900644506,0.00183290168843259,4.73560078506598,0.152597358536753
3,JDC,30,PMv-R,RT_Upright_pro_R,0.107797991462535,0.0417379340924781,0.149535925555013,0.00143391796112335,0.00156670485295966,4.74590545608486,0.154622321224862
3,JDC,31,FEF-R,RT_Upright_pro_R,0.0843701170736192,0.0993491750723289,0.183719292145948,0.00182930992589687,0.00200032119170176,4.72820057028128,0.151896376248798
3,JDC,32,POJ-R,RT_Upright_pro_R,0.133669667173985,0.133732129148948,0.267401796322933,0.00216356217348454,0.00236779578840395,4.71254018036843,0.147330787818256
4,JFXD,1,V1-L,RT_Upright_pro_R,0.0556064912083633,0.0357099758201578,0.0913164670285211,0.00113530918502182,0.00120529259344092,4.63010708854683,0.107276246401663
4,JFXD,2,V3-L,RT_Upright_pro_R,0.0547549920020598,0.039406076697231,0.0941610686992908,0.00123702968081876,0.00131361200667122,4.62352849952542,0.107832426661882
4,JFXD,3,STS-L,RT_Upright_pro_R,0.02486099198358,0.0492985215543072,0.0741595135378872,0.000999790518443229,0.00105807671802963,4.63758334163266,0.107478591272533
4,JFXD,4,IPL-L,RT_Upright_pro_R,0.077462718219652,0.0489490356463258,0.126411753865978,0.00153821216613094,0.00162673259517621,4.61052275055303,0.106650982058255
4,JFXD,5,SPL-L,RT_Upright_pro_R,0.0446190843280924,0.0640289764615847,0.108648060789677,0.0013320706858406,0.0014098314392417,4.62006659593613,0.106169668949876
4,JFXD,6,AG-L,RT_Upright_pro_R,0.0883909315965458,0.0670890361357277,0.155479967732274,0.00173082852410729,0.00184165599396298,4.59946223503156,0.10490071533587
4,JFXD,7,mIPS-L,RT_Upright_pro_R,0.056593166641744,0.0518625843555006,0.108455750997245,0.00128871768329399,0.00136525867736113,4.62210841511788,0.106798456490115
4,JFXD,8,VIP-L,RT_Upright_pro_R,0.064068583223448,0.0556882822354937,0.119756865458942,0.00145169059584537,0.00153421752248713,4.61366915179931,0.10606337518388
4,JFXD,9,SPOC-L,RT_Upright_pro_R,0.0528700007239374,0.0709819804808949,0.123851981204832,0.00150078806977285,0.00158594233355526,4.61186290511319,0.106354649910964
4,JFXD,10,S1-L,RT_Upright_pro_R,0.049106534714869,0.0415547647118188,0.0906612994266878,0.00121946006116002,0.00129968578220348,4.62375266110223,0.1076648000997
4,JFXD,11,M1-L,RT_Upright_pro_R,0.0569675933457275,0.0467880582603385,0.103755651606066,0.00128676302080296,0.00136411702813144,4.62181068820845,0.107124720848902
4,JFXD,12,SMA-L,RT_Upright_pro_R,0.0872381202583738,0.085038769071875,0.172276889330249,0.00180567639067214,0.00191553318391579,4.59805072340041,0.104771193295939
4,JFXD,13,PMd-L,RT_Upright_pro_R,0.0738879749424848,0.0526790186997302,0.126566993642215,0.00148070888401745,0.00157028949995404,4.61344756207531,0.106233080989627
4,JFXD,14,PMv-L,RT_Upright_pro_R,0.240550315842491,0.0825859556454238,0.323136271487914,0.00232588318607492,0.00245221577960186,4.56717612031505,0.0940224549927023
4,JFXD,15,FEF-L,RT_Upright_pro_R,0.0831851851061205,0.1208880694004,0.20407325450652,0.00144435245085246,0.00151876487622557,4.61005708886325,0.101708174191777
4,JFXD,16,POJ-L,RT_Upright_pro_R,0.0388363248763597,0.0852468903050636,0.124083215181423,0.00152018354076304,0.00161494663406609,4.60973804778131,0.106694553785286
4,JFXD,17,V1-R,RT_Upright_pro_R,0.0604959085659293,0.0865469414443047,0.147042850010234,0.00163006311125843,0.0017308742982242,4.60375992469779,0.105599686238682
4,JFXD,18,V3-R,RT_Upright_pro_R,0.059624261544353,0.0674583261498735,0.127082587694227,0.00144470755697065,0.00153093631289832,4.61235823259393,0.106014418019582
4,JFXD,19,STS-R,RT_Upright_pro_R,0.111213408170559,0.0751961729890368,0.186409581159596,0.00180411637738355,0.00190798081378447,4.59578650885705,0.103750613483609
4,JFXD,20,IPL-R,RT_Upright_pro_R,0.0568573491730461,0.0717928945348548,0.128650243707901,0.00137361781883299,0.00144752226880992,4.61832088067201,0.105285519119709
4,JFXD,21,SPL-R,RT_Upright_pro_R,0.0873946610952727,0.0648688773770806,0.152263538472353,0.00166500859639196,0.00176026463996658,4.60321975025451,0.105013623577242
4,JFXD,22,AG-R,RT_Upright_pro_R,0.035641596086985,0.070186610361694,0.105828206448679,0.00134867342158112,0.00143335684339792,4.6187755566105,0.107504174758558
4,JFXD,23,mIPS-R,RT_Upright_pro_R,0.0703367317203282,0.0665865709882164,0.136923302708545,0.00155543163362314,0.001647077235922,4.60903378556185,0.105905157825948
4,JFXD,24,VIP-R,RT_Upright_pro_R,0.063552554630225,0.0604986237153682,0.124051178345593,0.00145140330888854,0.00153319576979315,4.61340749004452,0.106354018280475
4,JFXD,25,SPOC-R,RT_Upright_pro_R,0.0650290050072295,0.0729062808210232,0.137935285828253,0.00158037673308149,0.00167735177473689,4.60641802335392,0.105476089755928
4,JFXD,26,S1-R,RT_Upright_pro_R,0.0315769504268182,0.105534238203821,0.137111188630639,0.00142647800587433,0.00150784177248826,4.61480194319058,0.105053969678747
4,JFXD,27,M1-R,RT_Upright_pro_R,0.08040465778576,0.0828045214959242,0.163209179281684,0.00181791588293594,0.00193267790168483,4.59508710928468,0.104663411164512
4,JFXD,28,SMA-R,RT_Upright_pro_R,0.0848672446521824,0.0891779280718454,0.174045172724028,0.00188040101034873,0.0019989585341311,4.59438380883349,0.105165268067554
4,JFXD,29,PMd-R,RT_Upright_pro_R,0.0701183808595644,0.0506986785522438,0.120817059411808,0.00144198174034403,0.00153317853097896,4.61419499747872,0.106683465276161
4,JFXD,30,PMv-R,RT_Upright_pro_R,0.0979790997682735,0.140333403515649,0.238312503283923,0.00211612628958669,0.00223594344614859,4.58147574864452,0.0999309652177014
4,JFXD,31,FEF-R,RT_Upright_pro_R,0.0639568030764631,0.109642260162155,0.173599063238618,0.00187598272756539,0.00199306883985371,4.59331502754606,0.105252722918808
4,JFXD,32,POJ-R,RT_Upright_pro_R,0.0708026108612681,0.0468219085731427,0.117624519434411,0.0013532085608162,0.00143095471433696,4.61914005858554,0.106553623814913
5,JZ,1,V1-L,RT_Upright_pro_R,0.135542588372944,0.0600371210423229,0.195579709415267,0.00173530271923836,0.00186332259782448,4.55852420774131,0.111401278149906
5,JZ,2,V3-L,RT_Upright_pro_R,0.0387391604253759,0.0446374498951254,0.0833766103205012,0.00100449088129647,0.00107700312432896,4.59898392194973,0.117298372075947
5,JZ,3,STS-L,RT_Upright_pro_R,0.054084129662164,0.0339405746781158,0.0880247043402798,0.00109669283848764,0.00118130997814417,4.59263499936511,0.117332929447015
5,JZ,4,IPL-L,RT_Upright_pro_R,0.0740233935728433,0.11909572991147,0.193119123484313,0.00167224686471439,0.00179440488661513,4.5642762450155,0.113575579124519
5,JZ,5,SPL-L,RT_Upright_pro_R,0.0822477744462086,0.0802169510369753,0.162464725483184,0.00162935603341876,0.00175702874477662,4.56442281583898,0.11522396944511
5,JZ,6,AG-L,RT_Upright_pro_R,0.0828394902645572,0.0720521269704569,0.154891617235014,0.00158335591856892,0.00170627306962754,4.56732425222109,0.116143147116513
5,JZ,7,mIPS-L,RT_Upright_pro_R,0.0703882806938815,0.0603385279955807,0.130726808689462,0.00148054789552635,0.00159153758016822,4.57260403862034,0.116456627712709
5,JZ,8,VIP-L,RT_Upright_pro_R,0.124464398630147,0.0756524452860823,0.20011684391623,0.00163639453971243,0.00175978427708154,4.56509466321251,0.113893069597118
5,JZ,9,SPOC-L,RT_Upright_pro_R,0.0744364095520692,0.0601587802193704,0.13459518977144,0.00138466731111811,0.00149104443944545,4.57544426009281,0.114140377679163
5,JZ,10,S1-L,RT_Upright_pro_R,0.112536539370166,0.184405741809577,0.296942281179743,0.00211163800077127,0.00225549600361966,4.54256560650275,0.108676008876937
5,JZ,11,M1-L,RT_Upright_pro_R,0.0419149037418338,0.239473029628074,0.281387933369908,0.00191355844514248,0.00204347132456504,4.55230757888666,0.109533295386526
5,JZ,12,SMA-L,RT_Upright_pro_R,0.0603920055043366,0.0413381381740716,0.101730143678408,0.00116879104558877,0.00125660237557377,4.58956736532874,0.117198080296299
5,JZ,13,PMd-L,RT_Upright_pro_R,0.0766915669129329,0.088894962768756,0.165586529681689,0.00180261164720798,0.00194753983352473,4.55651994307232,0.114628730695143
5,JZ,14,PMv-L,RT_Upright_pro_R,0.0869276319788946,0.0648794261238559,0.151807058102751,0.00160297754888086,0.00173400981031475,4.56509341438315,0.114681292519779
5,JZ,15,FEF-L,RT_Upright_pro_R,0.0772183510706488,0.0680580274284994,0.145276378499148,0.00156218146240899,0.00168757402468792,4.56958068979087,0.115049523854126
5,JZ,16,POJ-L,RT_Upright_pro_R,0.0584622850663496,0.0727170536005316,0.131179338666881,0.00129781853280623,0.00139100941608487,4.58327786297902,0.115604959460061
5,JZ,17,V1-R,RT_Upright_pro_R,0.0529134161021838,0.046594103102002,0.0995075192041857,0.0013168413242449,0.00141975344125674,4.58116158608953,0.118379865238571
5,JZ,18,V3-R,RT_Upright_pro_R,0.0700843436909806,0.042653081532904,0.112737425223885,0.00130055198981566,0.00140051259069567,4.58018551805701,0.116807388981051
5,JZ,19,STS-R,RT_Upright_pro_R,0.0744062597932987,0.0557030599353123,0.130109319728611,0.00137970649131714,0.00147892932288937,4.5783259830706,0.115712989385793
5,JZ,20,IPL-R,RT_Upright_pro_R,0.065377098202554,0.0686584144261203,0.134035512628674,0.00140206384981706,0.00151565548588467,4.57526780570385,0.116407964776171
5,JZ,21,SPL-R,RT_Upright_pro_R,0.0971945677459894,0.0707731432989208,0.16796771104491,0.00168854543560077,0.00182817456243655,4.56077423136244,0.114557594776405
5,JZ,22,AG-R,RT_Upright_pro_R,0.0914600565777572,0.0742237627199694,0.165683819297727,0.00167070808666911,0.00180049099834464,4.56305864010551,0.114881936467352
5,JZ,23,mIPS-R,RT_Upright_pro_R,0.0565218032891312,0.0754689105747179,0.131990713863849,0.00135355663742237,0.00146013306110937,4.57868198536312,0.115739824879657
5,JZ,24,VIP-R,RT_Upright_pro_R,0.0718606798015649,0.0867808125488982,0.158641492350463,0.00158737222244781,0.00171574517735001,4.56642460350532,0.115515310808677
5,JZ,25,SPOC-R,RT_Upright_pro_R,0.0449137154870728,0.0976990213344459,0.142612736821519,0.00132843703044204,0.00143142756827911,4.58056290540573,0.114965724026357
5,JZ,26,S1-R,RT_Upright_pro_R,0.0890594928969256,0.0528561340105309,0.141915626907456,0.00128534100390424,0.00138112526024739,4.58142145093576,0.114844569407755
5,JZ,27,M1-R,RT_Upright_pro_R,0.0567198706942796,0.0361150994286093,0.0928349701228889,0.0011231656147772,0.00120911712982823,4.59205506358575,0.117851091148354
5,JZ,28,SMA-R,RT_Upright_pro_R,0.0788608843820023,0.0292337521546056,0.108094636536608,0.00123398911262772,0.00132462098891677,4.58604961295894,0.11724281234199
5,JZ,29,PMd-R,RT_Upright_pro_R,0.0547687927498247,0.0754050658504441,0.130173858600269,0.00137655628440145,0.00148599981331112,4.57761745559737,0.116966217281134
5,JZ,30,PMv-R,RT_Upright_pro_R,0.0603577738643909,0.0769839433117048,0.137341717176096,0.00135199775886243,0.00145536889571128,4.57788654086514,0.115460487984603
5,JZ,31,FEF-R,RT_Upright_pro_R,0.109292657475152,0.0536239624731972,0.162916619948349,0.00146996649503038,0.0015830381104837,4.57112926070984,0.115261481415968
5,JZ,32,POJ-R,RT_Upright_pro_R,0.0486499635581513,0.064681932305364,0.113331895863515,0.00114619800366725,0.00123289087793143,4.58966518140051,0.115680189072291
6,LT,1,V1-L,RT_Upright_pro_R,0.0557268506934394,0.0485604758656133,0.104287326559053,0.0012167312123462,0.00130731461716213,4.544607767369,0.111548617682261
6,LT,2,V3-L,RT_Upright_pro_R,0.0737272074469523,0.0802911620400316,0.154018369486984,0.00149653962115644,0.00160636794833104,4.53086059795952,0.109226293321877
6,LT,3,STS-L,RT_Upright_pro_R,0.0945569517062344,0.0732741618552082,0.167831113561443,0.00151553927925718,0.00163410850882102,4.5270963512264,0.107130382488456
6,LT,4,IPL-L,RT_Upright_pro_R,0.0811267988789474,0.0618014580631203,0.142928256942068,0.00138534342233942,0.00148346866302469,4.53863042119046,0.110201861595828
6,LT,5,SPL-L,RT_Upright_pro_R,0.0950004059962919,0.0673445553380204,0.162344961334312,0.00159140730976335,0.00171643929996831,4.52503971988228,0.109768230326731
6,LT,6,AG-L,RT_Upright_pro_R,0.0601872047149182,0.0400393212840018,0.10022652599892,0.00117044705657321,0.00125972319365363,4.5483186025951,0.111724419026552
6,LT,7,mIPS-L,RT_Upright_pro_R,0.0899492937596036,0.0611802681100074,0.151129561869611,0.00157703921949383,0.0016992229155336,4.52691096740081,0.11094875158503
6,LT,8,VIP-L,RT_Upright_pro_R,0.0971881707071455,0.0698713514822931,0.167059522189439,0.00163279067417629,0.00175677590047004,4.52608154231988,0.109051631708713
6,LT,9,SPOC-L,RT_Upright_pro_R,0.0537893585903535,0.0270570001659468,0.0808463587563003,0.00100987137702407,0.00108249131037808,4.55818928792259,0.113003738822601
6,LT,10,S1-L,RT_Upright_pro_R,0.0772836499068194,0.0951238621775407,0.17240751208436,0.00143813602238572,0.00153508018859533,4.53608167560625,0.107650895421949
6,LT,11,M1-L,RT_Upright_pro_R,0.0772965861891795,0.0976065704401968,0.174903156629376,0.00154028549899066,0.00164743711019818,4.53095140275196,0.108343952544149
6,LT,12,SMA-L,RT_Upright_pro_R,0.0599288863301319,0.151878362075653,0.211807248405785,0.00188237930242427,0.00203823289905708,4.51143685441453,0.108099333922519
6,LT,13,PMd-L,RT_Upright_pro_R,0.0670379271193992,0.0974011316411875,0.164439058760587,0.00158164159875223,0.00170036078828244,4.52668711893681,0.108744407310687
6,LT,14,PMv-L,RT_Upright_pro_R,0.0922524563109524,0.0408193108738418,0.133071767184794,0.00142263333440228,0.001531336107797,4.53563976702698,0.111166672176172
6,LT,15,FEF-L,RT_Upright_pro_R,0.0453520283340982,0.101719413805108,0.147071442139206,0.00149639001239486,0.00160371797681747,4.53101395487312,0.110391135857773
6,LT,16,POJ-L,RT_Upright_pro_R,0.0659548726703257,0.0283703457924401,0.0943252184627659,0.0010055272324329,0.00108498482216133,4.55689163254129,0.112280805267508
6,LT,17,V1-R,RT_Upright_pro_R,0.0332927367132798,0.0588829745515407,0.0921757112648205,0.000986506874860316,0.00105688696515595,4.55835474152474,0.111866315943808
6,LT,18,V3-R,RT_Upright_pro_R,0.0527250617404503,0.0272359235676661,0.0799609853081163,0.000975510864256344,0.00104429033471275,4.56013235613217,0.112723354337745
6,LT,19,STS-R,RT_Upright_pro_R,0.0931660856611809,0.0535968588601716,0.146762944521352,0.00149119693720497,0.00160692386741549,4.53188910759262,0.109909184644006
6,LT,20,IPL-R,RT_Upright_pro_R,0.0452453947177922,0.105955825385844,0.151201220103637,0.00142001736941049,0.00152352667841205,4.53498361455118,0.108969984887732
6,LT,21,SPL-R,RT_Upright_pro_R,0.0273424659137741,0.0693698923075468,0.0967123582213209,0.00115255763131719,0.00123793830021909,4.54985365252836,0.112509364933767
6,LT,22,AG-R,RT_Upright_pro_R,0.0919555534502455,0.0631973509189876,0.155152904369233,0.00150379438750181,0.00161111033848617,4.52943516939359,0.108706323685272
6,LT,23,mIPS-R,RT_Upright_pro_R,0.055076751421365,0.033482737558832,0.088559488980197,0.00109733171784245,0.00117268899510066,4.5534288568441,0.112812772367374
6,LT,24,VIP-R,RT_Upright_pro_R,0.0375298195734356,0.102359556805649,0.139889376379085,0.00131931112417782,0.00141493236008859,4.54002067791729,0.109920885052699
6,LT,25,SPOC-R,RT_Upright_pro_R,0.0578635130102094,0.0433631901484262,0.101226703158636,0.00125683278845265,0.00135010674527406,4.5428509173702,0.111636670518937
6,LT,26,S1-R,RT_Upright_pro_R,0.0874202893245845,0.0625894112671351,0.15000970059172,0.0014513299467558,0.00155498961950471,4.53414696999394,0.109013496705103
6,LT,27,M1-R,RT_Upright_pro_R,0.0493595895671992,0.0688823052518368,0.118241894819036,0.00125077821597347,0.00134533641771776,4.54336258844273,0.110618573276299
6,LT,28,SMA-R,RT_Upright_pro_R,0.0861443353529714,0.089664157185714,0.175808492538685,0.00163912216963561,0.00176191570130806,4.52372261077262,0.106323976978224
6,LT,29,PMd-R,RT_Upright_pro_R,0.0799879401710365,0.0490867878932653,0.129074728064302,0.00128568957211354,0.00137152204258191,4.54254744776743,0.110453429821358
6,LT,30,PMv-R,RT_Upright_pro_R,0.0942598612442454,0.0895311640164699,0.183791025260715,0.00171559728936744,0.00184358167718342,4.51947913150936,0.106910195798095
6,LT,31,FEF-R,RT_Upright_pro_R,0.0610838610831456,0.0934353387281599,0.154519199811305,0.00161567272163412,0.00174176177362837,4.52616204951844,0.110190480210597
6,LT,32,POJ-R,RT_Upright_pro_R,0.0641827547085269,0.0500224375507787,0.114205192259306,0.00137314846006949,0.00147525151552663,4.53671453204534,0.111477443119517
7,NvA,1,V1-L,RT_Upright_pro_R,0.0444532647218937,0.0626020766981161,0.10705534142001,0.00139783809875287,0.00151275346503891,4.67710067186637,0.140368739402345
7,NvA,2,V3-L,RT_Upright_pro_R,0.0772150299774454,0.166971899161506,0.244186929138952,0.00194347512651463,0.00210057681517459,4.65006532072297,0.132338596269062
7,NvA,3,STS-L,RT_Upright_pro_R,0.077213348816118,0.0495645454861086,0.126777894302227,0.00142282314040054,0.00154299601741692,4.67385800956014,0.139767071253068
7,NvA,4,IPL-L,RT_Upright_pro_R,0.118915312237275,0.137106811149027,0.256022123386302,0.00183925757372669,0.00198461957729363,4.65533756263166,0.134682680794765
7,NvA,5,SPL-L,RT_Upright_pro_R,0.0856667178456544,0.0819019183708712,0.167568636216526,0.00143236227960961,0.0015428789426293,4.67578908430463,0.136837871578221
7,NvA,6,AG-L,RT_Upright_pro_R,0.0855432394802064,0.0498567246526101,0.135399964132817,0.00148446996714839,0.00161520356822106,4.67203079824641,0.139960898123594
7,NvA,7,mIPS-L,RT_Upright_pro_R,0.151679523104423,0.0596518941553196,0.211331417259743,0.00171700880887883,0.00185525112505916,4.66098333278035,0.135952037300262
7,NvA,8,VIP-L,RT_Upright_pro_R,0.149178184132781,0.0465355116743654,0.195713695807146,0.00157186434452101,0.00170287830797191,4.66691658078954,0.13689457189484
7,NvA,9,SPOC-L,RT_Upright_pro_R,0.115346496357812,0.106928054103849,0.222274550461662,0.00192734102035842,0.00209537110759303,4.65165701595632,0.134095557916899
7,NvA,10,S1-L,RT_Upright_pro_R,0.126295291838138,0.167013067139246,0.293308358977384,0.0021641342245564,0.00235713053772379,4.63920552504003,0.132752305543217
7,NvA,11,M1-L,RT_Upright_pro_R,0.0490135791045955,0.161494885385181,0.210508464489777,0.00162696483763401,0.00176304357199067,4.66519478391646,0.136200079966254
7,NvA,12,SMA-L,RT_Upright_pro_R,0.0440799336496944,0.0973774045101408,0.141457338159835,0.00147839334859766,0.00158739066207912,4.67379384096297,0.139041736038305
7,NvA,13,PMd-L,RT_Upright_pro_R,0.0373840517071902,0.11757710399556,0.15496115570275,0.00147313116249872,0.00159046640035691,4.67425055560686,0.138263045862941
7,NvA,14,PMv-L,RT_Upright_pro_R,0.0502563789190587,0.0466268905257636,0.0968832694448223,0.0011931500661078,0.00128725586367347,4.68801986299918,0.140714994438559
7,NvA,15,FEF-L,RT_Upright_pro_R,0.0694365579479566,0.11849189579415,0.187928453742106,0.00167623410726347,0.0018087519654239,4.66429176780051,0.137053772660784
7,NvA,16,POJ-L,RT_Upright_pro_R,0.0772674598645572,0.0416420839688512,0.118909543833408,0.00125327516772907,0.00135493806715484,4.68464961303682,0.139737491904551
7,NvA,17,V1-R,RT_Upright_pro_R,0.0594703853877825,0.0601572561668136,0.119627641554596,0.00127651134868995,0.0013829551616455,4.68287139093114,0.138817393838831
7,NvA,18,V3-R,RT_Upright_pro_R,0.0827462567889011,0.0650642245331363,0.147810481322037,0.00147698424393554,0.001600062104403,4.67123002901165,0.138314959486174
7,NvA,19,STS-R,RT_Upright_pro_R,0.0605685727826599,0.0556879801291026,0.116256552911763,0.00132208469526187,0.00143225781171573,4.67936432166362,0.140931948289367
7,NvA,20,IPL-R,RT_Upright_pro_R,0.0735767709616149,0.0952978516701019,0.168874622631717,0.00157858828969912,0.00169291437511418,4.67035844944326,0.137262813358426
7,NvA,21,SPL-R,RT_Upright_pro_R,0.132237102692498,0.0975511431911349,0.229788245883633,0.00205662374442505,0.00221460534845163,4.64796471783123,0.133888074160276
7,NvA,22,AG-R,RT_Upright_pro_R,0.0637883604708243,0.120883800321081,0.184672160791905,0.00167119681213953,0.00179788474498573,4.66477883711856,0.136104683504972
7,NvA,23,mIPS-R,RT_Upright_pro_R,0.0926900853565026,0.095444378502614,0.188134463859117,0.00186854657976674,0.00202822383296224,4.65566215547148,0.137719738591896
7,NvA,24,VIP-R,RT_Upright_pro_R,0.0768430799888345,0.11447797904629,0.191321059035125,0.00181881145814502,0.00195859402000936,4.65921392763317,0.137292212576088
7,NvA,25,SPOC-R,RT_Upright_pro_R,0.127479168912006,0.142301210911222,0.269780379823228,0.00217631601720905,0.00234295191561108,4.64253864032899,0.132371595222863
7,NvA,26,S1-R,RT_Upright_pro_R,0.065830513926703,0.0606637324829583,0.126494246409661,0.00156485400220142,0.00168866468484795,4.6695396095788,0.140393440212295
7,NvA,27,M1-R,RT_Upright_pro_R,0.192302566373176,0.0410557821047996,0.233358348477976,0.00189829186257141,0.00204943128160338,4.65418572948016,0.136029144608396
7,NvA,28,SMA-R,RT_Upright_pro_R,0.056889330310579,0.0732267004906856,0.130116030801265,0.00141066340026812,0.00152310998757708,4.67560592084277,0.13894792583592
7,NvA,29,PMd-R,RT_Upright_pro_R,0.101682687443876,0.0777313035927408,0.179413991036617,0.00171183202458327,0.00186196971653741,4.66024839245493,0.137799104688241
7,NvA,30,PMv-R,RT_Upright_pro_R,0.0428456345795699,0.0610834754240377,0.103929110003608,0.0011373247489061,0.00122361946457008,4.68934563088838,0.141115273140392
7,NvA,31,FEF-R,RT_Upright_pro_R,0.139665014558728,0.074033755535823,0.213698770094551,0.00191001325496238,0.00206240890833107,4.65257084546971,0.136157619775821
7,NvA,32,POJ-R,RT_Upright_pro_R,0.118395696086991,0.0999522554528397,0.218347951539831,0.0020285497921042,0.00219527575275237,4.64943493164382,0.135971356214726
8,RR,1,V1-L,RT_Upright_pro_R,0.0922749003718565,0.0593929290006065,0.151667829372463,0.00154498510650345,0.00165746406449234,4.68765842976825,0.133468340209059
8,RR,2,V3-L,RT_Upright_pro_R,0.133262824437562,0.0903829418786687,0.223645766316231,0.0020723433530485,0.0022134187103763,4.66391610178744,0.12957441207568
8,RR,3,STS-L,RT_Upright_pro_R,0.0448788243106306,0.0500250939014341,0.0949039182120647,0.00113793382418568,0.00121817624489252,4.70979337421679,0.135920302236597
8,RR,4,IPL-L,RT_Upright_pro_R,0.0599116804001951,0.0601131662163902,0.120024846616585,0.00141353003806682,0.00152134862649031,4.69388111979746,0.136360867749872
8,RR,5,SPL-L,RT_Upright_pro_R,0.103968446290701,0.0966386784268109,0.200607124717512,0.00179380501455749,0.00191672508673524,4.67678654556354,0.131636299495836
8,RR,6,AG-L,RT_Upright_pro_R,0.0762976847989614,0.0732055314295635,0.149503216228525,0.00160035098245306,0.00171774191250818,4.68559165967889,0.13492630303276
8,RR,7,mIPS-L,RT_Upright_pro_R,0.0851861631965631,0.0703929878201832,0.155579151016746,0.00172902092021306,0.00186171086384675,4.68014663714107,0.134916312013908
8,RR,8,VIP-L,RT_Upright_pro_R,0.06569018446862,0.0862429899690041,0.151933174437624,0.0016284529371394,0.00174496655695318,4.68425440332179,0.133737550828453
8,RR,9,SPOC-L,RT_Upright_pro_R,0.0949466945780101,0.0940739333207608,0.189020627898771,0.00191284757671047,0.00204893058557603,4.67402816839951,0.133497769152972
8,RR,10,S1-L,RT_Upright_pro_R,0.0703776447619068,0.0602258671109169,0.130603511872824,0.00150773172169664,0.00161380720691269,4.68958022630835,0.13657578562166
8,RR,11,M1-L,RT_Upright_pro_R,0.0662486606900759,0.0588068820772512,0.125055542767327,0.00144177097152428,0.00154117041788189,4.69416733260036,0.136311063242958
8,RR,12,SMA-L,RT_Upright_pro_R,0.0491000857998793,0.0919687463869604,0.14106883218684,0.00165129327451742,0.00177559211470267,4.68333677275708,0.135946012991922
8,RR,13,PMd-L,RT_Upright_pro_R,0.0718733762032742,0.0703846935542785,0.142258069757553,0.00160265393063959,0.00172340312566521,4.68411577279561,0.135261259360436
8,RR,14,PMv-L,RT_Upright_pro_R,0.0541587873685636,0.0576157065920426,0.111774493960606,0.00128975509979706,0.00138771250145443,4.70027436672914,0.135872549713856
8,RR,15,FEF-L,RT_Upright_pro_R,0.0514045755911049,0.0567559504320622,0.108160526023167,0.00143688912699815,0.00154790259195598,4.6932365123315,0.137943658042769
8,RR,16,POJ-L,RT_Upright_pro_R,0.0583563309610782,0.103705216339721,0.162061547300799,0.00164117043344526,0.00176354177082427,4.6851892279063,0.134438421481934
8,RR,17,V1-R,RT_Upright_pro_R,0.131366934549245,0.0878828589773973,0.219249793526642,0.00198688578080612,0.00213603121200229,4.66791962036366,0.129649372557752
8,RR,18,V3-R,RT_Upright_pro_R,0.0757789478130783,0.0827234021723533,0.158502349985432,0.00176594280401176,0.00189539324010642,4.67965786293009,0.13449714665783
8,RR,19,STS-R,RT_Upright_pro_R,0.0441990656744043,0.093151670784247,0.137350736458651,0.00147681533366088,0.00158136315884785,4.6917782897898,0.136061317702139
8,RR,20,IPL-R,RT_Upright_pro_R,0.0689238105597159,0.0516406184601428,0.120564429019859,0.00145655114640224,0.00156504669313167,4.69337332434388,0.136295100930189
8,RR,21,SPL-R,RT_Upright_pro_R,0.0886620994143074,0.111173135384944,0.199835234799251,0.00172987680265136,0.00185364934305949,4.6793946771579,0.130543230943899
8,RR,22,AG-R,RT_Upright_pro_R,0.0695027269749969,0.130038927039608,0.199541654014605,0.00185892457076935,0.00199262866216691,4.67439126871117,0.131946531729719
8,RR,23,mIPS-R,RT_Upright_pro_R,0.0777687954759021,0.0895999785589911,0.167368774034893,0.00169589429613334,0.00182304620619173,4.68225760801811,0.133063857455445
8,RR,24,VIP-R,RT_Upright_pro_R,0.123657991009684,0.06520691519988,0.188864906209564,0.0018552295927484,0.00199293608733165,4.67626603899375,0.133215392878561
8,RR,25,SPOC-R,RT_Upright_pro_R,0.119518340815871,0.120570086048758,0.240088426864629,0.00200655024524775,0.00214681236240664,4.66918922982944,0.127669413574483
8,RR,26,S1-R,RT_Upright_pro_R,0.0658632357670681,0.0631392391269595,0.129002474894028,0.00161072932373643,0.00172646941057869,4.68679934336868,0.136725466218814
8,RR,27,M1-R,RT_Upright_pro_R,0.109155527295753,0.0496446657316968,0.15880019302745,0.00172210099812025,0.00184537891285804,4.68011383194015,0.134670816006407
8,RR,28,SMA-R,RT_Upright_pro_R,0.0422632867013886,0.0781666858710787,0.120429972572467,0.00143008643432342,0.00153495467121254,4.69319294914821,0.137134057623586
8,RR,29,PMd-R,RT_Upright_pro_R,0.0798917567680395,0.0888459042673594,0.168737661035399,0.00190634719988845,0.00205130565302232,4.67223667004538,0.133658428189935
8,RR,30,PMv-R,RT_Upright_pro_R,0.0865966073738466,0.10432263662761,0.190919244001457,0.0019631516583091,0.0021100098857788,4.67042178429993,0.132722201055593
8,RR,31,FEF-R,RT_Upright_pro_R,0.054713040072882,0.0724586657586392,0.127171705831521,0.00151392233496992,0.00162606188012265,4.68999038744968,0.136855889244135
8,RR,32,POJ-R,RT_Upright_pro_R,0.177711225601727,0.125013551630573,0.302724777232299,0.00238119151811792,0.0025523767631708,4.65143872225631,0.124095559766609
9,SJB,1,V1-L,RT_Upright_pro_R,0.0341516150261259,0.100810218160715,0.134961833186841,0.00137665141477405,0.00148265970354166,4.6944315480831,0.13615483645864
9,SJB,2,V3-L,RT_Upright_pro_R,0.115363504681259,0.0460535823481322,0.161417087029391,0.00159604419152666,0.0017259013663951,4.68331786481651,0.13447065463346
9,SJB,3,STS-L,RT_Upright_pro_R,0.122315248343452,0.0754370490176262,0.197752297361078,0.00190536927359338,0.00205654932065587,4.66825653184762,0.131927385764984
9,SJB,4,IPL-L,RT_Upright_pro_R,0.0863467782955048,0.105299068309747,0.191645846605252,0.00183028636651025,0.0019730057404565,4.67423003313356,0.133805899819556
9,SJB,5,SPL-L,RT_Upright_pro_R,0.0972419452979226,0.093782072458261,0.191024017756184,0.00195139450463692,0.00210798025340243,4.6679519879546,0.134455914506899
9,SJB,6,AG-L,RT_Upright_pro_R,0.121686501957383,0.141472944054865,0.263159446012248,0.00238209788322265,0.00256985751048009,4.64812134739036,0.128410880000971
9,SJB,7,mIPS-L,RT_Upright_pro_R,0.0638961411065143,0.100757392508772,0.164653533615287,0.00176650761469626,0.00190232912558321,4.67618448171333,0.135534218056198
9,SJB,8,VIP-L,RT_Upright_pro_R,0.147304281476524,0.148471041557141,0.295775323033665,0.00242785858267147,0.00261083732547468,4.64532959017272,0.125550031148902
9,SJB,9,SPOC-L,RT_Upright_pro_R,0.100752242245866,0.104446481260202,0.205198723506068,0.00201597100409755,0.00217628470956266,4.66478286404775,0.132567549573484
9,SJB,10,S1-L,RT_Upright_pro_R,0.0848292452464539,0.0761117270842365,0.16094097233069,0.00171149006444158,0.00185031484413084,4.67685182935615,0.134154637879318
9,SJB,11,M1-L,RT_Upright_pro_R,0.0566916695512313,0.0746922681464899,0.131383937697721,0.0014526882181861,0.00156290217618335,4.68938732496444,0.134979556223056
9,SJB,12,SMA-L,RT_Upright_pro_R,0.0614984883942759,0.0864937927917206,0.147992281185997,0.00169885303506832,0.00183330604376533,4.6783476542409,0.135455875626625
9,SJB,13,PMd-L,RT_Upright_pro_R,0.050529026206941,0.0626668509063028,0.113195877113244,0.00128914423491456,0.00138824780633475,4.69846014604631,0.1366870993353
9,SJB,14,PMv-L,RT_Upright_pro_R,0.052111461985368,0.0301401632070726,0.0822516251924406,0.00115993906806236,0.00125044368278696,4.7049580737406,0.139062777436671
9,SJB,15,FEF-L,RT_Upright_pro_R,0.058048654877336,0.0839947019971026,0.142043356874439,0.00153727957877905,0.00165695345681682,4.68546900053841,0.136256134230753
9,SJB,16,POJ-L,RT_Upright_pro_R,0.0844619504172036,0.039861316903829,0.124323267321033,0.00139531162962741,0.00150121977981684,4.69326989497426,0.136672482855548
9,SJB,17,V1-R,RT_Upright_pro_R,0.0588001714662208,0.107288519696789,0.16608869116301,0.00170175851126123,0.00184211661973755,4.67765849568409,0.13489319129322
9,SJB,18,V3-R,RT_Upright_pro_R,0.0604323632827615,0.0631169741911188,0.12354933747388,0.00140974516537055,0.00152456565978419,4.69043061750214,0.136475029113655
9,SJB,19,STS-R,RT_Upright_pro_R,0.0470784820505919,0.0607921290592156,0.107870611109807,0.00136185195179444,0.00147332879331162,4.69326983686798,0.137642239828752
9,SJB,20,IPL-R,RT_Upright_pro_R,0.104137201248283,0.0532960653733856,0.157433266621669,0.00179241780806783,0.00193492931228549,4.67403459209653,0.135685759182044
9,SJB,21,SPL-R,RT_Upright_pro_R,0.0830863611206307,0.117859036373567,0.200945397494198,0.00186172825539822,0.00200206326850329,4.67177062563866,0.130087059600654
9,SJB,22,AG-R,RT_Upright_pro_R,0.103900995752551,0.0703279025024142,0.174228898254965,0.00166529074091319,0.00178913758532326,4.67905474018965,0.133631861529915
9,SJB,23,mIPS-R,RT_Upright_pro_R,0.0367229866163451,0.0588086469539449,0.0955316335702901,0.00107722692685224,0.00115879838539546,4.71069502699499,0.136765762788776
9,SJB,24,VIP-R,RT_Upright_pro_R,0.100612943217727,0.0853433771639582,0.185956320381685,0.00192351843251087,0.00207391509719016,4.66883343334397,0.133972527729578
9,SJB,25,SPOC-R,RT_Upright_pro_R,0.0894196776827248,0.0643504761024167,0.153770153785142,0.00156155645581204,0.00168971208705283,4.68442075707298,0.134783152112078
9,SJB,26,S1-R,RT_Upright_pro_R,0.111955169875519,0.0897764595691203,0.201731629444639,0.00198964130711551,0.00213978411119263,4.66589841765672,0.133475800136273
9,SJB,27,M1-R,RT_Upright_pro_R,0.1121018806289,0.128028066377582,0.240129947006482,0.00212999776359534,0.00228880509651995,4.65720463219602,0.128773519610988
9,SJB,28,SMA-R,RT_Upright_pro_R,0.0608683030178871,0.0693619991804578,0.130230302198345,0.00156961420050632,0.001697055320664,4.68372116576475,0.136981238339047
9,SJB,29,PMd-R,RT_Upright_pro_R,0.0675250928004816,0.0505706683889525,0.118095761189434,0.00142017635052983,0.00152634783191575,4.69195852815852,0.136723427300972
9,SJB,30,PMv-R,RT_Upright_pro_R,0.0515386041455901,0.0763348360723417,0.127873440217932,0.00161599792376191,0.00174353384387928,4.68180671214181,0.137197887959115
9,SJB,31,FEF-R,RT_Upright_pro_R,0.0667797122396597,0.0851691666540505,0.15194887889371,0.00170847620277529,0.00184296692041944,4.67765996421955,0.135889743418514
9,SJB,32,POJ-R,RT_Upright_pro_R,0.119817297566389,0.0610910034500932,0.180908301016482,0.00179902334978374,0.00193928134319766,4.67380637668159,0.134425981627906
10,BG,1,V1-L,RT_Upright_pro_R,0.0654838887461223,0.0314809532476348,0.0969648419937571,0.00114968690722809,0.00125911838962108,4.62976226722767,0.137806277896223
10,BG,2,V3-L,RT_Upright_pro_R,0.0426885860352251,0.0932962709016929,0.135984856936918,0.00135225173962121,0.00147276698658044,4.61925058161459,0.135834920303867
10,BG,3,STS-L,RT_Upright_pro_R,0.0308190837104366,0.0617674967444223,0.0925865804548589,0.00115952172354288,0.00126773364781392,4.62914426203517,0.138112454998462
10,BG,4,IPL-L,RT_Upright_pro_R,0.0719723230856495,0.0732807859792358,0.145253109064885,0.00141107698272911,0.00153983999895783,4.61504771643709,0.134644062886428
10,BG,5,SPL-L,RT_Upright_pro_R,0.0611179458689561,0.0504995213266531,0.111617467195609,0.00132196909460714,0.00144561634596252,4.62033376329232,0.136785150978526
10,BG,6,AG-L,RT_Upright_pro_R,0.0657337796221706,0.0627045853901716,0.128438365012342,0.00134497258624645,0.00146786886878463,4.61985018556393,0.135730550700144
10,BG,7,mIPS-L,RT_Upright_pro_R,0.0572763590541842,0.0655301149055114,0.122806473959696,0.00128642835584076,0.00140475690975429,4.62236553804526,0.135673166108387
10,BG,8,VIP-L,RT_Upright_pro_R,0.0648539079253102,0.0702005549400727,0.135054462865383,0.00129301309316698,0.00140263315103147,4.62209911007603,0.134922813008481
10,BG,9,SPOC-L,RT_Upright_pro_R,0.06821702317733,0.0748920253651665,0.143109048542496,0.00151421191163395,0.00165476081834129,4.61072601826478,0.135570665236416
10,BG,10,S1-L,RT_Upright_pro_R,0.149033700974428,0.058048626227251,0.207082327201679,0.00168994842779395,0.00184481067451101,4.59956226639937,0.13276509744982
10,BG,11,M1-L,RT_Upright_pro_R,0.126676094782317,0.0651353468979176,0.191811441680234,0.00156761115741071,0.00171499335277413,4.60698596470211,0.133593036242492
10,BG,12,SMA-L,RT_Upright_pro_R,0.0328487153819429,0.090052550125534,0.122901265507477,0.00137987660043425,0.00150767079041838,4.61849932585767,0.136941006307592
10,BG,13,PMd-L,RT_Upright_pro_R,0.0409791001040538,0.134061714076372,0.175040814180426,0.00139675439233664,0.00152253193051063,4.61674461118705,0.133774570557126
10,BG,14,PMv-L,RT_Upright_pro_R,0.0426858906606315,0.0314467619487914,0.0741326526094228,0.000981088674705152,0.00107644504507139,4.64013372131918,0.138928284095947
10,BG,15,FEF-L,RT_Upright_pro_R,0.0771141007780718,0.0924947383065769,0.169608839084649,0.00147868154416642,0.00160542031547926,4.61261249819326,0.133964681871409
10,BG,16,POJ-L,RT_Upright_pro_R,0.0605586340362705,0.064805808523341,0.125364442559612,0.00128398377693001,0.00140018884825139,4.62190391972613,0.135819865715038
10,BG,17,V1-R,RT_Upright_pro_R,0.105650366919946,0.111141584975616,0.216791951895562,0.00191638757744467,0.00209482831441776,4.59183911555729,0.13133701014982
10,BG,18,V3-R,RT_Upright_pro_R,0.112712551523071,0.0790089104043976,0.191721461927468,0.00155471486718513,0.00169119900855135,4.60800352919637,0.131510311033958
10,BG,19,STS-R,RT_Upright_pro_R,0.0529624045688355,0.068273849109622,0.121236253678457,0.00126918839861384,0.00137638381305203,4.62354195544223,0.136059038991334
10,BG,20,IPL-R,RT_Upright_pro_R,0.109669214427815,0.0927212908731006,0.202390505300916,0.00171381667313111,0.00185708294067661,4.60335081482936,0.132365675603401
10,BG,21,SPL-R,RT_Upright_pro_R,0.111294892622306,0.0500705667341529,0.161365459356459,0.00165642618155452,0.00180336184634246,4.60543745253569,0.133719728564091
10,BG,22,AG-R,RT_Upright_pro_R,0.0776762196051501,0.0551565733356236,0.132832792940774,0.00135232609777427,0.00146822058052358,4.62007679655624,0.134913975580139
10,BG,23,mIPS-R,RT_Upright_pro_R,0.130104414776228,0.0495173972108664,0.179621811987095,0.00149240454679472,0.00162438477866303,4.60961663801434,0.132138806750916
10,BG,24,VIP-R,RT_Upright_pro_R,0.0789587751779527,0.131278025630689,0.210236800808642,0.00190596411641748,0.00206691085194323,4.59370999246783,0.131936453639194
10,BG,25,SPOC-R,RT_Upright_pro_R,0.0843829084101729,0.100429638420916,0.184812546831089,0.00165192532694547,0.00180395502362034,4.60402188658994,0.132768244481684
10,BG,26,S1-R,RT_Upright_pro_R,0.0787060632899889,0.134996495811637,0.213702559101626,0.00193906551091891,0.00210391807983377,4.59237368711384,0.131567959158447
10,BG,27,M1-R,RT_Upright_pro_R,0.144133231133619,0.158328439112307,0.302461670245926,0.00222620275876841,0.00241906063829419,4.57745922159628,0.127454991020794
10,BG,28,SMA-R,RT_Upright_pro_R,0.0441031434823814,0.0908920313877535,0.134995174870135,0.00151634255882655,0.00165580345152115,4.61214233885086,0.136566626896857
10,BG,29,PMd-R,RT_Upright_pro_R,0.0974001346496245,0.106660243637598,0.204060378287223,0.00175961518889946,0.00191557827645497,4.59932567472411,0.130878194926202
10,BG,30,PMv-R,RT_Upright_pro_R,0.0937293775395302,0.0965136958209273,0.190243073360458,0.00175536738254679,0.00191385502964462,4.59938712114258,0.131017624634794
10,BG,31,FEF-R,RT_Upright_pro_R,0.127573433208136,0.064705439113414,0.19227887232155,0.00167453799387537,0.00181830486828717,4.60459047270916,0.132365355514745
10,BG,32,POJ-R,RT_Upright_pro_R,0.103484841001002,0.101209069793891,0.204693910794892,0.00168031473715962,0.00183206414726682,4.60089948860768,0.132019805680453
1,DOC,1,V1-L,RT_Upright_anti_L,0.051981829775606,0.0347067302920717,0.0866885600676777,0.00107755222745414,0.00114228453998599,4.60955524344346,0.10638979186349
1,DOC,2,V3-L,RT_Upright_anti_L,0.0788421511051346,0.0349030632450251,0.11374521435016,0.00129416942649324,0.00136965416421326,4.595843786772,0.105824100711011
1,DOC,3,STS-L,RT_Upright_anti_L,0.0447653045377617,0.0692106161254339,0.113975920663196,0.00138872316768673,0.00147172907581253,4.59183073544741,0.105804679346058
1,DOC,4,IPL-L,RT_Upright_anti_L,0.105414355694651,0.0801288936527499,0.185543249347401,0.00178002051294726,0.00188512334675457,4.57273310189584,0.102942696251737
1,DOC,5,SPL-L,RT_Upright_anti_L,0.0688640769484924,0.0513290107702574,0.12019308771875,0.00144960641844464,0.00153718550767162,4.58803657069133,0.105405232551585
1,DOC,6,AG-L,RT_Upright_anti_L,0.0780564935986332,0.0350624789803241,0.113118972578957,0.00133932381813298,0.00142102083933109,4.59410195739241,0.106229551621474
1,DOC,7,mIPS-L,RT_Upright_anti_L,0.0856091077192613,0.0381066648793706,0.123715772598632,0.00140896547792226,0.00149131374260558,4.59011016645651,0.104998968868347
1,DOC,8,VIP-L,RT_Upright_anti_L,0.146394246909839,0.0632443938898439,0.209638640799683,0.0018830702139102,0.00199585503686164,4.56764065220125,0.102046223626769
1,DOC,9,SPOC-L,RT_Upright_anti_L,0.127413244891628,0.0840595013248156,0.211472746216444,0.00191803160392471,0.00202550751002736,4.56466070878225,0.0997372159843754
1,DOC,10,S1-L,RT_Upright_anti_L,0.100030861492524,0.127861609578833,0.227892471071357,0.00195372667937862,0.00206104991793488,4.56527691522308,0.100921360214258
1,DOC,11,M1-L,RT_Upright_anti_L,0.0471331025604656,0.16664357708807,0.213776679648535,0.00177391511712528,0.00187962247114795,4.5733115972429,0.101235371013078
1,DOC,12,SMA-L,RT_Upright_anti_L,0.064148940225767,0.112833105963268,0.176982046189035,0.00155006887096618,0.00163793057870107,4.58304476535023,0.101332049789921
1,DOC,13,PMd-L,RT_Upright_anti_L,0.0723603536175818,0.0809399613133423,0.153300314930924,0.0015179782444235,0.00161156628483375,4.58581195847975,0.103159132911489
1,DOC,14,PMv-L,RT_Upright_anti_L,0.0631987512196781,0.0736166353659777,0.136815386585656,0.00149213243229786,0.00157399168931704,4.58680427566665,0.104578881134961
1,DOC,15,FEF-L,RT_Upright_anti_L,0.106892411061668,0.0629919212693404,0.169884332331008,0.00163829009128271,0.00173582031423791,4.57872476208201,0.101705960578926
1,DOC,16,POJ-L,RT_Upright_anti_L,0.0721635045320846,0.0512557290499925,0.123419233582077,0.00138052875872454,0.0014634930775882,4.59157366545101,0.105674691549068
1,DOC,17,V1-R,RT_Upright_anti_L,0.0294286505197862,0.0892676732596097,0.118696323779396,0.0012575877172064,0.0013315822707847,4.59784511990181,0.10513569693007
1,DOC,18,V3-R,RT_Upright_anti_L,0.0460260455318696,0.0692752786386183,0.115301324170488,0.00136352148833121,0.00144563862352351,4.59252897770494,0.106013490153032
1,DOC,19,STS-R,RT_Upright_anti_L,0.0736041043368347,0.0280242643086606,0.101628368645495,0.00110479000994467,0.00116886629141892,4.60607405383174,0.106269935711609
1,DOC,20,IPL-R,RT_Upright_anti_L,0.0621686213319318,0.0374558303877571,0.0996244517196888,0.0012547319949509,0.00133211019044354,4.59834283563808,0.106699406632816
1,DOC,21,SPL-R,RT_Upright_anti_L,0.0484124926716841,0.0662898291923945,0.114702321864079,0.00134244028347837,0.00141610791506501,4.59503273498825,0.105597473037754
1,DOC,22,AG-R,RT_Upright_anti_L,0.0674791320302071,0.0803813031455095,0.147860435175717,0.00155173560753939,0.0016456328795544,4.58377853288007,0.104635866637045
1,DOC,23,mIPS-R,RT_Upright_anti_L,0.0722555841648377,0.0786958177312452,0.150951401896083,0.00152163145327196,0.00161004421110191,4.58450831084009,0.104377285658162
1,DOC,24,VIP-R,RT_Upright_anti_L,0.0290679960261347,0.0611010061038433,0.090169002129978,0.00113637746607886,0.00120058622982735,4.60535450210619,0.107201068361226
1,DOC,25,SPOC-R,RT_Upright_anti_L,0.0586605699994626,0.0685234268242922,0.127183996823755,0.00140077923348193,0.0014795115630752,4.59244595157771,0.105016179373441
1,DOC,26,S1-R,RT_Upright_anti_L,0.0754373268093509,0.0521472928317662,0.127584619641117,0.00144747333127259,0.0015365478229417,4.58775844200106,0.105003741713369
1,DOC,27,M1-R,RT_Upright_anti_L,0.115519929285924,0.0531674665942566,0.168687395880181,0.00168500619939075,0.00178433004867953,4.57581136737795,0.103935782873913
1,DOC,28,SMA-R,RT_Upright_anti_L,0.0602017930201965,0.11333547524039,0.173537268260586,0.00175831603404358,0.00186869134894427,4.5738775207233,0.103747426880831
1,DOC,29,PMd-R,RT_Upright_anti_L,0.0501313805226793,0.0950745295494608,0.14520591007214,0.00141332303335237,0.0014993514070919,4.59186199954626,0.104212211069686
1,DOC,30,PMv-R,RT_Upright_anti_L,0.0452156035426459,0.0741015332349772,0.119317136777623,0.00140445095861088,0.00148818391387311,4.58996904634509,0.105061650637554
1,DOC,31,FEF-R,RT_Upright_anti_L,0.0619063683920832,0.078728649542161,0.140635017934244,0.00150083370549445,0.00159434185161097,4.58614349423946,0.10416060434821
1,DOC,32,POJ-R,RT_Upright_anti_L,0.0639513064904497,0.0602723711931965,0.124223677683646,0.00140307488285403,0.00148565534597372,4.59152202310985,0.105143380346831
2,GB,1,V1-L,RT_Upright_anti_L,0.078948663065,0.0384294002270617,0.117378063292062,0.00127876349244214,0.00136973875289863,4.68658379139504,0.135028317860415
2,GB,2,V3-L,RT_Upright_anti_L,0.125792778578456,0.0653398040416376,0.191132582620094,0.00178012870175401,0.00189825795189345,4.66341066615287,0.13148926981897
2,GB,3,STS-L,RT_Upright_anti_L,0.0347568925572355,0.028392425963927,0.0631493185211626,0.000917837020935908,0.000985106389977478,4.70672041124343,0.137719936522823
2,GB,4,IPL-L,RT_Upright_anti_L,0.0752476961894264,0.103174956999299,0.178422653188726,0.00193030914705518,0.00208005899111742,4.65515070117366,0.133534359526318
2,GB,5,SPL-L,RT_Upright_anti_L,0.0717487323848849,0.107816029377543,0.179564761762428,0.00190037098481922,0.00204200406511539,4.65767431160611,0.133238476715332
2,GB,6,AG-L,RT_Upright_anti_L,0.0903280019413724,0.0732663707857763,0.163594372727149,0.00169765420390804,0.00181296956858711,4.66836277160713,0.134125243075576
2,GB,7,mIPS-L,RT_Upright_anti_L,0.0906349679083411,0.0912107440673654,0.181845711975707,0.0017892322639557,0.00192131047360474,4.66248618281525,0.131837981655747
2,GB,8,VIP-L,RT_Upright_anti_L,0.0969053664938287,0.0865018005640114,0.18340716705784,0.00190319350790672,0.00203819402982896,4.65774088660284,0.132084721116508
2,GB,9,SPOC-L,RT_Upright_anti_L,0.124522157149754,0.0993327148692577,0.223854872019012,0.00201388266682563,0.00215845112503925,4.65407493098964,0.130554575334283
2,GB,10,S1-L,RT_Upright_anti_L,0.0502708839264234,0.0972596491309448,0.147530533057368,0.00158039229522295,0.00170246678810092,4.67075781258503,0.134243533815515
2,GB,11,M1-L,RT_Upright_anti_L,0.0556857141459216,0.0980125663207416,0.153698280466663,0.00164915242940254,0.00177387683166001,4.66787589609302,0.134582399552354
2,GB,12,SMA-L,RT_Upright_anti_L,0.0682920872786796,0.0787984387915508,0.14709052607023,0.00158471446693024,0.00169762434809812,4.6723013481612,0.134990126715272
2,GB,13,PMd-L,RT_Upright_anti_L,0.0564362832559397,0.112481209336773,0.168917492592713,0.00171550420892708,0.00185336124775284,4.66293583697769,0.133610316761605
2,GB,14,PMv-L,RT_Upright_anti_L,0.0331894150937647,0.059037411471366,0.0922268265651308,0.00112994140837501,0.00121770926805265,4.6937227282485,0.137028573680556
2,GB,15,FEF-L,RT_Upright_anti_L,0.106485625848695,0.0461694359155319,0.152655061764227,0.00145523262686518,0.00155830301954667,4.67677932699265,0.134084627718126
2,GB,16,POJ-L,RT_Upright_anti_L,0.110110670393727,0.133281796767452,0.243392467161178,0.00204660510482815,0.00218007758031813,4.65273458039642,0.128876367001117
2,GB,17,V1-R,RT_Upright_anti_L,0.0808448888832359,0.0330344951613105,0.113879384044546,0.00126915560285408,0.00135948245173045,4.68779430204285,0.134380234659094
2,GB,18,V3-R,RT_Upright_anti_L,0.107909743396165,0.112465653579285,0.22037539697545,0.00191396003214465,0.00204040761913793,4.65716785289733,0.129146270999883
2,GB,19,STS-R,RT_Upright_anti_L,0.115441130480652,0.0685718527082013,0.184012983188854,0.00184254718848432,0.00198117641193156,4.65848956240675,0.132545727331912
2,GB,20,IPL-R,RT_Upright_anti_L,0.0722452822284988,0.0996613360614003,0.171906618289899,0.00175944167698801,0.00188394128561455,4.66309801523275,0.132055941896065
2,GB,21,SPL-R,RT_Upright_anti_L,0.0759790142981998,0.0713417466236742,0.147320760921874,0.00154891830009088,0.00166109186535407,4.67348513018541,0.134539343619383
2,GB,22,AG-R,RT_Upright_anti_L,0.094292511268746,0.0760230762974236,0.17031558756617,0.00169192505422619,0.00181635711748285,4.66759195175846,0.132619172244957
2,GB,23,mIPS-R,RT_Upright_anti_L,0.0848544417512445,0.0509867327008292,0.135841174452074,0.0014628362532295,0.00157214787844582,4.67713210229073,0.134610533918899
2,GB,24,VIP-R,RT_Upright_anti_L,0.0491353304804697,0.0784493784462011,0.127584708926671,0.00143718960984843,0.00155025002643701,4.6777304190064,0.135015573497565
2,GB,25,SPOC-R,RT_Upright_anti_L,0.0630221901569439,0.141839713338003,0.204861903494947,0.00175806914212301,0.00188206553789348,4.66456678770447,0.131355848728074
2,GB,26,S1-R,RT_Upright_anti_L,0.14180665227082,0.0643051667083088,0.206111818979129,0.00190362476395248,0.00203889469103976,4.65664111975968,0.13229530345736
2,GB,27,M1-R,RT_Upright_anti_L,0.110438381792324,0.0661959836647928,0.176634365457117,0.00164531785433304,0.00177527048417885,4.66524100608211,0.132318177826672
2,GB,28,SMA-R,RT_Upright_anti_L,0.0808174319608307,0.107481280299424,0.188298712260255,0.00184201835126921,0.00198798172634239,4.65803266521603,0.132239812216375
2,GB,29,PMd-R,RT_Upright_anti_L,0.0912072725269229,0.0732671062311552,0.164474378758078,0.00143501894163058,0.00152996163568391,4.67546040547921,0.131949781265986
2,GB,30,PMv-R,RT_Upright_anti_L,0.0605295927669673,0.0748173859923279,0.135346978759295,0.00149635545568296,0.00160463209555257,4.67507994012492,0.135165769341769
2,GB,31,FEF-R,RT_Upright_anti_L,0.0469448114142348,0.083615415086929,0.130560226501164,0.0014467457956651,0.00155314893312078,4.67857295637108,0.134848271286502
2,GB,32,POJ-R,RT_Upright_anti_L,0.121029794843934,0.145293329202135,0.266323124046069,0.00232061941207303,0.00248606055198777,4.64013527959526,0.129051990938356
3,JDC,1,V1-L,RT_Upright_anti_L,0.117148193199544,0.0863701855043921,0.203518378703936,0.0018577490960425,0.00200416105847801,4.51147258630958,0.108510508212272
3,JDC,2,V3-L,RT_Upright_anti_L,0.0732600483564135,0.0609503355448645,0.134210383901278,0.00134759927154459,0.00146128389945891,4.53614355557568,0.114350484818763
3,JDC,3,STS-L,RT_Upright_anti_L,0.07990749302849,0.0455457321908142,0.125453225219304,0.00135069164305585,0.00146397957148431,4.53737555688704,0.115458230638645
3,JDC,4,IPL-L,RT_Upright_anti_L,0.0512027851782893,0.0524139777768569,0.103616762955146,0.00115201298002208,0.00124698749586203,4.54815276298129,0.11550021550471
3,JDC,5,SPL-L,RT_Upright_anti_L,0.0996055440846219,0.0649313927084041,0.164536936793026,0.00152342032280084,0.00164477559890656,4.52878546660962,0.113564706698987
3,JDC,6,AG-L,RT_Upright_anti_L,0.0628485293484543,0.0608332307389776,0.123681760087432,0.00127813995338417,0.00138390672734573,4.54116039058584,0.114193971411401
3,JDC,7,mIPS-L,RT_Upright_anti_L,0.0787239388822706,0.0532530815824206,0.131977020464691,0.0013951629382452,0.00151147902338981,4.53515301459595,0.114773643644872
3,JDC,8,VIP-L,RT_Upright_anti_L,0.0556123666309911,0.0751536088229582,0.130765975453949,0.00127855896744731,0.001382787162675,4.54095182766242,0.114826305851265
3,JDC,9,SPOC-L,RT_Upright_anti_L,0.0907411757661416,0.129187110599501,0.219928286365642,0.00184926364008123,0.00200294079543592,4.51184396887366,0.108297299930658
3,JDC,10,S1-L,RT_Upright_anti_L,0.0680420628182276,0.0747313077780211,0.142773370596249,0.00149274273840214,0.00161934616474031,4.52946859524181,0.114438961315363
3,JDC,11,M1-L,RT_Upright_anti_L,0.0379471834134577,0.084255980503473,0.122203163916931,0.00130924655062878,0.00141613687507938,4.54046377941857,0.115137913425335
3,JDC,12,SMA-L,RT_Upright_anti_L,0.0502219140213671,0.0400206382106661,0.0902425522320332,0.00115748245084297,0.00125470837548674,4.54770455026375,0.115868250530053
3,JDC,13,PMd-L,RT_Upright_anti_L,0.0340833518669879,0.0955511375201542,0.129634489387142,0.0012723640149906,0.00137785851891543,4.54068548564322,0.115111881314768
3,JDC,14,PMv-L,RT_Upright_anti_L,0.0579515376094099,0.0336185430150029,0.0915700806244128,0.001020948072663,0.00110471988641371,4.55530725200113,0.11610265337255
3,JDC,15,FEF-L,RT_Upright_anti_L,0.0406508452313881,0.068317682436468,0.108968527667856,0.00107614162655601,0.00116432127940946,4.5516230639249,0.115240666813704
3,JDC,16,POJ-L,RT_Upright_anti_L,0.0891370922362149,0.077943262523994,0.167080354760209,0.00160635298642785,0.00173408195700527,4.52507659215079,0.113229315503264
3,JDC,17,V1-R,RT_Upright_anti_L,0.0758996504839897,0.0348050590352214,0.110704709519211,0.00117366556382852,0.00126589708337208,4.54749263304175,0.115414908135422
3,JDC,18,V3-R,RT_Upright_anti_L,0.07124918605643,0.0554908146443997,0.12674000070083,0.00128590614889372,0.00138768684200293,4.54154795731254,0.11397616150899
3,JDC,19,STS-R,RT_Upright_anti_L,0.0814201537417665,0.0751196783391218,0.156539832080888,0.00144304759096063,0.00155150450574863,4.53180637076915,0.11242800095793
3,JDC,20,IPL-R,RT_Upright_anti_L,0.0398154175301875,0.0896838422795733,0.129499259809761,0.00132909163663785,0.00144023130011557,4.53848367289881,0.115260947662751
3,JDC,21,SPL-R,RT_Upright_anti_L,0.047393769590667,0.0749658652422332,0.1223596348329,0.0013810046351515,0.00149794665507687,4.53577350763332,0.115868056416663
3,JDC,22,AG-R,RT_Upright_anti_L,0.0535110757416746,0.0692721645111603,0.122783240252835,0.00125115160200379,0.00134624839722727,4.54395058099095,0.114913083374487
3,JDC,23,mIPS-R,RT_Upright_anti_L,0.063586033947619,0.0579728756595537,0.121558909607173,0.00127218894643018,0.00137366380312881,4.54254105635568,0.114754681030585
3,JDC,24,VIP-R,RT_Upright_anti_L,0.0675140692336761,0.0963252799182546,0.163839349151931,0.00160000819530703,0.0017342117052869,4.52447965708544,0.113029638395047
3,JDC,25,SPOC-R,RT_Upright_anti_L,0.0566369313614297,0.0877736658241806,0.14441059718561,0.00150059640049012,0.00162791096092056,4.5294666818888,0.114726638526334
3,JDC,26,S1-R,RT_Upright_anti_L,0.0804861587039976,0.0559940485593415,0.136480207263339,0.00140745999634545,0.00152209401527113,4.53360606386195,0.114162088546607
3,JDC,27,M1-R,RT_Upright_anti_L,0.0748360897932378,0.0547976114566356,0.129633701249874,0.0014000897429663,0.00151839980436512,4.53475685836314,0.114646884681583
3,JDC,28,SMA-R,RT_Upright_anti_L,0.0502547284990776,0.0760878469601779,0.126342575459255,0.00132204167963231,0.00143053714109908,4.53780113228286,0.112006031726125
3,JDC,29,PMd-R,RT_Upright_anti_L,0.061989606129777,0.0750764184019407,0.137066024531718,0.00140630770423322,0.00152068201036786,4.53443175115177,0.115202405199462
3,JDC,30,PMv-R,RT_Upright_anti_L,0.0878698735769795,0.0521559006293962,0.140025774206376,0.00133775513893717,0.00144904151972176,4.53888952677465,0.114388993942846
3,JDC,31,FEF-R,RT_Upright_anti_L,0.0833870989800384,0.0721073095669831,0.155494408547022,0.00149436324087079,0.00161165894955525,4.53060358089945,0.113323200233381
3,JDC,32,POJ-R,RT_Upright_anti_L,0.108880551074605,0.0611088676322817,0.169989418706887,0.00151680590175745,0.00163104303823066,4.52953700410981,0.111654889887751
4,JFXD,1,V1-L,RT_Upright_anti_L,0.117142895450377,0.0431165868870165,0.160259482337393,0.00155395719693917,0.00165621572681886,4.59174962204149,0.111669404922054
4,JFXD,2,V3-L,RT_Upright_anti_L,0.0582561097747915,0.0584088842063049,0.116664993981096,0.00131119993700848,0.00139059847569007,4.6055895723373,0.113285233168362
4,JFXD,3,STS-L,RT_Upright_anti_L,0.0316820984003803,0.0594795371154443,0.0911616355158246,0.00110146966960387,0.00117795933194997,4.61532821106978,0.114518554912683
4,JFXD,4,IPL-L,RT_Upright_anti_L,0.0362279568795937,0.0704994251143544,0.106727381993948,0.00135232826287993,0.0014379346140465,4.60325741141001,0.113681936263492
4,JFXD,5,SPL-L,RT_Upright_anti_L,0.0372936267915162,0.0511546546772296,0.0884482814687459,0.00117910059432779,0.00125447638430625,4.61266056612802,0.114242962187746
4,JFXD,6,AG-L,RT_Upright_anti_L,0.0352402895801609,0.0516192575142457,0.0868595470944066,0.0011531495474329,0.00122879285099328,4.61390749428767,0.114659201032868
4,JFXD,7,mIPS-L,RT_Upright_anti_L,0.0465764452815739,0.0641519501851987,0.110728395466773,0.00138709201554582,0.00147271072965994,4.60207364443976,0.113247218038535
4,JFXD,8,VIP-L,RT_Upright_anti_L,0.0369725792139678,0.0844232968410444,0.121395876055012,0.00141767539160995,0.00150744375873582,4.59953629903695,0.11362811904676
4,JFXD,9,SPOC-L,RT_Upright_anti_L,0.0815796926065073,0.0783473394653961,0.159927032071903,0.00166474858750235,0.00176815772178567,4.58599751181135,0.110491457410822
4,JFXD,10,S1-L,RT_Upright_anti_L,0.0532036280884548,0.0565835585830335,0.109787186671488,0.00132469981224051,0.00141206475282196,4.60415427767234,0.113464499993998
4,JFXD,11,M1-L,RT_Upright_anti_L,0.0421639365255915,0.0481085155349447,0.0902724520605362,0.00115811772601374,0.00123311797163816,4.61312615324229,0.113278654269339
4,JFXD,12,SMA-L,RT_Upright_anti_L,0.0540843870312916,0.0549949006459375,0.109079287677229,0.00128871550471911,0.00136980260515662,4.60744059225959,0.113355097853464
4,JFXD,13,PMd-L,RT_Upright_anti_L,0.0332654689888329,0.0408730168821034,0.0741384858709363,0.00101892406081203,0.0010854544773684,4.6218131144064,0.114209269816417
4,JFXD,14,PMv-L,RT_Upright_anti_L,0.137020267735637,0.106533459470049,0.243553727205687,0.00210396834325083,0.00222103275957242,4.56381927873429,0.101651173607374
4,JFXD,15,FEF-L,RT_Upright_anti_L,0.117869149850077,0.0807082967050018,0.198577446555079,0.00149526870497309,0.00157938079475662,4.592490431642,0.105726993391185
4,JFXD,16,POJ-L,RT_Upright_anti_L,0.0421965025833117,0.0783441974474341,0.120540700030746,0.00139866587778437,0.00148321002399013,4.60121186296557,0.113169590292524
4,JFXD,17,V1-R,RT_Upright_anti_L,0.0736430136081986,0.0630596163233837,0.136702629931582,0.00145184197370159,0.00154290873717854,4.59774603404368,0.111898359511536
4,JFXD,18,V3-R,RT_Upright_anti_L,0.0636450581195374,0.086149465744626,0.149794523864163,0.00160928394938784,0.00171102980475425,4.58901937446032,0.112031292334992
4,JFXD,19,STS-R,RT_Upright_anti_L,0.0922141306968518,0.108061609762179,0.200275740459031,0.00185188049225879,0.00195896064517904,4.57995351327064,0.107569657891138
4,JFXD,20,IPL-R,RT_Upright_anti_L,0.0857183368269722,0.0487857504897334,0.134504087316706,0.00145407615012604,0.00153911971107873,4.59934011201564,0.112186319998201
4,JFXD,21,SPL-R,RT_Upright_anti_L,0.098754407184894,0.0473504416858406,0.146104848870735,0.00157467637467611,0.00167388662821444,4.59271066542301,0.112348829257734
4,JFXD,22,AG-R,RT_Upright_anti_L,0.0668455473205104,0.0604444898639232,0.127290037184434,0.00147257694020461,0.00156879266733693,4.59689591974483,0.113441461875644
4,JFXD,23,mIPS-R,RT_Upright_anti_L,0.0804765036766238,0.0540888825321562,0.13456538620878,0.00149213774641255,0.0015821334848498,4.59813711813639,0.112658566936216
4,JFXD,24,VIP-R,RT_Upright_anti_L,0.0865620575875473,0.0651263494437117,0.151688407031259,0.00161588013773537,0.00171109083605155,4.59176563784404,0.111420258899694
4,JFXD,25,SPOC-R,RT_Upright_anti_L,0.0601184202595435,0.0750285396202522,0.135146959879796,0.001437737480577,0.00152432369893825,4.59954498763612,0.112402243105645
4,JFXD,26,S1-R,RT_Upright_anti_L,0.134957275464035,0.123616016473263,0.258573291937298,0.0023860679784879,0.00252792977395051,4.55626276443732,0.107480985590037
4,JFXD,27,M1-R,RT_Upright_anti_L,0.0931269123172316,0.0950314622916479,0.188158374608879,0.00193259451793817,0.00205200075254751,4.57701930394328,0.111187874606518
4,JFXD,28,SMA-R,RT_Upright_anti_L,0.0570073513810129,0.0574668253276213,0.114474176708634,0.00137603713611029,0.00146309279195183,4.60292142337255,0.112903990137511
4,JFXD,29,PMd-R,RT_Upright_anti_L,0.0569483282162789,0.0860212605041258,0.142969588720405,0.00159612042783245,0.0016936907067165,4.59151393057744,0.112463915470903
4,JFXD,30,PMv-R,RT_Upright_anti_L,0.0887668686346893,0.104203459825023,0.192970328459712,0.00196902364679891,0.00209270546367305,4.5737887260938,0.108926441460443
4,JFXD,31,FEF-R,RT_Upright_anti_L,0.0749832702227309,0.0772244492986453,0.152207719521376,0.00168823687777962,0.00179616759035444,4.58680673215858,0.11151284525619
4,JFXD,32,POJ-R,RT_Upright_anti_L,0.0779818105016324,0.0735188303394846,0.151500640841117,0.00163808248936933,0.00173904810292068,4.59010061572906,0.111831495300721
5,JZ,1,V1-L,RT_Upright_anti_L,0.064813061357095,0.0683237936001032,0.133136854957198,0.00152251804969468,0.0016426172977147,4.59308372658357,0.118019413244842
5,JZ,2,V3-L,RT_Upright_anti_L,0.0485536702002438,0.0744421016226876,0.122995771822931,0.00132046689134967,0.0014210637301502,4.60427491013438,0.118220613742261
5,JZ,3,STS-L,RT_Upright_anti_L,0.0426151468355552,0.0699099044584215,0.112525051293977,0.00121205017805253,0.00130052384466063,4.610154575404,0.11681816013673
5,JZ,4,IPL-L,RT_Upright_anti_L,0.0557974321884274,0.131215578474802,0.187013010663229,0.00165364509350993,0.00178781617574999,4.58957193032843,0.115266743011651
5,JZ,5,SPL-L,RT_Upright_anti_L,0.0866157568994078,0.0585658323159793,0.145181589215387,0.00154087442954673,0.00165503687394515,4.59473181829554,0.118104147030939
5,JZ,6,AG-L,RT_Upright_anti_L,0.0895583670671783,0.0637528994605499,0.153311266527728,0.00158024565134455,0.0016938487863828,4.59364391082325,0.117105407499673
5,JZ,7,mIPS-L,RT_Upright_anti_L,0.0984626051193389,0.0458250364839933,0.144287641603332,0.00149528004193981,0.00160415170171176,4.59741505576122,0.117969230086018
5,JZ,8,VIP-L,RT_Upright_anti_L,0.12739235543082,0.0555006382400041,0.182892993670824,0.00149280606613257,0.00159913228820139,4.59743633532416,0.114771398056439
5,JZ,9,SPOC-L,RT_Upright_anti_L,0.0580400945155293,0.068130742899076,0.126170837414605,0.00134983114618515,0.00145303208643872,4.60250976895108,0.116907371944019
5,JZ,10,S1-L,RT_Upright_anti_L,0.111942911868788,0.166057213736108,0.278000125604896,0.00203807776301423,0.00218279886377565,4.56954378233841,0.110908386243718
5,JZ,11,M1-L,RT_Upright_anti_L,0.0730417910572673,0.235857749763512,0.308899540820779,0.0023046719851099,0.00248072037838708,4.55741713996832,0.109457247120088
5,JZ,12,SMA-L,RT_Upright_anti_L,0.0427154637917265,0.0636370067027171,0.106352470494444,0.00125770119586892,0.00135012682503635,4.60750203291169,0.1186078458131
5,JZ,13,PMd-L,RT_Upright_anti_L,0.10678543731699,0.148416370853758,0.255201808170747,0.00209220250699205,0.00223803880991452,4.5679438261413,0.109756189509275
5,JZ,14,PMv-L,RT_Upright_anti_L,0.0850906906338908,0.0729870711906086,0.158077761824499,0.0015827128178124,0.00170565418078555,4.59174668117411,0.116742965030186
5,JZ,15,FEF-L,RT_Upright_anti_L,0.0790451027159706,0.0807078657838919,0.159752968499863,0.00166827501195191,0.00179712414127788,4.58800409317673,0.11728567190732
5,JZ,16,POJ-L,RT_Upright_anti_L,0.0730719155272967,0.0809613863825715,0.154033301909868,0.00166901605674304,0.00179566922125613,4.58812645185911,0.117942807775898
5,JZ,17,V1-R,RT_Upright_anti_L,0.0350939022075951,0.0484730276622502,0.0835669298698453,0.00112124430378499,0.00120503569414256,4.61564847482042,0.120660154231799
5,JZ,18,V3-R,RT_Upright_anti_L,0.0581131933646556,0.0311691629752755,0.0892823563399311,0.00117779296185581,0.00126809099696602,4.61208848502309,0.120603930201894
5,JZ,19,STS-R,RT_Upright_anti_L,0.0757671330157027,0.0441532750139263,0.119920408029629,0.00123400969548356,0.00132080046162531,4.60843958554086,0.118169386915166
5,JZ,20,IPL-R,RT_Upright_anti_L,0.0549557506390124,0.0618836405487357,0.116839391187748,0.00142546592048063,0.00153339443263957,4.59966048142377,0.119751475724439
5,JZ,21,SPL-R,RT_Upright_anti_L,0.0644843776876618,0.0794794682206302,0.143963845908292,0.00139341484120354,0.00149165953609353,4.6008359418841,0.116633023177713
5,JZ,22,AG-R,RT_Upright_anti_L,0.0869514987872924,0.0436109411178907,0.130562439905183,0.00150796559255289,0.0016296088750527,4.59445325153149,0.119337188883424
5,JZ,23,mIPS-R,RT_Upright_anti_L,0.0844704738887393,0.0774729043528144,0.161943378241554,0.00161391430003633,0.00173611660627739,4.58943129428761,0.116198661934296
5,JZ,24,VIP-R,RT_Upright_anti_L,0.0894252696432396,0.0500887485164376,0.139514018159677,0.00150592842448041,0.00161694855993578,4.59636635316516,0.118256563264909
5,JZ,25,SPOC-R,RT_Upright_anti_L,0.060174552087957,0.0388520350960589,0.0990265871840159,0.00118516452490028,0.00127514284260993,4.61208477829523,0.11917491611707
5,JZ,26,S1-R,RT_Upright_anti_L,0.0918426374853807,0.0395306311666451,0.131373268652026,0.00132502996179129,0.00142491419082361,4.60358317830709,0.118286341285115
5,JZ,27,M1-R,RT_Upright_anti_L,0.0542569800034577,0.0686019929966326,0.12285897300009,0.0014126711312795,0.00151548947522449,4.60022143219405,0.118608694555281
5,JZ,28,SMA-R,RT_Upright_anti_L,0.115433755288599,0.0801246605763968,0.195558415864995,0.00192448495745335,0.00206966946788416,4.57627139460862,0.114877862364492
5,JZ,29,PMd-R,RT_Upright_anti_L,0.0770600250678495,0.0721075437792327,0.149167568847082,0.00149738166969721,0.00160350870913541,4.59556533877251,0.118005558250827
5,JZ,30,PMv-R,RT_Upright_anti_L,0.0457250962931421,0.0504307329053417,0.0961558291984838,0.00114007052062261,0.00122691727873695,4.61372845728599,0.119167537580173
5,JZ,31,FEF-R,RT_Upright_anti_L,0.0804340056558969,0.0654577124093742,0.145891718065271,0.00149739271899598,0.0016090411103897,4.59523952202715,0.118019282482203
5,JZ,32,POJ-R,RT_Upright_anti_L,0.0636034461989986,0.0456062305342798,0.109209676733278,0.00122969738999052,0.00132598358829876,4.60935796070947,0.119233190979486
6,LT,1,V1-L,RT_Upright_anti_L,0.0908813794952104,0.0841500164019828,0.175031395897193,0.00176094668591853,0.00187082720586551,4.60710363409949,0.116294377433536
6,LT,2,V3-L,RT_Upright_anti_L,0.0486156718720347,0.0580391120857569,0.106654783957792,0.00130458623379114,0.00139076026653858,4.62957459428219,0.120726715522767
6,LT,3,STS-L,RT_Upright_anti_L,0.0462664429609015,0.0688035359009141,0.115069978861816,0.00137788804229603,0.00147324712061504,4.62672021370871,0.120181658104672
6,LT,4,IPL-L,RT_Upright_anti_L,0.16314346080131,0.106336373936735,0.269479834738045,0.00177681368597276,0.00189189832248115,4.6078146697698,0.114615744044158
6,LT,5,SPL-L,RT_Upright_anti_L,0.0672344172424783,0.0831239596913705,0.150358376933849,0.00153421970457805,0.00163293911807939,4.61707894144094,0.118247264937635
6,LT,6,AG-L,RT_Upright_anti_L,0.0865149475328642,0.0595898278032121,0.146104775336076,0.00158151646626442,0.0016816983079944,4.61488649222363,0.118989706646892
6,LT,7,mIPS-L,RT_Upright_anti_L,0.0699012663972047,0.0654128201469782,0.135314086544183,0.00135808063315298,0.00143846170051891,4.62613130972097,0.118384386894285
6,LT,8,VIP-L,RT_Upright_anti_L,0.17505982450192,0.0996672201448872,0.274727044646807,0.00192643016427007,0.00205203167086706,4.59985403840565,0.113460649280689
6,LT,9,SPOC-L,RT_Upright_anti_L,0.103578034442942,0.0935737925638399,0.197151827006782,0.00185540334055431,0.00197201136888805,4.6021768360194,0.116152934137467
6,LT,10,S1-L,RT_Upright_anti_L,0.170550407387012,0.122035330862611,0.292585738249623,0.0017625567548391,0.0018816766328891,4.60907726335029,0.113038199991891
6,LT,11,M1-L,RT_Upright_anti_L,0.106268967473977,0.136348760971887,0.242617728445864,0.00165257040247522,0.00176899598870686,4.6132956519471,0.113688810716341
6,LT,12,SMA-L,RT_Upright_anti_L,0.0416513067316182,0.179427571929334,0.221078878660952,0.00176476888674174,0.0018901788749384,4.60696713887197,0.116248109788307
6,LT,13,PMd-L,RT_Upright_anti_L,0.0378653494247649,0.0852787358921842,0.123144085316949,0.00138025144797001,0.00147647560548377,4.62594701728911,0.119898525227537
6,LT,14,PMv-L,RT_Upright_anti_L,0.0868277120481543,0.054369006280915,0.141196718329069,0.00151357244046336,0.00161517255803034,4.61958229181355,0.118265079941894
6,LT,15,FEF-L,RT_Upright_anti_L,0.0897634587316177,0.0990480613832262,0.188811520114844,0.00184306675083903,0.00195547111499877,4.60285044140833,0.116236616077406
6,LT,16,POJ-L,RT_Upright_anti_L,0.108175706686492,0.0539155544205301,0.162091261107022,0.00152601684978344,0.00161321487376939,4.61913748659329,0.117436450084706
6,LT,17,V1-R,RT_Upright_anti_L,0.049395055257082,0.0667156743656903,0.116110729622772,0.00125028164529077,0.00132623742185876,4.63316588143861,0.119730098551368
6,LT,18,V3-R,RT_Upright_anti_L,0.0460205912348411,0.0821834267452467,0.128204017980088,0.00136214796476565,0.00144755706178979,4.62533625315858,0.119050269498333
6,LT,19,STS-R,RT_Upright_anti_L,0.0894063379031981,0.0602248425264526,0.149631180429651,0.00152407767355748,0.00161597154967227,4.61876368234071,0.117259729335467
6,LT,20,IPL-R,RT_Upright_anti_L,0.0705796566500784,0.0948164696466587,0.165396126296737,0.00172015891341617,0.00182183227877639,4.6092278018906,0.118543916466212
6,LT,21,SPL-R,RT_Upright_anti_L,0.0834420036601245,0.0547739853962573,0.138215989056382,0.00154665889506647,0.00164428115845804,4.61806650066979,0.119439323410415
6,LT,22,AG-R,RT_Upright_anti_L,0.0772353519807262,0.0336046307419979,0.110839982722724,0.00128856519554814,0.00136504790770553,4.63081042920039,0.119933059905899
6,LT,23,mIPS-R,RT_Upright_anti_L,0.081253039706667,0.0391025029801115,0.120355542686779,0.00141548832397556,0.00150308955422496,4.62435377778227,0.120093746943065
6,LT,24,VIP-R,RT_Upright_anti_L,0.0599806493951948,0.0999977845973364,0.159978433992531,0.00176200573368897,0.00187301821215474,4.60732878670796,0.119109174823788
6,LT,25,SPOC-R,RT_Upright_anti_L,0.064163906266762,0.051369036359742,0.115532942626504,0.00142184002852204,0.00150965547248541,4.62319273200373,0.120423030291806
6,LT,26,S1-R,RT_Upright_anti_L,0.0618529439523276,0.0882914203863089,0.150144364338636,0.00166504799562712,0.00177626358885603,4.61256932664844,0.118299876511649
6,LT,27,M1-R,RT_Upright_anti_L,0.0495966677429798,0.0719131296172223,0.121509797360202,0.00142374727124346,0.0015218735395219,4.6229520473362,0.119759397658017
6,LT,28,SMA-R,RT_Upright_anti_L,0.0524106126246343,0.100175471975671,0.152586084600305,0.00156525579749985,0.0016606002735015,4.61633506481132,0.118500247202839
6,LT,29,PMd-R,RT_Upright_anti_L,0.0521633505128817,0.0421015516083049,0.0942649021211866,0.00115665562743379,0.00123436797818415,4.63732840879132,0.119978264466662
6,LT,30,PMv-R,RT_Upright_anti_L,0.0451818834685246,0.0502941571571742,0.0954760406256988,0.00122198381507313,0.00129770643372758,4.63449977408087,0.121261992686672
6,LT,31,FEF-R,RT_Upright_anti_L,0.041527416577934,0.0818539598903423,0.123381376468276,0.00141174808297201,0.00150917000694357,4.62556135329491,0.120368656033972
6,LT,32,POJ-R,RT_Upright_anti_L,0.0977798267676467,0.0477499230212235,0.14552974978887,0.00169201308909513,0.00180580987480165,4.61063595876125,0.118642128394975
7,NvA,1,V1-L,RT_Upright_anti_L,0.039056265251228,0.0884289615352692,0.127485226786497,0.00139370456385573,0.00151274007871846,4.72067690381135,0.152886190748527
7,NvA,2,V3-L,RT_Upright_anti_L,0.0549988147526116,0.0712966481429608,0.126295462895572,0.00156929121794379,0.00171243571740195,4.7117555059319,0.152560195894702
7,NvA,3,STS-L,RT_Upright_anti_L,0.0551785032387016,0.0881343423751148,0.143312845613816,0.0014937244682359,0.00161535831481227,4.7165559344388,0.151120803747673
7,NvA,4,IPL-L,RT_Upright_anti_L,0.160594350129269,0.192498149223268,0.353092499352538,0.00227564293587935,0.00245557109790084,4.68243767636467,0.141787917778313
7,NvA,5,SPL-L,RT_Upright_anti_L,0.13147334423528,0.129334736908632,0.260808081143912,0.00228133682488276,0.00246489745923921,4.68263431157752,0.144000731271735
7,NvA,6,AG-L,RT_Upright_anti_L,0.0906727048791986,0.0728234889076609,0.163496193786859,0.00170184180953499,0.00185185978775829,4.70758188295357,0.150663384219691
7,NvA,7,mIPS-L,RT_Upright_anti_L,0.169632670031161,0.0495247151524654,0.219157385183627,0.00180695734548233,0.00195959846059792,4.70212879494519,0.147948584397584
7,NvA,8,VIP-L,RT_Upright_anti_L,0.192062089036847,0.0836910963012272,0.275753185338074,0.00209292627459624,0.00226118344933378,4.68968948090367,0.146294082551097
7,NvA,9,SPOC-L,RT_Upright_anti_L,0.0807610909628934,0.0828109695782846,0.163572060541178,0.00178289279623062,0.00193410618298575,4.70263123296566,0.150880150081347
7,NvA,10,S1-L,RT_Upright_anti_L,0.160472111473846,0.169415297214433,0.329887408688279,0.00227354048708285,0.00245761423573169,4.68265480176876,0.143693528223732
7,NvA,11,M1-L,RT_Upright_anti_L,0.0691204436988054,0.190013759260895,0.2591342029597,0.00209646873440684,0.00226052083510771,4.68919851395033,0.144718641140019
7,NvA,12,SMA-L,RT_Upright_anti_L,0.040259465390443,0.115283316507772,0.155542781898215,0.00151889462417509,0.00164762672104969,4.71625138966937,0.150728126704038
7,NvA,13,PMd-L,RT_Upright_anti_L,0.0786332021673808,0.0931281895044596,0.17176139167184,0.00177165692096736,0.00192002018264069,4.70389147988146,0.149975343469595
7,NvA,14,PMv-L,RT_Upright_anti_L,0.0747804771678611,0.0419588275607522,0.116739304728613,0.00133576920614821,0.00145542338135408,4.72285975867372,0.151867246491293
7,NvA,15,FEF-L,RT_Upright_anti_L,0.0686838197087405,0.0847401698526055,0.153423989561346,0.00161434637474028,0.00175150449431428,4.7108583847005,0.151245824448334
7,NvA,16,POJ-L,RT_Upright_anti_L,0.084733666151881,0.0518651814967872,0.136598847648668,0.00154186473007014,0.00167197106758553,4.71458427117786,0.150985843468559
7,NvA,17,V1-R,RT_Upright_anti_L,0.0431299035821141,0.0525924961031055,0.0957223996852197,0.00112935259639547,0.00122099649944522,4.7348146686453,0.153027845884573
7,NvA,18,V3-R,RT_Upright_anti_L,0.0786949985688622,0.0641731351366012,0.142868133705463,0.00149408041429371,0.00161953089045448,4.71556722439188,0.150521791198641
7,NvA,19,STS-R,RT_Upright_anti_L,0.0551304455117213,0.066746755492297,0.121877201004018,0.00127551358841992,0.00138887363584138,4.72452529574608,0.151540050805861
7,NvA,20,IPL-R,RT_Upright_anti_L,0.0703266153013084,0.0981643558213624,0.168490971122671,0.00161885754745393,0.00175840639654468,4.70965774753251,0.149391288215512
7,NvA,21,SPL-R,RT_Upright_anti_L,0.13190662473429,0.100547743344193,0.232454368078482,0.00170618928316255,0.00185018747978232,4.7022594083559,0.144432115916962
7,NvA,22,AG-R,RT_Upright_anti_L,0.11555026582896,0.0983360654001779,0.213886331229137,0.00215735711521302,0.0023402500688313,4.68621801749623,0.146800139565444
7,NvA,23,mIPS-R,RT_Upright_anti_L,0.109264638037037,0.089611983734236,0.198876621771273,0.00198082884026849,0.00215301216103883,4.69529011909629,0.148622716237117
7,NvA,24,VIP-R,RT_Upright_anti_L,0.0718550404609596,0.113602913517413,0.185457953978373,0.0016663456343225,0.00180870159984251,4.70700094151641,0.148524757870573
7,NvA,25,SPOC-R,RT_Upright_anti_L,0.0774944901826142,0.122248523469426,0.19974301365204,0.00175397223279861,0.00189521102873536,4.70354720499603,0.147727264390078
7,NvA,26,S1-R,RT_Upright_anti_L,0.103157852133034,0.0587207577484063,0.16187860988144,0.00156510914633603,0.00169540284010368,4.71219948351113,0.149013559888878
7,NvA,27,M1-R,RT_Upright_anti_L,0.157046362713904,0.0506798685010415,0.207726231214945,0.0019421660150485,0.00211381827547582,4.69555486460746,0.14940865485816
7,NvA,28,SMA-R,RT_Upright_anti_L,0.0430171939436107,0.151652520065818,0.194669714009429,0.00163165958472147,0.00176675631217155,4.70905573318343,0.148247479684324
7,NvA,29,PMd-R,RT_Upright_anti_L,0.0828213339095586,0.0789544036834683,0.161775737593027,0.00166443080897199,0.0018020814296886,4.70832505676567,0.150739368538473
7,NvA,30,PMv-R,RT_Upright_anti_L,0.0750516878336304,0.0620967321806708,0.137148420014301,0.00151551509277584,0.00163940515865403,4.71469806102691,0.151035045044768
7,NvA,31,FEF-R,RT_Upright_anti_L,0.105785942072196,0.077730882552567,0.183516824624763,0.00176636090940009,0.0019077260425372,4.70182178347733,0.148160024187228
7,NvA,32,POJ-R,RT_Upright_anti_L,0.10797268527486,0.0885121120914339,0.196484797366294,0.00190446480138323,0.00206452127919492,4.69874252542683,0.146866445093306
8,RR,1,V1-L,RT_Upright_anti_L,0.0860404606053074,0.0578900061565154,0.143930466761823,0.00161776424368995,0.00175444068588647,4.75854327417136,0.151554608952707
8,RR,2,V3-L,RT_Upright_anti_L,0.0342677158303328,0.0459653838840941,0.0802330997144269,0.00104828705930882,0.00113656922968347,4.78721440580426,0.154111742338652
8,RR,3,STS-L,RT_Upright_anti_L,0.088186506046426,0.0582306604490758,0.146417166495502,0.00164290112526683,0.00178492848019405,4.75964275832759,0.152925617344006
8,RR,4,IPL-L,RT_Upright_anti_L,0.095411047940895,0.0969349137671602,0.192345961708055,0.00188375081346849,0.0020373242079541,4.74819864240388,0.151075520334747
8,RR,5,SPL-L,RT_Upright_anti_L,0.112864407380789,0.0925821899069789,0.205446597287768,0.002085272963499,0.00225447484765778,4.73896011655958,0.150430050240393
8,RR,6,AG-L,RT_Upright_anti_L,0.0849371455035928,0.0750687513984945,0.160005896902087,0.00174883923129883,0.00189277816240449,4.75294219879938,0.151530827540956
8,RR,7,mIPS-L,RT_Upright_anti_L,0.0778805287227139,0.0793512477898329,0.157231776512547,0.00184787917793786,0.00200028783273745,4.74997231539938,0.152813783942798
8,RR,8,VIP-L,RT_Upright_anti_L,0.126239663403884,0.078955481961163,0.205195145365047,0.00187264167006362,0.00203076794015416,4.74679835097083,0.149833752983861
8,RR,9,SPOC-L,RT_Upright_anti_L,0.127480443465241,0.0923263528298279,0.219806796295069,0.00207297753967957,0.00224442363527462,4.73898136532451,0.148555209303089
8,RR,10,S1-L,RT_Upright_anti_L,0.0909134250028183,0.135255326927022,0.22616875192984,0.00205985040603596,0.0022219251473361,4.74073931481334,0.148801596742096
8,RR,11,M1-L,RT_Upright_anti_L,0.0632553348996877,0.133796619829639,0.197051954729327,0.00192709545648492,0.00207645948173633,4.74631357425289,0.150308802447249
8,RR,12,SMA-L,RT_Upright_anti_L,0.101151534022745,0.0818779164430146,0.183029450465759,0.00187285687132633,0.00202495935624807,4.74924927801119,0.15032012491036
8,RR,13,PMd-L,RT_Upright_anti_L,0.0797277082225041,0.0684575365396646,0.148185244762169,0.00171568193408966,0.00185989131258672,4.75533662803284,0.152523620460556
8,RR,14,PMv-L,RT_Upright_anti_L,0.0650098217822573,0.0897863362034448,0.154796157985702,0.0016972357452088,0.00182717725155919,4.75698106589948,0.152241757729084
8,RR,15,FEF-L,RT_Upright_anti_L,0.0650911222560564,0.0967140769162768,0.161805199172333,0.00170454899230443,0.00184718480377054,4.75516479493359,0.15243285366899
8,RR,16,POJ-L,RT_Upright_anti_L,0.0695754584041416,0.0936364686395467,0.163211927043688,0.00173782364299557,0.00188534424395139,4.75414031974772,0.15232968464668
8,RR,17,V1-R,RT_Upright_anti_L,0.0613460312215476,0.0623718226493631,0.123717853870911,0.00153113172517402,0.00166307922544078,4.76291762180492,0.153847316593306
8,RR,18,V3-R,RT_Upright_anti_L,0.0693264906898317,0.0486863021954302,0.118012792885262,0.00144866038749459,0.00157095460374057,4.76747098882631,0.154162780184528
8,RR,19,STS-R,RT_Upright_anti_L,0.0592701310422903,0.0814523257813942,0.140722456823685,0.00162404671944532,0.00176386131741166,4.75925539824806,0.152706905535191
8,RR,20,IPL-R,RT_Upright_anti_L,0.0511492939695267,0.0712883840187939,0.122437677988321,0.00142748724952983,0.0015457789713066,4.76860164711205,0.152626245315481
8,RR,21,SPL-R,RT_Upright_anti_L,0.114822673020381,0.127069275429479,0.24189194844986,0.00201536392347355,0.00218084236362221,4.74007654931488,0.145781492502084
8,RR,22,AG-R,RT_Upright_anti_L,0.0861382620422964,0.12154620282266,0.207684464864956,0.00201137963476043,0.0021780238939596,4.74119834712016,0.148922340672408
8,RR,23,mIPS-R,RT_Upright_anti_L,0.134705252859714,0.0866002395825829,0.221305492442297,0.00212944813519282,0.00230648791319023,4.73793081916522,0.147393470084835
8,RR,24,VIP-R,RT_Upright_anti_L,0.122462680903371,0.13831227243348,0.260774953336851,0.00200633067344692,0.0021653273885163,4.73950159525257,0.144177880941693
8,RR,25,SPOC-R,RT_Upright_anti_L,0.111553680705582,0.0826412600519714,0.194194940757554,0.00188640349853675,0.00204320074447225,4.74405352655306,0.149444317683481
8,RR,26,S1-R,RT_Upright_anti_L,0.0899203253487446,0.0563540052081008,0.146274330556845,0.00169819298822112,0.00183215373715307,4.75738455341998,0.152643526197745
8,RR,27,M1-R,RT_Upright_anti_L,0.107647149245742,0.160538069838983,0.268185219084725,0.0024591455913335,0.00265234874471078,4.72455620705784,0.145027268362699
8,RR,28,SMA-R,RT_Upright_anti_L,0.0780768710831267,0.137530953873102,0.215607824956228,0.00203158677013631,0.00219518305016952,4.74206073806494,0.150613998329775
8,RR,29,PMd-R,RT_Upright_anti_L,0.127119774729893,0.108772065504803,0.235891840234696,0.00224573142463493,0.00243131303083828,4.73306887022847,0.147048333716396
8,RR,30,PMv-R,RT_Upright_anti_L,0.121875583019948,0.0681012587661249,0.189976841786073,0.00175909486894042,0.00190243264886252,4.75224626066952,0.150310467462003
8,RR,31,FEF-R,RT_Upright_anti_L,0.105036788491909,0.0528375161877329,0.157874304679642,0.0016728843305327,0.00180937590779207,4.757377466256,0.151436849085646
8,RR,32,POJ-R,RT_Upright_anti_L,0.112439685202042,0.139991773079586,0.252431458281627,0.0021101186743944,0.0022763893897982,4.73462004294932,0.140803707414325
9,SJB,1,V1-L,RT_Upright_anti_L,0.0533892781865625,0.140516148185241,0.193905426371804,0.00169411574316314,0.00181446507941252,4.62445754836984,0.119043484461912
9,SJB,2,V3-L,RT_Upright_anti_L,0.107900036577623,0.0629741341181785,0.170874170695802,0.00167051820038556,0.00179185466629777,4.62717661145881,0.1206301878788
9,SJB,3,STS-L,RT_Upright_anti_L,0.0491697371596138,0.0280228909618124,0.0771926281214262,0.00102017768464573,0.00109461581862152,4.66048198230027,0.123908772262571
9,SJB,4,IPL-L,RT_Upright_anti_L,0.0617217930010387,0.0674640020626335,0.129185795063672,0.00141566877926471,0.00151832762607441,4.6392090016835,0.121169191008688
9,SJB,5,SPL-L,RT_Upright_anti_L,0.104050788316532,0.106386544662789,0.210437332979321,0.0020803126814898,0.00223685145273616,4.60977508780998,0.118856171911137
9,SJB,6,AG-L,RT_Upright_anti_L,0.0934019093352308,0.0983064340137866,0.191708343349017,0.00178205819081989,0.00191258091997389,4.6186305935322,0.117844311101814
9,SJB,7,mIPS-L,RT_Upright_anti_L,0.0831722367557239,0.121296364955501,0.204468601711225,0.00209212425340674,0.00224764232111821,4.60833555276651,0.119718171844841
9,SJB,8,VIP-L,RT_Upright_anti_L,0.0674120949525624,0.0513878254911438,0.118799920443706,0.00140247329949709,0.00150067737756658,4.64108805454039,0.122798506881154
9,SJB,9,SPOC-L,RT_Upright_anti_L,0.0730629777935486,0.0767747868694678,0.149837764663016,0.00160772837843888,0.00172587848242999,4.63095737018855,0.120918787769243
9,SJB,10,S1-L,RT_Upright_anti_L,0.0852457089262328,0.0589756426495732,0.144221351575806,0.00148023458765503,0.00157565414358543,4.63670043435643,0.120873722812201
9,SJB,11,M1-L,RT_Upright_anti_L,0.0926083823610552,0.0763611795030903,0.168969561864146,0.00181448060499154,0.00194240898388551,4.62083745695135,0.120986866151452
9,SJB,12,SMA-L,RT_Upright_anti_L,0.0476536124284129,0.0770908321028786,0.124744444531291,0.00144173042180622,0.00154838464976851,4.63770725237187,0.122217948887049
9,SJB,13,PMd-L,RT_Upright_anti_L,0.064323811079007,0.0629385544519203,0.127262365530927,0.00136020716205502,0.00145833337216432,4.64022688038253,0.121532685079598
9,SJB,14,PMv-L,RT_Upright_anti_L,0.0351699729568293,0.0359840112983535,0.0711539842551828,0.000945430641595477,0.00101510264727394,4.66609511064615,0.124049780274083
9,SJB,15,FEF-L,RT_Upright_anti_L,0.0684790494064868,0.0672752261350757,0.135754275541562,0.00155711235286124,0.00167380007578327,4.63166016600115,0.120685398617983
9,SJB,16,POJ-L,RT_Upright_anti_L,0.0972104217527435,0.0452665424908917,0.142476964243635,0.00147204877405344,0.00157689789133539,4.63754077512548,0.120511145939031
9,SJB,17,V1-R,RT_Upright_anti_L,0.0590987910719176,0.109430017478709,0.168528808550626,0.00173993501904447,0.00187031596650565,4.62311054269225,0.120761745141916
9,SJB,18,V3-R,RT_Upright_anti_L,0.0586888510762468,0.0679649518783094,0.126653802954556,0.00151204588703106,0.00162800843941859,4.63454897668338,0.122112526308135
9,SJB,19,STS-R,RT_Upright_anti_L,0.0730012431883309,0.0949855903651309,0.167986833553462,0.00175768303753011,0.00188971769665405,4.62158331164811,0.120083091432501
9,SJB,20,IPL-R,RT_Upright_anti_L,0.107758554198633,0.0881254383457257,0.195883992544359,0.0018034963568675,0.00193854493957585,4.62079482545223,0.117841265047803
9,SJB,21,SPL-R,RT_Upright_anti_L,0.0869142511587579,0.0610804312759772,0.147994682434735,0.00156788090329967,0.00168549056159318,4.63178823135668,0.120563844509071
9,SJB,22,AG-R,RT_Upright_anti_L,0.0829180901943335,0.0957776395379473,0.178695729732281,0.00166423051306329,0.00177318314943016,4.62724084479119,0.118375878944303
9,SJB,23,mIPS-R,RT_Upright_anti_L,0.0806161123828563,0.0922318039378424,0.172847916320699,0.00171882547616527,0.00184549080566384,4.6244846645718,0.119929501447593
9,SJB,24,VIP-R,RT_Upright_anti_L,0.0931500806335732,0.102877395908552,0.196027476542125,0.00180298631123437,0.00193180028694524,4.6216315070116,0.117692744892477
9,SJB,25,SPOC-R,RT_Upright_anti_L,0.0892276928435259,0.0750709389379483,0.164298631781474,0.00161211083389122,0.00172608187872355,4.63066906454933,0.119903237840386
9,SJB,26,S1-R,RT_Upright_anti_L,0.083976504729878,0.0709128051319347,0.154889309861813,0.00133485328705831,0.00142386059062607,4.64219283462104,0.118582988528648
9,SJB,27,M1-R,RT_Upright_anti_L,0.0854191439174607,0.0925973905451244,0.178016534462585,0.00178006058252586,0.00190663422132407,4.62081700539866,0.118215491420087
9,SJB,28,SMA-R,RT_Upright_anti_L,0.0507563480359576,0.0761358325718308,0.126892180607788,0.00152737084235818,0.00164556689075625,4.63288265661205,0.122447762622202
9,SJB,29,PMd-R,RT_Upright_anti_L,0.0470739482668958,0.0623061619390889,0.109380110205985,0.00139096707929998,0.00149225661460089,4.64107104858302,0.122990234290905
9,SJB,30,PMv-R,RT_Upright_anti_L,0.06277317307623,0.0743748525710308,0.137148025647261,0.00147258137812605,0.00158082454981409,4.63548611330442,0.121150337393449
9,SJB,31,FEF-R,RT_Upright_anti_L,0.0772428311405053,0.0446947125326651,0.12193754367317,0.00139525626175068,0.00149950833259896,4.64005709411473,0.122261954720889
9,SJB,32,POJ-R,RT_Upright_anti_L,0.10916653536414,0.0461668793582928,0.155333414722433,0.00152827906617819,0.00163334225224294,4.63495427246907,0.120888735655432
10,BG,1,V1-L,RT_Upright_anti_L,0.0894722976265504,0.0550578462054508,0.144530143832001,0.00162501465904335,0.00174448239936577,4.69024811173113,0.13799676557005
10,BG,2,V3-L,RT_Upright_anti_L,0.0406041930891562,0.0507358530428248,0.091340046131981,0.00117976175423837,0.00126944328275797,4.71126224007348,0.140249691699065
10,BG,3,STS-L,RT_Upright_anti_L,0.0574208900573294,0.06680755129686,0.124228441354189,0.00141476210328282,0.00151974143815623,4.69886227472406,0.139342512996383
10,BG,4,IPL-L,RT_Upright_anti_L,0.0559990391588748,0.109526247661717,0.165525286820592,0.00163867218067477,0.00175233637535052,4.68867719360321,0.136503656463821
10,BG,5,SPL-L,RT_Upright_anti_L,0.101159879910117,0.0937044642792886,0.194864344189406,0.00209049605700443,0.00225457748884382,4.67054045097383,0.136798178549909
10,BG,6,AG-L,RT_Upright_anti_L,0.0555352871539233,0.105596954465647,0.161132241619571,0.001895455294999,0.00204464459838914,4.67742906714973,0.138250544229649
10,BG,7,mIPS-L,RT_Upright_anti_L,0.0383416538105318,0.0844560002993246,0.122797654109856,0.00143235176617678,0.0015366924409464,4.69882555169564,0.139017495582385
10,BG,8,VIP-L,RT_Upright_anti_L,0.0568881927589008,0.0780662616078771,0.134954454366778,0.00152897236757528,0.00164684139406763,4.69345363924351,0.138530587796328
10,BG,9,SPOC-L,RT_Upright_anti_L,0.0955185942400982,0.0969245004236425,0.192443094663741,0.00203738924025889,0.00218975903122898,4.67281168970289,0.136348062829429
10,BG,10,S1-L,RT_Upright_anti_L,0.143886666627284,0.0754675729836865,0.21935423961097,0.00199699660698286,0.00215258753627115,4.6712474862117,0.134440521246281
10,BG,11,M1-L,RT_Upright_anti_L,0.104271659969709,0.092675883645245,0.196947543614954,0.00171080258230483,0.00183132617151159,4.68374128978327,0.134633470204241
10,BG,12,SMA-L,RT_Upright_anti_L,0.023600113464353,0.0937734140396794,0.117373527504032,0.00118010431166013,0.0012730956861807,4.710374065503,0.137769003893295
10,BG,13,PMd-L,RT_Upright_anti_L,0.0676850039711949,0.117046307286564,0.184731311257759,0.0015729867799198,0.00168682499437338,4.68883244626497,0.135130881716982
10,BG,14,PMv-L,RT_Upright_anti_L,0.0640568750983457,0.0534816012557965,0.117538476354142,0.00133415725442652,0.00143851276962292,4.70224646623064,0.139384819097593
10,BG,15,FEF-L,RT_Upright_anti_L,0.0578042796016406,0.0633354490757908,0.121139728677431,0.00132048612923938,0.00142023183444294,4.70378518157927,0.137685109660329
10,BG,16,POJ-L,RT_Upright_anti_L,0.104556919848745,0.0791797613917142,0.183736681240459,0.00187783738387184,0.00201468367006272,4.67963917512329,0.135933748060522
10,BG,17,V1-R,RT_Upright_anti_L,0.0697767192396958,0.0830938080641274,0.152870527303823,0.00157885321967852,0.00168870579619179,4.69043470643479,0.137492061928007
10,BG,18,V3-R,RT_Upright_anti_L,0.0547394630550413,0.065509361400954,0.120248824455995,0.00143984808236718,0.00155016834605842,4.69750820019932,0.138941830028384
10,BG,19,STS-R,RT_Upright_anti_L,0.073326926005323,0.0440125248393003,0.117339450844623,0.00139663421482317,0.00149620786078861,4.70127301711851,0.138911562359837
10,BG,20,IPL-R,RT_Upright_anti_L,0.130489527414442,0.0786690700912341,0.209158597505676,0.00190726044496476,0.00203794248898148,4.67916601713159,0.134357782067891
10,BG,21,SPL-R,RT_Upright_anti_L,0.130342175279853,0.130540618595524,0.260882793875377,0.00233651568094269,0.00250997865515164,4.66041109838343,0.13038067788479
10,BG,22,AG-R,RT_Upright_anti_L,0.1218648522992,0.0442668011200333,0.166131653419233,0.00154853447858095,0.00165326964736417,4.69267845830037,0.135556084783545
10,BG,23,mIPS-R,RT_Upright_anti_L,0.155435157365889,0.0620771144192898,0.217512271785179,0.00206163059010324,0.00220371245755561,4.67185794684854,0.13471023196915
10,BG,24,VIP-R,RT_Upright_anti_L,0.081240114068684,0.106051338839863,0.187291452908547,0.0019158062024931,0.00205787221221133,4.67808499755683,0.135741023247313
10,BG,25,SPOC-R,RT_Upright_anti_L,0.0953664545061495,0.0828934616791159,0.178259916185265,0.00164927090642824,0.00176243745394318,4.68991753928724,0.134057947149723
10,BG,26,S1-R,RT_Upright_anti_L,0.14198395899342,0.117576979370042,0.259560938363462,0.00222586075630243,0.00239290560546742,4.66479015097644,0.131372492647128
10,BG,27,M1-R,RT_Upright_anti_L,0.120072162577217,0.151966371950366,0.272038534527584,0.00206608118445866,0.00221235849127475,4.66762306181398,0.129791860458958
10,BG,28,SMA-R,RT_Upright_anti_L,0.0635982623209153,0.0902601192012272,0.153858381522143,0.00149773678140084,0.00161056597314856,4.69313772509401,0.136520760477902
10,BG,29,PMd-R,RT_Upright_anti_L,0.06687341458099,0.0905941154764539,0.157467530057444,0.00161405981627737,0.00173532653971936,4.68874619855274,0.135214922619205
10,BG,30,PMv-R,RT_Upright_anti_L,0.0450978313923989,0.0962721415279439,0.141369972920343,0.00154886230572399,0.00166864920749398,4.69191211900017,0.138177226978865
10,BG,31,FEF-R,RT_Upright_anti_L,0.120111752175217,0.052432124283691,0.172543876458908,0.00158499349938116,0.00170046029583057,4.68926779351605,0.136057548803112
10,BG,32,POJ-R,RT_Upright_anti_L,0.105435076538691,0.120503774379606,0.225938850918297,0.00201657730774776,0.00216173758265874,4.67300672997084,0.134299294930681
1,DOC,1,V1-L,RT_Upright_anti_R,0.0418991451306438,0.0544503966317138,0.0963495417623576,0.00109092881356897,0.00119434661841075,4.58351188340367,0.125089241236251
1,DOC,2,V3-L,RT_Upright_anti_R,0.0756830110869765,0.105041478410178,0.180724489497155,0.00167962642898026,0.00182248667306653,4.55379903198848,0.122056377813977
1,DOC,3,STS-L,RT_Upright_anti_R,0.0463335952574055,0.0738310650418468,0.120164660299252,0.00118271882303094,0.00128152177605644,4.57872382124677,0.121949549175435
1,DOC,4,IPL-L,RT_Upright_anti_R,0.0906102250512583,0.0928736387102997,0.183483863761558,0.00134861861776169,0.00146037780805155,4.57098444405571,0.120871630505493
1,DOC,5,SPL-L,RT_Upright_anti_R,0.120143998716314,0.0319837543660161,0.15212775308233,0.00142549985269547,0.00155388689879521,4.56624998413905,0.12287089256794
1,DOC,6,AG-L,RT_Upright_anti_R,0.0781865144764632,0.0220481138360068,0.10023462831247,0.00120365883290274,0.00130834073706586,4.57947809421667,0.125650786292317
1,DOC,7,mIPS-L,RT_Upright_anti_R,0.091436912943385,0.0319161872659698,0.123353100209355,0.00134449432140585,0.00146004678395357,4.57199302649557,0.124093477281798
1,DOC,8,VIP-L,RT_Upright_anti_R,0.126032182987822,0.0678184048407038,0.193850587828526,0.00144478220549732,0.00156990379767479,4.56517158137278,0.121002127301299
1,DOC,9,SPOC-L,RT_Upright_anti_R,0.180418734906471,0.0715658964039434,0.251984631310414,0.00197266548602334,0.00214141062833861,4.53922315304561,0.118586710477001
1,DOC,10,S1-L,RT_Upright_anti_R,0.106829992150843,0.154768126247499,0.261598118398343,0.00176948539955085,0.00191394889693948,4.54898669597744,0.116884219796111
1,DOC,11,M1-L,RT_Upright_anti_R,0.0451253652839846,0.176952375147084,0.222077740431069,0.00161905857437516,0.00175387561849224,4.55716194271954,0.119024134617719
1,DOC,12,SMA-L,RT_Upright_anti_R,0.0745311270281828,0.0675573913142224,0.142088518342405,0.00144423215053564,0.00156480056761373,4.56550080010755,0.122524719298182
1,DOC,13,PMd-L,RT_Upright_anti_R,0.0710985636537718,0.10756849705553,0.178667060709302,0.00167526146138895,0.00182397127540638,4.55461740919097,0.120792892655243
1,DOC,14,PMv-L,RT_Upright_anti_R,0.058220112741572,0.0561546745358536,0.114374787277426,0.00124070646555388,0.0013478103392674,4.57543851970137,0.123641656017317
1,DOC,15,FEF-L,RT_Upright_anti_R,0.0992018425791757,0.113601514244774,0.21280335682395,0.0018990890692667,0.00205707927467397,4.54405366839234,0.11825902468302
1,DOC,16,POJ-L,RT_Upright_anti_R,0.0566063203513014,0.0316921715812605,0.0882984919325619,0.00111486038856864,0.00120998672230894,4.58374933834602,0.125667536840893
1,DOC,17,V1-R,RT_Upright_anti_R,0.0391115518393703,0.105991662686131,0.145103214525502,0.00121313851090004,0.00130869638574216,4.57769469090726,0.121912471593035
1,DOC,18,V3-R,RT_Upright_anti_R,0.0872681050759017,0.0657172084324779,0.15298531350838,0.00141150295340191,0.00153135391855929,4.5652329139398,0.122394968502543
1,DOC,19,STS-R,RT_Upright_anti_R,0.0535834732210421,0.0561105815328344,0.109694054753876,0.00126143869924615,0.00136857179752265,4.57493660578723,0.124075667317103
1,DOC,20,IPL-R,RT_Upright_anti_R,0.0689875944804198,0.0370467663046819,0.106034360785102,0.00119927507907654,0.00130204955170688,4.57801420524159,0.124579800281627
1,DOC,21,SPL-R,RT_Upright_anti_R,0.0701439456824623,0.0639896118476484,0.134133557530111,0.0014076767856401,0.00152685072789588,4.56779186560179,0.122409556017396
1,DOC,22,AG-R,RT_Upright_anti_R,0.0912167461115283,0.0401575099305462,0.131374256042075,0.00135981642801484,0.00147127485585297,4.57011564226985,0.123392800242904
1,DOC,23,mIPS-R,RT_Upright_anti_R,0.0688208533578424,0.0487891609452091,0.117610014303052,0.00131974629535406,0.00142856375443148,4.57332336699076,0.123986926243733
1,DOC,24,VIP-R,RT_Upright_anti_R,0.0509409951351199,0.0467235460591636,0.0976645411942835,0.00115788358405488,0.001260576473159,4.58060285785607,0.124845287212252
1,DOC,25,SPOC-R,RT_Upright_anti_R,0.0538302744832068,0.12476541369735,0.178595688180557,0.00158306020335646,0.00170696485671348,4.56045359104071,0.122072514563784
1,DOC,26,S1-R,RT_Upright_anti_R,0.0531873226758968,0.0637504537714901,0.116937776447387,0.00131247722190235,0.00142785546253794,4.57137195039383,0.124126255464378
1,DOC,27,M1-R,RT_Upright_anti_R,0.0900595323006676,0.068557220440313,0.158616752740981,0.00144359232348275,0.00155907402250504,4.56517009346544,0.120597504450599
1,DOC,28,SMA-R,RT_Upright_anti_R,0.0821053895700403,0.0662351086790552,0.148340498249096,0.00142931256507699,0.00155324393099761,4.56679792506509,0.121992196698604
1,DOC,29,PMd-R,RT_Upright_anti_R,0.0799086917010181,0.116106142438794,0.196014834139812,0.00162284077646572,0.00175960327233698,4.55439803847371,0.117346180834425
1,DOC,30,PMv-R,RT_Upright_anti_R,0.0419668677612555,0.0698436241858549,0.11181049194711,0.00126531543800947,0.00137524747460423,4.57578833169131,0.124326453461488
1,DOC,31,FEF-R,RT_Upright_anti_R,0.0833512150745873,0.122137010801833,0.205488225876421,0.00180952583552849,0.00196790844970269,4.54674414053932,0.117931335733128
1,DOC,32,POJ-R,RT_Upright_anti_R,0.0693666494655288,0.0904621448951726,0.159828794360701,0.0015976063935597,0.00173191215562662,4.55947217402935,0.122693006962117
2,GB,1,V1-L,RT_Upright_anti_R,0.0675535046164267,0.0557603006065943,0.123313805223021,0.00132132457048843,0.00145485186927448,4.63126102402765,0.142634916024833
2,GB,2,V3-L,RT_Upright_anti_R,0.106424228089769,0.0910266366582939,0.197450864748063,0.00172440979802487,0.00188661389537341,4.61070099879518,0.139163053692375
2,GB,3,STS-L,RT_Upright_anti_R,0.0800822133413023,0.0493866331251278,0.12946884646643,0.00127843457946402,0.00139937280422946,4.63458831800092,0.141317120138796
2,GB,4,IPL-L,RT_Upright_anti_R,0.115720704591647,0.0912660494673964,0.206986754059044,0.00174531666532464,0.00189854844636387,4.61087742655886,0.135764761436571
2,GB,5,SPL-L,RT_Upright_anti_R,0.0829852655051712,0.0947217869835802,0.177707052488751,0.00173899235678149,0.00191526665257429,4.61101037948164,0.141059278449293
2,GB,6,AG-L,RT_Upright_anti_R,0.0554615612237921,0.102375042334972,0.157836603558764,0.00150337429161771,0.00165010301729118,4.6230666358299,0.141360473682702
2,GB,7,mIPS-L,RT_Upright_anti_R,0.0777371016979769,0.0828764798705305,0.160613581568507,0.00147582243343537,0.00162042343667922,4.62376839151047,0.139824381615275
2,GB,8,VIP-L,RT_Upright_anti_R,0.127664196524267,0.11650838682588,0.244172583350147,0.00207273227896134,0.00226960186363285,4.59457738156754,0.133244132463354
2,GB,9,SPOC-L,RT_Upright_anti_R,0.0725579360484802,0.0984054895187653,0.170963425567246,0.00156285569188553,0.0017164368672204,4.61984782532546,0.140654156696967
2,GB,10,S1-L,RT_Upright_anti_R,0.0654971686099499,0.0936749204784081,0.159172089088358,0.00157228686948332,0.00173090671174638,4.61958512035944,0.139205485554992
2,GB,11,M1-L,RT_Upright_anti_R,0.0778473872438474,0.0816626922557434,0.159510079499591,0.00157837031819492,0.00173344562548131,4.61874486701964,0.140256098809205
2,GB,12,SMA-L,RT_Upright_anti_R,0.0970424643925349,0.0864594771075255,0.18350194150006,0.00175272619826821,0.00192085906184943,4.61107473439305,0.140498083773813
2,GB,13,PMd-L,RT_Upright_anti_R,0.0737023261897005,0.101513555664411,0.175215881854111,0.00173989902724155,0.00190622928887358,4.61251460662324,0.140953288361685
2,GB,14,PMv-L,RT_Upright_anti_R,0.0892488301320176,0.0494707177482424,0.13871954788026,0.00131684869652643,0.00144575116914632,4.63095963611075,0.140142022286803
2,GB,15,FEF-L,RT_Upright_anti_R,0.0840298675270534,0.0852592630438099,0.169289130570863,0.00164143912729195,0.00179638709768678,4.61555023069343,0.138735110508993
2,GB,16,POJ-L,RT_Upright_anti_R,0.0637796600522477,0.0718878614674066,0.135667521519654,0.00117890352482185,0.00128720702832607,4.64083158049374,0.141316567164077
2,GB,17,V1-R,RT_Upright_anti_R,0.0547320947665353,0.0311848379186718,0.0859169326852071,0.000931766865239501,0.00102015881568844,4.65448480948993,0.142713085168469
2,GB,18,V3-R,RT_Upright_anti_R,0.0646919126829529,0.0918759764297796,0.156567889112733,0.00155541577137266,0.00171052229206333,4.61784617607811,0.138302162337474
2,GB,19,STS-R,RT_Upright_anti_R,0.0606184218481513,0.0532564404216485,0.1138748622698,0.00135452418040143,0.00148890291116125,4.62939504238545,0.1430754676925
2,GB,20,IPL-R,RT_Upright_anti_R,0.075201465555902,0.0708534447572432,0.146054910313145,0.00160870725291129,0.00176527821761726,4.61781009145279,0.142127976705877
2,GB,21,SPL-R,RT_Upright_anti_R,0.0869581394443871,0.112661212088321,0.199619351532708,0.00184017270663316,0.0020155255983606,4.60628052517736,0.138178784062736
2,GB,22,AG-R,RT_Upright_anti_R,0.0695465389075756,0.0445417208170803,0.114088259724656,0.00121380704290015,0.00132703397604005,4.63653571498701,0.143172214011686
2,GB,23,mIPS-R,RT_Upright_anti_R,0.0967531924612303,0.058531792850507,0.155284985311737,0.00157511161522308,0.00172616976402429,4.61870397306167,0.140983530402505
2,GB,24,VIP-R,RT_Upright_anti_R,0.0715782550885169,0.0909972033306881,0.162575458419205,0.00162323514920688,0.00177169271823051,4.61866131488324,0.140385130257146
2,GB,25,SPOC-R,RT_Upright_anti_R,0.0470125659799396,0.0933659653745434,0.140378531354483,0.00130277273014781,0.00142715984819592,4.63097524037338,0.141525444674201
2,GB,26,S1-R,RT_Upright_anti_R,0.0784829483079083,0.0476851050424068,0.126168053350315,0.00150504924696534,0.00165124196265001,4.62374264286671,0.143289619466803
2,GB,27,M1-R,RT_Upright_anti_R,0.0821060506297336,0.0673121767834051,0.149418227413139,0.0015490477873696,0.00169332061894564,4.61916190541984,0.141296133298817
2,GB,28,SMA-R,RT_Upright_anti_R,0.156034232685491,0.080432133670344,0.236466366355835,0.00191157516862424,0.00209432201518455,4.60371672589224,0.13644732147805
2,GB,29,PMd-R,RT_Upright_anti_R,0.104008017397534,0.144289027738988,0.248297045136522,0.00178862377674158,0.00193713990306883,4.60743636952721,0.13349542437208
2,GB,30,PMv-R,RT_Upright_anti_R,0.0692500995980213,0.037997322824745,0.107247422422766,0.001247336474072,0.00137092256350801,4.6360852434803,0.143552366827606
2,GB,31,FEF-R,RT_Upright_anti_R,0.0921890901616631,0.0996687243815831,0.191857814543246,0.0016254943765029,0.0017733015772587,4.61703773762389,0.138497773590676
2,GB,32,POJ-R,RT_Upright_anti_R,0.0624766768445334,0.132065740559619,0.194542417404153,0.00166137918999791,0.00181713809221227,4.61332425665825,0.137733939625669
3,JDC,1,V1-L,RT_Upright_anti_R,0.111287182433245,0.0613943177483859,0.172681500181631,0.00155833824452431,0.00167571254525339,4.56868933376756,0.114828121119891
3,JDC,2,V3-L,RT_Upright_anti_R,0.0767417502202469,0.0687432111888004,0.145484961409047,0.00145284055607788,0.00156569409736651,4.57410866298256,0.116338110078716
3,JDC,3,STS-L,RT_Upright_anti_R,0.0726046730844953,0.0851555325424401,0.157760205626935,0.00148193786674264,0.00159178628652818,4.57240634120568,0.115516712078103
3,JDC,4,IPL-L,RT_Upright_anti_R,0.08163208680256,0.0693521288943294,0.150984215696889,0.00151721466787495,0.00163250631495261,4.57192489707698,0.114704680633434
3,JDC,5,SPL-L,RT_Upright_anti_R,0.0794940485109632,0.0682955543138577,0.147789602824821,0.00148252091967679,0.00159512491587982,4.57353955178713,0.117212304211036
3,JDC,6,AG-L,RT_Upright_anti_R,0.0675943562268792,0.0670833435284925,0.134677699755372,0.00129189956211047,0.00139069012736267,4.58293787043846,0.116794595773972
3,JDC,7,mIPS-L,RT_Upright_anti_R,0.0627551061926235,0.0548952766104799,0.117650382803103,0.00128112479748827,0.00137765582025859,4.58467259086673,0.118155368315507
3,JDC,8,VIP-L,RT_Upright_anti_R,0.0667847709947818,0.0599811150768182,0.1267658860716,0.00144261823369336,0.00155670073695649,4.57536669850702,0.119053095004427
3,JDC,9,SPOC-L,RT_Upright_anti_R,0.105674278360849,0.0821267240332564,0.187801002394105,0.00169098745794679,0.00181334651191572,4.56275230262186,0.113076657215563
3,JDC,10,S1-L,RT_Upright_anti_R,0.0601866914495274,0.0586373195758003,0.118824011025328,0.00141399279081934,0.00152353993539286,4.5767826045303,0.118839299720192
3,JDC,11,M1-L,RT_Upright_anti_R,0.0279007328851588,0.052259627132656,0.0801603600178148,0.00107606105647107,0.00115603802050446,4.59601547771969,0.121043246769091
3,JDC,12,SMA-L,RT_Upright_anti_R,0.0564399287885216,0.0730970366575663,0.129536965446088,0.00139307024921279,0.00149781879490723,4.57912969455983,0.118016043196632
3,JDC,13,PMd-L,RT_Upright_anti_R,0.046937716844576,0.0880241546457206,0.134961871490297,0.00144535827610324,0.00155412149781172,4.57471192359385,0.118334672975183
3,JDC,14,PMv-L,RT_Upright_anti_R,0.0391074406401038,0.0791432476468611,0.118250688286965,0.00121572761552721,0.00130899185516493,4.58663570106326,0.118492129526394
3,JDC,15,FEF-L,RT_Upright_anti_R,0.0550870208063438,0.0782499546316988,0.133336975438043,0.00132922693704963,0.00142728841082525,4.58050288376493,0.117015824684712
3,JDC,16,POJ-L,RT_Upright_anti_R,0.0870287331864657,0.0472717607358254,0.134300493922291,0.0013675807507554,0.00146702432467634,4.57986893700607,0.117545202169732
3,JDC,17,V1-R,RT_Upright_anti_R,0.0513506573145398,0.0675741169279248,0.118924774242465,0.00132513554659283,0.0014197176315133,4.58240754175848,0.118355576921851
3,JDC,18,V3-R,RT_Upright_anti_R,0.0488670908650641,0.0514331559092709,0.100300246774335,0.00118783830460087,0.00127662052533829,4.58911380173954,0.119660347642301
3,JDC,19,STS-R,RT_Upright_anti_R,0.103840972513127,0.0515243478070572,0.155365320320185,0.00158274749390025,0.00169972520381166,4.56853836803954,0.117134529673292
3,JDC,20,IPL-R,RT_Upright_anti_R,0.0786638406405403,0.0928864991703936,0.171550339810934,0.00172150569803144,0.0018552726642641,4.56175752740557,0.117041126478367
3,JDC,21,SPL-R,RT_Upright_anti_R,0.0347587494383847,0.0950824232430688,0.129841172681453,0.00140595851281552,0.0015084362909195,4.5790532444385,0.118240237955809
3,JDC,22,AG-R,RT_Upright_anti_R,0.0721301273842369,0.0955815665554393,0.167711693939676,0.00168635147186768,0.00180968589916255,4.56438238577813,0.116338691913235
3,JDC,23,mIPS-R,RT_Upright_anti_R,0.0628050284740829,0.0750632969668426,0.137868325440925,0.00146024933038285,0.0015691767855867,4.57664524139282,0.118033404139538
3,JDC,24,VIP-R,RT_Upright_anti_R,0.0869369878943711,0.0907286370741786,0.17766562496855,0.00182668176876644,0.00196928477854326,4.55672232871975,0.116321783788603
3,JDC,25,SPOC-R,RT_Upright_anti_R,0.0765596724452458,0.148720934003615,0.225280606448861,0.00189134849608115,0.00202742404335321,4.55306228419426,0.113347751785819
3,JDC,26,S1-R,RT_Upright_anti_R,0.0744534442734298,0.0498341954618913,0.124287639735321,0.00133043895293964,0.00143557895163594,4.58061938677366,0.118529014775344
3,JDC,27,M1-R,RT_Upright_anti_R,0.0947042118790064,0.0624638152028926,0.157168027081899,0.00145004477264897,0.00155566952204574,4.57507922855114,0.115972185944253
3,JDC,28,SMA-R,RT_Upright_anti_R,0.067410512619202,0.0934978271773642,0.160908339796566,0.0015854884489105,0.00170829485163656,4.56859834402136,0.116437370672412
3,JDC,29,PMd-R,RT_Upright_anti_R,0.0977053946249481,0.0678400408846792,0.165545435509627,0.00156064137745729,0.00167634276935018,4.56885250570423,0.11490767072015
3,JDC,30,PMv-R,RT_Upright_anti_R,0.0434881440130576,0.0376135236157766,0.0811016676288343,0.00103964868266822,0.00111748667946816,4.59791412524801,0.120191626558053
3,JDC,31,FEF-R,RT_Upright_anti_R,0.0659987420015217,0.044035459357853,0.110034201359375,0.00125111326879315,0.00134200872099858,4.5848671218951,0.118808408813047
3,JDC,32,POJ-R,RT_Upright_anti_R,0.130128453782692,0.0694684032695551,0.199596857052247,0.00172071761265706,0.00184018698490244,4.56292223898314,0.115636791348452
4,JFXD,1,V1-L,RT_Upright_anti_R,0.0818262971787029,0.0405687538823494,0.122395051061052,0.00144692720693407,0.00154102577800955,4.5605344284293,0.0986454743433034
4,JFXD,2,V3-L,RT_Upright_anti_R,0.0669225099302417,0.0708778604823133,0.137800370412555,0.00153268936898599,0.00162737404730867,4.55724542388126,0.0969336075059057
4,JFXD,3,STS-L,RT_Upright_anti_R,0.0426646660900324,0.06075085710201,0.103415523192042,0.00110775747175662,0.00115621728625922,4.58084398069864,0.0979790802652062
4,JFXD,4,IPL-L,RT_Upright_anti_R,0.0463919620738318,0.0504023207797567,0.0967942828535885,0.00129674348000795,0.00136666232256052,4.57037533113068,0.0991752375251842
4,JFXD,5,SPL-L,RT_Upright_anti_R,0.0760430820164546,0.0577271553266839,0.133770237343138,0.00156255028422892,0.00165203670488549,4.55514230822728,0.0975995874153439
4,JFXD,6,AG-L,RT_Upright_anti_R,0.0470365516051984,0.0573334117070578,0.104369963312256,0.00125517232081157,0.00132229865075771,4.57335560306694,0.0983693286936374
4,JFXD,7,mIPS-L,RT_Upright_anti_R,0.0708452322060078,0.0514570667672204,0.122302298973228,0.00154962381573636,0.00163762937561239,4.55652147987789,0.0989678278897373
4,JFXD,8,VIP-L,RT_Upright_anti_R,0.0645983442901651,0.0526910224714739,0.117289366761639,0.00137160583548037,0.00144521815307499,4.56623132688661,0.0985195370489576
4,JFXD,9,SPOC-L,RT_Upright_anti_R,0.0334368480183575,0.059441185602472,0.0928780336208294,0.00121926892902288,0.00128706010479112,4.57362696808985,0.0997402101257466
4,JFXD,10,S1-L,RT_Upright_anti_R,0.0590482678083822,0.0483752038765606,0.107423471684943,0.00135279543019116,0.00142724423232926,4.56652406666409,0.0989083590546198
4,JFXD,11,M1-L,RT_Upright_anti_R,0.0285144050583161,0.0445682717589415,0.0730826768172575,0.000932870173576467,0.000979026933076183,4.59156751157907,0.0999631480801627
4,JFXD,12,SMA-L,RT_Upright_anti_R,0.0550495480342444,0.0686726302666211,0.123722178300865,0.00131001285080487,0.0013775338348978,4.57148560980518,0.0976601798034181
4,JFXD,13,PMd-L,RT_Upright_anti_R,0.0236341739505933,0.0492063270012634,0.0728405009518566,0.000961433025420823,0.00101243893209847,4.59066805341513,0.0997656958540414
4,JFXD,14,PMv-L,RT_Upright_anti_R,0.188051941408872,0.0762252124636109,0.264277153872483,0.00197745675989468,0.00208000042480666,4.53423534480316,0.0887743833529086
4,JFXD,15,FEF-L,RT_Upright_anti_R,0.100170975655062,0.107194544579435,0.207365520234497,0.00157847350566435,0.00166051480975741,4.55495488910156,0.0931751746766217
4,JFXD,16,POJ-L,RT_Upright_anti_R,0.0474404770127625,0.0353615861437899,0.0828020631565524,0.00114448253427413,0.0012113171631887,4.57719901503192,0.100076342875708
4,JFXD,17,V1-R,RT_Upright_anti_R,0.0535627427139948,0.0477924445821323,0.101355187296127,0.00120507316199269,0.00126405403178141,4.57562660778875,0.0981456796080242
4,JFXD,18,V3-R,RT_Upright_anti_R,0.0579189339135611,0.0545402805630721,0.112459214476633,0.00132922603707952,0.0014008090545888,4.56777627515791,0.0983779042589819
4,JFXD,19,STS-R,RT_Upright_anti_R,0.0690486616866089,0.106984749106286,0.176033410792895,0.00182497404659551,0.0019269199164971,4.5439548921396,0.0950885259791888
4,JFXD,20,IPL-R,RT_Upright_anti_R,0.065789913984699,0.0913979285806497,0.157187842565349,0.00167737629226576,0.0017670267635779,4.55156516029698,0.0969112379084943
4,JFXD,21,SPL-R,RT_Upright_anti_R,0.0719351990779894,0.0492335922417585,0.121168791319748,0.00131089310476594,0.00137586159857749,4.57065519934316,0.0979281236197472
4,JFXD,22,AG-R,RT_Upright_anti_R,0.0420576879318004,0.0660903905078347,0.108148078439635,0.00134892514643436,0.00141571797756661,4.5683605719185,0.0990228868096443
4,JFXD,23,mIPS-R,RT_Upright_anti_R,0.0758660166263776,0.0702658518000283,0.146131868426406,0.00161340372552608,0.00169790785186626,4.55575086358324,0.0974233775132631
4,JFXD,24,VIP-R,RT_Upright_anti_R,0.074054601629857,0.0895714883000591,0.163626089929916,0.001687875051811,0.00177462829756033,4.55199504608503,0.0960500418197927
4,JFXD,25,SPOC-R,RT_Upright_anti_R,0.0646671797287396,0.0347739664041611,0.0994411461329007,0.0012981253011985,0.00136828320478734,4.57027379409037,0.0991914295199422
4,JFXD,26,S1-R,RT_Upright_anti_R,0.0544555203016338,0.103428317275691,0.157883837577324,0.00173993777145827,0.00183422692035612,4.54887530489304,0.0952500709354187
4,JFXD,27,M1-R,RT_Upright_anti_R,0.0444194070466029,0.081909947890571,0.126329354937174,0.00148695452937704,0.00156647410043084,4.56184643163183,0.0977369377092417
4,JFXD,28,SMA-R,RT_Upright_anti_R,0.055529377065137,0.0686145666055195,0.124143943670656,0.001359746589101,0.00143142606193451,4.56903156762616,0.0977836860505585
4,JFXD,29,PMd-R,RT_Upright_anti_R,0.0744150419844228,0.105095119796054,0.179510161780477,0.00174724939243911,0.00184759825920496,4.54777116712263,0.0950753317190594
4,JFXD,30,PMv-R,RT_Upright_anti_R,0.0874820133347064,0.0796559150464068,0.167137928381113,0.00180282901476168,0.00190787325467684,4.54548363851741,0.0955649966746961
4,JFXD,31,FEF-R,RT_Upright_anti_R,0.10952491852574,0.0708788843814566,0.180403802907196,0.00162925609914133,0.00171710920443239,4.55483431680499,0.0951841117246992
4,JFXD,32,POJ-R,RT_Upright_anti_R,0.0841859199791661,0.0655015645750206,0.149687484554187,0.0016927102905654,0.00179068820120887,4.5496456664671,0.0971333927196108
5,JZ,1,V1-L,RT_Upright_anti_R,0.0842122780447178,0.0597057965563213,0.143918074601039,0.00157515804316774,0.00171235134698666,4.47992412213067,0.107454331177345
5,JZ,2,V3-L,RT_Upright_anti_R,0.0593331969287436,0.0687812332786382,0.128114430207382,0.00130015973946126,0.00141076620355292,4.49368367679611,0.107154396007555
5,JZ,3,STS-L,RT_Upright_anti_R,0.0564221950890914,0.0629366360361673,0.119358831125259,0.00120972406698153,0.00131120037227648,4.49778796485734,0.106826827035373
5,JZ,4,IPL-L,RT_Upright_anti_R,0.0515657348659741,0.0896936612510741,0.141259396117048,0.00129259575936619,0.00139437445696369,4.49565531455087,0.106205034052936
5,JZ,5,SPL-L,RT_Upright_anti_R,0.0602097689120426,0.0767730255049176,0.13698279441696,0.00143923001829559,0.00156213494879501,4.48624018483892,0.107204311334347
5,JZ,6,AG-L,RT_Upright_anti_R,0.0544631320583342,0.0671264954405353,0.121589627498869,0.00132559031934694,0.00143638292349698,4.49282892363664,0.108000372978005
5,JZ,7,mIPS-L,RT_Upright_anti_R,0.0537618828931622,0.053112307697467,0.106874190590629,0.00117357946821422,0.00126882220776527,4.50168184339717,0.107833840811521
5,JZ,8,VIP-L,RT_Upright_anti_R,0.106333021699331,0.0627558527280674,0.169088874427399,0.00138380333576835,0.0014905594653276,4.48862309455617,0.103650333243726
5,JZ,9,SPOC-L,RT_Upright_anti_R,0.0611233253557869,0.05145804257864,0.112581367934427,0.00123800040298705,0.00134057719322007,4.49793152239238,0.107458714720299
5,JZ,10,S1-L,RT_Upright_anti_R,0.0876428712614572,0.112646144325574,0.200289015587031,0.00158614522678451,0.00170620565351951,4.47899864338841,0.102992855097204
5,JZ,11,M1-L,RT_Upright_anti_R,0.0512136482562346,0.164049184032646,0.21526283228888,0.0017280690678665,0.00186744193480256,4.47039055857444,0.100773657809206
5,JZ,12,SMA-L,RT_Upright_anti_R,0.0582293128250854,0.0853226324602449,0.14355194528533,0.00137955318510711,0.00149955916887908,4.49043993386952,0.106666516109096
5,JZ,13,PMd-L,RT_Upright_anti_R,0.0623633404171171,0.0775855268065815,0.139948867223699,0.00140619202059572,0.00152359872941761,4.48824828359149,0.106704674168654
5,JZ,14,PMv-L,RT_Upright_anti_R,0.0606377464404493,0.03172060190418,0.0923583483446292,0.000933850271372881,0.00100828441031216,4.51538233634557,0.108339379297587
5,JZ,15,FEF-L,RT_Upright_anti_R,0.0551103847943727,0.0385241428996821,0.0936345276940548,0.00112512067336092,0.00121965475873141,4.50427993296864,0.108917461425394
5,JZ,16,POJ-L,RT_Upright_anti_R,0.0542438451539032,0.0415301564568801,0.0957740016107832,0.00109692900866864,0.00118245289552649,4.50625351190368,0.108471744060448
5,JZ,17,V1-R,RT_Upright_anti_R,0.0519107062136789,0.042581070464099,0.0944917766777779,0.00100351126837062,0.00108088851924202,4.51124892245774,0.107494563039714
5,JZ,18,V3-R,RT_Upright_anti_R,0.0751236156583844,0.0557233009935507,0.130846916651935,0.00136368004239789,0.00147639661314971,4.4909515144164,0.107080155279249
5,JZ,19,STS-R,RT_Upright_anti_R,0.0736467494080069,0.0654993668043125,0.139146116212319,0.00134488753400991,0.00145761372151718,4.49078457457322,0.105594912504461
5,JZ,20,IPL-R,RT_Upright_anti_R,0.0304117025915996,0.0541358553750316,0.0845475579666312,0.00106720764533098,0.00115425011817582,4.50812096142335,0.109458309491398
5,JZ,21,SPL-R,RT_Upright_anti_R,0.066180323726897,0.0652908904817144,0.131471214208611,0.00136404544844792,0.00147766130008696,4.4901225226303,0.106951613399709
5,JZ,22,AG-R,RT_Upright_anti_R,0.0798576809383098,0.0645863350317696,0.144444015970079,0.00148984191693279,0.00161560284379799,4.4843720659131,0.106074047369522
5,JZ,23,mIPS-R,RT_Upright_anti_R,0.0582468382710244,0.059506164911623,0.117753003182647,0.00114299417002689,0.00123732580486744,4.50157756247621,0.10638331874005
5,JZ,24,VIP-R,RT_Upright_anti_R,0.0529479980262828,0.0501061988126331,0.103054196838916,0.00124505121475441,0.00134803924113047,4.49831925076428,0.109064330032044
5,JZ,25,SPOC-R,RT_Upright_anti_R,0.0598201888560285,0.0422135069908284,0.102033695846857,0.00107986982748256,0.00116848661085307,4.50711499069839,0.108169676923403
5,JZ,26,S1-R,RT_Upright_anti_R,0.106286076779857,0.0717529809005283,0.178039057680385,0.00153513020201859,0.00165599346089043,4.48120120607018,0.102202380959449
5,JZ,27,M1-R,RT_Upright_anti_R,0.0557860942758319,0.0535002585143168,0.109286352790149,0.00121673428101636,0.00131932406195677,4.4982678244855,0.107674149329172
5,JZ,28,SMA-R,RT_Upright_anti_R,0.0677467497061936,0.0654069441210182,0.133153693827212,0.00136282250581824,0.00147407145285776,4.49129978486743,0.107430260486757
5,JZ,29,PMd-R,RT_Upright_anti_R,0.0595258328722427,0.0687057056997685,0.128231538572011,0.001257010499274,0.00135928551049445,4.49748538988157,0.106655027969861
5,JZ,30,PMv-R,RT_Upright_anti_R,0.062168025935575,0.0682216013457412,0.130389627281316,0.00129506153655882,0.00139619636927361,4.49464681829819,0.106248172518303
5,JZ,31,FEF-R,RT_Upright_anti_R,0.0911092684720472,0.0556302255556629,0.14673949402771,0.00134051734962711,0.00144648997000123,4.49212682388958,0.105046550789978
5,JZ,32,POJ-R,RT_Upright_anti_R,0.05753794100262,0.0385896317701675,0.0961275727727874,0.00113363810116406,0.00123007883992746,4.50320554932031,0.108332512984305
6,LT,1,V1-L,RT_Upright_anti_R,0.0395315817131608,0.0457745918330947,0.0853061735462554,0.000926812924917959,0.00099199446375029,4.41521523713796,0.084682447635855
6,LT,2,V3-L,RT_Upright_anti_R,0.0458643622948816,0.0573600233789345,0.103224385673816,0.0011975317021211,0.00128280902507524,4.3984805934207,0.0844115447627121
6,LT,3,STS-L,RT_Upright_anti_R,0.0496449545812935,0.0518801473430939,0.101525101924387,0.00103099008489687,0.00110509750864784,4.4089853912557,0.0840832167680818
6,LT,4,IPL-L,RT_Upright_anti_R,0.0449300334698284,0.0399803997569186,0.084910433226747,0.000962242562403688,0.00102613208895353,4.41372084634787,0.0853535925963581
6,LT,5,SPL-L,RT_Upright_anti_R,0.047833808362752,0.0461158876265015,0.0939496959892536,0.00110157605063639,0.00118313565609911,4.40370579409235,0.0847133488638021
6,LT,6,AG-L,RT_Upright_anti_R,0.061360193863644,0.0301775001636471,0.0915376940272912,0.0010777081417774,0.00115454568738423,4.40597276837529,0.0850567497848754
6,LT,7,mIPS-L,RT_Upright_anti_R,0.0391451039040748,0.067606954059171,0.106752057963246,0.00117533597105649,0.00125870613198134,4.40022001485396,0.0844185531738883
6,LT,8,VIP-L,RT_Upright_anti_R,0.0721780011664465,0.0426012324872437,0.11477923365369,0.00117131532079974,0.0012535234627983,4.4010006543114,0.0845808811100988
6,LT,9,SPOC-L,RT_Upright_anti_R,0.0734844606707216,0.0483893182358428,0.121873778906564,0.00116903489847437,0.00124656819402951,4.40102785994251,0.0828568713184209
6,LT,10,S1-L,RT_Upright_anti_R,0.0418709428820082,0.0533529234012148,0.095223866283223,0.00098821986943638,0.00105260804860615,4.41253120093695,0.0851139579510881
6,LT,11,M1-L,RT_Upright_anti_R,0.0556343033487728,0.0686419087015571,0.12427621205033,0.00111050617355152,0.00118739210264811,4.40430701926829,0.0835576668449918
6,LT,12,SMA-L,RT_Upright_anti_R,0.0612679081471925,0.0661305893158571,0.12739849746305,0.00130207979742402,0.00139485352398739,4.39219645681309,0.0836488292132655
6,LT,13,PMd-L,RT_Upright_anti_R,0.0440892021366692,0.0768005701734818,0.120889772310151,0.00109297886832562,0.00116371154080665,4.40566099964316,0.0833951488835352
6,LT,14,PMv-L,RT_Upright_anti_R,0.0519322304557952,0.054054276135,0.105986506590795,0.00120971286911179,0.00130237617646312,4.39719187102695,0.0843226984659246
6,LT,15,FEF-L,RT_Upright_anti_R,0.10128450760956,0.036165520565462,0.137450028175021,0.00123168911859172,0.00131203604135175,4.3970679128259,0.0821244143656414
6,LT,16,POJ-L,RT_Upright_anti_R,0.0697984414095425,0.0406037474891814,0.110402188898724,0.0011028042438856,0.00117569673103911,4.40551862728789,0.0842089887951791
6,LT,17,V1-R,RT_Upright_anti_R,0.0422836888686929,0.0877430169192517,0.130026705787945,0.00123924647905819,0.00132529033635054,4.39564819035683,0.0832041854414459
6,LT,18,V3-R,RT_Upright_anti_R,0.0455712600449913,0.0463915441930097,0.091962804238001,0.00107610437890034,0.00115093296746356,4.40606499858451,0.0848752761716551
6,LT,19,STS-R,RT_Upright_anti_R,0.0683171150039025,0.0782989164258843,0.146616031429787,0.00134484955352742,0.00143680014441578,4.38983991887913,0.0815701068461454
6,LT,20,IPL-R,RT_Upright_anti_R,0.0407538194178959,0.0480658004127556,0.0888196198306514,0.00101235822089495,0.0010789587795877,4.41109354842584,0.0846220897183692
6,LT,21,SPL-R,RT_Upright_anti_R,0.0467976061599803,0.0444060254814602,0.0912036316414405,0.00106718268190886,0.00114121586855303,4.40650986197817,0.0852568958172611
6,LT,22,AG-R,RT_Upright_anti_R,0.0314622413080609,0.0341126196734357,0.0655748609814966,0.000875168140915525,0.000933284000150619,4.4192703042943,0.0862776691202201
6,LT,23,mIPS-R,RT_Upright_anti_R,0.0441472206706773,0.0438351793050339,0.0879823999757113,0.00104035189489908,0.00111171031632196,4.40809096203402,0.0852125820263644
6,LT,24,VIP-R,RT_Upright_anti_R,0.0379009822962248,0.0485138042108689,0.0864147865070937,0.000995576771206049,0.00105902758463226,4.41241464925181,0.0849700807469198
6,LT,25,SPOC-R,RT_Upright_anti_R,0.072765601732492,0.0451718894020039,0.117937491134496,0.00126200431297776,0.00135752389924879,4.39314447001622,0.0840267051360536
6,LT,26,S1-R,RT_Upright_anti_R,0.061412492041432,0.0505037089668671,0.111916201008299,0.00114174400978061,0.0012190896148123,4.40202321779232,0.0829696293124747
6,LT,27,M1-R,RT_Upright_anti_R,0.0450760013698988,0.0574260260780113,0.10250202744791,0.00115967481876941,0.00124518023157533,4.40051298662596,0.0842022704926949
6,LT,28,SMA-R,RT_Upright_anti_R,0.0692761008795549,0.0671392461011269,0.136415346980682,0.00130221803243902,0.00139006648094122,4.39260154158099,0.0815473873715857
6,LT,29,PMd-R,RT_Upright_anti_R,0.0538505825952443,0.0674112991260101,0.121261881721254,0.00127197315350757,0.00136213302753185,4.39416510515895,0.0827844200562451
6,LT,30,PMv-R,RT_Upright_anti_R,0.0511653215647686,0.0600051335257591,0.111170455090528,0.00108919225553801,0.00116221357543344,4.40581863609654,0.0833180128179072
6,LT,31,FEF-R,RT_Upright_anti_R,0.0446595122011214,0.0781228729948207,0.122782385195942,0.00131037086092011,0.00140216859468916,4.39250636275768,0.0840995195995625
6,LT,32,POJ-R,RT_Upright_anti_R,0.074592224577821,0.0470991332666007,0.121691357844422,0.00126402211058621,0.00135397118052539,4.39509089172858,0.0840188991737311
7,NvA,1,V1-L,RT_Upright_anti_R,0.0519929824662666,0.0793430296411825,0.131336012107449,0.00144697515114895,0.00156050975705119,4.69694036272014,0.144689388645665
7,NvA,2,V3-L,RT_Upright_anti_R,0.080196244065942,0.0653127939729983,0.14550903803894,0.00150285559705686,0.00162608086209447,4.69282670617627,0.142924860181396
7,NvA,3,STS-L,RT_Upright_anti_R,0.0577048776881324,0.0624695509868145,0.120174428674947,0.00139037077477795,0.00149698083413635,4.6988934409285,0.144913911855624
7,NvA,4,IPL-L,RT_Upright_anti_R,0.0996134380010203,0.0922446863895699,0.19185812439059,0.00185619252561082,0.00200826007944378,4.67641893934908,0.142531386909572
7,NvA,5,SPL-L,RT_Upright_anti_R,0.102233277962341,0.168931906757361,0.271165184719703,0.00225011158464775,0.00241459904321099,4.65729065399953,0.134620594105444
7,NvA,6,AG-L,RT_Upright_anti_R,0.0623217546255416,0.0494295231445025,0.111751277770044,0.0013533522252264,0.00146711841289091,4.70025373790941,0.144805067470216
7,NvA,7,mIPS-L,RT_Upright_anti_R,0.12289224134506,0.0692398547531685,0.192132096098229,0.0018655090992458,0.00201446798271998,4.67579325293397,0.142172991698632
7,NvA,8,VIP-L,RT_Upright_anti_R,0.11142550904116,0.116874568833068,0.228300077874228,0.00190353179856838,0.00204490075373035,4.67431352527949,0.138221926257227
7,NvA,9,SPOC-L,RT_Upright_anti_R,0.127456464234206,0.104258884599058,0.231715348833264,0.00210307227040842,0.00227218543142053,4.66591268754045,0.138474015462154
7,NvA,10,S1-L,RT_Upright_anti_R,0.108839439797217,0.0914263792415648,0.200265819038782,0.00185708788111777,0.00200364079018397,4.67569252875585,0.141230107568638
7,NvA,11,M1-L,RT_Upright_anti_R,0.0524628423922711,0.132921635599101,0.185384477991372,0.00180073294392356,0.00194487917613393,4.67949806618442,0.141672076793534
7,NvA,12,SMA-L,RT_Upright_anti_R,0.0215610471923362,0.101877696203615,0.123438743395951,0.00123825269003134,0.00133195210599956,4.70741648472203,0.145744627581272
7,NvA,13,PMd-L,RT_Upright_anti_R,0.083052159620009,0.0884263233562261,0.171478482976235,0.001766179664231,0.00191058325359699,4.67980280539586,0.142667131583924
7,NvA,14,PMv-L,RT_Upright_anti_R,0.0739949889762725,0.0481062508730363,0.122101239849309,0.00142144949005026,0.00154510474957214,4.69575456886851,0.145690034878309
7,NvA,15,FEF-L,RT_Upright_anti_R,0.0623927041627469,0.0786914889627815,0.141084193125528,0.00151144506249591,0.00162949388196358,4.69195177226026,0.144427734315861
7,NvA,16,POJ-L,RT_Upright_anti_R,0.113770501298489,0.0654783547237875,0.179248856022277,0.00172158995441846,0.00186513926035293,4.68306343212642,0.142184709979037
7,NvA,17,V1-R,RT_Upright_anti_R,0.0496261686312029,0.0563850652229864,0.106011233854189,0.00125442702549634,0.0013616318074055,4.70484426440862,0.145121838819616
7,NvA,18,V3-R,RT_Upright_anti_R,0.0589128137218729,0.0776883820551564,0.136601195777029,0.00139548622574647,0.00151386642573788,4.69519821969276,0.14412498852602
7,NvA,19,STS-R,RT_Upright_anti_R,0.0876832044160905,0.0620418638149566,0.149725068231047,0.00141864645027978,0.00152981208399465,4.69434137031992,0.143570284788257
7,NvA,20,IPL-R,RT_Upright_anti_R,0.0625152526177128,0.129679164857962,0.192194417475674,0.00166008456096898,0.00179417763060555,4.68434701084972,0.142496115966016
7,NvA,21,SPL-R,RT_Upright_anti_R,0.122141460461924,0.0703939425602173,0.192535403022141,0.00170810078084922,0.00184647488366399,4.68252328651169,0.140237707601831
7,NvA,22,AG-R,RT_Upright_anti_R,0.0994559681656367,0.0881674237587989,0.187623391924436,0.00170069926364854,0.00183248421022815,4.68245168316634,0.140181638071906
7,NvA,23,mIPS-R,RT_Upright_anti_R,0.11019543876824,0.0668250023530154,0.177020441121255,0.00179244546151246,0.00194206727278652,4.67909965959717,0.141925741016096
7,NvA,24,VIP-R,RT_Upright_anti_R,0.0806986554750348,0.139373821895254,0.220072477370289,0.00194182616289457,0.00210041403361528,4.67079461924558,0.141358934117598
7,NvA,25,SPOC-R,RT_Upright_anti_R,0.0892407198933267,0.0940686653368428,0.18330938523017,0.00179047892768048,0.00193739312815558,4.68012888874701,0.141715260458605
7,NvA,26,S1-R,RT_Upright_anti_R,0.0966397878290673,0.0783370311600942,0.174976818989162,0.00187087267347562,0.0020274150080402,4.67563246194382,0.14210166548494
7,NvA,27,M1-R,RT_Upright_anti_R,0.190032059807926,0.0833141380127334,0.273346197820659,0.00221247986317652,0.00239670950440345,4.66040568956295,0.139231337465532
7,NvA,28,SMA-R,RT_Upright_anti_R,0.0513662164829077,0.075392738543948,0.126758955026856,0.00142532935865225,0.00153421343942918,4.69781056884611,0.145086706894086
7,NvA,29,PMd-R,RT_Upright_anti_R,0.0998757110515589,0.0929394301814311,0.19281514123299,0.0018585093467803,0.00200524982322589,4.67667940296067,0.142690250596481
7,NvA,30,PMv-R,RT_Upright_anti_R,0.0562200930044893,0.0712641881987699,0.127484281203259,0.00132796432690937,0.00144157064519943,4.69954233004443,0.144327565193591
7,NvA,31,FEF-R,RT_Upright_anti_R,0.107548583301744,0.0895405127373331,0.197089096039077,0.00181850190112885,0.00195966276554604,4.67778799694529,0.141761698749644
7,NvA,32,POJ-R,RT_Upright_anti_R,0.0709999808200029,0.074618288590415,0.145618269410418,0.00159537281485606,0.001727089252952,4.68837367412135,0.143130011840953
8,RR,1,V1-L,RT_Upright_anti_R,0.0959876438756339,0.0727097861601159,0.16869743003575,0.00179384254867461,0.00194617955222204,4.66931258010235,0.134703945164503
8,RR,2,V3-L,RT_Upright_anti_R,0.0988830180233081,0.124010367361604,0.222893385384912,0.0020821622660133,0.00225501378681756,4.65701311941646,0.131479716041491
8,RR,3,STS-L,RT_Upright_anti_R,0.0749213961418503,0.0576595151152397,0.13258091125709,0.00134654923929604,0.00144878564204074,4.6916317878312,0.135270306415322
8,RR,4,IPL-L,RT_Upright_anti_R,0.0554203208980184,0.053626699333306,0.109047020231324,0.00118345097474598,0.00127876297823699,4.69881347461143,0.136633661450448
8,RR,5,SPL-L,RT_Upright_anti_R,0.085908986219576,0.0795057154301555,0.165414701649732,0.00164442419501694,0.00179091457477405,4.67463476325676,0.134292205398996
8,RR,6,AG-L,RT_Upright_anti_R,0.0677442964164034,0.0568143047166605,0.124558601133064,0.00137665766625067,0.00148922555107891,4.68761935666692,0.135557646038609
8,RR,7,mIPS-L,RT_Upright_anti_R,0.0901352505227227,0.0551427309466062,0.145277981469329,0.00170617284773719,0.00184363783772681,4.67384816155721,0.135554428805493
8,RR,8,VIP-L,RT_Upright_anti_R,0.0862848635310279,0.052811015410806,0.139095878941834,0.00136622774335865,0.00147467107822451,4.68944774531598,0.135613302164204
8,RR,9,SPOC-L,RT_Upright_anti_R,0.0884063689649871,0.0631924720246465,0.151598840989634,0.00154740557293572,0.00167449557801236,4.68052852852607,0.135117723786363
8,RR,10,S1-L,RT_Upright_anti_R,0.0505214668846082,0.138107628458535,0.188629095343143,0.00162761357239764,0.0017599296044061,4.67586932223687,0.133160455819213
8,RR,11,M1-L,RT_Upright_anti_R,0.0828918341033332,0.127129539311045,0.210021373414378,0.00194180904440454,0.00208828702579844,4.66134736469211,0.130969856781254
8,RR,12,SMA-L,RT_Upright_anti_R,0.0487507396451069,0.0959698868492735,0.14472062649438,0.00164686717903004,0.0017770503195145,4.67556714655597,0.134837143311083
8,RR,13,PMd-L,RT_Upright_anti_R,0.110841786251535,0.0993869774085869,0.210228763660122,0.00210542919132839,0.0022744063024823,4.65440257626969,0.131344347248467
8,RR,14,PMv-L,RT_Upright_anti_R,0.0736671690224864,0.0560686478778028,0.129735816900289,0.00152427089913039,0.00165044410370011,4.67975656257308,0.135865363170472
8,RR,15,FEF-L,RT_Upright_anti_R,0.0841750888660706,0.0586786114353292,0.1428537003014,0.00164598003606106,0.00179168432331972,4.67362188275659,0.135887291425959
8,RR,16,POJ-L,RT_Upright_anti_R,0.0810843266172249,0.0592760274046585,0.140360354021883,0.00140055600899586,0.00150390201302427,4.68704070145501,0.134072513319419
8,RR,17,V1-R,RT_Upright_anti_R,0.0865450623015668,0.12816562182904,0.214710684130607,0.00222840849050325,0.00241670628798564,4.651148576058,0.133051659769695
8,RR,18,V3-R,RT_Upright_anti_R,0.0737277834826252,0.0483928031650163,0.122120586647641,0.00142548184902136,0.00155048584808844,4.6858330262901,0.135440762309649
8,RR,19,STS-R,RT_Upright_anti_R,0.0962003188311663,0.0614932582976568,0.157693577128823,0.00164563267461362,0.00177067297405237,4.67676902138469,0.134061812558129
8,RR,20,IPL-R,RT_Upright_anti_R,0.0573733300894599,0.083979519399952,0.141352849489412,0.00152083397804872,0.00164755643989974,4.68105495512594,0.135464639342617
8,RR,21,SPL-R,RT_Upright_anti_R,0.09051763345941,0.162506455199749,0.253024088659159,0.00220829849330174,0.0023790245778729,4.65123166310421,0.130084628325235
8,RR,22,AG-R,RT_Upright_anti_R,0.123379537730086,0.0821562864847982,0.205535824214884,0.00161641620452783,0.00172311582992543,4.6772184029386,0.129401570919161
8,RR,23,mIPS-R,RT_Upright_anti_R,0.0647543691836249,0.11555823880967,0.180312607993295,0.00177904359852154,0.00193384850769101,4.66814970419624,0.133893775486026
8,RR,24,VIP-R,RT_Upright_anti_R,0.088686754411397,0.0948961474975253,0.183582901908922,0.00184448611287989,0.00198706652804372,4.66745027520389,0.1333483763753
8,RR,25,SPOC-R,RT_Upright_anti_R,0.173106087316171,0.111152293843805,0.284258381159976,0.00245237922280069,0.00266183748319467,4.63950264782711,0.127444797638772
8,RR,26,S1-R,RT_Upright_anti_R,0.0846561406804456,0.0508667616188705,0.135522902299316,0.00151218094498391,0.00163006010021067,4.6825060257339,0.135527081378359
8,RR,27,M1-R,RT_Upright_anti_R,0.046591631571992,0.0832384487942654,0.129830080366257,0.00145010592420862,0.00156623848145336,4.68488421075511,0.135664539103649
8,RR,28,SMA-R,RT_Upright_anti_R,0.0474407018124194,0.066782347630895,0.114223049443314,0.00139371903457212,0.00149965015794374,4.68784601016389,0.136477427085012
8,RR,29,PMd-R,RT_Upright_anti_R,0.0700442316007497,0.105086885357634,0.175131116958384,0.00159651479862822,0.00171866933420109,4.6775584985533,0.133717737994738
8,RR,30,PMv-R,RT_Upright_anti_R,0.0489946325697718,0.0679372651280084,0.11693189769778,0.00145072910083836,0.00156580559077608,4.6851673050417,0.137518614939666
8,RR,31,FEF-R,RT_Upright_anti_R,0.113844272779043,0.0526470755289995,0.166491348308042,0.00154297759636478,0.00166360246157772,4.67841448148022,0.134484031547861
8,RR,32,POJ-R,RT_Upright_anti_R,0.116048071801696,0.0925857817752619,0.208633853576958,0.00189420045161777,0.00203259760461444,4.6658558245674,0.131735804453379
9,SJB,1,V1-L,RT_Upright_anti_R,0.0575745598138203,0.0781999749063593,0.13577453472018,0.00139903926351742,0.0015023057106943,4.5960905016847,0.115227635627885
9,SJB,2,V3-L,RT_Upright_anti_R,0.071738888127284,0.0613488084006586,0.133087696527943,0.00140525680760449,0.00151622503117514,4.5948565149942,0.115532850396567
9,SJB,3,STS-L,RT_Upright_anti_R,0.0683994593125683,0.0402083800843254,0.108607839396894,0.00128889718225903,0.00139010918247042,4.60208240274624,0.116591243555607
9,SJB,4,IPL-L,RT_Upright_anti_R,0.0628349963600775,0.0813609717249935,0.144195968085071,0.00148166563241959,0.00158590412976973,4.59316398933732,0.115319645511476
9,SJB,5,SPL-L,RT_Upright_anti_R,0.0956965589798325,0.129089121750465,0.224785680730297,0.0019052455687414,0.00203300082308236,4.57308589593625,0.112417769082208
9,SJB,6,AG-L,RT_Upright_anti_R,0.0814856379290848,0.109351942311183,0.190837580240268,0.00190769999486123,0.00204972898528461,4.57298865112343,0.113833653794594
9,SJB,7,mIPS-L,RT_Upright_anti_R,0.0664689070967836,0.137473319457116,0.203942226553899,0.00187350350187054,0.00200993729961991,4.57521403621387,0.113646751692908
9,SJB,8,VIP-L,RT_Upright_anti_R,0.13084803104511,0.0700707380839417,0.200918769129052,0.00178284591061612,0.00190708174639543,4.57896407977702,0.112318524182923
9,SJB,9,SPOC-L,RT_Upright_anti_R,0.0923606246777234,0.055973416202121,0.148334040879844,0.0016087694197564,0.00172700326144897,4.58641544449193,0.11523446529805
9,SJB,10,S1-L,RT_Upright_anti_R,0.145324640389738,0.0893072899451088,0.234631930334847,0.00194575933834981,0.0020823065988538,4.57028970459729,0.110291211486784
9,SJB,11,M1-L,RT_Upright_anti_R,0.0623509910209032,0.126627957244093,0.188978948264996,0.00165941177141047,0.00178102870825297,4.58368708953478,0.11352346903002
9,SJB,12,SMA-L,RT_Upright_anti_R,0.0568108682848893,0.0632502648014091,0.120061133086298,0.00136733753802188,0.00147131501485823,4.59776319860754,0.116254644291105
9,SJB,13,PMd-L,RT_Upright_anti_R,0.0626189006834285,0.0771453040115833,0.139764204695012,0.00135149305029595,0.00145266166738549,4.59844097831491,0.115309224285154
9,SJB,14,PMv-L,RT_Upright_anti_R,0.0296400812081157,0.0415409703339926,0.0711810515421083,0.00102930824813169,0.00110532773823181,4.61699071820786,0.119119800194084
9,SJB,15,FEF-L,RT_Upright_anti_R,0.0709123509774867,0.0807801282628446,0.151692479240331,0.00154001744674308,0.00165529668114907,4.58841631078241,0.113954656552329
9,SJB,16,POJ-L,RT_Upright_anti_R,0.119458623386125,0.0319743308506759,0.151432954236801,0.00139850659303564,0.00149608925755987,4.59771951790621,0.115638274564588
9,SJB,17,V1-R,RT_Upright_anti_R,0.0670950249252564,0.107691179637805,0.174786204563062,0.00158175265808071,0.00169819765174389,4.58728992597745,0.113735765629058
9,SJB,18,V3-R,RT_Upright_anti_R,0.0875891760799692,0.0688110317806545,0.156400207860624,0.00159584363208225,0.0017152900553453,4.5861673497854,0.114125995137993
9,SJB,19,STS-R,RT_Upright_anti_R,0.0733643917638654,0.0447764059999661,0.118140797763831,0.00137845544546081,0.00148533943767062,4.59721036922507,0.116572863353685
9,SJB,20,IPL-R,RT_Upright_anti_R,0.119241117059862,0.0832532640541583,0.202494381114021,0.00193927167830996,0.00208322510679786,4.5694465056531,0.112020628619152
9,SJB,21,SPL-R,RT_Upright_anti_R,0.0607912283155421,0.0465422438614567,0.107333472176999,0.00120663649791947,0.00129660570677655,4.60637514644841,0.11585445818826
9,SJB,22,AG-R,RT_Upright_anti_R,0.0900148074560363,0.0652756903682535,0.15529049782429,0.00159719038725984,0.00171469150082294,4.58673713142494,0.114774680932558
9,SJB,23,mIPS-R,RT_Upright_anti_R,0.0429808723950103,0.077658621209314,0.120639493604324,0.00126605832423945,0.00135427531334099,4.6037205247854,0.116058771408702
9,SJB,24,VIP-R,RT_Upright_anti_R,0.0477211781670338,0.0769506749251696,0.124671853092203,0.00133799045799465,0.00143654418801627,4.59959122429902,0.115683020076577
9,SJB,25,SPOC-R,RT_Upright_anti_R,0.0434082682270663,0.0646279000266588,0.108036168253725,0.00123130877456156,0.00132222487215935,4.60429914141579,0.117092375216953
9,SJB,26,S1-R,RT_Upright_anti_R,0.0525589196623314,0.0865017707488986,0.13906069041123,0.00142524485108169,0.00153052449390654,4.59331383490717,0.115150333651422
9,SJB,27,M1-R,RT_Upright_anti_R,0.0582021784699638,0.0672009245943524,0.125403103064316,0.00138637090710243,0.0014982600890363,4.59541297214505,0.115816490359693
9,SJB,28,SMA-R,RT_Upright_anti_R,0.0760016768599472,0.0467489094450055,0.122750586304953,0.00139855441922251,0.0015058810085759,4.59613622757072,0.11615948324188
9,SJB,29,PMd-R,RT_Upright_anti_R,0.0574620307969085,0.0456842581514005,0.103146288948309,0.00120161325368752,0.00128933304588702,4.60646257354575,0.115546765367822
9,SJB,30,PMv-R,RT_Upright_anti_R,0.0565854599127023,0.0619571967604077,0.11854265667311,0.0012483907799694,0.00134052423027291,4.60278256362888,0.115932500078204
9,SJB,31,FEF-R,RT_Upright_anti_R,0.0699272306097825,0.0710220667637694,0.140949297373552,0.00152930965955375,0.00164150018008639,4.58941397698507,0.115521473806387
9,SJB,32,POJ-R,RT_Upright_anti_R,0.0825580219684759,0.0716206452645831,0.154178667233059,0.00153160043647901,0.00163374659116531,4.59118513188366,0.114690207667278
10,BG,1,V1-L,RT_Upright_anti_R,0.0821314986924897,0.0589292442044182,0.141060742896908,0.00146895220937919,0.00158334619559417,4.66235079023249,0.129800732843718
10,BG,2,V3-L,RT_Upright_anti_R,0.0672538403717485,0.0683471518523128,0.135600992224061,0.00145768729755751,0.00157338087841162,4.66190294868925,0.129862085076346
10,BG,3,STS-L,RT_Upright_anti_R,0.0599869353687145,0.0867648714933975,0.146751806862112,0.00152891152884575,0.00165348360617218,4.65854601968602,0.129407639125409
10,BG,4,IPL-L,RT_Upright_anti_R,0.0457076215061817,0.113289291433249,0.158996912939431,0.00148943650658801,0.0016065006408475,4.66141883267784,0.130373861387467
10,BG,5,SPL-L,RT_Upright_anti_R,0.0905597958010872,0.0694656539513051,0.160025449752392,0.00174176779573459,0.00187577651214714,4.65019106339567,0.12858934437065
10,BG,6,AG-L,RT_Upright_anti_R,0.0744731285447658,0.0602526252695395,0.134725753814305,0.00143890151301507,0.00154710443463384,4.66386883955313,0.13062127922761
10,BG,7,mIPS-L,RT_Upright_anti_R,0.0619436411703079,0.0643357980226089,0.126279439192917,0.00144282632471743,0.00155600078342658,4.66389981123124,0.130685304749067
10,BG,8,VIP-L,RT_Upright_anti_R,0.109560558972415,0.0756239278289568,0.185184486801371,0.00182104370230976,0.00195896594897945,4.64604024743882,0.128297715594058
10,BG,9,SPOC-L,RT_Upright_anti_R,0.0635546074144057,0.0780781490262225,0.141632756440628,0.00144884675189038,0.00155428345096862,4.66363309906648,0.129433375506575
10,BG,10,S1-L,RT_Upright_anti_R,0.163871936725926,0.0562893001821668,0.220161236908093,0.00168355338989544,0.00181334283600936,4.6499672502858,0.126155361541887
10,BG,11,M1-L,RT_Upright_anti_R,0.14573916521743,0.0554315950372604,0.20117076025469,0.00172565539739885,0.00186050992145833,4.6496205605283,0.127688717720705
10,BG,12,SMA-L,RT_Upright_anti_R,0.0635425883900112,0.119090247897315,0.182632836287326,0.00167354470713402,0.00179894361347372,4.6535664244607,0.127526164217275
10,BG,13,PMd-L,RT_Upright_anti_R,0.0693468402805034,0.112645439767346,0.181992280047849,0.00146031866143021,0.00156557495900231,4.66174529940617,0.127527550353505
10,BG,14,PMv-L,RT_Upright_anti_R,0.103646686105541,0.0489345678915529,0.152581253997094,0.00158653157604137,0.00170812969574793,4.65733883909764,0.129746802606578
10,BG,15,FEF-L,RT_Upright_anti_R,0.0837302315067846,0.108728056930988,0.192458288437773,0.00191442744441641,0.0020632041696465,4.64217393499209,0.127591611018303
10,BG,16,POJ-L,RT_Upright_anti_R,0.0839106877259206,0.0614811302203058,0.145391817946226,0.00165252773104762,0.00178542761082048,4.65304400710507,0.131140894448644
10,BG,17,V1-R,RT_Upright_anti_R,0.0687237404559442,0.0592357559183857,0.12795949637433,0.00136185826473822,0.00146414519695524,4.66900306722185,0.129316549600923
10,BG,18,V3-R,RT_Upright_anti_R,0.0556584129142544,0.0604380714485644,0.116096484362819,0.0014128976987177,0.00152401009307698,4.66558447866635,0.131266116750004
10,BG,19,STS-R,RT_Upright_anti_R,0.0675171149596341,0.0516218626997502,0.119138977659384,0.00132648043570785,0.00143162567106649,4.66863817715511,0.131108942671371
10,BG,20,IPL-R,RT_Upright_anti_R,0.059847081131605,0.0884542033509839,0.148301284482589,0.00151070705710343,0.00162417895416879,4.66160632001214,0.128992438771073
10,BG,21,SPL-R,RT_Upright_anti_R,0.119650852151062,0.0779467376478162,0.197597589798878,0.00181820229040787,0.00196222318112058,4.64665915409644,0.126269048961594
10,BG,22,AG-R,RT_Upright_anti_R,0.0817398310305168,0.104341068342868,0.186080899373385,0.00163999608665072,0.001767629541893,4.65239737265879,0.126532397404205
10,BG,23,mIPS-R,RT_Upright_anti_R,0.0802046767546279,0.113845411715781,0.194050088470409,0.00172709834253009,0.00185695623903789,4.64989992965018,0.127058671562539
10,BG,24,VIP-R,RT_Upright_anti_R,0.0395610300879529,0.125074180207627,0.164635210295579,0.00162024033958083,0.00174105265159963,4.65454341194964,0.129199657445661
10,BG,25,SPOC-R,RT_Upright_anti_R,0.0752697870698168,0.0729801227287116,0.148249909798528,0.00166463678102016,0.00179454442393066,4.65301980112856,0.130172057987068
10,BG,26,S1-R,RT_Upright_anti_R,0.0896784264886317,0.107136489797965,0.196814916286597,0.00180946693394683,0.00195038012009826,4.64754719556915,0.125885609129493
10,BG,27,M1-R,RT_Upright_anti_R,0.107037384769694,0.141385970935736,0.248423355705431,0.00210051225502971,0.00226414387289699,4.63226089606205,0.123421089259974
10,BG,28,SMA-R,RT_Upright_anti_R,0.0904868530511996,0.110991619396704,0.201478472447904,0.00191907866207002,0.00207380466811585,4.64267875679833,0.127208478118832
10,BG,29,PMd-R,RT_Upright_anti_R,0.0661997020789163,0.0844006003151021,0.150600302394018,0.00152419931405221,0.00164023884420678,4.66040338049119,0.129124232335306
10,BG,30,PMv-R,RT_Upright_anti_R,0.0511286209769606,0.0662667763538903,0.117395397330851,0.00130157424487607,0.00140290893136894,4.67071445698223,0.131105420802201
10,BG,31,FEF-R,RT_Upright_anti_R,0.102953406539691,0.0504835147012577,0.153436921240949,0.00154477198850305,0.00166318140719541,4.65946848907202,0.129747784618034
10,BG,32,POJ-R,RT_Upright_anti_R,0.086269204530138,0.0585964522147893,0.144865656744927,0.00152359589646278,0.00164701724774345,4.65882102483263,0.13016444045714
1,DOC,1,V1-L,LT_Pronation_pro_L,0.065544041151378,0.0858903961903544,0.151434437341732,0.00151834683852433,0.00163853301942792,4.55658785242413,0.117647275450534
1,DOC,2,V3-L,LT_Pronation_pro_L,0.101525921611507,0.0617480915155818,0.163274013127089,0.0017113993558881,0.00185475818315931,4.54789404819866,0.118384751442806
1,DOC,3,STS-L,LT_Pronation_pro_L,0.0767122762315947,0.0623533996665799,0.139065675898175,0.00143970424433524,0.00155570999107732,4.56019304735687,0.118401058123271
1,DOC,4,IPL-L,LT_Pronation_pro_L,0.0617359863784863,0.0639305313571674,0.125666517735654,0.0012551292110892,0.00135055822685923,4.57014921855594,0.118503681368386
1,DOC,5,SPL-L,LT_Pronation_pro_L,0.0658722469182763,0.0632777045173459,0.129149951435622,0.00144226549450396,0.0015591873989284,4.56052322841121,0.118625378433987
1,DOC,6,AG-L,LT_Pronation_pro_L,0.0577572099918873,0.035838163468806,0.0935953734606933,0.00111228341507496,0.00119886697357997,4.57932108626438,0.11995049845897
1,DOC,7,mIPS-L,LT_Pronation_pro_L,0.0598906512851371,0.0455206464174891,0.105411297702626,0.00129184061597643,0.00139522817196917,4.56935379388933,0.119274603866522
1,DOC,8,VIP-L,LT_Pronation_pro_L,0.0822565267377662,0.0632798134034742,0.14553634014124,0.00127576953794701,0.00137075768762577,4.57053299414926,0.117124416399218
1,DOC,9,SPOC-L,LT_Pronation_pro_L,0.140227638508702,0.0635289054817845,0.203756543990486,0.00163979012473072,0.00176884308605214,4.54995358987037,0.114633989120744
1,DOC,10,S1-L,LT_Pronation_pro_L,0.0865732885262438,0.0918669185562992,0.178440207082543,0.00162916970201547,0.00175964682488525,4.55082947331712,0.116163642639161
1,DOC,11,M1-L,LT_Pronation_pro_L,0.0664761736564931,0.105990123383499,0.172466297039992,0.00168821745363757,0.00183380926852853,4.54799407146442,0.116597550451096
1,DOC,12,SMA-L,LT_Pronation_pro_L,0.0459875601357729,0.0379490534584941,0.083936613594267,0.0010790834501547,0.00116544731196542,4.5805035088759,0.120510246067547
1,DOC,13,PMd-L,LT_Pronation_pro_L,0.0810757662109474,0.0626841295141723,0.14375989572512,0.0014350350806998,0.00155115016777609,4.5620268199193,0.117437412105681
1,DOC,14,PMv-L,LT_Pronation_pro_L,0.0666232070403089,0.0657790134854419,0.132402220525751,0.00140936312314497,0.00152103519826102,4.5622336829885,0.118518053729989
1,DOC,15,FEF-L,LT_Pronation_pro_L,0.0493201475297968,0.0571038457125572,0.106423993242354,0.00127117472631405,0.00137514320033826,4.57043010492299,0.118656286113397
1,DOC,16,POJ-L,LT_Pronation_pro_L,0.0700665480197136,0.0768045010871632,0.146871049106877,0.00150133626983673,0.00162214327772177,4.55564862864054,0.116907431465864
1,DOC,17,V1-R,LT_Pronation_pro_L,0.0770339522131544,0.0797551739932026,0.156789126206357,0.00155762759886866,0.00167948985955386,4.55489693080346,0.115637569282575
1,DOC,18,V3-R,LT_Pronation_pro_L,0.0818361464525168,0.0618649123121504,0.143701058764667,0.00133370824060113,0.00142958147757196,4.56770598829392,0.117367562343329
1,DOC,19,STS-R,LT_Pronation_pro_L,0.0714746672325218,0.110348438170916,0.181823105403438,0.00164212468351849,0.00177813593278518,4.55053987310714,0.114923052100649
1,DOC,20,IPL-R,LT_Pronation_pro_L,0.117517878324078,0.103260911785456,0.220778790109534,0.00171917447104816,0.00184573228991722,4.54498928442612,0.109894940717905
1,DOC,21,SPL-R,LT_Pronation_pro_L,0.054883167231114,0.0771252160225124,0.132008383253626,0.00150069256921635,0.00162454000690748,4.55939795770981,0.118915164113831
1,DOC,22,AG-R,LT_Pronation_pro_L,0.0521307314627744,0.0938156321943533,0.145946363657128,0.00148406836842206,0.00160064566810491,4.56075110238315,0.118292197769148
1,DOC,23,mIPS-R,LT_Pronation_pro_L,0.0499405864634443,0.0977475349340883,0.147688121397533,0.0016112806622976,0.00174426371509718,4.55319786704558,0.118342914828588
1,DOC,24,VIP-R,LT_Pronation_pro_L,0.0865902844480887,0.0754198105305204,0.162010094978609,0.00158809855662414,0.00172183398028419,4.55509661427949,0.1174514840164
1,DOC,25,SPOC-R,LT_Pronation_pro_L,0.0514080902084065,0.0761070773209089,0.127515167529315,0.00123437475542254,0.00133471481747249,4.57132254246345,0.118003293671094
1,DOC,26,S1-R,LT_Pronation_pro_L,0.0853594161964965,0.0862960883567903,0.171655504553287,0.00165384412069697,0.00178709751843019,4.55073066953223,0.116200902358317
1,DOC,27,M1-R,LT_Pronation_pro_L,0.121536634781011,0.0719293123766167,0.193465947157627,0.00149068331034587,0.00160402913011857,4.55707679106886,0.113639804769763
1,DOC,28,SMA-R,LT_Pronation_pro_L,0.0446655743165906,0.0484154654312959,0.0930810397478865,0.00117428418636512,0.00127476471561999,4.57534544882201,0.120354373881006
1,DOC,29,PMd-R,LT_Pronation_pro_L,0.0732174462532598,0.0971483943267298,0.17036584057999,0.0015182644314049,0.00162977019713654,4.5560142052219,0.115086759706066
1,DOC,30,PMv-R,LT_Pronation_pro_L,0.0276786000880986,0.0546157095248821,0.0822943096129807,0.000992407800815463,0.00107524668734377,4.58572342674542,0.120837200665585
1,DOC,31,FEF-R,LT_Pronation_pro_L,0.0506342694009739,0.0377661016728529,0.0884003710738268,0.00105709608397524,0.00113901300194464,4.58244638063211,0.120088482494144
1,DOC,32,POJ-R,LT_Pronation_pro_L,0.0597245516864515,0.0681161705235056,0.127840722209957,0.00126730239162113,0.00137175244921395,4.56955421443397,0.118494624142642
2,GB,1,V1-L,LT_Pronation_pro_L,0.0613646934338574,0.0752177240009334,0.136582417434791,0.00129645389149873,0.00140583076480759,4.59608946145985,0.130002978218239
2,GB,2,V3-L,LT_Pronation_pro_L,0.0903512426403882,0.0463796508417614,0.13673089348215,0.00143105511272072,0.00154669347173149,4.59182453651931,0.130385116789695
2,GB,3,STS-L,LT_Pronation_pro_L,0.0493743492937794,0.0521515436771759,0.101525892970955,0.00118158483106742,0.0012811185609501,4.60441986337656,0.131874367725054
2,GB,4,IPL-L,LT_Pronation_pro_L,0.0614286781541171,0.0653454448488202,0.126774123002937,0.00149768195400679,0.00162973003980054,4.5872271525318,0.131392571888477
2,GB,5,SPL-L,LT_Pronation_pro_L,0.0872585779572556,0.0655719219852122,0.152830499942468,0.00167194918887981,0.00181984522474079,4.57951366689491,0.129901688388781
2,GB,6,AG-L,LT_Pronation_pro_L,0.0664565137662782,0.0713472346776767,0.137803748443955,0.00149214484945279,0.00161422785560991,4.58905323251126,0.130359694550261
2,GB,7,mIPS-L,LT_Pronation_pro_L,0.0543456150626112,0.0733615742286434,0.127707189291255,0.00141192324001981,0.00152963437324879,4.59238446056866,0.130823294216564
2,GB,8,VIP-L,LT_Pronation_pro_L,0.0690979555361207,0.116257470202088,0.185355425738209,0.00172406184363747,0.00186231214015535,4.57676919830215,0.126817850574979
2,GB,9,SPOC-L,LT_Pronation_pro_L,0.0981178606449757,0.0787556736380445,0.17687353428302,0.00166424769861296,0.00179198435612958,4.58008982673149,0.12766409236821
2,GB,10,S1-L,LT_Pronation_pro_L,0.0761802625480784,0.0468467070274358,0.123026969575514,0.00117224831523921,0.0012657129860893,4.60317145562512,0.130069078564214
2,GB,11,M1-L,LT_Pronation_pro_L,0.0417529453269876,0.0767495503163206,0.118502495643308,0.00130911366792623,0.00142130190760962,4.5975879221888,0.131512120766
2,GB,12,SMA-L,LT_Pronation_pro_L,0.0540366670573253,0.0645365104422911,0.118573177499616,0.00135552909538753,0.00146462674494769,4.59608337180631,0.131420276604242
2,GB,13,PMd-L,LT_Pronation_pro_L,0.0401413498901378,0.0648646244378004,0.105005974327938,0.00109487444476561,0.00118811972275278,4.60988094975485,0.131489738771233
2,GB,14,PMv-L,LT_Pronation_pro_L,0.0733009260660138,0.0483349529669056,0.121635879032919,0.00109706413872128,0.0011814431248723,4.60858294306582,0.129271958305784
2,GB,15,FEF-L,LT_Pronation_pro_L,0.0858929802909902,0.0566895156440153,0.142582495935005,0.00134178648972925,0.00145861810396966,4.59304107431094,0.128328076232348
2,GB,16,POJ-L,LT_Pronation_pro_L,0.063837628916008,0.0920498229689056,0.155887451884914,0.00150741712459688,0.00162072248048388,4.5880637330518,0.129345060972044
2,GB,17,V1-R,LT_Pronation_pro_L,0.0754237862220552,0.0453182915003484,0.120742077722404,0.0011597103708262,0.0012520127083526,4.60460787454166,0.130646936390951
2,GB,18,V3-R,LT_Pronation_pro_L,0.0597779751129648,0.0677865374965558,0.127564512609521,0.0013196023568202,0.00144184067376903,4.59560824551606,0.130063382610068
2,GB,19,STS-R,LT_Pronation_pro_L,0.066055171169056,0.0712396374550655,0.137294808624122,0.00154114724486168,0.00166767340589264,4.58723750705934,0.130919526842411
2,GB,20,IPL-R,LT_Pronation_pro_L,0.159123175555761,0.141452894811483,0.300576070367244,0.00220838673054531,0.00238175060513695,4.55336650183221,0.119211696625742
2,GB,21,SPL-R,LT_Pronation_pro_L,0.0579492543162435,0.118755793195772,0.176705047512015,0.00163667736889871,0.00177801695823391,4.58265021143936,0.129463396470195
2,GB,22,AG-R,LT_Pronation_pro_L,0.0854025820191919,0.0816362876185263,0.167038869637718,0.00173852304386652,0.00187514914318406,4.57787723134845,0.129026920931355
2,GB,23,mIPS-R,LT_Pronation_pro_L,0.108840207118568,0.0657484424178485,0.174588649536417,0.00172855202385238,0.00186913059525312,4.57705268646475,0.129121160103727
2,GB,24,VIP-R,LT_Pronation_pro_L,0.0892744612913998,0.161457246689963,0.250731707981363,0.00208201876749802,0.00225864881070373,4.56342353621747,0.126444189801068
2,GB,25,SPOC-R,LT_Pronation_pro_L,0.0745098737930283,0.105687575614723,0.180197449407751,0.00163072305079785,0.00176117341844186,4.5819044851199,0.127373142995411
2,GB,26,S1-R,LT_Pronation_pro_L,0.105378483753248,0.0654810734106385,0.170859557163886,0.00148351914909634,0.00160461623596307,4.589496548715,0.128056639219846
2,GB,27,M1-R,LT_Pronation_pro_L,0.134717249072927,0.105640120226127,0.240357369299054,0.00166416263558639,0.00178347585898588,4.5803296406404,0.122773756153886
2,GB,28,SMA-R,LT_Pronation_pro_L,0.0662668151938292,0.0824034661387627,0.148670281332592,0.0014891334829466,0.00161758515756844,4.58715470494464,0.129131901137311
2,GB,29,PMd-R,LT_Pronation_pro_L,0.0677114137225062,0.0619188634091257,0.129630277131632,0.00138786614193777,0.00150229617385499,4.59420271030726,0.129320751260348
2,GB,30,PMv-R,LT_Pronation_pro_L,0.0471711167267445,0.0668678036020363,0.114038920328781,0.00128154289296885,0.00138562279185879,4.60143341290639,0.131455302067014
2,GB,31,FEF-R,LT_Pronation_pro_L,0.0717749333283128,0.0657591061081286,0.137534039436441,0.00148557603713357,0.00160756958026687,4.58936579866191,0.128402363111796
2,GB,32,POJ-R,LT_Pronation_pro_L,0.107283649784711,0.0479853331663374,0.155268982951049,0.00136032049671051,0.00146396367731259,4.59520946171624,0.128190992762533
3,JDC,1,V1-L,LT_Pronation_pro_L,0.0565327248923926,0.0574690865958118,0.114001811488204,0.00126185816127097,0.00135731070739421,4.51980495641073,0.101989005116652
3,JDC,2,V3-L,LT_Pronation_pro_L,0.0672262771220486,0.0661573622337157,0.133383639355764,0.00133190813146696,0.00142980020665566,4.51509806701703,0.100304352194601
3,JDC,3,STS-L,LT_Pronation_pro_L,0.036241357207275,0.108844182490543,0.145085539697818,0.00145883752132715,0.00157115541870448,4.50847911266992,0.100699311889628
3,JDC,4,IPL-L,LT_Pronation_pro_L,0.067012986598579,0.0631347715787677,0.130147758177347,0.00120590585665093,0.00128965789912253,4.52434496917946,0.100132216277609
3,JDC,5,SPL-L,LT_Pronation_pro_L,0.0347115183435334,0.0820363968744887,0.116747915218022,0.00133771400282841,0.00143744378937902,4.51529708649388,0.102977881666861
3,JDC,6,AG-L,LT_Pronation_pro_L,0.069524321174039,0.0536423804000717,0.123166701574111,0.00131594350306703,0.00141440582002464,4.51616139676331,0.101559223271415
3,JDC,7,mIPS-L,LT_Pronation_pro_L,0.046831240790382,0.0612441480233673,0.108075388813749,0.00120287596535309,0.00129016714773023,4.52358439149611,0.102472054031213
3,JDC,8,VIP-L,LT_Pronation_pro_L,0.0767905650457722,0.0690658294466853,0.145856394492458,0.00154360428850113,0.0016642754079609,4.5047245885125,0.100970984829142
3,JDC,9,SPOC-L,LT_Pronation_pro_L,0.0574392288888711,0.0964526394485933,0.153891868337464,0.00130544173172435,0.00140263001493507,4.51610743774765,0.0994586299114199
3,JDC,10,S1-L,LT_Pronation_pro_L,0.0744670599824543,0.0691428057901482,0.143609865772602,0.00132615957835014,0.00142096938672686,4.51617731163135,0.100598330809613
3,JDC,11,M1-L,LT_Pronation_pro_L,0.084661532550502,0.0700513285313255,0.154712861081828,0.00150577517073783,0.00161893861223913,4.5062110324637,0.100631944005503
3,JDC,12,SMA-L,LT_Pronation_pro_L,0.0328921583782452,0.0602891650221596,0.0931813234004048,0.00104108640422896,0.00111407339948106,4.53254685581826,0.102621584437424
3,JDC,13,PMd-L,LT_Pronation_pro_L,0.0879490238184629,0.0531479543385162,0.141096978156979,0.0014960488739955,0.0016098996066874,4.50641969293681,0.101234016414602
3,JDC,14,PMv-L,LT_Pronation_pro_L,0.0472194140421584,0.0371449787264108,0.0843643927685692,0.00106380923443141,0.00113660463127685,4.53178975409666,0.103371537868905
3,JDC,15,FEF-L,LT_Pronation_pro_L,0.0856967000062428,0.0461865467415681,0.131883246747811,0.00133976015256731,0.00143704339484025,4.51466409385688,0.100860120965319
3,JDC,16,POJ-L,LT_Pronation_pro_L,0.0986914327171252,0.0794668112874463,0.178158244004571,0.0014537967391132,0.0015590207315066,4.50766679303254,0.0980277164083493
3,JDC,17,V1-R,LT_Pronation_pro_L,0.058268305437557,0.0756546731422046,0.133922978579762,0.00129883415465002,0.00139036235185394,4.51825024903143,0.100286844716611
3,JDC,18,V3-R,LT_Pronation_pro_L,0.0955026181795216,0.0757328609205362,0.171235479100058,0.00157055974193067,0.00168827837416904,4.50208046678212,0.0982706559735404
3,JDC,19,STS-R,LT_Pronation_pro_L,0.0446260396013523,0.0463486376344346,0.0909746772357869,0.00116954452607154,0.00126072685409409,4.52427418776557,0.103102031682906
3,JDC,20,IPL-R,LT_Pronation_pro_L,0.0598534536472847,0.0696728369521341,0.129526290599419,0.00141634120313387,0.00151605125609854,4.51166970510758,0.102000046128479
3,JDC,21,SPL-R,LT_Pronation_pro_L,0.0601506007801837,0.0526526949948161,0.112803295775,0.00123215098268864,0.00131993105027567,4.52127350044075,0.102486440859776
3,JDC,22,AG-R,LT_Pronation_pro_L,0.0906846553923952,0.0667888014256735,0.157473456818069,0.00153382071898768,0.0016484025400657,4.50404281864145,0.099339445299309
3,JDC,23,mIPS-R,LT_Pronation_pro_L,0.066692488423546,0.0754504374562606,0.142142925879807,0.00139740315178983,0.00149825793887913,4.51064198504845,0.100424112440703
3,JDC,24,VIP-R,LT_Pronation_pro_L,0.0551907349718323,0.0770414041047451,0.132232139076577,0.00132221664570128,0.00141717769770084,4.51606860943911,0.101443072707912
3,JDC,25,SPOC-R,LT_Pronation_pro_L,0.0721171353765923,0.0368802237912585,0.108997359167851,0.00117333092741447,0.00126110191539493,4.5242438867746,0.101768477412466
3,JDC,26,S1-R,LT_Pronation_pro_L,0.0636513008816881,0.0629113515467483,0.126562652428436,0.00135376593522825,0.00144562517354188,4.51408425037952,0.101406348694209
3,JDC,27,M1-R,LT_Pronation_pro_L,0.0458890250399136,0.0622059431324663,0.10809496817238,0.00127948481114117,0.00137689242612421,4.51790121696885,0.10303488148826
3,JDC,28,SMA-R,LT_Pronation_pro_L,0.0331982399944635,0.0661272809510982,0.0993255209455617,0.00110545998309215,0.00118381009152987,4.52765655906545,0.102335936180021
3,JDC,29,PMd-R,LT_Pronation_pro_L,0.0479923737094018,0.0764587466398143,0.124451120349216,0.00136218663204186,0.00145734753062697,4.51421311232907,0.101801476715368
3,JDC,30,PMv-R,LT_Pronation_pro_L,0.0602811185370988,0.050146962822434,0.110428081359533,0.00124463328544831,0.00133397426229078,4.52041942005078,0.102704993889739
3,JDC,31,FEF-R,LT_Pronation_pro_L,0.107275909167068,0.0544546914389918,0.16173060060606,0.00161340937203499,0.00173507811401249,4.50094066634169,0.101014129827392
3,JDC,32,POJ-R,LT_Pronation_pro_L,0.0854436618041653,0.0487012680189126,0.134144929823078,0.00133856741436496,0.00143995312950944,4.51524997004359,0.10004497245404
4,JFXD,1,V1-L,LT_Pronation_pro_L,0.121145455417443,0.0733884632565284,0.194533918673972,0.00192032801584018,0.00204202100290618,4.65828478087589,0.117154610851155
4,JFXD,2,V3-L,LT_Pronation_pro_L,0.0613057258424479,0.0426754586838999,0.103981184526348,0.00135681352989606,0.00144363816134331,4.68505989661805,0.121043205249795
4,JFXD,3,STS-L,LT_Pronation_pro_L,0.0388159252686416,0.0723069900158943,0.111122915284536,0.00134307601421261,0.00143049991055899,4.68597574937986,0.120382530097428
4,JFXD,4,IPL-L,LT_Pronation_pro_L,0.0745995453957199,0.0645044623739064,0.139104007769626,0.00152786031884195,0.00161716685516028,4.67932705705961,0.11928570004599
4,JFXD,5,SPL-L,LT_Pronation_pro_L,0.0597935959582132,0.0804278054525999,0.140221401410813,0.00163803362850691,0.00174013072289446,4.67325417328342,0.119104836036255
4,JFXD,6,AG-L,LT_Pronation_pro_L,0.0694500827607455,0.0875748180357308,0.157024900796476,0.00164967318093247,0.00175446148934333,4.67146580571738,0.118127711909587
4,JFXD,7,mIPS-L,LT_Pronation_pro_L,0.0709511413196366,0.0753333859151567,0.146284527234793,0.00167775222385316,0.00178894942900331,4.67135002628848,0.118863775061203
4,JFXD,8,VIP-L,LT_Pronation_pro_L,0.0483907940183172,0.0709461419634737,0.119336935981791,0.00139508740663132,0.00147471918930211,4.68616670097505,0.12028163638022
4,JFXD,9,SPOC-L,LT_Pronation_pro_L,0.0826435698145561,0.0612021657007736,0.14384573551533,0.00165526299471486,0.00176290689566045,4.67219136272059,0.119398946066582
4,JFXD,10,S1-L,LT_Pronation_pro_L,0.0802379513040155,0.0727703352966765,0.153008286600692,0.00172328318327516,0.00183056642709714,4.66863307875384,0.118692879954193
4,JFXD,11,M1-L,LT_Pronation_pro_L,0.0451110127725221,0.0616955058354795,0.106806518608002,0.00137869571133694,0.00146411998278766,4.68584536007419,0.121036083182567
4,JFXD,12,SMA-L,LT_Pronation_pro_L,0.054662988983082,0.164361628134119,0.219024617117201,0.00206084381875558,0.00220659977337352,4.65269572450596,0.115947771366166
4,JFXD,13,PMd-L,LT_Pronation_pro_L,0.0469146070544681,0.0767670736436378,0.123681680698106,0.0015054688370913,0.00160196524360271,4.67893037825958,0.11898750217058
4,JFXD,14,PMv-L,LT_Pronation_pro_L,0.251090045668091,0.0784994652750812,0.329589510943173,0.00230149811457861,0.00242314619598834,4.64253322249321,0.11006234611524
4,JFXD,15,FEF-L,LT_Pronation_pro_L,0.142063981058452,0.138331250443791,0.280395231502243,0.00212584822183467,0.00226613550984255,4.65009239704549,0.114085382378548
4,JFXD,16,POJ-L,LT_Pronation_pro_L,0.067028671025458,0.0510238413123235,0.118052512337781,0.00142722152111377,0.00151736612999491,4.68186309630721,0.119352057098275
4,JFXD,17,V1-R,LT_Pronation_pro_L,0.127106254064287,0.0582065165381953,0.185312770602483,0.00189452960971004,0.00200775541307247,4.65911580322826,0.117418804182201
4,JFXD,18,V3-R,LT_Pronation_pro_L,0.0449595205318721,0.0498382880728949,0.094797808604767,0.00116971395406503,0.00123933934420564,4.696677847855,0.120494847868973
4,JFXD,19,STS-R,LT_Pronation_pro_L,0.150629455477046,0.0914915331578468,0.242120988634893,0.00200223089619416,0.00211350614554175,4.65286954305548,0.109805547467084
4,JFXD,20,IPL-R,LT_Pronation_pro_L,0.119985423224221,0.0640757720730007,0.184061195297222,0.00187855105039278,0.00199511397402995,4.66166001561003,0.117329685657915
4,JFXD,21,SPL-R,LT_Pronation_pro_L,0.0768518913183322,0.0793238217228841,0.156175713041216,0.0016597749325796,0.00175720966321541,4.67159373640441,0.116414477711858
4,JFXD,22,AG-R,LT_Pronation_pro_L,0.035018531702936,0.0517104014135533,0.0867289331164893,0.00115060588228435,0.00122533205391244,4.69491679014195,0.120503471526426
4,JFXD,23,mIPS-R,LT_Pronation_pro_L,0.0578167482339837,0.046582371021412,0.104399119255396,0.00140427242405236,0.00149509439607191,4.68283396651253,0.120248525183796
4,JFXD,24,VIP-R,LT_Pronation_pro_L,0.077099175830884,0.0952446128545661,0.17234378868545,0.00188629391163056,0.00200274028821692,4.66166071957013,0.117378015437249
4,JFXD,25,SPOC-R,LT_Pronation_pro_L,0.0615052114722743,0.0616528161213239,0.123158027593598,0.00137640492038263,0.0014631426305643,4.68556109382215,0.119656935466405
4,JFXD,26,S1-R,LT_Pronation_pro_L,0.0781338844577903,0.0757304172676441,0.153864301725434,0.00179371744183164,0.00190983004474173,4.66614539547032,0.118360752459058
4,JFXD,27,M1-R,LT_Pronation_pro_L,0.0894222722481235,0.0749548949806766,0.1643771672288,0.00187681301581285,0.00199474977791039,4.66260977973882,0.118150092643229
4,JFXD,28,SMA-R,LT_Pronation_pro_L,0.052656773839229,0.174120621354769,0.226777395193998,0.00213976420328195,0.00229338589015711,4.64977676888343,0.116741979675581
4,JFXD,29,PMd-R,LT_Pronation_pro_L,0.0466064298738064,0.100100211420529,0.146706641294335,0.00169986491285148,0.0018109798205693,4.66985643435319,0.119156138811906
4,JFXD,30,PMv-R,LT_Pronation_pro_L,0.0800222033029764,0.103238773963391,0.183260977266367,0.00170272496823158,0.00181381679673982,4.66817878124629,0.114681516964014
4,JFXD,31,FEF-R,LT_Pronation_pro_L,0.0657000423834103,0.0753700647013923,0.141070107084803,0.00152348646042267,0.00161673491097619,4.67784370210433,0.118096552247958
4,JFXD,32,POJ-R,LT_Pronation_pro_L,0.0632069523925253,0.0674759560123577,0.130682908404883,0.00141540701868079,0.00150528898037988,4.68259760067868,0.118731632752842
5,JZ,1,V1-L,LT_Pronation_pro_L,0.0680955013090461,0.0604974295615399,0.128592930870586,0.00143316600621367,0.00154195249582596,4.64111637212137,0.126860087881773
5,JZ,2,V3-L,LT_Pronation_pro_L,0.0861294354664455,0.0682127423037214,0.154342177770167,0.00139751344134135,0.00149859593132127,4.64265753628441,0.124938833153752
5,JZ,3,STS-L,LT_Pronation_pro_L,0.046138489738634,0.0752353013455945,0.121373791084229,0.00121303481327922,0.00130006917267347,4.65333405863968,0.126508893861758
5,JZ,4,IPL-L,LT_Pronation_pro_L,0.0375399297541888,0.0884883202956883,0.126028250049877,0.00138029129133928,0.00147656241110363,4.64445487919535,0.128003996067177
5,JZ,5,SPL-L,LT_Pronation_pro_L,0.0519474265975788,0.0816996376932397,0.133647064290818,0.00157930886301283,0.00169481257584759,4.63470004094806,0.12834600933324
5,JZ,6,AG-L,LT_Pronation_pro_L,0.0954070124122891,0.0411568914139503,0.136563903826239,0.00138696575399961,0.00148730152545981,4.6435156224169,0.126884669740707
5,JZ,7,mIPS-L,LT_Pronation_pro_L,0.0485815521873973,0.0794570832600623,0.12803863544746,0.00145282399314812,0.00156099615861036,4.64042836748854,0.128438636605906
5,JZ,8,VIP-L,LT_Pronation_pro_L,0.0474500645825872,0.0701097888061745,0.117559853388762,0.00141244875463203,0.00151608099089412,4.64264199005974,0.128232754841523
5,JZ,9,SPOC-L,LT_Pronation_pro_L,0.0654871036660457,0.0924004682009106,0.157887571866956,0.00171248425602956,0.00184285631906294,4.62859485369496,0.126941458039155
5,JZ,10,S1-L,LT_Pronation_pro_L,0.0738005648958411,0.0956361000531035,0.169436664948945,0.00164338153624785,0.00175223005004927,4.63073140315164,0.124570989431785
5,JZ,11,M1-L,LT_Pronation_pro_L,0.118203315057876,0.0514945254304355,0.169697840488311,0.00160041297693729,0.00171334728627262,4.63180789079876,0.124380969878855
5,JZ,12,SMA-L,LT_Pronation_pro_L,0.0553963349100373,0.0731766556519986,0.128572990562036,0.00147049123062251,0.00157396885362421,4.63925602807915,0.127850794671632
5,JZ,13,PMd-L,LT_Pronation_pro_L,0.0828809454230309,0.0593330685603715,0.142214013983402,0.00142350493980669,0.00152389508163959,4.64104805330878,0.127234369912849
5,JZ,14,PMv-L,LT_Pronation_pro_L,0.0623785392241413,0.0605912637230224,0.122969802947164,0.00142472940583591,0.00152752119283911,4.64166063754652,0.128266496150212
5,JZ,15,FEF-L,LT_Pronation_pro_L,0.0646761720460463,0.047962652299486,0.112638824345532,0.00133446679378548,0.00142863450329604,4.64611410330143,0.128769006003372
5,JZ,16,POJ-L,LT_Pronation_pro_L,0.0616420709162738,0.0742107520802818,0.135852822996556,0.00156134384418387,0.00167935438250788,4.63542391932362,0.127136503546164
5,JZ,17,V1-R,LT_Pronation_pro_L,0.11504685037897,0.0826053301979155,0.197652180576885,0.00182141862116985,0.00195463849841302,4.62155619355336,0.122519562284469
5,JZ,18,V3-R,LT_Pronation_pro_L,0.0786925736028176,0.0605188967052625,0.13921147030808,0.00143301856601292,0.00154311782221001,4.64080254573066,0.126375182937016
5,JZ,19,STS-R,LT_Pronation_pro_L,0.0677335208567219,0.0602130205917115,0.127946541448433,0.00132256895993441,0.00142255077592337,4.64756714465206,0.12640913804201
5,JZ,20,IPL-R,LT_Pronation_pro_L,0.0739445002744446,0.0937725631201468,0.167717063394591,0.00170427097356268,0.00183431078247231,4.62876931555858,0.125914296224246
5,JZ,21,SPL-R,LT_Pronation_pro_L,0.0603190302509143,0.127030938827813,0.187349969078727,0.00180515002769434,0.00193304459012798,4.62392198480653,0.124778746375458
5,JZ,22,AG-R,LT_Pronation_pro_L,0.0655155869141845,0.154691569243827,0.220207156158011,0.00180529624232476,0.00192735102188937,4.6246576429492,0.120759983185878
5,JZ,23,mIPS-R,LT_Pronation_pro_L,0.0769163939508434,0.0914608843567412,0.168377278307585,0.00160514930489471,0.00172421182672167,4.63346326442745,0.124720035896833
5,JZ,24,VIP-R,LT_Pronation_pro_L,0.0718530091090075,0.117562977939048,0.189415987048055,0.00184126724799765,0.0019770746425526,4.62238309013771,0.12522582029255
5,JZ,25,SPOC-R,LT_Pronation_pro_L,0.124192297155659,0.0578139257320545,0.182006222887714,0.00182045927934394,0.00196269020390385,4.62371966255287,0.125417245179097
5,JZ,26,S1-R,LT_Pronation_pro_L,0.146229592979216,0.106869204560447,0.253098797539663,0.0021843312666592,0.00233918373902499,4.60762556955343,0.118803300490106
5,JZ,27,M1-R,LT_Pronation_pro_L,0.103688195804475,0.118371307547792,0.222059503352266,0.00213043596922982,0.00228069649136534,4.60922275572968,0.12162081349784
5,JZ,28,SMA-R,LT_Pronation_pro_L,0.0672675157981232,0.07205600033016,0.139323516128283,0.00151537272547149,0.00162035946474801,4.63717239601123,0.127540662067859
5,JZ,29,PMd-R,LT_Pronation_pro_L,0.0604485273166355,0.0571468668789209,0.117595394195556,0.00143414554462867,0.0015380846793913,4.64190821408112,0.12826844984241
5,JZ,30,PMv-R,LT_Pronation_pro_L,0.0621702026172037,0.0605235791025301,0.122693781719734,0.0013078041037083,0.0014027306517435,4.64830662781812,0.12767751274638
5,JZ,31,FEF-R,LT_Pronation_pro_L,0.11326509757909,0.0374903682809213,0.150755465860011,0.00153650332361824,0.00164818906552441,4.6375282536857,0.126196658173745
5,JZ,32,POJ-R,LT_Pronation_pro_L,0.117177522464089,0.0524247611449819,0.16960228360907,0.00173239023655505,0.00186324426768526,4.62819923002208,0.126403174387485
6,LT,1,V1-L,LT_Pronation_pro_L,0.0757279070706841,0.0498955157972561,0.12562342286794,0.00134817583225038,0.00144260273133412,4.34187389028815,0.0758211372099711
6,LT,2,V3-L,LT_Pronation_pro_L,0.0464131049458856,0.0684528155103338,0.114865920456219,0.00101140724371811,0.00106902526274841,4.3635737762462,0.073566412167034
6,LT,3,STS-L,LT_Pronation_pro_L,0.0800824994620898,0.054214702649095,0.134297202111185,0.00140006519549514,0.00149923241752741,4.33801640253976,0.0742914968024811
6,LT,4,IPL-L,LT_Pronation_pro_L,0.0244745382151318,0.0658319418606291,0.0903064800757609,0.000892397890474755,0.00094556943459766,4.37135118905019,0.0763247846926181
6,LT,5,SPL-L,LT_Pronation_pro_L,0.046235597489303,0.0461762178499209,0.0924118153392239,0.00112454706298603,0.00120132052257118,4.35550592835406,0.0768745912003885
6,LT,6,AG-L,LT_Pronation_pro_L,0.0618746890815924,0.0643840896626191,0.126258778744212,0.00121842610785534,0.00129717554267651,4.35003388311701,0.0738914509377374
6,LT,7,mIPS-L,LT_Pronation_pro_L,0.0285760738145756,0.0506700303503269,0.0792461041649025,0.000952583264051554,0.00101791013204386,4.36687988300311,0.0772750516348605
6,LT,8,VIP-L,LT_Pronation_pro_L,0.0360630895563508,0.0773809461901178,0.113444035746469,0.00107452801517773,0.00114367107262155,4.358404185751,0.0754901618275084
6,LT,9,SPOC-L,LT_Pronation_pro_L,0.0381850866156555,0.0439841300312558,0.0821692166469113,0.000943378448775981,0.00100260901202966,4.36756445235252,0.0762669286997151
6,LT,10,S1-L,LT_Pronation_pro_L,0.037847825101211,0.0478168563017767,0.0856646814029877,0.000934495594474815,0.000991999360373471,4.36902538095497,0.0768680514928324
6,LT,11,M1-L,LT_Pronation_pro_L,0.0380407978008014,0.0305045146252805,0.0685453124260819,0.000850199896585811,0.000906488820147265,4.37385254885568,0.0777421107210191
6,LT,12,SMA-L,LT_Pronation_pro_L,0.0652583954341372,0.0373693697452536,0.102627765179391,0.00104317101938142,0.00111293247023308,4.36018237135929,0.0755364550042853
6,LT,13,PMd-L,LT_Pronation_pro_L,0.0476254678362394,0.0486651376246734,0.0962906054609128,0.00104492060932699,0.00111563066672838,4.35993480004983,0.076083117352334
6,LT,14,PMv-L,LT_Pronation_pro_L,0.0232442278277235,0.0679276447390896,0.0911718725668131,0.00100182520418922,0.00107172549793089,4.36260325598718,0.0766610636715088
6,LT,15,FEF-L,LT_Pronation_pro_L,0.0575456811989385,0.0591611231772055,0.116706804376144,0.00117814802926581,0.00125537292491383,4.35177618634807,0.0757291210214335
6,LT,16,POJ-L,LT_Pronation_pro_L,0.0418219652989892,0.0383008606835087,0.0801228259824979,0.00092701280333062,0.000986795933615683,4.36854509522391,0.0765436020518375
6,LT,17,V1-R,LT_Pronation_pro_L,0.0454160361885618,0.0307860647166437,0.0762021009052054,0.000956524748733983,0.00101888097845877,4.36638203037484,0.077282856973532
6,LT,18,V3-R,LT_Pronation_pro_L,0.0875776433132306,0.0358112696360815,0.123388912949312,0.00116593671848479,0.0012393725384113,4.35272884722517,0.075386422229588
6,LT,19,STS-R,LT_Pronation_pro_L,0.037135648837233,0.042915347220523,0.080050996057756,0.000962735562274677,0.00102536634800471,4.36582545326647,0.0769953520931841
6,LT,20,IPL-R,LT_Pronation_pro_L,0.0303370981502851,0.0650994128029918,0.0954365109532769,0.00104825771019424,0.0011148773844588,4.36066937268501,0.0766330185720356
6,LT,21,SPL-R,LT_Pronation_pro_L,0.0470797670313764,0.0709037107741777,0.117983477805554,0.00122371884355734,0.00131017199259597,4.34924500946198,0.075672384507579
6,LT,22,AG-R,LT_Pronation_pro_L,0.0599663253855679,0.0474465471560636,0.107412872541631,0.00115666440173182,0.00123713373510762,4.35274600898091,0.0756761118510103
6,LT,23,mIPS-R,LT_Pronation_pro_L,0.046653942288496,0.0425974411033607,0.0892513833918568,0.000961338140811198,0.00101879583973314,4.3669673547324,0.0765905458065173
6,LT,24,VIP-R,LT_Pronation_pro_L,0.0225752895512639,0.069580696019907,0.0921559855711708,0.000987734803499057,0.00104962894259864,4.36508604100964,0.0771414175139833
6,LT,25,SPOC-R,LT_Pronation_pro_L,0.0666792826960732,0.0395187814041076,0.106198064100181,0.00114804588111602,0.0012240582131431,4.35375862724536,0.0760741854210498
6,LT,26,S1-R,LT_Pronation_pro_L,0.049208724470663,0.0314201834272209,0.080628907897884,0.00093950518495231,0.0010028168748311,4.36692418938343,0.0769871524498618
6,LT,27,M1-R,LT_Pronation_pro_L,0.0673006833024708,0.0357923360705568,0.103093019373028,0.00105931459715175,0.00113188294802033,4.35904798495371,0.0758624532308695
6,LT,28,SMA-R,LT_Pronation_pro_L,0.0685384618969301,0.0447919514291453,0.113330413326075,0.00121702144803107,0.00129839051300513,4.34968121552727,0.0756048824927131
6,LT,29,PMd-R,LT_Pronation_pro_L,0.0462452615614291,0.0768243363848882,0.123069597946317,0.00112525623274881,0.00119488917947558,4.35559020337264,0.0739695591464877
6,LT,30,PMv-R,LT_Pronation_pro_L,0.0411125547450085,0.062837642162063,0.103950196907072,0.00109005884917492,0.00116677274860585,4.35684805797258,0.075866233868486
6,LT,31,FEF-R,LT_Pronation_pro_L,0.0608738136261773,0.0340520141429065,0.0949258277690838,0.000974234770920428,0.00104087534468497,4.36415710517462,0.0764577717675016
6,LT,32,POJ-R,LT_Pronation_pro_L,0.088930092153911,0.0335339406990066,0.122464032852918,0.00116209507707176,0.00124260586396872,4.3531977464626,0.0754320202639208
7,NvA,1,V1-L,LT_Pronation_pro_L,0.0447244159326584,0.0560587687316469,0.100783184664305,0.00121189889555793,0.00130169473644635,4.65943236635812,0.131063999760947
7,NvA,2,V3-L,LT_Pronation_pro_L,0.0921493346970854,0.0845540304090921,0.176703365106178,0.00172390045458618,0.00185743645227894,4.63201785499268,0.125890172735431
7,NvA,3,STS-L,LT_Pronation_pro_L,0.0583542253997356,0.0960032545387856,0.154357479938521,0.00166299972912505,0.00178423564505247,4.63654589114386,0.128598086927744
7,NvA,4,IPL-L,LT_Pronation_pro_L,0.0734541525642532,0.100201647052845,0.173655799617099,0.00176564327687505,0.00189800584026442,4.63186031588707,0.128675421890273
7,NvA,5,SPL-L,LT_Pronation_pro_L,0.0749575528890205,0.0927360772599335,0.167693630148954,0.00163333736256407,0.00175814293290429,4.63764632340308,0.128448279795993
7,NvA,6,AG-L,LT_Pronation_pro_L,0.0820463024627574,0.0600546923957879,0.142100994858545,0.00159818738433431,0.00171823364036554,4.6404925341934,0.130312053379162
7,NvA,7,mIPS-L,LT_Pronation_pro_L,0.0711607081632329,0.0632073639258815,0.134368072089114,0.00147514053185417,0.00158407089438246,4.64640119706566,0.130205266315041
7,NvA,8,VIP-L,LT_Pronation_pro_L,0.127812631748396,0.0589051687511829,0.186717800499579,0.00166902231723758,0.00179037989676337,4.63310059021696,0.127227495123694
7,NvA,9,SPOC-L,LT_Pronation_pro_L,0.0852828777060136,0.107668687729017,0.192951565435031,0.00195359740041228,0.00209506903304733,4.62309548622295,0.126516193163823
7,NvA,10,S1-L,LT_Pronation_pro_L,0.0986506366298948,0.0910743614238802,0.189724998053775,0.00188123706415166,0.00202017931688898,4.62677843298644,0.127814303427082
7,NvA,11,M1-L,LT_Pronation_pro_L,0.0763100061495595,0.084579423751483,0.160889429901042,0.00168063006666312,0.00181152847329314,4.63533690963887,0.13006253048049
7,NvA,12,SMA-L,LT_Pronation_pro_L,0.0490746611081577,0.0725036449754497,0.121578306083607,0.00128398390880829,0.00138191879072884,4.65436461909499,0.129970726647256
7,NvA,13,PMd-L,LT_Pronation_pro_L,0.081486129787199,0.0468200368743847,0.128306166661584,0.00146274929729941,0.00157224905843341,4.646739653059,0.130741187580679
7,NvA,14,PMv-L,LT_Pronation_pro_L,0.0663433085762607,0.0823682272532742,0.148711535829535,0.00167408764637779,0.00179622128839833,4.63636707876463,0.129875247378313
7,NvA,15,FEF-L,LT_Pronation_pro_L,0.116487996203061,0.0757281976151358,0.192216193818197,0.00194095224744057,0.00208655730580108,4.62407632880453,0.127475524983374
7,NvA,16,POJ-L,LT_Pronation_pro_L,0.0740003085432099,0.0837660067757255,0.157766315318935,0.00161513942715597,0.00172848041519456,4.63890780243636,0.129126233137773
7,NvA,17,V1-R,LT_Pronation_pro_L,0.123148885995662,0.0532998273151479,0.17644871331081,0.00159642424190478,0.00170986904613408,4.63951137930043,0.126166968270152
7,NvA,18,V3-R,LT_Pronation_pro_L,0.0816580996039355,0.0595797187903556,0.141237818394291,0.00150050463331154,0.0016225033549502,4.64387124741173,0.129476532235137
7,NvA,19,STS-R,LT_Pronation_pro_L,0.105775043633837,0.0760223166859252,0.181797360319762,0.00170833956817888,0.00183577833846345,4.63276670669642,0.127837144410531
7,NvA,20,IPL-R,LT_Pronation_pro_L,0.0437289621448191,0.0741086746796915,0.117837636824511,0.00137610361276248,0.00148235685135719,4.64971882300436,0.130933935068836
7,NvA,21,SPL-R,LT_Pronation_pro_L,0.0601823525858241,0.0532575567355756,0.1134399093214,0.00135721417206616,0.00145769235562034,4.65162782841599,0.130577996930508
7,NvA,22,AG-R,LT_Pronation_pro_L,0.0844130431895468,0.054329611352692,0.138742654542239,0.00120798215200346,0.00129632093252999,4.65729119794552,0.128615667044108
7,NvA,23,mIPS-R,LT_Pronation_pro_L,0.0479425528496887,0.0449882110290392,0.0929307638787278,0.0012101378364601,0.00130172085916745,4.65908681738141,0.131981501512556
7,NvA,24,VIP-R,LT_Pronation_pro_L,0.0618192161885498,0.0805125868088912,0.142331802997441,0.00153602527053128,0.00165683062830075,4.64112859711084,0.129481913175955
7,NvA,25,SPOC-R,LT_Pronation_pro_L,0.0671840484501518,0.124773811125995,0.191957859576147,0.00171099604180596,0.00184378135518196,4.631011760792,0.127962360003477
7,NvA,26,S1-R,LT_Pronation_pro_L,0.0995777599015669,0.112557803920422,0.212135563821989,0.00204411618642104,0.00219086417772943,4.61858337052925,0.125306540156402
7,NvA,27,M1-R,LT_Pronation_pro_L,0.11874421208278,0.0930388256422154,0.211783037724995,0.00191424199788386,0.00205027021248139,4.62280403318105,0.125269667612971
7,NvA,28,SMA-R,LT_Pronation_pro_L,0.0409705004160797,0.0714643655091703,0.11243486592525,0.00129280194147266,0.00139030726683067,4.65470762029256,0.131328098769224
7,NvA,29,PMd-R,LT_Pronation_pro_L,0.0922180682068328,0.1015615218993,0.193779590106133,0.00172642309594699,0.00186146922083428,4.63130742587533,0.126575962034126
7,NvA,30,PMv-R,LT_Pronation_pro_L,0.055173376062548,0.0860386855417216,0.14121206160427,0.00140027631765335,0.00150175960942852,4.64880735140118,0.129387139929737
7,NvA,31,FEF-R,LT_Pronation_pro_L,0.0757559539371985,0.0728388864268316,0.14859484036403,0.00138422663839387,0.00148849480728668,4.65003545072267,0.127855516937729
7,NvA,32,POJ-R,LT_Pronation_pro_L,0.0691311583982688,0.0851164892813051,0.154247647679574,0.0014596664559469,0.00156800770733851,4.64504427888974,0.128965928086064
8,RR,1,V1-L,LT_Pronation_pro_L,0.140165387938771,0.0530255185591542,0.193190906497925,0.00188109534790103,0.00202271884988895,4.74553539184415,0.147941596330832
8,RR,2,V3-L,LT_Pronation_pro_L,0.0983775365425051,0.134485831360752,0.232863367903258,0.00222697195003359,0.00240563958590682,4.73150573179616,0.146594103333867
8,RR,3,STS-L,LT_Pronation_pro_L,0.0434424487352077,0.109249241847491,0.152691690582699,0.00161922162752935,0.00175484664511151,4.75529540089885,0.14940765147827
8,RR,4,IPL-L,LT_Pronation_pro_L,0.069286182884129,0.0690970566510619,0.138383239535191,0.00158129486252666,0.0017098014885971,4.75808459790902,0.149494283163409
8,RR,5,SPL-L,LT_Pronation_pro_L,0.099072182872227,0.113661163764311,0.212733346636538,0.00206889690728933,0.00222806571145739,4.73742234593203,0.145246592036863
8,RR,6,AG-L,LT_Pronation_pro_L,0.0709406827467252,0.100316357091885,0.171257039838611,0.00175062139312593,0.00189256455793363,4.74863747544136,0.145928482793137
8,RR,7,mIPS-L,LT_Pronation_pro_L,0.095873622183975,0.0749431381759214,0.170816760359896,0.00181593352920501,0.00196251883151822,4.74871505306175,0.148509971645866
8,RR,8,VIP-L,LT_Pronation_pro_L,0.0841817610587764,0.0363906971495504,0.120572458208327,0.00129111509763677,0.00139196083241916,4.77181453307211,0.149868419047911
8,RR,9,SPOC-L,LT_Pronation_pro_L,0.105964897056272,0.061604521237044,0.167569418293317,0.00168797473092856,0.00181944853956645,4.75310867742821,0.148995313551047
8,RR,10,S1-L,LT_Pronation_pro_L,0.0603228315153776,0.124953422431812,0.18527625394719,0.00188804692313478,0.00204492585995099,4.74505258481537,0.147926956380226
8,RR,11,M1-L,LT_Pronation_pro_L,0.0488823498779745,0.0992969755155702,0.148179325393545,0.00167309273005102,0.00181519250505552,4.75284310938428,0.150112007352061
8,RR,12,SMA-L,LT_Pronation_pro_L,0.0954684699923273,0.118391088840433,0.21385955883276,0.00206272811813418,0.00223047227569578,4.73616195827662,0.146925084074205
8,RR,13,PMd-L,LT_Pronation_pro_L,0.082599104830782,0.0686509070215899,0.151250011852372,0.00159192437643073,0.00171754581428949,4.75712848661095,0.149203797352645
8,RR,14,PMv-L,LT_Pronation_pro_L,0.0834312329933428,0.0534557867494702,0.136887019742813,0.00149713384450186,0.00161414981762154,4.76184209554118,0.149601233014209
8,RR,15,FEF-L,LT_Pronation_pro_L,0.0479495682117321,0.0591711156176883,0.10712068382942,0.00129222644116898,0.00138526835673347,4.77155372732295,0.151406793320265
8,RR,16,POJ-L,LT_Pronation_pro_L,0.0479725909922972,0.0398088685999364,0.0877814595922337,0.00107405913697568,0.00115933606831615,4.78422428335412,0.151229040799626
8,RR,17,V1-R,LT_Pronation_pro_L,0.0919466720827543,0.0776396889934638,0.169586361076218,0.00185815115475442,0.00200406006082717,4.74757261702287,0.149256545448151
8,RR,18,V3-R,LT_Pronation_pro_L,0.095198157049248,0.0874752010479985,0.182673358097246,0.00191945041213731,0.00207664577319404,4.7428111589841,0.148050665057738
8,RR,19,STS-R,LT_Pronation_pro_L,0.119484749361188,0.0671432520156539,0.186628001376842,0.00183847866095382,0.00197363246680474,4.74780301811853,0.14673138716032
8,RR,20,IPL-R,LT_Pronation_pro_L,0.0935974263058146,0.0819268210599915,0.175524247365806,0.00195148738289459,0.00210209654768358,4.74384993842282,0.147274658326764
8,RR,21,SPL-R,LT_Pronation_pro_L,0.169815348979725,0.153169635821578,0.322984984801302,0.00267279875445065,0.00288920257141915,4.71262270825977,0.141585461873636
8,RR,22,AG-R,LT_Pronation_pro_L,0.0720664392545447,0.120016090861847,0.192082530116392,0.0017340761997193,0.00186968363394507,4.75051887909002,0.146799176744829
8,RR,23,mIPS-R,LT_Pronation_pro_L,0.113872711378075,0.163552354913711,0.277425066291786,0.00229668546619506,0.00247746543415993,4.72777610208056,0.142575943637224
8,RR,24,VIP-R,LT_Pronation_pro_L,0.101344724260074,0.10586217288779,0.207206897147864,0.00211473833070182,0.00227845033540472,4.73663750825807,0.145996707898263
8,RR,25,SPOC-R,LT_Pronation_pro_L,0.0887664775172056,0.0826838101428481,0.171450287660054,0.00179257962585587,0.00193548877515154,4.74968351728128,0.148604975476538
8,RR,26,S1-R,LT_Pronation_pro_L,0.0700940174100335,0.137698563882733,0.207792581292766,0.00208731806087006,0.00225007191195622,4.73602169838208,0.146041563652362
8,RR,27,M1-R,LT_Pronation_pro_L,0.0993841289804438,0.107725497951739,0.207109626932183,0.00189942667039768,0.00204120227287866,4.74377421474584,0.145203181194613
8,RR,28,SMA-R,LT_Pronation_pro_L,0.0692479909948698,0.108514152581905,0.177762143576775,0.00182935093737018,0.00197630031691588,4.74574399169633,0.148651198444372
8,RR,29,PMd-R,LT_Pronation_pro_L,0.102575918754126,0.123511034242439,0.226086952996565,0.0020286727094192,0.0021824437539617,4.7389286910877,0.145955886494868
8,RR,30,PMv-R,LT_Pronation_pro_L,0.106653920234715,0.0915271633350742,0.198181083569789,0.00200523470938242,0.00216496494250548,4.73839968251917,0.146461637522469
8,RR,31,FEF-R,LT_Pronation_pro_L,0.0817488655623154,0.0720159719693053,0.153764837531621,0.00171897220876784,0.00185416875112001,4.75299806671488,0.148673810652294
8,RR,32,POJ-R,LT_Pronation_pro_L,0.197093642100041,0.0498589383358478,0.246952580435888,0.00183730894189602,0.00197135953638377,4.74523059960724,0.145379017733111
9,SJB,1,V1-L,LT_Pronation_pro_L,0.0410001384847838,0.0608576585406499,0.101857797025434,0.00116086505183748,0.0012432648752722,4.75435299246192,0.143068969408724
9,SJB,2,V3-L,LT_Pronation_pro_L,0.0604856890220747,0.126683515257145,0.187169204279219,0.00185711026291447,0.00199713789974358,4.7198333470072,0.140541666703946
9,SJB,3,STS-L,LT_Pronation_pro_L,0.05410322803546,0.0490099744964604,0.10311320253192,0.00120560747359839,0.00130237669122491,4.75099876939569,0.143700428870485
9,SJB,4,IPL-L,LT_Pronation_pro_L,0.0848526016100462,0.0564076069997149,0.141260208609761,0.00144082570399931,0.00154564253284335,4.7420751851701,0.14125058444852
9,SJB,5,SPL-L,LT_Pronation_pro_L,0.0624681147107781,0.121785026397662,0.18425314110844,0.00195933728150546,0.00210648800277494,4.71830979110104,0.140753711938192
9,SJB,6,AG-L,LT_Pronation_pro_L,0.139471260461998,0.100723004437761,0.240194264899758,0.00237067519556108,0.00254818409869623,4.70106910809737,0.13642388522064
9,SJB,7,mIPS-L,LT_Pronation_pro_L,0.0698676080594025,0.135679821792876,0.205547429852279,0.00204773620849383,0.00219086713114227,4.71601379461163,0.139400413163172
9,SJB,8,VIP-L,LT_Pronation_pro_L,0.0759947620770248,0.0671060046362463,0.143100766713271,0.00152526906673622,0.00163918642643032,4.73654429651564,0.141713114762963
9,SJB,9,SPOC-L,LT_Pronation_pro_L,0.130509047750483,0.130106107186279,0.260615154936762,0.00223169737538481,0.00238482466798708,4.70944848553283,0.136669290593756
9,SJB,10,S1-L,LT_Pronation_pro_L,0.11750782207145,0.086154946454222,0.203662768525672,0.00184289373616197,0.00197102953296644,4.72135907880903,0.136515154176324
9,SJB,11,M1-L,LT_Pronation_pro_L,0.0974320437183924,0.102015545780698,0.199447589499091,0.00196954894882795,0.00211929894926033,4.71686800324083,0.139264728971025
9,SJB,12,SMA-L,LT_Pronation_pro_L,0.0606243708994044,0.103149039976158,0.163773410875562,0.00178255641214262,0.00192004978692277,4.7240407847146,0.141874582485771
9,SJB,13,PMd-L,LT_Pronation_pro_L,0.0724486516315009,0.0841912631495885,0.156639914781089,0.00149769183168369,0.0016120369957641,4.73682936361626,0.141147198378679
9,SJB,14,PMv-L,LT_Pronation_pro_L,0.0657850961054989,0.0624405955918796,0.128225691697379,0.00143180065608541,0.00153589649430832,4.74057610667223,0.142569428873675
9,SJB,15,FEF-L,LT_Pronation_pro_L,0.0820677590681537,0.0565654477523685,0.138633206820522,0.00146214827791504,0.00157412556403264,4.73882335580047,0.142210294795265
9,SJB,16,POJ-L,LT_Pronation_pro_L,0.109035108887399,0.113442296794378,0.222477405681777,0.00205561586432929,0.00220421255608155,4.71641423920648,0.137400225031256
9,SJB,17,V1-R,LT_Pronation_pro_L,0.0478774905004266,0.0735240205810425,0.121401511081469,0.00147050694272052,0.00158508273758245,4.73866151732195,0.143510061299538
9,SJB,18,V3-R,LT_Pronation_pro_L,0.0496004006238213,0.0608251949886982,0.110425595612519,0.0013627978161732,0.00146586501711289,4.74471770096923,0.142811699886942
9,SJB,19,STS-R,LT_Pronation_pro_L,0.0625286922602049,0.0740797813138579,0.136608473574063,0.00154630022084755,0.00165445116288708,4.73698341630541,0.142709431270369
9,SJB,20,IPL-R,LT_Pronation_pro_L,0.0839694254524019,0.0861736138825535,0.170143039334955,0.0018247142363762,0.00195971414045721,4.72279879831523,0.140275947242423
9,SJB,21,SPL-R,LT_Pronation_pro_L,0.111040737522245,0.159447600284841,0.270488337807086,0.00242243070993219,0.00260277629823085,4.70000190905928,0.13636146981837
9,SJB,22,AG-R,LT_Pronation_pro_L,0.1596368894509,0.100432823961783,0.260069713412683,0.00246145013396176,0.00263958542371973,4.69987359415511,0.136800873909007
9,SJB,23,mIPS-R,LT_Pronation_pro_L,0.100459677335949,0.0645695254758549,0.165029202811804,0.00180680520471675,0.00193511247024368,4.72651953367301,0.141722303195262
9,SJB,24,VIP-R,LT_Pronation_pro_L,0.120398933166193,0.0876026182466738,0.208001551412867,0.00212022782307406,0.00227197220428376,4.71195823496707,0.13929009188518
9,SJB,25,SPOC-R,LT_Pronation_pro_L,0.126295291881362,0.127266277551085,0.253561569432447,0.00216868597363158,0.00232110820334896,4.7110321984026,0.137348201200631
9,SJB,26,S1-R,LT_Pronation_pro_L,0.0781013044892069,0.113131184111721,0.191232488600927,0.00208462469671598,0.00223932078234512,4.71325552577718,0.140869075248482
9,SJB,27,M1-R,LT_Pronation_pro_L,0.0907726745354999,0.124543702200805,0.215316376736305,0.00222606993661325,0.00239140042550093,4.7069034458287,0.139056374904092
9,SJB,28,SMA-R,LT_Pronation_pro_L,0.0648242765929999,0.0827786701209412,0.147602946713941,0.00164255198405217,0.00177437576989898,4.73027890012351,0.14201189142263
9,SJB,29,PMd-R,LT_Pronation_pro_L,0.0800326964224309,0.0565512031919404,0.136583899614371,0.00155007297963843,0.00165768852903491,4.73681201127625,0.141823501469873
9,SJB,30,PMv-R,LT_Pronation_pro_L,0.0793987906415154,0.0428374412392529,0.122236231880768,0.00145130701013304,0.0015606874796077,4.73949509894431,0.143496275912202
9,SJB,31,FEF-R,LT_Pronation_pro_L,0.095189484849338,0.0470994621317381,0.142288946981076,0.00164312157605642,0.00176736849608197,4.73046668725787,0.143017923994177
9,SJB,32,POJ-R,LT_Pronation_pro_L,0.169927619413499,0.0865267132049681,0.256454332618467,0.0020739284685939,0.00221723001551963,4.71506122528973,0.137206944445668
1,DOC,1,V1-L,LT_Pronation_pro_R,0.0915310864536417,0.0336977140539107,0.125228800507552,0.00126577196542453,0.00133379570374751,4.55159242876181,0.0926399777445532
1,DOC,2,V3-L,LT_Pronation_pro_R,0.0714769865122011,0.0517635469118376,0.123240533424039,0.00136674549916419,0.00144402913377215,4.5464045393747,0.0930203801372246
1,DOC,3,STS-L,LT_Pronation_pro_R,0.0711888932141347,0.0651131894142018,0.136302082628336,0.00149666755941577,0.00158089002651287,4.5375875339128,0.092328058905332
1,DOC,4,IPL-L,LT_Pronation_pro_R,0.0501507067005905,0.0969359411276599,0.14708664782825,0.0015244789450662,0.00160274647888602,4.53825566478678,0.0922639417660884
1,DOC,5,SPL-L,LT_Pronation_pro_R,0.0542487644907602,0.0911004857219055,0.145349250212666,0.00143504809705317,0.00151980471702325,4.5427365185028,0.0927682828398194
1,DOC,6,AG-L,LT_Pronation_pro_R,0.0832411739193149,0.0631421722261461,0.146383346145461,0.00149696916791637,0.00158111036125622,4.53912917585262,0.0922513812514984
1,DOC,7,mIPS-L,LT_Pronation_pro_R,0.0782251619669826,0.0840783903150618,0.162303552282044,0.00168334872944266,0.00178218561392355,4.52989632757339,0.0909082686966421
1,DOC,8,VIP-L,LT_Pronation_pro_R,0.0413758177015094,0.0830852572129979,0.124461074914507,0.00136207637070601,0.00143298320797691,4.54646860592516,0.0935106081783261
1,DOC,9,SPOC-L,LT_Pronation_pro_R,0.077407034922272,0.0448245015541377,0.12223153647641,0.00130583539496144,0.00137263776638189,4.54981736175158,0.0929882928214414
1,DOC,10,S1-L,LT_Pronation_pro_R,0.0587761930628777,0.0729088707791384,0.131685063842016,0.00145344853033693,0.00153571148351698,4.54173033500436,0.0936289943341362
1,DOC,11,M1-L,LT_Pronation_pro_R,0.0619567555966659,0.0436802982572408,0.105637053853907,0.00125306072672018,0.00132377148939879,4.55219899319674,0.0946707405907518
1,DOC,12,SMA-L,LT_Pronation_pro_R,0.0585673773985178,0.0515509430832788,0.110118320481797,0.00134953336900532,0.00142483189326094,4.54711346174787,0.094283806707962
1,DOC,13,PMd-L,LT_Pronation_pro_R,0.0589049443181539,0.0487224569168097,0.107627401234964,0.00125949831557172,0.00132991161046178,4.55162757222798,0.0944824199215161
1,DOC,14,PMv-L,LT_Pronation_pro_R,0.0425100422877608,0.073960182377022,0.116470224664783,0.0013546083835453,0.00142880471997018,4.54688888966272,0.093780280297554
1,DOC,15,FEF-L,LT_Pronation_pro_R,0.0577255886125847,0.0591321093599952,0.11685769797258,0.00143058642461837,0.00151364150024773,4.54220181624221,0.0942902775851322
1,DOC,16,POJ-L,LT_Pronation_pro_R,0.0609388209514775,0.0388249693380182,0.0997637902894957,0.00126503267286482,0.00133584109041748,4.55224291554854,0.0947708373086653
1,DOC,17,V1-R,LT_Pronation_pro_R,0.0860112817654158,0.0972580361547824,0.183269317920198,0.00175559815970809,0.00185350900277538,4.52613796720647,0.0904112661036229
1,DOC,18,V3-R,LT_Pronation_pro_R,0.0923803274587808,0.0494032708328262,0.141783598291607,0.00144220347744896,0.00152533593971532,4.54209823391281,0.0927229456090618
1,DOC,19,STS-R,LT_Pronation_pro_R,0.0346757310428911,0.0473609439267399,0.0820366749696309,0.00101519266495565,0.00107520629889933,4.56618429250188,0.0950758629567763
1,DOC,20,IPL-R,LT_Pronation_pro_R,0.0630407169010946,0.0737167302438645,0.136757447144959,0.00133028420640199,0.00140215163332306,4.54857489845897,0.0920761054846026
1,DOC,21,SPL-R,LT_Pronation_pro_R,0.0665869062539741,0.0729696951288341,0.139556601382808,0.00143803155477291,0.00151826105438939,4.54201372559987,0.0924255487214502
1,DOC,22,AG-R,LT_Pronation_pro_R,0.0561696391565738,0.0511395737712026,0.107309212927776,0.00134227923865516,0.00141928578786114,4.54705307386017,0.0943613577195035
1,DOC,23,mIPS-R,LT_Pronation_pro_R,0.0583825947290814,0.0702141453984703,0.128596740127552,0.00144276914438466,0.00152518713430411,4.5416898253832,0.0937413205378248
1,DOC,24,VIP-R,LT_Pronation_pro_R,0.0837510529196205,0.0424689382764521,0.126219991196073,0.00123475317250919,0.00130374681448956,4.55195414755784,0.0924944683320354
1,DOC,25,SPOC-R,LT_Pronation_pro_R,0.0532188982393098,0.0719903765056873,0.125209274744997,0.00146612483845363,0.00155002481113711,4.54073784258875,0.0936691307663242
1,DOC,26,S1-R,LT_Pronation_pro_R,0.109565705348547,0.0399504037751662,0.149516109123713,0.00138460761893347,0.0014688193907875,4.54424174003298,0.092069726350959
1,DOC,27,M1-R,LT_Pronation_pro_R,0.0697234526940355,0.0729937903421068,0.142717243036142,0.0013302533732515,0.0014116529778645,4.54705417252284,0.0919438264834936
1,DOC,28,SMA-R,LT_Pronation_pro_R,0.0596395609221347,0.0482095775890282,0.107849138511163,0.00129826974044231,0.00137259867502388,4.54989916606008,0.0945910347113225
1,DOC,29,PMd-R,LT_Pronation_pro_R,0.0549423294234535,0.107525210792611,0.162467540216064,0.0016307643526406,0.00172826060674991,4.53163836298575,0.0913091958792715
1,DOC,30,PMv-R,LT_Pronation_pro_R,0.0502801024775968,0.083866983918115,0.134147086395712,0.00153027395323811,0.00161667637944571,4.53699186473252,0.0930397733397673
1,DOC,31,FEF-R,LT_Pronation_pro_R,0.0526188739453981,0.0480849338252582,0.100703807770656,0.00121060630508167,0.00127785773184555,4.55487198121309,0.0943446966147968
1,DOC,32,POJ-R,LT_Pronation_pro_R,0.0397713446299413,0.0693102268867874,0.109081571516729,0.00130125375836462,0.00137377834976325,4.54960923520481,0.0944911576182185
2,GB,1,V1-L,LT_Pronation_pro_R,0.12465703719392,0.0788734450099402,0.20353048220386,0.00195614886500746,0.00211970013149727,4.66978559067985,0.130119345611139
2,GB,2,V3-L,LT_Pronation_pro_R,0.135039750424314,0.0591833325887816,0.194223083013095,0.00200150748030391,0.00217769896011494,4.66800092030544,0.131763055527454
2,GB,3,STS-L,LT_Pronation_pro_R,0.0733567347848249,0.0836030105223039,0.156959745307129,0.00162374128557323,0.00176012553911004,4.68505744394029,0.132607932682902
2,GB,4,IPL-L,LT_Pronation_pro_R,0.0466181546444151,0.0752895428624097,0.121907697506825,0.00135113385415924,0.00146783984933969,4.69757723273,0.133693763562899
2,GB,5,SPL-L,LT_Pronation_pro_R,0.103284900781203,0.0790398752432773,0.182324776024481,0.00191248765558505,0.00206596324455556,4.67284828168762,0.132195930246043
2,GB,6,AG-L,LT_Pronation_pro_R,0.0528955874393703,0.0923688830655682,0.145264470504939,0.00144748885524709,0.00155573981305079,4.69363583860308,0.132808769222971
2,GB,7,mIPS-L,LT_Pronation_pro_R,0.081737050636817,0.0736191446138349,0.155356195250652,0.00159701951144008,0.00172188154610015,4.68628218406468,0.13263764911036
2,GB,8,VIP-L,LT_Pronation_pro_R,0.0677046114721579,0.0821012398048395,0.149805851276997,0.00161730365347444,0.00175282986490048,4.68550825123306,0.133498143309228
2,GB,9,SPOC-L,LT_Pronation_pro_R,0.0890377517709217,0.0772107535389868,0.166248505309908,0.00159540530973842,0.00172063601043439,4.685550353441,0.132318241326823
2,GB,10,S1-L,LT_Pronation_pro_R,0.0685334607478613,0.0640195596324112,0.132553020380273,0.00145969940829457,0.00158300358324822,4.69290053787009,0.133061058816474
2,GB,11,M1-L,LT_Pronation_pro_R,0.0432748303136669,0.0623183365227258,0.105593166836393,0.00124535554447274,0.00135219593965711,4.70422138769058,0.133600374678837
2,GB,12,SMA-L,LT_Pronation_pro_R,0.0821800874899708,0.0839711163112998,0.166151203801271,0.00177183127482291,0.00191951474303041,4.67822567505382,0.131687067593835
2,GB,13,PMd-L,LT_Pronation_pro_R,0.0903327035454483,0.0691581439070463,0.159490847452495,0.00150324428794453,0.00161668704276221,4.69148791634675,0.131538718292146
2,GB,14,PMv-L,LT_Pronation_pro_R,0.0989009158142415,0.0541626229126431,0.153063538726885,0.00167333260890017,0.00181165768374674,4.68373761857077,0.133102436862522
2,GB,15,FEF-L,LT_Pronation_pro_R,0.0780552031904876,0.076642427105603,0.154697630296091,0.00153082678502928,0.00166733398775839,4.68815876249649,0.132162346019498
2,GB,16,POJ-L,LT_Pronation_pro_R,0.0929290938774205,0.0839364831269416,0.176865577004362,0.00176964749090525,0.00191108816960382,4.67878048067024,0.132104163128494
2,GB,17,V1-R,LT_Pronation_pro_R,0.0616357997281164,0.0657965396563637,0.12743233938448,0.00148707286581327,0.00160863077765709,4.6927353781339,0.133962626662523
2,GB,18,V3-R,LT_Pronation_pro_R,0.0890863820041517,0.0974783698598005,0.186564751863952,0.00174315680648605,0.0018865116361556,4.67836705438787,0.130461426533598
2,GB,19,STS-R,LT_Pronation_pro_R,0.0939317310515716,0.0773521472518094,0.171283878303381,0.00169639898813603,0.00182548952961783,4.68266535139349,0.131049502936961
2,GB,20,IPL-R,LT_Pronation_pro_R,0.100525885783839,0.0546819564059012,0.15520784218974,0.00164397071327073,0.00177977042081073,4.68436599179052,0.133117677245989
2,GB,21,SPL-R,LT_Pronation_pro_R,0.103996494341689,0.101393714133932,0.205390208475621,0.0016632607972597,0.00180300639698837,4.67970259851264,0.128317229290921
2,GB,22,AG-R,LT_Pronation_pro_R,0.0670514042838253,0.103140612313147,0.170192016596972,0.00169291564745127,0.00183168407895387,4.68225148288832,0.131631710694267
2,GB,23,mIPS-R,LT_Pronation_pro_R,0.11247332166692,0.0800519360762162,0.192525257743136,0.00192545924671013,0.00208511793372189,4.67109002666295,0.130882201706968
2,GB,24,VIP-R,LT_Pronation_pro_R,0.0578122642537564,0.130842529232809,0.188654793486566,0.00175077788883253,0.00190644575251335,4.67849281566629,0.131755774750297
2,GB,25,SPOC-R,LT_Pronation_pro_R,0.0350402248150347,0.15569136768338,0.190731592498414,0.00176579718519569,0.00190890574092024,4.67979552384459,0.132079701599113
2,GB,26,S1-R,LT_Pronation_pro_R,0.121722692682771,0.0632677832071047,0.184990475889876,0.00161617137216091,0.00175128531196622,4.68543342528018,0.131267978332351
2,GB,27,M1-R,LT_Pronation_pro_R,0.121797858054577,0.0981602257388392,0.219958083793416,0.0017834352455848,0.00192225658387249,4.67644252314583,0.128977902242248
2,GB,28,SMA-R,LT_Pronation_pro_R,0.104388805850301,0.134540821967112,0.238929627817413,0.00212825108241414,0.00229123639147817,4.66171870828938,0.127561612766809
2,GB,29,PMd-R,LT_Pronation_pro_R,0.078236816657567,0.0674514996573518,0.145688316314919,0.00161838404394196,0.00175657716063797,4.6855799633317,0.133026422358038
2,GB,30,PMv-R,LT_Pronation_pro_R,0.0509022931404634,0.0975861449155955,0.148488438056059,0.00176251760850431,0.00191158286125976,4.67956201357713,0.134586746578989
2,GB,31,FEF-R,LT_Pronation_pro_R,0.0571056257291348,0.0736585842570378,0.130764209986173,0.00160376542240921,0.00173461801502641,4.68702285528856,0.134186330657368
2,GB,32,POJ-R,LT_Pronation_pro_R,0.0761510346762264,0.0638043597219724,0.139955394398199,0.0014541219162888,0.00157035162911043,4.69421796546262,0.13342390827606
3,JDC,1,V1-L,LT_Pronation_pro_R,0.0685230550583276,0.0432939144173376,0.111816969475665,0.00124401817812997,0.00136028155285697,4.53050991545873,0.11828217210324
3,JDC,2,V3-L,LT_Pronation_pro_R,0.0390534381854706,0.0456776553568593,0.08473109354233,0.00100483640161757,0.0010966900300668,4.5432857301995,0.119141465725577
3,JDC,3,STS-L,LT_Pronation_pro_R,0.122393980580593,0.0322035678036454,0.154597548384239,0.00136592654069307,0.00149418902194956,4.52412958684631,0.117138868748712
3,JDC,4,IPL-L,LT_Pronation_pro_R,0.0658361087421576,0.0856776343536027,0.15151374309576,0.00140514884401105,0.00153409374891957,4.52239094999655,0.116664072601636
3,JDC,5,SPL-L,LT_Pronation_pro_R,0.0834138799173184,0.0685073246266837,0.151921204544002,0.00162551392199423,0.00178090967092642,4.51161217024007,0.11668454356521
3,JDC,6,AG-L,LT_Pronation_pro_R,0.0508681721495989,0.0625269456939916,0.11339511784359,0.00121862039401289,0.00133238621339161,4.53205087607867,0.118342857928135
3,JDC,7,mIPS-L,LT_Pronation_pro_R,0.0666407887369298,0.0633980668171472,0.130038855554077,0.0013815842154566,0.00151046702316603,4.52318862864587,0.117698594457004
3,JDC,8,VIP-L,LT_Pronation_pro_R,0.101043788357308,0.0719630016157639,0.173006789973072,0.00150152231091409,0.00163764851325644,4.51699810447301,0.115866099545224
3,JDC,9,SPOC-L,LT_Pronation_pro_R,0.0719979955539658,0.0495720692518644,0.12157006480583,0.00111564590752713,0.00121721924668546,4.53718666875284,0.117335710300466
3,JDC,10,S1-L,LT_Pronation_pro_R,0.066097747524577,0.0789589268026633,0.14505667432724,0.0014184005197838,0.00154473099808657,4.52230501541078,0.117436024469756
3,JDC,11,M1-L,LT_Pronation_pro_R,0.0609489551980604,0.102621427722284,0.163570382920345,0.00146184484080963,0.00159351534971965,4.52022307962702,0.116184486396865
3,JDC,12,SMA-L,LT_Pronation_pro_R,0.0589315180754073,0.0627341473300315,0.121665665405439,0.00123395347797245,0.00134783705044565,4.53160048086146,0.118829497474772
3,JDC,13,PMd-L,LT_Pronation_pro_R,0.107331608339806,0.0512328549281935,0.158564463267999,0.00146218348911816,0.00160015644767428,4.51860745694876,0.116106395075623
3,JDC,14,PMv-L,LT_Pronation_pro_R,0.0557087046134771,0.0579696725327801,0.113678377146257,0.00122343316263576,0.00133961860245256,4.53224568521863,0.118311172201382
3,JDC,15,FEF-L,LT_Pronation_pro_R,0.0704721702201898,0.0341251941374627,0.104597364357652,0.00112356857151279,0.00122765455358951,4.53781370581257,0.118398482858349
3,JDC,16,POJ-L,LT_Pronation_pro_R,0.0572995470246245,0.0662298917668264,0.123529438791451,0.00113742940979072,0.00124008600742774,4.53728658732235,0.117474755049822
3,JDC,17,V1-R,LT_Pronation_pro_R,0.0578182389337572,0.058096405944012,0.115914644877769,0.00123119516191311,0.00134825524802286,4.53088770682117,0.118107710817469
3,JDC,18,V3-R,LT_Pronation_pro_R,0.0691565746886346,0.0466189710528108,0.115775545741445,0.00125326043237763,0.00137001732605042,4.52955109546216,0.117952182901504
3,JDC,19,STS-R,LT_Pronation_pro_R,0.048356171261592,0.0863052805929695,0.134661451854561,0.00138606847930297,0.0015196993456581,4.52227368159341,0.118416641834122
3,JDC,20,IPL-R,LT_Pronation_pro_R,0.128686089592586,0.0671168095221099,0.195802899114696,0.00156477355366949,0.00170518183009241,4.51180448872109,0.112350733919686
3,JDC,21,SPL-R,LT_Pronation_pro_R,0.0531334994343836,0.0617081766702368,0.11484167610462,0.0012283795596684,0.00134342128737345,4.53193500117619,0.118229050573484
3,JDC,22,AG-R,LT_Pronation_pro_R,0.0823363546211471,0.0863644707203159,0.168700825341463,0.00152928857701506,0.00166464613200102,4.5156610555542,0.114542715206644
3,JDC,23,mIPS-R,LT_Pronation_pro_R,0.054343841580514,0.11193276016381,0.166276601744324,0.0015189578153813,0.00165709941065612,4.51676279146546,0.115820387835006
3,JDC,24,VIP-R,LT_Pronation_pro_R,0.0524220408966252,0.0601928431767116,0.112614884073337,0.00121487640783796,0.00133100407059562,4.53353555576475,0.118479767767009
3,JDC,25,SPOC-R,LT_Pronation_pro_R,0.0643296378715825,0.0934609896044587,0.157790627476041,0.0015359022202428,0.0016777479132995,4.51613006862038,0.114351869616397
3,JDC,26,S1-R,LT_Pronation_pro_R,0.0555143704202595,0.0591604289085365,0.114674799328796,0.00117093584603978,0.00128116884488108,4.53517122327017,0.118318129689813
3,JDC,27,M1-R,LT_Pronation_pro_R,0.0733700073708457,0.0710040119958041,0.14437401936665,0.00130769956801076,0.00142360123120551,4.52648986562275,0.115563240357125
3,JDC,28,SMA-R,LT_Pronation_pro_R,0.0783504550866857,0.071719847233053,0.150070302319739,0.00143183049077955,0.00156830525510022,4.5194762962333,0.117100323791948
3,JDC,29,PMd-R,LT_Pronation_pro_R,0.0430031272050812,0.0851911583747698,0.128194285579851,0.00123503330901327,0.00135099212558293,4.53050834981432,0.118362078334355
3,JDC,30,PMv-R,LT_Pronation_pro_R,0.0480038606464882,0.113563095625708,0.161566956272197,0.00138542261509169,0.00151558544516962,4.52179442153928,0.116301652552905
3,JDC,31,FEF-R,LT_Pronation_pro_R,0.0828320567606092,0.091847435112699,0.174679491873308,0.00145160573669643,0.00158238148096155,4.51872938064404,0.115128619116358
3,JDC,32,POJ-R,LT_Pronation_pro_R,0.10516919522542,0.10241200001888,0.2075811952443,0.00165600463784033,0.00179222982833553,4.50922518312214,0.11106388590496
4,JFXD,1,V1-L,LT_Pronation_pro_R,0.032679505483493,0.0707616411434429,0.103441146626936,0.00119980494499345,0.00126442187048522,4.53062581175104,0.10590187896826
4,JFXD,2,V3-L,LT_Pronation_pro_R,0.0418244474152931,0.0851869006272137,0.127011348042507,0.0013836726936442,0.00146488871392332,4.51899810328101,0.104880943075396
4,JFXD,3,STS-L,LT_Pronation_pro_R,0.0538921401283568,0.0947193131695781,0.148611453297935,0.00154274597230058,0.00163726607033514,4.5103554216178,0.103783576677475
4,JFXD,4,IPL-L,LT_Pronation_pro_R,0.0440357742610304,0.0656543113282986,0.109690085589329,0.00117724882217353,0.00124981972239752,4.53063863966819,0.105820865576962
4,JFXD,5,SPL-L,LT_Pronation_pro_R,0.0324961205846972,0.042431561618525,0.0749276822032222,0.00100275277819786,0.00106141261890412,4.54212938461376,0.107092217427581
4,JFXD,6,AG-L,LT_Pronation_pro_R,0.160311064526492,0.0328983395090868,0.193209404035579,0.00161388100093876,0.00171827734293011,4.50603777267663,0.102134440155013
4,JFXD,7,mIPS-L,LT_Pronation_pro_R,0.0570672295352351,0.0414459122315602,0.0985131417667953,0.00122809559691566,0.00130662476344221,4.52736336055289,0.106083702686423
4,JFXD,8,VIP-L,LT_Pronation_pro_R,0.0389159959538288,0.0602196722820888,0.0991356682359176,0.00111002206614466,0.00117625466643622,4.53507554437799,0.105958493137691
4,JFXD,9,SPOC-L,LT_Pronation_pro_R,0.0932056232795311,0.0833244497719644,0.176530073051495,0.00175222618680804,0.00185415461399474,4.50072450011053,0.101957632256471
4,JFXD,10,S1-L,LT_Pronation_pro_R,0.0577399960156867,0.0625029072939165,0.120242903309603,0.0012973900289028,0.00137625726636629,4.52373790258114,0.105366715788813
4,JFXD,11,M1-L,LT_Pronation_pro_R,0.0445596802665819,0.068572702246148,0.11313238251273,0.00125194033879519,0.00132219895535051,4.52702084607419,0.105309320566092
4,JFXD,12,SMA-L,LT_Pronation_pro_R,0.0389082882216053,0.12826967388203,0.167177962103635,0.00149077179232697,0.00157451896239634,4.51532541234176,0.103126317321762
4,JFXD,13,PMd-L,LT_Pronation_pro_R,0.0419019447500012,0.0803470297652273,0.122248974515229,0.00120241573901066,0.00126420837445374,4.53184048509471,0.10345868007769
4,JFXD,14,PMv-L,LT_Pronation_pro_R,0.216229250604335,0.0850761382351626,0.301305388839497,0.00213666193741798,0.00225643713473164,4.48115143252532,0.0931502337255759
4,JFXD,15,FEF-L,LT_Pronation_pro_R,0.116071145419412,0.112344064461271,0.228415209880682,0.00164045279736775,0.00174247841071329,4.50640447831997,0.10091751035117
4,JFXD,16,POJ-L,LT_Pronation_pro_R,0.0421410664880897,0.0400336301543311,0.0821746966424207,0.00104940771893789,0.0011175467161067,4.53802868216623,0.107161406464331
4,JFXD,17,V1-R,LT_Pronation_pro_R,0.0874422644758165,0.0494509153118519,0.136893179787668,0.00143242419924939,0.00151374980868869,4.51695690818297,0.104199560455596
4,JFXD,18,V3-R,LT_Pronation_pro_R,0.0303411649705912,0.0596353548913971,0.0899765198619883,0.00105328563147601,0.00111062438260101,4.53806238469317,0.105965204178818
4,JFXD,19,STS-R,LT_Pronation_pro_R,0.161759972846144,0.0458124888297566,0.207572461675901,0.00173652938356157,0.00183364664326794,4.50224766869209,0.101592335173647
4,JFXD,20,IPL-R,LT_Pronation_pro_R,0.0628103540818154,0.0556458227318593,0.118456176813675,0.00130172117362487,0.00137403592216974,4.52517071873008,0.104962077842059
4,JFXD,21,SPL-R,LT_Pronation_pro_R,0.0458044433603196,0.0395596169369939,0.0853640602973135,0.00112889069107516,0.00119253789461782,4.53425935958115,0.106681947771893
4,JFXD,22,AG-R,LT_Pronation_pro_R,0.0383346075451525,0.0424547175977995,0.080789325142952,0.00115848030663226,0.00123044556076117,4.5311861002783,0.107146630537044
4,JFXD,23,mIPS-R,LT_Pronation_pro_R,0.0357122367139274,0.0327974482123806,0.068509684926308,0.000970781469099683,0.00102610055472617,4.5427893211462,0.107208632607441
4,JFXD,24,VIP-R,LT_Pronation_pro_R,0.0501640422426225,0.0601636014699072,0.11032764371253,0.0012557694126866,0.00132610170049337,4.52698555309496,0.10487857086833
4,JFXD,25,SPOC-R,LT_Pronation_pro_R,0.050221391667097,0.0446446177303304,0.0948660093974274,0.0012113488463435,0.00128449083302445,4.52848275196012,0.106683063304674
4,JFXD,26,S1-R,LT_Pronation_pro_R,0.0765425328847925,0.0612282198315323,0.137770752716325,0.00148947489278023,0.0015825802521233,4.51486449302562,0.103783468887393
4,JFXD,27,M1-R,LT_Pronation_pro_R,0.0772387715908033,0.0456029228384123,0.122841694429216,0.00124488209897591,0.00131414067664438,4.52846116205934,0.105334569195802
4,JFXD,28,SMA-R,LT_Pronation_pro_R,0.0357578096462728,0.13229934881826,0.168057158464533,0.00152957050912653,0.00161892415189487,4.51233494493168,0.104000058332598
4,JFXD,29,PMd-R,LT_Pronation_pro_R,0.0603476826131366,0.0772955274366316,0.137643210049768,0.00150000757745363,0.0015912717491605,4.512610244929,0.105121116739776
4,JFXD,30,PMv-R,LT_Pronation_pro_R,0.109820539646126,0.145845804046031,0.255666343692157,0.00214121085043056,0.00226705393779969,4.48182868751213,0.0975777174635501
4,JFXD,31,FEF-R,LT_Pronation_pro_R,0.0719604012497325,0.0642826547116036,0.136243055961336,0.00139039595463893,0.00147175363446866,4.52022585510902,0.104225881351484
4,JFXD,32,POJ-R,LT_Pronation_pro_R,0.04804169818821,0.0437718775416359,0.0918135757298459,0.00119689374365881,0.00126924111480527,4.52923505523337,0.10672383240024
5,JZ,1,V1-L,LT_Pronation_pro_R,0.0899643544391036,0.0957781318576318,0.185742486296735,0.00156391241180405,0.00168841239644424,4.56308211045732,0.121783090173316
5,JZ,2,V3-L,LT_Pronation_pro_R,0.057748444283072,0.043628209553033,0.101376653836105,0.0011725195201447,0.00127263283126152,4.58408581487556,0.127188480038235
5,JZ,3,STS-L,LT_Pronation_pro_R,0.0510100921928908,0.0789908483166484,0.130000940509539,0.0013835706265941,0.00150581306291817,4.57359912560051,0.126982545885452
5,JZ,4,IPL-L,LT_Pronation_pro_R,0.046248390193898,0.13717838010851,0.183426770302408,0.00145514642617156,0.00156663409831715,4.57062803081722,0.124026091460954
5,JZ,5,SPL-L,LT_Pronation_pro_R,0.0751096638868271,0.074495121759269,0.149604785646096,0.00154527783951142,0.00167449815363696,4.56491231698897,0.126164186442948
5,JZ,6,AG-L,LT_Pronation_pro_R,0.0519967011761542,0.0821048434877404,0.134101544663895,0.00142793590340359,0.00154010992135149,4.57161005266113,0.125966784865854
5,JZ,7,mIPS-L,LT_Pronation_pro_R,0.0656684795284798,0.0738350126638988,0.139503492192379,0.00150775461064719,0.00163060961321903,4.56698694073128,0.126367744976058
5,JZ,8,VIP-L,LT_Pronation_pro_R,0.128221494121146,0.0492774826428309,0.177498976763977,0.00146380645413681,0.00158333142704144,4.57016438610695,0.124200953251511
5,JZ,9,SPOC-L,LT_Pronation_pro_R,0.074913098982136,0.0673084436881164,0.142221542670252,0.00145633135466426,0.00158236956797247,4.56906531463194,0.126144851371821
5,JZ,10,S1-L,LT_Pronation_pro_R,0.0908520322516694,0.177923114475107,0.268775146726777,0.00181240483214043,0.00194908163912087,4.55146715355442,0.119369349419515
5,JZ,11,M1-L,LT_Pronation_pro_R,0.11006777109926,0.0496020814444029,0.159669852543663,0.00142048366862556,0.00153439139524558,4.57267392375187,0.124152184826018
5,JZ,12,SMA-L,LT_Pronation_pro_R,0.0526693456723018,0.0815175573735845,0.134186903045886,0.0014432892883324,0.00156599491674801,4.57137989292336,0.126118545929107
5,JZ,13,PMd-L,LT_Pronation_pro_R,0.119337427251055,0.0650271474504337,0.184364574701489,0.00137761543679428,0.00148283051243179,4.57469073927557,0.123614046147111
5,JZ,14,PMv-L,LT_Pronation_pro_R,0.0655376355456686,0.0560807854676253,0.121618421013294,0.00136985836559078,0.00148480839792331,4.57529056980268,0.126779503082009
5,JZ,15,FEF-L,LT_Pronation_pro_R,0.0963275213447258,0.0353538217149527,0.131681343059679,0.00137681266770399,0.00149206863399978,4.5737724964263,0.125875040419009
5,JZ,16,POJ-L,LT_Pronation_pro_R,0.0623969336492362,0.0488705322292006,0.111267465878437,0.0011396770082058,0.00122659526981093,4.58777954702639,0.127166809391209
5,JZ,17,V1-R,LT_Pronation_pro_R,0.0862039165135565,0.0404869936483555,0.126690910161912,0.00128590070245798,0.00139181245302868,4.57803324987264,0.126677313681337
5,JZ,18,V3-R,LT_Pronation_pro_R,0.0769144576575717,0.0773492490474203,0.154263706704992,0.00152342099453183,0.00165433566274418,4.56573021351298,0.125424074842226
5,JZ,19,STS-R,LT_Pronation_pro_R,0.0522238636016595,0.0608478025655658,0.113071666167225,0.00122977325274906,0.0013302411865378,4.58322845389546,0.126970287143953
5,JZ,20,IPL-R,LT_Pronation_pro_R,0.0716531660523948,0.143044447070229,0.214697613122624,0.00179879595273715,0.00196159451995065,4.55363672463058,0.123068960178539
5,JZ,21,SPL-R,LT_Pronation_pro_R,0.0713026850000052,0.079183408843715,0.15048609384372,0.0014590065987856,0.0015825648269266,4.57068420004398,0.125591313933388
5,JZ,22,AG-R,LT_Pronation_pro_R,0.0733786233820854,0.0581464553539083,0.131525078735994,0.00128632814522777,0.0013906801186895,4.57860613228314,0.12532378240224
5,JZ,23,mIPS-R,LT_Pronation_pro_R,0.0946939140664211,0.0740778664005274,0.168771780466948,0.00150800787074213,0.00163051682842507,4.56847794260353,0.124360903554208
5,JZ,24,VIP-R,LT_Pronation_pro_R,0.0810624663874668,0.143242523949268,0.224304990336735,0.00184668577614847,0.00200853418707189,4.55189698894234,0.122173390034624
5,JZ,25,SPOC-R,LT_Pronation_pro_R,0.0655485557435532,0.0468008517808825,0.112349407524436,0.00134209592410813,0.00145664896447204,4.57531916939793,0.127866275296381
5,JZ,26,S1-R,LT_Pronation_pro_R,0.155753807195646,0.0680299705713119,0.223783777766958,0.00194185410951773,0.00211366525346191,4.54519313932634,0.12302658947564
5,JZ,27,M1-R,LT_Pronation_pro_R,0.0754689281886457,0.087283025126241,0.162751953314887,0.00152756409508358,0.00165179472937376,4.56586998961625,0.124217425441348
5,JZ,28,SMA-R,LT_Pronation_pro_R,0.0619924935813467,0.0691277254191211,0.131120219000468,0.00138373988915123,0.00149338552689313,4.57491144910287,0.125927602407964
5,JZ,29,PMd-R,LT_Pronation_pro_R,0.0315065960566682,0.0638135732352118,0.0953201692918801,0.00116879995065349,0.00126605721595193,4.58638958919627,0.128156099589182
5,JZ,30,PMv-R,LT_Pronation_pro_R,0.0679209102943554,0.0835402484695139,0.151461158763869,0.00142232094039518,0.00154049425936341,4.57254481828218,0.124251363385294
5,JZ,31,FEF-R,LT_Pronation_pro_R,0.0902633611964868,0.0932189097237708,0.183482270920258,0.0015525007292714,0.0016739227521276,4.5664188824814,0.12291003443097
5,JZ,32,POJ-R,LT_Pronation_pro_R,0.0530096677000801,0.0418022327975401,0.0948119004976202,0.00110761949635328,0.00119852076490316,4.58799453765138,0.128636641564227
6,LT,1,V1-L,LT_Pronation_pro_R,0.0700653482668938,0.0537706396840174,0.123835987950911,0.00130141518782377,0.00139341636347744,4.514975617853,0.104249444865447
6,LT,2,V3-L,LT_Pronation_pro_R,0.0405196223987786,0.0640384588102806,0.104558081209059,0.00103536246188656,0.00110324771536184,4.53143020020458,0.103519571641054
6,LT,3,STS-L,LT_Pronation_pro_R,0.0657986752604189,0.0333649058139922,0.0991635810744111,0.00116773188914425,0.00125409631026873,4.52252876640116,0.105391303301932
6,LT,4,IPL-L,LT_Pronation_pro_R,0.0850264236649123,0.0862938898321211,0.171320313497033,0.00157530228645681,0.00168104639930463,4.50224822185961,0.102457249506082
6,LT,5,SPL-L,LT_Pronation_pro_R,0.0441193261973013,0.0727671813356925,0.116886507532994,0.0012682870583747,0.00135176202216185,4.51828757069092,0.104009032830281
6,LT,6,AG-L,LT_Pronation_pro_R,0.096400994952699,0.0515112181579306,0.14791221311063,0.00149528777225439,0.00159662535265273,4.50711383858154,0.103092229305441
6,LT,7,mIPS-L,LT_Pronation_pro_R,0.0876254731225961,0.0894352734808316,0.177060746603428,0.00161185555456751,0.00171454406936733,4.5007614796298,0.0998302027003595
6,LT,8,VIP-L,LT_Pronation_pro_R,0.104767623658856,0.0797534967108605,0.184521120369716,0.00160240447704195,0.00170680881784756,4.50102059573533,0.100097193079785
6,LT,9,SPOC-L,LT_Pronation_pro_R,0.0509659549336746,0.0430409966569009,0.0940069515905755,0.00108615284317423,0.00116221381762195,4.52797564471131,0.104932206462986
6,LT,10,S1-L,LT_Pronation_pro_R,0.0812792391018688,0.0671752155911779,0.148454454693047,0.00136032756190567,0.00144933090202373,4.51363690863576,0.101699144197568
6,LT,11,M1-L,LT_Pronation_pro_R,0.0771487600822132,0.0370413703544454,0.114190130436659,0.00112815562849365,0.00120227197566041,4.52664240037101,0.103003760634957
6,LT,12,SMA-L,LT_Pronation_pro_R,0.0495804350811428,0.0705389959950043,0.120119431076147,0.0013065359417138,0.00139511965558426,4.51743455535108,0.103792149501126
6,LT,13,PMd-L,LT_Pronation_pro_R,0.0593711215505596,0.0886926236980272,0.148063745248587,0.00150075571895699,0.0015969719614192,4.50539430739155,0.100614749383122
6,LT,14,PMv-L,LT_Pronation_pro_R,0.0531898110551287,0.0593877411260205,0.112577552181149,0.00124288215010554,0.00132906030120316,4.51827859939016,0.104501089592246
6,LT,15,FEF-L,LT_Pronation_pro_R,0.0558010188773634,0.0479779747965128,0.103778993673876,0.00113425202426689,0.00120948177867031,4.52544377413906,0.104157675027433
6,LT,16,POJ-L,LT_Pronation_pro_R,0.0437536311873198,0.0647093542716639,0.108462985458984,0.00121702305727892,0.00129756278093766,4.52143992494332,0.104285834437527
6,LT,17,V1-R,LT_Pronation_pro_R,0.0565274167196002,0.0429019945616373,0.0994294112812375,0.00121628762107982,0.00129861144723653,4.5206025802267,0.105248314049419
6,LT,18,V3-R,LT_Pronation_pro_R,0.0380354399308447,0.0635965793432129,0.101632019274058,0.00113632165155427,0.00121031632124066,4.52566132844129,0.104231226741178
6,LT,19,STS-R,LT_Pronation_pro_R,0.0448113564254001,0.0409562521302839,0.085767608555684,0.00105098301827909,0.00112119440100001,4.53041701065567,0.105181166887004
6,LT,20,IPL-R,LT_Pronation_pro_R,0.0803523833543465,0.0693908786387058,0.149743261993052,0.00145778411817486,0.00155334262314984,4.50766453561206,0.101251035142202
6,LT,21,SPL-R,LT_Pronation_pro_R,0.0529496333978574,0.0543686535948397,0.107318286992697,0.00130787286747243,0.00140060995357182,4.51490238056887,0.104709171138399
6,LT,22,AG-R,LT_Pronation_pro_R,0.0617074600383214,0.0824340347866758,0.144141494824997,0.00159496020205698,0.00169938910084323,4.50154261984508,0.103662339039492
6,LT,23,mIPS-R,LT_Pronation_pro_R,0.0481146334559857,0.105582176558029,0.153696810014015,0.00157243812246449,0.00167509780700043,4.50246608461249,0.102765073921438
6,LT,24,VIP-R,LT_Pronation_pro_R,0.0577895324412389,0.062929119781207,0.120718652222446,0.00130520871215884,0.00139586596898219,4.51561939333783,0.10381875572179
6,LT,25,SPOC-R,LT_Pronation_pro_R,0.0507480976926938,0.0787120729293213,0.129460170622015,0.00134685916635164,0.00143432086287793,4.51453274551938,0.103443860352411
6,LT,26,S1-R,LT_Pronation_pro_R,0.151951944077407,0.0513832819590338,0.203335226036441,0.0017900704203574,0.00191859024803872,4.49035332545905,0.099764604806109
6,LT,27,M1-R,LT_Pronation_pro_R,0.101065030444968,0.0527414488820547,0.153806479327023,0.00150806807863442,0.00160944788118733,4.5053600590059,0.101012825722677
6,LT,28,SMA-R,LT_Pronation_pro_R,0.0521399723608722,0.0779585634580287,0.130098535818901,0.00136631544960875,0.00146231308581338,4.51281480094988,0.103177373120118
6,LT,29,PMd-R,LT_Pronation_pro_R,0.04164901028588,0.0974379634137962,0.139086973699676,0.00120054564398397,0.00127784606296629,4.5214638856385,0.102955672583052
6,LT,30,PMv-R,LT_Pronation_pro_R,0.0660139755609564,0.0312815441803078,0.0972955197412641,0.00107737170824067,0.00115504704818503,4.52773463132453,0.105038446964723
6,LT,31,FEF-R,LT_Pronation_pro_R,0.0534326328611142,0.0928771123637952,0.146309745224909,0.00142040266471009,0.00151824988027448,4.50905425263506,0.101524022960083
6,LT,32,POJ-R,LT_Pronation_pro_R,0.0621981664238661,0.0708491319666709,0.133047298390537,0.00147803917769301,0.00158281159021165,4.50616716666448,0.103785421540476
7,NvA,1,V1-L,LT_Pronation_pro_R,0.0627696674952627,0.0476037103796155,0.110373377874878,0.00126168855595618,0.0013783190007196,4.65249860000753,0.146084621941633
7,NvA,2,V3-L,LT_Pronation_pro_R,0.0718393660816457,0.0449891867707999,0.116828552852446,0.00129134942430471,0.00140698002393196,4.65096613155045,0.146182239977245
7,NvA,3,STS-L,LT_Pronation_pro_R,0.0420732771877141,0.0972932709358263,0.13936654812354,0.00151188950573631,0.00163682494097858,4.64110495840387,0.14567835730768
7,NvA,4,IPL-L,LT_Pronation_pro_R,0.0419411010282306,0.124807601906309,0.16674870293454,0.00159388935331391,0.00172743537433954,4.63731703574127,0.14431770895745
7,NvA,5,SPL-L,LT_Pronation_pro_R,0.0518938869080611,0.153967772457646,0.205861659365707,0.00185431725069875,0.00201817989067768,4.62376594132605,0.142432098085657
7,NvA,6,AG-L,LT_Pronation_pro_R,0.0768893286451568,0.0597816365469369,0.136670965192094,0.00144729879310255,0.0015711775747774,4.64281730322485,0.144913928541817
7,NvA,7,mIPS-L,LT_Pronation_pro_R,0.119449176795849,0.0539658424735852,0.173415019269434,0.00143190404844509,0.00155204189535407,4.64227486340836,0.141753929759871
7,NvA,8,VIP-L,LT_Pronation_pro_R,0.110355347971701,0.0613785793660792,0.17173392733778,0.00153040271273238,0.00165504840867946,4.63831286503361,0.143418313614165
7,NvA,9,SPOC-L,LT_Pronation_pro_R,0.123501692442736,0.0622168904921676,0.185718582934903,0.0016614768414314,0.00180322239742469,4.6333803735049,0.139671822277108
7,NvA,10,S1-L,LT_Pronation_pro_R,0.0587335484053042,0.0987669130862083,0.157500461491513,0.00161702700665519,0.00175738447761794,4.63583856276111,0.144970430217635
7,NvA,11,M1-L,LT_Pronation_pro_R,0.0767464725141495,0.0945744054515633,0.171320877965713,0.00165609964328173,0.0017991477353964,4.63190109586263,0.143735644985107
7,NvA,12,SMA-L,LT_Pronation_pro_R,0.0321919475245795,0.0887935316140791,0.120985479138659,0.00121591451382595,0.00131999668115504,4.65482560141239,0.146377890965249
7,NvA,13,PMd-L,LT_Pronation_pro_R,0.0604793478173869,0.0689618481817381,0.129441195999125,0.0014423796910236,0.0015730351528164,4.64244776875094,0.146062424495535
7,NvA,14,PMv-L,LT_Pronation_pro_R,0.0686741115710705,0.0425717418419002,0.111245853412971,0.00123910799856945,0.00134971189528789,4.65211647419178,0.146194941730102
7,NvA,15,FEF-L,LT_Pronation_pro_R,0.0499620641683216,0.087300569341595,0.137262633509917,0.00144279956947171,0.00156880138020817,4.64403976780645,0.14597362789405
7,NvA,16,POJ-L,LT_Pronation_pro_R,0.0752774229565917,0.0705456580413445,0.145823080997936,0.00141994830210303,0.00154538875145115,4.64746537052916,0.141793209788567
7,NvA,17,V1-R,LT_Pronation_pro_R,0.0838773128048479,0.05819353522767,0.142070848032518,0.00152274680891344,0.0016587042484756,4.63946484405023,0.144899384027669
7,NvA,18,V3-R,LT_Pronation_pro_R,0.0474203307592567,0.0856750828674395,0.133095413626696,0.00141775274881549,0.00154124166210773,4.64557224322437,0.144508422783808
7,NvA,19,STS-R,LT_Pronation_pro_R,0.0648630411357931,0.075134191826276,0.139997232962069,0.00129661499515311,0.00140176341131619,4.65218721530056,0.141190680198785
7,NvA,20,IPL-R,LT_Pronation_pro_R,0.0805577881651106,0.12463211416747,0.205189902332581,0.00191026603172253,0.00208119713732894,4.62241631826672,0.142431194499287
7,NvA,21,SPL-R,LT_Pronation_pro_R,0.207524068145904,0.140983906491757,0.348507974637661,0.00222597006656987,0.00240186996391674,4.6049721053036,0.128267761833424
7,NvA,22,AG-R,LT_Pronation_pro_R,0.086217001371298,0.0836639081937165,0.169880909565014,0.00170226135062741,0.00184369580353338,4.63363863952487,0.143246678617814
7,NvA,23,mIPS-R,LT_Pronation_pro_R,0.130136161400417,0.0903101485630198,0.220446309963437,0.00206200589964062,0.00225078127320018,4.61645961499029,0.142822420811745
7,NvA,24,VIP-R,LT_Pronation_pro_R,0.0658884807759067,0.147889693847235,0.213778174623141,0.00191541092715817,0.00208765072586262,4.62166609169315,0.143079801592838
7,NvA,25,SPOC-R,LT_Pronation_pro_R,0.119761764861181,0.169985961835052,0.289747726696233,0.00225042363472481,0.0024335002146953,4.60722090267247,0.1348736535676
7,NvA,26,S1-R,LT_Pronation_pro_R,0.0834521543177476,0.0930901075281034,0.176542261845851,0.00161181315816108,0.00173644022818883,4.63629058879361,0.142440105487935
7,NvA,27,M1-R,LT_Pronation_pro_R,0.158293128838688,0.064140591656489,0.222433720495177,0.00204757886835477,0.00222979303452015,4.61654819544525,0.14159180020335
7,NvA,28,SMA-R,LT_Pronation_pro_R,0.0502416524970715,0.0449401125895364,0.0951817650866079,0.0011610524372727,0.00126360454972331,4.65791798216734,0.147518743519045
7,NvA,29,PMd-R,LT_Pronation_pro_R,0.0876180295056042,0.0825945636812918,0.170212593186896,0.00158486687178678,0.00171053765557717,4.63721151375265,0.143103026210111
7,NvA,30,PMv-R,LT_Pronation_pro_R,0.0636532060636146,0.0505168247416876,0.114170030805302,0.00118101762121648,0.00128676685186519,4.65690534987208,0.144457851405048
7,NvA,31,FEF-R,LT_Pronation_pro_R,0.12484542889646,0.0469410361516305,0.171786465048091,0.00158266561340939,0.00172660512833425,4.63541686231165,0.144150377383359
7,NvA,32,POJ-R,LT_Pronation_pro_R,0.123432327647688,0.0843486984445815,0.207781026092269,0.00188419317459687,0.00204728401989746,4.62426139283951,0.141613925548665
8,RR,1,V1-L,LT_Pronation_pro_R,0.0841848754126644,0.0484421133342691,0.132626988746934,0.00117772281557043,0.00129595959801362,4.63221462496471,0.141444230910346
8,RR,2,V3-L,LT_Pronation_pro_R,0.0727025916077112,0.0654087131907715,0.138111304798483,0.0013322560480626,0.00147420948805558,4.62510206038925,0.143211948517201
8,RR,3,STS-L,LT_Pronation_pro_R,0.0491584134772232,0.0333010190625415,0.0824594325397647,0.00100197731045885,0.00110374162671702,4.6435939879545,0.147585533643959
8,RR,4,IPL-L,LT_Pronation_pro_R,0.0785960732750355,0.0501150669802624,0.128711140255298,0.00142752467917059,0.00157402724090214,4.61975278930123,0.14590948949948
8,RR,5,SPL-L,LT_Pronation_pro_R,0.0996377540909955,0.100502128463839,0.200139882554834,0.00184633730213292,0.00203537387877872,4.60021796007207,0.140895024201326
8,RR,6,AG-L,LT_Pronation_pro_R,0.0732159108815691,0.0546322198378998,0.127848130719469,0.00131776636019005,0.00145223065869345,4.62634744216051,0.144779192739835
8,RR,7,mIPS-L,LT_Pronation_pro_R,0.0661380397575935,0.0726731817005205,0.138811221458114,0.001351453778521,0.00148384782537707,4.62449270025579,0.14271536706124
8,RR,8,VIP-L,LT_Pronation_pro_R,0.0791647056281373,0.0504842077344734,0.129648913362611,0.00141999538034562,0.00156430167788565,4.62081773056758,0.145456097744781
8,RR,9,SPOC-L,LT_Pronation_pro_R,0.109729078497024,0.103098488205662,0.212827566702686,0.00189686720279989,0.00211016939672558,4.59687772989407,0.140687896975334
8,RR,10,S1-L,LT_Pronation_pro_R,0.0754654408768768,0.0464339703933702,0.121899411270247,0.00130694773860372,0.00143705152292843,4.62705355472338,0.145253118997369
8,RR,11,M1-L,LT_Pronation_pro_R,0.0858455274696692,0.0447328318463903,0.130578359316059,0.00128572289308921,0.00140929880615347,4.62856530328403,0.144894391203959
8,RR,12,SMA-L,LT_Pronation_pro_R,0.068884977749956,0.0762742224906262,0.145159200240582,0.00146728336099046,0.00161071887786153,4.61792358763308,0.142404412840631
8,RR,13,PMd-L,LT_Pronation_pro_R,0.0742291236704017,0.0691403491661247,0.143369472836526,0.00149098401495482,0.00164584745052825,4.6167285847123,0.144500490432344
8,RR,14,PMv-L,LT_Pronation_pro_R,0.0666028161328791,0.0463368501749913,0.11293966630787,0.00130640105803643,0.00144236596472882,4.62623940090372,0.146381852315307
8,RR,15,FEF-L,LT_Pronation_pro_R,0.0637162535235498,0.065644183901809,0.129360437425359,0.0013455568702677,0.00148907613911191,4.62232462219102,0.144244212103583
8,RR,16,POJ-L,LT_Pronation_pro_R,0.0914622044248714,0.109952133410813,0.201414337835685,0.00181248459183913,0.00199926302145773,4.60233989093382,0.14131927916465
8,RR,17,V1-R,LT_Pronation_pro_R,0.0821772878431851,0.129127023593257,0.211304311436442,0.00178719967271007,0.00198141130007589,4.60143789826468,0.139607959425879
8,RR,18,V3-R,LT_Pronation_pro_R,0.0919167126890665,0.049824176527751,0.141740889216818,0.00129296941543006,0.00143030124683986,4.62624408152022,0.143956898844292
8,RR,19,STS-R,LT_Pronation_pro_R,0.0621134432779833,0.0719130304809126,0.134026473758896,0.00113145524641214,0.00125314482872612,4.63456470397584,0.142151335235746
8,RR,20,IPL-R,LT_Pronation_pro_R,0.106966379085317,0.0978678191864674,0.204834198271784,0.00192294550939528,0.00212574041670539,4.59682260853033,0.140470989816302
8,RR,21,SPL-R,LT_Pronation_pro_R,0.095865083411639,0.0981789479445581,0.194044031356197,0.00161603551818065,0.00178914636377202,4.61037628496666,0.14057150481702
8,RR,22,AG-R,LT_Pronation_pro_R,0.0777897924494991,0.148831945141271,0.22662173759077,0.00164320982245031,0.00181624610312547,4.60557425454464,0.137938946407287
8,RR,23,mIPS-R,LT_Pronation_pro_R,0.0894090870614076,0.0877861275091855,0.177195214570593,0.00153749461591948,0.00170230417121187,4.6144160841172,0.142453091620399
8,RR,24,VIP-R,LT_Pronation_pro_R,0.100018415304403,0.107600334751886,0.207618750056288,0.00181407657577308,0.00199916693189238,4.60180114413694,0.141114785275316
8,RR,25,SPOC-R,LT_Pronation_pro_R,0.127656288648864,0.0765898374755538,0.204246126124418,0.00157126676332601,0.00173360302339561,4.61267936792899,0.137531784466429
8,RR,26,S1-R,LT_Pronation_pro_R,0.0908355178861839,0.0941565974305991,0.184992115316783,0.0018483582999285,0.00204787430302481,4.59955939124262,0.142374408612041
8,RR,27,M1-R,LT_Pronation_pro_R,0.0603967844107859,0.0679389200783729,0.128335704489159,0.00144301250307467,0.0015888930029894,4.62060649624251,0.145112479658315
8,RR,28,SMA-R,LT_Pronation_pro_R,0.0469819320775473,0.104074209625989,0.151056141703536,0.00159047337498463,0.00175310082118125,4.61194179308364,0.144213858359428
8,RR,29,PMd-R,LT_Pronation_pro_R,0.0834975232204167,0.165034803256833,0.24853232647725,0.00197394296058788,0.00216577503158632,4.59563098685595,0.135900124456619
8,RR,30,PMv-R,LT_Pronation_pro_R,0.0566428210256078,0.0620438294909961,0.118686650516604,0.00139829274457352,0.00154604167695839,4.62180153043985,0.146246994764981
8,RR,31,FEF-R,LT_Pronation_pro_R,0.0910648924053822,0.127489563694225,0.218554456099607,0.00189336866374125,0.00208547251896539,4.59750571628879,0.139987492774274
8,RR,32,POJ-R,LT_Pronation_pro_R,0.11202536285093,0.0884622640421532,0.200487626893083,0.00173462683420449,0.00193262568619649,4.60384177054645,0.139992059979119
9,SJB,1,V1-L,LT_Pronation_pro_R,0.0637757530482175,0.115840749178871,0.179616502227088,0.00172485340492029,0.00183410395983217,4.68429445873906,0.12393481500471
9,SJB,2,V3-L,LT_Pronation_pro_R,0.0874354990496284,0.133096040555076,0.220531539604704,0.00182347679034866,0.00193155252432158,4.68071419704853,0.120381878085032
9,SJB,3,STS-L,LT_Pronation_pro_R,0.0740662768124938,0.0430777435354233,0.117144020347917,0.00133674386646016,0.00142001746208224,4.70483675130811,0.127615561907375
9,SJB,4,IPL-L,LT_Pronation_pro_R,0.0871779358958321,0.121484566058833,0.208662501954665,0.0020199078771531,0.00214373903821584,4.67254828736234,0.124733175489051
9,SJB,5,SPL-L,LT_Pronation_pro_R,0.0818788810424266,0.113070990212586,0.194949871255012,0.00205493059263863,0.00218542069413038,4.6714435030864,0.126297053496753
9,SJB,6,AG-L,LT_Pronation_pro_R,0.13259079262852,0.0476610815396734,0.180251874168193,0.00176695969046678,0.00188007506432208,4.68425959931052,0.126962982898983
9,SJB,7,mIPS-L,LT_Pronation_pro_R,0.0529143642633672,0.135516728931342,0.188431093194709,0.00200032293921433,0.00212980370916806,4.673701741221,0.126779159062376
9,SJB,8,VIP-L,LT_Pronation_pro_R,0.0571702696477239,0.127194299671839,0.184364569319563,0.00181050245690253,0.00192633933403161,4.68161140014224,0.126083304096427
9,SJB,9,SPOC-L,LT_Pronation_pro_R,0.0762872429524308,0.0539924120257069,0.130279654978138,0.00155621561490082,0.0016566845558856,4.69385135293295,0.128609170096157
9,SJB,10,S1-L,LT_Pronation_pro_R,0.059170782868393,0.0692800444721893,0.128450827340582,0.00141695964759868,0.00149801278038552,4.70109663247805,0.126965296135018
9,SJB,11,M1-L,LT_Pronation_pro_R,0.127646034894245,0.0915116706015855,0.21915770549583,0.00207022888853343,0.00219366872261339,4.66966567019283,0.122172328299538
9,SJB,12,SMA-L,LT_Pronation_pro_R,0.0718547481571267,0.0729831023372147,0.144837850494341,0.00149061852279164,0.00157882644956489,4.69683191905477,0.126899128766289
9,SJB,13,PMd-L,LT_Pronation_pro_R,0.138990641195315,0.0773154258959945,0.21630606709131,0.00214179846873963,0.00227682820867164,4.66780225982671,0.12450746068831
9,SJB,14,PMv-L,LT_Pronation_pro_R,0.0538501515994112,0.0710352137110917,0.124885365310503,0.00153963863016253,0.00163528710940438,4.69421233334556,0.128859047549395
9,SJB,15,FEF-L,LT_Pronation_pro_R,0.0540752428960234,0.0874130130640143,0.141488255960038,0.00166498119853362,0.00176988178552194,4.68856476809868,0.127681491359761
9,SJB,16,POJ-L,LT_Pronation_pro_R,0.132291667002408,0.0435552764073389,0.175846943409747,0.00162817284808293,0.00173126624402786,4.69029005550204,0.125857543711273
9,SJB,17,V1-R,LT_Pronation_pro_R,0.0719468602233484,0.0465413494448704,0.118488209668219,0.00135957256326548,0.00144724380787629,4.70323762749701,0.128846757209071
9,SJB,18,V3-R,LT_Pronation_pro_R,0.0749134350339015,0.055619249567782,0.130532684601684,0.00164057046267815,0.00175324660770877,4.68847764849289,0.128582497058565
9,SJB,19,STS-R,LT_Pronation_pro_R,0.0612948925642832,0.125357599056903,0.186652491621186,0.00181456412101724,0.00192280389259212,4.68026319242953,0.123601717269691
9,SJB,20,IPL-R,LT_Pronation_pro_R,0.0958979549007299,0.057108725697618,0.153006680598348,0.00169858924867187,0.00181692199954914,4.68520476466227,0.127598545231267
9,SJB,21,SPL-R,LT_Pronation_pro_R,0.104529062789502,0.0900682144247599,0.194597277214262,0.00205816136324244,0.00219391772494773,4.67147482705965,0.124344591629257
9,SJB,22,AG-R,LT_Pronation_pro_R,0.066841214179188,0.121962149193472,0.18880336337266,0.00188938046205216,0.00200452581853836,4.67943376988496,0.124939376149802
9,SJB,23,mIPS-R,LT_Pronation_pro_R,0.0664957567767742,0.0873565711729121,0.153852327949686,0.00164552463126163,0.00174331114637083,4.69104427487003,0.127177309759973
9,SJB,24,VIP-R,LT_Pronation_pro_R,0.0687895726102373,0.0735483181686429,0.14233789077888,0.001509050176455,0.00160299755084007,4.69507360616668,0.126946935325194
9,SJB,25,SPOC-R,LT_Pronation_pro_R,0.0738655448819149,0.069525335033813,0.143390879915728,0.00168980987645468,0.00179870094246142,4.68767496886013,0.127953577344176
9,SJB,26,S1-R,LT_Pronation_pro_R,0.0813999223560111,0.0879498009374995,0.169349723293511,0.00181615606464322,0.00192899059774186,4.68137137984344,0.125725528310202
9,SJB,27,M1-R,LT_Pronation_pro_R,0.077629645654124,0.0766680013457469,0.154297646999871,0.00148478088022901,0.00157467114500557,4.69647417031081,0.125666326798582
9,SJB,28,SMA-R,LT_Pronation_pro_R,0.0897429414646621,0.0528074930503761,0.142550434515038,0.00158337485266521,0.00168306124086732,4.69153874940493,0.127304224980462
9,SJB,29,PMd-R,LT_Pronation_pro_R,0.0691550352400126,0.0822376772181245,0.151392712458137,0.00160468590298386,0.00170250221352504,4.69078073906129,0.125703751837953
9,SJB,30,PMv-R,LT_Pronation_pro_R,0.0450535349254338,0.0341445561307751,0.0791980910562088,0.00111157217908995,0.00118292471623011,4.71596082472656,0.130341626532627
9,SJB,31,FEF-R,LT_Pronation_pro_R,0.0760203588933196,0.0530984851665342,0.129118844059854,0.00151655025387989,0.00161586025695539,4.69397935601878,0.126878611896242
9,SJB,32,POJ-R,LT_Pronation_pro_R,0.0978578115955683,0.0545879442339643,0.152445755829533,0.00169430075334503,0.00180418739160338,4.6868663140975,0.126874741523329
1,DOC,1,V1-L,LT_Pronation_anti_L,0.0442018268205324,0.0440969921931102,0.0882988190136426,0.00108319671050236,0.00114684068224554,4.59587235759583,0.105347562400672
1,DOC,2,V3-L,LT_Pronation_anti_L,0.0982186201096938,0.0794637163629318,0.177682336472626,0.00178537922112153,0.00189503871053853,4.55865724381351,0.101628049939465
1,DOC,3,STS-L,LT_Pronation_anti_L,0.0469221884502973,0.0469788839602533,0.0939010724105506,0.00126709860638204,0.00135035079616362,4.58480034041856,0.106235754425056
1,DOC,4,IPL-L,LT_Pronation_anti_L,0.0643523672338175,0.115592053095533,0.17994442032935,0.00171824059216285,0.00182579976215378,4.56264025662414,0.102222261445119
1,DOC,5,SPL-L,LT_Pronation_anti_L,0.0693484797184929,0.0588572428994191,0.128205722617912,0.00145148095436137,0.00154342677792808,4.57613285747721,0.10360742281502
1,DOC,6,AG-L,LT_Pronation_anti_L,0.0646121670760726,0.0587770665173541,0.123389233593427,0.00150461632605772,0.00160474995284011,4.57263134048247,0.105286073184004
1,DOC,7,mIPS-L,LT_Pronation_anti_L,0.0876718040107086,0.0672704567097614,0.15494226072047,0.00165756903557796,0.00176136461061263,4.5649989021261,0.102083140378482
1,DOC,8,VIP-L,LT_Pronation_anti_L,0.0843866057223001,0.081170372630372,0.165556978352672,0.0017415072553275,0.00185361940569796,4.56158113275554,0.102620373324631
1,DOC,9,SPOC-L,LT_Pronation_anti_L,0.110687326905305,0.0517409177848506,0.162428244690155,0.00141655590686643,0.00149912134827277,4.5762862610218,0.101372607445029
1,DOC,10,S1-L,LT_Pronation_anti_L,0.104845933819894,0.0505986582396906,0.155444592059585,0.00149385511441218,0.00158463322741009,4.57435319465955,0.102383222948587
1,DOC,11,M1-L,LT_Pronation_anti_L,0.101486266627647,0.0467938887728198,0.148280155400467,0.00137901986367688,0.00146288151809794,4.57967502465914,0.102052331071534
1,DOC,12,SMA-L,LT_Pronation_anti_L,0.0594531331793831,0.0646233417501445,0.124076474929528,0.00131667807879781,0.0014040956906136,4.58268555618188,0.104319475262033
1,DOC,13,PMd-L,LT_Pronation_anti_L,0.0667562868275891,0.0633942038331267,0.130150490660716,0.00141222817258359,0.00150188073858103,4.57748124319846,0.103133232015969
1,DOC,14,PMv-L,LT_Pronation_anti_L,0.0573975731857242,0.108230840224085,0.16562841340981,0.00159208038446963,0.0016833212999418,4.56958065091061,0.101010759821809
1,DOC,15,FEF-L,LT_Pronation_anti_L,0.0819176951123248,0.0892780253471962,0.171195720459521,0.0017463414099505,0.00185955168323859,4.56167167530569,0.101645899078739
1,DOC,16,POJ-L,LT_Pronation_anti_L,0.0488312355003598,0.0790820636909447,0.127913299191305,0.00149266052424669,0.0015862649952508,4.57474298122589,0.104542295748505
1,DOC,17,V1-R,LT_Pronation_anti_L,0.0810077314767714,0.0794548787293703,0.160462610206142,0.00174135383993462,0.00186259166420669,4.55995360914463,0.102086945691943
1,DOC,18,V3-R,LT_Pronation_anti_L,0.0510789342772641,0.0525547057733715,0.103633640050636,0.00119649692927763,0.00127190890456379,4.58901145943964,0.104775011118945
1,DOC,19,STS-R,LT_Pronation_anti_L,0.0619609467935002,0.0617862627882573,0.123747209581758,0.00132116250120613,0.00140131942258494,4.58245292973931,0.103473694179311
1,DOC,20,IPL-R,LT_Pronation_anti_L,0.0611806846201809,0.052079697370984,0.113260381991165,0.00130892361093256,0.00139252658783518,4.58324622716666,0.104771908610539
1,DOC,21,SPL-R,LT_Pronation_anti_L,0.0667965248734157,0.0497369512134738,0.11653347608689,0.00128839822852725,0.00136332915788804,4.58545314211942,0.104602913534262
1,DOC,22,AG-R,LT_Pronation_anti_L,0.063907005262301,0.0543817501177977,0.118288755380099,0.00141794239997751,0.00151274900737915,4.57685921242188,0.105231319924561
1,DOC,23,mIPS-R,LT_Pronation_anti_L,0.0518451277895556,0.0465099269656435,0.0983550547551992,0.00128553271604336,0.00137111533148347,4.58411210330634,0.105804318824126
1,DOC,24,VIP-R,LT_Pronation_anti_L,0.0687311437603217,0.0671198207414342,0.135850964501756,0.00145070022748756,0.0015497067745979,4.57492000489526,0.103771675933314
1,DOC,25,SPOC-R,LT_Pronation_anti_L,0.0505553215810683,0.0774967705159879,0.128052092097056,0.00141179954793327,0.00150489977828539,4.57744541626512,0.104526675223365
1,DOC,26,S1-R,LT_Pronation_anti_L,0.0727444803506422,0.0564284219103111,0.129172902260953,0.00139237204644111,0.001481161159555,4.57838129085587,0.103343545900563
1,DOC,27,M1-R,LT_Pronation_anti_L,0.103283760660903,0.0690093902852968,0.1722931509462,0.00163868085864977,0.00174240654164563,4.56564689149623,0.102253468375402
1,DOC,28,SMA-R,LT_Pronation_anti_L,0.0481399407207671,0.107021303644953,0.15516124436572,0.00151014584934887,0.00160839804091544,4.57174321804823,0.103182366951202
1,DOC,29,PMd-R,LT_Pronation_anti_L,0.0612952286602246,0.121935084124273,0.183230312784498,0.00175438473490124,0.00187177778788631,4.55960325246225,0.101526007719422
1,DOC,30,PMv-R,LT_Pronation_anti_L,0.0419321437359595,0.0399577525948589,0.0818898963308183,0.00106539368696118,0.00112944110258173,4.59770150137517,0.106019543273302
1,DOC,31,FEF-R,LT_Pronation_anti_L,0.055039381150675,0.0761701073631756,0.131209488513851,0.00147191685975549,0.00156989855962218,4.57435623839386,0.104034078536115
1,DOC,32,POJ-R,LT_Pronation_anti_L,0.0457848746043451,0.0587811924672571,0.104566067071602,0.00124804638573314,0.00132752975128385,4.58716894458391,0.105171264030318
2,GB,1,V1-L,LT_Pronation_anti_L,0.0600711099138736,0.0946539099102245,0.154725019824098,0.00166901147190407,0.00180401334010966,4.70548858659973,0.147875590087949
2,GB,2,V3-L,LT_Pronation_anti_L,0.0893121671229203,0.114241455767124,0.203553622890044,0.00190743240477594,0.00205644315438709,4.69360444289865,0.141999186681882
2,GB,3,STS-L,LT_Pronation_anti_L,0.0728718958118332,0.0511851279764833,0.124057023788316,0.00140146001344107,0.00151240523397657,4.71886976789996,0.149382011064191
2,GB,4,IPL-L,LT_Pronation_anti_L,0.0818945784606069,0.0843576165801458,0.166252195040753,0.00165059990574582,0.00177779758261704,4.70707399921708,0.145594332344155
2,GB,5,SPL-L,LT_Pronation_anti_L,0.0825842454968967,0.0863012350354246,0.168885480532321,0.00184451851516042,0.00199354177304132,4.69844784581748,0.147376036756619
2,GB,6,AG-L,LT_Pronation_anti_L,0.095502393684449,0.112909900073054,0.208412293757503,0.00209867287014804,0.00227451994414016,4.6876001040277,0.146057298263084
2,GB,7,mIPS-L,LT_Pronation_anti_L,0.109249371258558,0.112641452407243,0.221890823665801,0.00206174890816427,0.00222936458822537,4.68875871191981,0.143972503155212
2,GB,8,VIP-L,LT_Pronation_anti_L,0.0773433362294486,0.105352692368388,0.182696028597836,0.00173567513094665,0.00187793010722587,4.70235268648674,0.144882681311517
2,GB,9,SPOC-L,LT_Pronation_anti_L,0.106397600484198,0.0813225103286185,0.187720110812817,0.00161308442445666,0.00173565243221597,4.70741142745659,0.145453761618497
2,GB,10,S1-L,LT_Pronation_anti_L,0.0895889116524975,0.0673980666538976,0.156986978306395,0.00180821155411878,0.0019631307278133,4.69986032646629,0.14816301658002
2,GB,11,M1-L,LT_Pronation_anti_L,0.0989152323372316,0.0729034178638669,0.171818650201098,0.00174911183497319,0.00188324195377561,4.70246009003858,0.147171510217573
2,GB,12,SMA-L,LT_Pronation_anti_L,0.12079131370751,0.0631117634540214,0.183903077161531,0.00168573285754414,0.00180795902094519,4.70541442600212,0.144890253293154
2,GB,13,PMd-L,LT_Pronation_anti_L,0.0766775986357509,0.120120909866187,0.196798508501938,0.00181188013010187,0.00194964789350601,4.69933628025866,0.145531681067084
2,GB,14,PMv-L,LT_Pronation_anti_L,0.0465540008019628,0.0603300431225735,0.106884043924536,0.00135672972331471,0.00146593677001216,4.72172875070705,0.150100218194311
2,GB,15,FEF-L,LT_Pronation_anti_L,0.151544476428158,0.0932400518534953,0.244784528281653,0.00218920666499475,0.00236588161942673,4.68112258905377,0.143623759841068
2,GB,16,POJ-L,LT_Pronation_anti_L,0.0905524832408566,0.0851837409436615,0.175736224184518,0.00165488575704969,0.00178336826320369,4.70703255669091,0.145865787346289
2,GB,17,V1-R,LT_Pronation_anti_L,0.0774790367980784,0.0689585467291148,0.146437583527193,0.00154713486459518,0.00167142661586709,4.71077838627723,0.148420307331278
2,GB,18,V3-R,LT_Pronation_anti_L,0.0839322320398757,0.0597714384686242,0.1437036705085,0.00146209666640522,0.00158253294661322,4.7142138068046,0.14699225441316
2,GB,19,STS-R,LT_Pronation_anti_L,0.0766789537927867,0.0565788692015021,0.133257822994289,0.00145336036071538,0.00157003635819208,4.71628142979037,0.149058661956421
2,GB,20,IPL-R,LT_Pronation_anti_L,0.0742002370246393,0.0974974046876037,0.171697641712243,0.00167828834532206,0.001809081049987,4.70461807781714,0.147041261898573
2,GB,21,SPL-R,LT_Pronation_anti_L,0.0614832161301479,0.136957916473816,0.198441132603964,0.00192839738554193,0.00208906921168098,4.69386976990884,0.145725841250935
2,GB,22,AG-R,LT_Pronation_anti_L,0.0511562065709062,0.102921478720992,0.154077685291898,0.0016532047752117,0.00178775725651786,4.70689497067179,0.148245987431041
2,GB,23,mIPS-R,LT_Pronation_anti_L,0.120581854764399,0.125258072737767,0.245839927502166,0.00222731134758499,0.00240503338380406,4.68089271818161,0.141541492985373
2,GB,24,VIP-R,LT_Pronation_anti_L,0.0689582280470162,0.120262719662968,0.189220947709984,0.00165328376885109,0.00178479549110991,4.70660491081713,0.145677189387255
2,GB,25,SPOC-R,LT_Pronation_anti_L,0.0948764978757309,0.0939869310111083,0.188863428886839,0.00169890246231999,0.00182318178352629,4.70374821374739,0.142749091401175
2,GB,26,S1-R,LT_Pronation_anti_L,0.235524306362026,0.0446882865160418,0.280212592878067,0.00187187056598186,0.00201375817606989,4.69481460914231,0.143178518123402
2,GB,27,M1-R,LT_Pronation_anti_L,0.0651204680314467,0.10433115504726,0.169451623078707,0.00170298757851856,0.00184335807139275,4.7039902157895,0.147993675905067
2,GB,28,SMA-R,LT_Pronation_anti_L,0.0779683733101522,0.10428638831655,0.182254761626702,0.00165425796436215,0.00178126064393624,4.70699002980527,0.14653691458495
2,GB,29,PMd-R,LT_Pronation_anti_L,0.132636920530633,0.090339853853653,0.222976774384286,0.002159734576474,0.0023190220582799,4.6844420257374,0.144563429757526
2,GB,30,PMv-R,LT_Pronation_anti_L,0.0386286467992898,0.0296115510387734,0.0682401978380632,0.00101617920609084,0.00109827385050765,4.74014437619913,0.152184361895329
2,GB,31,FEF-R,LT_Pronation_anti_L,0.0385819776419823,0.148272104483907,0.186854082125889,0.00174284651805121,0.00188996797775096,4.70187721129843,0.148003018941853
2,GB,32,POJ-R,LT_Pronation_anti_L,0.100594807066076,0.0592760668978471,0.159870873963923,0.00157400481366746,0.0017029672837302,4.70938748073578,0.146903874473225
3,JDC,1,V1-L,LT_Pronation_anti_L,0.0537465897084394,0.0507287690713281,0.104475358779768,0.00130811805328761,0.00141703187047653,4.63023801170891,0.127391994610535
3,JDC,2,V3-L,LT_Pronation_anti_L,0.0329134418599543,0.0356655209205852,0.0685789627805396,0.000972349194951646,0.00105128871289171,4.64906402155269,0.129091791493216
3,JDC,3,STS-L,LT_Pronation_anti_L,0.0728890062702637,0.0986989435647296,0.171587949834993,0.00154589777217666,0.00166554988554383,4.6166295512664,0.121968163689351
3,JDC,4,IPL-L,LT_Pronation_anti_L,0.0778649243036358,0.0524520407195589,0.130316965023195,0.00147844147900388,0.00159494844582524,4.62326760246956,0.125955064311714
3,JDC,5,SPL-L,LT_Pronation_anti_L,0.153674190674134,0.0722792422077023,0.225953432881836,0.00203231631016975,0.00218600442619488,4.5956790973239,0.121034710637322
3,JDC,6,AG-L,LT_Pronation_anti_L,0.0717647035401671,0.0779237600549202,0.149688463595087,0.0015687081721659,0.00169551414707516,4.61658053808117,0.124006623409534
3,JDC,7,mIPS-L,LT_Pronation_anti_L,0.0632989328022159,0.108365043444063,0.171663976246279,0.0018203150667582,0.00196627717600571,4.60534707042121,0.124266095317016
3,JDC,8,VIP-L,LT_Pronation_anti_L,0.130702733999776,0.0648028161684638,0.195505550168239,0.00180142844771972,0.00193462355312473,4.60793601447551,0.123002421977979
3,JDC,9,SPOC-L,LT_Pronation_anti_L,0.0529577039627023,0.128698715071347,0.181656419034049,0.00155984053765043,0.00167697152614757,4.6180327228997,0.122853964647077
3,JDC,10,S1-L,LT_Pronation_anti_L,0.0792735519885473,0.0635357265802621,0.142809278568809,0.00152782614573398,0.00164679010368169,4.62068864143569,0.125878089177007
3,JDC,11,M1-L,LT_Pronation_anti_L,0.0712981641597812,0.0770843572981595,0.148382521457941,0.00155154341855385,0.00167568430987615,4.61964823565793,0.125676745365465
3,JDC,12,SMA-L,LT_Pronation_anti_L,0.0623360841965778,0.0417275053505545,0.104063589547132,0.00127677870173314,0.00137977040524488,4.63254920233795,0.127016892630121
3,JDC,13,PMd-L,LT_Pronation_anti_L,0.0590182032721832,0.0692637279138974,0.128281931186081,0.00144525436707913,0.00156203049703344,4.62491150372795,0.126322971140829
3,JDC,14,PMv-L,LT_Pronation_anti_L,0.0660420299207701,0.0499523869426033,0.115994416863373,0.00132314698869467,0.00142789869745264,4.63051881866687,0.125550908517382
3,JDC,15,FEF-L,LT_Pronation_anti_L,0.0676911769851361,0.0661327944823913,0.133823971467527,0.00160235958430622,0.00173131045573318,4.61588855292567,0.126264009857487
3,JDC,16,POJ-L,LT_Pronation_anti_L,0.109557987345515,0.104179318012906,0.213737305358421,0.00191689956633292,0.00207081191112861,4.60133742022751,0.122879133131031
3,JDC,17,V1-R,LT_Pronation_anti_L,0.0327570093770509,0.0559302255107512,0.0886872348878021,0.00108367848240376,0.00117028471734626,4.64292445254689,0.127576867031133
3,JDC,18,V3-R,LT_Pronation_anti_L,0.0519617296563579,0.0435688405620543,0.0955305702184122,0.00109153846741949,0.00117804732169633,4.64358296362916,0.126912143172081
3,JDC,19,STS-R,LT_Pronation_anti_L,0.0742942193838424,0.139680833162947,0.21397505254679,0.0020191882836382,0.00217719526087958,4.59680467780038,0.121136848606999
3,JDC,20,IPL-R,LT_Pronation_anti_L,0.0926836305326842,0.116127792601245,0.208811423133929,0.00189793508162538,0.00204971693989404,4.60279658912047,0.122293287409522
3,JDC,21,SPL-R,LT_Pronation_anti_L,0.0721217952362054,0.0858806407218644,0.15800243595807,0.00165390214488688,0.00178391848221606,4.6160910318182,0.125334941298772
3,JDC,22,AG-R,LT_Pronation_anti_L,0.106960017470646,0.0557794389502384,0.162739456420884,0.00155594765974141,0.00167606727313924,4.61943198181859,0.124365575304848
3,JDC,23,mIPS-R,LT_Pronation_anti_L,0.0972610776918933,0.140797635798889,0.238058713490783,0.00204408462244155,0.00219866933964578,4.59733719845073,0.120784992126859
3,JDC,24,VIP-R,LT_Pronation_anti_L,0.0894583058187653,0.126738834925981,0.216197140744747,0.00185697513221415,0.00200519673609794,4.604919510793,0.122067195237764
3,JDC,25,SPOC-R,LT_Pronation_anti_L,0.0639554858270328,0.0609572342457471,0.12491272007278,0.0015017124560126,0.0016175805669566,4.62318718742515,0.126598531836196
3,JDC,26,S1-R,LT_Pronation_anti_L,0.0670990007302049,0.0801776814599306,0.147276682190136,0.00159465851678141,0.00171768753583942,4.61702548220518,0.126032137531634
3,JDC,27,M1-R,LT_Pronation_anti_L,0.0687474592103991,0.0639405816526808,0.13268804086308,0.00136082542571957,0.00146379894862793,4.62754751617338,0.125620750243262
3,JDC,28,SMA-R,LT_Pronation_anti_L,0.0628745915064529,0.0440033517952208,0.106877943301674,0.00129395550351793,0.00139860282476534,4.63214267131459,0.12742378273268
3,JDC,29,PMd-R,LT_Pronation_anti_L,0.0452915323102253,0.0684261359864705,0.113717668296696,0.00122305730411329,0.00131413026562202,4.63612609565435,0.125885026455324
3,JDC,30,PMv-R,LT_Pronation_anti_L,0.0628679451765738,0.0534870049397883,0.116354950116362,0.00122145484806584,0.00131683891789355,4.63547041415452,0.125432805545059
3,JDC,31,FEF-R,LT_Pronation_anti_L,0.148137113298576,0.0694809186981536,0.21761803199673,0.00190205724148036,0.00205021583108016,4.60185805270654,0.120597324557343
3,JDC,32,POJ-R,LT_Pronation_anti_L,0.115663443475995,0.110695962877269,0.226359406353264,0.0019805273711364,0.00212814377191458,4.59921089516288,0.120810468967658
4,JFXD,1,V1-L,LT_Pronation_anti_L,0.0513084147245489,0.0614940608165206,0.112802475541069,0.00120279132829387,0.00127540900186646,4.62350180263384,0.111248857868559
4,JFXD,2,V3-L,LT_Pronation_anti_L,0.0609602534553246,0.0292603163042992,0.0902205697596238,0.00107763969771765,0.00114972099892955,4.6294907606014,0.112605805117538
4,JFXD,3,STS-L,LT_Pronation_anti_L,0.0591991906803138,0.0924626671305208,0.151661857810835,0.00151609620172542,0.00161031283635481,4.60647241069079,0.109539239834756
4,JFXD,4,IPL-L,LT_Pronation_anti_L,0.0811142360673506,0.0768281208569292,0.15794235692428,0.00157558722316079,0.00166668738223572,4.60441451092151,0.109793798872175
4,JFXD,5,SPL-L,LT_Pronation_anti_L,0.0537360332536111,0.0669471522442684,0.120683185497879,0.00139980131500385,0.00148842147944029,4.61232324076668,0.111649108057487
4,JFXD,6,AG-L,LT_Pronation_anti_L,0.0734064303750991,0.0817675831346616,0.155174013509761,0.00162060282287968,0.0017237188772847,4.6009081928668,0.110167978740865
4,JFXD,7,mIPS-L,LT_Pronation_anti_L,0.0437673002704034,0.0596149369898393,0.103382237260243,0.00127833493229051,0.00135875191423718,4.61899375105684,0.112555348649808
4,JFXD,8,VIP-L,LT_Pronation_anti_L,0.0555586023243777,0.0642517166358632,0.119810318960241,0.00138859884910027,0.00147329411195436,4.6138263543122,0.111267964968795
4,JFXD,9,SPOC-L,LT_Pronation_anti_L,0.0590007554204413,0.0660821909740264,0.125082946394468,0.0014329262920264,0.00152628841163163,4.60981191790899,0.111402527686465
4,JFXD,10,S1-L,LT_Pronation_anti_L,0.0997912524668988,0.0869713814182934,0.186762633885192,0.00176938639297932,0.00187255406643923,4.5947896347291,0.108023718013877
4,JFXD,11,M1-L,LT_Pronation_anti_L,0.0721223601994503,0.0645351812373744,0.136657541436825,0.00147897388627044,0.001567869834387,4.60952243306545,0.110686486462472
4,JFXD,12,SMA-L,LT_Pronation_anti_L,0.0679869171983555,0.0858664131643929,0.153853330362748,0.00165835275573175,0.00175230257273412,4.60270218955997,0.110140680548658
4,JFXD,13,PMd-L,LT_Pronation_anti_L,0.0553821942561935,0.0623915059521991,0.117773700208393,0.00137706688326605,0.00145531650497626,4.61601571613019,0.111515385831605
4,JFXD,14,PMv-L,LT_Pronation_anti_L,0.171894234941368,0.0998088208765331,0.271703055817901,0.00221984486276819,0.00234389151028889,4.57460623711099,0.103202859218224
4,JFXD,15,FEF-L,LT_Pronation_anti_L,0.0844373067433775,0.110711744808779,0.195149051552156,0.00164209838205379,0.00173035958491241,4.6029635546543,0.107497862114965
4,JFXD,16,POJ-L,LT_Pronation_anti_L,0.0650248676378334,0.0453172375243308,0.110342105162164,0.00121329289479322,0.00128908340708764,4.62228242958173,0.111323907472256
4,JFXD,17,V1-R,LT_Pronation_anti_L,0.0727660714604732,0.05622953901282,0.128995610473293,0.00146688829668023,0.0015622279311945,4.60830989234363,0.111270350394616
4,JFXD,18,V3-R,LT_Pronation_anti_L,0.0531875212879139,0.0875611058947658,0.14074862718268,0.00149569465058181,0.00158315363187705,4.60898086380219,0.11005947402512
4,JFXD,19,STS-R,LT_Pronation_anti_L,0.150097355299848,0.0641630125727412,0.214260367872589,0.00190689392336566,0.00201911509488911,4.58943557989443,0.107272019703284
4,JFXD,20,IPL-R,LT_Pronation_anti_L,0.0834386552242452,0.0650015850844309,0.148440240308676,0.00169560813355356,0.00179751536504582,4.59974015623997,0.110469170708352
4,JFXD,21,SPL-R,LT_Pronation_anti_L,0.0343137864444574,0.0544117898649388,0.0887255763093963,0.00118401839729561,0.00125933431396171,4.62437866099115,0.112545427998908
4,JFXD,22,AG-R,LT_Pronation_anti_L,0.0576134358673463,0.0527478174288506,0.110361253296197,0.00130974536394834,0.00139186331931059,4.61773581345664,0.111884594728296
4,JFXD,23,mIPS-R,LT_Pronation_anti_L,0.0328486033231494,0.0499120645646247,0.0827606678877741,0.001118181413532,0.0011923118297361,4.62775699749092,0.113275610329934
4,JFXD,24,VIP-R,LT_Pronation_anti_L,0.0541324937526438,0.0670846031549038,0.121217096907548,0.00146319609413217,0.00154896896751523,4.61025493568938,0.110302708550528
4,JFXD,25,SPOC-R,LT_Pronation_anti_L,0.0637724333724645,0.0796232905290732,0.143395723901538,0.00165319904949671,0.00175809820351788,4.60048974502608,0.110378438595028
4,JFXD,26,S1-R,LT_Pronation_anti_L,0.0917486144826819,0.0744902788095959,0.166238893292278,0.00177459055691477,0.0018741625789564,4.59754591615783,0.109248471217709
4,JFXD,27,M1-R,LT_Pronation_anti_L,0.0826961308662046,0.0810760701948351,0.16377220106104,0.00176715459868372,0.00187436490914892,4.5960916593601,0.109642305855716
4,JFXD,28,SMA-R,LT_Pronation_anti_L,0.0767785915985509,0.0931183866899646,0.169896978288515,0.00173885645676331,0.00183752320043375,4.59888749708106,0.109267033544312
4,JFXD,29,PMd-R,LT_Pronation_anti_L,0.0735795199725206,0.0992354589226607,0.172814978895181,0.00171101767265961,0.00181224106270826,4.59795462342151,0.107985011391283
4,JFXD,30,PMv-R,LT_Pronation_anti_L,0.0916959247528251,0.105398710288051,0.197094635040876,0.00177639717561825,0.00187928009474018,4.59466944397827,0.107549586981921
4,JFXD,31,FEF-R,LT_Pronation_anti_L,0.0957552400527449,0.0783088273852748,0.17406406743802,0.00177008077310448,0.00188133711973766,4.59565555811163,0.109583706898605
4,JFXD,32,POJ-R,LT_Pronation_anti_L,0.0582029582412779,0.0646441155479333,0.122847073789211,0.00141839953238667,0.00150547957405402,4.61198882584075,0.11106200151185
5,JZ,1,V1-L,LT_Pronation_anti_L,0.0729277271956722,0.0611079059031899,0.134035633098862,0.0013881008773449,0.00149827139640874,4.63893740282329,0.130385555663247
5,JZ,2,V3-L,LT_Pronation_anti_L,0.0594751480050514,0.0595919654884855,0.119067113493537,0.00127205089718713,0.00137339387998541,4.6438157032346,0.129843405547834
5,JZ,3,STS-L,LT_Pronation_anti_L,0.0750576343120832,0.099516958323108,0.174574592635191,0.00176421881083175,0.00190213759451967,4.62115921662152,0.127482020641437
5,JZ,4,IPL-L,LT_Pronation_anti_L,0.0446745485091715,0.116538121634557,0.161212670143729,0.00155368538685696,0.00168495113682166,4.6301488865261,0.12895153288284
5,JZ,5,SPL-L,LT_Pronation_anti_L,0.0701807729870347,0.076696107120715,0.14687688010775,0.00157809976520807,0.00169985067401547,4.63027420094606,0.129510030107188
5,JZ,6,AG-L,LT_Pronation_anti_L,0.106365184233831,0.0809931293740992,0.187358313607931,0.00169146345049229,0.00180894283656515,4.62569778597762,0.126541911640395
5,JZ,7,mIPS-L,LT_Pronation_anti_L,0.0675103926742555,0.0490570644558443,0.1165674571301,0.0013182056955323,0.00141830631465153,4.64412910268165,0.130412282401624
5,JZ,8,VIP-L,LT_Pronation_anti_L,0.0568656720945378,0.101606719829864,0.158472391924402,0.00178561344031773,0.00192991292880411,4.62113195561489,0.129801529479462
5,JZ,9,SPOC-L,LT_Pronation_anti_L,0.0620491316612305,0.102513299501179,0.16456243116241,0.00169947904585642,0.00182871044353859,4.62418122646987,0.129832043813535
5,JZ,10,S1-L,LT_Pronation_anti_L,0.135481658201523,0.10793378825699,0.243415446458513,0.0018956970078008,0.00204519107516674,4.61268654318149,0.121853987691407
5,JZ,11,M1-L,LT_Pronation_anti_L,0.0738375795384937,0.15222521345895,0.226062792997444,0.00211229289340423,0.00228952876254225,4.60538228373442,0.124325533607233
5,JZ,12,SMA-L,LT_Pronation_anti_L,0.0657692122181223,0.0808665089619773,0.1466357211801,0.0015386663275826,0.0016654085747267,4.63170426838002,0.12983467286374
5,JZ,13,PMd-L,LT_Pronation_anti_L,0.109562384361801,0.0728546290936986,0.182417013455499,0.00162119191523723,0.00173431846383939,4.62728113423771,0.125854147030085
5,JZ,14,PMv-L,LT_Pronation_anti_L,0.123734242508302,0.123314419579643,0.247048662087945,0.00223587336147058,0.00242658251361607,4.59796656675031,0.123687945679912
5,JZ,15,FEF-L,LT_Pronation_anti_L,0.0706550090469508,0.109230387673906,0.179885396720857,0.00175149611603278,0.00188740715574948,4.62263679003281,0.128689984738973
5,JZ,16,POJ-L,LT_Pronation_anti_L,0.0774163185120818,0.0580921645474288,0.135508483059511,0.00146283456413342,0.00157955626919619,4.63579639031409,0.130400540626827
5,JZ,17,V1-R,LT_Pronation_anti_L,0.121712232712071,0.0628930303963952,0.184605263108467,0.00178999382227141,0.00193789015018542,4.6181703694999,0.128332074049893
5,JZ,18,V3-R,LT_Pronation_anti_L,0.0578102415849866,0.0873833563897235,0.14519359797471,0.0014624932597285,0.00158447955681874,4.63338702384187,0.129530532567122
5,JZ,19,STS-R,LT_Pronation_anti_L,0.0547386192987626,0.0385352470326799,0.0932738663314425,0.00115040853605907,0.0012385727582346,4.65131387397339,0.131365411146794
5,JZ,20,IPL-R,LT_Pronation_anti_L,0.0671588714821904,0.0556044265782393,0.12276329806043,0.00136746540949099,0.00147505719831818,4.6404291275548,0.130919630428072
5,JZ,21,SPL-R,LT_Pronation_anti_L,0.0509848557649444,0.0964816771729629,0.147466532937907,0.00146717511283456,0.00157786779537027,4.63458741795789,0.130313764270769
5,JZ,22,AG-R,LT_Pronation_anti_L,0.0673837318770602,0.0848327366988477,0.152216468575908,0.00163224182473141,0.00176432376426164,4.62532790123453,0.129507843688428
5,JZ,23,mIPS-R,LT_Pronation_anti_L,0.0479401718977712,0.07609133972248,0.124031511620251,0.00135232474625394,0.00145629015825352,4.64053474876917,0.130237987755663
5,JZ,24,VIP-R,LT_Pronation_anti_L,0.0623100429864402,0.0621435204757612,0.124453563462201,0.00142696590489407,0.00153881399594487,4.63756788213657,0.130362546491199
5,JZ,25,SPOC-R,LT_Pronation_anti_L,0.0804687550871405,0.0587399113797451,0.139208666466886,0.00148543913280319,0.00159991946496813,4.63337343746954,0.130352949923131
5,JZ,26,S1-R,LT_Pronation_anti_L,0.123367545295214,0.0564551073655462,0.17982265266076,0.00162282727480744,0.00175984608338221,4.62542198860112,0.127507184553376
5,JZ,27,M1-R,LT_Pronation_anti_L,0.0860489715581142,0.0505870965653003,0.136636068123415,0.00129619242669684,0.00138644514321495,4.64381044839898,0.126387022883994
5,JZ,28,SMA-R,LT_Pronation_anti_L,0.0886001750248656,0.0482205055227455,0.136820680547611,0.00140196528184791,0.00151008462891618,4.63921751938514,0.129718037846238
5,JZ,29,PMd-R,LT_Pronation_anti_L,0.0575853340315091,0.0773512746093007,0.13493660864081,0.00150823318221331,0.00163136841650583,4.63244179759885,0.131057867867708
5,JZ,30,PMv-R,LT_Pronation_anti_L,0.0862269465740713,0.0524398012782251,0.138666747852296,0.00146746412474939,0.00158785514702809,4.63359335075568,0.1305714537782
5,JZ,31,FEF-R,LT_Pronation_anti_L,0.087721605189251,0.0919745905748368,0.179696195764088,0.00161508957997131,0.00173971577330711,4.62619189020315,0.128658282486987
5,JZ,32,POJ-R,LT_Pronation_anti_L,0.0820658462816903,0.0418145577397987,0.123880404021489,0.00141952439666964,0.00152863416657093,4.63796845397072,0.131245832988148
6,LT,1,V1-L,LT_Pronation_anti_L,0.0570618621291957,0.107439650565382,0.164501512694578,0.00154170943335657,0.00164811105049313,4.52894286629084,0.0956162510253286
6,LT,2,V3-L,LT_Pronation_anti_L,0.0342979751253705,0.13367453748223,0.1679725126076,0.00156500281887567,0.00167348586357803,4.527809194465,0.0951387396484583
6,LT,3,STS-L,LT_Pronation_anti_L,0.0521402741830423,0.0873311621845734,0.139471436367616,0.00136553601761716,0.00145138543587639,4.53770437173347,0.0950107767255209
6,LT,4,IPL-L,LT_Pronation_anti_L,0.0482584221779618,0.0942634459846634,0.142521868162625,0.00146359310134682,0.0015571051114795,4.5329258759226,0.0967875547653508
6,LT,5,SPL-L,LT_Pronation_anti_L,0.0726369864782359,0.0640360195740409,0.136673006052277,0.0015423258166764,0.00164200563362518,4.52926950686717,0.0967601673134056
6,LT,6,AG-L,LT_Pronation_anti_L,0.0596828148943231,0.0554610914719509,0.115143906366274,0.0012556101844213,0.00133669072464854,4.54381723713704,0.0974967752789481
6,LT,7,mIPS-L,LT_Pronation_anti_L,0.0788035241612889,0.0525731666319222,0.131376690793211,0.0014159146522583,0.00150737295959967,4.53617932024131,0.0961588205727981
6,LT,8,VIP-L,LT_Pronation_anti_L,0.0555832749148021,0.069718972757932,0.125302247672734,0.00131396502260018,0.00139607449164782,4.54085597745274,0.0967739900341632
6,LT,9,SPOC-L,LT_Pronation_anti_L,0.0439317317895143,0.101866685294293,0.145798417083807,0.00150397822580243,0.00160582356162782,4.53031185536112,0.0962120002998733
6,LT,10,S1-L,LT_Pronation_anti_L,0.0718423093441566,0.0882358519367056,0.160078161280862,0.00157247061217925,0.00167681927664245,4.52752207468183,0.095049017046535
6,LT,11,M1-L,LT_Pronation_anti_L,0.0978064529398217,0.043130606790074,0.140937059729896,0.00134633003261882,0.00143035186333629,4.53915772315565,0.0957164728784568
6,LT,12,SMA-L,LT_Pronation_anti_L,0.0573538150209176,0.0561514728014834,0.113505287822401,0.00126370787648508,0.00134977479699353,4.5419639423858,0.0975767230109132
6,LT,13,PMd-L,LT_Pronation_anti_L,0.0868993034468604,0.0440167547594584,0.130916058206319,0.00134505645868511,0.00143629489613288,4.53857573337369,0.0965937236732001
6,LT,14,PMv-L,LT_Pronation_anti_L,0.0541463611053632,0.0443398550708714,0.0984862161762346,0.00121629497730101,0.00130060525807803,4.54478435439335,0.0979911340326821
6,LT,15,FEF-L,LT_Pronation_anti_L,0.0708292833447085,0.0342408397042777,0.105070123048986,0.00118930040641106,0.00126719668760694,4.54718019844267,0.0976093235139884
6,LT,16,POJ-L,LT_Pronation_anti_L,0.0585570487644027,0.0677478865031694,0.126304935267572,0.0014478772835601,0.00154337305395094,4.53381040416653,0.096811701086874
6,LT,17,V1-R,LT_Pronation_anti_L,0.0643994081626646,0.0671006886821107,0.131500096844775,0.00135345636728322,0.00144183537503185,4.53779071134591,0.0961317603559843
6,LT,18,V3-R,LT_Pronation_anti_L,0.0610291439416574,0.0732554166982444,0.134284560639902,0.00146724496478318,0.00156456832328116,4.53267471900783,0.0960116181435308
6,LT,19,STS-R,LT_Pronation_anti_L,0.0352202275516345,0.0307061044946474,0.0659263320462819,0.000814261951041511,0.000865153415109341,4.57046971435759,0.0987417753140502
6,LT,20,IPL-R,LT_Pronation_anti_L,0.0672202857710523,0.0393622573081809,0.106582543079233,0.00133076437329581,0.00142050040324304,4.53918794927524,0.0982550992141104
6,LT,21,SPL-R,LT_Pronation_anti_L,0.106533073359684,0.0583787048080899,0.164911778167774,0.00159854056442026,0.00169712572968831,4.52758371018101,0.0953269381359594
6,LT,22,AG-R,LT_Pronation_anti_L,0.106711242327152,0.0893042794767128,0.196015521803865,0.00181078987429028,0.00191980660843773,4.51662720894551,0.0925348679205016
6,LT,23,mIPS-R,LT_Pronation_anti_L,0.0581251089385951,0.0729349642357932,0.131060073174388,0.00145985957674621,0.00155710257116131,4.5335081316109,0.0965822115337851
6,LT,24,VIP-R,LT_Pronation_anti_L,0.0558759656501922,0.043041807247339,0.0989177728975312,0.00121473549639788,0.00129284626012062,4.54618330417297,0.0980906688536608
6,LT,25,SPOC-R,LT_Pronation_anti_L,0.0595838135083382,0.0606752900002791,0.120259103508617,0.00141613700397394,0.00150829747610995,4.53557245107017,0.0970510097331615
6,LT,26,S1-R,LT_Pronation_anti_L,0.0580115334472055,0.0565500268810322,0.114561560328238,0.00134039194666129,0.00143225669005494,4.53845447801702,0.0969931121707637
6,LT,27,M1-R,LT_Pronation_anti_L,0.0838061150620378,0.073725536097033,0.157531651159071,0.00159374394664728,0.00169523034515884,4.52620410777338,0.094663904284047
6,LT,28,SMA-R,LT_Pronation_anti_L,0.0803064673436318,0.0585155221703471,0.138821989513979,0.00148980321866625,0.0015895525181989,4.53050194538378,0.0963179344947864
6,LT,29,PMd-R,LT_Pronation_anti_L,0.0532662735309227,0.0423983712138082,0.0956646447447309,0.0011833101665107,0.0012621993876201,4.54737315419291,0.0977411467768513
6,LT,30,PMv-R,LT_Pronation_anti_L,0.0434710708568468,0.0638999761837158,0.107371047040563,0.00125073417124333,0.00133218012728536,4.54427800372615,0.0976663379260541
6,LT,31,FEF-R,LT_Pronation_anti_L,0.0506827610339306,0.056863389855757,0.107546150889688,0.00121630509356345,0.00129552785807874,4.5457866426117,0.0975699946444816
6,LT,32,POJ-R,LT_Pronation_anti_L,0.092434597317307,0.0455681927567001,0.138002790074007,0.00134899551436408,0.0014311653853865,4.5388055780428,0.0966585761080795
7,NvA,1,V1-L,LT_Pronation_anti_L,0.0417057244483176,0.044692983253365,0.0863987077016826,0.00113736812391377,0.00122412948911395,4.74415952317101,0.152993768873222
7,NvA,2,V3-L,LT_Pronation_anti_L,0.0849207862692009,0.099047120746814,0.183967907016015,0.00164592021070504,0.00177557053870702,4.71633191279459,0.147683242263255
7,NvA,3,STS-L,LT_Pronation_anti_L,0.053280344413368,0.0615713309384039,0.114851675351772,0.00140086236465075,0.00151317844311184,4.72801968348905,0.152323454963809
7,NvA,4,IPL-L,LT_Pronation_anti_L,0.0842575222130865,0.110641408916965,0.194898931130052,0.00202092292104606,0.00218334512369505,4.70236364966583,0.149863634393818
7,NvA,5,SPL-L,LT_Pronation_anti_L,0.0541605145208158,0.118814656118284,0.172975170639099,0.00181914703860842,0.00196581772585335,4.7097328205055,0.150140319386649
7,NvA,6,AG-L,LT_Pronation_anti_L,0.0818544525787232,0.0598650612962162,0.141719513874939,0.00153775775491627,0.00166876355167951,4.72190914679974,0.1512473579045
7,NvA,7,mIPS-L,LT_Pronation_anti_L,0.108749198867537,0.0856352196553109,0.194384418522848,0.00189002921192846,0.00204451009287801,4.70603537419928,0.149262417522877
7,NvA,8,VIP-L,LT_Pronation_anti_L,0.110612367501088,0.0695361157163645,0.180148483217453,0.00162749025281358,0.00175261010315575,4.71764006696685,0.148610103515345
7,NvA,9,SPOC-L,LT_Pronation_anti_L,0.139405413814395,0.110311586445141,0.249717000259536,0.00228708969936989,0.00247310142050009,4.68858693011686,0.144033794571816
7,NvA,10,S1-L,LT_Pronation_anti_L,0.0890696588871327,0.135495469550388,0.224565128437521,0.0020868674552691,0.00225740373742462,4.69856472616659,0.148283002139433
7,NvA,11,M1-L,LT_Pronation_anti_L,0.0803661080989353,0.134487058449511,0.214853166548446,0.00195968157444801,0.00211384354574968,4.70308286809246,0.148649773113886
7,NvA,12,SMA-L,LT_Pronation_anti_L,0.0542030315771275,0.0840789928191205,0.138282024396248,0.00153311672432601,0.0016597205564637,4.72233170242343,0.150000724267399
7,NvA,13,PMd-L,LT_Pronation_anti_L,0.120695380856649,0.0597280771557741,0.180423458012423,0.00162993275188228,0.00175262027152098,4.71824228934191,0.149198679335146
7,NvA,14,PMv-L,LT_Pronation_anti_L,0.0816784563940475,0.0482314440080229,0.12990990040207,0.00151113484641339,0.00163327840432441,4.72199454511677,0.150323693962597
7,NvA,15,FEF-L,LT_Pronation_anti_L,0.113744646800422,0.0570131931519499,0.170757839952372,0.00174403306923479,0.00188215765709325,4.71373911399922,0.15014039224542
7,NvA,16,POJ-L,LT_Pronation_anti_L,0.0776681588014611,0.0644822360272012,0.142150394828662,0.00144187682859559,0.00155568586434949,4.72839615499622,0.150129270410268
7,NvA,17,V1-R,LT_Pronation_anti_L,0.0765928921161235,0.0571132483138737,0.133706140429997,0.00162380301624558,0.00176173180163801,4.71927631673719,0.151834201587178
7,NvA,18,V3-R,LT_Pronation_anti_L,0.0781049502176561,0.0954092529328389,0.173514203150495,0.0015511221201107,0.00166871796274585,4.72231938932149,0.14757913326168
7,NvA,19,STS-R,LT_Pronation_anti_L,0.0552387474515722,0.048171719861183,0.103410467312755,0.00135353943288632,0.00146491275289982,4.73152472161376,0.153419782581227
7,NvA,20,IPL-R,LT_Pronation_anti_L,0.0657217290717204,0.0991689749414121,0.164890704013133,0.00166406327585784,0.00179896538034537,4.71473728617709,0.148901093608162
7,NvA,21,SPL-R,LT_Pronation_anti_L,0.0763678870903631,0.0857449449978862,0.162112832088249,0.00173700033206741,0.0018808078942014,4.71316603850739,0.149472337414864
7,NvA,22,AG-R,LT_Pronation_anti_L,0.0886485976240546,0.0931962575237157,0.18184485514777,0.00178291369029306,0.00191918133276761,4.71234727585112,0.147259106641789
7,NvA,23,mIPS-R,LT_Pronation_anti_L,0.0747663841696692,0.0616184807905309,0.1363848649602,0.0015720262994555,0.00170432499908033,4.72132646989708,0.150927211422142
7,NvA,24,VIP-R,LT_Pronation_anti_L,0.0556111351260396,0.107487469055499,0.163098604181539,0.00159663026017689,0.00172790569193979,4.71837207293092,0.149228835416213
7,NvA,25,SPOC-R,LT_Pronation_anti_L,0.164165790685738,0.149662394146001,0.313828184831739,0.00234676479900206,0.00252642346912598,4.68595378975381,0.140012578378806
7,NvA,26,S1-R,LT_Pronation_anti_L,0.115788263620588,0.109814213682046,0.225602477302634,0.00198642475474059,0.00213619562774309,4.70047144793673,0.143839990018962
7,NvA,27,M1-R,LT_Pronation_anti_L,0.132011738880857,0.0916068618467041,0.223618600727561,0.00212192603447267,0.00228858866430025,4.69677048639084,0.14657718225419
7,NvA,28,SMA-R,LT_Pronation_anti_L,0.0871199130507551,0.0594262541796558,0.146546167230411,0.00164281346027133,0.00178277588702127,4.71751021761542,0.150585610700308
7,NvA,29,PMd-R,LT_Pronation_anti_L,0.0640346841159377,0.131166731140856,0.195201415256794,0.00175994907471016,0.00189621577884621,4.71321984533281,0.147660141219479
7,NvA,30,PMv-R,LT_Pronation_anti_L,0.0777166605110751,0.121294064749058,0.199010725260134,0.00196438988001733,0.0021260980674424,4.70023951710914,0.146597533180774
7,NvA,31,FEF-R,LT_Pronation_anti_L,0.115698448890372,0.0855261138337205,0.201224562724093,0.00186911079456505,0.00202427082033195,4.70691850013025,0.147675307419314
7,NvA,32,POJ-R,LT_Pronation_anti_L,0.137527861862319,0.101448514283334,0.238976376145653,0.00215301445969454,0.00232731100269012,4.69652872609177,0.145024651533622
8,RR,1,V1-L,LT_Pronation_anti_L,0.0927219399962834,0.0392888209965229,0.132010760992806,0.00131713707699612,0.00141247057233048,4.5743526098616,0.121825906139048
8,RR,2,V3-L,LT_Pronation_anti_L,0.0582715406612973,0.0615694567813823,0.11984099744268,0.00135721053091286,0.00146633165368896,4.57195047013289,0.122309778501246
8,RR,3,STS-L,LT_Pronation_anti_L,0.0631949735474601,0.0948028672832542,0.157997840830714,0.00163362220174995,0.00175995669390996,4.5574830068932,0.119259703721629
8,RR,4,IPL-L,LT_Pronation_anti_L,0.0367522685493034,0.0662558255664411,0.103008094115745,0.00110954550637899,0.00118827981448567,4.58590107705601,0.123071904004559
8,RR,5,SPL-L,LT_Pronation_anti_L,0.0529573924335721,0.0777929299666789,0.130750322400251,0.00145343725432367,0.001564416076175,4.56824538492911,0.122009261453038
8,RR,6,AG-L,LT_Pronation_anti_L,0.0742633191096039,0.0736807267709347,0.147944045880539,0.00144400130922559,0.00154938556098666,4.56803384026745,0.120517836862983
8,RR,7,mIPS-L,LT_Pronation_anti_L,0.0756993695145568,0.0497893503937892,0.125488719908346,0.00140449516493092,0.00151131644739636,4.5699861406467,0.1221758042942
8,RR,8,VIP-L,LT_Pronation_anti_L,0.0698721141485806,0.0527713581284215,0.122643472277002,0.0012725914092655,0.00136619294445807,4.57685110104037,0.122236401308766
8,RR,9,SPOC-L,LT_Pronation_anti_L,0.0596716175137381,0.0927011886112419,0.15237280612498,0.00145812340963268,0.00157363430024493,4.56658799686897,0.12022280600248
8,RR,10,S1-L,LT_Pronation_anti_L,0.0549518756719192,0.0498116897051525,0.104763565377072,0.00120109072107614,0.00128924206249206,4.58044255877457,0.123867769060875
8,RR,11,M1-L,LT_Pronation_anti_L,0.0528463041919414,0.0399610266844103,0.0928073308763517,0.00114281922345001,0.00122809741642748,4.5845148872655,0.123977312493175
8,RR,12,SMA-L,LT_Pronation_anti_L,0.05584403440764,0.0740871057802853,0.129931140187925,0.00141993800975974,0.00152694454397322,4.57043265465365,0.122174426845259
8,RR,13,PMd-L,LT_Pronation_anti_L,0.0771147362380378,0.0632800439005419,0.14039478013858,0.00148381135382365,0.00160184256540094,4.5655471504036,0.121726687651267
8,RR,14,PMv-L,LT_Pronation_anti_L,0.0428682868133461,0.0521992508959108,0.0950675377092569,0.00121842886653388,0.00131371333232448,4.57994947350896,0.123945601362862
8,RR,15,FEF-L,LT_Pronation_anti_L,0.0490746749820601,0.0477261151627022,0.0968007901447623,0.00124272141902868,0.00133842682077339,4.57856693470969,0.123401682203902
8,RR,16,POJ-L,LT_Pronation_anti_L,0.0733593732179437,0.0590919663014792,0.132451339519423,0.0014276016820821,0.00154426436696831,4.56838334986987,0.121873812823717
8,RR,17,V1-R,LT_Pronation_anti_L,0.0510768089075459,0.0662437997280583,0.117320608635604,0.00121148304251446,0.00130537564985143,4.5810369316589,0.121527726939081
8,RR,18,V3-R,LT_Pronation_anti_L,0.075122613160502,0.0645273802775666,0.139649993438069,0.00136605805577074,0.00147332633763934,4.5724306135805,0.120928034023494
8,RR,19,STS-R,LT_Pronation_anti_L,0.0532132523991165,0.0605785586792561,0.113791811078373,0.00124765675994125,0.00135042016163625,4.57728264925982,0.122121048679112
8,RR,20,IPL-R,LT_Pronation_anti_L,0.0684293157189898,0.0785940573042998,0.14702337302329,0.00134775176879043,0.0014493737688827,4.57406941174012,0.119690943907406
8,RR,21,SPL-R,LT_Pronation_anti_L,0.0713418033044288,0.130396868437066,0.201738671741495,0.001586289239014,0.00171612110391885,4.55931164524442,0.115810578315453
8,RR,22,AG-R,LT_Pronation_anti_L,0.0876026698232935,0.0947716860151085,0.182374355838402,0.00176489922456265,0.00191241027827127,4.55192948626745,0.118694972165435
8,RR,23,mIPS-R,LT_Pronation_anti_L,0.0637100530875087,0.0784571673450667,0.142167220432575,0.00131259685209968,0.00142010278503542,4.57584173640829,0.11939611863861
8,RR,24,VIP-R,LT_Pronation_anti_L,0.112729752258918,0.0768279163588631,0.189557668617781,0.00177050007349787,0.0019132854987419,4.55244606265614,0.118875700367254
8,RR,25,SPOC-R,LT_Pronation_anti_L,0.0856254169232885,0.124690079197531,0.210315496120819,0.00195169428707924,0.00210586993918088,4.54239965922213,0.117289760249206
8,RR,26,S1-R,LT_Pronation_anti_L,0.0938312992232996,0.0873743513348119,0.181205650558112,0.00153787991215434,0.00165250361012451,4.56355595646346,0.115784848244811
8,RR,27,M1-R,LT_Pronation_anti_L,0.108571751197663,0.0824544662413315,0.191026217438994,0.00183333208195872,0.00197417684061336,4.54966368654919,0.117193352159154
8,RR,28,SMA-R,LT_Pronation_anti_L,0.0600071761291392,0.0890213526030283,0.149028528732167,0.00159107525854114,0.0017151655821868,4.56186230377823,0.12047371448137
8,RR,29,PMd-R,LT_Pronation_anti_L,0.0951707820363595,0.0902297484677865,0.185400530504146,0.00168357017731984,0.00180754018366097,4.55636203799645,0.11788900523506
8,RR,30,PMv-R,LT_Pronation_anti_L,0.0712328807979369,0.0548503300900085,0.126083210887945,0.00132668634642954,0.00142440388708464,4.57407432490009,0.122407276349491
8,RR,31,FEF-R,LT_Pronation_anti_L,0.0992670914582495,0.0442525941287397,0.143519685586989,0.00144051245254257,0.00155130273101211,4.56843368694832,0.121264233649353
8,RR,32,POJ-R,LT_Pronation_anti_L,0.103572980820827,0.0718893891066787,0.175462369927505,0.0015096817727569,0.00162128086463608,4.56465474185058,0.117842611542771
9,SJB,1,V1-L,LT_Pronation_anti_L,0.115921349257563,0.0902210545447459,0.206142403802309,0.00180401695406415,0.00194994391507379,4.58938371459062,0.121067609197807
9,SJB,2,V3-L,LT_Pronation_anti_L,0.059134884096317,0.0849548150352918,0.144089699131609,0.00139087973349934,0.00150415308294712,4.60797554345476,0.124074897342596
9,SJB,3,STS-L,LT_Pronation_anti_L,0.0511519950026119,0.0391904227418533,0.0903424177444652,0.0011142802502631,0.00120398979534155,4.62687343521392,0.128341932247012
9,SJB,4,IPL-L,LT_Pronation_anti_L,0.0828087543938706,0.0556613590544305,0.138470113448301,0.00138071506634361,0.00149243520014553,4.61082882352448,0.125956263397621
9,SJB,5,SPL-L,LT_Pronation_anti_L,0.0744795162814834,0.0725241031859321,0.147003619467416,0.00155300416489429,0.00167933193045332,4.60356288313135,0.125665592488126
9,SJB,6,AG-L,LT_Pronation_anti_L,0.0615053038048216,0.0465691606224911,0.108074464427313,0.00129437650996158,0.00140183046813062,4.61588299765457,0.128335709340558
9,SJB,7,mIPS-L,LT_Pronation_anti_L,0.0575485319048844,0.115904978013682,0.173453509918567,0.00175665519739107,0.00189922040366586,4.59429473121955,0.124979981863967
9,SJB,8,VIP-L,LT_Pronation_anti_L,0.0798280395768249,0.0441451423854182,0.123973181962243,0.00137151511070238,0.00148478349690618,4.61227001320858,0.127589681943073
9,SJB,9,SPOC-L,LT_Pronation_anti_L,0.0787604614141717,0.0915234448742648,0.170283906288437,0.00164002639355444,0.00176997613770057,4.59980978902004,0.121861616270204
9,SJB,10,S1-L,LT_Pronation_anti_L,0.10962443636553,0.0611928578062611,0.170817294171791,0.00158541822348347,0.00171583138902083,4.59926320640891,0.125401816107994
9,SJB,11,M1-L,LT_Pronation_anti_L,0.0525974253476571,0.103012830147927,0.155610255495584,0.00152703061956877,0.00165448064185491,4.60312475192416,0.126108355442564
9,SJB,12,SMA-L,LT_Pronation_anti_L,0.0614297997565705,0.0866020809288796,0.14803188068545,0.00142259492238825,0.00153225303010446,4.60842290089423,0.125978870303985
9,SJB,13,PMd-L,LT_Pronation_anti_L,0.0704537088196846,0.100566226896687,0.171019935716372,0.0016578868580027,0.00179860267160407,4.59610439628047,0.125102987546898
9,SJB,14,PMv-L,LT_Pronation_anti_L,0.0386616176120858,0.0354597093170728,0.0741213269291586,0.00098057800006847,0.00106402675567067,4.63338332581534,0.129801524060931
9,SJB,15,FEF-L,LT_Pronation_anti_L,0.0799592783615145,0.056443985461257,0.136403263822772,0.00147226303131075,0.00159109869477012,4.60591287012131,0.127335438701845
9,SJB,16,POJ-L,LT_Pronation_anti_L,0.0520778879154926,0.085079887051184,0.137157774966677,0.00137538591921728,0.00147776836661568,4.6127700430523,0.124861144812298
9,SJB,17,V1-R,LT_Pronation_anti_L,0.0972108926461747,0.063609815491665,0.16082070813784,0.00146957834298047,0.00158207326948447,4.60752038547372,0.125635451993583
9,SJB,18,V3-R,LT_Pronation_anti_L,0.0815713806593024,0.11586243438097,0.197433815040272,0.00192073930443721,0.00208112259414311,4.58650185235013,0.124522707030988
9,SJB,19,STS-R,LT_Pronation_anti_L,0.062561170529315,0.0470980631742085,0.109659233703524,0.00132464084339662,0.00143051395526582,4.61507223604711,0.127546820768999
9,SJB,20,IPL-R,LT_Pronation_anti_L,0.0725322973495969,0.0413695127388052,0.113901810088402,0.00119165824305373,0.00129080886508006,4.62027289192029,0.127892545397725
9,SJB,21,SPL-R,LT_Pronation_anti_L,0.113598790481664,0.11605191381884,0.229650704300505,0.00213245638225329,0.00230899341545501,4.5774081922042,0.121755094793846
9,SJB,22,AG-R,LT_Pronation_anti_L,0.0931399529564197,0.0766242718597038,0.169764224816124,0.00164190396024768,0.00177394101163885,4.59927342319666,0.124049222941681
9,SJB,23,mIPS-R,LT_Pronation_anti_L,0.0548614108815735,0.0674676390751566,0.12232904995673,0.00136093302302733,0.00148491135897418,4.61121603375014,0.126843693872769
9,SJB,24,VIP-R,LT_Pronation_anti_L,0.0752582188319699,0.0606927759200203,0.13595099475199,0.0014381603087769,0.00154963969997136,4.60884619590588,0.126815036865679
9,SJB,25,SPOC-R,LT_Pronation_anti_L,0.0997648303874099,0.104274621798191,0.2040394521856,0.0018116979691891,0.00195339909060133,4.59090421025474,0.123383545978208
9,SJB,26,S1-R,LT_Pronation_anti_L,0.0495210464113656,0.110815399154559,0.160336445565925,0.00162987113511732,0.00176123483114609,4.59831524708189,0.125853105235217
9,SJB,27,M1-R,LT_Pronation_anti_L,0.0752469519670263,0.0868566543978792,0.162103606364906,0.00168446038294053,0.00182157466697093,4.59723620915646,0.125398812562163
9,SJB,28,SMA-R,LT_Pronation_anti_L,0.071597337791418,0.0695398320620443,0.141137169853462,0.00141662243750961,0.00153045059428985,4.60808378322069,0.125736414603399
9,SJB,29,PMd-R,LT_Pronation_anti_L,0.0873017249405001,0.0631486370004262,0.150450361940926,0.00159631585385393,0.00172873406230977,4.59988930592652,0.126712422636451
9,SJB,30,PMv-R,LT_Pronation_anti_L,0.0526363937007518,0.0572385740475198,0.109874967748272,0.00118625003049529,0.00128510828083059,4.62092399053333,0.127345348500728
9,SJB,31,FEF-R,LT_Pronation_anti_L,0.065842358308455,0.0453466177635093,0.111188976071964,0.00132509688142861,0.00143803660477061,4.61286459383721,0.128229381895471
9,SJB,32,POJ-R,LT_Pronation_anti_L,0.147510207678028,0.131049134681177,0.278559342359205,0.00226277124387784,0.002446821724536,4.56927289559382,0.118466096437298
1,DOC,1,V1-L,LT_Pronation_anti_R,0.109872246905613,0.039034402061269,0.148906648966882,0.00149923380306727,0.00160397495017597,4.6015805744254,0.111063767240287
1,DOC,2,V3-L,LT_Pronation_anti_R,0.0934657289181869,0.0559889727958663,0.149454701714053,0.00163393761885647,0.00174096642115134,4.59610206651272,0.111218296628373
1,DOC,3,STS-L,LT_Pronation_anti_R,0.05488083415999,0.0477534809642138,0.102634315124204,0.00123833683759082,0.00132947171691273,4.61462553784631,0.112960491926911
1,DOC,4,IPL-L,LT_Pronation_anti_R,0.0545459257074979,0.0679732047516888,0.122519130459187,0.00137629384778939,0.00146285666890017,4.60794000096616,0.111860201846087
1,DOC,5,SPL-L,LT_Pronation_anti_R,0.0496382045815113,0.0613601011085929,0.110998305690104,0.00134811682830533,0.00143648609852093,4.60930930024938,0.112640054481375
1,DOC,6,AG-L,LT_Pronation_anti_R,0.0556753934426458,0.030547265048662,0.0862226584913079,0.00101897856630086,0.00108409303456576,4.62670578069205,0.112473582808471
1,DOC,7,mIPS-L,LT_Pronation_anti_R,0.0867553928232238,0.0480423650422258,0.13479775786545,0.00159189423287871,0.00170282250693141,4.59664342412238,0.111778239930465
1,DOC,8,VIP-L,LT_Pronation_anti_R,0.0858928080879375,0.052706914759496,0.138599722847434,0.00150659256362616,0.00160577246809927,4.60050153604701,0.111017483147204
1,DOC,9,SPOC-L,LT_Pronation_anti_R,0.134359133563117,0.0827137378081723,0.217072871371289,0.00177320470216677,0.0018747871403182,4.58850395389678,0.104086562071102
1,DOC,10,S1-L,LT_Pronation_anti_R,0.056607182607922,0.0760642985074816,0.132671481115404,0.00142683299431151,0.00151770391912249,4.60584772029581,0.111015624925948
1,DOC,11,M1-L,LT_Pronation_anti_R,0.0726611646261302,0.0764142588886803,0.14907542351481,0.00166031191226526,0.00177150087778058,4.59406658979029,0.111425393615351
1,DOC,12,SMA-L,LT_Pronation_anti_R,0.0595564269529772,0.0836363728809785,0.143192799833956,0.00159277584555159,0.0017037317062756,4.59674386453152,0.111325317580899
1,DOC,13,PMd-L,LT_Pronation_anti_R,0.0727301188970072,0.0537489384867019,0.126479057383709,0.00150981013030912,0.00161392246489842,4.60078989288736,0.112348279896437
1,DOC,14,PMv-L,LT_Pronation_anti_R,0.0567141358307118,0.0781134403570276,0.134827576187739,0.00145366085220079,0.00154814252582841,4.60216355335826,0.111971314630106
1,DOC,15,FEF-L,LT_Pronation_anti_R,0.0528530599146033,0.0436393795843656,0.0964924394989689,0.00125154838576639,0.00133994399968782,4.61337575364465,0.113208352365994
1,DOC,16,POJ-L,LT_Pronation_anti_R,0.0833451226282842,0.115060502419806,0.198405625048091,0.00181734515331579,0.00194047344040781,4.58528509185703,0.104684038407146
1,DOC,17,V1-R,LT_Pronation_anti_R,0.09192466386027,0.0728374925298912,0.164762156390161,0.00177299834109145,0.00189820543261762,4.58960290132238,0.110433727476604
1,DOC,18,V3-R,LT_Pronation_anti_R,0.11859575958589,0.0799811559548735,0.198576915540764,0.00181386257280805,0.00193655401534525,4.58653370843937,0.107700427879246
1,DOC,19,STS-R,LT_Pronation_anti_R,0.0542508383312832,0.0578386606723319,0.112089499003615,0.00127450617940908,0.00136317476704267,4.61321052319732,0.111469589619642
1,DOC,20,IPL-R,LT_Pronation_anti_R,0.0601756782108569,0.121750650169987,0.181926328380844,0.00171563719486154,0.00182954752671739,4.59110795920868,0.109403655787294
1,DOC,21,SPL-R,LT_Pronation_anti_R,0.0698701377685416,0.0971413701995427,0.167011507968084,0.00169566730626199,0.00180628394122434,4.59371877274835,0.10987453174042
1,DOC,22,AG-R,LT_Pronation_anti_R,0.0425782905142548,0.0670915162160113,0.109669806730266,0.00125645005067082,0.00134189164890695,4.61385759267055,0.112460171316755
1,DOC,23,mIPS-R,LT_Pronation_anti_R,0.0442998353499173,0.0695243865753247,0.113824221925242,0.00131246862969267,0.00140062349416509,4.61098396416417,0.111937002623279
1,DOC,24,VIP-R,LT_Pronation_anti_R,0.103141072027182,0.0872945935482395,0.190435665575421,0.00186052019170887,0.00198926081072203,4.58444568002629,0.108453563376633
1,DOC,25,SPOC-R,LT_Pronation_anti_R,0.0809408460901578,0.0949306408010805,0.175871486891238,0.00171803490401089,0.0018317242706366,4.59258163592432,0.109050171895966
1,DOC,26,S1-R,LT_Pronation_anti_R,0.0699931550089467,0.0803545082725862,0.150347663281533,0.00160963630522353,0.00171177139129422,4.59642830363319,0.110721289072543
1,DOC,27,M1-R,LT_Pronation_anti_R,0.0679376307160656,0.0895422753620932,0.157479906078159,0.0016890054785739,0.00179945119979239,4.59178057290637,0.110411505812724
1,DOC,28,SMA-R,LT_Pronation_anti_R,0.0429822244955189,0.0877829687681037,0.130765193263623,0.0014628472191907,0.00156681170843352,4.60203964766893,0.111731479225482
1,DOC,29,PMd-R,LT_Pronation_anti_R,0.0427811568150413,0.0729902615635482,0.11577141837859,0.00137161524556991,0.0014645749092242,4.60762537523373,0.112469734365796
1,DOC,30,PMv-R,LT_Pronation_anti_R,0.0484582781584272,0.0548588552665246,0.103317133424952,0.00113661654451905,0.00120905756717542,4.61941228022679,0.112289497606513
1,DOC,31,FEF-R,LT_Pronation_anti_R,0.0632926147368196,0.047614094064003,0.110906708800823,0.0012994307057173,0.00138768648768714,4.61193681579488,0.112523219980879
1,DOC,32,POJ-R,LT_Pronation_anti_R,0.0877019439307385,0.0741459398179007,0.161847883748639,0.00163627761115158,0.00174316740455993,4.59665312404664,0.110022918267378
2,GB,1,V1-L,LT_Pronation_anti_R,0.09213122651962,0.065147073482345,0.157278300001965,0.00161377028096989,0.00173781017018872,4.57158871832794,0.117359776287396
2,GB,2,V3-L,LT_Pronation_anti_R,0.0884948585848342,0.0534892440839055,0.14198410266874,0.00150546572294507,0.00161500819453319,4.57748315306128,0.118310153908361
2,GB,3,STS-L,LT_Pronation_anti_R,0.0578082792321136,0.0678614346680608,0.125669713900174,0.00143841091479173,0.00153839856918343,4.58151842653059,0.117870882752927
2,GB,4,IPL-L,LT_Pronation_anti_R,0.0619726549452249,0.104648140794591,0.166620795739816,0.00160316356940826,0.0017213208206583,4.57277627111483,0.116300283103489
2,GB,5,SPL-L,LT_Pronation_anti_R,0.0821564007878713,0.068200399981024,0.150356800768895,0.0016015966853575,0.00171643192639888,4.57264383367466,0.117524356995649
2,GB,6,AG-L,LT_Pronation_anti_R,0.057544159576516,0.0791227558059847,0.136666915382501,0.00138507857725275,0.00148388430985077,4.58296205243657,0.117087471525556
2,GB,7,mIPS-L,LT_Pronation_anti_R,0.059514763539598,0.0498651166105182,0.109379880150116,0.00137339352625678,0.0014725117684778,4.58471642457194,0.119692947715845
2,GB,8,VIP-L,LT_Pronation_anti_R,0.0987329156478664,0.0943341829880155,0.193067098635882,0.00172206918584543,0.00184737541314592,4.56701815536705,0.114213467368464
2,GB,9,SPOC-L,LT_Pronation_anti_R,0.10793715033615,0.0786817273356281,0.186618877671778,0.00179131593746398,0.00192319951074048,4.56379174170244,0.116378318144852
2,GB,10,S1-L,LT_Pronation_anti_R,0.0503738505887796,0.0762939607627099,0.126667811351489,0.00145653189954789,0.00155972747843491,4.58010994228869,0.11791003795986
2,GB,11,M1-L,LT_Pronation_anti_R,0.0633355074964023,0.0655839860718918,0.128919493568294,0.00138025747395974,0.00148262983709352,4.58287697194361,0.117788737711416
2,GB,12,SMA-L,LT_Pronation_anti_R,0.0999344247819898,0.0453122135063989,0.145246638288389,0.00145732298777129,0.00156163424337003,4.57961936263312,0.117063796703928
2,GB,13,PMd-L,LT_Pronation_anti_R,0.0483652906669606,0.0905874209684454,0.138952711635406,0.00125054292598714,0.00134385635000942,4.58856757342361,0.116515011272952
2,GB,14,PMv-L,LT_Pronation_anti_R,0.0682544593745664,0.0746315326080644,0.142885991982631,0.00148935847799442,0.00159520281077642,4.57848102216374,0.117563674232884
2,GB,15,FEF-L,LT_Pronation_anti_R,0.0620253890867793,0.0624246978006413,0.124450086887421,0.00136063410995431,0.00145999020612214,4.5844661644345,0.11831722253172
2,GB,16,POJ-L,LT_Pronation_anti_R,0.0797768134124911,0.0755608617985507,0.155337675211042,0.00148660045314548,0.00159014298830056,4.57915017469436,0.116779277829682
2,GB,17,V1-R,LT_Pronation_anti_R,0.106318939958516,0.0386079727370849,0.144926912695601,0.00134777646990227,0.00145140743884372,4.58507485573934,0.117066215138295
2,GB,18,V3-R,LT_Pronation_anti_R,0.0607551580257522,0.0622128866834011,0.122968044709153,0.00123108174194566,0.0013211340418821,4.59127003902557,0.117517304934009
2,GB,19,STS-R,LT_Pronation_anti_R,0.0490310687516082,0.0365226529929973,0.0855537217446055,0.00110636296542523,0.0011854833476313,4.59864928335535,0.120127206540395
2,GB,20,IPL-R,LT_Pronation_anti_R,0.0642700645809986,0.0563510748626115,0.12062113944361,0.00137768429018188,0.00147915203402935,4.58449441364759,0.118986827907054
2,GB,21,SPL-R,LT_Pronation_anti_R,0.0839541666230514,0.0778966569284256,0.161850823551477,0.00150736922673379,0.00162443332285245,4.57611136157435,0.115271160028206
2,GB,22,AG-R,LT_Pronation_anti_R,0.0776477536408303,0.0933623630636798,0.17101011670451,0.0015639623075561,0.0016741060470974,4.57442946999324,0.114797996743481
2,GB,23,mIPS-R,LT_Pronation_anti_R,0.0833260596987151,0.0907637947556593,0.174089854454374,0.00184012722380259,0.00198076564018822,4.56179705209699,0.117565770518636
2,GB,24,VIP-R,LT_Pronation_anti_R,0.0360499918975414,0.101416701884992,0.137466693782533,0.00138567417258027,0.00149348779356796,4.58333241323795,0.118411737908517
2,GB,25,SPOC-R,LT_Pronation_anti_R,0.0442251107175879,0.0960489160084121,0.140274026726,0.00135233924911027,0.00145146304901848,4.5856464419533,0.118010331011063
2,GB,26,S1-R,LT_Pronation_anti_R,0.112198776895355,0.0614352849038973,0.173634061799252,0.0015709228626345,0.00168172461854271,4.57386913266789,0.114682685510932
2,GB,27,M1-R,LT_Pronation_anti_R,0.0693532056685373,0.101423615277991,0.170776820946529,0.00151568114538877,0.00161219974689182,4.5767421760229,0.113617963828964
2,GB,28,SMA-R,LT_Pronation_anti_R,0.0558022258995368,0.0503990530050393,0.106201278904576,0.00120644217356017,0.00129354836643019,4.59281572332194,0.119116609756076
2,GB,29,PMd-R,LT_Pronation_anti_R,0.0821460636163421,0.0689096860809925,0.151055749697335,0.00156772785413361,0.00167660335393514,4.57411584743699,0.117077136684122
2,GB,30,PMv-R,LT_Pronation_anti_R,0.044558166591745,0.0769766183404546,0.1215347849322,0.00132202215615327,0.00142710828189746,4.58601359697235,0.11909761271857
2,GB,31,FEF-R,LT_Pronation_anti_R,0.0749773906625389,0.0712800104536415,0.14625740111618,0.00145540268013802,0.00155636384064627,4.57880369313761,0.117839767035951
2,GB,32,POJ-R,LT_Pronation_anti_R,0.0695512729173683,0.0571715234777322,0.126722796395101,0.0012581963051403,0.00135201036963063,4.59039470807463,0.116723665785835
3,JDC,1,V1-L,LT_Pronation_anti_R,0.0686320002595153,0.0461775361502482,0.114809536409764,0.00131176101470772,0.00144050083926489,4.54933837476972,0.129588418541505
3,JDC,2,V3-L,LT_Pronation_anti_R,0.0971815499835552,0.0387788305852783,0.135960380568833,0.00131384342483441,0.00143683223025566,4.5503177054394,0.128367133330803
3,JDC,3,STS-L,LT_Pronation_anti_R,0.0286655158078537,0.0509030735301468,0.0795685893380005,0.00104936091848953,0.00114860396107035,4.56481143782738,0.131185309898915
3,JDC,4,IPL-L,LT_Pronation_anti_R,0.0660366233844074,0.0569149032076452,0.122951526592053,0.00122558684160328,0.00134194761937984,4.55612324545841,0.128447714696484
3,JDC,5,SPL-L,LT_Pronation_anti_R,0.0989254966440344,0.122040597733975,0.220966094378009,0.00173730982681807,0.00189527399538673,4.52953599634012,0.122201323728758
3,JDC,6,AG-L,LT_Pronation_anti_R,0.0711877866567022,0.0534361744518447,0.124623961108547,0.0013480117877034,0.00147306325131334,4.54865943049939,0.12736735461125
3,JDC,7,mIPS-L,LT_Pronation_anti_R,0.0676058135292298,0.0702196528205696,0.137825466349799,0.0013311892068806,0.00145793403844084,4.54976335840248,0.12721170173817
3,JDC,8,VIP-L,LT_Pronation_anti_R,0.105205806448687,0.0604809197841747,0.165686726232861,0.00150516777492663,0.00165215761422839,4.54003093608378,0.126635080501088
3,JDC,9,SPOC-L,LT_Pronation_anti_R,0.0575613032272396,0.0779974707159608,0.1355587739432,0.00129979690185029,0.00142086401882262,4.55136935089512,0.127557927133428
3,JDC,10,S1-L,LT_Pronation_anti_R,0.0939205119062163,0.0887989911821844,0.182719503088401,0.00136564906455555,0.00148372158101579,4.54713309910537,0.124485542016777
3,JDC,11,M1-L,LT_Pronation_anti_R,0.0804261055159877,0.0813758740164694,0.161801979532457,0.0014310388601435,0.00156198930434702,4.54439693137704,0.126888344133967
3,JDC,12,SMA-L,LT_Pronation_anti_R,0.04438476231974,0.0989785572081299,0.14336331952787,0.00136692194367406,0.00148793162931341,4.54810374799142,0.127625575690663
3,JDC,13,PMd-L,LT_Pronation_anti_R,0.0961000774632185,0.0775678974032102,0.173667974866429,0.00148580005479103,0.00162019214233894,4.53988190942945,0.124733511455337
3,JDC,14,PMv-L,LT_Pronation_anti_R,0.0509364468100877,0.0524287513657393,0.103365198175827,0.00112819166288329,0.0012273661547229,4.56091535140033,0.129194228177365
3,JDC,15,FEF-L,LT_Pronation_anti_R,0.0598744039854983,0.0269857209210005,0.0868601249064987,0.00101650364658004,0.0011095398608632,4.56716284802709,0.129713380229545
3,JDC,16,POJ-L,LT_Pronation_anti_R,0.0829956330774071,0.0927380659875386,0.175733699064946,0.00143870811888959,0.00156622330510584,4.54328687030241,0.125354369018571
3,JDC,17,V1-R,LT_Pronation_anti_R,0.0628407117299313,0.04988780226643,0.112728513996361,0.00119816293674194,0.00130871922035731,4.55734081075744,0.129247832456036
3,JDC,18,V3-R,LT_Pronation_anti_R,0.122836240912008,0.0658175442366731,0.188653785148681,0.00147722860011625,0.00160760229094206,4.54070328430919,0.124909856917842
3,JDC,19,STS-R,LT_Pronation_anti_R,0.0756022226512407,0.0610385786525219,0.136640801303763,0.00126366815460968,0.00137366552860558,4.55118813675042,0.126840508506168
3,JDC,20,IPL-R,LT_Pronation_anti_R,0.0909048523246454,0.0935873716420375,0.184492223966683,0.00168208271763973,0.00184483831614637,4.5304059554879,0.125278553404736
3,JDC,21,SPL-R,LT_Pronation_anti_R,0.0602343818911892,0.0645387760878827,0.124773157979072,0.00124917059423908,0.00136457392348222,4.55503496134722,0.12929648115036
3,JDC,22,AG-R,LT_Pronation_anti_R,0.0608111458280828,0.0525779530731866,0.113389098901269,0.00121717579343803,0.00132333972406158,4.55757234445951,0.128440017977562
3,JDC,23,mIPS-R,LT_Pronation_anti_R,0.0536840698812462,0.0508248096836957,0.104508879564942,0.00121930581035444,0.00133509740854239,4.55621215667667,0.128584337262652
3,JDC,24,VIP-R,LT_Pronation_anti_R,0.0590964843884625,0.0968128599556342,0.155909344344097,0.00154409108467264,0.00168718866088276,4.53661327153105,0.126851903271137
3,JDC,25,SPOC-R,LT_Pronation_anti_R,0.133904503750347,0.0767983040242425,0.210702807774589,0.00181266705949373,0.00198845413056141,4.52372238460868,0.12268410652353
3,JDC,26,S1-R,LT_Pronation_anti_R,0.0634497708147069,0.0520499161962907,0.115499687010998,0.00127284336572252,0.00138620782437598,4.55254011992632,0.129384501709774
3,JDC,27,M1-R,LT_Pronation_anti_R,0.0483481636003898,0.0628618807339818,0.111210044334372,0.00120168896724933,0.00131002792963656,4.55629962180347,0.128965231088465
3,JDC,28,SMA-R,LT_Pronation_anti_R,0.0733481963534515,0.0757927008559624,0.149140897209414,0.00153995796612229,0.00167925383018607,4.53774804359951,0.128373879118176
3,JDC,29,PMd-R,LT_Pronation_anti_R,0.0510847416233267,0.163402693085683,0.21448743470901,0.00178769068153086,0.00195481244318979,4.52690843364128,0.124698587927124
3,JDC,30,PMv-R,LT_Pronation_anti_R,0.0499238166719831,0.0748204672369233,0.124744283908906,0.00132618147219507,0.00144612767002802,4.54898294710916,0.128059953045037
3,JDC,31,FEF-R,LT_Pronation_anti_R,0.091659182463743,0.0992669511937398,0.190926133657483,0.00170925520012891,0.0018672959891119,4.53119124822542,0.125672582682996
3,JDC,32,POJ-R,LT_Pronation_anti_R,0.0946822212028771,0.12614891711801,0.220831138320887,0.001823857693843,0.00198347900587651,4.5242862358722,0.119869009606657
4,JFXD,1,V1-L,LT_Pronation_anti_R,0.0581167810329781,0.0417007234723141,0.0998175045052922,0.00118765060635519,0.00127128009906645,4.5799561462267,0.114918162470662
4,JFXD,2,V3-L,LT_Pronation_anti_R,0.107106785215458,0.0407083141909323,0.14781509940639,0.00146233213143617,0.00157848132760468,4.56417052021361,0.113778717137319
4,JFXD,3,STS-L,LT_Pronation_anti_R,0.106711829986348,0.0732765267923243,0.179988356778673,0.00183433462055774,0.00196943144255692,4.54766275716768,0.111502668218378
4,JFXD,4,IPL-L,LT_Pronation_anti_R,0.0385831922937705,0.0322480584307589,0.0708312507245295,0.000964714753127591,0.00102965155238171,4.59460366438481,0.115246489052115
4,JFXD,5,SPL-L,LT_Pronation_anti_R,0.056649287958385,0.0786335061497711,0.135282794108156,0.00150739735643108,0.00161022269374864,4.56546558643942,0.113428840997532
4,JFXD,6,AG-L,LT_Pronation_anti_R,0.049972161972078,0.0711324973153328,0.121104659287411,0.00141921351447329,0.00151421962297789,4.57069229126102,0.114303681144299
4,JFXD,7,mIPS-L,LT_Pronation_anti_R,0.0559484146439964,0.0676485192432026,0.123596933887199,0.00132906462836354,0.00141417846029856,4.57425460391888,0.113453504770924
4,JFXD,8,VIP-L,LT_Pronation_anti_R,0.0480674219628456,0.0590476168771342,0.10711503883998,0.00124262747981534,0.00132625515175991,4.57881607670764,0.11416130359494
4,JFXD,9,SPOC-L,LT_Pronation_anti_R,0.0691402533714073,0.105171190979999,0.174311444351407,0.00173641211146261,0.00185615249724382,4.55226057380333,0.110228524192485
4,JFXD,10,S1-L,LT_Pronation_anti_R,0.04940589587245,0.0309268558749963,0.0803327517474463,0.0010845001337638,0.00115988895723083,4.5868999759224,0.115367706107428
4,JFXD,11,M1-L,LT_Pronation_anti_R,0.0523754038602533,0.0504040387883907,0.102779442648644,0.001168687929456,0.00124524592878163,4.58337381117525,0.113960470568358
4,JFXD,12,SMA-L,LT_Pronation_anti_R,0.0489762084368697,0.104848457571751,0.153824666008621,0.00163424453735718,0.0017409111340963,4.56159581015604,0.113266993206381
4,JFXD,13,PMd-L,LT_Pronation_anti_R,0.063174014879317,0.0824546161431651,0.145628631022482,0.00148562821463662,0.0015823486188266,4.56739186308462,0.111886706568859
4,JFXD,14,PMv-L,LT_Pronation_anti_R,0.145976205004484,0.115633968713352,0.261610173717837,0.00215863779930237,0.00230549062861719,4.53372807759585,0.107367105028475
4,JFXD,15,FEF-L,LT_Pronation_anti_R,0.0741965750804834,0.143056498643415,0.217253073723898,0.00175727658652672,0.00187718826610229,4.55276209123446,0.110063198554723
4,JFXD,16,POJ-L,LT_Pronation_anti_R,0.0548291411482239,0.0267931909903904,0.0816223321386143,0.000998076244044547,0.00106667738584567,4.59272392480406,0.115012765441131
4,JFXD,17,V1-R,LT_Pronation_anti_R,0.0509742037466328,0.0362799575760063,0.0872541613226391,0.001088738663108,0.00116533502184907,4.58592863023529,0.11575467078138
4,JFXD,18,V3-R,LT_Pronation_anti_R,0.0828376550681305,0.0498823435470242,0.132719998615155,0.00138779431573803,0.00148013399798673,4.56983961642688,0.113261805318672
4,JFXD,19,STS-R,LT_Pronation_anti_R,0.137122192536037,0.0891566993829889,0.226278891919026,0.00211930038288404,0.00225792856625376,4.53569011492614,0.106825151546203
4,JFXD,20,IPL-R,LT_Pronation_anti_R,0.0697419694470976,0.0600291728823777,0.129771142329475,0.00155162006790221,0.00165786539130352,4.56339991805807,0.114230773388325
4,JFXD,21,SPL-R,LT_Pronation_anti_R,0.0460435100044247,0.0547213575726977,0.100764867577122,0.0011610829066598,0.00123576969840285,4.58316855883768,0.114853769480144
4,JFXD,22,AG-R,LT_Pronation_anti_R,0.0484980888318385,0.0710646118114532,0.119562700643292,0.00126231634941638,0.00134709335305071,4.57712736715973,0.114286055803124
4,JFXD,23,mIPS-R,LT_Pronation_anti_R,0.0335122430423076,0.0617359717509553,0.0952482147932629,0.001107856347928,0.00118028059741692,4.58650687272189,0.115247421161379
4,JFXD,24,VIP-R,LT_Pronation_anti_R,0.0546829722951471,0.0601767781033372,0.114859750398484,0.00130126809412064,0.00138284476562034,4.57628604804711,0.113714652120663
4,JFXD,25,SPOC-R,LT_Pronation_anti_R,0.0676737628250336,0.0878945949523557,0.155568357777389,0.00161489015051678,0.00172202525185467,4.56085224503027,0.112688751542705
4,JFXD,26,S1-R,LT_Pronation_anti_R,0.103857328592476,0.0632197510513169,0.167077079643793,0.00179629525082645,0.00192084173690697,4.5510173004082,0.110964147087691
4,JFXD,27,M1-R,LT_Pronation_anti_R,0.0730032214149981,0.0619930799558821,0.13499630137088,0.00154069865977624,0.00164942399392175,4.56277614517767,0.114206456589047
4,JFXD,28,SMA-R,LT_Pronation_anti_R,0.0465379815377763,0.0995323755423587,0.146070357080135,0.00159302006361783,0.00169766703404452,4.56275712176839,0.113692147046751
4,JFXD,29,PMd-R,LT_Pronation_anti_R,0.0531888396097395,0.0553405524751834,0.108529392084923,0.00128884865643091,0.00138187851638551,4.5747443275211,0.115707533350787
4,JFXD,30,PMv-R,LT_Pronation_anti_R,0.132848573833049,0.119910105158797,0.252758678991846,0.0020662593712363,0.00219334048739295,4.53439327427305,0.101587537893882
4,JFXD,31,FEF-R,LT_Pronation_anti_R,0.0901914057326749,0.0577316696315825,0.147923075364257,0.00156516421157454,0.00167666361908143,4.56157537197341,0.112944263460317
4,JFXD,32,POJ-R,LT_Pronation_anti_R,0.0676305376889354,0.0852204573540998,0.152850995043035,0.0016251859248685,0.00173587031502642,4.55961737200506,0.11278090115298
5,JZ,1,V1-L,LT_Pronation_anti_R,0.0668662080956742,0.0416754433665282,0.108541651462202,0.00121522021808639,0.00130657025477846,4.60221174945763,0.120533073833116
5,JZ,2,V3-L,LT_Pronation_anti_R,0.0414346987559463,0.037500385927742,0.0789350846836883,0.00108525040352324,0.00117208303247659,4.61027673177475,0.121813369667445
5,JZ,3,STS-L,LT_Pronation_anti_R,0.0444583738014443,0.0749596238065623,0.119417997608007,0.00135988285801847,0.00146510103106183,4.59453967214078,0.11957114488463
5,JZ,4,IPL-L,LT_Pronation_anti_R,0.0363492378572826,0.143713940894248,0.180063178751531,0.00133843411399435,0.00143622456313359,4.59570092559628,0.116516464861474
5,JZ,5,SPL-L,LT_Pronation_anti_R,0.0826646931346587,0.0691662349828824,0.151830928117541,0.00163137658449519,0.0017589249219832,4.58241754418406,0.11824205282324
5,JZ,6,AG-L,LT_Pronation_anti_R,0.0785993370912167,0.0699629869595832,0.1485623240508,0.00169379698438602,0.00182323522192918,4.57914852958798,0.118779942774493
5,JZ,7,mIPS-L,LT_Pronation_anti_R,0.0853985046387401,0.0966435601900136,0.182042064828754,0.00185540880576058,0.00199276073033521,4.5724276551732,0.117220280378098
5,JZ,8,VIP-L,LT_Pronation_anti_R,0.117352587216405,0.0665334691830094,0.183886056399414,0.00168789432612675,0.00181229601134085,4.58022879824802,0.11615650689648
5,JZ,9,SPOC-L,LT_Pronation_anti_R,0.0768994009765062,0.0723571287731711,0.149256529749677,0.00163246696919475,0.00175939026422052,4.58152494460006,0.119023133042889
5,JZ,10,S1-L,LT_Pronation_anti_R,0.106825411846769,0.176898877918003,0.283724289764772,0.00187838780788425,0.00200853579304914,4.56752163523005,0.111676800077804
5,JZ,11,M1-L,LT_Pronation_anti_R,0.129616721624935,0.0707228378821514,0.200339559507087,0.00187166084447471,0.00201436982514299,4.56986904999801,0.116566105358602
5,JZ,12,SMA-L,LT_Pronation_anti_R,0.0709895013458598,0.0743650659127231,0.145354567258583,0.0015388455178944,0.00165923548785701,4.586477231493,0.118366969390904
5,JZ,13,PMd-L,LT_Pronation_anti_R,0.164377232621302,0.0730032055575509,0.237380438178853,0.00195811402573248,0.00210828392193965,4.56604861022668,0.11488539804791
5,JZ,14,PMv-L,LT_Pronation_anti_R,0.0522931039296323,0.0292075943629377,0.08150069829257,0.00107587821867604,0.00115789517897944,4.61152524137435,0.121555450307192
5,JZ,15,FEF-L,LT_Pronation_anti_R,0.0628806390655873,0.0701840372735472,0.133064676339134,0.00147706162475698,0.00158912162342013,4.58998900510419,0.118806556822289
5,JZ,16,POJ-L,LT_Pronation_anti_R,0.0845629683495835,0.0813618515421955,0.165924819891779,0.00164094769098052,0.00176210128494415,4.58173617977537,0.117942315851235
5,JZ,17,V1-R,LT_Pronation_anti_R,0.0448391185922228,0.0674991815446618,0.112338300136885,0.00122260471848575,0.00131745006728604,4.6014314093019,0.11973274365811
5,JZ,18,V3-R,LT_Pronation_anti_R,0.0562328157721651,0.0482776099598975,0.104510425732063,0.0012294499626704,0.00132813840493894,4.60146292553068,0.120301594096937
5,JZ,19,STS-R,LT_Pronation_anti_R,0.0926394411738004,0.0541140796284257,0.146753520802226,0.00146180856528974,0.00157404635541933,4.5873517890776,0.118208327851816
5,JZ,20,IPL-R,LT_Pronation_anti_R,0.0532332221385091,0.120696777258388,0.173929999396897,0.00168589402952741,0.00181913996859936,4.57819334641996,0.117946166877483
5,JZ,21,SPL-R,LT_Pronation_anti_R,0.0831196502257931,0.0827530485434569,0.16587269876925,0.00150083999869151,0.0016149592308471,4.58582036489937,0.116942628901248
5,JZ,22,AG-R,LT_Pronation_anti_R,0.0518288632278097,0.0732674788750205,0.12509634210283,0.00128584261168569,0.00138084850466451,4.59905751035618,0.119195271052113
5,JZ,23,mIPS-R,LT_Pronation_anti_R,0.0641615198964588,0.0679980035564675,0.132159523452926,0.00139144474304443,0.00149859712940503,4.59384732871838,0.11969988437508
5,JZ,24,VIP-R,LT_Pronation_anti_R,0.0446973334119819,0.127561002839516,0.172258336251498,0.00154516669355832,0.00166536240867074,4.58580177246109,0.118458297611121
5,JZ,25,SPOC-R,LT_Pronation_anti_R,0.10023676086775,0.0795399888830835,0.179776749750834,0.00161709359257336,0.00173684654077693,4.58264806583379,0.117077895748849
5,JZ,26,S1-R,LT_Pronation_anti_R,0.0765135408211865,0.062832642170927,0.139346182992113,0.00154106249536874,0.00167166705672659,4.58499350434638,0.119298122412733
5,JZ,27,M1-R,LT_Pronation_anti_R,0.0795236703004727,0.0672771675163756,0.146800837816848,0.00137854194267414,0.00147668923087182,4.59411229866635,0.117494123274269
5,JZ,28,SMA-R,LT_Pronation_anti_R,0.0790273227788046,0.0564797002720578,0.135507023050862,0.00150830717828019,0.00163148850826611,4.58762368573884,0.119516928048754
5,JZ,29,PMd-R,LT_Pronation_anti_R,0.0495515156516689,0.0573649071066504,0.106916422758319,0.00120752882671104,0.00130305550574607,4.60420761043863,0.119993890249681
5,JZ,30,PMv-R,LT_Pronation_anti_R,0.0588830140738593,0.0407469680565426,0.0996299821304019,0.00114207848405953,0.00123055842474868,4.60729601467252,0.120265091499987
5,JZ,31,FEF-R,LT_Pronation_anti_R,0.0935889154231091,0.0451820739123098,0.138770989335419,0.00128600586923125,0.00138837378585682,4.59705957688869,0.118332118688531
5,JZ,32,POJ-R,LT_Pronation_anti_R,0.0804326442450473,0.110231094295552,0.190663738540599,0.001715150339174,0.0018418809953321,4.57734065373228,0.115457968836894
6,LT,1,V1-L,LT_Pronation_anti_R,0.0608690473203537,0.0695292479544212,0.130398295274775,0.00136808363305704,0.00145780774202204,4.52719597078678,0.102479791899401
6,LT,2,V3-L,LT_Pronation_anti_R,0.0448684602082605,0.088568840523202,0.133437300731463,0.00140659812139859,0.00149967440951461,4.52498761160174,0.102832603110625
6,LT,3,STS-L,LT_Pronation_anti_R,0.101747850143304,0.0358223720638795,0.137570222207184,0.00141422281041334,0.00150896224218117,4.52520739003384,0.102491309927522
6,LT,4,IPL-L,LT_Pronation_anti_R,0.0574472841552337,0.0985214751433333,0.155968759298567,0.00150364979921827,0.00160574584828365,4.51971371721296,0.101570069532737
6,LT,5,SPL-L,LT_Pronation_anti_R,0.0625800772934622,0.057823162569808,0.12040323986327,0.00130030000128909,0.00137946141163693,4.53154358338272,0.103355296327435
6,LT,6,AG-L,LT_Pronation_anti_R,0.0940901144701756,0.045526085126004,0.13961619959618,0.00142456443293564,0.0015128983595245,4.52416572690996,0.102068536303076
6,LT,7,mIPS-L,LT_Pronation_anti_R,0.0542510690821602,0.0639000235408569,0.118151092623017,0.00131320368272326,0.00139601753696833,4.53075997345765,0.103358980092098
6,LT,8,VIP-L,LT_Pronation_anti_R,0.0682984215494028,0.105706028418852,0.174004449968255,0.0015909778829283,0.00169841253331776,4.51526201808282,0.100390788073234
6,LT,9,SPOC-L,LT_Pronation_anti_R,0.052043421307739,0.0481816633499458,0.100225084657685,0.00120384564119602,0.0012818865142839,4.53688139101784,0.104071302047193
6,LT,10,S1-L,LT_Pronation_anti_R,0.0524829971601366,0.0654283517392201,0.117911348899357,0.00124487674246992,0.00132668595381899,4.5344155429173,0.102617972247455
6,LT,11,M1-L,LT_Pronation_anti_R,0.0540175124064279,0.0881721731340502,0.142189685540478,0.0013530669083924,0.00144161302369,4.52835386019933,0.101627503857778
6,LT,12,SMA-L,LT_Pronation_anti_R,0.0971241770388907,0.0704408317909813,0.167565008829872,0.00145575710848043,0.00155218020533923,4.52342637535958,0.0995549582668492
6,LT,13,PMd-L,LT_Pronation_anti_R,0.0696080753195435,0.0539991556463412,0.123607230965885,0.00131246530382054,0.00139962077623015,4.53053758049967,0.101853124305525
6,LT,14,PMv-L,LT_Pronation_anti_R,0.0865346243721033,0.0480806163604263,0.13461524073253,0.00148485632092668,0.00159031572019003,4.52042858053951,0.10280915195527
6,LT,15,FEF-L,LT_Pronation_anti_R,0.116695157213587,0.0635862921844986,0.180281449398086,0.00150458905790939,0.00161065894008654,4.51948064225486,0.0997002909015814
6,LT,16,POJ-L,LT_Pronation_anti_R,0.0519801908520179,0.0527605489816735,0.104740739833691,0.00118373914891112,0.00125941497434641,4.53819460078088,0.103407017103553
6,LT,17,V1-R,LT_Pronation_anti_R,0.0801820470460651,0.0518676654376267,0.132049712483692,0.00139241496346246,0.00148584193203915,4.52661321553844,0.102537504829621
6,LT,18,V3-R,LT_Pronation_anti_R,0.0429200263096707,0.0677672818814968,0.110687308191167,0.00128545477425057,0.00137098793554435,4.53214313137266,0.103583108320679
6,LT,19,STS-R,LT_Pronation_anti_R,0.0370683875339314,0.101076589158299,0.13814497669223,0.00144969518960567,0.00154888931021238,4.52223297653992,0.102590921869023
6,LT,20,IPL-R,LT_Pronation_anti_R,0.0934942121611317,0.0578927303867406,0.151386942547872,0.00161934923058404,0.00173107889806504,4.51445917396034,0.102402907276833
6,LT,21,SPL-R,LT_Pronation_anti_R,0.0452841028053464,0.083022062752617,0.128306165557963,0.00139166786542887,0.00148559980466339,4.52586921909403,0.102437312213591
6,LT,22,AG-R,LT_Pronation_anti_R,0.0717058086281445,0.0816395830559271,0.153345391684072,0.00155256884002368,0.00165019903949727,4.5182411226126,0.101823543787339
6,LT,23,mIPS-R,LT_Pronation_anti_R,0.0416740415808563,0.0530125600681953,0.0946866016490515,0.00118546150897542,0.00126280872429518,4.53813370407582,0.104093651561316
6,LT,24,VIP-R,LT_Pronation_anti_R,0.0843077252081514,0.0727741934226048,0.157081918630756,0.00165390582535285,0.0017670186295626,4.51264911998572,0.101106259104024
6,LT,25,SPOC-R,LT_Pronation_anti_R,0.0598171741809215,0.0428193813202643,0.102636555501186,0.0012206806827256,0.00129927787483989,4.53531681569032,0.103439901183554
6,LT,26,S1-R,LT_Pronation_anti_R,0.0531263762954475,0.0872924316036808,0.140418807899128,0.00142822903631052,0.00152081570739818,4.52487959216383,0.101254856388334
6,LT,27,M1-R,LT_Pronation_anti_R,0.0487709102947221,0.0513781061679801,0.100149016462702,0.00113882157378977,0.00121556795295078,4.53903705838119,0.103560583540504
6,LT,28,SMA-R,LT_Pronation_anti_R,0.0799194695500614,0.0427305847874564,0.122650054337518,0.00119171771467845,0.00126995260823492,4.53724691554546,0.102099780368948
6,LT,29,PMd-R,LT_Pronation_anti_R,0.0664710183147019,0.0761019338314726,0.142572952146174,0.00138218026585857,0.00147387597946609,4.52515733429483,0.0984059042205468
6,LT,30,PMv-R,LT_Pronation_anti_R,0.0390036211422135,0.0417366941409247,0.0807403152831382,0.00102599686068332,0.00109481902054115,4.5471441287075,0.104464217987904
6,LT,31,FEF-R,LT_Pronation_anti_R,0.0526924317713686,0.0611890480830139,0.113881479854382,0.00133518754161778,0.0014260149354335,4.52902333709945,0.10387563330235
6,LT,32,POJ-R,LT_Pronation_anti_R,0.0504306237610411,0.0431587418507807,0.0935893656118218,0.0011381721473051,0.00121036930607358,4.54098955331749,0.103424662136542
7,NvA,1,V1-L,LT_Pronation_anti_R,0.0460318883567638,0.0474988045715381,0.0935306929283019,0.00120368537403704,0.00130037992269101,4.71412862495286,0.1408868409277
7,NvA,2,V3-L,LT_Pronation_anti_R,0.0787608022486035,0.0867610028055944,0.165521805054198,0.00170570425106591,0.00184197251231237,4.68885745347905,0.136285987382803
7,NvA,3,STS-L,LT_Pronation_anti_R,0.086554471888502,0.102820717754808,0.18937518964331,0.00181159300575806,0.00195768193080873,4.68378770116558,0.13390800227661
7,NvA,4,IPL-L,LT_Pronation_anti_R,0.100089447732978,0.156832736970895,0.256922184703873,0.0022171934279423,0.00238655654160557,4.66802072882457,0.133259662380997
7,NvA,5,SPL-L,LT_Pronation_anti_R,0.0534293560842848,0.109822067462988,0.163251423547273,0.00164046211072788,0.00176745007847398,4.69151389466098,0.137734655245973
7,NvA,6,AG-L,LT_Pronation_anti_R,0.109517408685746,0.0659330942483288,0.175450502934075,0.001756969366493,0.0019009996961626,4.68473354465232,0.137014032101046
7,NvA,7,mIPS-L,LT_Pronation_anti_R,0.10799786727092,0.118013735452502,0.226011602723422,0.00208686757441559,0.00226388432298342,4.67175217841758,0.134169806723595
7,NvA,8,VIP-L,LT_Pronation_anti_R,0.130716913604109,0.0605247495197735,0.191241663123882,0.00179210622399411,0.00193346900358158,4.6838388555778,0.135634961076742
7,NvA,9,SPOC-L,LT_Pronation_anti_R,0.0911985914596305,0.0972718717136335,0.188470463173264,0.00194688584614294,0.00210998731633441,4.67671823366309,0.136416021691007
7,NvA,10,S1-L,LT_Pronation_anti_R,0.121842239527079,0.106267813046231,0.22811005257331,0.00202891946140574,0.00219730609369333,4.67511742406053,0.13547244485126
7,NvA,11,M1-L,LT_Pronation_anti_R,0.0773081220107106,0.106718474368473,0.184026596379184,0.0017573894349426,0.00189758927206099,4.68634372950921,0.136355321836175
7,NvA,12,SMA-L,LT_Pronation_anti_R,0.0528505095829995,0.119699129959551,0.17254963954255,0.0017624070028514,0.00191023586347146,4.68485471695602,0.138677189701641
7,NvA,13,PMd-L,LT_Pronation_anti_R,0.0890827958808792,0.0834138802802957,0.172496676161175,0.00187245937133181,0.00202908020079524,4.68131412682286,0.1373290044357
7,NvA,14,PMv-L,LT_Pronation_anti_R,0.0570620338200977,0.0360345136499929,0.0930965474700906,0.00116519535798673,0.00126199704536175,4.71556571080709,0.140502353042409
7,NvA,15,FEF-L,LT_Pronation_anti_R,0.0629526784403022,0.0763404902958715,0.139293168736174,0.00149351628056507,0.00161632075303111,4.69709626082666,0.138585564146879
7,NvA,16,POJ-L,LT_Pronation_anti_R,0.0605064603545189,0.0601261032832944,0.120632563637813,0.00138496480062071,0.00149598890899873,4.70444873096125,0.139260163035186
7,NvA,17,V1-R,LT_Pronation_anti_R,0.0734791620713307,0.0621519941844872,0.135631156255818,0.0015670211694059,0.00169591180938338,4.69420699437699,0.138969583254826
7,NvA,18,V3-R,LT_Pronation_anti_R,0.0823136199070416,0.0645917871226143,0.146905407029656,0.0015960469708007,0.00172267412493106,4.69392848628506,0.138110328707791
7,NvA,19,STS-R,LT_Pronation_anti_R,0.0924128364766676,0.06702920426096,0.159442040737628,0.00151731477526148,0.00164713738102561,4.69597865501137,0.136350789022348
7,NvA,20,IPL-R,LT_Pronation_anti_R,0.0650211693034551,0.0848894242702028,0.149910593573658,0.00164663254577,0.00178949874388783,4.68998164006977,0.138560828229137
7,NvA,21,SPL-R,LT_Pronation_anti_R,0.132249512626851,0.0924589769060347,0.224708489532885,0.00201186969077344,0.00216450266145957,4.67556006844266,0.133780173246358
7,NvA,22,AG-R,LT_Pronation_anti_R,0.0755494089075164,0.086331985526857,0.161881394434373,0.00161701962771729,0.00174231809997838,4.69249768842896,0.137056499284451
7,NvA,23,mIPS-R,LT_Pronation_anti_R,0.103680708476573,0.107481486741221,0.211162195217793,0.00190563961197314,0.00205266268295782,4.68075421616778,0.134430716405938
7,NvA,24,VIP-R,LT_Pronation_anti_R,0.0681298701304907,0.0821028051241798,0.150232675254671,0.0016613116928259,0.00180456857443591,4.69006135065528,0.138746747117154
7,NvA,25,SPOC-R,LT_Pronation_anti_R,0.0927162107028655,0.101899572872116,0.194615783574982,0.0019053141622399,0.00206416265602028,4.67872193679113,0.136322263797186
7,NvA,26,S1-R,LT_Pronation_anti_R,0.0695288926422158,0.0938242816476607,0.163353174289877,0.00170578218755815,0.00184049683784441,4.68831361544442,0.137693330316871
7,NvA,27,M1-R,LT_Pronation_anti_R,0.141665059301323,0.0631392342345077,0.204804293535831,0.00187423353469985,0.0020294399379635,4.6797641243361,0.135860712541967
7,NvA,28,SMA-R,LT_Pronation_anti_R,0.0299930628332004,0.078718911604839,0.108711974438039,0.0013648619018458,0.0014771674669309,4.70523130616001,0.140749594021406
7,NvA,29,PMd-R,LT_Pronation_anti_R,0.0837217997912687,0.106523531440846,0.190245331232115,0.00163223654819669,0.00175520271118891,4.68992913674855,0.136454732748425
7,NvA,30,PMv-R,LT_Pronation_anti_R,0.0578117220187972,0.087961699328131,0.145773421346928,0.0013797223134971,0.00149161731794179,4.70097433805042,0.136643992243321
7,NvA,31,FEF-R,LT_Pronation_anti_R,0.124896166488602,0.0595232427763341,0.184419409264936,0.00160491282800084,0.00173001694523578,4.69185751803664,0.137164688025011
7,NvA,32,POJ-R,LT_Pronation_anti_R,0.10110533393157,0.0474687991331302,0.1485741330647,0.00148475719793626,0.00159965167995705,4.70001499207973,0.13754415341214
8,RR,1,V1-L,LT_Pronation_anti_R,0.112439379020246,0.0721464635729322,0.184585842593178,0.0016337312121164,0.00176552837994213,4.62972900901072,0.134608353350453
8,RR,2,V3-L,LT_Pronation_anti_R,0.0911239551080674,0.212489806445749,0.303613761553817,0.00201877042824999,0.00218095929191877,4.61072511178488,0.124946999671776
8,RR,3,STS-L,LT_Pronation_anti_R,0.0571223970848016,0.0635197765495857,0.120642173634387,0.00122165410357666,0.00132290847226222,4.65046870992454,0.137099532850945
8,RR,4,IPL-L,LT_Pronation_anti_R,0.0965617404462495,0.0612870750629311,0.157848815509181,0.00173998725574272,0.00188836346304777,4.62575645630573,0.138221952192356
8,RR,5,SPL-L,LT_Pronation_anti_R,0.0626799996520176,0.106147264265453,0.168827263917471,0.00180454050358908,0.00195529505898366,4.6235805674489,0.137144626858845
8,RR,6,AG-L,LT_Pronation_anti_R,0.0721138283411414,0.0837576521052912,0.155871480446433,0.00146483545345148,0.00158195780452764,4.63939590532626,0.135898963124777
8,RR,7,mIPS-L,LT_Pronation_anti_R,0.14667767462706,0.0782805201514972,0.224958194778557,0.00201798893362295,0.00218373632505121,4.61190910006698,0.135554913020688
8,RR,8,VIP-L,LT_Pronation_anti_R,0.126815623744722,0.0572508276865128,0.184066451431235,0.00167403330243061,0.00180523254630621,4.62888427415022,0.136802269156666
8,RR,9,SPOC-L,LT_Pronation_anti_R,0.0858970331930579,0.103565641465457,0.189462674658515,0.00166827827760835,0.00180913883598287,4.62900557191202,0.136094396461219
8,RR,10,S1-L,LT_Pronation_anti_R,0.0509429772816904,0.0682330029019039,0.119175980183594,0.00142706952629182,0.00154526480782374,4.64021062804756,0.139973663285345
8,RR,11,M1-L,LT_Pronation_anti_R,0.0453826635756907,0.0445651641047949,0.0899478276804857,0.00122832912697429,0.00132625697624238,4.65135251553268,0.140975878275539
8,RR,12,SMA-L,LT_Pronation_anti_R,0.0735852542391878,0.0599912488227858,0.133576503061974,0.00143122013222258,0.00154100818562051,4.63992989064677,0.13822253369213
8,RR,13,PMd-L,LT_Pronation_anti_R,0.0945706769561138,0.135338164761406,0.22990884171752,0.00209988533617715,0.00226555161892669,4.6085874915041,0.134336757921173
8,RR,14,PMv-L,LT_Pronation_anti_R,0.0375662905372403,0.0437182131270386,0.0812845036642789,0.00109946790896719,0.00118558388917696,4.65761001172437,0.141816030315701
8,RR,15,FEF-L,LT_Pronation_anti_R,0.0941005905622319,0.0630200465011902,0.157120637063422,0.00153011537451819,0.00164973052747961,4.63502305099666,0.138162918815233
8,RR,16,POJ-L,LT_Pronation_anti_R,0.0668989806491167,0.0877233494402539,0.154622330089371,0.00149625867604487,0.00162344698623695,4.63591865387999,0.138484483319185
8,RR,17,V1-R,LT_Pronation_anti_R,0.0434404715584071,0.102613561792034,0.146054033350441,0.0013546418674678,0.00146906876380719,4.64330814621392,0.136931133293097
8,RR,18,V3-R,LT_Pronation_anti_R,0.109233871431164,0.0514389859898061,0.16067285742097,0.00143364430213159,0.00155248761760095,4.63921905780166,0.13635344039512
8,RR,19,STS-R,LT_Pronation_anti_R,0.0513482399859747,0.041594253860758,0.0929424938467326,0.0011926036716779,0.00129680042441026,4.6521221183605,0.140278371083575
8,RR,20,IPL-R,LT_Pronation_anti_R,0.0572446781653341,0.057933329754607,0.115178007919941,0.00133339160167122,0.00143872590502536,4.64613226848203,0.138505217457908
8,RR,21,SPL-R,LT_Pronation_anti_R,0.043871491908811,0.100517049245384,0.144388541154195,0.0013854608534594,0.00149761482098581,4.64266470635637,0.137993738317915
8,RR,22,AG-R,LT_Pronation_anti_R,0.0934351715636204,0.126401172355497,0.219836343919117,0.00190972192776821,0.0020589851508651,4.61713619606031,0.131864171920381
8,RR,23,mIPS-R,LT_Pronation_anti_R,0.0695256220386823,0.0796112566544905,0.149136878693173,0.00166361408483186,0.0018036608571145,4.62915140098573,0.138052593873878
8,RR,24,VIP-R,LT_Pronation_anti_R,0.070796877304445,0.0590290184044859,0.129825895708931,0.00138280463028627,0.00149579896911514,4.6418107440542,0.138956988224199
8,RR,25,SPOC-R,LT_Pronation_anti_R,0.130959200920838,0.11563535226494,0.246594553185778,0.00208354766187493,0.00224910702869617,4.61112646776354,0.130805180347616
8,RR,26,S1-R,LT_Pronation_anti_R,0.0896062951236331,0.0786263497588343,0.168232644882467,0.00168579443585049,0.00181639022898783,4.62751036099658,0.134788350725741
8,RR,27,M1-R,LT_Pronation_anti_R,0.0947717017196635,0.0550933811866028,0.149865082906266,0.00171511132087644,0.00186479881391576,4.62658875708453,0.139306569230105
8,RR,28,SMA-R,LT_Pronation_anti_R,0.0442253929894893,0.0878010881514319,0.132026481140921,0.00140437046997249,0.00151468038450002,4.64245682464474,0.138725170551559
8,RR,29,PMd-R,LT_Pronation_anti_R,0.116543209493866,0.10621159756488,0.222754807058746,0.00185745587689698,0.00199775112631658,4.61949528182402,0.132319677445373
8,RR,30,PMv-R,LT_Pronation_anti_R,0.0676341581283753,0.0457781160737057,0.113412274202081,0.00137992856675363,0.00149604316015076,4.64166061060026,0.139543062361434
8,RR,31,FEF-R,LT_Pronation_anti_R,0.0677140866847696,0.0696212589413651,0.137335345626135,0.0014304490463375,0.00154972535177304,4.6390866444822,0.137509200119235
8,RR,32,POJ-R,LT_Pronation_anti_R,0.112549153999811,0.0584386990719139,0.170987853071725,0.00160925740716841,0.00174020174477597,4.63364548884112,0.136808311862269
9,SJB,1,V1-L,LT_Pronation_anti_R,0.083926957512914,0.12843917230172,0.212366129814634,0.00181999708338254,0.00194681658837817,4.58510839470346,0.112208307780221
9,SJB,2,V3-L,LT_Pronation_anti_R,0.102382041298279,0.238050395499897,0.340432436798176,0.00236341854337111,0.00251481911858134,4.56154954420573,0.107168475073928
9,SJB,3,STS-L,LT_Pronation_anti_R,0.0744118874957028,0.0786865482275115,0.153098435723214,0.001565350308096,0.00167464560784008,4.60059749816917,0.11873671589025
9,SJB,4,IPL-L,LT_Pronation_anti_R,0.0689487754093866,0.0908792029011402,0.159827978310527,0.00164277001586863,0.00176276256927546,4.59679772568627,0.118975688271478
9,SJB,5,SPL-L,LT_Pronation_anti_R,0.0600259791810232,0.0958873232494111,0.155913302430434,0.00156294901209809,0.00167037215335861,4.60126858606858,0.119449811278838
9,SJB,6,AG-L,LT_Pronation_anti_R,0.0610181062686193,0.0642690975154775,0.125287203784097,0.00132883425469874,0.00142251028187663,4.61364480363979,0.119326228733713
9,SJB,7,mIPS-L,LT_Pronation_anti_R,0.0637389340276385,0.0595407642280836,0.123279698255722,0.00142967679476828,0.00153060150395457,4.60833513267381,0.120986536525211
9,SJB,8,VIP-L,LT_Pronation_anti_R,0.0839326590602701,0.0798179878545899,0.16375064691486,0.00165663964358183,0.00177504727181046,4.59611658681643,0.119463293886705
9,SJB,9,SPOC-L,LT_Pronation_anti_R,0.0673013635392516,0.102132105791324,0.169433469330576,0.00157099965375712,0.00167822977427327,4.60016906138963,0.118649436976439
9,SJB,10,S1-L,LT_Pronation_anti_R,0.0433406614428357,0.0502256232598893,0.093566284702725,0.00117732873349761,0.00126077971033632,4.62014342680094,0.122107577012389
9,SJB,11,M1-L,LT_Pronation_anti_R,0.0480879417325192,0.0730159977968253,0.121103939529345,0.00129420440808896,0.0013876376492389,4.61202468683682,0.119909032655904
9,SJB,12,SMA-L,LT_Pronation_anti_R,0.0915158558389521,0.0716321937569966,0.163148049595949,0.00134696902553218,0.00143783155121884,4.60938089136169,0.117970500781163
9,SJB,13,PMd-L,LT_Pronation_anti_R,0.0634604138500444,0.0704164458306051,0.13387685968065,0.00138668605241156,0.0014849111214954,4.60849658525657,0.120280285492164
9,SJB,14,PMv-L,LT_Pronation_anti_R,0.0561560157446682,0.035860074411101,0.0920160901557691,0.00110441601130639,0.00118502680482508,4.62374401790795,0.121854908547667
9,SJB,15,FEF-L,LT_Pronation_anti_R,0.128653876767337,0.0596563473615706,0.188310224128908,0.00179999793198183,0.00193069696930146,4.58775219966825,0.117574302610104
9,SJB,16,POJ-L,LT_Pronation_anti_R,0.0659971801176986,0.104180807742088,0.170177987859786,0.00155731760610202,0.00166620448684756,4.60105060463838,0.11865073035613
9,SJB,17,V1-R,LT_Pronation_anti_R,0.0638261754539869,0.0821060726360968,0.145932248090084,0.00151964343765084,0.00162822095101665,4.60237725943388,0.118629374291642
9,SJB,18,V3-R,LT_Pronation_anti_R,0.0831973877921072,0.0517012820834767,0.134898669875584,0.00143354505502295,0.00153326544885654,4.60557493722678,0.120021451626268
9,SJB,19,STS-R,LT_Pronation_anti_R,0.0399269089578376,0.0566132204707565,0.0965401294285941,0.00121596637565864,0.00130507061489279,4.61724156910847,0.122392274433632
9,SJB,20,IPL-R,LT_Pronation_anti_R,0.0903144020980476,0.0477308475096313,0.138045249607679,0.00151628371841039,0.00162440813781193,4.6012527173821,0.119956249465388
9,SJB,21,SPL-R,LT_Pronation_anti_R,0.105710076095502,0.0802634874007778,0.18597356349628,0.00185391137497217,0.00198106925391337,4.58730353506921,0.117602729315798
9,SJB,22,AG-R,LT_Pronation_anti_R,0.102064158666761,0.064689711832448,0.166753870499209,0.00172308413940957,0.00184740169901915,4.59332160124816,0.118810747099509
9,SJB,23,mIPS-R,LT_Pronation_anti_R,0.0494679108841065,0.0603630045290017,0.109830915413108,0.00120914981977989,0.00129258928518312,4.61878166733792,0.120350211515979
9,SJB,24,VIP-R,LT_Pronation_anti_R,0.0785319803503054,0.0745049490497146,0.15303692940002,0.001652013495877,0.00177285555332673,4.59629898570588,0.119317490265673
9,SJB,25,SPOC-R,LT_Pronation_anti_R,0.128960590675545,0.0790742445059646,0.208034835181509,0.00172986354702666,0.0018469972321326,4.59331409377972,0.117045776685762
9,SJB,26,S1-R,LT_Pronation_anti_R,0.0366064001753867,0.0958460258164131,0.1324524259918,0.00137317720399835,0.00146775398581214,4.60962225410767,0.120286376860981
9,SJB,27,M1-R,LT_Pronation_anti_R,0.108043641870716,0.0500702591347086,0.158113901005424,0.00161160161830785,0.00172714908612454,4.59808106371981,0.119612728985175
9,SJB,28,SMA-R,LT_Pronation_anti_R,0.10655605715741,0.0417974748794427,0.148353532036853,0.00136125175859511,0.00146144043880891,4.60814373122104,0.118786850525383
9,SJB,29,PMd-R,LT_Pronation_anti_R,0.0600589917359151,0.0734424271431736,0.133501418879089,0.00142783903588564,0.00152625760515971,4.60643760976047,0.119870669210307
9,SJB,30,PMv-R,LT_Pronation_anti_R,0.0413565320638961,0.0462853357035201,0.0876418677674162,0.00119721510241946,0.00128166583472741,4.61918474450981,0.122529572814578
9,SJB,31,FEF-R,LT_Pronation_anti_R,0.0663161391359125,0.0480851817747457,0.114401320910658,0.00138671202698196,0.00148345596330364,4.60938477977842,0.121344000866897
9,SJB,32,POJ-R,LT_Pronation_anti_R,0.108351906338129,0.0769242965406029,0.185276202878732,0.00163464872106155,0.00174424424696898,4.59731515449515,0.117094289136393
NaN,,NaN,,,NaN,NaN,NaN,NaN,NaN,NaN,NaN
NaN,,NaN,,,NaN,NaN,NaN,NaN,NaN,NaN,NaN
NaN,,NaN,,,NaN,NaN,NaN,NaN,NaN,NaN,NaN
NaN,,NaN,,,NaN,NaN,NaN,NaN,NaN,NaN,NaN
NaN,,NaN,,,NaN,NaN,NaN,NaN,NaN,NaN,NaN
NaN,,NaN,,,NaN,NaN,NaN,NaN,NaN,NaN,NaN
NaN,,NaN,,,NaN,NaN,NaN,NaN,NaN,NaN,NaN
NaN,,NaN,,,NaN,NaN,NaN,NaN,NaN,NaN,NaN
NaN,,NaN,,,NaN,NaN,NaN,NaN,NaN,NaN,NaN
NaN,,NaN,,,NaN,NaN,NaN,NaN,NaN,NaN,NaN
NaN,,NaN,,,NaN,NaN,NaN,NaN,NaN,NaN,NaN
NaN,,NaN,,,NaN,NaN,NaN,NaN,NaN,NaN,NaN
NaN,,NaN,,,NaN,NaN,NaN,NaN,NaN,NaN,NaN
NaN,,NaN,,,NaN,NaN,NaN,NaN,NaN,NaN,NaN
NaN,,NaN,,,NaN,NaN,NaN,NaN,NaN,NaN,NaN
NaN,,NaN,,,NaN,NaN,NaN,NaN,NaN,NaN,NaN
NaN,,NaN,,,NaN,NaN,NaN,NaN,NaN,NaN,NaN
NaN,,NaN,,,NaN,NaN,NaN,NaN,NaN,NaN,NaN
NaN,,NaN,,,NaN,NaN,NaN,NaN,NaN,NaN,NaN
NaN,,NaN,,,NaN,NaN,NaN,NaN,NaN,NaN,NaN
NaN,,NaN,,,NaN,NaN,NaN,NaN,NaN,NaN,NaN
NaN,,NaN,,,NaN,NaN,NaN,NaN,NaN,NaN,NaN
NaN,,NaN,,,NaN,NaN,NaN,NaN,NaN,NaN,NaN
NaN,,NaN,,,NaN,NaN,NaN,NaN,NaN,NaN,NaN
NaN,,NaN,,,NaN,NaN,NaN,NaN,NaN,NaN,NaN
NaN,,NaN,,,NaN,NaN,NaN,NaN,NaN,NaN,NaN
NaN,,NaN,,,NaN,NaN,NaN,NaN,NaN,NaN,NaN
NaN,,NaN,,,NaN,NaN,NaN,NaN,NaN,NaN,NaN
NaN,,NaN,,,NaN,NaN,NaN,NaN,NaN,NaN,NaN
NaN,,NaN,,,NaN,NaN,NaN,NaN,NaN,NaN,NaN
NaN,,NaN,,,NaN,NaN,NaN,NaN,NaN,NaN,NaN
NaN,,NaN,,,NaN,NaN,NaN,NaN,NaN,NaN,NaN
NaN,,NaN,,,NaN,NaN,NaN,NaN,NaN,NaN,NaN
NaN,,NaN,,,NaN,NaN,NaN,NaN,NaN,NaN,NaN
NaN,,NaN,,,NaN,NaN,NaN,NaN,NaN,NaN,NaN
NaN,,NaN,,,NaN,NaN,NaN,NaN,NaN,NaN,NaN
NaN,,NaN,,,NaN,NaN,NaN,NaN,NaN,NaN,NaN
NaN,,NaN,,,NaN,NaN,NaN,NaN,NaN,NaN,NaN
NaN,,NaN,,,NaN,NaN,NaN,NaN,NaN,NaN,NaN
NaN,,NaN,,,NaN,NaN,NaN,NaN,NaN,NaN,NaN
NaN,,NaN,,,NaN,NaN,NaN,NaN,NaN,NaN,NaN
NaN,,NaN,,,NaN,NaN,NaN,NaN,NaN,NaN,NaN
NaN,,NaN,,,NaN,NaN,NaN,NaN,NaN,NaN,NaN
NaN,,NaN,,,NaN,NaN,NaN,NaN,NaN,NaN,NaN
NaN,,NaN,,,NaN,NaN,NaN,NaN,NaN,NaN,NaN
NaN,,NaN,,,NaN,NaN,NaN,NaN,NaN,NaN,NaN
NaN,,NaN,,,NaN,NaN,NaN,NaN,NaN,NaN,NaN
NaN,,NaN,,,NaN,NaN,NaN,NaN,NaN,NaN,NaN
NaN,,NaN,,,NaN,NaN,NaN,NaN,NaN,NaN,NaN
NaN,,NaN,,,NaN,NaN,NaN,NaN,NaN,NaN,NaN
NaN,,NaN,,,NaN,NaN,NaN,NaN,NaN,NaN,NaN
NaN,,NaN,,,NaN,NaN,NaN,NaN,NaN,NaN,NaN
NaN,,NaN,,,NaN,NaN,NaN,NaN,NaN,NaN,NaN
NaN,,NaN,,,NaN,NaN,NaN,NaN,NaN,NaN,NaN
NaN,,NaN,,,NaN,NaN,NaN,NaN,NaN,NaN,NaN
NaN,,NaN,,,NaN,NaN,NaN,NaN,NaN,NaN,NaN
NaN,,NaN,,,NaN,NaN,NaN,NaN,NaN,NaN,NaN
NaN,,NaN,,,NaN,NaN,NaN,NaN,NaN,NaN,NaN
NaN,,NaN,,,NaN,NaN,NaN,NaN,NaN,NaN,NaN
NaN,,NaN,,,NaN,NaN,NaN,NaN,NaN,NaN,NaN
NaN,,NaN,,,NaN,NaN,NaN,NaN,NaN,NaN,NaN
NaN,,NaN,,,NaN,NaN,NaN,NaN,NaN,NaN,NaN
NaN,,NaN,,,NaN,NaN,NaN,NaN,NaN,NaN,NaN
NaN,,NaN,,,NaN,NaN,NaN,NaN,NaN,NaN,NaN
NaN,,NaN,,,NaN,NaN,NaN,NaN,NaN,NaN,NaN
NaN,,NaN,,,NaN,NaN,NaN,NaN,NaN,NaN,NaN
NaN,,NaN,,,NaN,NaN,NaN,NaN,NaN,NaN,NaN
NaN,,NaN,,,NaN,NaN,NaN,NaN,NaN,NaN,NaN
NaN,,NaN,,,NaN,NaN,NaN,NaN,NaN,NaN,NaN
NaN,,NaN,,,NaN,NaN,NaN,NaN,NaN,NaN,NaN
NaN,,NaN,,,NaN,NaN,NaN,NaN,NaN,NaN,NaN
NaN,,NaN,,,NaN,NaN,NaN,NaN,NaN,NaN,NaN
NaN,,NaN,,,NaN,NaN,NaN,NaN,NaN,NaN,NaN
NaN,,NaN,,,NaN,NaN,NaN,NaN,NaN,NaN,NaN
NaN,,NaN,,,NaN,NaN,NaN,NaN,NaN,NaN,NaN
NaN,,NaN,,,NaN,NaN,NaN,NaN,NaN,NaN,NaN
NaN,,NaN,,,NaN,NaN,NaN,NaN,NaN,NaN,NaN
NaN,,NaN,,,NaN,NaN,NaN,NaN,NaN,NaN,NaN
NaN,,NaN,,,NaN,NaN,NaN,NaN,NaN,NaN,NaN
NaN,,NaN,,,NaN,NaN,NaN,NaN,NaN,NaN,NaN
NaN,,NaN,,,NaN,NaN,NaN,NaN,NaN,NaN,NaN
NaN,,NaN,,,NaN,NaN,NaN,NaN,NaN,NaN,NaN
NaN,,NaN,,,NaN,NaN,NaN,NaN,NaN,NaN,NaN
NaN,,NaN,,,NaN,NaN,NaN,NaN,NaN,NaN,NaN
NaN,,NaN,,,NaN,NaN,NaN,NaN,NaN,NaN,NaN
NaN,,NaN,,,NaN,NaN,NaN,NaN,NaN,NaN,NaN
NaN,,NaN,,,NaN,NaN,NaN,NaN,NaN,NaN,NaN
NaN,,NaN,,,NaN,NaN,NaN,NaN,NaN,NaN,NaN
NaN,,NaN,,,NaN,NaN,NaN,NaN,NaN,NaN,NaN
NaN,,NaN,,,NaN,NaN,NaN,NaN,NaN,NaN,NaN
NaN,,NaN,,,NaN,NaN,NaN,NaN,NaN,NaN,NaN
NaN,,NaN,,,NaN,NaN,NaN,NaN,NaN,NaN,NaN
NaN,,NaN,,,NaN,NaN,NaN,NaN,NaN,NaN,NaN
NaN,,NaN,,,NaN,NaN,NaN,NaN,NaN,NaN,NaN
NaN,,NaN,,,NaN,NaN,NaN,NaN,NaN,NaN,NaN
NaN,,NaN,,,NaN,NaN,NaN,NaN,NaN,NaN,NaN
NaN,,NaN,,,NaN,NaN,NaN,NaN,NaN,NaN,NaN
NaN,,NaN,,,NaN,NaN,NaN,NaN,NaN,NaN,NaN
NaN,,NaN,,,NaN,NaN,NaN,NaN,NaN,NaN,NaN
NaN,,NaN,,,NaN,NaN,NaN,NaN,NaN,NaN,NaN
NaN,,NaN,,,NaN,NaN,NaN,NaN,NaN,NaN,NaN
NaN,,NaN,,,NaN,NaN,NaN,NaN,NaN,NaN,NaN
NaN,,NaN,,,NaN,NaN,NaN,NaN,NaN,NaN,NaN
NaN,,NaN,,,NaN,NaN,NaN,NaN,NaN,NaN,NaN
NaN,,NaN,,,NaN,NaN,NaN,NaN,NaN,NaN,NaN
NaN,,NaN,,,NaN,NaN,NaN,NaN,NaN,NaN,NaN
NaN,,NaN,,,NaN,NaN,NaN,NaN,NaN,NaN,NaN
NaN,,NaN,,,NaN,NaN,NaN,NaN,NaN,NaN,NaN
NaN,,NaN,,,NaN,NaN,NaN,NaN,NaN,NaN,NaN
NaN,,NaN,,,NaN,NaN,NaN,NaN,NaN,NaN,NaN
NaN,,NaN,,,NaN,NaN,NaN,NaN,NaN,NaN,NaN
NaN,,NaN,,,NaN,NaN,NaN,NaN,NaN,NaN,NaN
NaN,,NaN,,,NaN,NaN,NaN,NaN,NaN,NaN,NaN
NaN,,NaN,,,NaN,NaN,NaN,NaN,NaN,NaN,NaN
NaN,,NaN,,,NaN,NaN,NaN,NaN,NaN,NaN,NaN
NaN,,NaN,,,NaN,NaN,NaN,NaN,NaN,NaN,NaN
NaN,,NaN,,,NaN,NaN,NaN,NaN,NaN,NaN,NaN
NaN,,NaN,,,NaN,NaN,NaN,NaN,NaN,NaN,NaN
NaN,,NaN,,,NaN,NaN,NaN,NaN,NaN,NaN,NaN
NaN,,NaN,,,NaN,NaN,NaN,NaN,NaN,NaN,NaN
NaN,,NaN,,,NaN,NaN,NaN,NaN,NaN,NaN,NaN
NaN,,NaN,,,NaN,NaN,NaN,NaN,NaN,NaN,NaN
NaN,,NaN,,,NaN,NaN,NaN,NaN,NaN,NaN,NaN
NaN,,NaN,,,NaN,NaN,NaN,NaN,NaN,NaN,NaN
NaN,,NaN,,,NaN,NaN,NaN,NaN,NaN,NaN,NaN
NaN,,NaN,,,NaN,NaN,NaN,NaN,NaN,NaN,NaN
NaN,,NaN,,,NaN,NaN,NaN,NaN,NaN,NaN,NaN
NaN,,NaN,,,NaN,NaN,NaN,NaN,NaN,NaN,NaN
