Subject_id,Subject,Region_id,Region,Condition,Strength_in,Strength_out,Strength,Clust_coef,Efficiency,Route_efficiency_log,Route_efficiency_inv
1,DOC,1,V1-L,RT_Pronation_pro_L,0.232338737859266,0.539562204175866,0.771900942035132,0.00713017178147195,0.00764414266613985,6.36717201872432,0.673856788437242
1,DOC,2,V3-L,RT_Pronation_pro_L,0.303583004339965,0.433767162612284,0.737350166952249,0.00726458384269101,0.00786753712160761,6.36432469089662,0.677515787246211
1,DOC,3,STS-L,RT_Pronation_pro_L,0.0464068490879501,0.603610885617879,0.650017734705829,0.00532341428717987,0.00576802812499387,6.40400089351177,0.683480617748646
1,DOC,4,IPL-L,RT_Pronation_pro_L,0.611092077148482,0.500568295978668,1.11166037312715,0.0079785846934027,0.00850632130893853,6.33879703159268,0.651486597368233
1,DOC,5,SPL-L,RT_Pronation_pro_L,0.60020127097915,0.305018389847302,0.905219660826452,0.00912446016238298,0.00983589591587538,6.33402487094024,0.667720344841773
1,DOC,6,AG-L,RT_Pronation_pro_L,0.493194930592338,0.379549785264282,0.87274471585662,0.00866373310659557,0.00933959140418141,6.34547935689462,0.669834646832309
1,DOC,7,mIPS-L,RT_Pronation_pro_L,0.679755048952159,0.337322337574973,1.01707738652713,0.00955918548197206,0.0102876114794187,6.3234757662037,0.656605794852803
1,DOC,8,VIP-L,RT_Pronation_pro_L,0.936559721560585,0.263973884136737,1.20053360569732,0.0082578411771518,0.00886216914371052,6.33424028283271,0.656810555861944
1,DOC,9,SPOC-L,RT_Pronation_pro_L,0.479347326433043,0.349451312273811,0.828798638706854,0.00771988828714962,0.00832121392308613,6.35030991542268,0.65767459849085
1,DOC,10,S1-L,RT_Pronation_pro_L,0.89176204186651,0.745914554382576,1.63767659624909,0.0115005708356695,0.01233207320062,6.27034164183354,0.611283714810311
1,DOC,11,M1-L,RT_Pronation_pro_L,0.414806502337544,0.676311051099957,1.0911175534375,0.00824549423564539,0.00885530401283676,6.34158196404483,0.656445460693799
1,DOC,12,SMA-L,RT_Pronation_pro_L,0.437855806649009,0.513203282269212,0.951059088918221,0.0078328051199434,0.00837250882730821,6.34556059928713,0.663033752992422
1,DOC,13,PMd-L,RT_Pronation_pro_L,0.308123498012183,0.617460002929089,0.925583500941272,0.00803332543513599,0.00861846181041247,6.34532264869939,0.652326810734953
1,DOC,14,PMv-L,RT_Pronation_pro_L,0.0710329471205115,0.330605305792868,0.40163825291338,0.00468764185146151,0.00504117387979182,6.42327940269661,0.690517633164967
1,DOC,15,FEF-L,RT_Pronation_pro_L,0.160114616120583,0.582362668446819,0.742477284567402,0.00714332846000715,0.00771496404812453,6.37007015080694,0.672774300039915
1,DOC,16,POJ-L,RT_Pronation_pro_L,0.214755830148575,0.431103394278189,0.645859224426763,0.00591474283430228,0.00637458837679801,6.38753446716056,0.674544744033191
1,DOC,17,V1-R,RT_Pronation_pro_L,0.165907764532059,0.332127919104925,0.498035683636984,0.00575662065848121,0.00617880633345,6.39649465892899,0.687147037877661
1,DOC,18,V3-R,RT_Pronation_pro_L,0.25849339894699,0.415215096693454,0.673708495640444,0.007129258946607,0.00768141706980448,6.37240033526761,0.681264747956279
1,DOC,19,STS-R,RT_Pronation_pro_L,0.221217932999883,0.441525800603516,0.662743733603399,0.00748694815419567,0.00803785615875448,6.37097731708062,0.68315296709617
1,DOC,20,IPL-R,RT_Pronation_pro_L,0.374063315838666,0.225807561599043,0.599870877437709,0.00644496743766016,0.00688679005715364,6.38170411233827,0.680835058974214
1,DOC,21,SPL-R,RT_Pronation_pro_L,0.757407960801987,0.505864399464747,1.26327236026673,0.0109958503193108,0.0118391446153515,6.2990222272313,0.652005722056381
1,DOC,22,AG-R,RT_Pronation_pro_L,0.674695952450088,0.370117560278124,1.04481351272821,0.00983290857625204,0.0105880099835019,6.32237267060251,0.66139791716092
1,DOC,23,mIPS-R,RT_Pronation_pro_L,0.836535936016813,0.341178282948919,1.17771421896573,0.0106388367673111,0.0114627732159421,6.3085278847893,0.66008767880471
1,DOC,24,VIP-R,RT_Pronation_pro_L,0.405467406474957,0.45691955066672,0.862386957141677,0.00884237166228278,0.0095113581211289,6.34141168125736,0.672362944849882
1,DOC,25,SPOC-R,RT_Pronation_pro_L,0.541073253061523,0.324250439180772,0.865323692242294,0.0078087975294704,0.00837072742788248,6.34462066974092,0.66083395149555
1,DOC,26,S1-R,RT_Pronation_pro_L,0.451116663031237,0.268830757579072,0.719947420610309,0.007562012764726,0.00810046401855904,6.36343011232006,0.677060530019673
1,DOC,27,M1-R,RT_Pronation_pro_L,0.363041165631592,0.471972101123723,0.835013266755315,0.00758208652555003,0.00811635435720402,6.358239717335,0.670692671672272
1,DOC,28,SMA-R,RT_Pronation_pro_L,0.585434025961138,0.45931161025552,1.04474563621666,0.00855814839796127,0.00913628297389251,6.33887258219067,0.660706112003699
1,DOC,29,PMd-R,RT_Pronation_pro_L,0.109885043042756,0.477819390930017,0.587704433972773,0.00592231338172889,0.00632794628256258,6.39075953018937,0.683107635434651
1,DOC,30,PMv-R,RT_Pronation_pro_L,0.0939839755094796,0.315882594220436,0.409866569729915,0.00475162061736578,0.00509907186409716,6.41545478319581,0.691328457775936
1,DOC,31,FEF-R,RT_Pronation_pro_L,0.231231414292658,0.313286075376101,0.544517489668759,0.00615429504988607,0.00660417608554935,6.38693404739621,0.685366198216776
1,DOC,32,POJ-R,RT_Pronation_pro_L,0.657387293157977,0.277979054252059,0.935366347410035,0.00857372863234785,0.00925473271163806,6.33986911571705,0.670702654079424
2,GB,1,V1-L,RT_Pronation_pro_L,0.290775796920502,0.244888903695957,0.535664700616458,0.00515093396254892,0.00567349253126067,6.11231804221942,0.646273829458694
2,GB,2,V3-L,RT_Pronation_pro_L,0.385937719505225,0.291960559178689,0.677898278683914,0.0052581610179736,0.0057974668089559,6.09721323202783,0.631392384119434
2,GB,3,STS-L,RT_Pronation_pro_L,0.164061521125261,0.277862641916785,0.441924163042046,0.00511295843635636,0.00569354725996006,6.11634744034178,0.656355976516054
2,GB,4,IPL-L,RT_Pronation_pro_L,0.658451499921445,0.35713391176751,1.01558541168895,0.007171838440508,0.00790659076794148,6.05297592593942,0.620612647147932
2,GB,5,SPL-L,RT_Pronation_pro_L,0.823321321799983,0.298497109436581,1.12181843123656,0.00835390968967382,0.0092066757538305,6.03771506986203,0.631325235730339
2,GB,6,AG-L,RT_Pronation_pro_L,0.34518390030087,0.515057792040556,0.860241692341426,0.00681718759027414,0.00754714896268775,6.06955717526626,0.629824447849047
2,GB,7,mIPS-L,RT_Pronation_pro_L,0.588265941996589,0.514106009842215,1.1023719518388,0.00807888014097139,0.00885595539793282,6.03637631978604,0.60769060948374
2,GB,8,VIP-L,RT_Pronation_pro_L,0.427830198634506,1.0105910168402,1.4384212154747,0.00968434488413836,0.0107838481239977,6.00616389527199,0.606317952671519
2,GB,9,SPOC-L,RT_Pronation_pro_L,0.726751323888017,0.609441972058071,1.33619329594609,0.0102239610935948,0.0113093516669427,6.00228443114962,0.601690462870675
2,GB,10,S1-L,RT_Pronation_pro_L,0.335913941379753,0.284134701183505,0.620048642563258,0.00587194315314925,0.00645506036557222,6.10062884912568,0.63976995749183
2,GB,11,M1-L,RT_Pronation_pro_L,0.283827493219358,0.485402355149197,0.769229848368555,0.006829339536814,0.00745630126270562,6.07595297562539,0.633152166277265
2,GB,12,SMA-L,RT_Pronation_pro_L,0.747009242252621,0.300892979439419,1.04790222169204,0.0087611671521893,0.00970391463871023,6.03881114924963,0.62766649381267
2,GB,13,PMd-L,RT_Pronation_pro_L,0.11251705241663,0.400161603178896,0.512678655595526,0.00415591915024997,0.00457658207836161,6.12996467167448,0.652994443542592
2,GB,14,PMv-L,RT_Pronation_pro_L,0.0639935815484201,0.269765458920896,0.333759040469316,0.00345447721975716,0.00383774535821463,6.15112226720151,0.660936141911386
2,GB,15,FEF-L,RT_Pronation_pro_L,0.284307035935071,0.265092473023876,0.549399508958946,0.0049448890524877,0.00548400923761159,6.11415420571666,0.648149816928961
2,GB,16,POJ-L,RT_Pronation_pro_L,0.424194156076681,0.509666743054241,0.933860899130923,0.0079309099520573,0.00875738669936315,6.05838707261746,0.631525376546909
2,GB,17,V1-R,RT_Pronation_pro_L,0.204378465643525,0.168290542883917,0.372669008527443,0.00430513460754081,0.00480735270340392,6.13369880983411,0.655765503994114
2,GB,18,V3-R,RT_Pronation_pro_L,0.264722751822006,0.233669286650049,0.498392038472055,0.0048588386847046,0.00535617260004147,6.11891140246711,0.648131032084177
2,GB,19,STS-R,RT_Pronation_pro_L,0.193381486241471,0.254332008645658,0.447713494887129,0.0044362566107518,0.00487907055684244,6.12743742706825,0.650730772502706
2,GB,20,IPL-R,RT_Pronation_pro_L,0.557980373182954,0.333783014956681,0.891763388139635,0.00791602178350521,0.00876726157150353,6.05674307020271,0.63049453084728
2,GB,21,SPL-R,RT_Pronation_pro_L,0.415336120282194,0.311810545644897,0.727146665927091,0.00661436451786148,0.00727511449041214,6.08198975249206,0.636012585086536
2,GB,22,AG-R,RT_Pronation_pro_L,0.239966406274485,0.399864761147749,0.639831167422234,0.00561999788274649,0.00620064127669264,6.09195450065053,0.637307072703479
2,GB,23,mIPS-R,RT_Pronation_pro_L,0.582322725798618,0.225961261738285,0.808283987536903,0.00730971872636354,0.00817014543865214,6.06614147599467,0.642068004006698
2,GB,24,VIP-R,RT_Pronation_pro_L,0.412575284501706,0.291845163566076,0.704420448067782,0.00621093364740007,0.00687552523246767,6.08835188723211,0.639786424718476
2,GB,25,SPOC-R,RT_Pronation_pro_L,0.360264112422426,0.650796265098124,1.01106037752055,0.00767080093077966,0.00850851266610357,6.0430532194374,0.621217710975494
2,GB,26,S1-R,RT_Pronation_pro_L,0.460797143793524,0.166463844761375,0.627260988554899,0.00641339641995557,0.00711162292956426,6.09251311658346,0.650661115033459
2,GB,27,M1-R,RT_Pronation_pro_L,0.255195904108771,0.336788386304132,0.591984290412903,0.00482591213400416,0.00528759619574247,6.10916488297558,0.636674195540283
2,GB,28,SMA-R,RT_Pronation_pro_L,0.279096590572215,0.285755448198244,0.564852038770459,0.00500158354541863,0.00554221423363465,6.11000402197818,0.644943550279976
2,GB,29,PMd-R,RT_Pronation_pro_L,0.414008782362279,0.417242311417351,0.831251093779629,0.00716364799022205,0.0079548887397524,6.06689465608026,0.630860682537699
2,GB,30,PMv-R,RT_Pronation_pro_L,0.0619319275788569,0.295597977674127,0.357529905252984,0.00371667212963972,0.00411275847347022,6.14655047299806,0.658305669621199
2,GB,31,FEF-R,RT_Pronation_pro_L,0.197826100086707,0.325705957328002,0.523532057414709,0.00485915287403681,0.00539190946019743,6.11410368599027,0.646663296748926
2,GB,32,POJ-R,RT_Pronation_pro_L,0.184245030033049,0.413807924884461,0.598052954917511,0.00543176178908721,0.00600021984607945,6.10130760940069,0.643757222318598
3,JDC,1,V1-L,RT_Pronation_pro_L,0.208791506320718,0.293033550214423,0.501825056535141,0.00542725008073688,0.00594191359181084,6.58382906217067,0.848892924250996
3,JDC,2,V3-L,RT_Pronation_pro_L,0.144468392847856,0.386194682699931,0.530663075547787,0.00563898701505624,0.0062243631446964,6.58438994111756,0.847631043211644
3,JDC,3,STS-L,RT_Pronation_pro_L,0.108856964413115,0.28651045267747,0.395367417090585,0.00464823361398074,0.00512801208000883,6.60565620797457,0.852514193955043
3,JDC,4,IPL-L,RT_Pronation_pro_L,0.389521853289116,0.758903927057128,1.14842578034624,0.00863515019330947,0.0094737558957555,6.51841208915715,0.816589031436395
3,JDC,5,SPL-L,RT_Pronation_pro_L,0.807745547273615,0.539024517953296,1.34677006522691,0.0104328838701638,0.0114629676109282,6.48415187597938,0.80803117393891
3,JDC,6,AG-L,RT_Pronation_pro_L,0.643740820402318,0.398207197033341,1.04194801743566,0.00838842897273335,0.00919718100098262,6.51027883324211,0.806875423848553
3,JDC,7,mIPS-L,RT_Pronation_pro_L,0.658688140196224,0.462166142255623,1.12085428245185,0.00970803169540664,0.0106152272420567,6.50461947015357,0.814451953441236
3,JDC,8,VIP-L,RT_Pronation_pro_L,0.733952898144788,0.141411424656429,0.875364322801217,0.00675651355500237,0.00741379041947061,6.55491807017382,0.83021660413694
3,JDC,9,SPOC-L,RT_Pronation_pro_L,0.624524280351393,0.860682291875348,1.48520657222674,0.0120233726564538,0.0130798699786785,6.46859243717415,0.785244553519458
3,JDC,10,S1-L,RT_Pronation_pro_L,0.826111607769019,0.372068834062785,1.1981804418318,0.00879979820106189,0.00966908509476207,6.51691039194972,0.813068619528602
3,JDC,11,M1-L,RT_Pronation_pro_L,0.509274539706576,0.491537390313804,1.00081193002038,0.00814590462561115,0.00895772069599742,6.52944402793881,0.82562646772486
3,JDC,12,SMA-L,RT_Pronation_pro_L,0.81047621249302,0.440258339647181,1.2507345521402,0.0104535324524985,0.0113974873081368,6.49359963426917,0.800844919010773
3,JDC,13,PMd-L,RT_Pronation_pro_L,0.318408673734745,0.312955760789121,0.631364434523866,0.00646041412756933,0.00708889217273314,6.56546745778092,0.827239957352503
3,JDC,14,PMv-L,RT_Pronation_pro_L,0.0758637818639129,0.271496088283767,0.34735987014768,0.00422620468590058,0.00464247020729797,6.61540127579442,0.859316758451307
3,JDC,15,FEF-L,RT_Pronation_pro_L,0.372016117503572,0.109070001669219,0.481086119172791,0.00530151355380587,0.00583655789890401,6.58946178599722,0.849094719855555
3,JDC,16,POJ-L,RT_Pronation_pro_L,0.593772251521962,0.393616392987147,0.987388644509109,0.00884879082236003,0.00964903863404267,6.5218541309072,0.824474100838834
3,JDC,17,V1-R,RT_Pronation_pro_L,0.131144388835159,0.404482105188971,0.53562649402413,0.00596420799683846,0.00652716501548049,6.58049784825679,0.84818995452662
3,JDC,18,V3-R,RT_Pronation_pro_L,0.219279969106503,0.388378106508699,0.607658075615202,0.00629464303761238,0.00688279491517897,6.56695580347061,0.839585141717525
3,JDC,19,STS-R,RT_Pronation_pro_L,0.169696678664117,0.136632871746837,0.306329550410954,0.00462829338567929,0.00508691958067886,6.60858321205331,0.851454994845511
3,JDC,20,IPL-R,RT_Pronation_pro_L,0.702557891337853,0.54684075996325,1.2493986513011,0.0114386502678473,0.0124662168362565,6.48861522100037,0.818520792485061
3,JDC,21,SPL-R,RT_Pronation_pro_L,0.670316402152194,1.0058604520205,1.67617685417269,0.0127298962214659,0.013881959424582,6.46036289398256,0.800375535731367
3,JDC,22,AG-R,RT_Pronation_pro_L,0.568984032128183,0.549340538314188,1.11832457044237,0.00993061605122301,0.0108773748307999,6.50829146645394,0.825639187857628
3,JDC,23,mIPS-R,RT_Pronation_pro_L,0.880260795439367,0.56338638944379,1.44364718488316,0.0112034310468776,0.012249812230344,6.48299212367264,0.802035815751133
3,JDC,24,VIP-R,RT_Pronation_pro_L,0.941812967699892,0.617572429632062,1.55938539733195,0.0123937929846862,0.0135125777444728,6.46891253196114,0.807826706848122
3,JDC,25,SPOC-R,RT_Pronation_pro_L,0.309387021448504,1.62552197033283,1.93490899178133,0.0116622404601612,0.012704503029061,6.45015116464444,0.787135105821504
3,JDC,26,S1-R,RT_Pronation_pro_L,0.534525927359124,0.301372942295093,0.835898869654217,0.0086743196028444,0.00951079695451553,6.53091543433429,0.83685303023299
3,JDC,27,M1-R,RT_Pronation_pro_L,0.388577116511359,0.398395159750513,0.786972276261872,0.00785162410242762,0.00855375711026572,6.54097452227114,0.829491839276395
3,JDC,28,SMA-R,RT_Pronation_pro_L,0.719139495620403,0.534148832498006,1.25328832811841,0.0105963193246913,0.0115293031800903,6.48877364828404,0.804010319310033
3,JDC,29,PMd-R,RT_Pronation_pro_L,0.479569615952247,0.491150127782743,0.97071974373499,0.00986951478789748,0.0107892898104846,6.51477664429066,0.826032317760036
3,JDC,30,PMv-R,RT_Pronation_pro_L,0.110147072646846,0.582712143925232,0.692859216572078,0.00645738980955009,0.00704095739730259,6.57157625232021,0.83761233871618
3,JDC,31,FEF-R,RT_Pronation_pro_L,0.342431666690058,0.401041850664803,0.743473517354861,0.00742206900474188,0.00806806236649028,6.54729428129682,0.832759098546525
3,JDC,32,POJ-R,RT_Pronation_pro_L,0.763224930449065,0.693295885629295,1.45652081607836,0.011325219055808,0.0123518594259825,6.47571134826418,0.806309461444037
4,JFXD,1,V1-L,RT_Pronation_pro_L,0.33357808922246,0.588806135058097,0.922384224280557,0.00982515054060238,0.0104988680062493,7.02342745122792,0.931406279620858
4,JFXD,2,V3-L,RT_Pronation_pro_L,0.411389362034399,0.528165688814116,0.939555050848515,0.0104349748369156,0.0111518962241991,7.01452140344301,0.924730349333589
4,JFXD,3,STS-L,RT_Pronation_pro_L,0.15497568955928,0.907150953532064,1.06212664309134,0.00925486664016089,0.00990007875649839,7.02158293252254,0.924643858982804
4,JFXD,4,IPL-L,RT_Pronation_pro_L,0.933709519139151,0.412610213796367,1.34631973293552,0.0120423425850415,0.0128651293757337,6.97723386549878,0.909493811477718
4,JFXD,5,SPL-L,RT_Pronation_pro_L,0.847792737682108,0.427373181866514,1.27516591954862,0.0122128534392207,0.01305415506288,6.98384254293733,0.914592381625944
4,JFXD,6,AG-L,RT_Pronation_pro_L,0.726505975411983,0.865953973584628,1.59245994899661,0.0139011454619712,0.014763265094473,6.94998007258949,0.896154361876554
4,JFXD,7,mIPS-L,RT_Pronation_pro_L,0.91380422847042,0.483173774576286,1.39697800304671,0.0127613192204837,0.0136076207644301,6.97560777682276,0.907457250079087
4,JFXD,8,VIP-L,RT_Pronation_pro_L,0.845672136201967,0.242302194566234,1.0879743307682,0.0107737849070336,0.0115178382297056,7.00626451936827,0.923945661214623
4,JFXD,9,SPOC-L,RT_Pronation_pro_L,0.883843750173083,0.502807089452786,1.38665083962587,0.0126881093406404,0.0136077174899335,6.97314888476504,0.90172030376958
4,JFXD,10,S1-L,RT_Pronation_pro_L,0.896266962184031,0.363171897730089,1.25943885991412,0.0119308170814919,0.0127472091564598,6.98097733015767,0.907705028089113
4,JFXD,11,M1-L,RT_Pronation_pro_L,0.84625540717585,0.282503885706585,1.12875929288244,0.0109192490982343,0.0117124454751664,7.00250115583422,0.920973318048027
4,JFXD,12,SMA-L,RT_Pronation_pro_L,0.920617898576684,0.386520049683839,1.30713794826052,0.0114842410734829,0.0123144659970219,6.98716663681217,0.910458438923382
4,JFXD,13,PMd-L,RT_Pronation_pro_L,0.840986997530577,0.320446681167394,1.16143367869797,0.0101371232178489,0.0108997405093565,7.00612499342893,0.916186215566118
4,JFXD,14,PMv-L,RT_Pronation_pro_L,0.11233784034445,1.3891949425621,1.50153278290655,0.00950566879620332,0.0101444085627424,7.00412026262509,0.905522526304143
4,JFXD,15,FEF-L,RT_Pronation_pro_L,0.748842181544761,0.622444467579322,1.37128664912408,0.0123997916489405,0.0132637707763907,6.97428492194282,0.891875622603352
4,JFXD,16,POJ-L,RT_Pronation_pro_L,0.48476407413992,0.531882927395028,1.01664700153495,0.0110240717256819,0.0118249764692144,7.00588011988538,0.9237561862689
4,JFXD,17,V1-R,RT_Pronation_pro_L,0.152730799174244,0.348137669973644,0.500868469147888,0.00672687877433437,0.00720838536246515,7.07238478734246,0.944467685198107
4,JFXD,18,V3-R,RT_Pronation_pro_L,0.179471557377352,1.16510023963254,1.34457179700989,0.0101902000318485,0.0108433293424148,6.99468061219785,0.908285651523866
4,JFXD,19,STS-R,RT_Pronation_pro_L,0.240116824388654,0.513015875666059,0.753132700054714,0.00811562358410851,0.00865720943575904,7.0402131306245,0.925532495456722
4,JFXD,20,IPL-R,RT_Pronation_pro_L,0.903821547632158,0.407756404382639,1.3115779520148,0.0118125970719063,0.0126599026999367,6.9834918302562,0.911613370546805
4,JFXD,21,SPL-R,RT_Pronation_pro_L,0.822853435308979,0.242820886976664,1.06567432228564,0.0105621275418591,0.0113551557367043,7.00750941692879,0.926926693535186
4,JFXD,22,AG-R,RT_Pronation_pro_L,0.425719311229567,1.4466922499389,1.87241156116846,0.0148694385081564,0.0159362705423845,6.93581299105407,0.890914517072503
4,JFXD,23,mIPS-R,RT_Pronation_pro_L,0.974091637207718,0.998503628330574,1.97259526553829,0.0157823539299933,0.0168524119958192,6.91525614484565,0.879946938809408
4,JFXD,24,VIP-R,RT_Pronation_pro_L,0.73446734910036,0.569368534946174,1.30383588404653,0.0126442612666489,0.0135898613300024,6.97782934534748,0.913962546444037
4,JFXD,25,SPOC-R,RT_Pronation_pro_L,0.84541866315302,0.737881943688948,1.58330060684197,0.013108138292698,0.0139535976368604,6.96111159795886,0.891855188494787
4,JFXD,26,S1-R,RT_Pronation_pro_L,0.47494330377996,0.654890648593382,1.12983395237334,0.01114386898409,0.0118950544825548,6.99943013410195,0.908020605127334
4,JFXD,27,M1-R,RT_Pronation_pro_L,0.911343134501525,0.929139487386614,1.84048262188814,0.0155010980784574,0.0166022050313431,6.92151072868582,0.879157218525944
4,JFXD,28,SMA-R,RT_Pronation_pro_L,0.989852313506976,0.342360994684723,1.3322133081917,0.0116750794209229,0.0125257005100248,6.98471151191099,0.910445541711272
4,JFXD,29,PMd-R,RT_Pronation_pro_L,0.420805497258055,0.856924207347304,1.27772970460536,0.0118801504928776,0.0127348783548577,6.9827588089559,0.912992331315403
4,JFXD,30,PMv-R,RT_Pronation_pro_L,0.08701190325389,0.535984247636027,0.622996150889917,0.00668713889809662,0.00716751689308587,7.07084149889827,0.936467188957688
4,JFXD,31,FEF-R,RT_Pronation_pro_L,0.481348868829341,0.316167522527477,0.797516391356818,0.00881300795266978,0.00937853580379726,7.03111195026599,0.925795049873622
4,JFXD,32,POJ-R,RT_Pronation_pro_L,0.444124844183975,1.07021124049378,1.51433608467776,0.0131017293257221,0.0139476174912247,6.96746270646489,0.904636760649161
5,JZ,1,V1-L,RT_Pronation_pro_L,0.0531359099386313,0.247087617101414,0.300223527040045,0.00311248812552371,0.0033676375263902,6.01840202174027,0.530306768070321
5,JZ,2,V3-L,RT_Pronation_pro_L,0.22646930421964,0.425016437011775,0.651485741231415,0.00562302498948412,0.00610190188929416,5.95569446202798,0.515875658846771
5,JZ,3,STS-L,RT_Pronation_pro_L,0.17425306181161,0.314185724966309,0.488438786777919,0.00505614242125631,0.00550630997897333,5.96743095335992,0.526777215060227
5,JZ,4,IPL-L,RT_Pronation_pro_L,0.346627889536041,0.472251844539123,0.818879734075164,0.0071508849170851,0.00768441289976546,5.92445209458568,0.50727508350704
5,JZ,5,SPL-L,RT_Pronation_pro_L,0.609743160008079,0.18127624694204,0.791019406950119,0.0066566438063658,0.00719180795444371,5.93587501212238,0.509518406105314
5,JZ,6,AG-L,RT_Pronation_pro_L,0.469906056640483,0.2157180290256,0.685624085666083,0.00637112154598588,0.00689137302731809,5.94048627300816,0.51692674189303
5,JZ,7,mIPS-L,RT_Pronation_pro_L,0.639149805853249,0.194353861110209,0.833503666963458,0.0070695443663185,0.00765536715692992,5.93021301549286,0.509610056767915
5,JZ,8,VIP-L,RT_Pronation_pro_L,0.642802740876264,0.231049172607096,0.87385191348336,0.00799258797095317,0.00864115545442154,5.91528881895326,0.504361781870926
5,JZ,9,SPOC-L,RT_Pronation_pro_L,0.709316216088725,0.239315211432447,0.948631427521172,0.00723230738930871,0.00781619825969289,5.91846830780623,0.498188810557087
5,JZ,10,S1-L,RT_Pronation_pro_L,0.477348089525061,0.650626998389942,1.127975087915,0.00832702769658615,0.00892647512899571,5.9019122866825,0.495875354812333
5,JZ,11,M1-L,RT_Pronation_pro_L,0.166999385050474,0.632290833543045,0.799290218593519,0.00666458543170304,0.00716495149125796,5.93895974555479,0.510896485313834
5,JZ,12,SMA-L,RT_Pronation_pro_L,0.285060483180747,0.188311808380437,0.473372291561184,0.00532526753026981,0.00578675656885054,5.96696481806956,0.525811967704772
5,JZ,13,PMd-L,RT_Pronation_pro_L,0.22018297469947,0.691285801316324,0.911468776015794,0.00668169315440158,0.00717871315974339,5.93338740035243,0.503529927075106
5,JZ,14,PMv-L,RT_Pronation_pro_L,0.0636821141220957,0.247762921891838,0.311445036013934,0.00321037607403069,0.0034524966260024,6.01480597231988,0.53183426412922
5,JZ,15,FEF-L,RT_Pronation_pro_L,0.186973941382141,0.218527138037736,0.405501079419877,0.00433378194633058,0.00468977252481933,5.98662499759959,0.52461167487901
5,JZ,16,POJ-L,RT_Pronation_pro_L,0.201851518716087,0.403644586432008,0.605496105148095,0.00554763533052772,0.00598216962722841,5.95808091156919,0.512894548040391
5,JZ,17,V1-R,RT_Pronation_pro_L,0.0950124871976184,0.300595936043026,0.395608423240644,0.00426656539657951,0.00459714369776007,5.98885406858501,0.529648472013209
5,JZ,18,V3-R,RT_Pronation_pro_L,0.275877612286398,0.246708175000566,0.522585787286964,0.00492374700363595,0.00531882968580053,5.97351915622454,0.523106977968009
5,JZ,19,STS-R,RT_Pronation_pro_L,0.140351490409917,0.238240021185225,0.378591511595142,0.00433338258184655,0.00469479288755152,5.98834040227399,0.530073355667725
5,JZ,20,IPL-R,RT_Pronation_pro_L,0.476055265392228,0.213742685409512,0.68979795080174,0.0060188807523461,0.00654945776954074,5.94408247702435,0.514954862025206
5,JZ,21,SPL-R,RT_Pronation_pro_L,0.518197218699917,0.329892789097016,0.848090007796934,0.00757055118485535,0.00816250232865385,5.91982658504759,0.51029116878568
5,JZ,22,AG-R,RT_Pronation_pro_L,0.271374994239601,0.543540110836772,0.814915105076373,0.00737153547876767,0.00795862607800387,5.92225200363801,0.512283645479261
5,JZ,23,mIPS-R,RT_Pronation_pro_L,0.383745739424498,0.420164372727924,0.803910112152422,0.00739617969719316,0.00792259375273043,5.91825018281195,0.49647380862315
5,JZ,24,VIP-R,RT_Pronation_pro_L,0.643930935635447,0.265262796620424,0.909193732255871,0.00727240980524509,0.00791996270854455,5.91193101093038,0.503173578343938
5,JZ,25,SPOC-R,RT_Pronation_pro_L,0.566291805102951,0.322983765466785,0.889275570569736,0.00737952141598792,0.00796390664754209,5.91858676686079,0.504211200267838
5,JZ,26,S1-R,RT_Pronation_pro_L,0.182631544045424,0.476649979488104,0.659281523533527,0.00606400712011999,0.00658405233372773,5.95002123962149,0.516771698567882
5,JZ,27,M1-R,RT_Pronation_pro_L,0.217032817695672,0.457131460749403,0.674164278445075,0.00479114353242134,0.00517205395744633,5.96152960026162,0.512080822337285
5,JZ,28,SMA-R,RT_Pronation_pro_L,0.654987074580953,0.14685222493743,0.801839299518383,0.00652967693243311,0.00706064913418231,5.93526713980985,0.512400462595245
5,JZ,29,PMd-R,RT_Pronation_pro_L,0.237374638949252,0.267649760410698,0.50502439935995,0.00517285336040941,0.00562110616829694,5.96812611883355,0.521694609919889
5,JZ,30,PMv-R,RT_Pronation_pro_L,0.0894783137202216,0.268302995250073,0.357781308970295,0.00423145810938875,0.00457526103879873,5.9936242709427,0.530178551265639
5,JZ,31,FEF-R,RT_Pronation_pro_L,0.115643971574344,0.264876365717855,0.380520337292199,0.00380016453364695,0.00410791299596772,5.99927743604788,0.525538130280548
5,JZ,32,POJ-R,RT_Pronation_pro_L,0.267284091969279,0.293474980904365,0.560759072873645,0.00542666701828838,0.005886151798464,5.9612325022356,0.519955168169482
6,LT,1,V1-L,RT_Pronation_pro_L,0.0737431486620729,0.57276255255338,0.646505701215453,0.00613201778584124,0.00650906701167446,6.70413410510101,0.758905480959226
6,LT,2,V3-L,RT_Pronation_pro_L,0.275770518712444,0.731369060795151,1.0071395795076,0.00963446390275603,0.0102673397147788,6.64453634722716,0.746967672883664
6,LT,3,STS-L,RT_Pronation_pro_L,0.0877380881228721,0.675052906449542,0.762790994572414,0.00697333005274777,0.00747686569696304,6.68705274539038,0.757971532030246
6,LT,4,IPL-L,RT_Pronation_pro_L,0.682532219944562,0.944052279194701,1.62658449913926,0.0118375955194968,0.0126260549157368,6.59136729851263,0.722219178661335
6,LT,5,SPL-L,RT_Pronation_pro_L,0.819061215742689,0.435996736836493,1.25505795257918,0.0115571189890478,0.0123737072915259,6.60458437155939,0.729642228023002
6,LT,6,AG-L,RT_Pronation_pro_L,0.826444541986582,0.299915506894615,1.1263600488812,0.0108087473192184,0.0115646244737446,6.62414443488578,0.741717921868869
6,LT,7,mIPS-L,RT_Pronation_pro_L,0.981922598463915,0.545270701851761,1.52719330031568,0.013107712977261,0.013967062420533,6.57890604117151,0.723342421721472
6,LT,8,VIP-L,RT_Pronation_pro_L,0.952192482856815,0.462124612560645,1.41431709541746,0.011110223366284,0.0118710129875582,6.61015146710285,0.726703321569564
6,LT,9,SPOC-L,RT_Pronation_pro_L,0.696879900959169,0.376909002893622,1.07378890385279,0.0105304067904596,0.0112774270617679,6.62634063162701,0.747181475853674
6,LT,10,S1-L,RT_Pronation_pro_L,0.767878913661057,1.01811200743867,1.78599092109973,0.0123494054581106,0.013209380255963,6.57286140388962,0.707027066602901
6,LT,11,M1-L,RT_Pronation_pro_L,0.647076697941638,0.382621946165934,1.02969864410757,0.0103429348576502,0.0111368917889431,6.63791167059656,0.742490999223754
6,LT,12,SMA-L,RT_Pronation_pro_L,0.471752858977425,0.461343056318448,0.933095915295874,0.00956133255002809,0.0102294977449591,6.64495215160047,0.748390733285872
6,LT,13,PMd-L,RT_Pronation_pro_L,0.291486200685533,0.32657014631949,0.618056347005024,0.00678235844804116,0.00725857639251879,6.69011910888443,0.757444125914137
6,LT,14,PMv-L,RT_Pronation_pro_L,0.105760519722722,0.811160850759704,0.916921370482426,0.00826576557847065,0.00883010356300407,6.66898834850996,0.757952428372769
6,LT,15,FEF-L,RT_Pronation_pro_L,0.506428738653238,0.430770647694186,0.937199386347425,0.00848639227060327,0.00905792471888144,6.64882019326246,0.740902456373347
6,LT,16,POJ-L,RT_Pronation_pro_L,0.408048791161603,0.659586426674043,1.06763521783565,0.00944869810224311,0.0100595126795026,6.63318706707741,0.735524779857819
6,LT,17,V1-R,RT_Pronation_pro_L,0.0916323596339275,0.354952962202231,0.446585321836159,0.00586871277307775,0.00627891226739032,6.71457121899509,0.77412747079837
6,LT,18,V3-R,RT_Pronation_pro_L,0.107246095766699,1.02690422718244,1.13415032294914,0.00896837582001206,0.00958251188094909,6.65142169114816,0.749869340371073
6,LT,19,STS-R,RT_Pronation_pro_L,0.108570935026075,0.438243281791169,0.546814216817244,0.00629558925315052,0.00671736894376443,6.7057698586263,0.769531251211811
6,LT,20,IPL-R,RT_Pronation_pro_L,0.931172094015047,0.559212675714946,1.49038476972999,0.0129657326997173,0.0138396694710745,6.591411093603,0.730089735002202
6,LT,21,SPL-R,RT_Pronation_pro_L,0.724686575848184,0.396243176244827,1.12092975209301,0.010702050010538,0.0114532896093998,6.62144714455055,0.741054946777888
6,LT,22,AG-R,RT_Pronation_pro_L,0.635612152049847,0.267262104271503,0.90287425632135,0.00967919928914987,0.0103828671826214,6.64561565154717,0.755348550841527
6,LT,23,mIPS-R,RT_Pronation_pro_L,0.814397463726413,0.320271447514351,1.13466891124076,0.0106467961748577,0.0113729593283875,6.62597932586994,0.747736099996451
6,LT,24,VIP-R,RT_Pronation_pro_L,0.684205203176562,0.622397245241093,1.30660244841765,0.0118846457178436,0.0126778556732003,6.60701664016867,0.738787843218835
6,LT,25,SPOC-R,RT_Pronation_pro_L,0.785232687633981,0.373247271251229,1.15847995888521,0.0113260989750241,0.0121408357053833,6.61815560268331,0.742629398398981
6,LT,26,S1-R,RT_Pronation_pro_L,0.500032048079185,0.605665743886729,1.10569779196591,0.0111598586025797,0.0118555212419758,6.62318210737671,0.741768927053919
6,LT,27,M1-R,RT_Pronation_pro_L,0.393906163925004,0.359070143955718,0.752976307880723,0.00884042558494268,0.00943866073997668,6.66120021322457,0.759620723626225
6,LT,28,SMA-R,RT_Pronation_pro_L,0.498165187499871,0.414278456033949,0.91244364353382,0.00920699039932289,0.00986735423634133,6.64460809454479,0.745974752963881
6,LT,29,PMd-R,RT_Pronation_pro_L,0.114788777199571,0.308603691933133,0.423392469132704,0.00575524440239839,0.00613946777516298,6.71377548385923,0.770051593211297
6,LT,30,PMv-R,RT_Pronation_pro_L,0.190276576140435,0.26168674166609,0.451963317806525,0.00570420686846099,0.00606056295409696,6.71290388375668,0.764836917612724
6,LT,31,FEF-R,RT_Pronation_pro_L,0.349357854061215,0.287899454712809,0.637257308774024,0.00794523662276778,0.0084939438030692,6.67720081543111,0.758898681594067
6,LT,32,POJ-R,RT_Pronation_pro_L,0.589780636044201,0.384223181077955,0.974003817122156,0.00990320852875439,0.0105817689757575,6.64162443715963,0.751045046896532
7,NvA,1,V1-L,RT_Pronation_pro_L,0.087823442937274,0.205742852195641,0.293566295132915,0.00409849061315077,0.00445135149172344,6.09071300020781,0.612693433035637
7,NvA,2,V3-L,RT_Pronation_pro_L,0.192789608455491,0.342313790616231,0.535103399071723,0.00527659785703654,0.00568115124376352,6.05499409447303,0.592474287086561
7,NvA,3,STS-L,RT_Pronation_pro_L,0.147762966481976,0.13048005589745,0.278243022379426,0.00391646896890922,0.00426545147100537,6.09254285592914,0.608120935200369
7,NvA,4,IPL-L,RT_Pronation_pro_L,0.323819556377264,0.288171700397482,0.611991256774746,0.00559838352886592,0.00606939609534481,6.04962365316326,0.597697184501002
7,NvA,5,SPL-L,RT_Pronation_pro_L,0.335178324022481,0.596984081208452,0.932162405230932,0.0068107341621702,0.00735643215053891,6.01599879554773,0.564018554972879
7,NvA,6,AG-L,RT_Pronation_pro_L,0.409937119131687,0.253927277056005,0.663864396187692,0.00653912089649987,0.00708452687758,6.03312733950773,0.594043477721108
7,NvA,7,mIPS-L,RT_Pronation_pro_L,0.554774565911778,0.225853856827119,0.780628422738897,0.00631352056935438,0.00683782035048553,6.02984537722606,0.585180776470316
7,NvA,8,VIP-L,RT_Pronation_pro_L,0.579672624686623,0.168638375526638,0.748311000213262,0.00630153128701666,0.0068236333205148,6.02971549339985,0.587848762092695
7,NvA,9,SPOC-L,RT_Pronation_pro_L,0.510151121576371,0.560163870449745,1.07031499202612,0.00901892327917593,0.00976914123310497,5.97945413328793,0.568142674426764
7,NvA,10,S1-L,RT_Pronation_pro_L,0.403282099962393,0.292858419812791,0.696140519775184,0.00532578442161059,0.00579445385486534,6.04550001493528,0.580626663538262
7,NvA,11,M1-L,RT_Pronation_pro_L,0.177424291406725,0.374481533615545,0.551905825022269,0.00480481170979635,0.00523536546474066,6.06239391422005,0.598706746497687
7,NvA,12,SMA-L,RT_Pronation_pro_L,0.201181425402366,0.488830708582522,0.690012133984888,0.00643943757399383,0.00697166977558094,6.03287461353213,0.592554296767784
7,NvA,13,PMd-L,RT_Pronation_pro_L,0.166608586481491,0.295154965818298,0.461763552299789,0.00500057361349285,0.0054283819609003,6.06493641017632,0.603848566676706
7,NvA,14,PMv-L,RT_Pronation_pro_L,0.127763766417186,0.195599963887102,0.323363730304288,0.00417812795566824,0.00454343302384939,6.08345679317494,0.609475952301668
7,NvA,15,FEF-L,RT_Pronation_pro_L,0.156255202159771,0.200709409965666,0.356964612125437,0.00450204399534355,0.00489673693740528,6.0751100531096,0.606864167611113
7,NvA,16,POJ-L,RT_Pronation_pro_L,0.230681765962657,0.485771735950015,0.716453501912673,0.00619740271275574,0.00672961852946071,6.03524822149598,0.588812492061625
7,NvA,17,V1-R,RT_Pronation_pro_L,0.130255222935669,0.278435120867868,0.408690343803538,0.00435619684370247,0.004695888428471,6.07897381367627,0.600352180439829
7,NvA,18,V3-R,RT_Pronation_pro_L,0.427236842660469,0.287627342963142,0.714864185623612,0.0069434620240264,0.00753159719001264,6.02312736795425,0.5921680220485
7,NvA,19,STS-R,RT_Pronation_pro_L,0.285241165536019,0.190510064181785,0.475751229717804,0.00532939088125084,0.00576694994699451,6.05651846812868,0.60345908092118
7,NvA,20,IPL-R,RT_Pronation_pro_L,0.630383854161724,0.446815577237841,1.07719943139957,0.00817389902181108,0.0088736568613829,5.98897176053579,0.574491902043776
7,NvA,21,SPL-R,RT_Pronation_pro_L,0.645232920105717,0.378229601399006,1.02346252150472,0.0083201581861846,0.00895334052951689,5.9896281692458,0.563421090343907
7,NvA,22,AG-R,RT_Pronation_pro_L,0.516586867974641,0.324237486772773,0.840824354747414,0.00734822940465085,0.00792336919751189,6.0189393319821,0.582165614944838
7,NvA,23,mIPS-R,RT_Pronation_pro_L,0.640713632760327,0.273977014417843,0.91469064717817,0.00783003935859513,0.00845661190081969,6.0070287424046,0.572752053322597
7,NvA,24,VIP-R,RT_Pronation_pro_L,0.568798792390949,0.571377244395484,1.14017603678643,0.00868516533043294,0.00943249249924311,5.98119259906603,0.572601271089899
7,NvA,25,SPOC-R,RT_Pronation_pro_L,0.348600712390954,0.591232444728637,0.939833157119591,0.008106480001243,0.00876406319047707,6.00201814940905,0.581548762470881
7,NvA,26,S1-R,RT_Pronation_pro_L,0.342607995233443,0.316306225003114,0.658914220236557,0.00605760566805986,0.00650888489436083,6.03922551130657,0.582585115134493
7,NvA,27,M1-R,RT_Pronation_pro_L,0.722931631033827,0.309826937750013,1.03275856878384,0.00835857611809694,0.00904769730021906,5.99658952230132,0.575295301681392
7,NvA,28,SMA-R,RT_Pronation_pro_L,0.278123895449437,0.321730464115764,0.599854359565201,0.00623993217573586,0.00674790374113673,6.04110030013539,0.596161822968839
7,NvA,29,PMd-R,RT_Pronation_pro_L,0.195408911121281,0.25988402286996,0.455292933991241,0.0051513468862118,0.00557905690181656,6.06512075188738,0.602313907843765
7,NvA,30,PMv-R,RT_Pronation_pro_L,0.058705743964014,0.341219536366542,0.399925280330556,0.00430958099832442,0.00467092339085771,6.08328403475682,0.610176499634258
7,NvA,31,FEF-R,RT_Pronation_pro_L,0.332176456615841,0.664093689235957,0.996270145851798,0.00705214727866501,0.0075896671646314,5.9995969876958,0.569472602072014
7,NvA,32,POJ-R,RT_Pronation_pro_L,0.30083783167847,0.367763573273883,0.668601404952353,0.00609778058790182,0.00657637375170254,6.03906764005296,0.587948817425844
8,RR,1,V1-L,RT_Pronation_pro_L,0.176236208280879,0.417168122864516,0.593404331145394,0.00660238254630028,0.00708585799967068,6.43402530343488,0.71175174326744
8,RR,2,V3-L,RT_Pronation_pro_L,0.233332909954983,0.576994931126869,0.810327841081852,0.00773629434163916,0.00832243645934886,6.41093956907682,0.700065091686807
8,RR,3,STS-L,RT_Pronation_pro_L,0.105682171645405,0.442157790437818,0.547839962083223,0.00554075942840708,0.0059719010299227,6.44897852911644,0.70899966970705
8,RR,4,IPL-L,RT_Pronation_pro_L,0.606547811789669,0.196171541587228,0.802719353376897,0.00741074245910681,0.00803130964231469,6.40985968000993,0.701536856063959
8,RR,5,SPL-L,RT_Pronation_pro_L,0.8800413313734,0.324396513447476,1.20443784482088,0.0101415112837725,0.0109069829533068,6.36210144638172,0.67721590558489
8,RR,6,AG-L,RT_Pronation_pro_L,0.610977809323505,0.375728015848997,0.986705825172502,0.00868108426961511,0.00925574004266952,6.37636102573957,0.6761864319543
8,RR,7,mIPS-L,RT_Pronation_pro_L,0.535158898333625,0.388174355793542,0.923333254127167,0.00838266574907139,0.00900707937645097,6.39453341435035,0.689867868036637
8,RR,8,VIP-L,RT_Pronation_pro_L,0.729498549686491,0.293498778415079,1.02299732810157,0.00871411926227738,0.00940949690856413,6.38349880145114,0.685937579284278
8,RR,9,SPOC-L,RT_Pronation_pro_L,0.821876290242554,0.192457866618603,1.01433415686116,0.00913638946715519,0.00982057907644325,6.38356626107942,0.698815120332626
8,RR,10,S1-L,RT_Pronation_pro_L,0.314056787168789,0.266636178093723,0.580692965262513,0.00699598496153915,0.00752286625429852,6.42372937947427,0.71376265923293
8,RR,11,M1-L,RT_Pronation_pro_L,0.634090236250872,0.344013405261677,0.978103641512548,0.00764112881206519,0.00821841622253151,6.39735853936441,0.689633020842282
8,RR,12,SMA-L,RT_Pronation_pro_L,0.775537519140992,0.483040927718983,1.25857844685998,0.0111214385753326,0.0119913852574369,6.34846102330176,0.672471213004279
8,RR,13,PMd-L,RT_Pronation_pro_L,0.311299942482856,0.943146874583536,1.25444681706639,0.00922791312409328,0.00990420646669748,6.36325803960503,0.670920540516391
8,RR,14,PMv-L,RT_Pronation_pro_L,0.166520868239799,0.298395479854948,0.464916348094747,0.00541031682021826,0.00581771583355463,6.45315081328248,0.711835767321288
8,RR,15,FEF-L,RT_Pronation_pro_L,0.184870128151481,0.314229638708749,0.499099766860231,0.0060285362462019,0.0064987347441694,6.44384857618287,0.713130067475904
8,RR,16,POJ-L,RT_Pronation_pro_L,0.510646812094992,0.464607983116516,0.975254795211508,0.00981701545896116,0.0105523928380222,6.37659895159742,0.69044397497744
8,RR,17,V1-R,RT_Pronation_pro_L,0.259342242370177,0.596320216998724,0.855662459368901,0.00791023333927095,0.00849632443047655,6.39882808017709,0.693779560870581
8,RR,18,V3-R,RT_Pronation_pro_L,0.192790729331886,0.337523594376694,0.530314323708579,0.00609295654138795,0.00655793126088992,6.44380939148366,0.710660920508049
8,RR,19,STS-R,RT_Pronation_pro_L,0.0999820393317257,0.261070948496469,0.361052987828195,0.00475911093893957,0.00512800549969476,6.46817947737645,0.718198652707632
8,RR,20,IPL-R,RT_Pronation_pro_L,0.476762147227233,0.290809168403728,0.767571315630961,0.00741743888087077,0.00797512455104491,6.41257608972808,0.701938316326331
8,RR,21,SPL-R,RT_Pronation_pro_L,0.452703037380332,0.396028275977516,0.848731313357848,0.00833335550896225,0.00894800779751065,6.39846873418868,0.693027318034742
8,RR,22,AG-R,RT_Pronation_pro_L,0.262995433699997,0.788117436693457,1.05111287039345,0.00881606936868739,0.00941034731586369,6.38325371511073,0.68226518439934
8,RR,23,mIPS-R,RT_Pronation_pro_L,0.402065072682536,0.380499316390539,0.782564389073075,0.00851460137126791,0.00915468906550366,6.39992698526707,0.699502718629677
8,RR,24,VIP-R,RT_Pronation_pro_L,0.556774828347027,0.452298207851852,1.00907303619888,0.00913769576416532,0.00980603098100979,6.3834797146334,0.684915541503182
8,RR,25,SPOC-R,RT_Pronation_pro_L,0.555893494334339,0.899459761916745,1.45535325625108,0.01140131057301,0.0122247512762157,6.33222128437807,0.647366097212852
8,RR,26,S1-R,RT_Pronation_pro_L,0.514150434561224,0.336706239418259,0.850856673979483,0.00859514278006014,0.00927226811019006,6.39202378477324,0.69848979275032
8,RR,27,M1-R,RT_Pronation_pro_L,0.416627316880072,0.424219349119857,0.840846665999929,0.00829867762426062,0.00894983309418485,6.39674482878498,0.688598919920761
8,RR,28,SMA-R,RT_Pronation_pro_L,0.606504310612064,0.539116644978575,1.14562095559064,0.0107934194532396,0.0116558138936701,6.35475193176347,0.683355753487516
8,RR,29,PMd-R,RT_Pronation_pro_L,0.365029229208352,0.433843567871448,0.7988727970798,0.00684468804678705,0.0073506364388338,6.41751831693729,0.687356082947391
8,RR,30,PMv-R,RT_Pronation_pro_L,0.181313904848042,0.220397413365059,0.401711318213101,0.00516224278540937,0.0055673816930346,6.45928800602322,0.71232494089882
8,RR,31,FEF-R,RT_Pronation_pro_L,0.531052062679676,0.240375855544224,0.771427918223901,0.00712890122454785,0.00772502584737303,6.41361888685389,0.699280593857761
8,RR,32,POJ-R,RT_Pronation_pro_L,0.258047584349044,0.810803741122613,1.06885132547166,0.00941502096290233,0.0101339723550547,6.37759672597799,0.688694809874438
9,SJB,1,V1-L,RT_Pronation_pro_L,0.159398185837639,0.297153013729178,0.456551199566817,0.00547685281020002,0.00595295520902445,6.49567099382202,0.762745758036006
9,SJB,2,V3-L,RT_Pronation_pro_L,0.26174353483704,1.10066917350024,1.36241270833728,0.0101177504330123,0.0110228944515108,6.39991617443476,0.722067972673579
9,SJB,3,STS-L,RT_Pronation_pro_L,0.107043433935372,0.370145457445266,0.477188891380638,0.00519364781984938,0.00567837843178828,6.50651184154218,0.764450003691476
9,SJB,4,IPL-L,RT_Pronation_pro_L,0.665067497260295,0.471714567309459,1.13678206456975,0.0101645756835737,0.0110883873364111,6.41010875123589,0.72937901343696
9,SJB,5,SPL-L,RT_Pronation_pro_L,0.953941469711986,0.733862527891757,1.68780399760374,0.0120484506825825,0.0131120945603061,6.35847418404436,0.703966399559306
9,SJB,6,AG-L,RT_Pronation_pro_L,0.910860020875347,0.164452274978094,1.07531229585344,0.00813271808371543,0.00885228108737351,6.4253360542566,0.736325509826177
9,SJB,7,mIPS-L,RT_Pronation_pro_L,0.583562967382574,0.610794305767205,1.19435727314978,0.00989795174874998,0.0108003453295023,6.41024315430844,0.735114910977292
9,SJB,8,VIP-L,RT_Pronation_pro_L,0.792498080907497,0.296461337098181,1.08895941800568,0.00933456213198751,0.0102480419755177,6.42191471084623,0.736303954986737
9,SJB,9,SPOC-L,RT_Pronation_pro_L,0.48756007269752,0.357836920126021,0.84539699282354,0.00794910413488888,0.0087301658728572,6.44898012484099,0.747581229473744
9,SJB,10,S1-L,RT_Pronation_pro_L,0.83081569087607,0.457778031215299,1.28859372209137,0.00919440650187436,0.00997623293153913,6.40895437383019,0.719344739277488
9,SJB,11,M1-L,RT_Pronation_pro_L,0.620543442029313,0.76987794179052,1.39042138381983,0.0109317954195471,0.0119137676558667,6.39238597304342,0.722494531471588
9,SJB,12,SMA-L,RT_Pronation_pro_L,0.709146281583572,0.322777019131117,1.03192330071469,0.00892445793052941,0.00973880949345935,6.42443462082917,0.736884190956774
9,SJB,13,PMd-L,RT_Pronation_pro_L,0.372812328824519,0.511000258114356,0.883812586938874,0.00791110575016363,0.00859983040525187,6.44421958114315,0.744415520735505
9,SJB,14,PMv-L,RT_Pronation_pro_L,0.0926531231131442,0.453663615719296,0.54631673883244,0.00551881983215889,0.00597140775928462,6.49865654519293,0.760980531688611
9,SJB,15,FEF-L,RT_Pronation_pro_L,0.317641180407485,0.305164505835784,0.622805686243269,0.00650892956886991,0.00709006353915284,6.47479628186422,0.758589995798899
9,SJB,16,POJ-L,RT_Pronation_pro_L,0.491439705183538,0.428077684353662,0.9195173895372,0.00944632177701975,0.0103831040140844,6.42435373895097,0.740212387105572
9,SJB,17,V1-R,RT_Pronation_pro_L,0.226969009342456,0.282413062347699,0.509382071690155,0.00601252665096316,0.00656419762278633,6.48403598584788,0.760993970846293
9,SJB,18,V3-R,RT_Pronation_pro_L,0.417917303795068,0.500902010045198,0.918819313840266,0.00764020680472833,0.00828942974500937,6.44205256846798,0.732491830130117
9,SJB,19,STS-R,RT_Pronation_pro_L,0.112657100782822,0.49075230947679,0.603409410259612,0.00621984596714827,0.00680178192457274,6.48178507377519,0.76093276763949
9,SJB,20,IPL-R,RT_Pronation_pro_L,0.472321362275269,0.275373834845836,0.747695197121105,0.00781258910121293,0.00857607551671838,6.44920731690718,0.75349318649863
9,SJB,21,SPL-R,RT_Pronation_pro_L,0.331094917733532,0.369202480004638,0.700297397738169,0.00641220226316005,0.00704185103761213,6.46878615893735,0.745954119187142
9,SJB,22,AG-R,RT_Pronation_pro_L,0.414437083370975,0.511627630936543,0.926064714307517,0.00873322165131561,0.00953441964882193,6.43331720749924,0.732592232998773
9,SJB,23,mIPS-R,RT_Pronation_pro_L,0.392260525762583,0.734725858250292,1.12698638401287,0.00827989915654048,0.00902286929496302,6.41186216678083,0.704207261183831
9,SJB,24,VIP-R,RT_Pronation_pro_L,0.501198790734742,0.340656958303251,0.841855749037994,0.00717644554885538,0.00784446778460533,6.45099731203255,0.729371451050297
9,SJB,25,SPOC-R,RT_Pronation_pro_L,0.655143716417017,0.642459234194633,1.29760295061165,0.0100894086451342,0.0109929328455725,6.38758695520117,0.703065897715191
9,SJB,26,S1-R,RT_Pronation_pro_L,0.621086688432678,0.252157888235904,0.873244576668582,0.0070625716600148,0.00773284639581953,6.45382783205721,0.747656463688771
9,SJB,27,M1-R,RT_Pronation_pro_L,0.22443559886912,0.51947393095229,0.74390952982141,0.0067094195710533,0.00734271999649556,6.46554622281946,0.755420331674481
9,SJB,28,SMA-R,RT_Pronation_pro_L,0.711508472963072,0.367504130478363,1.07901260344143,0.0098176863704447,0.0107211510673564,6.41354277264573,0.74037035332124
9,SJB,29,PMd-R,RT_Pronation_pro_L,0.468496860634015,0.340334477781987,0.808831338416002,0.00848098202353754,0.00925548944157235,6.4414291695957,0.745843924981218
9,SJB,30,PMv-R,RT_Pronation_pro_L,0.0929807434557539,0.408752919778521,0.501733663234275,0.0050645314086509,0.00550738201692872,6.50577973214449,0.764339701100055
9,SJB,31,FEF-R,RT_Pronation_pro_L,0.171778194647706,0.197165058472083,0.368943253119789,0.00477318506494152,0.00521660540325898,6.51235318560937,0.767579104001022
9,SJB,32,POJ-R,RT_Pronation_pro_L,0.332582056325663,0.618665022895915,0.951247079221578,0.00876634823273578,0.00957945649335684,6.43392515173941,0.740123574901216
10,BG,1,V1-L,RT_Pronation_pro_L,0.0854159539189624,0.631349164149232,0.716765118068194,0.00614330148521457,0.00658165866846902,6.24411253984625,0.589085982168679
10,BG,2,V3-L,RT_Pronation_pro_L,0.214236398314701,0.4597475788734,0.673983977188101,0.00622621762834225,0.00667846357380663,6.24059073316317,0.588192665607426
10,BG,3,STS-L,RT_Pronation_pro_L,0.0915078950462801,0.598706426382664,0.690214321428945,0.00511574093778046,0.00544816460619966,6.25481184707375,0.586987307128854
10,BG,4,IPL-L,RT_Pronation_pro_L,0.389436229724565,0.469411049180856,0.85884727890542,0.00784971002720747,0.00843702178834908,6.21278345693895,0.585331408482302
10,BG,5,SPL-L,RT_Pronation_pro_L,0.95653549908931,0.37513638843647,1.33167188752578,0.0103128236201917,0.0111213622845666,6.15207453277649,0.556005259067297
10,BG,6,AG-L,RT_Pronation_pro_L,0.322502010847228,0.486691790679385,0.809193801526614,0.00753837671014602,0.00810106450536002,6.21659696156205,0.580664076937824
10,BG,7,mIPS-L,RT_Pronation_pro_L,0.83334704439749,0.293328503508572,1.12667554790606,0.00923131215898492,0.00997525501421275,6.18236109976738,0.575324236745375
10,BG,8,VIP-L,RT_Pronation_pro_L,0.640467097486465,0.355127530652904,0.995594628139369,0.00859626700300577,0.0092485637369013,6.19627521082143,0.578531003874592
10,BG,9,SPOC-L,RT_Pronation_pro_L,0.31978741297938,0.381259228320288,0.701046641299668,0.00735133448821989,0.00788444452655323,6.22492780281779,0.587053560298236
10,BG,10,S1-L,RT_Pronation_pro_L,0.746012278383649,0.24698021034952,0.99299248873317,0.00841966967021244,0.00902680702303699,6.19965896798508,0.574433712573032
10,BG,11,M1-L,RT_Pronation_pro_L,0.572608776983282,0.293945357630041,0.866554134613323,0.00754799988926766,0.00811150920456841,6.21511072134944,0.581796148981588
10,BG,12,SMA-L,RT_Pronation_pro_L,0.231906831466715,0.438447994693719,0.670354826160434,0.00711516266989314,0.00764410290950284,6.22706302298201,0.588639358044888
10,BG,13,PMd-L,RT_Pronation_pro_L,0.199794476117476,0.497459642412027,0.697254118529503,0.00613152974856266,0.00654052667329536,6.24454545874795,0.585271693701461
10,BG,14,PMv-L,RT_Pronation_pro_L,0.0515599940801739,0.17523948446253,0.226799478542704,0.00341606021406554,0.00366737681322721,6.30798788097397,0.608419663533981
10,BG,15,FEF-L,RT_Pronation_pro_L,0.422460158169057,0.232979767825233,0.65543992599429,0.00707168960252162,0.0075883108858219,6.22723387334561,0.584090435592063
10,BG,16,POJ-L,RT_Pronation_pro_L,0.191536454192586,0.520929578223614,0.7124660324162,0.00610702369146254,0.00655129801381386,6.23735600316299,0.586517941155631
10,BG,17,V1-R,RT_Pronation_pro_L,0.139004270237026,0.269922745885739,0.408927016122765,0.00500765662218836,0.00536482452240562,6.27049335129524,0.598063689456399
10,BG,18,V3-R,RT_Pronation_pro_L,0.211091256651658,0.234035157514999,0.445126414166658,0.00490718824823522,0.0052715651410648,6.26814148190075,0.595811912305605
10,BG,19,STS-R,RT_Pronation_pro_L,0.148126329844013,0.364717741746718,0.512844071590732,0.00515736003401952,0.00555418516360578,6.26189341297474,0.593517613026322
10,BG,20,IPL-R,RT_Pronation_pro_L,0.672849582006396,0.38825604077521,1.06110562278161,0.00958364374741756,0.0103403585012177,6.1786711156982,0.573474553334623
10,BG,21,SPL-R,RT_Pronation_pro_L,0.558201231844699,0.264729354296987,0.822930586141687,0.00791104265865398,0.00842720610807773,6.21531312766115,0.575050441397337
10,BG,22,AG-R,RT_Pronation_pro_L,0.368726092657333,0.328008840317826,0.696734932975159,0.00789388277394625,0.00848438988349273,6.21528299047526,0.591448273087407
10,BG,23,mIPS-R,RT_Pronation_pro_L,0.743667504409283,0.296469680836012,1.0401371852453,0.00910243748361857,0.00983474111022974,6.18413078539717,0.576593598962937
10,BG,24,VIP-R,RT_Pronation_pro_L,0.48614517468144,0.598370342501598,1.08451551718304,0.00952038610518267,0.0102700683793581,6.17840775167531,0.565743650073515
10,BG,25,SPOC-R,RT_Pronation_pro_L,0.394836170899583,0.528019017138505,0.922855188038087,0.00869636476650235,0.0093012168585802,6.19728104465896,0.57710816769494
10,BG,26,S1-R,RT_Pronation_pro_L,0.256407930297407,0.443668771286752,0.700076701584159,0.00728827015386552,0.00783918764971396,6.22137140203037,0.589560069911715
10,BG,27,M1-R,RT_Pronation_pro_L,0.557840888905433,0.384742166406913,0.942583055312346,0.00733405524320669,0.00780862066368565,6.21075340607851,0.568092576985013
10,BG,28,SMA-R,RT_Pronation_pro_L,0.458565813448546,0.42791663599364,0.886482449442186,0.00863454818960051,0.00923655360779637,6.20044380921394,0.573640411323116
10,BG,29,PMd-R,RT_Pronation_pro_L,0.174705679388432,0.504366467519591,0.679072146908024,0.00592940431096065,0.00634134792503963,6.24543854320013,0.587321551141075
10,BG,30,PMv-R,RT_Pronation_pro_L,0.0978165882716221,0.415777033906537,0.513593622178159,0.00520476045432013,0.00559784261613025,6.26333891591243,0.594137872454616
10,BG,31,FEF-R,RT_Pronation_pro_L,0.498041431440879,0.198636243663985,0.696677675104864,0.00685556909729742,0.00738332160097218,6.22930421807791,0.589343210912397
10,BG,32,POJ-R,RT_Pronation_pro_L,0.49834331970996,0.429107840319562,0.927451160029522,0.00838276999517662,0.00895832953542854,6.19802020874827,0.571846732323632
1,DOC,1,V1-L,RT_Pronation_pro_R,0.159359362787674,0.818481896782449,0.977841259570123,0.00732044081815034,0.00781453715472771,6.1852342473312,0.571983541691752
1,DOC,2,V3-L,RT_Pronation_pro_R,0.293138901124356,0.322974719058023,0.61611362018238,0.00601297872963515,0.00642591226473466,6.21025258599347,0.582612685454271
1,DOC,3,STS-L,RT_Pronation_pro_R,0.0755658445669681,0.296034877995908,0.371600722562876,0.00489400140579818,0.0052641982260291,6.24473666950641,0.59744400906955
1,DOC,4,IPL-L,RT_Pronation_pro_R,0.579101265231565,0.726713748836146,1.30581501406771,0.00963731070703817,0.0103606950485671,6.14179000814828,0.55922757406527
1,DOC,5,SPL-L,RT_Pronation_pro_R,0.500232033482676,0.295504704643541,0.795736738126217,0.00739762661269997,0.00792971413009403,6.18481771622718,0.569672558825933
1,DOC,6,AG-L,RT_Pronation_pro_R,0.448100080780143,0.198283266852164,0.646383347632307,0.00724193079634171,0.00780264978331573,6.19884728027574,0.585651154749426
1,DOC,7,mIPS-L,RT_Pronation_pro_R,0.676776085903176,0.235619255642887,0.912395341546063,0.00814445325051505,0.00878417991238481,6.17693139747426,0.566028227528703
1,DOC,8,VIP-L,RT_Pronation_pro_R,0.963660262110258,0.624734360248474,1.58839462235873,0.0112917913880372,0.0120835200745202,6.10012522085382,0.52966578859051
1,DOC,9,SPOC-L,RT_Pronation_pro_R,0.435327582108236,0.163816831201578,0.599144413309814,0.0061000263929681,0.00654561378059114,6.21551585901276,0.581277843738578
1,DOC,10,S1-L,RT_Pronation_pro_R,0.804242901620479,0.631355565231289,1.43559846685177,0.00951097741936331,0.0101966902665746,6.12127631910173,0.542329869579069
1,DOC,11,M1-L,RT_Pronation_pro_R,0.198227132519729,0.694098561087445,0.892325693607174,0.00664448398769253,0.00709895057958535,6.19277381137868,0.569169443918436
1,DOC,12,SMA-L,RT_Pronation_pro_R,0.25153267902147,0.304855961184069,0.556388640205538,0.00582838440850416,0.00625537760073347,6.21880113151533,0.587322917267175
1,DOC,13,PMd-L,RT_Pronation_pro_R,0.259360378623737,0.356562351556223,0.61592273017996,0.00624742505408259,0.00674191651656735,6.20673258549757,0.581307557855961
1,DOC,14,PMv-L,RT_Pronation_pro_R,0.0642619850557966,0.205345938855529,0.269607923911326,0.0035783611203726,0.00382744950270099,6.2723187274872,0.601636185862616
1,DOC,15,FEF-L,RT_Pronation_pro_R,0.246126837348736,0.27005374823993,0.516180585588666,0.00542318980755746,0.00583455938628837,6.2235802193595,0.58755730594788
1,DOC,16,POJ-L,RT_Pronation_pro_R,0.320778723486103,0.244769510368064,0.565548233854167,0.00650551364902737,0.007003006826915,6.2121236291349,0.588715975807766
1,DOC,17,V1-R,RT_Pronation_pro_R,0.0927519742854813,0.772362317419743,0.865114291705224,0.00656309167741715,0.00705476091791299,6.19517340721972,0.58036901917011
1,DOC,18,V3-R,RT_Pronation_pro_R,0.200726103552215,0.221855731119694,0.42258183467191,0.00519540000849213,0.00559490946060808,6.23630727670855,0.594894655532617
1,DOC,19,STS-R,RT_Pronation_pro_R,0.146334677456031,0.220803128427566,0.367137805883597,0.0049672781820174,0.00532828993959612,6.24258107132115,0.596443131235381
1,DOC,20,IPL-R,RT_Pronation_pro_R,0.242189332009174,0.47882719686546,0.721016528874634,0.00645851017041767,0.00691952227096872,6.20250942567136,0.570481497272949
1,DOC,21,SPL-R,RT_Pronation_pro_R,0.437774251905243,0.170272208063309,0.608046459968552,0.00663677111512223,0.00715700172368427,6.20252803846879,0.586664714810755
1,DOC,22,AG-R,RT_Pronation_pro_R,0.628844986555629,0.346790373960478,0.975635360516107,0.00856930804322246,0.00920170495422557,6.16337194220251,0.56387176797546
1,DOC,23,mIPS-R,RT_Pronation_pro_R,0.908942452761152,0.253905329563756,1.16284778232491,0.00899024840107496,0.00960837335071622,6.14852939892823,0.557205481197959
1,DOC,24,VIP-R,RT_Pronation_pro_R,0.380521635300566,0.332546977892469,0.713068613193035,0.00736624023687702,0.0079432712870032,6.19092177600482,0.581315541930359
1,DOC,25,SPOC-R,RT_Pronation_pro_R,0.639745558585746,0.274883743412058,0.914629301997804,0.00821721529132394,0.00884956272035155,6.17150016077176,0.571043713651248
1,DOC,26,S1-R,RT_Pronation_pro_R,0.274168077092962,0.407112367611955,0.681280444704918,0.00639567605949653,0.00682844876015953,6.2041054757696,0.574934185239089
1,DOC,27,M1-R,RT_Pronation_pro_R,0.448962974133451,0.395057807947222,0.844020782080673,0.00742684705460872,0.00797396845497275,6.18594920114017,0.573316139018147
1,DOC,28,SMA-R,RT_Pronation_pro_R,0.531226664393861,0.217434842228537,0.748661506622398,0.00686202145336661,0.007370468677158,6.19638023292857,0.576708968835768
1,DOC,29,PMd-R,RT_Pronation_pro_R,0.154616186282971,0.698467892398554,0.853084078681525,0.00673724898466911,0.00721007791401074,6.19383822297567,0.577894960651452
1,DOC,30,PMv-R,RT_Pronation_pro_R,0.0436247718650573,0.568162158651463,0.611786930516521,0.00476702063578361,0.00511553878061958,6.23724861375857,0.585119441026534
1,DOC,31,FEF-R,RT_Pronation_pro_R,0.345087536549012,0.4439505059576,0.789038042506613,0.00727132444396123,0.0078583304465489,6.19184742713643,0.578841171950899
1,DOC,32,POJ-R,RT_Pronation_pro_R,0.685912440927424,0.245583800123495,0.93149624105092,0.00872602984266277,0.00942023763413241,6.16770496512406,0.574175875092742
2,GB,1,V1-L,RT_Pronation_pro_R,0.384460137312597,0.289203301711473,0.67366343902407,0.00644161749708854,0.0070332677867529,6.23725325786925,0.695956994297152
2,GB,2,V3-L,RT_Pronation_pro_R,0.517580772337028,0.362069944833994,0.879650717171022,0.00790065266857235,0.00859624138705642,6.20572292556652,0.682075206603296
2,GB,3,STS-L,RT_Pronation_pro_R,0.106259111804807,0.153005433623246,0.259264545428053,0.00369223944251508,0.00402613984738238,6.30174629164596,0.712977248509971
2,GB,4,IPL-L,RT_Pronation_pro_R,0.546561596373881,0.442899391974826,0.989460988348707,0.00805529690093379,0.00873121168655876,6.19775705801747,0.67417589956334
2,GB,5,SPL-L,RT_Pronation_pro_R,0.851293962402844,0.378122086679366,1.22941604908221,0.00996157924588599,0.0108660825751388,6.17214463492748,0.669401638184003
2,GB,6,AG-L,RT_Pronation_pro_R,0.379464005016823,0.731901156451422,1.11136516146825,0.0090803894564764,0.00987081732555997,6.18738472639974,0.671983378703962
2,GB,7,mIPS-L,RT_Pronation_pro_R,0.620762417686639,0.467530881684515,1.08829329937115,0.0098056403312112,0.0106863867153054,6.17989049299083,0.669980044618979
2,GB,8,VIP-L,RT_Pronation_pro_R,0.355064631677572,0.81401510307175,1.16907973474932,0.00908240660707022,0.00989997043563568,6.17717147815716,0.671462551292212
2,GB,9,SPOC-L,RT_Pronation_pro_R,0.790007024196207,0.515192388522572,1.30519941271878,0.0100358798941805,0.0109612121407655,6.15313999095912,0.657596714794558
2,GB,10,S1-L,RT_Pronation_pro_R,0.449542578623915,0.369971606773465,0.819514185397381,0.00728416241194988,0.00794910724953079,6.21772587558773,0.686699998685252
2,GB,11,M1-L,RT_Pronation_pro_R,0.266523047800104,0.433665076373392,0.700188124173496,0.00673518700642455,0.00730574668650735,6.23032285900686,0.691799709634112
2,GB,12,SMA-L,RT_Pronation_pro_R,0.491704608823521,0.304506043950829,0.796210652774351,0.00750270428336869,0.00818598721039429,6.21568022724047,0.690041466571042
2,GB,13,PMd-L,RT_Pronation_pro_R,0.106252746454642,0.411567089936575,0.517819836391217,0.00439618715621535,0.00480136407249161,6.27420366383411,0.70184285902064
2,GB,14,PMv-L,RT_Pronation_pro_R,0.0777071678264077,0.233899747283102,0.31160691510951,0.00382759865787152,0.00420277502420762,6.29664807483434,0.715097228080044
2,GB,15,FEF-L,RT_Pronation_pro_R,0.312135525479907,0.229917627140822,0.542053152620729,0.00499571699599972,0.00546612705382764,6.26244633987833,0.697823177059192
2,GB,16,POJ-L,RT_Pronation_pro_R,0.524897123275559,0.633960196753711,1.15885732002927,0.00939649504936342,0.0101944946408363,6.18423709132837,0.680425903579115
2,GB,17,V1-R,RT_Pronation_pro_R,0.161587150335476,0.240292963834913,0.401880114170389,0.00443748113318924,0.00486681063436945,6.28114981509914,0.70621358689071
2,GB,18,V3-R,RT_Pronation_pro_R,0.412655196739637,0.33484444111254,0.747499637852177,0.00750977348826453,0.00820572208982023,6.22316473780885,0.694315454219882
2,GB,19,STS-R,RT_Pronation_pro_R,0.237614453865627,0.263173879422752,0.500788333288379,0.00519028864478727,0.00569252554349772,6.25866434184877,0.698815056089299
2,GB,20,IPL-R,RT_Pronation_pro_R,0.570895114845679,0.32858137771966,0.899476492565339,0.00850624293186616,0.00934216715454726,6.19725302883965,0.686837083633991
2,GB,21,SPL-R,RT_Pronation_pro_R,0.580745816985166,0.273080468159184,0.85382628514435,0.00724975208085823,0.00792938420111873,6.21611087529525,0.679221598631958
2,GB,22,AG-R,RT_Pronation_pro_R,0.27841060235861,0.726264093587552,1.00467469594616,0.00745987911316881,0.00814129303734171,6.20504581718782,0.680293047117492
2,GB,23,mIPS-R,RT_Pronation_pro_R,0.802415316979679,0.30158007219277,1.10399538917245,0.00869910641162356,0.00952402639593201,6.18177035407085,0.668692937418352
2,GB,24,VIP-R,RT_Pronation_pro_R,0.339133428354614,0.249155226863798,0.588288655218412,0.00563356443646122,0.00616683705132384,6.25077008636253,0.697907952995085
2,GB,25,SPOC-R,RT_Pronation_pro_R,0.652748440347794,0.700136837738441,1.35288527808624,0.0106382537655299,0.0115702130753158,6.15278937226144,0.656199099515408
2,GB,26,S1-R,RT_Pronation_pro_R,0.39373340429814,0.292741781864998,0.686475186163138,0.00736635380409463,0.00806620353483822,6.22604798868471,0.698789809364793
2,GB,27,M1-R,RT_Pronation_pro_R,0.203942725510877,0.528727159830781,0.732669885341658,0.0068641432531104,0.00747523358765493,6.22871914203198,0.688821081429211
2,GB,28,SMA-R,RT_Pronation_pro_R,0.293283266743713,0.322241340015405,0.615524606759117,0.00609315447538386,0.00664260065031728,6.24038725155331,0.694298784412983
2,GB,29,PMd-R,RT_Pronation_pro_R,0.385528583937492,0.335162507593356,0.720691091530848,0.00734418165715236,0.00805634895546959,6.22076170895134,0.683159751138873
2,GB,30,PMv-R,RT_Pronation_pro_R,0.0838018045491095,0.267494020598683,0.351295825147793,0.00441032628064353,0.00482122711931832,6.285511859005,0.713647364785367
2,GB,31,FEF-R,RT_Pronation_pro_R,0.2007107809667,0.250277533816225,0.450988314782925,0.00529990317790658,0.0058040172614886,6.25995865489585,0.705716952331404
2,GB,32,POJ-R,RT_Pronation_pro_R,0.270960594385976,0.463202357180625,0.734162951566602,0.00626829272612495,0.00684172645327179,6.23392660693241,0.688344097644196
3,JDC,1,V1-L,RT_Pronation_pro_R,0.197198831216202,0.569913611502132,0.767112442718334,0.00756412386923826,0.00818194407725567,6.49564345730365,0.776525703358154
3,JDC,2,V3-L,RT_Pronation_pro_R,0.18178328195872,0.49259938872756,0.674382670686281,0.00548454870823237,0.00594226789313832,6.5252908018908,0.776235883440854
3,JDC,3,STS-L,RT_Pronation_pro_R,0.160195800221981,0.296001492983576,0.456197293205557,0.00560212171632191,0.00607405016977988,6.5386633675291,0.789686640297497
3,JDC,4,IPL-L,RT_Pronation_pro_R,0.506084093182644,1.13197596648272,1.63806005966536,0.0108908764375962,0.0117399381548158,6.40768610354232,0.719792511957652
3,JDC,5,SPL-L,RT_Pronation_pro_R,0.61706096311778,0.432515976841399,1.04957693995918,0.00908938764972651,0.00982297131693259,6.45962839184102,0.741386186055277
3,JDC,6,AG-L,RT_Pronation_pro_R,0.643660526570478,0.344933446239731,0.988593972810209,0.00821038863145127,0.00887464111623319,6.46562209375834,0.732868839480134
3,JDC,7,mIPS-L,RT_Pronation_pro_R,0.558031277922981,0.284114545227646,0.842145823150627,0.00793212628234061,0.0086185242506502,6.48672188004686,0.76792425909469
3,JDC,8,VIP-L,RT_Pronation_pro_R,0.878128889949124,0.457823428190463,1.33595231813959,0.0109302524797657,0.0118103592906811,6.43827856385512,0.75503724867226
3,JDC,9,SPOC-L,RT_Pronation_pro_R,0.543486880767417,0.523031327293484,1.0665182080609,0.00910689453567577,0.00980577060113175,6.46350030250086,0.76216305258183
3,JDC,10,S1-L,RT_Pronation_pro_R,0.832733334911367,0.399731939799286,1.23246527471065,0.00811917270055923,0.00881019488189275,6.46796575030802,0.755331737996105
3,JDC,11,M1-L,RT_Pronation_pro_R,0.413406325858614,0.621493162721955,1.03489948858057,0.00761197451476722,0.0082104462142718,6.48181490939618,0.765806286926304
3,JDC,12,SMA-L,RT_Pronation_pro_R,0.781955146498728,0.339153430250423,1.12110857674915,0.00925168847637603,0.00999655242005103,6.45213934629557,0.755047262800115
3,JDC,13,PMd-L,RT_Pronation_pro_R,0.290832411954021,0.296995036545292,0.587827448499313,0.0068870424974147,0.00742979239421323,6.51529486634522,0.78722422986078
3,JDC,14,PMv-L,RT_Pronation_pro_R,0.0597944934000746,0.370743312280476,0.430537805680551,0.00482140215726863,0.0052246930170936,6.55357471551681,0.796768844687064
3,JDC,15,FEF-L,RT_Pronation_pro_R,0.18261647549412,0.352366399725009,0.53498287521913,0.00666675768208625,0.00720638468296238,6.5196430975251,0.784169288868247
3,JDC,16,POJ-L,RT_Pronation_pro_R,0.437249481705935,0.483702712140605,0.92095219384654,0.00705967637116843,0.00756659471443691,6.48749536510979,0.75583072876321
3,JDC,17,V1-R,RT_Pronation_pro_R,0.125289261880281,0.499111623326931,0.624400885207212,0.0060184955239211,0.00647827913871464,6.52694747053675,0.781511095760426
3,JDC,18,V3-R,RT_Pronation_pro_R,0.175613843915971,0.425786671100731,0.601400515016702,0.00698512108611692,0.00756033471179332,6.5140873810478,0.786429188216521
3,JDC,19,STS-R,RT_Pronation_pro_R,0.100351481668127,0.280172685317248,0.380524166985375,0.00510553145767845,0.00550351962772367,6.5483055529381,0.793368641645717
3,JDC,20,IPL-R,RT_Pronation_pro_R,0.849398781690709,0.516530846228793,1.3659296279195,0.0128618604421494,0.0139224606284807,6.41155933633378,0.750655932083063
3,JDC,21,SPL-R,RT_Pronation_pro_R,0.48101759551517,0.735583515937498,1.21660111145267,0.0113549826419452,0.0122616194503602,6.43934743355226,0.761807856553077
3,JDC,22,AG-R,RT_Pronation_pro_R,0.489058114124234,0.382072539843726,0.87113065396796,0.00821653735353706,0.00883238702305458,6.48734256339354,0.773803034497306
3,JDC,23,mIPS-R,RT_Pronation_pro_R,0.821236508086527,0.402637434964589,1.22387394305112,0.0100379242257444,0.0107914908248848,6.44955874425058,0.758359122204542
3,JDC,24,VIP-R,RT_Pronation_pro_R,0.743563390423216,0.503496051835289,1.2470594422585,0.0113788506005892,0.0122575929322078,6.43635705142924,0.75983216687082
3,JDC,25,SPOC-R,RT_Pronation_pro_R,0.663851397214587,0.834143549432769,1.49799494664736,0.0104271409568579,0.0112270015738186,6.42723323969996,0.738106124968825
3,JDC,26,S1-R,RT_Pronation_pro_R,0.541092816859123,0.339087727345626,0.880180544204749,0.0088807348756754,0.00956854081210602,6.47705656850267,0.772402614866578
3,JDC,27,M1-R,RT_Pronation_pro_R,0.335202267892909,0.350897334315223,0.686099602208133,0.00738319404649245,0.00795917617787427,6.50294803392065,0.779513198232928
3,JDC,28,SMA-R,RT_Pronation_pro_R,0.740291857932823,0.411684932575248,1.15197679050807,0.0096240057221672,0.0103933328808065,6.45127770990008,0.748200951753503
3,JDC,29,PMd-R,RT_Pronation_pro_R,0.564281734092683,0.348992569016144,0.913274303108827,0.0081696601316921,0.00880228014927064,6.47962834101504,0.766132464253361
3,JDC,30,PMv-R,RT_Pronation_pro_R,0.109637059828081,0.498575897385136,0.608212957213217,0.00587117201285845,0.00629956865055294,6.53064888548161,0.784597507674498
3,JDC,31,FEF-R,RT_Pronation_pro_R,0.393370834882035,0.308097953531386,0.701468788413421,0.00778733307702684,0.00841479918360933,6.49652310580851,0.776800102446665
3,JDC,32,POJ-R,RT_Pronation_pro_R,0.527588801872799,0.711097453501369,1.23868625537417,0.00999548240953027,0.0107510460699537,6.45012910214441,0.754314546716658
4,JFXD,1,V1-L,RT_Pronation_pro_R,0.504868721537662,0.430039880593631,0.934908602131293,0.0105209201495814,0.0112904876941571,7.02412556381656,0.958239384248549
4,JFXD,2,V3-L,RT_Pronation_pro_R,0.484421462096559,0.698940351122745,1.1833618132193,0.0112374629652867,0.0120319457197539,7.00570407274088,0.945354177242858
4,JFXD,3,STS-L,RT_Pronation_pro_R,0.141428031450832,0.693119336872979,0.834547368323811,0.00840700113978154,0.00898597694311349,7.05229753365869,0.967468606226283
4,JFXD,4,IPL-L,RT_Pronation_pro_R,0.792866287153188,0.463631572763522,1.25649785991671,0.012161463312866,0.0130139727407418,6.9973597548987,0.943508545441867
4,JFXD,5,SPL-L,RT_Pronation_pro_R,0.67037576771428,0.679822552829844,1.35019832054412,0.0122003443408552,0.0130511799789896,6.99127783186065,0.94582303447599
4,JFXD,6,AG-L,RT_Pronation_pro_R,0.664287291731043,0.646616380767614,1.31090367249866,0.0122277433697902,0.0130704624735589,6.98952030020015,0.93485762766413
4,JFXD,7,mIPS-L,RT_Pronation_pro_R,0.898037469999179,0.496697938882262,1.39473540888144,0.0132686007618988,0.0142070466723773,6.98058139051224,0.948564985585052
4,JFXD,8,VIP-L,RT_Pronation_pro_R,0.973908872436083,0.474651339269338,1.44856021170542,0.0133961532846839,0.0142821932824371,6.97534695367248,0.929577932058712
4,JFXD,9,SPOC-L,RT_Pronation_pro_R,0.883944094045637,0.467596817183714,1.35154091122935,0.0121753423673938,0.0130352394422902,6.99141493696089,0.935259482314826
4,JFXD,10,S1-L,RT_Pronation_pro_R,0.762884028270634,0.272471477404008,1.03535550567464,0.0104514592023639,0.0112279837408885,7.0197932720852,0.951726802383062
4,JFXD,11,M1-L,RT_Pronation_pro_R,0.909426060421887,0.261644004821868,1.17107006524375,0.0106593601139001,0.0114590411065206,7.01239955505243,0.953377451843314
4,JFXD,12,SMA-L,RT_Pronation_pro_R,0.863584075027914,0.663698621890109,1.52728269691802,0.0128722503820471,0.0138717160349843,6.97702621821728,0.928629495871933
4,JFXD,13,PMd-L,RT_Pronation_pro_R,0.835482047615423,0.373978455252682,1.2094605028681,0.0118463640529356,0.0127571651395582,7.00068579789163,0.950893385277074
4,JFXD,14,PMv-L,RT_Pronation_pro_R,0.207732641701078,1.29051866209752,1.4982513037986,0.0117501299102968,0.0126176939917296,6.98737891466723,0.923468927151177
4,JFXD,15,FEF-L,RT_Pronation_pro_R,0.787122590227931,0.423426929599624,1.21054951982756,0.0107554088979282,0.0115282909814624,7.0000122037278,0.903068931375285
4,JFXD,16,POJ-L,RT_Pronation_pro_R,0.424036368087296,0.644490104646239,1.06852647273353,0.0107407613758055,0.0114862212535794,7.01960978375934,0.949656180345086
4,JFXD,17,V1-R,RT_Pronation_pro_R,0.105234477148907,0.714848942175597,0.820083419324504,0.00850839644938138,0.00914377561083825,7.05313651163347,0.970847979322043
4,JFXD,18,V3-R,RT_Pronation_pro_R,0.340791490338752,0.348952266249068,0.689743756587821,0.00815784121834127,0.00876080810905612,7.05630268836674,0.966744186843354
4,JFXD,19,STS-R,RT_Pronation_pro_R,0.18203394633227,0.639992301725063,0.822026248057333,0.00726970063580685,0.00781104297656853,7.0594311041572,0.956856052418512
4,JFXD,20,IPL-R,RT_Pronation_pro_R,0.843908903811986,0.404883838857759,1.24879274266974,0.0106263873105416,0.0114928184512575,7.00235744039076,0.947693459326739
4,JFXD,21,SPL-R,RT_Pronation_pro_R,0.665939109927729,0.464331140826926,1.13027025075465,0.0108182288351059,0.0116305393466042,7.01080052269135,0.950706810639203
4,JFXD,22,AG-R,RT_Pronation_pro_R,0.570007150530023,0.981087053670605,1.55109420420063,0.0146873993474154,0.0157823643783715,6.95713878775368,0.928308420336097
4,JFXD,23,mIPS-R,RT_Pronation_pro_R,0.833261091891056,0.822008859595646,1.6552699514867,0.0159418807298218,0.0171329949309023,6.94503125797613,0.936945869092435
4,JFXD,24,VIP-R,RT_Pronation_pro_R,0.873724483280612,0.468012131225194,1.34173661450581,0.0128850085010574,0.0139250059074239,6.98004461084565,0.941371014335404
4,JFXD,25,SPOC-R,RT_Pronation_pro_R,0.934788660105607,0.381388870508415,1.31617753061402,0.012061561438295,0.0128964813480399,6.99206027817809,0.942504964787894
4,JFXD,26,S1-R,RT_Pronation_pro_R,0.568431096080043,0.863004073387012,1.43143516946705,0.012789127661612,0.0137723183694935,6.98104173288114,0.931059135615808
4,JFXD,27,M1-R,RT_Pronation_pro_R,0.847501305076594,0.724510948671543,1.57201225374814,0.012647420412912,0.0136035386471479,6.96699483996049,0.917282397001697
4,JFXD,28,SMA-R,RT_Pronation_pro_R,0.984174540926683,0.558856634955359,1.54303117588204,0.0125036923432556,0.0134844653787531,6.97974119336299,0.931002438383056
4,JFXD,29,PMd-R,RT_Pronation_pro_R,0.253969318488195,1.21417761268331,1.46814693117151,0.00987920119010546,0.010603570255816,7.00179360480664,0.936273882128687
4,JFXD,30,PMv-R,RT_Pronation_pro_R,0.0748395580195218,1.0385998491695,1.11343940718903,0.00805304101321533,0.00865370500565687,7.04328993143903,0.950006515819047
4,JFXD,31,FEF-R,RT_Pronation_pro_R,0.443923779112156,0.495161223746312,0.939085002858468,0.00855945037353671,0.00918974878552618,7.03808391625497,0.946796904782008
4,JFXD,32,POJ-R,RT_Pronation_pro_R,0.362982326102726,0.588756873244481,0.951739199347206,0.00963345871802253,0.0103224698874107,7.03507851900455,0.95621085056463
5,JZ,1,V1-L,RT_Pronation_pro_R,0.156422373023831,0.205505079255229,0.36192745227906,0.00395481671512374,0.00429505558885048,6.09425769382062,0.597097329766271
5,JZ,2,V3-L,RT_Pronation_pro_R,0.294437368914643,0.207452848317075,0.501890217231718,0.00522521941126665,0.00572175845193794,6.06616077464692,0.59048607919814
5,JZ,3,STS-L,RT_Pronation_pro_R,0.128392410405301,0.344024580944166,0.472416991349467,0.005132601107442,0.00560434111098202,6.07183975291798,0.596736001394694
5,JZ,4,IPL-L,RT_Pronation_pro_R,0.342158200069233,0.678089596965178,1.02024779703441,0.00738168156149217,0.008014947474542,6.01679013843284,0.562795477997898
5,JZ,5,SPL-L,RT_Pronation_pro_R,0.709440980755753,0.391079103399855,1.10052008415561,0.00840218850481909,0.0091584718582628,5.98959646458339,0.566868421283825
5,JZ,6,AG-L,RT_Pronation_pro_R,0.512972856626925,0.241001136090622,0.753973992717548,0.00603948441633378,0.00653820450206706,6.04492309186219,0.578763089206692
5,JZ,7,mIPS-L,RT_Pronation_pro_R,0.681452335458919,0.315488570326521,0.99694090578544,0.00897755638299373,0.00978090987835418,5.9904205282224,0.561934426605461
5,JZ,8,VIP-L,RT_Pronation_pro_R,0.631309947059395,0.196898308852869,0.828208255912264,0.00617299831311691,0.00669304576107722,6.04117151942967,0.578383585096093
5,JZ,9,SPOC-L,RT_Pronation_pro_R,0.420097962399726,0.408360179548878,0.828458141948604,0.00663966164561407,0.00720068517132535,6.0291034769234,0.568332639509529
5,JZ,10,S1-L,RT_Pronation_pro_R,0.525906605629089,0.993742208441109,1.5196488140702,0.00873064933458234,0.00942062306882527,5.97524393163788,0.540005960438699
5,JZ,11,M1-L,RT_Pronation_pro_R,0.148424046578596,1.10367568144141,1.25209972802,0.00756628928560497,0.00820505648522386,6.00325828782836,0.562957088190516
5,JZ,12,SMA-L,RT_Pronation_pro_R,0.184082942509869,0.317847928395167,0.501930870905035,0.00497120026230762,0.00542283274777629,6.07021750797623,0.595222604091214
5,JZ,13,PMd-L,RT_Pronation_pro_R,0.304465546178113,0.599863462323224,0.904329008501337,0.00757598412181987,0.0082187874592398,6.01941276368699,0.575632929314583
5,JZ,14,PMv-L,RT_Pronation_pro_R,0.0852775078212833,0.181505853033905,0.266783360855189,0.00354670384798036,0.00383964497822483,6.11024290075847,0.603845260476311
5,JZ,15,FEF-L,RT_Pronation_pro_R,0.168884826502649,0.157066945400825,0.325951771903474,0.00438813459995319,0.00475712547674665,6.09149509815797,0.601739290700753
5,JZ,16,POJ-L,RT_Pronation_pro_R,0.26848291062083,0.485336530611991,0.753819441232821,0.00612807910742248,0.00664257781320885,6.04720715961792,0.579905462119327
5,JZ,17,V1-R,RT_Pronation_pro_R,0.121840091421268,0.245717778475662,0.367557869896931,0.00406237921650742,0.00438274985151249,6.0891338479654,0.599473043608064
5,JZ,18,V3-R,RT_Pronation_pro_R,0.30710393811824,0.252043567418333,0.559147505536573,0.00563212223326253,0.0061128381331245,6.05914743412076,0.591082052238827
5,JZ,19,STS-R,RT_Pronation_pro_R,0.157218351688454,0.154365050919928,0.311583402608382,0.00438402395942417,0.00479000451882265,6.09001647019306,0.602547475770679
5,JZ,20,IPL-R,RT_Pronation_pro_R,0.359099869741714,0.352520691683662,0.711620561425376,0.00647227225529083,0.00703157229785364,6.03988197429189,0.584245379793971
5,JZ,21,SPL-R,RT_Pronation_pro_R,0.615571222133577,0.313112492807611,0.928683714941188,0.00797687266259674,0.00862561725529195,6.01363206428988,0.563488045823484
5,JZ,22,AG-R,RT_Pronation_pro_R,0.384954899276266,0.3566703267421,0.741625226018366,0.00682433819458216,0.00739978062910053,6.03545063723944,0.580644711278308
5,JZ,23,mIPS-R,RT_Pronation_pro_R,0.569435259570455,0.287699357784156,0.857134617354612,0.00691980664204454,0.0074558481673248,6.02717388784454,0.567445244213967
5,JZ,24,VIP-R,RT_Pronation_pro_R,0.678171075750933,0.369574098904658,1.04774517465559,0.00846747440647488,0.00920722933909593,5.99958358201015,0.569768757342452
5,JZ,25,SPOC-R,RT_Pronation_pro_R,0.597741215973541,0.451074933010855,1.0488161489844,0.00808866184867489,0.00877548129738817,5.99732041749846,0.553430089314775
5,JZ,26,S1-R,RT_Pronation_pro_R,0.222823919977711,0.443805561528316,0.666629481506028,0.00670573744665532,0.00729933126098104,6.03678832477037,0.578328389001456
5,JZ,27,M1-R,RT_Pronation_pro_R,0.211554981723044,0.269371970208897,0.480926951931941,0.00532764670395435,0.00574587397962985,6.06889562599798,0.591539071466951
5,JZ,28,SMA-R,RT_Pronation_pro_R,0.744054390536176,0.177698510905383,0.921752901441559,0.00726907620422711,0.0078810899520613,6.01145707590149,0.571792764344621
5,JZ,29,PMd-R,RT_Pronation_pro_R,0.23071602607081,0.284443665344422,0.515159691415233,0.00548711568741506,0.00595372502994417,6.06122445796633,0.590785821363329
5,JZ,30,PMv-R,RT_Pronation_pro_R,0.0663379105241946,0.130073697541168,0.196411608065363,0.00310716665742207,0.00335909043675942,6.12365134124235,0.607701786910819
5,JZ,31,FEF-R,RT_Pronation_pro_R,0.139008965996988,0.204178234133538,0.343187200130526,0.00428555708043926,0.00463903750711417,6.0919017745147,0.598076157741881
5,JZ,32,POJ-R,RT_Pronation_pro_R,0.439639126377579,0.288192114678394,0.727831241055973,0.00622461461298279,0.0067470879380331,6.041343507313,0.576834119705235
6,LT,1,V1-L,RT_Pronation_pro_R,0.120116807252897,0.3150862808018,0.435203088054698,0.00553861175207022,0.00600741471177614,6.4737966747625,0.765472865250909
6,LT,2,V3-L,RT_Pronation_pro_R,0.303514172298441,0.404509858046534,0.708024030344975,0.00728448952987903,0.00787764598214906,6.44042539218633,0.748113210956735
6,LT,3,STS-L,RT_Pronation_pro_R,0.181638622762767,0.333936058487956,0.515574681250723,0.00555047300143385,0.00598497860941614,6.47127531950084,0.754050076794998
6,LT,4,IPL-L,RT_Pronation_pro_R,0.636709136694042,0.786736985017044,1.42344612171109,0.0105964414643673,0.0114400808652461,6.37182250169636,0.720681715663461
6,LT,5,SPL-L,RT_Pronation_pro_R,0.8609015207877,0.352806141554477,1.21370766234218,0.0104055453159449,0.011269179508984,6.37566286709359,0.721403213742693
6,LT,6,AG-L,RT_Pronation_pro_R,0.731564139248191,0.266872033721552,0.998436172969743,0.00828123377154234,0.00895180305663138,6.41265653693049,0.738102695275735
6,LT,7,mIPS-L,RT_Pronation_pro_R,0.696183551431753,0.360608157594354,1.05679170902611,0.00954190453655612,0.0103161576067743,6.39534486654014,0.732480038515515
6,LT,8,VIP-L,RT_Pronation_pro_R,0.907832144630449,0.752267245327777,1.66009938995823,0.0120126783754477,0.0129561968227003,6.34331207543481,0.701308656654497
6,LT,9,SPOC-L,RT_Pronation_pro_R,0.603352581290504,0.413574471953596,1.0169270532441,0.00967155886679644,0.0105336469742346,6.39601802417689,0.734358386400741
6,LT,10,S1-L,RT_Pronation_pro_R,0.772696159321864,0.493515498698954,1.26621165802082,0.00899075164465845,0.00970024598804201,6.39776874161991,0.719904359914592
6,LT,11,M1-L,RT_Pronation_pro_R,0.448784989713176,0.556714910224137,1.00549989993731,0.00920146554907157,0.00996183967885694,6.40228129265187,0.738482487995605
6,LT,12,SMA-L,RT_Pronation_pro_R,0.519006785275909,0.65535592869437,1.17436271397028,0.0109493780295636,0.0118492117555461,6.37068100923127,0.717055791809173
6,LT,13,PMd-L,RT_Pronation_pro_R,0.265260846911027,0.672127630534687,0.937388477445714,0.00864189778520378,0.00935741344293949,6.41308032994592,0.738769056065835
6,LT,14,PMv-L,RT_Pronation_pro_R,0.0955916728109668,0.950727281329098,1.04631895414007,0.00766777399629405,0.00830595745206913,6.4273427493016,0.74067650385979
6,LT,15,FEF-L,RT_Pronation_pro_R,0.547402319787774,0.530319854692881,1.07772217448065,0.00872598006079565,0.00938246500200316,6.40026884875142,0.724633136415478
6,LT,16,POJ-L,RT_Pronation_pro_R,0.455482675124991,0.681455637081901,1.13693831220689,0.0100016978943945,0.0108224427652291,6.38170990305009,0.710231272871766
6,LT,17,V1-R,RT_Pronation_pro_R,0.13294292229595,0.235994625287281,0.368937547583231,0.00466249876437575,0.00506043797466695,6.48981815727999,0.767748359009715
6,LT,18,V3-R,RT_Pronation_pro_R,0.164175571224695,0.422384287849312,0.586559859074007,0.00654506076159724,0.00709587013357363,6.45121432361029,0.755911161022578
6,LT,19,STS-R,RT_Pronation_pro_R,0.130947977670821,0.242772602868532,0.373720580539353,0.00485701102341944,0.00527996884791652,6.48623808682321,0.76694205127179
6,LT,20,IPL-R,RT_Pronation_pro_R,0.853628463647714,0.302846881236433,1.15647534488415,0.00908844712487164,0.00982640811131818,6.39389704347417,0.7259440817448
6,LT,21,SPL-R,RT_Pronation_pro_R,0.503205312002293,0.482403810477802,0.985609122480095,0.00806167908351094,0.00864604080399284,6.40770060956295,0.728066192718241
6,LT,22,AG-R,RT_Pronation_pro_R,0.4257526188954,0.223582011100797,0.649334629996197,0.00694643043835819,0.00754611112773369,6.44123432094235,0.749762814355053
6,LT,23,mIPS-R,RT_Pronation_pro_R,0.645651058585382,0.247055993143119,0.892707051728501,0.00841221679439567,0.00913864006932427,6.41275011884293,0.742713840417967
6,LT,24,VIP-R,RT_Pronation_pro_R,0.588715818833486,0.454751158560118,1.0434669773936,0.00887479917691523,0.00961020891561712,6.40610035222681,0.736367369202716
6,LT,25,SPOC-R,RT_Pronation_pro_R,0.604766101970308,0.758901508219224,1.36366761018953,0.0109218516926914,0.0117785429549391,6.35218997469889,0.698675212854739
6,LT,26,S1-R,RT_Pronation_pro_R,0.625469848306434,0.296745106693435,0.922214954999869,0.00871921455739296,0.00946789186302438,6.41195815018637,0.741482469018812
6,LT,27,M1-R,RT_Pronation_pro_R,0.331781557441077,0.280663012016864,0.612444569457941,0.00706763919618183,0.00766500242587949,6.44462643006154,0.755372404074429
6,LT,28,SMA-R,RT_Pronation_pro_R,0.388774782232904,0.376456105209578,0.765230887442482,0.00828356448758871,0.00897329608217802,6.42055279376802,0.748727278584114
6,LT,29,PMd-R,RT_Pronation_pro_R,0.113194213544531,0.457303309137163,0.570497522681694,0.00587418595984626,0.00636991275914105,6.4626740374035,0.760040890123707
6,LT,30,PMv-R,RT_Pronation_pro_R,0.137579640727105,0.211456457479718,0.349036098206823,0.00426112237752865,0.00460452386161814,6.49651785937752,0.766619804964988
6,LT,31,FEF-R,RT_Pronation_pro_R,0.158594849998359,0.221279201351758,0.379874051350116,0.005212570531291,0.00563458196964766,6.48186395352002,0.763684443336828
6,LT,32,POJ-R,RT_Pronation_pro_R,0.378076130791467,0.58808494911813,0.966161079909597,0.00843524285516157,0.00914184440309943,6.41199416636091,0.737338933982779
7,NvA,1,V1-L,RT_Pronation_pro_R,0.0938570033919981,0.259572932889043,0.353429936281041,0.00435672294486063,0.00469906735558875,6.16153432535179,0.59658390473037
7,NvA,2,V3-L,RT_Pronation_pro_R,0.226828103901065,0.355960719358313,0.582788823259378,0.00618251705276973,0.0066604423588508,6.11963519518696,0.578411727183234
7,NvA,3,STS-L,RT_Pronation_pro_R,0.153372609096213,0.184210337774169,0.337582946870383,0.00427122099802413,0.0046080018427228,6.15981341978172,0.590504542403269
7,NvA,4,IPL-L,RT_Pronation_pro_R,0.263581836846171,0.261148178237063,0.524730015083234,0.00588457060375839,0.00636444636818864,6.12667133412129,0.590041357254439
7,NvA,5,SPL-L,RT_Pronation_pro_R,0.339101189505656,0.783918735166421,1.12301992467208,0.00865181614713027,0.00924755105554665,6.06626935847246,0.556956579648664
7,NvA,6,AG-L,RT_Pronation_pro_R,0.426979156433416,0.298987673643508,0.725966830076924,0.00664731833868159,0.00717197963777794,6.11025527137218,0.581468938279136
7,NvA,7,mIPS-L,RT_Pronation_pro_R,0.560184115728091,0.280512173734302,0.840696289462393,0.00728765111356688,0.00784846640451716,6.09576830287004,0.575204392100875
7,NvA,8,VIP-L,RT_Pronation_pro_R,0.484705627351035,0.165282695115317,0.649988322466352,0.00604326872098699,0.00651469583799546,6.11741939158411,0.578701841595411
7,NvA,9,SPOC-L,RT_Pronation_pro_R,0.45519627945932,0.500249017358762,0.955445296818082,0.00847491281503754,0.00917160667776767,6.06704299121225,0.555948033339238
7,NvA,10,S1-L,RT_Pronation_pro_R,0.507985521337442,0.254566165215491,0.762551686552933,0.00695190489288046,0.00748648908218065,6.10273656017597,0.580424630049806
7,NvA,11,M1-L,RT_Pronation_pro_R,0.22454793844287,0.178528096763423,0.403076035206293,0.00479862882888202,0.00516425736941936,6.15084562825437,0.594271639734248
7,NvA,12,SMA-L,RT_Pronation_pro_R,0.224096175981576,0.376922966183025,0.6010191421646,0.00556144758708318,0.00596498022774837,6.12344829562604,0.57883131678957
7,NvA,13,PMd-L,RT_Pronation_pro_R,0.17716483735451,0.507635510232475,0.684800347586985,0.00624831079924204,0.00671701176668859,6.11641327939983,0.583423946205627
7,NvA,14,PMv-L,RT_Pronation_pro_R,0.0866029315354462,0.245173845467828,0.331776777003274,0.00415822838029845,0.00449240884201896,6.16429727474914,0.598891133297112
7,NvA,15,FEF-L,RT_Pronation_pro_R,0.24661154446862,0.120934870095929,0.367546414564549,0.00457794226865603,0.00493099215964106,6.1548341756863,0.596598172458701
7,NvA,16,POJ-L,RT_Pronation_pro_R,0.175330914584556,0.4863911404554,0.661722055039956,0.00624300299368679,0.00672570709171962,6.11938710716692,0.580676503778536
7,NvA,17,V1-R,RT_Pronation_pro_R,0.231271506858765,0.268804449435154,0.500075956293919,0.00579097452234262,0.00626416066814712,6.13480221127243,0.58736335650255
7,NvA,18,V3-R,RT_Pronation_pro_R,0.449580668304874,0.283900750000222,0.733481418305096,0.00666660019624901,0.00715653653150183,6.10792479358776,0.573930642237943
7,NvA,19,STS-R,RT_Pronation_pro_R,0.196036163134849,0.371776312191914,0.567812475326763,0.00541496761964718,0.00586041424400657,6.13356332885436,0.581527898968009
7,NvA,20,IPL-R,RT_Pronation_pro_R,0.848150606598142,0.518666422909078,1.36681702950722,0.0104269682615306,0.0112642200270007,6.02889601106872,0.556150486161608
7,NvA,21,SPL-R,RT_Pronation_pro_R,0.683085383530234,0.342132536562542,1.02521792009278,0.0073179492964655,0.00779649486723945,6.08339775068345,0.547230976650544
7,NvA,22,AG-R,RT_Pronation_pro_R,0.468819510005216,0.354288760064625,0.823108270069841,0.0067270072389781,0.00724802827243337,6.09530080297355,0.56470616920997
7,NvA,23,mIPS-R,RT_Pronation_pro_R,0.580436509662382,0.227745346698478,0.80818185636086,0.00794369986985941,0.00857586975965478,6.0925930911891,0.579791664576785
7,NvA,24,VIP-R,RT_Pronation_pro_R,0.486816029554556,0.662424597994968,1.14924062754952,0.00863623935267256,0.00932939053946475,6.06878682209065,0.561868731461798
7,NvA,25,SPOC-R,RT_Pronation_pro_R,0.52622678096739,0.554249276432461,1.08047605739985,0.00916217533285742,0.00997362685944481,6.05614864350338,0.56351944734684
7,NvA,26,S1-R,RT_Pronation_pro_R,0.364537615569662,0.39559147963676,0.760129095206422,0.00731632071277717,0.00791060509938475,6.09906693437705,0.574702642257917
7,NvA,27,M1-R,RT_Pronation_pro_R,0.651327078082927,0.252633295645582,0.903960373728509,0.00803595382684477,0.008697990134436,6.08314982079167,0.572708460678618
7,NvA,28,SMA-R,RT_Pronation_pro_R,0.266994313665741,0.262116885359979,0.529111199025721,0.00616358391849277,0.00662062387314252,6.1229750339438,0.58917383006563
7,NvA,29,PMd-R,RT_Pronation_pro_R,0.176558897506372,0.393894171839132,0.570453069345504,0.00596807924977114,0.00642907011215498,6.12933397845178,0.5857094840687
7,NvA,30,PMv-R,RT_Pronation_pro_R,0.0616113096578266,0.469168432014571,0.530779741672397,0.00500185638334037,0.00539759890850065,6.1448147889219,0.589098882333135
7,NvA,31,FEF-R,RT_Pronation_pro_R,0.460784016622463,0.47709688932623,0.937880905948693,0.00746263484896427,0.00801420623476226,6.08070462674698,0.561439164969151
7,NvA,32,POJ-R,RT_Pronation_pro_R,0.417299237659957,0.421196748997178,0.838495986657135,0.00668510263281541,0.00718926578670916,6.10107430663101,0.558467511659453
8,RR,1,V1-L,RT_Pronation_pro_R,0.252568999604207,0.358117680025984,0.610686679630191,0.00699272832223784,0.00749325337674004,6.50496924324388,0.733226616819694
8,RR,2,V3-L,RT_Pronation_pro_R,0.219489529333824,0.445161291071822,0.664650820405646,0.00687728598832681,0.00739501941954942,6.50252163805917,0.727625792405516
8,RR,3,STS-L,RT_Pronation_pro_R,0.163591238635635,0.672127387440766,0.835718626076401,0.00757740468728947,0.00810691385794338,6.48640290180213,0.726508664894947
8,RR,4,IPL-L,RT_Pronation_pro_R,0.741525092694779,0.273401602074951,1.01492669476973,0.00810236013151931,0.00874952148400358,6.469286066751,0.716393463197935
8,RR,5,SPL-L,RT_Pronation_pro_R,0.99227951920472,0.628411876613358,1.62069139581808,0.0129541809768336,0.0138791873171059,6.39359248815609,0.684385218513126
8,RR,6,AG-L,RT_Pronation_pro_R,0.518840321046861,0.564866977297912,1.08370729834477,0.00974509355849552,0.0104018659331564,6.44228976504425,0.700506905828306
8,RR,7,mIPS-L,RT_Pronation_pro_R,0.589181430764747,0.554289087221456,1.1434705179862,0.0100282247934755,0.0107320077094911,6.44969092340704,0.708142915384173
8,RR,8,VIP-L,RT_Pronation_pro_R,0.711850131960161,0.277794349719054,0.989644481679214,0.00869338306010694,0.00937485891595382,6.46925388897255,0.720713701206782
8,RR,9,SPOC-L,RT_Pronation_pro_R,0.696247229705855,0.455012001746294,1.15125923145215,0.010824470073385,0.0116431580298171,6.43694828699158,0.7077930539148
8,RR,10,S1-L,RT_Pronation_pro_R,0.322324506540097,0.562912917920024,0.88523742446012,0.00920237626298862,0.00987609079696404,6.46750624883236,0.723942951784452
8,RR,11,M1-L,RT_Pronation_pro_R,0.226310048495984,0.721035164305063,0.947345212801047,0.00823329945087569,0.00886754389060894,6.47442670380348,0.721883072614715
8,RR,12,SMA-L,RT_Pronation_pro_R,0.770135980641758,0.625593640051936,1.39572962069369,0.0128218124503231,0.0137633194555331,6.3984577315946,0.679836410737029
8,RR,13,PMd-L,RT_Pronation_pro_R,0.529375179387363,0.295810292104727,0.82518547149209,0.00759616867529876,0.00810737716647025,6.48200079558189,0.706844837459987
8,RR,14,PMv-L,RT_Pronation_pro_R,0.0888620042803254,1.11948420357238,1.2083462078527,0.0066273880511964,0.0070319800866207,6.48010508875543,0.711639918649047
8,RR,15,FEF-L,RT_Pronation_pro_R,0.388439490993924,0.212499966414784,0.600939457408709,0.0071412710153609,0.00771085665993596,6.50008065350233,0.734413847791099
8,RR,16,POJ-L,RT_Pronation_pro_R,0.513192320016638,0.446067943265599,0.959260263282236,0.00954856096564671,0.0102120458703866,6.45595800831325,0.715326144620806
8,RR,17,V1-R,RT_Pronation_pro_R,0.283271530601427,0.60076114633006,0.884032676931486,0.0087530306419323,0.00939540754495085,6.46883012856323,0.718372228490928
8,RR,18,V3-R,RT_Pronation_pro_R,0.222772759814777,0.282054013492872,0.504826773307649,0.00675500555289258,0.00727888437197586,6.5110787200811,0.740635507701491
8,RR,19,STS-R,RT_Pronation_pro_R,0.177120167298953,0.241843291715354,0.418963459014307,0.00593642437111104,0.00637560679832797,6.52444969689092,0.744345623892392
8,RR,20,IPL-R,RT_Pronation_pro_R,0.404309713260938,0.336714026584537,0.741023739845474,0.00721576844694872,0.00775397073369008,6.49232357888073,0.72734228450276
8,RR,21,SPL-R,RT_Pronation_pro_R,0.555236233722873,0.419529562494222,0.974765796217095,0.00850449367545749,0.00916630200098143,6.46393507476708,0.718244131201856
8,RR,22,AG-R,RT_Pronation_pro_R,0.319895572285872,0.354647633958764,0.674543206244636,0.00723465316249505,0.00779068228008464,6.49224348711175,0.726169257737514
8,RR,23,mIPS-R,RT_Pronation_pro_R,0.577928903829305,0.378013525751975,0.95594242958128,0.00872749071905698,0.00936551448533817,6.45852400843144,0.712916573021466
8,RR,24,VIP-R,RT_Pronation_pro_R,0.548415509067921,0.40312227903919,0.951537788107112,0.0074735143683904,0.00801241269075493,6.47235814678785,0.71276100539685
8,RR,25,SPOC-R,RT_Pronation_pro_R,0.629525430370848,0.594968858331409,1.22449428870226,0.0106778007427494,0.0114741275996797,6.42673802339741,0.697275249846409
8,RR,26,S1-R,RT_Pronation_pro_R,0.522884843023243,0.20840487149497,0.731289714518213,0.00761694008489011,0.00817715222831856,6.49024679494863,0.732933763442441
8,RR,27,M1-R,RT_Pronation_pro_R,0.382857940890175,0.185921081359698,0.568779022249873,0.00686960204334757,0.00739048995078169,6.50653056996215,0.732291089695598
8,RR,28,SMA-R,RT_Pronation_pro_R,0.628304459909188,0.472807108102843,1.10111156801203,0.0106851501181745,0.0115326849139013,6.43855103175376,0.716783559595111
8,RR,29,PMd-R,RT_Pronation_pro_R,0.398418658196387,0.376077827040845,0.774496485237232,0.00808384240231977,0.00868353600355403,6.48098312661582,0.730349663657595
8,RR,30,PMv-R,RT_Pronation_pro_R,0.152581295285949,0.405864648076943,0.558445943362892,0.00572424504701245,0.00618366268876361,6.52224164151154,0.739402438949675
8,RR,31,FEF-R,RT_Pronation_pro_R,0.64544786156567,0.157876835443225,0.803324697008895,0.00682101654070663,0.0073291956999298,6.49264873174986,0.727889030335025
8,RR,32,POJ-R,RT_Pronation_pro_R,0.243649704676497,0.785640517043886,1.02929022172038,0.00765222255238193,0.00825554459147203,6.46968476658244,0.711587687482856
9,SJB,1,V1-L,RT_Pronation_pro_R,0.226148957837385,0.347181240167634,0.57333019800502,0.00631298631856612,0.00679872937558659,6.56760676153806,0.814547294167242
9,SJB,2,V3-L,RT_Pronation_pro_R,0.27221256504842,0.745785021297967,1.01799758634639,0.00884731013309221,0.00959806507791279,6.51881971736793,0.792996351529192
9,SJB,3,STS-L,RT_Pronation_pro_R,0.139691922751468,0.409066764629206,0.548758687380674,0.00552528705739801,0.00594555746465149,6.5780549358722,0.81799669478401
9,SJB,4,IPL-L,RT_Pronation_pro_R,0.649830713745319,0.733913404802757,1.38374411854808,0.0111810078566263,0.0120396734862435,6.47109689490305,0.771756741343781
9,SJB,5,SPL-L,RT_Pronation_pro_R,0.941427379919394,0.348175961057904,1.2896033409773,0.0101828091830504,0.0109752138091291,6.47957408004963,0.784648524036837
9,SJB,6,AG-L,RT_Pronation_pro_R,0.861461267373665,0.262442402248276,1.12390366962194,0.0101865017478553,0.0109853051987033,6.49334858850456,0.796777182092023
9,SJB,7,mIPS-L,RT_Pronation_pro_R,0.789814412646467,0.475911513979595,1.26572592662606,0.0114011993495062,0.0123521814766079,6.47573331320696,0.790021640637891
9,SJB,8,VIP-L,RT_Pronation_pro_R,0.734985153426504,0.527489788446681,1.26247494187318,0.0104543163324635,0.0112751188970326,6.48787501633781,0.782567549086197
9,SJB,9,SPOC-L,RT_Pronation_pro_R,0.516469510492028,0.766508116150619,1.28297762664265,0.0114153438308972,0.0123154229732793,6.47480533305932,0.778788762168197
9,SJB,10,S1-L,RT_Pronation_pro_R,0.921546128136552,0.335219803980339,1.25676593211689,0.00950105942813472,0.0102041604643998,6.49221169031314,0.775807968567056
9,SJB,11,M1-L,RT_Pronation_pro_R,0.632625203739375,0.463390784704096,1.09601598844347,0.00974651205415372,0.0105277162666861,6.50633785827716,0.790370091184236
9,SJB,12,SMA-L,RT_Pronation_pro_R,0.698542958743065,0.297261419521851,0.995804378264916,0.00974138670472625,0.0105110705002667,6.505458402164,0.799821232313071
9,SJB,13,PMd-L,RT_Pronation_pro_R,0.404381917391042,0.670463131229312,1.07484504862035,0.00926000307276102,0.00991871313283225,6.51364661034509,0.796692239458592
9,SJB,14,PMv-L,RT_Pronation_pro_R,0.0704043654557356,0.391525722478094,0.461930087933829,0.00494249275203117,0.00530442402668624,6.59744092608556,0.821798765273829
9,SJB,15,FEF-L,RT_Pronation_pro_R,0.348355764287027,0.550218531867597,0.898574296154623,0.0080960316363879,0.00871286352983208,6.53012871109828,0.799921670398328
9,SJB,16,POJ-L,RT_Pronation_pro_R,0.562416448256451,0.48803800887373,1.05045445713018,0.010229543646691,0.0110594137543139,6.49318275641529,0.793187364784291
9,SJB,17,V1-R,RT_Pronation_pro_R,0.45520064800442,0.358355217953042,0.813555865957463,0.00808981879056066,0.00876838278137351,6.53519267036874,0.805710460595416
9,SJB,18,V3-R,RT_Pronation_pro_R,0.418547339223687,0.595814932372134,1.01436227159582,0.00867171130674668,0.00932845895018919,6.51353451592277,0.792721309286625
9,SJB,19,STS-R,RT_Pronation_pro_R,0.093269062547594,0.590539983284305,0.683809045831899,0.00691033880874685,0.00745492414902285,6.55533803791448,0.817065176699061
9,SJB,20,IPL-R,RT_Pronation_pro_R,0.457044830890796,0.198168471942681,0.655213302833477,0.00641736294593198,0.00697007840651035,6.55865909335147,0.805177629422259
9,SJB,21,SPL-R,RT_Pronation_pro_R,0.298212061202398,0.59077525112662,0.888987312329018,0.00834640464246134,0.00903934728773249,6.5193856831378,0.791888813749469
9,SJB,22,AG-R,RT_Pronation_pro_R,0.470093286216253,0.522936471602558,0.993029757818811,0.00828892149362591,0.00891337961987315,6.51098962312083,0.775465422069328
9,SJB,23,mIPS-R,RT_Pronation_pro_R,0.40737277179971,0.438879355510552,0.846252127310262,0.00769399136733935,0.00827454753139652,6.52280512062088,0.75848409457332
9,SJB,24,VIP-R,RT_Pronation_pro_R,0.583491655413389,0.368956945411309,0.952448600824698,0.00754009002723095,0.00813915723677339,6.52884716805588,0.782509738987361
9,SJB,25,SPOC-R,RT_Pronation_pro_R,0.803250432203232,0.973133110562141,1.77638354276537,0.0125411806949726,0.0134748610613993,6.41760395056156,0.715636014538309
9,SJB,26,S1-R,RT_Pronation_pro_R,0.546315626599949,0.497348955277172,1.04366458187712,0.00831028395392527,0.0089453617058227,6.51509742535925,0.78820328024759
9,SJB,27,M1-R,RT_Pronation_pro_R,0.241537902980595,0.557721226189277,0.799259129169872,0.00748018452247859,0.0080828774384501,6.53847808429616,0.804429905987874
9,SJB,28,SMA-R,RT_Pronation_pro_R,0.674891624207379,0.311530608885418,0.986422233092797,0.0100548303796016,0.0108681880031826,6.50856338356882,0.802211394256443
9,SJB,29,PMd-R,RT_Pronation_pro_R,0.191250570135567,0.369567843534706,0.560818413670273,0.0066135629552428,0.00713443961622319,6.56256628044646,0.813019868040552
9,SJB,30,PMv-R,RT_Pronation_pro_R,0.0525587033593222,0.197989143871473,0.250547847230795,0.00374068323874331,0.00403729446801692,6.61992808383033,0.83360409161076
9,SJB,31,FEF-R,RT_Pronation_pro_R,0.218405816325605,0.189172654982889,0.407578471308493,0.00570304699412847,0.00617241288751763,6.5811358787138,0.828142997863199
9,SJB,32,POJ-R,RT_Pronation_pro_R,0.423636006198486,0.531911218616348,0.955547224814834,0.00939129137183286,0.0102024519624686,6.51760084276049,0.797076939586637
10,BG,1,V1-L,RT_Pronation_pro_R,0.0562401858923364,0.3008039610065,0.357044146898836,0.00374568917342708,0.00402183812198532,6.08527802878218,0.528875719035862
10,BG,2,V3-L,RT_Pronation_pro_R,0.190842892391717,0.378074862437384,0.568917754829101,0.00576199549247312,0.00617188916878395,6.04163260627473,0.517754454797303
10,BG,3,STS-L,RT_Pronation_pro_R,0.0845894218435308,0.330285100204745,0.414874522048276,0.00405297607034862,0.00435353026507044,6.07212335722988,0.526062755321544
10,BG,4,IPL-L,RT_Pronation_pro_R,0.279036115509503,0.694781214983264,0.973817330492768,0.00808029095179579,0.00864557351213802,5.99225964902369,0.508943359132868
10,BG,5,SPL-L,RT_Pronation_pro_R,0.522970364132506,0.291052659152582,0.814023023285087,0.00763703158272861,0.00818688886188208,6.00165733537538,0.510133512619176
10,BG,6,AG-L,RT_Pronation_pro_R,0.476387244069016,0.260449010526572,0.736836254595588,0.0070589953281502,0.007578203654011,6.01087221830367,0.517636966046903
10,BG,7,mIPS-L,RT_Pronation_pro_R,0.218388954656006,0.434601286506827,0.652990241162833,0.00613808103678175,0.00657351144196953,6.02888654000469,0.51500670648318
10,BG,8,VIP-L,RT_Pronation_pro_R,0.596601848261186,0.403300835040624,0.99990268330181,0.00845850837616335,0.00906037549457586,5.9821696370754,0.50252984987054
10,BG,9,SPOC-L,RT_Pronation_pro_R,0.203858014855236,0.397482157203588,0.601340172058824,0.00608251632714952,0.00652976761702666,6.02884491016224,0.518731674107563
10,BG,10,S1-L,RT_Pronation_pro_R,0.800732040666347,0.151287066718249,0.952019107384597,0.00703607106821604,0.0075361249258327,6.00312366014635,0.508653340922705
10,BG,11,M1-L,RT_Pronation_pro_R,0.495049697648063,0.271003445807459,0.766053143455522,0.00655017683010735,0.00701315573811073,6.02098468847645,0.511789163429085
10,BG,12,SMA-L,RT_Pronation_pro_R,0.309135732225751,0.473800569377609,0.78293630160336,0.00709253012721401,0.00757892492095621,6.01067409913939,0.509369429353418
10,BG,13,PMd-L,RT_Pronation_pro_R,0.183361973013844,0.383065156138034,0.566427129151878,0.00514858240621923,0.00549886148770547,6.04924613054831,0.517735957942816
10,BG,14,PMv-L,RT_Pronation_pro_R,0.0531540447748341,0.163003083757607,0.216157128532441,0.00309752415742171,0.00332343634166166,6.10285198635895,0.537224411859853
10,BG,15,FEF-L,RT_Pronation_pro_R,0.317606258154854,0.277165005930258,0.594771264085112,0.005976561797183,0.00640905730810369,6.03513554504634,0.518470724085971
10,BG,16,POJ-L,RT_Pronation_pro_R,0.210474653196912,0.35080509145532,0.561279744652232,0.00581709994058397,0.00621855024952159,6.04013271373627,0.521476535399284
10,BG,17,V1-R,RT_Pronation_pro_R,0.247305409843969,0.55141229402003,0.798717703863999,0.00661037394516835,0.00705711655602188,6.01584704885664,0.50294616336813
10,BG,18,V3-R,RT_Pronation_pro_R,0.204425464632815,0.511675987464898,0.716101452097712,0.00609734674428476,0.00654605418977744,6.0265239388262,0.516390161069494
10,BG,19,STS-R,RT_Pronation_pro_R,0.15772754122864,0.27206531111008,0.42979285233872,0.00470223542161006,0.00505559191033583,6.06170840851488,0.524959027119519
10,BG,20,IPL-R,RT_Pronation_pro_R,0.586343337659852,0.190333509809081,0.776676847468933,0.00742043015712792,0.00795445808808454,6.00858141626413,0.513272612227577
10,BG,21,SPL-R,RT_Pronation_pro_R,0.518056884722478,0.178173728694382,0.69623061341686,0.00630209111816447,0.00679019678053314,6.02137481691814,0.515416617934727
10,BG,22,AG-R,RT_Pronation_pro_R,0.421391156561613,0.120027972759693,0.541419129321306,0.0053556069066452,0.00577222784075081,6.04445555949282,0.521308760683187
10,BG,23,mIPS-R,RT_Pronation_pro_R,0.727082330394338,0.129387114146958,0.856469444541295,0.00679560310717338,0.00727975987558799,6.00774341139041,0.506393602943829
10,BG,24,VIP-R,RT_Pronation_pro_R,0.547897837636683,0.34610093845391,0.893998776090593,0.00826095190171221,0.00883935198908745,5.99258817300454,0.504762112849481
10,BG,25,SPOC-R,RT_Pronation_pro_R,0.590392993528177,0.296684890145469,0.887077883673646,0.00783108641203063,0.00840800293709054,5.9914113133673,0.500246644393523
10,BG,26,S1-R,RT_Pronation_pro_R,0.186754066972767,0.331619991625613,0.51837405859838,0.00541375292023906,0.00580249675070923,6.04365417045305,0.518153109133814
10,BG,27,M1-R,RT_Pronation_pro_R,0.526309749002554,0.42723826061411,0.953548009616665,0.0073129204370938,0.0078050208031389,5.99923624195008,0.496761674850374
10,BG,28,SMA-R,RT_Pronation_pro_R,0.34301698213636,0.569077223292112,0.912094205428472,0.00800805442145946,0.00854334243242872,5.99365254461494,0.50556590585288
10,BG,29,PMd-R,RT_Pronation_pro_R,0.152587950782719,0.524592139061817,0.677180089844536,0.0061134951119083,0.00654910774184772,6.02919510397099,0.516170666957843
10,BG,30,PMv-R,RT_Pronation_pro_R,0.0560395646233423,0.344026452456397,0.40006601707974,0.00406370114712329,0.00435683185909432,6.07610095833325,0.529701368893394
10,BG,31,FEF-R,RT_Pronation_pro_R,0.404373158008165,0.274911570706452,0.679284728714617,0.00651252172442046,0.00697496269109989,6.024478908307,0.514074413506867
10,BG,32,POJ-R,RT_Pronation_pro_R,0.382268634172501,0.422114612590994,0.804383246763495,0.00630159544601794,0.00677240889479092,6.01610631374174,0.505401476414456
1,DOC,1,V1-L,RT_Pronation_anti_L,0.164918932033536,0.338652436012268,0.503571368045805,0.00618873786392806,0.00674250115890779,6.36094738143894,0.69186899450484
1,DOC,2,V3-L,RT_Pronation_anti_L,0.27388116482785,0.213312082580588,0.487193247408438,0.00581858979778924,0.00631437869825045,6.36498015769886,0.690156211667684
1,DOC,3,STS-L,RT_Pronation_anti_L,0.0647423457664392,0.236134525049049,0.300876870815488,0.00367234103925782,0.00399121487644665,6.41321095654954,0.695598425048643
1,DOC,4,IPL-L,RT_Pronation_anti_L,0.520542565934341,0.741565589898315,1.26210815583266,0.00992236946605483,0.0108005547222685,6.28682839028456,0.647577291947298
1,DOC,5,SPL-L,RT_Pronation_anti_L,0.633289022275049,0.471575732305727,1.10486475458078,0.00886498349817105,0.00959826396552823,6.29430347154453,0.65419600396423
1,DOC,6,AG-L,RT_Pronation_anti_L,0.503836412765086,0.175679089801675,0.67951550256676,0.00685614392697026,0.00743774491127056,6.34130675656698,0.676502164685202
1,DOC,7,mIPS-L,RT_Pronation_anti_L,0.73136329723298,0.244801552787675,0.976164850020654,0.009027533416223,0.00980746768249951,6.30408909259535,0.662687133237777
1,DOC,8,VIP-L,RT_Pronation_anti_L,0.947664308427036,0.470437979512146,1.41810228793918,0.010664369065817,0.0116349075996228,6.25784603347092,0.653999761813555
1,DOC,9,SPOC-L,RT_Pronation_anti_L,0.729259648127166,0.396322167859528,1.12558181598669,0.00879704677519354,0.00953375210378657,6.29251508736796,0.658182247422165
1,DOC,10,S1-L,RT_Pronation_anti_L,0.885814708200197,0.989530512465276,1.87534522066547,0.0103870139092752,0.0111255922266327,6.22012149586409,0.607809467875141
1,DOC,11,M1-L,RT_Pronation_anti_L,0.213784138218559,0.952886669705836,1.1666708079244,0.00738353057100188,0.00797090968108977,6.3070364011989,0.653431483294591
1,DOC,12,SMA-L,RT_Pronation_anti_L,0.477612551461608,0.678448991023853,1.15606154248546,0.00910326505018479,0.00986081904951959,6.28849675327957,0.655683081959535
1,DOC,13,PMd-L,RT_Pronation_anti_L,0.219430044037238,0.364423255850492,0.583853299887731,0.00679120546110168,0.00740020814092599,6.34723523431459,0.679327697691198
1,DOC,14,PMv-L,RT_Pronation_anti_L,0.0803314655874775,0.433777943725135,0.514109409312612,0.005167261614115,0.00560177675837231,6.3768775301016,0.688319591884644
1,DOC,15,FEF-L,RT_Pronation_anti_L,0.203080674598168,0.317170032981531,0.520250707579699,0.00627239046728596,0.00683200688951631,6.35841122295679,0.690955107477464
1,DOC,16,POJ-L,RT_Pronation_anti_L,0.33476945013542,0.46769760124551,0.80246705138093,0.0076548357417605,0.00829581376375966,6.33238053404438,0.676352076667543
1,DOC,17,V1-R,RT_Pronation_anti_L,0.117200101845634,0.28517005209728,0.402370153942914,0.00488209198868849,0.00530442056482443,6.38207016538917,0.691682627347837
1,DOC,18,V3-R,RT_Pronation_anti_L,0.260206894300023,0.826899037426609,1.08710593172663,0.0080984013959915,0.008799090860725,6.30762931450708,0.656680336508952
1,DOC,19,STS-R,RT_Pronation_anti_L,0.167783310290675,0.333087935867869,0.500871246158544,0.00530772338284275,0.00572412169038674,6.37268681478168,0.682870069647492
1,DOC,20,IPL-R,RT_Pronation_anti_L,0.337702082204719,0.288036750150257,0.625738832354976,0.00626625589015185,0.00679851509321687,6.35277713159581,0.683038679413599
1,DOC,21,SPL-R,RT_Pronation_anti_L,0.607003260662577,0.191095298507371,0.798098559169948,0.00684045187463055,0.00741578045813282,6.3259686426609,0.671178600724805
1,DOC,22,AG-R,RT_Pronation_anti_L,0.689911951300733,0.273024617464069,0.962936568764802,0.00940608055675599,0.0102221141107192,6.2989356641541,0.672462439748057
1,DOC,23,mIPS-R,RT_Pronation_anti_L,0.701252265444771,0.277061508989155,0.978313774433926,0.00902668343006938,0.00979296307543122,6.30372728235011,0.668629890411319
1,DOC,24,VIP-R,RT_Pronation_anti_L,0.438419104568644,0.28442208589876,0.722841190467404,0.00673847342978126,0.00731245195516671,6.34071044821359,0.679830732127891
1,DOC,25,SPOC-R,RT_Pronation_anti_L,0.523461329823559,0.567340472832615,1.09080180265617,0.00851032809446887,0.00920796175132353,6.29737802199945,0.656312394228901
1,DOC,26,S1-R,RT_Pronation_anti_L,0.433913407935111,0.237832133803928,0.671745541739038,0.00691551638034314,0.00753107826970243,6.34427206176343,0.682463206300131
1,DOC,27,M1-R,RT_Pronation_anti_L,0.418035159078595,0.34204606054344,0.760081219622035,0.00688833657467179,0.00748192904910043,6.33710878531895,0.673544134973744
1,DOC,28,SMA-R,RT_Pronation_anti_L,0.455730532040375,0.511596297047765,0.96732682908814,0.00861304069918049,0.00937964309413441,6.30928147868771,0.670187987004011
1,DOC,29,PMd-R,RT_Pronation_anti_L,0.120867258279093,0.624979645998533,0.745846904277626,0.0064311366190151,0.00700871223382087,6.34447886872149,0.681377718361496
1,DOC,30,PMv-R,RT_Pronation_anti_L,0.126521510023139,0.266880068498062,0.393401578521201,0.004902741716557,0.00531195699071412,6.38093676311272,0.694053937886151
1,DOC,31,FEF-R,RT_Pronation_anti_L,0.31257335542802,0.346585261922075,0.659158617350096,0.0067751184988776,0.00732911793191939,6.33876852531614,0.682231983203589
1,DOC,32,POJ-R,RT_Pronation_anti_L,0.917092555169116,0.463521418170547,1.38061397333966,0.00961742852194091,0.010379342766226,6.26917556081669,0.647162979206882
2,GB,1,V1-L,RT_Pronation_anti_L,0.311533146892373,0.283476090223331,0.595009237115704,0.00586321061116214,0.00640644754374088,6.12112750539659,0.619967022069378
2,GB,2,V3-L,RT_Pronation_anti_L,0.374775103438296,0.369426899558816,0.744202002997112,0.00645063345747505,0.00701407347224471,6.10486785783378,0.608682929953578
2,GB,3,STS-L,RT_Pronation_anti_L,0.175052072756219,0.158648855929331,0.33370092868555,0.00445772888635018,0.00492459073643405,6.15070128051283,0.634172348687257
2,GB,4,IPL-L,RT_Pronation_anti_L,0.540977877830661,0.321823279386796,0.862801157217457,0.00732517842526662,0.00796222662612798,6.08752761701963,0.603711308835538
2,GB,5,SPL-L,RT_Pronation_anti_L,0.891320674557871,0.200450720014774,1.09177139457264,0.0081694751434828,0.00890508104165191,6.0716116855281,0.605618369824938
2,GB,6,AG-L,RT_Pronation_anti_L,0.441359263258695,0.442738640910895,0.88409790416959,0.00795791573912818,0.0087252848863268,6.07593703169843,0.595878635089078
2,GB,7,mIPS-L,RT_Pronation_anti_L,0.73680280990597,0.343202452310179,1.08000526221615,0.00884314823428999,0.00967787955668474,6.06163719602158,0.59662782253677
2,GB,8,VIP-L,RT_Pronation_anti_L,0.381203651828024,0.766923763569407,1.14812741539743,0.00868309143404672,0.0094780523363551,6.05465992600341,0.589379995590927
2,GB,9,SPOC-L,RT_Pronation_anti_L,0.719831905599976,0.68130020754947,1.40113211314945,0.0105018084647715,0.0115054084905412,6.01359751495288,0.572519393926156
2,GB,10,S1-L,RT_Pronation_anti_L,0.309235036078482,0.290245308040205,0.599480344118687,0.00528405756756322,0.00577303029398425,6.12728888713456,0.620225586320338
2,GB,11,M1-L,RT_Pronation_anti_L,0.31045511761146,0.335286995614245,0.645742113225705,0.00622211124787422,0.00677186218077724,6.11298116560925,0.615971401747785
2,GB,12,SMA-L,RT_Pronation_anti_L,0.524278262682598,0.260705818022869,0.784984080705467,0.007102820078048,0.00779381186759522,6.08720164656273,0.611900537832537
2,GB,13,PMd-L,RT_Pronation_anti_L,0.113077909375268,0.544644825564425,0.657722734939693,0.00487334569928187,0.00532319095972656,6.13453036038139,0.614759678519371
2,GB,14,PMv-L,RT_Pronation_anti_L,0.0514598890804899,0.276192355354855,0.327652244435345,0.00362634408851067,0.00394561098498712,6.17260333924952,0.633001311455375
2,GB,15,FEF-L,RT_Pronation_anti_L,0.331382677547743,0.467081061231244,0.798463738778987,0.00682063544449155,0.00741567373464505,6.09654747913943,0.605798632482011
2,GB,16,POJ-L,RT_Pronation_anti_L,0.431229455363218,0.764148541057031,1.19537799642025,0.00918542422891043,0.00997134209994056,6.05813838549412,0.596004911584775
2,GB,17,V1-R,RT_Pronation_anti_L,0.241090437480268,0.209408076247957,0.450498513728226,0.00476120031517248,0.00520627136520262,6.14680285560282,0.625626747378504
2,GB,18,V3-R,RT_Pronation_anti_L,0.273011492455755,0.172677652477166,0.445689144932921,0.00494489316705041,0.00539866385781926,6.14322984928409,0.624324824862907
2,GB,19,STS-R,RT_Pronation_anti_L,0.260970400347755,0.216410014185975,0.47738041453373,0.00536166879828115,0.00586746732886843,6.13365771861194,0.625237495805167
2,GB,20,IPL-R,RT_Pronation_anti_L,0.489654430285992,0.437840258564866,0.927494688850858,0.00818408802859982,0.00893269325658932,6.07031269135416,0.594638654525482
2,GB,21,SPL-R,RT_Pronation_anti_L,0.497522953342237,0.307351734516746,0.804874687858983,0.00770572413169899,0.00847323040507736,6.08159966485184,0.61049798225177
2,GB,22,AG-R,RT_Pronation_anti_L,0.227017018858642,0.47813915085053,0.705156169709172,0.00621368853615963,0.00676034582967434,6.10253594242911,0.608639869465915
2,GB,23,mIPS-R,RT_Pronation_anti_L,0.428308133147302,0.256761707371001,0.685069840518302,0.00669735879449483,0.00734698137871141,6.10340317188247,0.619891625226767
2,GB,24,VIP-R,RT_Pronation_anti_L,0.385271976713296,0.397838517547325,0.783110494260621,0.00779771805857232,0.00853180019046772,6.08429505626567,0.614330098602622
2,GB,25,SPOC-R,RT_Pronation_anti_L,0.491636613252473,0.621317400194287,1.11295401344676,0.00912100647108026,0.0100070102489921,6.04691509113372,0.588671023644314
2,GB,26,S1-R,RT_Pronation_anti_L,0.430275277497188,0.211912896870233,0.64218817436742,0.0064930095791722,0.00712420363059617,6.10990922292227,0.621104623147896
2,GB,27,M1-R,RT_Pronation_anti_L,0.209916669052575,0.37223896716767,0.582155636220246,0.00578236345961932,0.00633880077316631,6.12164528047817,0.618538795778348
2,GB,28,SMA-R,RT_Pronation_anti_L,0.263045545350999,0.340953737330084,0.603999282681083,0.00536949154500871,0.00589362859135954,6.12054593507679,0.613430804320558
2,GB,29,PMd-R,RT_Pronation_anti_L,0.405489201411723,0.224674949374027,0.630164150785749,0.00618607298933842,0.00681927993103215,6.11217179158232,0.619593021445077
2,GB,30,PMv-R,RT_Pronation_anti_L,0.0409869479860257,0.266018227157587,0.307005175143613,0.00348108558211597,0.0038313576895067,6.17427222510389,0.636717430287258
2,GB,31,FEF-R,RT_Pronation_anti_L,0.180004280849622,0.258351250003346,0.438355530852968,0.00430004767736134,0.00467777430370079,6.14603423017696,0.619349558268301
2,GB,32,POJ-R,RT_Pronation_anti_L,0.181866168669155,0.371852046311678,0.553718214980833,0.00491195946382103,0.00533109198426684,6.13489523976568,0.615045430304342
3,JDC,1,V1-L,RT_Pronation_anti_L,0.216744244722898,0.287242934009007,0.503987178731905,0.00611737545358745,0.00672474435875816,6.60824310504311,0.87540992964388
3,JDC,2,V3-L,RT_Pronation_anti_L,0.13944140442935,0.450862593413121,0.590303997842471,0.00577067922259718,0.00636842435665615,6.60861298813469,0.862477082559275
3,JDC,3,STS-L,RT_Pronation_anti_L,0.124513270329939,0.224141362068578,0.348654632398517,0.00454368916787445,0.00499724912462947,6.6390380753988,0.878069695055762
3,JDC,4,IPL-L,RT_Pronation_anti_L,0.352046429657941,0.596616939718701,0.948663369376642,0.00759144242554285,0.00832433494885367,6.56411126673918,0.836356948274298
3,JDC,5,SPL-L,RT_Pronation_anti_L,0.805394281518367,0.619366608828818,1.42476089034718,0.0101409737029971,0.0111533094774811,6.50185033505294,0.811947345749508
3,JDC,6,AG-L,RT_Pronation_anti_L,0.792598644334242,0.366488456415717,1.15908710074996,0.00840898885766141,0.00926566907567209,6.52890141012674,0.817737784468243
3,JDC,7,mIPS-L,RT_Pronation_anti_L,0.663511906742215,0.508704864691881,1.1722167714341,0.00986051150585601,0.0108687511522366,6.52653057962673,0.834331987622008
3,JDC,8,VIP-L,RT_Pronation_anti_L,0.743956758906344,0.361614046772375,1.10557080567872,0.00902175433876157,0.00991333787837399,6.53995432653412,0.84173211352195
3,JDC,9,SPOC-L,RT_Pronation_anti_L,0.599244713061333,0.945708856379192,1.54495356944052,0.0123408517998563,0.0135515315713165,6.48576477836331,0.811132767991294
3,JDC,10,S1-L,RT_Pronation_anti_L,0.724606444284301,0.311347274114647,1.03595371839895,0.00841147952793935,0.0092598029830507,6.55886956729656,0.849156867285321
3,JDC,11,M1-L,RT_Pronation_anti_L,0.505426044081205,0.485469716371876,0.99089576045308,0.00865786026835943,0.0095252624942918,6.5572505299062,0.851783506085103
3,JDC,12,SMA-L,RT_Pronation_anti_L,0.804848272988604,0.420231140682232,1.22507941367084,0.0110732636106716,0.0121647087067477,6.51731950490788,0.836331878550965
3,JDC,13,PMd-L,RT_Pronation_anti_L,0.296836174437064,0.507633369123682,0.804469543560746,0.00794851716338297,0.00876230068824933,6.57610139950114,0.864323939284713
3,JDC,14,PMv-L,RT_Pronation_anti_L,0.0761077761373976,0.234031420221949,0.310139196359347,0.00420978410411531,0.00463933044343447,6.64993672630073,0.881666996987208
3,JDC,15,FEF-L,RT_Pronation_anti_L,0.252069105197651,0.291836492809696,0.543905598007347,0.00574794425800063,0.00634169681538555,6.61052956529347,0.86517253973427
3,JDC,16,POJ-L,RT_Pronation_anti_L,0.600612024165267,0.328063253485575,0.928675277650842,0.00829321640715581,0.00906465813128022,6.56209886407575,0.838572566169233
3,JDC,17,V1-R,RT_Pronation_anti_L,0.162967058295173,0.786738597786108,0.949705656081281,0.00839877416630614,0.00927319124320744,6.56689647208371,0.85873216558731
3,JDC,18,V3-R,RT_Pronation_anti_L,0.186342681840515,0.486611460122267,0.672954141962782,0.0070363313582441,0.00771192974671836,6.58992432076425,0.863069909839424
3,JDC,19,STS-R,RT_Pronation_anti_L,0.096170154336429,0.257687275189698,0.353857429526127,0.00506352053832651,0.00553216154318833,6.63416361252117,0.876430187022795
3,JDC,20,IPL-R,RT_Pronation_anti_L,0.796472751057099,0.390194751890944,1.18666750294804,0.0101766402070714,0.0111667694168666,6.52201417149732,0.834254298316291
3,JDC,21,SPL-R,RT_Pronation_anti_L,0.679153646129762,0.528243336484711,1.20739698261447,0.0095592107145339,0.0104591013116594,6.53267096969194,0.833574274946536
3,JDC,22,AG-R,RT_Pronation_anti_L,0.472006263427058,0.264791283111646,0.736797546538704,0.00746420654855321,0.0081833134370718,6.58224381530925,0.857069709682867
3,JDC,23,mIPS-R,RT_Pronation_anti_L,0.811695101247495,0.235868684399822,1.04756378564732,0.00869669248561867,0.00956135484308267,6.55543091010317,0.847192730066853
3,JDC,24,VIP-R,RT_Pronation_anti_L,0.913742403252119,0.419939153861663,1.33368155711378,0.01090288096723,0.0119235105615082,6.51004975062056,0.829853779119861
3,JDC,25,SPOC-R,RT_Pronation_anti_L,0.584957047037514,1.6718235919727,2.25678063901021,0.013522732479008,0.0147954868797049,6.41698153369252,0.763473900925059
3,JDC,26,S1-R,RT_Pronation_anti_L,0.494627341802297,0.458907867168262,0.953535208970559,0.00933586328317815,0.0102563025859284,6.5467091515009,0.844362613143498
3,JDC,27,M1-R,RT_Pronation_anti_L,0.375973172471226,0.473346383195613,0.849319555666839,0.00825409300425676,0.00905536167978336,6.56808215585881,0.847829778170263
3,JDC,28,SMA-R,RT_Pronation_anti_L,0.6789890195674,0.502698369313108,1.18168738888051,0.0102292931991334,0.0112161556327722,6.52086772012838,0.83292664628782
3,JDC,29,PMd-R,RT_Pronation_anti_L,0.642805256241759,0.369409292446379,1.01221454868814,0.00947476038062309,0.0104345501297654,6.54394334546751,0.848809973663854
3,JDC,30,PMv-R,RT_Pronation_anti_L,0.0878377935904547,0.7270384676099,0.814876261200354,0.0061839557994002,0.00677767758506103,6.60278093975455,0.855772150582312
3,JDC,31,FEF-R,RT_Pronation_anti_L,0.280696501633033,0.360325452498207,0.641021954131241,0.00700169519996219,0.00768645758053403,6.5864817722809,0.859468050138036
3,JDC,32,POJ-R,RT_Pronation_anti_L,0.646755816414443,0.736166207179823,1.38292202359427,0.0105626337391125,0.0115419860560354,6.51139561675375,0.824878286540582
4,JFXD,1,V1-L,RT_Pronation_anti_L,0.283006667352845,0.235861844437742,0.518868511790587,0.00729694705709479,0.00782292411514912,6.95371080330196,0.919817484029426
4,JFXD,2,V3-L,RT_Pronation_anti_L,0.360933703798514,0.687753984159287,1.0486876879578,0.0102377382590667,0.0109089560902458,6.89783700190892,0.892522504684309
4,JFXD,3,STS-L,RT_Pronation_anti_L,0.191955529683247,0.523060255476601,0.715015785159848,0.00789280392796901,0.00832977692479613,6.93976515328018,0.911567729341026
4,JFXD,4,IPL-L,RT_Pronation_anti_L,0.952979339469877,0.614838263602444,1.56781760307232,0.0133831983563348,0.0142368958605493,6.84707379797106,0.873969474778499
4,JFXD,5,SPL-L,RT_Pronation_anti_L,0.828826968928671,0.313585406348042,1.14241237527671,0.0120012405676795,0.0128195124350768,6.88110059415696,0.896864467804608
4,JFXD,6,AG-L,RT_Pronation_anti_L,0.549150746669995,0.691740646600965,1.24089139327096,0.0122999944940405,0.0131100722054418,6.86655883885377,0.88786504860345
4,JFXD,7,mIPS-L,RT_Pronation_anti_L,0.941920236066682,0.460593797318392,1.40251403338507,0.013799967628504,0.0146818562766727,6.85163665786695,0.881591916047781
4,JFXD,8,VIP-L,RT_Pronation_anti_L,0.853875442794593,0.431819398568801,1.28569484136339,0.0124445003197494,0.0132593839687059,6.87019852714412,0.884428985458541
4,JFXD,9,SPOC-L,RT_Pronation_anti_L,0.692627002069417,0.397909834377618,1.09053683644704,0.0113208375435051,0.0120934873786408,6.88677655803157,0.896613022318825
4,JFXD,10,S1-L,RT_Pronation_anti_L,0.849687872665372,0.504445305387566,1.35413317805294,0.0125254303647346,0.0132757709128508,6.86336281466351,0.883889041604415
4,JFXD,11,M1-L,RT_Pronation_anti_L,0.759435728873271,0.632908870230535,1.39234459910381,0.0128396171476514,0.0136595026468239,6.86341599061018,0.885130481675619
4,JFXD,12,SMA-L,RT_Pronation_anti_L,0.811843691039813,0.626997393602031,1.43884108464184,0.0128752662529395,0.0137779172030663,6.85835454492858,0.878802555522358
4,JFXD,13,PMd-L,RT_Pronation_anti_L,0.908179499232981,0.608219603839466,1.51639910307245,0.0138811362813696,0.0147937398705618,6.84741068384086,0.877241593574099
4,JFXD,14,PMv-L,RT_Pronation_anti_L,0.197841109083209,1.03285159368308,1.23069270276629,0.00925855052053374,0.00985927498192959,6.89501064610518,0.873579536808687
4,JFXD,15,FEF-L,RT_Pronation_anti_L,0.804982831982314,0.466799469773106,1.27178230175542,0.0106193903986433,0.0112743589672403,6.86660076592966,0.845105806425873
4,JFXD,16,POJ-L,RT_Pronation_anti_L,0.441311577413887,0.664761036792912,1.1060726142068,0.0118769602123507,0.0126520864362397,6.8811493118047,0.891893017775276
4,JFXD,17,V1-R,RT_Pronation_anti_L,0.136205899160639,0.526797238466247,0.663003137626887,0.0077525809397752,0.00826525287575607,6.94328100783495,0.91538944371188
4,JFXD,18,V3-R,RT_Pronation_anti_L,0.229460676088919,0.456168025277811,0.68562870136673,0.00660862958496448,0.00706499896261633,6.94340987941767,0.901826930340286
4,JFXD,19,STS-R,RT_Pronation_anti_L,0.144267253228983,0.493233452324811,0.637500705553794,0.00676393633747237,0.00729053950272037,6.94890355164818,0.908328949181933
4,JFXD,20,IPL-R,RT_Pronation_anti_L,0.820574810366456,0.503242973177591,1.32381778354405,0.0113190223069462,0.0121288908364887,6.86690947906329,0.87743254821211
4,JFXD,21,SPL-R,RT_Pronation_anti_L,0.488823856906756,0.514279288450687,1.00310314535744,0.0106513779923666,0.0114780166119505,6.89293959725569,0.899870780668491
4,JFXD,22,AG-R,RT_Pronation_anti_L,0.414085203442533,0.733371340924029,1.14745654436656,0.00977894981330373,0.0105435509867319,6.89096934800784,0.887598150013949
4,JFXD,23,mIPS-R,RT_Pronation_anti_L,0.794761049960306,0.627705058731391,1.4224661086917,0.0119757326476917,0.0128353239378611,6.85317597140901,0.861874457683638
4,JFXD,24,VIP-R,RT_Pronation_anti_L,0.747401060907725,0.472433805471988,1.21983486637971,0.010811060338136,0.0115689146469914,6.87369814780492,0.883284396516396
4,JFXD,25,SPOC-R,RT_Pronation_anti_L,0.773901348481621,0.367582222406734,1.14148357088835,0.0105099315939012,0.0111543859181174,6.88568054233142,0.872961909851918
4,JFXD,26,S1-R,RT_Pronation_anti_L,0.49935637316887,0.93519553069212,1.43455190386099,0.0127819736005375,0.0136840058919313,6.85467886704752,0.877887039040566
4,JFXD,27,M1-R,RT_Pronation_anti_L,0.87470163295248,0.759477411402798,1.63417904435528,0.0132237424060097,0.0141289053201459,6.83953729991018,0.868955908834579
4,JFXD,28,SMA-R,RT_Pronation_anti_L,0.971879298990082,0.569608332410743,1.54148763140082,0.0131316045390678,0.0140384204606936,6.84772019987836,0.870309593439854
4,JFXD,29,PMd-R,RT_Pronation_anti_L,0.208528522741335,1.17022922639157,1.37875774913291,0.0104736811835755,0.0111542485591085,6.88056641977438,0.88193107510651
4,JFXD,30,PMv-R,RT_Pronation_anti_L,0.0789659190374717,0.825400560734335,0.904366479771807,0.00789265053800122,0.00843566509584824,6.9338345922945,0.903573328620617
4,JFXD,31,FEF-R,RT_Pronation_anti_L,0.423737405667312,0.196198746560677,0.61993615222799,0.00758202227554865,0.00811113795375937,6.94512619004727,0.911089265985283
4,JFXD,32,POJ-R,RT_Pronation_anti_L,0.393081725463713,0.383220066067765,0.776301791531477,0.00833103029222237,0.0088648060131515,6.92835003019156,0.901550410926253
5,JZ,1,V1-L,RT_Pronation_anti_L,0.133928502046091,0.347289933735757,0.481218435781848,0.00500101791997187,0.00542654989368078,6.06340006960799,0.591024003641683
5,JZ,2,V3-L,RT_Pronation_anti_L,0.25683630083382,0.179758540160837,0.436594840994657,0.00470096518720284,0.00510338508152622,6.07075427867933,0.588025415950225
5,JZ,3,STS-L,RT_Pronation_anti_L,0.144658926480925,0.240641704487303,0.385300630968227,0.00451254904399748,0.00489285339937814,6.0777383450016,0.595307433527586
5,JZ,4,IPL-L,RT_Pronation_anti_L,0.31416491692555,0.507834983074325,0.821999899999876,0.00673831155047491,0.00728448300349107,6.02499041652853,0.574138395756369
5,JZ,5,SPL-L,RT_Pronation_anti_L,0.611548357759632,0.288100316171168,0.899648673930801,0.00752296818363941,0.00817368297696304,6.0053049007476,0.575005403830126
5,JZ,6,AG-L,RT_Pronation_anti_L,0.355801576292152,0.401533512221667,0.757335088513819,0.00676802596381841,0.00732443483781313,6.02725495819195,0.575336042776086
5,JZ,7,mIPS-L,RT_Pronation_anti_L,0.707449141084088,0.208166879479452,0.91561602056354,0.00785508276951041,0.00855693346961872,6.00311941202635,0.574449416704379
5,JZ,8,VIP-L,RT_Pronation_anti_L,0.652438298382608,0.226612925701896,0.879051224084504,0.00737801163153595,0.00800021419225073,6.01485408018673,0.574229796106539
5,JZ,9,SPOC-L,RT_Pronation_anti_L,0.630566233967005,0.254748856912348,0.885315090879353,0.0074704157440728,0.00813085932376571,6.00393218609007,0.560215957237756
5,JZ,10,S1-L,RT_Pronation_anti_L,0.458334967243825,0.771532942022092,1.22986790926592,0.00788159988516908,0.00847784215750574,5.99368530964746,0.55918520246927
5,JZ,11,M1-L,RT_Pronation_anti_L,0.153946329599322,0.895330333111246,1.04927666271057,0.00723225918789123,0.00779610018187073,6.0099855911541,0.567930840895366
5,JZ,12,SMA-L,RT_Pronation_anti_L,0.477529464532404,0.20129745015636,0.678826914688764,0.00671813027164456,0.00728505193488076,6.02846948239496,0.581745447883143
5,JZ,13,PMd-L,RT_Pronation_anti_L,0.354820094848473,0.432688104159572,0.787508199008045,0.00669850682149443,0.00725791649961012,6.02798506736018,0.573439448827216
5,JZ,14,PMv-L,RT_Pronation_anti_L,0.0396645280399631,0.453260041982316,0.49292457002228,0.00433831048139661,0.0047032783095017,6.0790114804082,0.59322429631335
5,JZ,15,FEF-L,RT_Pronation_anti_L,0.326481347482864,0.276505204539805,0.602986552022669,0.00569528483017315,0.00612757692426841,6.04693358639088,0.585271312320647
5,JZ,16,POJ-L,RT_Pronation_anti_L,0.202470316566238,0.213577856363391,0.416048172929629,0.00500316267457748,0.00543999319486435,6.06615962710513,0.590994569178143
5,JZ,17,V1-R,RT_Pronation_anti_L,0.116651053892645,0.24406381621607,0.360714870108715,0.00400915273796004,0.00434624940353218,6.08732216553431,0.594399821401158
5,JZ,18,V3-R,RT_Pronation_anti_L,0.236652991106596,0.200137563652982,0.436790554759578,0.00462723402574837,0.00498619476229261,6.07222545006996,0.588787168970041
5,JZ,19,STS-R,RT_Pronation_anti_L,0.191230244013821,0.209206572358738,0.40043681637256,0.00494613163168117,0.00537425334401797,6.06669912971297,0.59336128296194
5,JZ,20,IPL-R,RT_Pronation_anti_L,0.363023708516056,0.211620131360993,0.574643839877048,0.00536373188147442,0.00584246760065729,6.05172193650793,0.58255784367058
5,JZ,21,SPL-R,RT_Pronation_anti_L,0.700817454144602,0.568929101432661,1.26974655557726,0.00903499279166887,0.00974135615622941,5.96344461013486,0.528723923426913
5,JZ,22,AG-R,RT_Pronation_anti_L,0.300257798992589,0.277133485995502,0.577391284988091,0.00607279709292762,0.00663513393740361,6.04388765431094,0.581728630985121
5,JZ,23,mIPS-R,RT_Pronation_anti_L,0.475097010201551,0.623786333305171,1.09888334350672,0.00741782236569908,0.00806297615592355,5.99568293084028,0.545022907149632
5,JZ,24,VIP-R,RT_Pronation_anti_L,0.723501429391817,0.199906289739226,0.923407719131042,0.00689982211239102,0.007528624712421,6.01330810351885,0.56945800113671
5,JZ,25,SPOC-R,RT_Pronation_anti_L,0.584991405845381,0.453411984147512,1.03840338999289,0.00762299373947066,0.00824518351307814,5.99476919780262,0.539737094782858
5,JZ,26,S1-R,RT_Pronation_anti_L,0.268525656260327,0.317536341746863,0.586061998007191,0.00618601832265218,0.00671516740538079,6.04014491844113,0.582856610171636
5,JZ,27,M1-R,RT_Pronation_anti_L,0.148399773238014,0.532043607780565,0.68044338101858,0.00529683514475685,0.00576237541807357,6.05242307276629,0.58192155726373
5,JZ,28,SMA-R,RT_Pronation_anti_L,0.545446003348426,0.185190247317801,0.730636250666227,0.00657054904778303,0.0071103424818665,6.03134068019703,0.572017505174352
5,JZ,29,PMd-R,RT_Pronation_anti_L,0.186378812300463,0.429867714467102,0.616246526767565,0.00573358430922483,0.00618509950766256,6.0479437001647,0.583400976768928
5,JZ,30,PMv-R,RT_Pronation_anti_L,0.0861142940200081,0.178206224269608,0.264320518289617,0.00379454816674494,0.00411744474460826,6.09477489968793,0.603177922963614
5,JZ,31,FEF-R,RT_Pronation_anti_L,0.236672210048126,0.44651538872515,0.683187598773276,0.00600375560693695,0.00648981878660176,6.04144144164375,0.585663339486911
5,JZ,32,POJ-R,RT_Pronation_anti_L,0.349209050117729,0.357173810727629,0.706382860845358,0.00585305303001464,0.00637090011485205,6.04158942000968,0.573474948949718
6,LT,1,V1-L,RT_Pronation_anti_L,0.0926409641871119,0.898289093701646,0.990930057888758,0.00741874963321523,0.00786105494916865,6.60324628884283,0.723774294364639
6,LT,2,V3-L,RT_Pronation_anti_L,0.309852137122475,0.553100978520365,0.862953115642839,0.00849943734750236,0.00903197521645045,6.58809579396256,0.721301815165316
6,LT,3,STS-L,RT_Pronation_anti_L,0.273118629279176,0.57153257491509,0.844651204194266,0.00876589224824895,0.00933147813956542,6.58892697191911,0.71293034616486
6,LT,4,IPL-L,RT_Pronation_anti_L,0.698257725625556,0.7355331890704,1.43379091469596,0.0106571071278216,0.0113199988050569,6.54520591263261,0.702616783785003
6,LT,5,SPL-L,RT_Pronation_anti_L,0.918663176191879,0.278825234883001,1.19748841107488,0.0110312463733557,0.0117686972632701,6.55074315501797,0.712865707088384
6,LT,6,AG-L,RT_Pronation_anti_L,0.820626744257296,0.484139709784227,1.30476645404152,0.0116958908482309,0.0124682008683262,6.5397510907266,0.70825735210531
6,LT,7,mIPS-L,RT_Pronation_anti_L,0.880308937491379,0.328095092020398,1.20840402951178,0.0108562304410928,0.0115816695585471,6.55343734957326,0.713632851686284
6,LT,8,VIP-L,RT_Pronation_anti_L,0.934524338325784,0.675949984283493,1.61047432260928,0.0120657319825452,0.0127949089804142,6.51985505924083,0.68575049311138
6,LT,9,SPOC-L,RT_Pronation_anti_L,0.576495273772044,0.277415725315798,0.853910999087842,0.00846330712898896,0.00904290354685864,6.59045231881393,0.712505483555092
6,LT,10,S1-L,RT_Pronation_anti_L,0.722488912876781,0.785536732522016,1.5080256453988,0.0119096175313196,0.0125813299345268,6.52241708571558,0.678669852978973
6,LT,11,M1-L,RT_Pronation_anti_L,0.570939860506478,0.470249256020776,1.04118911652725,0.00998687377007591,0.0106126772608492,6.56969924238284,0.712153258686776
6,LT,12,SMA-L,RT_Pronation_anti_L,0.511180421834382,0.405022516108236,0.916202937942618,0.00973874471110564,0.0103471677522574,6.5774005698621,0.716038393608157
6,LT,13,PMd-L,RT_Pronation_anti_L,0.381955172933373,0.2440359987145,0.625991171647873,0.0068915230025882,0.00732273329678221,6.62329156467502,0.72547164618499
6,LT,14,PMv-L,RT_Pronation_anti_L,0.136422713367522,1.6029148159319,1.73933752929942,0.0104834493271959,0.0111284063215367,6.53083922168642,0.696688541127955
6,LT,15,FEF-L,RT_Pronation_anti_L,0.265545356575213,0.524109525599247,0.78965488217446,0.00814436084181958,0.00865144498121641,6.60091737713986,0.725334431646612
6,LT,16,POJ-L,RT_Pronation_anti_L,0.407922353124052,0.356949649144297,0.764872002268349,0.0080549590567578,0.00854562351592425,6.59678834017375,0.721700353094828
6,LT,17,V1-R,RT_Pronation_anti_L,0.107542890695661,0.436161409997725,0.543704300693386,0.00644959666776521,0.00688470996142107,6.63220730322276,0.740182283338023
6,LT,18,V3-R,RT_Pronation_anti_L,0.165481797537857,0.469586050626734,0.63506784816459,0.00719485896697385,0.00764252977870765,6.6189109362469,0.734973702868402
6,LT,19,STS-R,RT_Pronation_anti_L,0.110845979512017,0.50764651791091,0.618492497422927,0.00595798788391464,0.00631190233354523,6.63380044063607,0.732809001407045
6,LT,20,IPL-R,RT_Pronation_anti_L,0.920750890434947,0.289993492762577,1.21074438319752,0.0104520147176271,0.011160740530286,6.55418321458289,0.71463843954701
6,LT,21,SPL-R,RT_Pronation_anti_L,0.692391378957592,0.419660198412305,1.1120515773699,0.0103626065991344,0.0110459602062755,6.55599091082202,0.711104500820574
6,LT,22,AG-R,RT_Pronation_anti_L,0.564838553779943,0.229671436581833,0.794509990361775,0.00829551088473903,0.00885122543770265,6.59735890977253,0.727248409233866
6,LT,23,mIPS-R,RT_Pronation_anti_L,0.798619287373528,0.283035901690684,1.08165518906421,0.00964671613394615,0.010281992862913,6.56772627880895,0.713633238240878
6,LT,24,VIP-R,RT_Pronation_anti_L,0.671499700691267,0.378213841388687,1.04971354207995,0.00934851213746504,0.00999869779780067,6.57079040744808,0.719760208570321
6,LT,25,SPOC-R,RT_Pronation_anti_L,0.661884512838868,0.423385713636352,1.08527022647522,0.0110799802478536,0.0117771702417026,6.55416937339189,0.710848494498215
6,LT,26,S1-R,RT_Pronation_anti_L,0.721305778365052,0.323568399413135,1.04487417777819,0.00953906779549511,0.0101376691422927,6.56904775145178,0.710180085782275
6,LT,27,M1-R,RT_Pronation_anti_L,0.371224428565599,0.420642414834585,0.791866843400184,0.0089591999380814,0.00956323844350466,6.59003671304676,0.728074000282742
6,LT,28,SMA-R,RT_Pronation_anti_L,0.435415725083349,0.398636313272382,0.834052038355732,0.00940182344900679,0.00998281077314478,6.58344108404685,0.725567291655199
6,LT,29,PMd-R,RT_Pronation_anti_L,0.0956896472399449,0.592412374385766,0.688102021625711,0.00635327989324244,0.0067490279106653,6.62813115003158,0.731903208246643
6,LT,30,PMv-R,RT_Pronation_anti_L,0.141382678385152,0.404701680566634,0.546084358951786,0.00608165721437345,0.0064590003714989,6.6332979394153,0.733561392855504
6,LT,31,FEF-R,RT_Pronation_anti_L,0.238789931991669,0.32345733612468,0.56224726811635,0.0068426608123844,0.00729601972068302,6.62558525066818,0.732427654822967
6,LT,32,POJ-R,RT_Pronation_anti_L,0.46114837260879,0.567281113391358,1.02842948600015,0.0108041819009813,0.0115073699121704,6.55764982915771,0.715276357834763
7,NvA,1,V1-L,RT_Pronation_anti_L,0.124111397797389,0.300576292893148,0.424687690690537,0.00499834808735658,0.00544579967791295,6.06387814501125,0.592384731961031
7,NvA,2,V3-L,RT_Pronation_anti_L,0.158234123009418,0.230112467595886,0.388346590605304,0.00446207844334369,0.0048174014725356,6.07211651605573,0.590098196593749
7,NvA,3,STS-L,RT_Pronation_anti_L,0.079001969011054,0.279245333320184,0.358247302331238,0.00421978870164866,0.00460775174410811,6.07822596414372,0.592626186452002
7,NvA,4,IPL-L,RT_Pronation_anti_L,0.354777168792771,0.21614758803728,0.570924756830051,0.00618605257699759,0.00673047665821787,6.037742025448,0.586787892660353
7,NvA,5,SPL-L,RT_Pronation_anti_L,0.444533217318106,0.32606336318049,0.770596580498596,0.00670299853280098,0.00725618011720017,6.02061677106014,0.571545111600577
7,NvA,6,AG-L,RT_Pronation_anti_L,0.51934640014184,0.302804872759704,0.822151272901545,0.00761919465454243,0.00828388539831157,6.00631132820264,0.569853246253567
7,NvA,7,mIPS-L,RT_Pronation_anti_L,0.520387150167342,0.242586048417465,0.762973198584807,0.00726957188938211,0.00794733630458599,6.01061023573476,0.577783877506029
7,NvA,8,VIP-L,RT_Pronation_anti_L,0.514744880886588,0.21930524270375,0.734050123590337,0.00631262424103159,0.00682183195019199,6.02154655280687,0.563343799445266
7,NvA,9,SPOC-L,RT_Pronation_anti_L,0.528062928806251,0.470723532350091,0.998786461156342,0.00914695630494822,0.00996303576705117,5.97471148874953,0.564341384673904
7,NvA,10,S1-L,RT_Pronation_anti_L,0.564053123192556,0.295244789787117,0.859297912979674,0.00709660223935502,0.00771932124315881,6.01025715324219,0.572048072351936
7,NvA,11,M1-L,RT_Pronation_anti_L,0.179880442484148,0.324754042486868,0.504634484971016,0.00496731316029418,0.00539932799274276,6.05989249324008,0.589582214320402
7,NvA,12,SMA-L,RT_Pronation_anti_L,0.221569191232314,0.491389950916007,0.712959142148321,0.00661257902537507,0.00716867445205095,6.02094498545806,0.573720693023403
7,NvA,13,PMd-L,RT_Pronation_anti_L,0.217125618605106,0.254559299946242,0.471684918551347,0.00504171324927923,0.00545846798332644,6.0586923576562,0.583555390731942
7,NvA,14,PMv-L,RT_Pronation_anti_L,0.109407032248254,0.114746544596674,0.224153576844928,0.00289605203208777,0.00314316472241771,6.11061951882469,0.599556284093949
7,NvA,15,FEF-L,RT_Pronation_anti_L,0.234080657820795,0.206252361879074,0.440333019699869,0.00528787649001413,0.00575677536708213,6.05543256768051,0.590990404457429
7,NvA,16,POJ-L,RT_Pronation_anti_L,0.232906409974176,0.436943162705297,0.669849572679473,0.00576215772307045,0.0062302624547569,6.03501505737887,0.575550437978359
7,NvA,17,V1-R,RT_Pronation_anti_L,0.205279978280051,0.28762569479333,0.492905673073381,0.00520086223571762,0.00564628129244041,6.05743543795267,0.58271364349861
7,NvA,18,V3-R,RT_Pronation_anti_L,0.410975875852764,0.435512141055932,0.846488016908695,0.00743611649538259,0.0080606081789001,6.00662498492313,0.562484556729139
7,NvA,19,STS-R,RT_Pronation_anti_L,0.207456305435818,0.244162005233021,0.451618310668839,0.00499723677047703,0.00549194837588376,6.06080380923186,0.58841406423908
7,NvA,20,IPL-R,RT_Pronation_anti_L,0.488723495514723,0.563127584078728,1.05185107959345,0.00819081622625999,0.00891624703554748,5.98415405337898,0.552767629919951
7,NvA,21,SPL-R,RT_Pronation_anti_L,0.691758344417591,0.347897139563761,1.03965548398135,0.00668228821899032,0.00717465000808925,6.00129081886908,0.546237940332707
7,NvA,22,AG-R,RT_Pronation_anti_L,0.423229135667055,0.539766282588494,0.962995418255549,0.00722657685859429,0.00781507965049744,5.99472869812885,0.553904275343681
7,NvA,23,mIPS-R,RT_Pronation_anti_L,0.619602618714352,0.344925969807031,0.964528588521383,0.00783431802393033,0.00851284478791135,5.99690269686636,0.565160063695671
7,NvA,24,VIP-R,RT_Pronation_anti_L,0.365955610428784,0.601735690836084,0.967691301264867,0.00793313826889495,0.00865335735862298,6.00176326021159,0.568995827145384
7,NvA,25,SPOC-R,RT_Pronation_anti_L,0.481007063524267,0.718964478498945,1.19997154202321,0.00878331716501414,0.00963457817338099,5.96843218673023,0.555616455620118
7,NvA,26,S1-R,RT_Pronation_anti_L,0.236446208050205,0.402917351689214,0.639363559739419,0.00604730966599271,0.00658019108235515,6.03690098066862,0.577819810553339
7,NvA,27,M1-R,RT_Pronation_anti_L,0.629100619216276,0.253523281461898,0.882623900678175,0.00757826192675409,0.00824245387529057,6.00505816502989,0.570449308030508
7,NvA,28,SMA-R,RT_Pronation_anti_L,0.226733848339109,0.385340300200135,0.612074148539243,0.00594419701220272,0.00643288223902167,6.03487121283731,0.581840380055276
7,NvA,29,PMd-R,RT_Pronation_anti_L,0.155282869651418,0.316035867206141,0.471318736857559,0.00491318878183908,0.00533575306820177,6.06422509701934,0.589612553068797
7,NvA,30,PMv-R,RT_Pronation_anti_L,0.055601966046583,0.2351990040224,0.290800970068983,0.00329929182103059,0.00358770968482124,6.10007778929295,0.594413082545283
7,NvA,31,FEF-R,RT_Pronation_anti_L,0.396300018617198,0.105047548514334,0.501347567131532,0.00483630964532336,0.0052911518100342,6.06189858577442,0.590673115829613
7,NvA,32,POJ-R,RT_Pronation_anti_L,0.374244017878219,0.476684453997797,0.850928471876016,0.00672756746318385,0.00732495661662417,6.01091049614088,0.554064675832845
8,RR,1,V1-L,RT_Pronation_anti_L,0.246688948127982,0.580141123029641,0.826830071157624,0.00851258012062782,0.00916818672262115,6.57352238688542,0.762499791799463
8,RR,2,V3-L,RT_Pronation_anti_L,0.191063912491204,0.615066437159164,0.806130349650368,0.0078880648911183,0.00849062160445481,6.581803514623,0.771324736866044
8,RR,3,STS-L,RT_Pronation_anti_L,0.16966795297834,0.154850279641449,0.324518232619789,0.00460570776709,0.00496380661745752,6.65062720985343,0.790426856154367
8,RR,4,IPL-L,RT_Pronation_anti_L,0.827305884032582,0.299890257970227,1.12719614200281,0.0100613747059597,0.0108430570093207,6.54654575240402,0.759754869667202
8,RR,5,SPL-L,RT_Pronation_anti_L,0.921280518804738,0.418497363758749,1.33977788256349,0.01105730326792,0.0119023769526552,6.52410369537539,0.742743175232205
8,RR,6,AG-L,RT_Pronation_anti_L,0.614144972372623,0.556199001180741,1.17034397355336,0.0103309249873581,0.0111708576762654,6.5323131912456,0.743552728376805
8,RR,7,mIPS-L,RT_Pronation_anti_L,0.728483011779946,0.350517200777792,1.07900021255774,0.0100918952087039,0.0108616332588462,6.547994992201,0.761205930264358
8,RR,8,VIP-L,RT_Pronation_anti_L,0.674747261691459,0.262997180270774,0.937744441962233,0.00785123644906913,0.00845810056393853,6.57553406502643,0.760173098615792
8,RR,9,SPOC-L,RT_Pronation_anti_L,0.945094940526644,0.227321689912911,1.17241663043956,0.0102160798848964,0.0110307419501632,6.54989215776939,0.761958939165744
8,RR,10,S1-L,RT_Pronation_anti_L,0.323857945935058,0.482644876993306,0.806502822928364,0.00864460301579581,0.00929211710092091,6.57922967472863,0.769125273454888
8,RR,11,M1-L,RT_Pronation_anti_L,0.443340894779589,0.40414978169868,0.847490676478268,0.00793318570925313,0.00852455705335433,6.58594613530926,0.768822975179199
8,RR,12,SMA-L,RT_Pronation_anti_L,0.735258943058012,0.303414725527137,1.03867366858515,0.00980891224585555,0.0105462229151651,6.54932620562961,0.760853402029081
8,RR,13,PMd-L,RT_Pronation_anti_L,0.433225743509737,0.777238596963367,1.2104643404731,0.0104882760837653,0.0113048109223994,6.5379115898212,0.748953683925794
8,RR,14,PMv-L,RT_Pronation_anti_L,0.132941207784217,0.753809999141688,0.886751206925906,0.0070790026318609,0.00764600357162898,6.58980878376928,0.770562141828733
8,RR,15,FEF-L,RT_Pronation_anti_L,0.4451210639998,0.411793649582679,0.856914713582479,0.0090546675023463,0.00980328728401379,6.57042889726112,0.774405620314793
8,RR,16,POJ-L,RT_Pronation_anti_L,0.628520902424167,0.863347065516511,1.49186796794068,0.0116588486093968,0.0125938958189752,6.5075555997588,0.728828538393392
8,RR,17,V1-R,RT_Pronation_anti_L,0.256614301577635,0.445682623928297,0.702296925505933,0.00783411758925983,0.00847414208454195,6.58946059964402,0.772062697065218
8,RR,18,V3-R,RT_Pronation_anti_L,0.20204209818167,0.395623021180922,0.597665119362593,0.00640779127443667,0.0068548606611986,6.60922962977295,0.774712722075474
8,RR,19,STS-R,RT_Pronation_anti_L,0.153222560016195,0.447023862987732,0.600246423003927,0.00656071890516553,0.00707730825425812,6.61139868201249,0.780017872933529
8,RR,20,IPL-R,RT_Pronation_anti_L,0.381731997924757,0.364894996275854,0.746626994200611,0.00817706567204532,0.00878797483525079,6.5847156040893,0.7681060743853
8,RR,21,SPL-R,RT_Pronation_anti_L,0.585134108492656,0.551535041811675,1.13666915030433,0.0102216912994237,0.0109874795023581,6.5411776739702,0.747127708261164
8,RR,22,AG-R,RT_Pronation_anti_L,0.391121144662366,0.298272290513568,0.689393435175934,0.00718697260222621,0.00775075882331501,6.59716574570979,0.777070700295158
8,RR,23,mIPS-R,RT_Pronation_anti_L,0.292450289652117,0.537833544654827,0.830283834306944,0.00848177867356082,0.00911163599438897,6.57633448062522,0.771218621662796
8,RR,24,VIP-R,RT_Pronation_anti_L,0.678449094604176,0.481176012291192,1.15962510689537,0.010568328341384,0.0114066579085069,6.53771297403423,0.73928543914218
8,RR,25,SPOC-R,RT_Pronation_anti_L,0.680259828990023,0.424568229720346,1.10482805871037,0.0109331614621029,0.011790882663386,6.536693342194,0.754496378881923
8,RR,26,S1-R,RT_Pronation_anti_L,0.386580074965427,0.83268803911786,1.21926811408329,0.0108961837556884,0.0116863566928658,6.53383754327592,0.739556837681973
8,RR,27,M1-R,RT_Pronation_anti_L,0.402789013004938,0.358094496147681,0.760883509152619,0.0081713133732499,0.00879186862796882,6.58598085173934,0.774789615505002
8,RR,28,SMA-R,RT_Pronation_anti_L,0.656769493553985,0.542129115015128,1.19889860856911,0.0113457071989752,0.0122317438880425,6.53124016827642,0.757804557813643
8,RR,29,PMd-R,RT_Pronation_anti_L,0.499653766000101,0.661204560397352,1.16085832639745,0.0115003401587038,0.0123849322091536,6.53327515685721,0.762168841229392
8,RR,30,PMv-R,RT_Pronation_anti_L,0.23551905040816,0.414074246558889,0.64959329696705,0.0068225164841218,0.00734209823181743,6.60493122462582,0.776806649857618
8,RR,31,FEF-R,RT_Pronation_anti_L,0.619220374734125,0.389447675518506,1.00866805025263,0.00922925956776652,0.0099037447029348,6.55766403756343,0.759567359511129
8,RR,32,POJ-R,RT_Pronation_anti_L,0.283802682460823,0.559976998280606,0.843779680741429,0.00834399303076251,0.00897980785573529,6.57930370914849,0.767030194011479
9,SJB,1,V1-L,RT_Pronation_anti_L,0.169172672890814,0.508998592985118,0.678171265875932,0.00623736735755406,0.00675820136847695,6.45197562566904,0.7351031003807
9,SJB,2,V3-L,RT_Pronation_anti_L,0.29972964496502,0.550129247663661,0.849858892628681,0.00779459296257896,0.00842582050485963,6.42033223237555,0.71864313367593
9,SJB,3,STS-L,RT_Pronation_anti_L,0.100427333950973,0.377497386439562,0.477924720390536,0.00483274027293387,0.00526443649708355,6.48308894490398,0.742780563944303
9,SJB,4,IPL-L,RT_Pronation_anti_L,0.437907621149797,0.640577005298696,1.07848462644849,0.00860409698044604,0.00935329171374978,6.3905841811494,0.716471282188823
9,SJB,5,SPL-L,RT_Pronation_anti_L,0.919978576022869,0.511386684828246,1.43136526085111,0.0120020320936253,0.0130687588120526,6.35269589033846,0.701055042871272
9,SJB,6,AG-L,RT_Pronation_anti_L,0.475000624798004,0.701585557937165,1.17658618273517,0.00967232661911477,0.0105164724399759,6.37706497527119,0.720378021134642
9,SJB,7,mIPS-L,RT_Pronation_anti_L,0.729934902698458,0.502983160723023,1.23291806342148,0.0108568512019252,0.0118143893765243,6.37364297306932,0.706140647455933
9,SJB,8,VIP-L,RT_Pronation_anti_L,0.563393117767541,0.328947924545996,0.892341042313537,0.00815162939696281,0.00882977713524476,6.41504549006907,0.725428522036614
9,SJB,9,SPOC-L,RT_Pronation_anti_L,0.611567614153596,0.397056148999502,1.0086237631531,0.00937198686244289,0.0100899678214761,6.39848566732231,0.715397043066357
9,SJB,10,S1-L,RT_Pronation_anti_L,0.713748954575282,0.337297890625716,1.051046845201,0.0082985001719848,0.00897027686973493,6.40182961540893,0.722095976777587
9,SJB,11,M1-L,RT_Pronation_anti_L,0.577015713736746,0.564485648504718,1.14150136224146,0.010159392919673,0.0110546770085674,6.3826023620293,0.715767184659464
9,SJB,12,SMA-L,RT_Pronation_anti_L,0.685531341455704,0.31676451945455,1.00229586091025,0.0090838863528204,0.00990652980730339,6.39896065014741,0.719903776209838
9,SJB,13,PMd-L,RT_Pronation_anti_L,0.335326247296052,0.509025175350066,0.844351422646118,0.00784831535311894,0.00850521275828608,6.42270129910443,0.733786131507293
9,SJB,14,PMv-L,RT_Pronation_anti_L,0.0738359754264902,0.208215348581465,0.282051324007955,0.00368256865091204,0.00398279943807195,6.51012710212303,0.752520912303147
9,SJB,15,FEF-L,RT_Pronation_anti_L,0.237469319178149,0.315745044812081,0.55321436399023,0.00696195707111204,0.00758305907381971,6.44775133837834,0.746701023557791
9,SJB,16,POJ-L,RT_Pronation_anti_L,0.525461395397154,0.556945874673244,1.0824072700704,0.0106487546168777,0.0115661727828341,6.38545769566305,0.723845519307001
9,SJB,17,V1-R,RT_Pronation_anti_L,0.294642010071791,0.438098148131416,0.732740158203207,0.00777903439394697,0.00847521114868564,6.43172235344775,0.738444339355918
9,SJB,18,V3-R,RT_Pronation_anti_L,0.422043006972513,0.430314924442421,0.852357931414934,0.00852180705396839,0.0092272434859396,6.41500075207049,0.723545245739383
9,SJB,19,STS-R,RT_Pronation_anti_L,0.0881802852847625,0.378320169695874,0.466500454980636,0.0059018096638478,0.00641536070156689,6.47091014711709,0.753517920421161
9,SJB,20,IPL-R,RT_Pronation_anti_L,0.489993139545467,0.20370876717822,0.693701906723688,0.00646700831830106,0.00702339946839843,6.43919029053947,0.729352218558553
9,SJB,21,SPL-R,RT_Pronation_anti_L,0.396661710113205,0.534679624936903,0.931341335050109,0.00910332551355256,0.00984477541628872,6.40136537126488,0.721179021174622
9,SJB,22,AG-R,RT_Pronation_anti_L,0.492838767003698,0.371225659071743,0.86406442607544,0.00860994325990865,0.00932673570745113,6.41554952804389,0.724161889625982
9,SJB,23,mIPS-R,RT_Pronation_anti_L,0.432311974112161,0.483479188165485,0.915791162277646,0.00922278396406429,0.0100644873204392,6.40202156833773,0.721260164940008
9,SJB,24,VIP-R,RT_Pronation_anti_L,0.466796416231302,0.441666855838007,0.908463272069309,0.00844212026195463,0.00914995432370358,6.41510131715271,0.72303549450417
9,SJB,25,SPOC-R,RT_Pronation_anti_L,0.715012988596901,0.595395604857288,1.31040859345419,0.0101791548425929,0.0109439820008999,6.37115956985602,0.696138348967497
9,SJB,26,S1-R,RT_Pronation_anti_L,0.599134261580502,0.59942059376591,1.19855485534641,0.00853013862869935,0.00919316901369091,6.3942331921089,0.702394994377188
9,SJB,27,M1-R,RT_Pronation_anti_L,0.280785384514273,0.573425363421562,0.854210747935836,0.00742688863505641,0.00806238673381347,6.42246208814491,0.724471571271614
9,SJB,28,SMA-R,RT_Pronation_anti_L,0.751253800600616,0.320521347220288,1.0717751478209,0.00997838858598248,0.0108686558283196,6.38626972556735,0.72415028826104
9,SJB,29,PMd-R,RT_Pronation_anti_L,0.267250819561568,0.267895423680968,0.535146243242536,0.00598348041078365,0.00650229663937958,6.45715042024986,0.739373185431821
9,SJB,30,PMv-R,RT_Pronation_anti_L,0.0677450648918276,0.26266667813077,0.330411743022598,0.00383883595505824,0.0041908638488015,6.50613157398713,0.752766702310117
9,SJB,31,FEF-R,RT_Pronation_anti_L,0.302800232927816,0.201074513145971,0.503874746073787,0.0054964888933734,0.00597297448461154,6.46909589321257,0.742916947931903
9,SJB,32,POJ-R,RT_Pronation_anti_L,0.486814648201147,0.580231492566564,1.06704614076771,0.0104576905323877,0.011401322073624,6.38885422279586,0.719775999317179
10,BG,1,V1-L,RT_Pronation_anti_L,0.0414406274541899,0.24354098095864,0.28498160841283,0.00347095580900354,0.00372870819752858,6.1288788207535,0.590874778113599
10,BG,2,V3-L,RT_Pronation_anti_L,0.131352017290369,0.195091678028999,0.326443695319368,0.00400188058084775,0.00429986854697815,6.11305870157411,0.585261753069776
10,BG,3,STS-L,RT_Pronation_anti_L,0.0917856903442645,0.99257352388571,1.08435921422997,0.00563726651788848,0.00597938058163257,6.0511849892103,0.560376615760277
10,BG,4,IPL-L,RT_Pronation_anti_L,0.362724213167713,0.360155325417727,0.72287953858544,0.00713519272415366,0.00770411929050599,6.04623116786761,0.561613636994856
10,BG,5,SPL-L,RT_Pronation_anti_L,0.949608935449802,0.29214683577744,1.24175577122724,0.00905990615206996,0.00976334805955647,5.99747975480906,0.555916072716795
10,BG,6,AG-L,RT_Pronation_anti_L,0.447429626077541,0.281993407200566,0.729423033278107,0.00734384623808752,0.00790321356563299,6.04286813251516,0.572509911231526
10,BG,7,mIPS-L,RT_Pronation_anti_L,0.693174875065703,0.450558149664599,1.1437330247303,0.00883980528948603,0.00948678397967462,6.00749166104711,0.552456577505043
10,BG,8,VIP-L,RT_Pronation_anti_L,0.664279905982836,0.222431339871338,0.886711245854174,0.00768881458280112,0.00832437060950365,6.03137789089821,0.565811529060615
10,BG,9,SPOC-L,RT_Pronation_anti_L,0.218733091877123,0.384476535598859,0.603209627475982,0.006185321346888,0.00667539949447323,6.06515989804709,0.571966159624347
10,BG,10,S1-L,RT_Pronation_anti_L,0.755119023431391,0.278733230800464,1.03385225423186,0.00801163770628984,0.00864753989785981,6.02433568272645,0.5514906008766
10,BG,11,M1-L,RT_Pronation_anti_L,0.45804249315744,0.382199005880539,0.840241499037979,0.00727714281447921,0.00784200872277103,6.04098556765366,0.566538817869747
10,BG,12,SMA-L,RT_Pronation_anti_L,0.329204991108198,0.385126456501823,0.714331447610021,0.00707951931747559,0.00761244143592438,6.0509909613172,0.56415456072967
10,BG,13,PMd-L,RT_Pronation_anti_L,0.113742771853587,0.521845128988649,0.635587900842235,0.00465090978980821,0.00498021168710512,6.08556081008183,0.567849064774675
10,BG,14,PMv-L,RT_Pronation_anti_L,0.0590351331164415,0.164653767860461,0.223688900976902,0.00281420446098999,0.00299816492183462,6.1424903273639,0.591922802667559
10,BG,15,FEF-L,RT_Pronation_anti_L,0.211656389049985,0.28473525110893,0.496391640158915,0.00520684942986751,0.00563054747073023,6.08137510713728,0.579972115268074
10,BG,16,POJ-L,RT_Pronation_anti_L,0.158289627717358,0.306856754005674,0.465146381723032,0.00511103002785924,0.0054853695961584,6.09134291061273,0.58015083111092
10,BG,17,V1-R,RT_Pronation_anti_L,0.0988123709745481,0.185660596411197,0.284472967385745,0.00389176402115259,0.00421581489267152,6.11649912562505,0.588492731242671
10,BG,18,V3-R,RT_Pronation_anti_L,0.236575127377771,0.223468470745151,0.460043598122922,0.00526225471144295,0.00566458072491104,6.08531655498735,0.577961856684227
10,BG,19,STS-R,RT_Pronation_anti_L,0.155670084775067,0.281897175579866,0.437567260354933,0.00494758369068013,0.00532324028174514,6.09361170519725,0.583593146564273
10,BG,20,IPL-R,RT_Pronation_anti_L,0.660528163678579,0.42687560099259,1.08740376467117,0.00838662608605633,0.00905875693559281,6.01222267039236,0.551935229212376
10,BG,21,SPL-R,RT_Pronation_anti_L,0.638762182935159,0.235706475070415,0.874468658005574,0.0070526077848793,0.00756957274937998,6.03991125471784,0.553061016307463
10,BG,22,AG-R,RT_Pronation_anti_L,0.439983651987307,0.216210087322675,0.656193739309982,0.00583947468477976,0.00628375597970613,6.07034722438916,0.567121361976563
10,BG,23,mIPS-R,RT_Pronation_anti_L,0.684786558376367,0.185547557481034,0.870334115857401,0.00625472213580644,0.00674982479204826,6.04977463805909,0.559988306242228
10,BG,24,VIP-R,RT_Pronation_anti_L,0.539903618562123,0.486663612200681,1.0265672307628,0.0091451654699321,0.00986288172951485,6.00923386733225,0.560634026928658
10,BG,25,SPOC-R,RT_Pronation_anti_L,0.376958231290179,0.644396603693881,1.02135483498406,0.00767268172803226,0.00822998861322335,6.02301703784261,0.556940597623006
10,BG,26,S1-R,RT_Pronation_anti_L,0.249209751195487,0.497458677819791,0.746668429015279,0.00698503478912754,0.00752447385562666,6.05283018843503,0.565037723274101
10,BG,27,M1-R,RT_Pronation_anti_L,0.513394686861462,0.731405980948225,1.24480066780969,0.00797559745143356,0.00853902745468241,6.01133472352917,0.527265920057198
10,BG,28,SMA-R,RT_Pronation_anti_L,0.320377761259307,0.320077776434435,0.640455537693742,0.00681327429442397,0.0073532118492991,6.05710080282319,0.573900096667165
10,BG,29,PMd-R,RT_Pronation_anti_L,0.109853559030725,0.709661207400521,0.819514766431246,0.00561300208420877,0.00604011864427747,6.06762455270323,0.564948075204213
10,BG,30,PMv-R,RT_Pronation_anti_L,0.116516780201331,0.357225729502704,0.473742509704035,0.00452137614100783,0.00485263263695731,6.09740376344288,0.579341517041448
10,BG,31,FEF-R,RT_Pronation_anti_L,0.514786241060227,0.164794155870239,0.679580396930466,0.00567796560072223,0.00618803106236055,6.07162983101231,0.570800720825441
10,BG,32,POJ-R,RT_Pronation_anti_L,0.413345467943125,0.340916570628881,0.754262038572006,0.00611306069773452,0.00655247793174516,6.05879821492152,0.563420827934706
1,DOC,1,V1-L,RT_Pronation_anti_R,0.201316675489258,0.337093040059921,0.538409715549179,0.00588893846374374,0.0063679608681081,6.1643059499304,0.60088031380918
1,DOC,2,V3-L,RT_Pronation_anti_R,0.349087331110565,0.463667523369289,0.812754854479854,0.00660896841488989,0.00711209736950542,6.13910367260394,0.587136495137365
1,DOC,3,STS-L,RT_Pronation_anti_R,0.042708329964695,0.175489229637623,0.218197559602318,0.00307104134124062,0.00334550952771593,6.22954127852187,0.619111124082094
1,DOC,4,IPL-L,RT_Pronation_anti_R,0.434293632366789,0.64806725332169,1.08236088568848,0.00780670843639891,0.00842710506860067,6.11424477534908,0.578867844855297
1,DOC,5,SPL-L,RT_Pronation_anti_R,0.387373686671145,0.312270382132126,0.699644068803271,0.00738182104238187,0.00802494220501677,6.13726662081212,0.595241789139207
1,DOC,6,AG-L,RT_Pronation_anti_R,0.542976585868208,0.422260290438561,0.96523687630677,0.00923888670899487,0.0100096558609963,6.10080495786513,0.579570911429926
1,DOC,7,mIPS-L,RT_Pronation_anti_R,0.730621320467286,0.232691867773408,0.963313188240694,0.00863718554723473,0.00938500353233543,6.11105509571265,0.5866299166263
1,DOC,8,VIP-L,RT_Pronation_anti_R,0.940274983453433,0.393168207253458,1.33344319070689,0.00922070056034049,0.00992468360769785,6.07824944649371,0.565690743696228
1,DOC,9,SPOC-L,RT_Pronation_anti_R,0.36386683815417,0.228176754699864,0.592043592854034,0.00598917105488976,0.00646874671390978,6.16298923270097,0.596354250439697
1,DOC,10,S1-L,RT_Pronation_anti_R,0.696075253750102,0.571283359661916,1.26735861341202,0.00894697226508002,0.00967289073374109,6.08144532373089,0.550811815559841
1,DOC,11,M1-L,RT_Pronation_anti_R,0.396537703743995,0.545991742860987,0.942529446604982,0.00823181071076821,0.00896262192364309,6.11249879963839,0.585157414512628
1,DOC,12,SMA-L,RT_Pronation_anti_R,0.371491304415067,0.411845944159057,0.783337248574124,0.00721283679243242,0.00779623339746478,6.13315732724284,0.594137653116924
1,DOC,13,PMd-L,RT_Pronation_anti_R,0.156957681723253,0.296532297617099,0.453489979340352,0.00507452540164967,0.00549500019912787,6.18256686670373,0.606237281967714
1,DOC,14,PMv-L,RT_Pronation_anti_R,0.0816142358868981,0.310147595035213,0.391761830922111,0.00433350029587485,0.00467859026443028,6.19822125834307,0.607404404734562
1,DOC,15,FEF-L,RT_Pronation_anti_R,0.223284967808847,0.239519082861308,0.462804050670154,0.0051295606553522,0.0055681395063528,6.17607697508636,0.599569922870318
1,DOC,16,POJ-L,RT_Pronation_anti_R,0.186007174136959,0.473654866628272,0.659662040765231,0.00684209238017525,0.00740090079691438,6.1475950309233,0.600853846048154
1,DOC,17,V1-R,RT_Pronation_anti_R,0.168664256545148,0.393073233398882,0.561737489944029,0.00583435300944828,0.00631543136162814,6.16725305200867,0.606029700192508
1,DOC,18,V3-R,RT_Pronation_anti_R,0.328232822294483,0.243813659596583,0.572046481891066,0.00567812165515187,0.00616449054412303,6.16213790985862,0.60036207404212
1,DOC,19,STS-R,RT_Pronation_anti_R,0.198249823238991,0.196197448506302,0.394447271745293,0.00480034035618978,0.00524143192034481,6.18647724508313,0.607902001253323
1,DOC,20,IPL-R,RT_Pronation_anti_R,0.236955911272041,0.359040720464016,0.595996631736057,0.00593943495160441,0.00647144318264346,6.15717968755049,0.598249885139317
1,DOC,21,SPL-R,RT_Pronation_anti_R,0.436546613385792,0.689634680394374,1.12618129378017,0.00878402412670574,0.00948000917332053,6.10229575974814,0.578170400147941
1,DOC,22,AG-R,RT_Pronation_anti_R,0.680597490382925,0.185645432389641,0.866242922772566,0.0074538565347899,0.00806317490103048,6.13290427521914,0.590485400933902
1,DOC,23,mIPS-R,RT_Pronation_anti_R,0.823075143605947,0.306743571391059,1.12981871499701,0.00875396172900842,0.00944821124902753,6.10426604228011,0.576982275276604
1,DOC,24,VIP-R,RT_Pronation_anti_R,0.291238825018292,0.623894225362018,0.915133050380311,0.00766665232762629,0.00834515201504411,6.12219654362466,0.585154755106458
1,DOC,25,SPOC-R,RT_Pronation_anti_R,0.624141980316353,0.415906629304445,1.0400486096208,0.00856762994674884,0.0092622578335299,6.10909510652612,0.578986215822249
1,DOC,26,S1-R,RT_Pronation_anti_R,0.352503578566353,0.227865094170045,0.580368672736397,0.00602380800459914,0.00653324636537277,6.15856400959419,0.601773763402306
1,DOC,27,M1-R,RT_Pronation_anti_R,0.430241278624456,0.319050402068795,0.749291680693251,0.00658224679841296,0.00714004941979681,6.14409656225703,0.595648226872746
1,DOC,28,SMA-R,RT_Pronation_anti_R,0.249331521681104,0.41049207039338,0.659823592074484,0.00659489363021567,0.00716609494734821,6.14884730465839,0.600883259441928
1,DOC,29,PMd-R,RT_Pronation_anti_R,0.10633129140415,0.549422896414454,0.655754187818604,0.00545107795409162,0.00590454036193041,6.16502986002353,0.600147098810649
1,DOC,30,PMv-R,RT_Pronation_anti_R,0.059198502410965,0.348794317739587,0.407992820150552,0.00414999782261888,0.00448870671540365,6.1992560258811,0.609188163979194
1,DOC,31,FEF-R,RT_Pronation_anti_R,0.341838157999731,0.259398884445383,0.601237042445114,0.00596503034309179,0.0065085941435782,6.15633192820551,0.60440227804991
1,DOC,32,POJ-R,RT_Pronation_anti_R,0.562222668928285,0.403024867136929,0.965247536065214,0.00812324653105946,0.00878390152526834,6.11968005017857,0.5837671264134
2,GB,1,V1-L,RT_Pronation_anti_R,0.220157537497707,0.265256942781351,0.485414480279057,0.00471973863590936,0.00518213800969993,6.06111010225325,0.609910873488653
2,GB,2,V3-L,RT_Pronation_anti_R,0.427093925811961,0.414922548189217,0.842016474001178,0.0071818071033385,0.0078213085974404,6.00427633797118,0.583453433311782
2,GB,3,STS-L,RT_Pronation_anti_R,0.117794753787703,0.222189165387064,0.339983919174767,0.00404138569993626,0.00439848226494396,6.08007522118371,0.613702063425998
2,GB,4,IPL-L,RT_Pronation_anti_R,0.435166966139578,0.333331091653198,0.768498057792776,0.00685903010976572,0.00745452748730701,6.01797251442223,0.591490371996846
2,GB,5,SPL-L,RT_Pronation_anti_R,0.804803197054452,0.23906454076999,1.04386773782444,0.0079986376127244,0.00875009708573282,5.9868611579071,0.59138642549328
2,GB,6,AG-L,RT_Pronation_anti_R,0.369251116616654,0.418538915958744,0.787790032575398,0.00722071702050831,0.00786536013122124,6.01038919606606,0.591695965279539
2,GB,7,mIPS-L,RT_Pronation_anti_R,0.853065294946957,0.280394312758356,1.13345960770531,0.00877205785723226,0.0095773279040258,5.97423338789616,0.579250067956992
2,GB,8,VIP-L,RT_Pronation_anti_R,0.322500041805513,0.774803879040453,1.09730392084597,0.00821113489980366,0.00895568246434013,5.98379350909219,0.580861781750897
2,GB,9,SPOC-L,RT_Pronation_anti_R,0.820806033622723,0.470290264072065,1.29109629769479,0.00862045809092522,0.00934167303674051,5.96439864694995,0.56695611758487
2,GB,10,S1-L,RT_Pronation_anti_R,0.381563153002453,0.514255405489623,0.895818558492076,0.00716772483304979,0.00776647874632296,6.00680478247381,0.594388912078454
2,GB,11,M1-L,RT_Pronation_anti_R,0.168065338080971,0.639471091008604,0.807536429089575,0.00702003748786403,0.0076534196776203,6.01797941923693,0.602778778522087
2,GB,12,SMA-L,RT_Pronation_anti_R,0.526942228817575,0.325880180011677,0.852822408829252,0.00714726096888931,0.00778921537133829,6.00514833168481,0.59004868833181
2,GB,13,PMd-L,RT_Pronation_anti_R,0.163881187684847,0.666137190501504,0.830018378186351,0.0062230019829092,0.00676424711474152,6.02391350370503,0.594695607369165
2,GB,14,PMv-L,RT_Pronation_anti_R,0.0531781436342598,0.297557936205758,0.350736079840018,0.00360275425496103,0.00390986218604026,6.09093180853692,0.616527317014092
2,GB,15,FEF-L,RT_Pronation_anti_R,0.313704681938308,0.379083839369252,0.69278852130756,0.00565180009221662,0.00614265638691086,6.03604798027365,0.592783001199469
2,GB,16,POJ-L,RT_Pronation_anti_R,0.431658557562878,0.570469264741686,1.00212782230456,0.00784981878832382,0.0085542415670524,5.99814323634131,0.589147541124925
2,GB,17,V1-R,RT_Pronation_anti_R,0.148113910939077,0.154028874885498,0.302142785824574,0.0032394460928248,0.00351134677646365,6.09632932422622,0.61332582320308
2,GB,18,V3-R,RT_Pronation_anti_R,0.280836384247463,0.373076468787711,0.653912853035174,0.00635662771619376,0.00694704021637296,6.0301410249788,0.60265831946329
2,GB,19,STS-R,RT_Pronation_anti_R,0.180636421117144,0.205329898854829,0.385966319971973,0.00469050181381401,0.00515275442967755,6.0642446620966,0.616204415299719
2,GB,20,IPL-R,RT_Pronation_anti_R,0.513131432889095,0.307297711172576,0.820429144061671,0.00734526723793332,0.00802757064231826,6.00235906240935,0.590605143620873
2,GB,21,SPL-R,RT_Pronation_anti_R,0.401771289744613,0.198228093919908,0.59999938366452,0.00614465494363946,0.00671597430022425,6.0318848828457,0.600964091678379
2,GB,22,AG-R,RT_Pronation_anti_R,0.27713095363366,0.494666057213548,0.771797010847209,0.00645159067096502,0.00704476207286655,6.01527617544199,0.590289027583688
2,GB,23,mIPS-R,RT_Pronation_anti_R,0.564531164513634,0.229855032604106,0.79438619711774,0.00732176617967435,0.00803672510737773,6.00859163103434,0.599243903922447
2,GB,24,VIP-R,RT_Pronation_anti_R,0.340524376509765,0.228559440608445,0.569083817118209,0.00533936979408998,0.00587114298876892,6.04262227897702,0.60437314192304
2,GB,25,SPOC-R,RT_Pronation_anti_R,0.475153156966362,0.485703572547381,0.960856729513744,0.00766409039960163,0.00830064712280152,5.99303587613435,0.578986644575154
2,GB,26,S1-R,RT_Pronation_anti_R,0.431110096241061,0.185787894837512,0.616897991078572,0.00594094746701867,0.00648026848032641,6.03655358396884,0.605321628748201
2,GB,27,M1-R,RT_Pronation_anti_R,0.168125244755711,0.324734386069265,0.492859630824976,0.00443187489359941,0.00480540530475551,6.06318677253917,0.603481756128511
2,GB,28,SMA-R,RT_Pronation_anti_R,0.272934828557764,0.358319754798575,0.631254583356338,0.00592863187267165,0.00646435729711622,6.03325744463235,0.59833599000103
2,GB,29,PMd-R,RT_Pronation_anti_R,0.45250756990072,0.269092537923479,0.721600107824199,0.00614752354720566,0.00672524279834885,6.02320700353782,0.598401789584442
2,GB,30,PMv-R,RT_Pronation_anti_R,0.0760206607956206,0.226973788504484,0.302994449300104,0.00319543747422155,0.00347325482674418,6.09744779251344,0.618231156663222
2,GB,31,FEF-R,RT_Pronation_anti_R,0.102887450971897,0.231194993846842,0.33408244481874,0.00400921144811307,0.00439203946443652,6.07783560059023,0.612997929642879
2,GB,32,POJ-R,RT_Pronation_anti_R,0.218480192525805,0.229032217801229,0.447512410327034,0.00457221149524971,0.00498662772580861,6.06437374105919,0.605003328125508
3,JDC,1,V1-L,RT_Pronation_anti_R,0.170427976933423,0.427763871445783,0.598191848379206,0.00621340490525219,0.00672347246686805,6.59993994264577,0.784173155793832
3,JDC,2,V3-L,RT_Pronation_anti_R,0.252942434268499,0.551230576908004,0.804173011176504,0.00774624040725632,0.0083653659363125,6.5703578782456,0.778238328691692
3,JDC,3,STS-L,RT_Pronation_anti_R,0.144801276885849,0.450454663527604,0.595255940413453,0.00573884040751127,0.00621365296863742,6.59968998217062,0.783462272589182
3,JDC,4,IPL-L,RT_Pronation_anti_R,0.349269112351167,0.50175364018049,0.851022752531657,0.00744490494314491,0.00803918554143678,6.57062677886854,0.774810189747201
3,JDC,5,SPL-L,RT_Pronation_anti_R,0.795263709885872,0.44762886173601,1.24289257162188,0.0110381641378498,0.0119743843766923,6.51358929452715,0.764384508229513
3,JDC,6,AG-L,RT_Pronation_anti_R,0.533901783648849,0.446511845763068,0.980413629411917,0.0097307719517411,0.0105490293760257,6.53555125578863,0.769867404180435
3,JDC,7,mIPS-L,RT_Pronation_anti_R,0.708962563319384,0.423994010338098,1.13295657365748,0.010467678968559,0.0113430480115666,6.52328765211477,0.765017313235821
3,JDC,8,VIP-L,RT_Pronation_anti_R,0.710102656655431,0.440767423743277,1.15087008039871,0.010290451254178,0.0111004272078426,6.52570901709264,0.762689607516783
3,JDC,9,SPOC-L,RT_Pronation_anti_R,0.666172965664311,0.819223821736193,1.4853967874005,0.0122159971761807,0.0131598785973151,6.48452146334978,0.727989481010389
3,JDC,10,S1-L,RT_Pronation_anti_R,0.740155332782437,0.259726307904586,0.999881640687023,0.00764126223048909,0.00821925991222873,6.55503111732283,0.767431603504287
3,JDC,11,M1-L,RT_Pronation_anti_R,0.566009249687059,0.423397852344672,0.989407102031731,0.00754792502311655,0.00812119281018033,6.56043944335643,0.769163138601153
3,JDC,12,SMA-L,RT_Pronation_anti_R,0.694573482108695,0.291381572638904,0.985955054747599,0.008635706363734,0.00938245196329021,6.54751708952683,0.771242562355978
3,JDC,13,PMd-L,RT_Pronation_anti_R,0.380441287150189,0.345933995039702,0.726375282189891,0.008462313955319,0.00914838119956389,6.56453043781773,0.785341401369268
3,JDC,14,PMv-L,RT_Pronation_anti_R,0.0768366509738498,0.282719655939316,0.359556306913166,0.00459937721873245,0.00497548749132374,6.63572050000184,0.799684519799276
3,JDC,15,FEF-L,RT_Pronation_anti_R,0.399083263202019,0.233559314991996,0.632642578194015,0.00707063485062929,0.00766205730798805,6.58686371308379,0.787464083172056
3,JDC,16,POJ-L,RT_Pronation_anti_R,0.652857032521957,0.4007663517792,1.05362338430116,0.00863154862309743,0.00930064692408101,6.54319243497966,0.755601096980649
3,JDC,17,V1-R,RT_Pronation_anti_R,0.113962495826608,0.953769500433711,1.06773199626032,0.00755648658682814,0.00814134232677097,6.56202790800588,0.767721673922107
3,JDC,18,V3-R,RT_Pronation_anti_R,0.265659873324329,0.583722949841734,0.849382823166063,0.00823953541036305,0.00889282654982695,6.56410008570106,0.776698654023918
3,JDC,19,STS-R,RT_Pronation_anti_R,0.0773323813441846,0.225624862765824,0.302957244110009,0.0045823360569312,0.00497227843997129,6.63482835874457,0.803614358076147
3,JDC,20,IPL-R,RT_Pronation_anti_R,0.761592057316005,0.459906843135489,1.22149890045149,0.0112460404188346,0.0121318300440548,6.51735755765275,0.764005324041803
3,JDC,21,SPL-R,RT_Pronation_anti_R,0.609763413077653,0.871448940402665,1.48121235348032,0.0124426495425172,0.0133930402980579,6.49545124711618,0.75266384905487
3,JDC,22,AG-R,RT_Pronation_anti_R,0.627691924310774,0.331921511723447,0.959613436034221,0.00880231924526413,0.00946618219762029,6.55265505477244,0.767639907760002
3,JDC,23,mIPS-R,RT_Pronation_anti_R,0.981852285284788,0.429620565633765,1.41147285091855,0.0113840675530797,0.0122728281840747,6.50548611218741,0.755389861784369
3,JDC,24,VIP-R,RT_Pronation_anti_R,0.942097208841171,0.400545681385734,1.3426428902269,0.0117140225805234,0.0125995228634304,6.50716793276807,0.751107717374221
3,JDC,25,SPOC-R,RT_Pronation_anti_R,0.483040188518776,1.47544119045028,1.95848137896905,0.0124557617410002,0.0133405172585365,6.45710451291167,0.720060563071607
3,JDC,26,S1-R,RT_Pronation_anti_R,0.529224645661408,0.257817827911983,0.787042473573392,0.00840210503597181,0.00909909414033348,6.55866446133613,0.776087860038981
3,JDC,27,M1-R,RT_Pronation_anti_R,0.316883989283289,0.391806373176449,0.708690362459738,0.00715467371875954,0.00772101706466992,6.5811717208831,0.778184698921534
3,JDC,28,SMA-R,RT_Pronation_anti_R,0.625262770908312,0.378453382341211,1.00371615324952,0.00870778504133715,0.0094471941481314,6.54574684124532,0.759774757567661
3,JDC,29,PMd-R,RT_Pronation_anti_R,0.373442275307339,0.321135396059711,0.694577671367051,0.00709028059947173,0.00769074775130669,6.58023323781542,0.784151085186498
3,JDC,30,PMv-R,RT_Pronation_anti_R,0.114982662361989,0.859658368780183,0.974641031142172,0.00743741599105576,0.00802914362847463,6.57046966778994,0.776272957855212
3,JDC,31,FEF-R,RT_Pronation_anti_R,0.322192067665776,0.400403693688728,0.722595761354504,0.0067524238498536,0.00726863434120114,6.58381016066189,0.771935480357745
3,JDC,32,POJ-R,RT_Pronation_anti_R,0.752587871727949,0.651278035051527,1.40386590677948,0.0108541793070566,0.0116850298824334,6.51174417927763,0.747273351568551
4,JFXD,1,V1-L,RT_Pronation_anti_R,0.231028281831976,0.402995747442045,0.634024029274021,0.00777390663350161,0.00829781016911851,6.99632059382018,0.917431776728743
4,JFXD,2,V3-L,RT_Pronation_anti_R,0.329575462329863,0.968280457120538,1.2978559194504,0.0101960458151385,0.01085344595292,6.93350303004485,0.884455537294277
4,JFXD,3,STS-L,RT_Pronation_anti_R,0.0842818458118586,0.667195813525905,0.751477659337764,0.00737001693318898,0.00786418041602557,7.0075587459902,0.923474868495015
4,JFXD,4,IPL-L,RT_Pronation_anti_R,0.862055337279521,0.515732635579184,1.37778797285871,0.0124394661016597,0.0132771176241593,6.91683916984028,0.880517439049677
4,JFXD,5,SPL-L,RT_Pronation_anti_R,0.837672709749562,0.7896384111775,1.62731112092706,0.0137964019697753,0.0147394311982125,6.89639697318841,0.874006045112784
4,JFXD,6,AG-L,RT_Pronation_anti_R,0.629482007937725,0.995518270249334,1.62500027818706,0.0149232964214784,0.0158855602142454,6.88848035245826,0.879057130562885
4,JFXD,7,mIPS-L,RT_Pronation_anti_R,0.937052583066759,0.360658163650675,1.29771074671743,0.0109965494630948,0.0117345933748178,6.93842469823686,0.898918179504633
4,JFXD,8,VIP-L,RT_Pronation_anti_R,0.931197090800268,0.497184960947601,1.42838205174787,0.013583296704297,0.0145806903004369,6.91358352265023,0.895656445418329
4,JFXD,9,SPOC-L,RT_Pronation_anti_R,0.549153156873057,0.597352446997098,1.14650560387015,0.00985358194486124,0.010500240867862,6.94829976031258,0.900498445037366
4,JFXD,10,S1-L,RT_Pronation_anti_R,0.849508097777132,0.35981893696706,1.20932703474419,0.0115189509166304,0.0122413349442847,6.93470928072327,0.892537863347235
4,JFXD,11,M1-L,RT_Pronation_anti_R,0.81728702541281,0.292232180216576,1.10951920562939,0.0107941897644228,0.01152680818793,6.95150054230245,0.90476571632964
4,JFXD,12,SMA-L,RT_Pronation_anti_R,0.786274707626608,0.675606398619076,1.46188110624568,0.0117528794637495,0.0125764660439565,6.92782522076533,0.888902914512281
4,JFXD,13,PMd-L,RT_Pronation_anti_R,0.861658771078393,0.346462884739785,1.20812165581818,0.0102401843651918,0.0109220702997953,6.95118911514094,0.895267456256963
4,JFXD,14,PMv-L,RT_Pronation_anti_R,0.241223253657368,1.50930180248188,1.75052505613925,0.011085088868606,0.0117664238668676,6.91133893878177,0.864180497876376
4,JFXD,15,FEF-L,RT_Pronation_anti_R,0.849866767604694,0.504722321320877,1.35458908892557,0.0105653034534621,0.0113291479666978,6.93653746807744,0.873903482998145
4,JFXD,16,POJ-L,RT_Pronation_anti_R,0.532677882795207,0.960836258158038,1.49351414095324,0.0130401052291442,0.0139189044650091,6.91044266928273,0.885970971958302
4,JFXD,17,V1-R,RT_Pronation_anti_R,0.165507319306869,0.291649689400578,0.457157008707447,0.00672859536252044,0.00717955762837736,7.02367540415205,0.933792244577295
4,JFXD,18,V3-R,RT_Pronation_anti_R,0.222689471185995,0.328954788152985,0.55164425933898,0.0071732775667418,0.00765159119261885,7.00868461844368,0.924950096927691
4,JFXD,19,STS-R,RT_Pronation_anti_R,0.1846650422997,0.674909507324232,0.859574549623932,0.00917172952929973,0.009757484602873,6.97954768444683,0.913246034631755
4,JFXD,20,IPL-R,RT_Pronation_anti_R,0.920967138692262,0.566020473570068,1.48698761226233,0.0145942848825655,0.0155608381349209,6.89981431159988,0.888167277979402
4,JFXD,21,SPL-R,RT_Pronation_anti_R,0.841100061177645,0.325864686952811,1.16696474813046,0.01128334412195,0.0119907544458963,6.94339141651804,0.899885180360077
4,JFXD,22,AG-R,RT_Pronation_anti_R,0.513781390537047,0.469951464025439,0.983732854562486,0.0113877057075996,0.0121297785674665,6.95123442580354,0.908376396838845
4,JFXD,23,mIPS-R,RT_Pronation_anti_R,0.894932840221568,0.423772352326795,1.31870519254836,0.0134974450071871,0.0144100037646977,6.91485255948904,0.900612117726374
4,JFXD,24,VIP-R,RT_Pronation_anti_R,0.702741268562402,0.542532172710907,1.24527344127331,0.0130501776597227,0.0139044916767293,6.92401122227798,0.89528713047336
4,JFXD,25,SPOC-R,RT_Pronation_anti_R,0.841174574556134,0.434682961166208,1.27585753572234,0.0112563809479907,0.0119411153383924,6.93939218903827,0.888244615630772
4,JFXD,26,S1-R,RT_Pronation_anti_R,0.428145576237821,0.773425243617997,1.20157081985582,0.0106712653852551,0.0113438297811477,6.94695224588829,0.900183237606118
4,JFXD,27,M1-R,RT_Pronation_anti_R,0.889379741283966,0.633391484661627,1.52277122594559,0.0131625451427218,0.01404677515112,6.9091362429606,0.871083666545155
4,JFXD,28,SMA-R,RT_Pronation_anti_R,0.973638108047102,0.5952355772728,1.5688736853199,0.0125294912630801,0.0133861613568441,6.91387812983862,0.882651091905505
4,JFXD,29,PMd-R,RT_Pronation_anti_R,0.219912752993532,0.900394924957717,1.12030767795125,0.00936066777853922,0.0100272265595105,6.96658851756366,0.904760183227826
4,JFXD,30,PMv-R,RT_Pronation_anti_R,0.126540223730315,0.798279708682777,0.924819932413092,0.0082614486951344,0.00881022024521653,6.98653503903114,0.908815223544752
4,JFXD,31,FEF-R,RT_Pronation_anti_R,0.45592930563591,0.360112722786322,0.816042028422232,0.00911207778062125,0.00973440635739706,6.981453391827,0.911927056694924
4,JFXD,32,POJ-R,RT_Pronation_anti_R,0.442893778715387,0.591278128014022,1.03417190672941,0.0100791896418214,0.0107592620379991,6.96056645891965,0.906380599049304
5,JZ,1,V1-L,RT_Pronation_anti_R,0.130141100347811,0.224079974052647,0.354221074400459,0.00420180421971771,0.00448309298560694,6.01428798851565,0.536652959226733
5,JZ,2,V3-L,RT_Pronation_anti_R,0.176617001987756,0.166894361219937,0.343511363207693,0.00384590132000493,0.0041000217024742,6.01762247748593,0.534833542884259
5,JZ,3,STS-L,RT_Pronation_anti_R,0.116769463560988,0.238915748075139,0.355685211636127,0.00408853636994357,0.00435961083491471,6.01568157352176,0.537974616571739
5,JZ,4,IPL-L,RT_Pronation_anti_R,0.214776782902696,1.00914784073397,1.22392462363666,0.00789755658605627,0.00844226459293667,5.92009250969417,0.496319754769547
5,JZ,5,SPL-L,RT_Pronation_anti_R,0.680616848027746,0.210285057938198,0.890901905965944,0.00644418626505465,0.00692830322946142,5.95420436804532,0.519440029045214
5,JZ,6,AG-L,RT_Pronation_anti_R,0.466446506757368,0.284155867208913,0.750602373966281,0.00646886151389501,0.00691316980526792,5.9640630407873,0.525028385504528
5,JZ,7,mIPS-L,RT_Pronation_anti_R,0.728656483184552,0.204316727795509,0.932973210980061,0.00731900192373738,0.0077962035666001,5.93704252500693,0.511226984753979
5,JZ,8,VIP-L,RT_Pronation_anti_R,0.686855142769514,0.174008803814843,0.860863946584357,0.00656576291362638,0.00707241053151657,5.95626624118181,0.52150283437755
5,JZ,9,SPOC-L,RT_Pronation_anti_R,0.5221846857684,0.30175347531203,0.82393816108043,0.00765931392355527,0.0082346138199773,5.9406283387618,0.51504045709355
5,JZ,10,S1-L,RT_Pronation_anti_R,0.525373726795437,0.927094884473605,1.45246861126904,0.00783454802450584,0.00838089833097547,5.91074687548159,0.492471485102515
5,JZ,11,M1-L,RT_Pronation_anti_R,0.0939469084458011,0.935751610249046,1.02969851869485,0.00601127428514811,0.00639800195136246,5.95502702060104,0.510729462653052
5,JZ,12,SMA-L,RT_Pronation_anti_R,0.352736829437428,0.267408114099779,0.620144943537207,0.00642478217770246,0.00687936107085198,5.96759703532861,0.529633585448437
5,JZ,13,PMd-L,RT_Pronation_anti_R,0.227636343623595,0.583895988048249,0.811532331671844,0.00616707036828997,0.00660458380262147,5.96467725853767,0.512505302824564
5,JZ,14,PMv-L,RT_Pronation_anti_R,0.0451360152247648,0.314286881401098,0.359422896625863,0.00373551288879546,0.00398958498378826,6.02358268145419,0.539008439562097
5,JZ,15,FEF-L,RT_Pronation_anti_R,0.147879816194364,0.103034336319535,0.250914152513899,0.00370738414957446,0.0039667868493233,6.02755072596437,0.544682641315236
5,JZ,16,POJ-L,RT_Pronation_anti_R,0.2689878119245,0.326008536684372,0.594996348608872,0.00636774996543308,0.00681635511075449,5.96822704197384,0.528751696139601
5,JZ,17,V1-R,RT_Pronation_anti_R,0.146010091336085,0.346340763450056,0.492350854786142,0.00514794545828096,0.0055149738289241,5.99042443140554,0.533492655253873
5,JZ,18,V3-R,RT_Pronation_anti_R,0.321695860662887,0.269302686835798,0.590998547498685,0.0061314145875082,0.00656316605724376,5.97234752786957,0.527306563274416
5,JZ,19,STS-R,RT_Pronation_anti_R,0.210470471445304,0.216688597477846,0.42715906892315,0.00497361321568703,0.00528814384741598,5.99668330579877,0.531618228394043
5,JZ,20,IPL-R,RT_Pronation_anti_R,0.397731768626989,0.180346674927709,0.578078443554698,0.0060357040802952,0.00649004433826967,5.97341804946173,0.527720527205102
5,JZ,21,SPL-R,RT_Pronation_anti_R,0.43761508395524,0.65965505227544,1.09727013623068,0.00824728392174046,0.00882327996861825,5.91591785521558,0.491110024080848
5,JZ,22,AG-R,RT_Pronation_anti_R,0.462579411076542,0.368419149300413,0.830998560376955,0.00824143245490651,0.00885160433166833,5.93042788183551,0.51355920287274
5,JZ,23,mIPS-R,RT_Pronation_anti_R,0.245443403603858,0.322459257914545,0.567902661518403,0.00585372903221002,0.00624480471772902,5.97765629748878,0.519881607903064
5,JZ,24,VIP-R,RT_Pronation_anti_R,0.785568634538523,0.224324373549251,1.00989300808777,0.00826872253855636,0.00886417271585939,5.92225019088935,0.505062611304402
5,JZ,25,SPOC-R,RT_Pronation_anti_R,0.564217899582475,0.306921989176539,0.871139888759014,0.0066583197780554,0.00710125029246195,5.95507107070605,0.505184508910982
5,JZ,26,S1-R,RT_Pronation_anti_R,0.273762013288245,0.381282684895925,0.65504469818417,0.00612779170837915,0.00651655658893771,5.96357520792469,0.50797840091697
5,JZ,27,M1-R,RT_Pronation_anti_R,0.220673965485638,0.358070334339833,0.578744299825471,0.00548814782430293,0.00589392718170073,5.97897692331051,0.52871932142481
5,JZ,28,SMA-R,RT_Pronation_anti_R,0.683633582361562,0.15968934603088,0.843322928392442,0.00652842187458755,0.00700668528362859,5.95383295902462,0.520790914395922
5,JZ,29,PMd-R,RT_Pronation_anti_R,0.233014736850828,0.214954965497859,0.447969702348686,0.00482290042225147,0.00518470249200356,5.9967488236316,0.531226414520965
5,JZ,30,PMv-R,RT_Pronation_anti_R,0.0797809723418111,0.229250119154962,0.309031091496773,0.00398873041208129,0.00428004188151698,6.02158060397886,0.540110108733402
5,JZ,31,FEF-R,RT_Pronation_anti_R,0.220969994555412,0.15546817952482,0.376438174080232,0.00399346730981158,0.0042808580552919,6.01662530014311,0.535208613432199
5,JZ,32,POJ-R,RT_Pronation_anti_R,0.286260427951015,0.289977402836388,0.576237830787403,0.00531455369450697,0.00565222066724379,5.9855626167732,0.519205133970577
6,LT,1,V1-L,RT_Pronation_anti_R,0.0705228448434495,0.725487670622797,0.796010515466246,0.00684255309842381,0.00729787481018821,6.62741727357227,0.768820269643724
6,LT,2,V3-L,RT_Pronation_anti_R,0.199962601127776,0.41006928633316,0.610031887460936,0.00804821564266068,0.00861800129379917,6.61638972102475,0.778587235594023
6,LT,3,STS-L,RT_Pronation_anti_R,0.213807256981404,0.345833330170865,0.559640587152269,0.0065838404870638,0.0070229829719556,6.63580043542331,0.7652334877987
6,LT,4,IPL-L,RT_Pronation_anti_R,0.474259916640514,0.949179337760915,1.42343925440143,0.0105371826958423,0.0111771127980339,6.5617282509817,0.737451299962004
6,LT,5,SPL-L,RT_Pronation_anti_R,0.857568035411124,0.560865401404098,1.41843343681522,0.0127327186937835,0.0135913801487465,6.52951758938373,0.732299028403145
6,LT,6,AG-L,RT_Pronation_anti_R,0.815289039361987,0.38970265199787,1.20499169135986,0.0102798276063598,0.0109670370171637,6.56753117567195,0.741634740098915
6,LT,7,mIPS-L,RT_Pronation_anti_R,0.469157278788221,0.405709614101264,0.874866892889485,0.00928780930492121,0.0099490832365204,6.58711957166784,0.756828915191081
6,LT,8,VIP-L,RT_Pronation_anti_R,0.904012898459735,0.561830371004407,1.46584326946414,0.0112172361039991,0.0119065592121251,6.54703276576432,0.726684191597802
6,LT,9,SPOC-L,RT_Pronation_anti_R,0.807804510432094,0.1678976514569,0.975702161888993,0.00905612172224676,0.00967816425005942,6.58701035872029,0.756632897086771
6,LT,10,S1-L,RT_Pronation_anti_R,0.764986692871118,0.805205806556073,1.57019249942719,0.0115184341169015,0.0122411637404998,6.54120580102267,0.731707908494402
6,LT,11,M1-L,RT_Pronation_anti_R,0.832996470541447,0.662517399112983,1.49551386965443,0.0121037256894841,0.0128592006179242,6.53878322283356,0.73194328888631
6,LT,12,SMA-L,RT_Pronation_anti_R,0.34728341772091,0.641010547710584,0.988293965431495,0.0096466508024195,0.0102771244293912,6.58355699527023,0.750117544714056
6,LT,13,PMd-L,RT_Pronation_anti_R,0.466158322721871,0.483297248175937,0.949455570897808,0.00946183372101205,0.0101019815167866,6.58571956292945,0.750471034704933
6,LT,14,PMv-L,RT_Pronation_anti_R,0.135952488740418,1.0830967480732,1.21904923681362,0.00937957477016028,0.00999387615736294,6.58293035210389,0.749086207307494
6,LT,15,FEF-L,RT_Pronation_anti_R,0.588582153473353,0.737182352372856,1.32576450584621,0.0104352065046841,0.011039461914198,6.55326606878547,0.730782968550497
6,LT,16,POJ-L,RT_Pronation_anti_R,0.608288492488664,0.310772256868943,0.919060749357608,0.00987658382504688,0.0105620643105629,6.57921151114309,0.754292326465733
6,LT,17,V1-R,RT_Pronation_anti_R,0.131156834547848,0.394013165673525,0.525170000221373,0.0061531126706032,0.00656929400043785,6.64322264352832,0.776358988544529
6,LT,18,V3-R,RT_Pronation_anti_R,0.191881132883321,0.440787209376007,0.632668342259328,0.00674287174426601,0.0071946710569361,6.63021164717239,0.769267880420551
6,LT,19,STS-R,RT_Pronation_anti_R,0.114003307785217,0.433263921812687,0.547267229597905,0.00579090947932691,0.00618863924652439,6.64785000363118,0.775332314985887
6,LT,20,IPL-R,RT_Pronation_anti_R,0.832486595897828,0.331879802245675,1.1643663981435,0.0100512057878618,0.0107125686975538,6.56903395494533,0.749376111817008
6,LT,21,SPL-R,RT_Pronation_anti_R,0.637287124528522,0.620355897792787,1.25764302232131,0.0109220715059231,0.011615992607659,6.55451125638379,0.738893737106505
6,LT,22,AG-R,RT_Pronation_anti_R,0.639718874368905,0.259297235127237,0.899016109496142,0.00933539635349278,0.00997675852788658,6.58707213730712,0.762302214903776
6,LT,23,mIPS-R,RT_Pronation_anti_R,0.819832190439663,0.387383930643285,1.20721612108295,0.0110004558890432,0.011750934561475,6.5596312081055,0.746037593954066
6,LT,24,VIP-R,RT_Pronation_anti_R,0.662122695302869,0.488220346303579,1.15034304160645,0.00989642805856855,0.0105378059955882,6.56952938831922,0.743751147610268
6,LT,25,SPOC-R,RT_Pronation_anti_R,0.774338537319231,0.51659017962774,1.29092871694697,0.0120028794274432,0.0127973354335235,6.54511772930335,0.732070891510286
6,LT,26,S1-R,RT_Pronation_anti_R,0.552728482024621,0.267452018688786,0.820180500713407,0.00817807303751544,0.00869433073833955,6.60271389148837,0.757966831682822
6,LT,27,M1-R,RT_Pronation_anti_R,0.33194817241308,0.411662333064767,0.743610505477846,0.00769531311222162,0.00818544341351202,6.6108533051572,0.757631082172596
6,LT,28,SMA-R,RT_Pronation_anti_R,0.529164800194564,0.463810041968664,0.992974842163228,0.0106137027212144,0.011310635683943,6.56874141616013,0.750426466063334
6,LT,29,PMd-R,RT_Pronation_anti_R,0.123745995881831,0.313658973352991,0.437404969234821,0.00570216806443868,0.00610035550715436,6.65337719464839,0.783852741359081
6,LT,30,PMv-R,RT_Pronation_anti_R,0.127130406117509,0.427058785418049,0.554189191535558,0.00601789356946569,0.00642518682928488,6.64337012833783,0.776340218740818
6,LT,31,FEF-R,RT_Pronation_anti_R,0.358407909452011,0.287222558586157,0.645630468038168,0.00735188244767196,0.0078789136440686,6.62144000929042,0.770908039680573
6,LT,32,POJ-R,RT_Pronation_anti_R,0.47424490496119,0.574516311317504,1.04876121627869,0.00954370577371629,0.0101574869381155,6.57776696273684,0.750636371521547
7,NvA,1,V1-L,RT_Pronation_anti_R,0.0888900943554887,0.204670914285771,0.29356100864126,0.0040881426553169,0.00444764473244235,6.20377901929946,0.640767513937706
7,NvA,2,V3-L,RT_Pronation_anti_R,0.202971050716953,0.308686289193651,0.511657339910604,0.00585492379520791,0.00635996071779933,6.16546604869702,0.626021242173927
7,NvA,3,STS-L,RT_Pronation_anti_R,0.124172101716671,0.187163223584175,0.311335325300847,0.00430724802994935,0.00466043070692913,6.2011593746384,0.636937025473541
7,NvA,4,IPL-L,RT_Pronation_anti_R,0.39582145385109,0.408998073787184,0.804819527638273,0.00725297721271987,0.00783756496516567,6.12853921964375,0.610013440757598
7,NvA,5,SPL-L,RT_Pronation_anti_R,0.298447655142689,0.586639408848073,0.885087063990762,0.00740550544882145,0.00801479818534142,6.12559055529004,0.614396005159896
7,NvA,6,AG-L,RT_Pronation_anti_R,0.507958463964812,0.388979882560506,0.896938346525318,0.00839725015563873,0.00911990831614156,6.11365030340405,0.607081104719673
7,NvA,7,mIPS-L,RT_Pronation_anti_R,0.594057690356025,0.265341272189969,0.859398962545994,0.00768353046692695,0.0083158800040024,6.12799781430395,0.61061741962401
7,NvA,8,VIP-L,RT_Pronation_anti_R,0.424772575211515,0.276415125663871,0.701187700875386,0.00704172803094,0.00759922881656609,6.14380828349767,0.615907620290836
7,NvA,9,SPOC-L,RT_Pronation_anti_R,0.530453673469666,0.685579362917283,1.21603303638695,0.00999594229403492,0.0108659849312814,6.07922851776696,0.588477309040434
7,NvA,10,S1-L,RT_Pronation_anti_R,0.738619431976783,0.302072185874656,1.04069161785144,0.00855707137441515,0.00928165743448458,6.103862241283,0.607908503548476
7,NvA,11,M1-L,RT_Pronation_anti_R,0.270835292082008,0.175503674365813,0.446338966447821,0.00529475700495314,0.00575803139415584,6.17717564336556,0.631734383749156
7,NvA,12,SMA-L,RT_Pronation_anti_R,0.272528353393486,0.468355454228443,0.740883807621929,0.00697949280840131,0.00756290644094294,6.13488744984239,0.613039445717212
7,NvA,13,PMd-L,RT_Pronation_anti_R,0.133021592473364,0.599913772907379,0.732935365380743,0.0059922821869863,0.006476635898544,6.15605281899049,0.620254667358172
7,NvA,14,PMv-L,RT_Pronation_anti_R,0.100345521117225,0.269496678594852,0.369842199712078,0.0046091296442177,0.00501317529486429,6.19348910264288,0.632665750861536
7,NvA,15,FEF-L,RT_Pronation_anti_R,0.381421564628803,0.231070111340192,0.612491675968995,0.00642869866116686,0.00696954365202761,6.14874899989315,0.621002356421043
7,NvA,16,POJ-L,RT_Pronation_anti_R,0.20425203298389,0.549798717476035,0.754050750459926,0.00708677623828417,0.00766397461016815,6.14000484073601,0.611162075197213
7,NvA,17,V1-R,RT_Pronation_anti_R,0.23970392478102,0.172129450193926,0.411833374974946,0.00473528274642439,0.00517302658675807,6.18618123604957,0.629413584032007
7,NvA,18,V3-R,RT_Pronation_anti_R,0.426836385550398,0.295377597211936,0.722213982762334,0.00612753188218592,0.00667037255202486,6.14846561004839,0.612866691705891
7,NvA,19,STS-R,RT_Pronation_anti_R,0.177613593070769,0.193451419978449,0.371065013049218,0.00435529180927134,0.00474810279494539,6.19474650968838,0.631815179522795
7,NvA,20,IPL-R,RT_Pronation_anti_R,0.614054646916653,0.640727675915352,1.25478232283201,0.00910755109018197,0.00988166978783868,6.07817108642049,0.582713055852364
7,NvA,21,SPL-R,RT_Pronation_anti_R,0.782148313599962,0.339386054152125,1.12153436775209,0.00856922041133108,0.00933967045836245,6.09856665582234,0.585253810299828
7,NvA,22,AG-R,RT_Pronation_anti_R,0.546235721268038,0.345413524313055,0.891649245581093,0.00722921728249921,0.00787497502750147,6.11848554469074,0.596807048788224
7,NvA,23,mIPS-R,RT_Pronation_anti_R,0.731198034697321,0.191610514384972,0.922808549082293,0.00793549035934098,0.00867222758810036,6.12112339601865,0.609078610167892
7,NvA,24,VIP-R,RT_Pronation_anti_R,0.537903201295824,0.681924108887469,1.21982731018329,0.00918319007989595,0.00998648842717905,6.08699352025433,0.594351601568261
7,NvA,25,SPOC-R,RT_Pronation_anti_R,0.454143575203162,0.53771455327491,0.991858128478071,0.00778031364157093,0.00851869900425124,6.11296187300485,0.603409707548098
7,NvA,26,S1-R,RT_Pronation_anti_R,0.278438680416535,0.281424445500682,0.559863125917217,0.00606822264079712,0.00661289703003326,6.15746933259598,0.624264411489624
7,NvA,27,M1-R,RT_Pronation_anti_R,0.627499812676147,0.298425992194903,0.92592580487105,0.00793511929161505,0.00863470546847607,6.11859904679284,0.607498994302777
7,NvA,28,SMA-R,RT_Pronation_anti_R,0.283733480803809,0.533110260238132,0.816843741041941,0.00765976777110875,0.00830874075396777,6.1285896369555,0.618523411431594
7,NvA,29,PMd-R,RT_Pronation_anti_R,0.166332006697392,0.294543627081916,0.460875633779308,0.00479439996660359,0.00518442807280575,6.18374958944744,0.625484766391126
7,NvA,30,PMv-R,RT_Pronation_anti_R,0.0340601350541032,0.21410294020542,0.248163075259524,0.00300137428475827,0.00326672968800037,6.23128424303497,0.642161393398239
7,NvA,31,FEF-R,RT_Pronation_anti_R,0.37685699407497,0.562554315059536,0.939411309134506,0.00748743223707119,0.00813164985869458,6.11528634108775,0.594546805753678
7,NvA,32,POJ-R,RT_Pronation_anti_R,0.356510570817394,0.411256997953331,0.767767568770726,0.00515976807727166,0.00558876519505439,6.15605637205974,0.60430353036149
8,RR,1,V1-L,RT_Pronation_anti_R,0.243562770422892,0.294186202262113,0.537748972685005,0.00603357264011352,0.00649652538533054,6.60715318891991,0.750929181178741
8,RR,2,V3-L,RT_Pronation_anti_R,0.169808960743972,0.295995198746966,0.465804159490937,0.00557880053168694,0.00604270282900782,6.61518310519681,0.758551959813481
8,RR,3,STS-L,RT_Pronation_anti_R,0.239969633735665,0.217575671733649,0.457545305469314,0.00575873843871835,0.00625811971352858,6.61349610059268,0.757877263678976
8,RR,4,IPL-L,RT_Pronation_anti_R,0.742199171787353,0.28655971032666,1.02875888211401,0.00959467923332043,0.0103613015886588,6.54423127807413,0.740683732872763
8,RR,5,SPL-L,RT_Pronation_anti_R,0.811732902273224,0.577257864237134,1.38899076651036,0.0116093751041503,0.0124924730013019,6.49949790155167,0.708639000858786
8,RR,6,AG-L,RT_Pronation_anti_R,0.726560514117303,0.74268631767598,1.46924683179328,0.0122301448565281,0.0131987784085734,6.49295999475714,0.703109145767889
8,RR,7,mIPS-L,RT_Pronation_anti_R,0.903572574470553,0.322626203835614,1.22619877830617,0.0109962185292635,0.0118669546220844,6.5226312471407,0.727878249510392
8,RR,8,VIP-L,RT_Pronation_anti_R,0.864756773382357,0.174711484311985,1.03946825769434,0.00946940343930005,0.0102233903237209,6.54848100163017,0.737801196122781
8,RR,9,SPOC-L,RT_Pronation_anti_R,0.674274390730236,0.796868612693426,1.47114300342366,0.0128409320078773,0.0138685084780666,6.49361046139614,0.718967617983853
8,RR,10,S1-L,RT_Pronation_anti_R,0.76347663598029,0.48334549442805,1.24682213040834,0.0110559797935594,0.0119440265656741,6.51818756193128,0.727349007782993
8,RR,11,M1-L,RT_Pronation_anti_R,0.44911700419364,0.341147482703184,0.790264486896824,0.00790959512235643,0.00851533273350363,6.57030367172173,0.748798585286077
8,RR,12,SMA-L,RT_Pronation_anti_R,0.552031292534722,0.806358546551742,1.35838983908646,0.0122064905170043,0.0132103173445958,6.50357193864748,0.730654508312322
8,RR,13,PMd-L,RT_Pronation_anti_R,0.407968927270861,0.56468973624883,0.97265866351969,0.00870493669554021,0.00940750520984675,6.55551124982729,0.740612519594986
8,RR,14,PMv-L,RT_Pronation_anti_R,0.127485770406766,0.579065790993725,0.706551561400491,0.00677117053132188,0.00728194530503271,6.59206648668934,0.748327881445749
8,RR,15,FEF-L,RT_Pronation_anti_R,0.530143334714881,0.152953690929531,0.683097025644413,0.0068397415523418,0.00737694347627649,6.59131200768693,0.750063646666319
8,RR,16,POJ-L,RT_Pronation_anti_R,0.443377787419392,0.567384214618943,1.01076200203833,0.00999845341404239,0.0107842513061524,6.53694933280037,0.734025595827274
8,RR,17,V1-R,RT_Pronation_anti_R,0.261182429415335,0.516804700721577,0.777987130136911,0.00816259792663349,0.00884407350571585,6.56964053814269,0.748328794550536
8,RR,18,V3-R,RT_Pronation_anti_R,0.211569842943937,0.695589916857059,0.907159759800996,0.00925588764529304,0.0100461217728441,6.55639727055894,0.746780633497512
8,RR,19,STS-R,RT_Pronation_anti_R,0.173870376469364,0.171870172476371,0.345740548945735,0.00520340111706592,0.00564315374150172,6.62955631324978,0.767264476479176
8,RR,20,IPL-R,RT_Pronation_anti_R,0.489240082477941,0.394444441771264,0.883684524249205,0.00931084954525854,0.0100863599344542,6.55360105091511,0.740103781627838
8,RR,21,SPL-R,RT_Pronation_anti_R,0.43936108093521,0.556757987634333,0.996119068569543,0.00997652432404756,0.010770612807464,6.5411377735137,0.736041864409068
8,RR,22,AG-R,RT_Pronation_anti_R,0.346938598102353,0.54047190271058,0.887410500812933,0.00849387340848085,0.00913368674773813,6.55743241512787,0.733287989409363
8,RR,23,mIPS-R,RT_Pronation_anti_R,0.332260454577157,0.449730200405806,0.781990654982963,0.00835216512260735,0.00904854704107706,6.56635402584157,0.745347151596459
8,RR,24,VIP-R,RT_Pronation_anti_R,0.647774117536901,0.497143568163047,1.14491768569995,0.00967315183630921,0.010438022277932,6.53099512787134,0.724081956503146
8,RR,25,SPOC-R,RT_Pronation_anti_R,0.679646141991148,0.594818424498685,1.27446456648983,0.0111003481210222,0.0119405381213483,6.5129212325372,0.719090234890767
8,RR,26,S1-R,RT_Pronation_anti_R,0.484096518565475,0.450026210379829,0.934122728945304,0.0103373180317739,0.0112199357438305,6.53938710849435,0.744270120318563
8,RR,27,M1-R,RT_Pronation_anti_R,0.322577559675042,0.212945370576516,0.535522930251558,0.00683882706930354,0.00739822362609646,6.6001856008152,0.759452501743378
8,RR,28,SMA-R,RT_Pronation_anti_R,0.824617598086571,0.600009646016551,1.42462724410312,0.0122878644856322,0.0132663655851232,6.50197898108569,0.722665570155525
8,RR,29,PMd-R,RT_Pronation_anti_R,0.332884619055228,0.585461101596689,0.918345720651918,0.00917485568509088,0.00991407803619178,6.54890407455681,0.741022766831565
8,RR,30,PMv-R,RT_Pronation_anti_R,0.0912515636468214,0.346421034986493,0.437672598633315,0.00488116530420686,0.00525146043753804,6.62944754110754,0.756036213085761
8,RR,31,FEF-R,RT_Pronation_anti_R,0.324870242451273,0.374382877594346,0.699253120045619,0.00769666022764529,0.00832125563254468,6.57920023302211,0.746935317436115
8,RR,32,POJ-R,RT_Pronation_anti_R,0.312559695360184,0.734449586787371,1.04700928214756,0.00937566757835636,0.0101057128752144,6.54386711619818,0.733797729366837
9,SJB,1,V1-L,RT_Pronation_anti_R,0.168131780082441,0.277485878959709,0.44561765904215,0.00558444165518818,0.00606083385645151,6.59499919544914,0.78827324185863
9,SJB,2,V3-L,RT_Pronation_anti_R,0.291740460994826,0.502860217764253,0.794600678759079,0.0075105077087293,0.00811301068826539,6.54493291205525,0.763279741377467
9,SJB,3,STS-L,RT_Pronation_anti_R,0.170965331569793,0.466066024401316,0.637031355971109,0.00698821786427542,0.00758625558356928,6.56188440091991,0.779329740493021
9,SJB,4,IPL-L,RT_Pronation_anti_R,0.510658791836441,0.672191530962907,1.18285032279935,0.00981477020526888,0.0106047579384829,6.50402257409343,0.747299533093969
9,SJB,5,SPL-L,RT_Pronation_anti_R,0.970332156873143,0.277997775752661,1.2483299326258,0.0107225834217655,0.0115925174679125,6.49453872441353,0.749401021558581
9,SJB,6,AG-L,RT_Pronation_anti_R,0.548739139883657,0.571501750142402,1.12024089002606,0.0106626395197997,0.0115631737998854,6.50035618768874,0.752325780834732
9,SJB,7,mIPS-L,RT_Pronation_anti_R,0.774657088215575,0.428175035137037,1.20283212335261,0.01152839357625,0.0125177445083865,6.4924766670715,0.762803597233987
9,SJB,8,VIP-L,RT_Pronation_anti_R,0.524462196209859,0.533517434850818,1.05797963106068,0.0103981068593323,0.0112920532503513,6.50062400429223,0.757072351690324
9,SJB,9,SPOC-L,RT_Pronation_anti_R,0.585487289679001,0.695464584981353,1.28095187466035,0.012289114031994,0.0134144953895717,6.47708907571119,0.757161413570613
9,SJB,10,S1-L,RT_Pronation_anti_R,0.9093603376561,0.668947652869463,1.57830799052556,0.0116587260871931,0.012553191281313,6.46698670900579,0.735303350601547
9,SJB,11,M1-L,RT_Pronation_anti_R,0.587571767289036,0.66810190352642,1.25567367081546,0.0101022544798033,0.0109028180425457,6.50247061481344,0.749737228321917
9,SJB,12,SMA-L,RT_Pronation_anti_R,0.716702904243885,0.236722820259845,0.95342572450373,0.00861312910227585,0.00937095504540058,6.53421704585312,0.765653992035872
9,SJB,13,PMd-L,RT_Pronation_anti_R,0.404467282531932,0.46535006422455,0.869817346756482,0.00850045727499388,0.00916516112456413,6.54024983591612,0.769762536278224
9,SJB,14,PMv-L,RT_Pronation_anti_R,0.0842097120757605,0.46481845976379,0.549028171839551,0.0050209641639254,0.0054314318010023,6.59496126527327,0.785029455026755
9,SJB,15,FEF-L,RT_Pronation_anti_R,0.419067460425541,0.642705205377276,1.06177266580282,0.00902108780045953,0.00972756820010783,6.52802010452385,0.75901679479489
9,SJB,16,POJ-L,RT_Pronation_anti_R,0.415011053158088,0.842253488738189,1.25726454189628,0.0117254715838119,0.0127093266307649,6.48392571544426,0.754141835005826
9,SJB,17,V1-R,RT_Pronation_anti_R,0.307564716768592,0.287008002928255,0.594572719696847,0.00706273460220252,0.00768290655116423,6.56657205509705,0.786901520817486
9,SJB,18,V3-R,RT_Pronation_anti_R,0.377957721543644,0.494042224524086,0.871999946067729,0.00812899778156337,0.00881038226498073,6.53723022812807,0.765093806584717
9,SJB,19,STS-R,RT_Pronation_anti_R,0.175357735934947,0.280594878478171,0.455952614413118,0.00654568117778201,0.00714003857844361,6.57990967204928,0.796299241111878
9,SJB,20,IPL-R,RT_Pronation_anti_R,0.558490588829646,0.388403179995236,0.946893768824882,0.00888187364232181,0.00962151055130466,6.52173975895775,0.765643756435088
9,SJB,21,SPL-R,RT_Pronation_anti_R,0.410723711793024,0.456035479642609,0.866759191435633,0.00838905274745908,0.0091544581471585,6.53596527509452,0.77174680364377
9,SJB,22,AG-R,RT_Pronation_anti_R,0.607102623391662,0.333371813387095,0.940474436778757,0.00735875262034934,0.00792136240213427,6.53493826623457,0.752586326699814
9,SJB,23,mIPS-R,RT_Pronation_anti_R,0.36191836579587,0.504517380860942,0.866435746656811,0.00804780344685897,0.00864810826419011,6.5404704717313,0.755365359810523
9,SJB,24,VIP-R,RT_Pronation_anti_R,0.488574764942416,0.389766156172211,0.878340921114626,0.00844390449620831,0.00921821783396408,6.53508573386302,0.765995889416978
9,SJB,25,SPOC-R,RT_Pronation_anti_R,0.759576192600335,0.741193546890509,1.50076973949084,0.0115488127961608,0.0126115262069691,6.45258176790797,0.718735806326951
9,SJB,26,S1-R,RT_Pronation_anti_R,0.662924811426276,0.356887525285604,1.01981233671188,0.00826637142726588,0.00897152881184872,6.53087855881765,0.767615749485983
9,SJB,27,M1-R,RT_Pronation_anti_R,0.265341528832374,0.546562436801415,0.811903965633789,0.00747468871788686,0.00813546041690423,6.54981752230308,0.776152274810578
9,SJB,28,SMA-R,RT_Pronation_anti_R,0.671391878088031,0.38083612071352,1.05222799880155,0.0096735087291978,0.0105056341632301,6.51400868413293,0.763196096607347
9,SJB,29,PMd-R,RT_Pronation_anti_R,0.395434846238941,0.303553462721406,0.698988308960347,0.00813417963889334,0.00887636135880881,6.54720223531731,0.779890578822504
9,SJB,30,PMv-R,RT_Pronation_anti_R,0.0524689157208681,0.309060561411381,0.36152947713225,0.00386036770209225,0.00417547711728648,6.62288484088878,0.7972281012952
9,SJB,31,FEF-R,RT_Pronation_anti_R,0.20448763738749,0.246751804251999,0.451239441639489,0.00591605431765842,0.00645123626931618,6.58834328278607,0.788678314387617
9,SJB,32,POJ-R,RT_Pronation_anti_R,0.537902141991398,0.486038532234167,1.02394067422556,0.0096144975775446,0.0104623918593164,6.51798449818965,0.758346614575232
10,BG,1,V1-L,RT_Pronation_anti_R,0.0836604858973941,0.203255886411244,0.286916372308638,0.00396799188934353,0.00425622168607241,6.01526713365276,0.531654095984044
10,BG,2,V3-L,RT_Pronation_anti_R,0.201644293592681,0.383428332826015,0.585072626418696,0.00543568427542445,0.00583078907573481,5.97608593901971,0.514614956177078
10,BG,3,STS-L,RT_Pronation_anti_R,0.0641514441362097,0.39043455997768,0.45458600411389,0.00419506333030005,0.0045011670817317,6.00339535408382,0.526593840030881
10,BG,4,IPL-L,RT_Pronation_anti_R,0.297925269565725,0.547671751484533,0.845597021050257,0.00704181067738071,0.00757231547723574,5.93939551014854,0.504284147934242
10,BG,5,SPL-L,RT_Pronation_anti_R,0.84072659401512,0.109580821376969,0.950307415392089,0.00702625904482427,0.0075428139854207,5.93863155546035,0.505754854096058
10,BG,6,AG-L,RT_Pronation_anti_R,0.307389191621771,0.44551130441042,0.752900496032191,0.00665574386532598,0.007140410301825,5.9487021300157,0.507239786111512
10,BG,7,mIPS-L,RT_Pronation_anti_R,0.679699377847758,0.21799672706273,0.897696104910489,0.00695851033861083,0.00745701186294548,5.94107385136676,0.50623736331497
10,BG,8,VIP-L,RT_Pronation_anti_R,0.414040303341322,0.398244657286332,0.812284960627654,0.00693849639007644,0.00743160763257084,5.9414598500155,0.509609965487759
10,BG,9,SPOC-L,RT_Pronation_anti_R,0.33214739137116,0.34671212629759,0.678859517668749,0.00658216575855801,0.00707322303898007,5.95449095137024,0.512702402750398
10,BG,10,S1-L,RT_Pronation_anti_R,0.808975861639317,0.208142913690394,1.01711877532971,0.00735106243104231,0.00787975307390321,5.92275787631215,0.50012152455596
10,BG,11,M1-L,RT_Pronation_anti_R,0.382905183204581,0.211646711397051,0.594551894601632,0.00525800449040539,0.00563964121974087,5.97899302770433,0.517364761091014
10,BG,12,SMA-L,RT_Pronation_anti_R,0.202776729267829,0.37647039588972,0.579247125157549,0.00555030945257904,0.0059362227394448,5.97192701400449,0.512966669051894
10,BG,13,PMd-L,RT_Pronation_anti_R,0.0927529627712195,0.552646820184632,0.645399782955852,0.00450154527118705,0.00481332102822277,5.98956868260585,0.516756535021698
10,BG,14,PMv-L,RT_Pronation_anti_R,0.0518369906636884,0.252728442106144,0.304565432769832,0.00354350783116931,0.00379897207178928,6.02394481466168,0.531398930002106
10,BG,15,FEF-L,RT_Pronation_anti_R,0.394859214507215,0.213008401921296,0.607867616428511,0.00559209285454895,0.00603512235075938,5.96905496915209,0.513666522574533
10,BG,16,POJ-L,RT_Pronation_anti_R,0.2433273697972,0.421845618731019,0.665172988528218,0.00620978921609115,0.00664560565490203,5.96103591888809,0.51423713149113
10,BG,17,V1-R,RT_Pronation_anti_R,0.122275239427284,0.228909676043451,0.351184915470735,0.00433936512020814,0.00465034219994261,6.00503644230915,0.528700773404151
10,BG,18,V3-R,RT_Pronation_anti_R,0.223529264023377,0.213833387184382,0.437362651207759,0.004994055393988,0.00536880666052907,5.98579921701975,0.522986065513103
10,BG,19,STS-R,RT_Pronation_anti_R,0.155517340124327,0.480066249197336,0.635583589321663,0.00532636681226441,0.00570995392473464,5.97650045058198,0.516417557718862
10,BG,20,IPL-R,RT_Pronation_anti_R,0.514054266489188,0.299163741842308,0.813218008331496,0.00699321393304729,0.00748565549136534,5.9445914295263,0.504679332276928
10,BG,21,SPL-R,RT_Pronation_anti_R,0.518948942723207,0.324345208370442,0.84329415109365,0.0067593869416576,0.00724531765051591,5.94189586847105,0.500815425936036
10,BG,22,AG-R,RT_Pronation_anti_R,0.441777178290143,0.155743384067199,0.597520562357342,0.00584346296655352,0.00628062613615973,5.96733676984649,0.51453188992351
10,BG,23,mIPS-R,RT_Pronation_anti_R,0.629564248447364,0.207141601740504,0.836705850187868,0.00668902558204347,0.0071975081142805,5.94860899580974,0.506061878345861
10,BG,24,VIP-R,RT_Pronation_anti_R,0.34563391571186,0.39565854594542,0.74129246165728,0.0069691780999362,0.00751403290734224,5.94329378020705,0.512396918509672
10,BG,25,SPOC-R,RT_Pronation_anti_R,0.512982092370021,0.403581488719311,0.916563581089332,0.00727291642887803,0.00778308410879636,5.93118331819272,0.487638654484952
10,BG,26,S1-R,RT_Pronation_anti_R,0.23028742082655,0.319612575825545,0.549899996652095,0.00577332278449068,0.00622015080932171,5.9712716345857,0.519920051157659
10,BG,27,M1-R,RT_Pronation_anti_R,0.62342870279566,0.301838261199096,0.925266963994756,0.00691691974154298,0.0074512193777887,5.93654749213847,0.504123802702999
10,BG,28,SMA-R,RT_Pronation_anti_R,0.286970636748708,0.494826165012404,0.781796801761112,0.00686901046056152,0.0073639679094765,5.94529839100172,0.50564690052709
10,BG,29,PMd-R,RT_Pronation_anti_R,0.0725302898758255,0.73337524995349,0.805905539829316,0.00459019204152674,0.00491635067336665,5.98001794177705,0.508309008279485
10,BG,30,PMv-R,RT_Pronation_anti_R,0.058977833557447,0.36936873045855,0.428346564015997,0.00420686952658403,0.00452672081939403,6.00549613042828,0.525658667636061
10,BG,31,FEF-R,RT_Pronation_anti_R,0.498566344865057,0.24108669362757,0.739653038492626,0.00561984811499608,0.00606170095265148,5.96645700664775,0.507424348517065
10,BG,32,POJ-R,RT_Pronation_anti_R,0.25351404362472,0.439499992900148,0.693014036524868,0.00583511949761828,0.00628554635329934,5.96517658529591,0.508884793226892
1,DOC,1,V1-L,RT_Down_pro_L,0.171003787896736,0.53712069837492,0.708124486271656,0.0061055863739694,0.00650196116372758,6.3122831723301,0.620628594563064
1,DOC,2,V3-L,RT_Down_pro_L,0.208725088690989,0.189383745312819,0.398108834003808,0.00506533546856857,0.00541223765554928,6.33894310901076,0.633251100123577
1,DOC,3,STS-L,RT_Down_pro_L,0.0634096082049786,0.145951807712392,0.20936141591737,0.00313403895521074,0.00336623392536214,6.3861759189849,0.641446441567128
1,DOC,4,IPL-L,RT_Down_pro_L,0.520184812831651,0.487668803418956,1.00785361625061,0.00917119388969281,0.00983513781305096,6.26392967317711,0.610253423194435
1,DOC,5,SPL-L,RT_Down_pro_L,0.505682615503452,0.277428653733881,0.783111269237333,0.00784804158155873,0.00840836670564499,6.28564980426534,0.617662893545044
1,DOC,6,AG-L,RT_Down_pro_L,0.525955131686716,0.277303392930725,0.803258524617442,0.00780925446136842,0.00836548309941018,6.28166977755061,0.610480104133907
1,DOC,7,mIPS-L,RT_Down_pro_L,0.613252329583162,0.338009302198204,0.951261631781366,0.0086898070905137,0.00931568560250402,6.2636166777649,0.61004614433708
1,DOC,8,VIP-L,RT_Down_pro_L,0.907306384202428,0.293243464563588,1.20054984876602,0.00990512582784847,0.0106155109774198,6.23863877063493,0.604375884200507
1,DOC,9,SPOC-L,RT_Down_pro_L,0.408387532019263,0.34729300516479,0.755680537184053,0.00753895266278549,0.00806605531138456,6.28963557166336,0.61840880155161
1,DOC,10,S1-L,RT_Down_pro_L,0.786575872072129,0.617841269586098,1.40441714165823,0.00982227836810797,0.0104360878887459,6.2295479610181,0.585634999140883
1,DOC,11,M1-L,RT_Down_pro_L,0.224562036110482,0.748246058144202,0.972808094254684,0.0069504657084567,0.00741644454379809,6.28982633104301,0.612603776284929
1,DOC,12,SMA-L,RT_Down_pro_L,0.350240426164963,0.368808023781577,0.719048449946541,0.00711416352239469,0.00758555447755066,6.29696202376296,0.620610404305293
1,DOC,13,PMd-L,RT_Down_pro_L,0.257843336932779,0.600938301219914,0.858781638152693,0.00775774615016344,0.00834268843644143,6.28482720474943,0.615674859970463
1,DOC,14,PMv-L,RT_Down_pro_L,0.0809348932388427,0.402696317290515,0.483631210529358,0.00515528783986236,0.00552382065299077,6.33914212644311,0.626862775722922
1,DOC,15,FEF-L,RT_Down_pro_L,0.274533909027713,0.812753624880145,1.08728753390786,0.00940810808869577,0.0101056017857986,6.2579465174629,0.607967895655575
1,DOC,16,POJ-L,RT_Down_pro_L,0.135795423674974,0.330101991987,0.465897415661974,0.00551190202215313,0.00591112356118576,6.33300885900674,0.630904488707965
1,DOC,17,V1-R,RT_Down_pro_L,0.137011925808628,0.365780518963805,0.502792444772434,0.00526560033180256,0.0056406708313412,6.33193934261889,0.628913721516271
1,DOC,18,V3-R,RT_Down_pro_L,0.175149136671958,0.216932956964091,0.392082093636049,0.00471707585800264,0.00506096763160922,6.34366118654315,0.634625943434511
1,DOC,19,STS-R,RT_Down_pro_L,0.210399348313963,0.430864304016502,0.641263652330465,0.00752739276829332,0.00809734818456813,6.29510359050749,0.630131411894737
1,DOC,20,IPL-R,RT_Down_pro_L,0.358479498338437,0.336998107523862,0.6954776058623,0.00749666700814999,0.00802039334088344,6.29394626751838,0.620839758604846
1,DOC,21,SPL-R,RT_Down_pro_L,0.76166091312906,0.424980189732638,1.1866411028617,0.0103319385484892,0.0110229843276353,6.2355606263643,0.589088296689371
1,DOC,22,AG-R,RT_Down_pro_L,0.868280580860454,0.373745311492031,1.24202589235249,0.0102159033355525,0.0109318931959127,6.23535141316336,0.599518550504009
1,DOC,23,mIPS-R,RT_Down_pro_L,0.695473168923896,0.483631713533655,1.17910488245755,0.0102851642218798,0.0110121403595651,6.2433718962399,0.600924336327642
1,DOC,24,VIP-R,RT_Down_pro_L,0.415480968841784,0.383589952406007,0.79907092124779,0.00738175315100768,0.00791917666548497,6.28880388914546,0.610111396624027
1,DOC,25,SPOC-R,RT_Down_pro_L,0.601678856257383,0.499719336309301,1.10139819256668,0.00986017265060418,0.0105094424938644,6.25159320319819,0.587125625476161
1,DOC,26,S1-R,RT_Down_pro_L,0.490308885262627,0.355755981819338,0.846064867081965,0.00861018573507077,0.00921811897883291,6.27216199992776,0.61018984235309
1,DOC,27,M1-R,RT_Down_pro_L,0.418428043170473,0.346033934072887,0.76446197724336,0.00706404687725052,0.00754237887029703,6.29547246387511,0.612622114643474
1,DOC,28,SMA-R,RT_Down_pro_L,0.676217938381526,0.288624865981111,0.964842804362637,0.00798689815400813,0.00856068531926083,6.27542151532725,0.608409601296713
1,DOC,29,PMd-R,RT_Down_pro_L,0.2128822759825,0.428601276579916,0.641483552562416,0.00657883914183715,0.0070203854364792,6.30245816040995,0.616905804923808
1,DOC,30,PMv-R,RT_Down_pro_L,0.111882556237497,0.39512375290147,0.507006309138967,0.00547744508777223,0.00584961829879624,6.33173506832322,0.625754267253357
1,DOC,31,FEF-R,RT_Down_pro_L,0.341229418455226,0.441453325042993,0.78268274349822,0.0078887724857634,0.00842693070457381,6.28351743452752,0.612199351263592
1,DOC,32,POJ-R,RT_Down_pro_L,0.454423876116951,0.416756590954286,0.871180467071238,0.00930224738823717,0.00998414973151717,6.26758723791211,0.613999607650698
2,GB,1,V1-L,RT_Down_pro_L,0.131849477367203,0.256945153963079,0.388794631330282,0.00406380284145807,0.00440309571118518,6.16939720905556,0.653143068720841
2,GB,2,V3-L,RT_Down_pro_L,0.175455291219131,0.270145408649753,0.445600699868884,0.00513080851090591,0.00560174288642642,6.15091356508371,0.656503919672507
2,GB,3,STS-L,RT_Down_pro_L,0.0770210191584419,0.115628719653586,0.192649738812028,0.0030170831575558,0.00329844360060759,6.20246653564306,0.670028021367743
2,GB,4,IPL-L,RT_Down_pro_L,0.474238497700271,0.347155210055419,0.821393707755689,0.00673375204096024,0.00731108378235176,6.10867516772119,0.63121989500043
2,GB,5,SPL-L,RT_Down_pro_L,0.77005754527138,0.234517716990019,1.0045752622614,0.00721041949912531,0.00787614852316772,6.09060654837268,0.636308658311417
2,GB,6,AG-L,RT_Down_pro_L,0.641125724069996,0.223060722409609,0.864186446479605,0.00667855011644545,0.00727815952652235,6.10556612598891,0.633163436374407
2,GB,7,mIPS-L,RT_Down_pro_L,0.783598428352419,0.261178352736777,1.0447767810892,0.00798808427850655,0.00870891497758614,6.07921999926638,0.627321747011368
2,GB,8,VIP-L,RT_Down_pro_L,0.513795872780462,0.433579525304368,0.94737539808483,0.00748712046866228,0.00814215391720469,6.09028164422187,0.631287727557867
2,GB,9,SPOC-L,RT_Down_pro_L,0.738221958373973,0.680239598809673,1.41846155718365,0.0100858871638308,0.0109418801406029,6.03573461780264,0.586650769322761
2,GB,10,S1-L,RT_Down_pro_L,0.409548032119413,0.428816875034491,0.838364907153904,0.00738671157176364,0.00798878773925108,6.10131837452775,0.632823963629882
2,GB,11,M1-L,RT_Down_pro_L,0.347330408131823,0.411716305023983,0.759046713155806,0.00710988904019783,0.0076856751984538,6.1065729433437,0.638890470670798
2,GB,12,SMA-L,RT_Down_pro_L,0.673874510825093,0.254459906129987,0.92833441695508,0.00750359615491964,0.0081504031025764,6.09487505880162,0.636212931756532
2,GB,13,PMd-L,RT_Down_pro_L,0.0799142700072322,0.722277230750606,0.802191500757839,0.00542729721391083,0.00592123185829031,6.1297489633228,0.646567026328841
2,GB,14,PMv-L,RT_Down_pro_L,0.0653263443865089,0.278294388947401,0.34362073333391,0.00396244862311507,0.00430925202928871,6.17327120380884,0.660016320199901
2,GB,15,FEF-L,RT_Down_pro_L,0.217014664534386,0.679367447006217,0.896382111540603,0.00737164701230902,0.00805639010332794,6.0959908849769,0.638867933564451
2,GB,16,POJ-L,RT_Down_pro_L,0.437270173196228,0.768506372601558,1.20577654579779,0.00788137601157916,0.00854467556512586,6.07703835344142,0.624022110524644
2,GB,17,V1-R,RT_Down_pro_L,0.18077624951512,0.242139759674301,0.422916009189422,0.00469334648641721,0.00512995485998882,6.15537507774509,0.654554464805017
2,GB,18,V3-R,RT_Down_pro_L,0.184035622863715,0.415581003923313,0.599616626787028,0.00519170265079793,0.00565338457697119,6.13582400468351,0.641874638129501
2,GB,19,STS-R,RT_Down_pro_L,0.186233312271869,0.390544875828831,0.5767781881007,0.00602164955525237,0.00654436337098945,6.13334493004965,0.648171325376565
2,GB,20,IPL-R,RT_Down_pro_L,0.418812967952332,0.463391916777806,0.882204884730138,0.00712419446414942,0.00775804154981225,6.09813983166336,0.632726504015883
2,GB,21,SPL-R,RT_Down_pro_L,0.440075314629751,0.242921587259379,0.68299690188913,0.00623545307861226,0.0067872907975062,6.11940122050081,0.637603773528326
2,GB,22,AG-R,RT_Down_pro_L,0.419328420544245,0.296244871052456,0.715573291596702,0.00659560024004469,0.00720900908636711,6.11177446784387,0.631202983617975
2,GB,23,mIPS-R,RT_Down_pro_L,0.554619150480988,0.177270259523436,0.731889410004424,0.00700342190957427,0.00766223405881149,6.10717503359837,0.648581724296868
2,GB,24,VIP-R,RT_Down_pro_L,0.436337040215011,0.397431630307773,0.833768670522785,0.0073290607754236,0.00799680667460621,6.10326855696204,0.641273411439801
2,GB,25,SPOC-R,RT_Down_pro_L,0.62967017919227,0.362397205557965,0.992067384750235,0.00812859631587852,0.00885126737427915,6.07203139304456,0.613778879574909
2,GB,26,S1-R,RT_Down_pro_L,0.784316250141737,0.233120042450321,1.01743629259206,0.00716500880094595,0.00779255133702923,6.09593279379252,0.631157310135595
2,GB,27,M1-R,RT_Down_pro_L,0.199537513141806,0.490319775674949,0.689857288816755,0.00524606609338489,0.0056732400960184,6.14167120678935,0.639698337935985
2,GB,28,SMA-R,RT_Down_pro_L,0.455867379109949,0.295776845575562,0.751644224685511,0.00623131490987893,0.00675925641034987,6.11663370360123,0.643193156734358
2,GB,29,PMd-R,RT_Down_pro_L,0.302389116621209,0.716869466309395,1.0192585829306,0.00849492811464957,0.00925208834507557,6.07557066107654,0.624569230835584
2,GB,30,PMv-R,RT_Down_pro_L,0.0816698534223833,0.315639283382928,0.397309136805311,0.00455584391843316,0.0049643275403778,6.16156160259622,0.662561794722898
2,GB,31,FEF-R,RT_Down_pro_L,0.219833287926779,0.414333323832879,0.634166611759658,0.00557497746173019,0.00604778279835817,6.13369882115324,0.647613530781242
2,GB,32,POJ-R,RT_Down_pro_L,0.269717378657061,0.478990472982369,0.74870785163943,0.00648271152366249,0.0070472227605234,6.11402314666059,0.633092008533219
3,JDC,1,V1-L,RT_Down_pro_L,0.218805888627273,0.320529948836739,0.539335837464012,0.00588827124980003,0.00642598901873251,6.40412935213674,0.757607539830997
3,JDC,2,V3-L,RT_Down_pro_L,0.240575877583536,0.669538076747032,0.910113954330568,0.00721292334719542,0.00786200198700157,6.36630855547997,0.742246366718019
3,JDC,3,STS-L,RT_Down_pro_L,0.184140247055515,0.123120926822632,0.307261173878148,0.00414792511402492,0.00453576528201961,6.44252943129873,0.769119307103108
3,JDC,4,IPL-L,RT_Down_pro_L,0.359455786539513,0.235495025074961,0.594950811614475,0.00618801147259717,0.00679636914516584,6.39603134647407,0.755159965584247
3,JDC,5,SPL-L,RT_Down_pro_L,0.704869468969205,0.497553302041907,1.20242277101111,0.01000325115002,0.0109155295572236,6.32163645533983,0.717169932451225
3,JDC,6,AG-L,RT_Down_pro_L,0.568903821631377,0.412016750606179,0.980920572237556,0.00831739162816581,0.00909355481498635,6.35176254524765,0.73227904746312
3,JDC,7,mIPS-L,RT_Down_pro_L,0.671773479200349,0.249769932703124,0.921543411903473,0.00817193187402011,0.00893960155881311,6.35561778436434,0.739217989323047
3,JDC,8,VIP-L,RT_Down_pro_L,0.522355522294311,0.628672975296137,1.15102849759045,0.00988566596207488,0.0107980413591194,6.32747245707205,0.733296699702481
3,JDC,9,SPOC-L,RT_Down_pro_L,0.552516729063321,0.548740199561984,1.10125692862531,0.00913325262651161,0.0099542259627773,6.32909757488888,0.723031565386404
3,JDC,10,S1-L,RT_Down_pro_L,0.756247571301718,0.290766086807904,1.04701365810962,0.00716275861451581,0.00785466053728895,6.35577166272016,0.731464786939282
3,JDC,11,M1-L,RT_Down_pro_L,0.490065902587904,0.520740892631886,1.01080679521979,0.00683213709132424,0.00747353233563805,6.36379319092669,0.73085243986219
3,JDC,12,SMA-L,RT_Down_pro_L,0.503470770448958,0.320542074533009,0.824012844981968,0.00739815774145898,0.00812163627993548,6.37457830799588,0.744055634592757
3,JDC,13,PMd-L,RT_Down_pro_L,0.320749629687851,0.541152518923016,0.861902148610867,0.00783506809472482,0.00855213721020839,6.36375305276189,0.740009799961335
3,JDC,14,PMv-L,RT_Down_pro_L,0.0790595291138679,0.668718456888552,0.74777798600242,0.00572156064182416,0.00624782556061443,6.39929354131831,0.754046881197477
3,JDC,15,FEF-L,RT_Down_pro_L,0.502260673966175,0.262240689141143,0.764501363107318,0.00688691742944125,0.00757090884829474,6.37783031918471,0.749454699689146
3,JDC,16,POJ-L,RT_Down_pro_L,0.423235383198956,0.37909801234688,0.802333395545836,0.00729030414069513,0.00790327146411608,6.36533848726059,0.741741348381517
3,JDC,17,V1-R,RT_Down_pro_L,0.183317888406067,0.62461204919613,0.807929937602197,0.0077457248336355,0.00847606038581547,6.37317465214606,0.752407726430485
3,JDC,18,V3-R,RT_Down_pro_L,0.304251578368627,0.266862909403003,0.57111448777163,0.00638525424166735,0.00697349134724504,6.39628338597199,0.761197167841427
3,JDC,19,STS-R,RT_Down_pro_L,0.118506285518242,0.204190750869864,0.322697036388106,0.00430943930366711,0.00469994570688798,6.4387973477587,0.767090445427594
3,JDC,20,IPL-R,RT_Down_pro_L,0.593825913449638,0.52866256671742,1.12248848016706,0.00979933100522463,0.0107559701524118,6.32517057279918,0.734574458851194
3,JDC,21,SPL-R,RT_Down_pro_L,0.465503893714972,0.82708919503757,1.29259308875254,0.0101726428691698,0.0110133416600518,6.31827001428456,0.727610863799638
3,JDC,22,AG-R,RT_Down_pro_L,0.426345439211862,0.277879669165997,0.704225108377859,0.0069829711392283,0.00756604320867737,6.38512992800847,0.750588525746219
3,JDC,23,mIPS-R,RT_Down_pro_L,0.797184541622292,0.336046212573934,1.13323075419623,0.00952600253613954,0.0103127720215406,6.33470818798356,0.732621666752561
3,JDC,24,VIP-R,RT_Down_pro_L,0.876392230033604,0.480961542516879,1.35735377255048,0.0106715401785803,0.0116643516685717,6.30898484472135,0.718759517427506
3,JDC,25,SPOC-R,RT_Down_pro_L,0.254415461882158,0.445446266105411,0.699861727987569,0.00693345692690768,0.00754080238637332,6.38144007940403,0.746105443982242
3,JDC,26,S1-R,RT_Down_pro_L,0.498852990147786,0.309213835058602,0.808066825206388,0.00784493439520023,0.00855932781636402,6.36386758849488,0.741382787636894
3,JDC,27,M1-R,RT_Down_pro_L,0.368083463472852,0.327108597049492,0.695192060522345,0.00689465303034398,0.00753341842364701,6.38673203977929,0.753812178181833
3,JDC,28,SMA-R,RT_Down_pro_L,0.516904492897894,0.517475664990486,1.03438015788838,0.0085964066886905,0.00941465548835227,6.34445010475841,0.730545677657307
3,JDC,29,PMd-R,RT_Down_pro_L,0.439784311856594,0.298271905155997,0.738056217012591,0.00719306840102308,0.00788312227459649,6.3765112882877,0.749279562186568
3,JDC,30,PMv-R,RT_Down_pro_L,0.100082887552981,0.631119469752428,0.73120235730541,0.00575094589131225,0.00625259637363363,6.40077023764793,0.749895162993101
3,JDC,31,FEF-R,RT_Down_pro_L,0.278021611670527,0.503297820238615,0.781319431909142,0.00706683592458261,0.00770549584701189,6.37239041437958,0.742881849603779
3,JDC,32,POJ-R,RT_Down_pro_L,0.567333033943125,0.640357982224139,1.20769101616726,0.00957177805261469,0.0103309872352216,6.32314951512169,0.707037360981173
4,JFXD,1,V1-L,RT_Down_pro_L,0.224072162223752,1.52043066444317,1.74450282666692,0.0124500268894897,0.0132824246824403,6.98015093082402,0.890764223037386
4,JFXD,2,V3-L,RT_Down_pro_L,0.300827923266614,0.845603137702603,1.14643106096922,0.0103738224375593,0.0110955468283882,7.02082140969739,0.910962861499178
4,JFXD,3,STS-L,RT_Down_pro_L,0.339032492618556,0.806035765621263,1.14506825823982,0.0113373067877823,0.0121162064756812,7.02180006634857,0.913699375182069
4,JFXD,4,IPL-L,RT_Down_pro_L,0.841219100928347,0.31735204661775,1.1585711475461,0.0108103463543416,0.0115086091482774,7.01401784511331,0.896456959087409
4,JFXD,5,SPL-L,RT_Down_pro_L,0.994779164190498,0.385442852817258,1.38022201700776,0.0121245515727753,0.0130298393536498,7.00062011795806,0.904680748576514
4,JFXD,6,AG-L,RT_Down_pro_L,0.569904928118007,0.458356566864363,1.02826149498237,0.0111636069856591,0.0120192225409818,7.02085319142105,0.91635518290239
4,JFXD,7,mIPS-L,RT_Down_pro_L,0.884966159271061,0.37902070071489,1.26398685998595,0.0117860061500347,0.0126433320529978,7.00581962068865,0.908872601776558
4,JFXD,8,VIP-L,RT_Down_pro_L,0.827765814141836,0.470728114387598,1.29849392852943,0.0130641300693767,0.0140102903064682,6.99316505822735,0.902768002348343
4,JFXD,9,SPOC-L,RT_Down_pro_L,0.799765821623752,0.236191234433433,1.03595705605719,0.00984150300013597,0.0105878837079231,7.03411448004564,0.910315158158267
4,JFXD,10,S1-L,RT_Down_pro_L,0.818148085965003,0.316221679162986,1.13436976512799,0.0117193979337005,0.0125634391844899,7.01140356942958,0.910546098326141
4,JFXD,11,M1-L,RT_Down_pro_L,0.86121876014327,0.284439944402273,1.14565870454554,0.0102275144232235,0.0109377856376116,7.01645262757626,0.907687011831111
4,JFXD,12,SMA-L,RT_Down_pro_L,0.701636684868743,0.515936182300105,1.21757286716885,0.0100235550070812,0.0107476291570502,7.02319634427857,0.900410220777575
4,JFXD,13,PMd-L,RT_Down_pro_L,0.839167950782516,0.333739242555468,1.17290719333798,0.0112953696997431,0.0120920705821657,7.00754581143925,0.909385259553077
4,JFXD,14,PMv-L,RT_Down_pro_L,0.100780301403271,1.20288985929055,1.30367016069382,0.00896084686672692,0.00959556380663673,7.03478102403779,0.895326853598271
4,JFXD,15,FEF-L,RT_Down_pro_L,0.602080444264976,0.632372115997747,1.23445256026272,0.0108724195297724,0.0117060589761757,7.00316487044393,0.868143331779994
4,JFXD,16,POJ-L,RT_Down_pro_L,0.674623653644699,0.327817455311989,1.00244110895669,0.0111018763175033,0.0118670692110387,7.02475072573681,0.915530489938051
4,JFXD,17,V1-R,RT_Down_pro_L,0.250920552702103,1.00257753412527,1.25349808682738,0.0100160852359546,0.0107163814242935,7.01849718929502,0.904827023949411
4,JFXD,18,V3-R,RT_Down_pro_L,0.198741658684039,0.539440443365307,0.738182102049346,0.00828079618249654,0.00885401926054249,7.05909629676157,0.919911087541552
4,JFXD,19,STS-R,RT_Down_pro_L,0.321457447826606,0.366906159542332,0.688363607368939,0.00876634842725496,0.00941290358224932,7.06148134420541,0.925597453852514
4,JFXD,20,IPL-R,RT_Down_pro_L,0.977401808020518,0.847809072116005,1.82521088013652,0.0122161122225254,0.0129989403705888,6.95756557679231,0.865107052396977
4,JFXD,21,SPL-R,RT_Down_pro_L,0.989772527420947,0.494692353346791,1.48446488076774,0.0127805635862332,0.0136293976888084,6.98033715848326,0.886491324897794
4,JFXD,22,AG-R,RT_Down_pro_L,0.863489899346641,0.387671905441031,1.25116180478767,0.0113708879662169,0.0121849773481624,7.00716321446795,0.893797397872093
4,JFXD,23,mIPS-R,RT_Down_pro_L,0.870031885913326,0.302666196318243,1.17269808223157,0.0107098204619856,0.011465580328563,7.02075048780575,0.904867397022253
4,JFXD,24,VIP-R,RT_Down_pro_L,0.714796370556723,0.684913358600666,1.39970972915739,0.0120037586318078,0.0128446630865218,6.9980780745809,0.893367265411519
4,JFXD,25,SPOC-R,RT_Down_pro_L,0.94125467685232,0.640442600829614,1.58169727768193,0.014682639168129,0.0157207594994834,6.96633156861875,0.884384534459797
4,JFXD,26,S1-R,RT_Down_pro_L,0.378091326501948,1.56710940659727,1.94520073309922,0.0129258794253027,0.0138339375165914,6.96043671138297,0.863445109549895
4,JFXD,27,M1-R,RT_Down_pro_L,0.996921316100797,0.995804220896123,1.99272553699692,0.0154180687319863,0.0165161178412971,6.93070343233623,0.869343715105796
4,JFXD,28,SMA-R,RT_Down_pro_L,0.943180923507003,0.389755048693197,1.3329359722002,0.0102669357477339,0.0110231713186487,7.01274435411713,0.892196428098978
4,JFXD,29,PMd-R,RT_Down_pro_L,0.251730704305904,1.31474016206483,1.56647086637073,0.0123959396616184,0.0132191785819223,6.9849861672281,0.893502680623902
4,JFXD,30,PMv-R,RT_Down_pro_L,0.0674926151360476,0.62435536419361,0.691847979329657,0.00631291087142337,0.00680734748215727,7.07653591343756,0.918559356789654
4,JFXD,31,FEF-R,RT_Down_pro_L,0.234522835691463,0.485361899057585,0.719884734749048,0.00869476733742142,0.00933582943564434,7.06106576074109,0.921917832008533
4,JFXD,32,POJ-R,RT_Down_pro_L,0.742871795508298,0.445844503718265,1.18871629922656,0.0120806362821382,0.012994724877851,7.00747952110591,0.908006382948996
5,JZ,1,V1-L,RT_Down_pro_L,0.0943750189713439,0.215255633785408,0.309630652756752,0.00395328251428942,0.00424358318220241,6.04271577257458,0.538420042320768
5,JZ,2,V3-L,RT_Down_pro_L,0.235373775546213,0.187829163762063,0.423202939308276,0.00454002018079108,0.00490521161046338,6.0216669728822,0.529886439288041
5,JZ,3,STS-L,RT_Down_pro_L,0.0899544544589102,0.185075718249462,0.275030172708372,0.00303582795609705,0.00326983674585958,6.05951444835232,0.537341665619762
5,JZ,4,IPL-L,RT_Down_pro_L,0.401509905500379,0.427178411576511,0.82868831707689,0.00662102280143306,0.00709826422308226,5.97839579147081,0.507245010095293
5,JZ,5,SPL-L,RT_Down_pro_L,0.652342313401864,0.346228655527598,0.998570968929462,0.00792597600415613,0.00853867692972212,5.94865965033849,0.509171600295193
5,JZ,6,AG-L,RT_Down_pro_L,0.464948110442843,0.437827971311016,0.902776081753859,0.00781186923934449,0.00836902998421052,5.95932097616817,0.509768500022079
5,JZ,7,mIPS-L,RT_Down_pro_L,0.700513952480364,0.201447900677193,0.901961853157557,0.00711975293662905,0.0076732444022204,5.96590620182578,0.512987536755492
5,JZ,8,VIP-L,RT_Down_pro_L,0.632985835325956,0.239634964966945,0.872620800292901,0.00697564316443163,0.00751494034685737,5.96696170092529,0.509351666226944
5,JZ,9,SPOC-L,RT_Down_pro_L,0.521282672219662,0.467309945981979,0.988592618201641,0.00892394037211808,0.00951540134477161,5.9348299504296,0.495648366063496
5,JZ,10,S1-L,RT_Down_pro_L,0.554449937328608,0.862842677767336,1.41729261509594,0.00871445371492625,0.00932576324349618,5.92283870586163,0.483938908918839
5,JZ,11,M1-L,RT_Down_pro_L,0.110863406121504,0.8333160373019,0.944179443423404,0.00610379117614437,0.00655114145818187,5.97614532130297,0.508262306678183
5,JZ,12,SMA-L,RT_Down_pro_L,0.188676853902647,0.292860898875267,0.481537752777915,0.00478401056319309,0.00510563061008757,6.0204182024377,0.529223045895102
5,JZ,13,PMd-L,RT_Down_pro_L,0.284787440812504,0.375836027333804,0.660623468146308,0.00633682798075305,0.00679302007411266,5.9831766539684,0.515764562733392
5,JZ,14,PMv-L,RT_Down_pro_L,0.0487400464759935,0.198649533368919,0.247389579844913,0.00324367682952567,0.00351006927477281,6.05858467767088,0.54122964056353
5,JZ,15,FEF-L,RT_Down_pro_L,0.138295754835644,0.245735133291709,0.384030888127352,0.00423824982556145,0.00455961098318237,6.03341198202908,0.526908204909545
5,JZ,16,POJ-L,RT_Down_pro_L,0.132865263410955,0.479146158301385,0.61201142171234,0.00496478529374341,0.0053373023449527,6.00557971384108,0.516690501739302
5,JZ,17,V1-R,RT_Down_pro_L,0.120030254810706,0.549672212056543,0.66970246686725,0.00547345413580388,0.00582430001345491,6.00459952416018,0.523603565242355
5,JZ,18,V3-R,RT_Down_pro_L,0.315427735153239,0.367517410474784,0.682945145628023,0.00695746638951115,0.00744725059043704,5.97889211903951,0.523323411764463
5,JZ,19,STS-R,RT_Down_pro_L,0.141766795843696,0.218090028073528,0.359856823917223,0.00463779772188153,0.00496040682065419,6.02782946983469,0.536856277031011
5,JZ,20,IPL-R,RT_Down_pro_L,0.64137489886379,0.199700275184998,0.841075174048788,0.00779880032867453,0.00835284408672854,5.96136973300764,0.516702491255201
5,JZ,21,SPL-R,RT_Down_pro_L,0.374884016902085,0.382264302656151,0.757148319558235,0.00737232884906945,0.00790580630457104,5.96986843791358,0.512491183333888
5,JZ,22,AG-R,RT_Down_pro_L,0.438599107246051,0.356668065074794,0.795267172320845,0.00778611908723069,0.00832980354139839,5.96077289820798,0.514704175480901
5,JZ,23,mIPS-R,RT_Down_pro_L,0.316313345801899,0.296780668072149,0.613094013874048,0.00670968503663106,0.0071796394969531,5.98588095314446,0.51654869064446
5,JZ,24,VIP-R,RT_Down_pro_L,0.699652546759376,0.287118139290669,0.986770686050044,0.00866332591823268,0.00927361451636143,5.94427871516118,0.504868709662969
5,JZ,25,SPOC-R,RT_Down_pro_L,0.48601974588384,0.306429944772339,0.792449690656178,0.00660366991391832,0.00705379761869601,5.97920706312209,0.513499178335664
5,JZ,26,S1-R,RT_Down_pro_L,0.294275716579785,0.202944034187524,0.497219750767309,0.00595339130344077,0.00639436555014123,5.99934757917767,0.530670589069743
5,JZ,27,M1-R,RT_Down_pro_L,0.289981170907462,0.443187713512381,0.733168884419843,0.00691789962659924,0.00737888825008848,5.97814781624745,0.519051605187037
5,JZ,28,SMA-R,RT_Down_pro_L,0.674615992069477,0.151104477962805,0.825720470032282,0.00731025538878351,0.00785982342065352,5.96784630155235,0.518963751377906
5,JZ,29,PMd-R,RT_Down_pro_L,0.206694216268635,0.234915667586148,0.441609883854783,0.00529138347257945,0.00566525634446413,6.01326106755402,0.530348457935073
5,JZ,30,PMv-R,RT_Down_pro_L,0.0859118421747035,0.227432019228566,0.313343861403269,0.00400018270899611,0.00429684866018977,6.04007736764926,0.539684425897274
5,JZ,31,FEF-R,RT_Down_pro_L,0.11926956075272,0.302702009837643,0.421971570590363,0.00462859182768387,0.00496444739952155,6.02314345493678,0.531703575770741
5,JZ,32,POJ-R,RT_Down_pro_L,0.309258437707649,0.243338324910987,0.552596762618636,0.00581942710680013,0.00626497892628882,5.99980053484589,0.52867335209449
6,LT,1,V1-L,RT_Down_pro_L,0.141217624955019,0.381717533376816,0.522935158331835,0.00587765066499064,0.00632606221038158,6.40352969327803,0.676128747868397
6,LT,2,V3-L,RT_Down_pro_L,0.204455744991291,0.447372228551944,0.651827973543236,0.00685898405059366,0.00733774329857594,6.38854160727308,0.667217470875712
6,LT,3,STS-L,RT_Down_pro_L,0.103351872843764,0.454078585876522,0.557430458720285,0.00593517179966215,0.00638997705764687,6.40584035431979,0.674495178557138
6,LT,4,IPL-L,RT_Down_pro_L,0.687413717569853,0.387672621285505,1.07508633885536,0.00926934323893237,0.00998764385858158,6.33105407130355,0.638891405481061
6,LT,5,SPL-L,RT_Down_pro_L,0.837315588875256,0.749470590731185,1.58678617960644,0.0121513072925739,0.0130646763688851,6.27709615839414,0.614934353984792
6,LT,6,AG-L,RT_Down_pro_L,0.401953047890881,0.52314221604378,0.925095263934661,0.00902087576574834,0.00973334213866784,6.34840464847718,0.658802494586358
6,LT,7,mIPS-L,RT_Down_pro_L,0.59867510659029,0.614231820044309,1.2129069266346,0.0108682351651634,0.0116718779529983,6.31985604151128,0.637788876683018
6,LT,8,VIP-L,RT_Down_pro_L,0.569501231358147,0.401723075908132,0.971224307266279,0.00956123841008844,0.0103615762705095,6.34013298544448,0.653096670929597
6,LT,9,SPOC-L,RT_Down_pro_L,0.713631970689045,0.337231061663569,1.05086303235261,0.00918889101720924,0.00988569676332502,6.33885506444923,0.649292502108139
6,LT,10,S1-L,RT_Down_pro_L,0.195021716519878,0.457242038917841,0.652263755437719,0.00705975276605933,0.00764271608715301,6.37981437710041,0.672147823606589
6,LT,11,M1-L,RT_Down_pro_L,0.339610609618319,0.339318934674101,0.67892954429242,0.00682493956801388,0.00744189938916148,6.38043301044039,0.667889686233409
6,LT,12,SMA-L,RT_Down_pro_L,0.682623194141249,0.290295149987955,0.972918344129204,0.00847473354916029,0.009180038759883,6.3453513883628,0.656014990667188
6,LT,13,PMd-L,RT_Down_pro_L,0.233322814055088,0.704167480809042,0.93749029486413,0.00650951878299429,0.00701641783919304,6.36363175410418,0.652289015875502
6,LT,14,PMv-L,RT_Down_pro_L,0.0882644337780705,0.279771658585077,0.368036092363147,0.00502735862698235,0.00543195220912048,6.42609467304425,0.684000562000434
6,LT,15,FEF-L,RT_Down_pro_L,0.294812317468087,0.372301568692226,0.667113886160313,0.00667854520853901,0.00717315523230364,6.38237135220933,0.664110820200527
6,LT,16,POJ-L,RT_Down_pro_L,0.60252593190957,0.336872046966844,0.939397978876415,0.00827818191750163,0.00887413036879872,6.35555588883193,0.652264292235869
6,LT,17,V1-R,RT_Down_pro_L,0.13624660352741,0.535986308946813,0.672232912474223,0.00637772247863413,0.00687246904913539,6.39611970889654,0.670746172679472
6,LT,18,V3-R,RT_Down_pro_L,0.210287610295812,0.493868891355439,0.704156501651251,0.00696311513369361,0.00748324458765183,6.3821767904829,0.666970628595551
6,LT,19,STS-R,RT_Down_pro_L,0.101759725105848,0.31217786545224,0.413937590558088,0.00545634473400896,0.00587957843810913,6.4175524528186,0.679526290857255
6,LT,20,IPL-R,RT_Down_pro_L,0.774916623423898,0.222224395344166,0.997141018768063,0.00949254625444977,0.010237938434875,6.33986726082671,0.66003059207557
6,LT,21,SPL-R,RT_Down_pro_L,0.504011721929845,0.679686924523355,1.1836986464532,0.0100965764415582,0.0108627461226944,6.32399917902748,0.634724940435287
6,LT,22,AG-R,RT_Down_pro_L,0.471444048229511,0.380709663312529,0.852153711542039,0.00746367734555968,0.00803045961615722,6.36985608691281,0.655397624824564
6,LT,23,mIPS-R,RT_Down_pro_L,0.931803701183113,0.380007653536977,1.31181135472009,0.0102753582951235,0.0110208519178173,6.31648923021291,0.631988878028738
6,LT,24,VIP-R,RT_Down_pro_L,0.763180562806157,0.343381046021508,1.10656160882767,0.0100106039466087,0.0107934552270503,6.32427414917539,0.647868637593614
6,LT,25,SPOC-R,RT_Down_pro_L,0.555311271070343,0.56532848726001,1.12063975833035,0.00957821052436813,0.0102923961297726,6.33027327747273,0.646384607679634
6,LT,26,S1-R,RT_Down_pro_L,0.549918314549743,0.314774936427699,0.864693250977442,0.00846903137844799,0.00912251227564986,6.35604047786624,0.661836500522647
6,LT,27,M1-R,RT_Down_pro_L,0.268509788472012,0.312315870906299,0.580825659378312,0.00669581925371447,0.00724932289816815,6.38760705752838,0.672510845904676
6,LT,28,SMA-R,RT_Down_pro_L,0.550561892763475,0.449601343466508,1.00016323622998,0.00909218744010824,0.00984276727782532,6.33889691587793,0.653044213593721
6,LT,29,PMd-R,RT_Down_pro_L,0.239270906413236,0.466323834848926,0.705594741262162,0.00679096094022748,0.00737566897074595,6.38303346403975,0.668094172608634
6,LT,30,PMv-R,RT_Down_pro_L,0.102431528060144,0.22534232896247,0.327773857022614,0.00466157548637099,0.0050503439415939,6.43242420154523,0.686184156321862
6,LT,31,FEF-R,RT_Down_pro_L,0.180521024234709,0.24731857673876,0.427839600973469,0.00542856055223286,0.00586126709152574,6.41645941040898,0.677868703988173
6,LT,32,POJ-R,RT_Down_pro_L,0.419897672105128,0.448113178205646,0.868010850310774,0.00836810309746988,0.00903480062126824,6.36049209899768,0.659766098987514
7,NvA,1,V1-L,RT_Down_pro_L,0.0721880708676769,0.259612187921966,0.331800258789643,0.00409543610091261,0.00442173962857616,5.9806614288967,0.529919513617647
7,NvA,2,V3-L,RT_Down_pro_L,0.141216482171689,0.255765117511269,0.396981599682958,0.0043259893860532,0.00466908417035078,5.97273785295345,0.519068443504789
7,NvA,3,STS-L,RT_Down_pro_L,0.0853855559893471,0.327239906318389,0.412625462307736,0.00454249823472054,0.00491970398949708,5.96510665322706,0.522209477089876
7,NvA,4,IPL-L,RT_Down_pro_L,0.373193180259401,0.698667755495268,1.07186093575467,0.00770052334442162,0.00833629930346574,5.88960989361657,0.50051728016981
7,NvA,5,SPL-L,RT_Down_pro_L,0.285348862173482,0.419225666978998,0.704574529152481,0.00651090304149227,0.00699886401324751,5.92428056185532,0.504705669015745
7,NvA,6,AG-L,RT_Down_pro_L,0.479049049568254,0.168477446135321,0.647526495703576,0.00558094409258767,0.0060004095818256,5.94108175806686,0.512016151698229
7,NvA,7,mIPS-L,RT_Down_pro_L,0.61570460368979,0.245961471893477,0.861666075583266,0.00667489760861631,0.00716292325743229,5.91011176504982,0.495195427319993
7,NvA,8,VIP-L,RT_Down_pro_L,0.509545018215885,0.265875061994088,0.775420080209973,0.00656684369093618,0.00705232101723509,5.91658231076059,0.500946005369636
7,NvA,9,SPOC-L,RT_Down_pro_L,0.442838697096948,0.60117314201584,1.04401183911279,0.00866203208734242,0.00939174550560223,5.87378380096993,0.490085408807349
7,NvA,10,S1-L,RT_Down_pro_L,0.861652341968218,0.400699629215782,1.262351971184,0.00895642841418006,0.0096991407295689,5.8667878846235,0.491536311680369
7,NvA,11,M1-L,RT_Down_pro_L,0.256466408456587,0.471572136910576,0.728038545367163,0.00644447687987602,0.00694893442313788,5.92411845453899,0.513378955723469
7,NvA,12,SMA-L,RT_Down_pro_L,0.295223011326698,0.376022345990467,0.671245357317166,0.00614099900580654,0.00660395297675046,5.93021131095457,0.511658592746605
7,NvA,13,PMd-L,RT_Down_pro_L,0.208201159783405,0.404657882553194,0.6128590423366,0.0056151960993306,0.00605862823076713,5.94146273246414,0.51148920433394
7,NvA,14,PMv-L,RT_Down_pro_L,0.103236024295001,0.532182878184246,0.635418902479247,0.00484585226985957,0.00519439857551568,5.95339379309203,0.512899883334883
7,NvA,15,FEF-L,RT_Down_pro_L,0.365689440765101,0.182003729361485,0.547693170126586,0.00539171624402887,0.00582074480752991,5.94350363008167,0.520348075902075
7,NvA,16,POJ-L,RT_Down_pro_L,0.151151746748735,0.474579513127868,0.625731259876603,0.00546864546475237,0.0059501210521085,5.94042007232381,0.509521944521569
7,NvA,17,V1-R,RT_Down_pro_L,0.110318881085999,0.218277595094141,0.32859647618014,0.00361217463136923,0.00391989978123784,5.98939850652325,0.519501256877571
7,NvA,18,V3-R,RT_Down_pro_L,0.39110503600668,0.342634655081789,0.733739691088469,0.00529632558424457,0.00568621817307011,5.9326486551442,0.497087453049805
7,NvA,19,STS-R,RT_Down_pro_L,0.113300073644631,0.182015865186466,0.295315938831097,0.00379381886967676,0.00411556143265471,5.98371025867774,0.528874803429919
7,NvA,20,IPL-R,RT_Down_pro_L,0.143390409411806,0.404774422613464,0.54816483202527,0.00535929287297084,0.00576327330195664,5.94694084504524,0.518884383496101
7,NvA,21,SPL-R,RT_Down_pro_L,0.624611940659344,0.211805142179884,0.836417082839228,0.00666619199895037,0.00715235203142571,5.9156711286699,0.496005238938445
7,NvA,22,AG-R,RT_Down_pro_L,0.369148825950813,0.221600875725142,0.590749701675955,0.0052902970051801,0.005724845625508,5.94299741017,0.510275483848307
7,NvA,23,mIPS-R,RT_Down_pro_L,0.73699178701897,0.150093629643903,0.887085416662873,0.00746350535612442,0.00808202023315727,5.90097886047776,0.510737492165571
7,NvA,24,VIP-R,RT_Down_pro_L,0.34643117535884,0.407377798129978,0.753808973488818,0.0062277126013873,0.00671496737210358,5.92367217383509,0.504136650812498
7,NvA,25,SPOC-R,RT_Down_pro_L,0.378067458088014,0.593830609873156,0.97189806796117,0.00708085181391792,0.00765141658552124,5.8937260588732,0.488060100668944
7,NvA,26,S1-R,RT_Down_pro_L,0.299451567145566,0.224804219400348,0.524255786545913,0.0056596911566535,0.00612203894020193,5.94290675818644,0.522358428257766
7,NvA,27,M1-R,RT_Down_pro_L,0.525591683257914,0.151367797693511,0.676959480951425,0.00558232603009787,0.00601390686717057,5.93903507156313,0.507374271678676
7,NvA,28,SMA-R,RT_Down_pro_L,0.166106392835348,0.325606946384319,0.491713339219667,0.00532837197099408,0.00571331752301534,5.95172273758193,0.521838671950823
7,NvA,29,PMd-R,RT_Down_pro_L,0.193735181663657,0.168020030466489,0.361755212130145,0.00430546812207369,0.00465394244300508,5.97339055008603,0.526751807193093
7,NvA,30,PMv-R,RT_Down_pro_L,0.0400642823363373,0.226545035433556,0.266609317769894,0.00336533595043116,0.00362158574486241,5.99816675807412,0.531528757210601
7,NvA,31,FEF-R,RT_Down_pro_L,0.458831930418288,0.219676610541592,0.67850854095988,0.00680543046970577,0.00732294623029949,5.91952663282387,0.514991203907157
7,NvA,32,POJ-R,RT_Down_pro_L,0.299006716936613,0.310095890139064,0.609102607075677,0.00542783004321038,0.00587214180107629,5.94332588226142,0.510547308283124
8,RR,1,V1-L,RT_Down_pro_L,0.255973470893106,0.2809889387925,0.536962409685605,0.00529905085037453,0.00570131812415253,6.00336423591744,0.594808972471579
8,RR,2,V3-L,RT_Down_pro_L,0.119366331128926,0.676447719492605,0.795814050621532,0.00603499180736821,0.00659612407607803,5.98805165245717,0.596536322357378
8,RR,3,STS-L,RT_Down_pro_L,0.0902362309043451,0.257100989611761,0.347337220516106,0.00421555787683664,0.00456223030807416,6.03754330429699,0.615385223333402
8,RR,4,IPL-L,RT_Down_pro_L,0.507944213787638,0.408270817078717,0.916215030866355,0.0062605793456117,0.00675579327009754,5.97890338628383,0.58500680982269
8,RR,5,SPL-L,RT_Down_pro_L,0.810953096505886,0.523941135916792,1.33489423242268,0.00965387460727177,0.0104902891750995,5.9107624887281,0.55943571735368
8,RR,6,AG-L,RT_Down_pro_L,0.465534076152858,0.597819576927945,1.0633536530808,0.00769015544606801,0.0082731674465418,5.94400481536883,0.567414635936264
8,RR,7,mIPS-L,RT_Down_pro_L,0.445237369178699,0.507374248446692,0.952611617625392,0.00715536831715311,0.00769578577165191,5.9634159708147,0.575222875088791
8,RR,8,VIP-L,RT_Down_pro_L,0.64622969972501,0.149850636902363,0.796080336627373,0.00550476192892724,0.00596306498848071,5.99034197135606,0.582974380123195
8,RR,9,SPOC-L,RT_Down_pro_L,0.631575418657015,0.382838327410115,1.01441374606713,0.00840808957219695,0.00917338580416437,5.94442759514393,0.582005418759771
8,RR,10,S1-L,RT_Down_pro_L,0.793355793269467,0.382465985070081,1.17582177833955,0.00812253093274081,0.00885687223068784,5.94273721357867,0.570289765606283
8,RR,11,M1-L,RT_Down_pro_L,0.337257268100324,0.30549714265869,0.642754410759014,0.00587770203480246,0.00635054974322176,5.99725705363707,0.596636992037241
8,RR,12,SMA-L,RT_Down_pro_L,0.651553241372326,0.254888486227834,0.90644172760016,0.00751758286829937,0.00822011019323456,5.95538490701017,0.586705761574661
8,RR,13,PMd-L,RT_Down_pro_L,0.39263891885661,0.404382947344775,0.797021866201384,0.0064995105133026,0.00702132752509964,5.97718227889361,0.582380499924547
8,RR,14,PMv-L,RT_Down_pro_L,0.0489199620360685,0.211882664429952,0.260802626466021,0.00333491536836135,0.00363546112628534,6.05561110336362,0.621130123643708
8,RR,15,FEF-L,RT_Down_pro_L,0.222617413617828,0.115017014761606,0.337634428379434,0.00448821163649835,0.00491075221728364,6.02847262380046,0.61401663906088
8,RR,16,POJ-L,RT_Down_pro_L,0.256951342536239,0.491065882260345,0.748017224796584,0.00653941347296054,0.00707692778597088,5.98242032821571,0.593239603075749
8,RR,17,V1-R,RT_Down_pro_L,0.184343565439448,0.250749757776061,0.435093323215509,0.00517538226445674,0.00563530635361096,6.01203691218895,0.610618650380708
8,RR,18,V3-R,RT_Down_pro_L,0.271422318866121,0.451815154275274,0.723237473141394,0.00670616079267323,0.00730750522885523,5.97660221118081,0.59520772550128
8,RR,19,STS-R,RT_Down_pro_L,0.132359588013372,0.218883867778501,0.351243455791873,0.00386079933317394,0.00420552479434323,6.04164441535405,0.611837171955873
8,RR,20,IPL-R,RT_Down_pro_L,0.255245367738019,0.229551261716318,0.484796629454338,0.00466287823495746,0.00511227719172046,6.01800910623158,0.606782289582094
8,RR,21,SPL-R,RT_Down_pro_L,0.419527671939133,0.450500233330172,0.870027905269306,0.00679733038864589,0.00739560075116672,5.95848956124828,0.578772192440585
8,RR,22,AG-R,RT_Down_pro_L,0.154825399823711,0.403492975122199,0.55831837494591,0.00502201913047165,0.00546891963476004,6.00569959191109,0.597810292424055
8,RR,23,mIPS-R,RT_Down_pro_L,0.226800206420077,0.289731867909037,0.516532074329115,0.00536955147049073,0.00582027341226467,6.00408511087633,0.604266396469318
8,RR,24,VIP-R,RT_Down_pro_L,0.35291375988781,0.330219287205353,0.683133047093163,0.00525553848393333,0.00571962581950533,5.99281711668158,0.593206200070142
8,RR,25,SPOC-R,RT_Down_pro_L,0.392425375473488,0.563158730709636,0.955584106183124,0.00787804188205523,0.00865500622322638,5.94589275405767,0.577289628876101
8,RR,26,S1-R,RT_Down_pro_L,0.37583967890337,0.182260393429371,0.558100072332741,0.00542540520503675,0.00591779110970126,6.00199829539125,0.600073704722377
8,RR,27,M1-R,RT_Down_pro_L,0.374744404287378,0.379354226297039,0.754098630584416,0.00578944204866045,0.0063058869983845,5.9853490749676,0.583163363174726
8,RR,28,SMA-R,RT_Down_pro_L,0.583980363716957,0.270542119839594,0.854522483556551,0.00769909446284828,0.00841879234550631,5.95911956069795,0.592270811891679
8,RR,29,PMd-R,RT_Down_pro_L,0.246950000697074,0.496486389928648,0.743436390625722,0.00553214851096122,0.005967766008928,5.99147124330456,0.58877484393343
8,RR,30,PMv-R,RT_Down_pro_L,0.077278911547746,0.0755103932151631,0.152789304762909,0.00264334493676067,0.0028880293841748,6.07416326749866,0.624351298110691
8,RR,31,FEF-R,RT_Down_pro_L,0.274577655791201,0.131063504278495,0.405641160069696,0.00428165335230966,0.00468135057691896,6.02535634361366,0.607231093463367
8,RR,32,POJ-R,RT_Down_pro_L,0.198549863497994,0.524975302621609,0.723525166119603,0.00601693059136281,0.00654283085089908,5.99048191317635,0.589903009524513
9,SJB,1,V1-L,RT_Down_pro_L,0.165119235063583,0.649401449666063,0.814520684729647,0.0069244128836978,0.00753742909707832,6.4781697527973,0.788933604243618
9,SJB,2,V3-L,RT_Down_pro_L,0.403185982240209,0.914086477420943,1.31727245966115,0.0101098874447737,0.0110787804050393,6.41041500660925,0.764912571425332
9,SJB,3,STS-L,RT_Down_pro_L,0.203939338262442,0.3917538235142,0.595693161776643,0.0056312587456028,0.00610302093960541,6.49790593933036,0.797693998695618
9,SJB,4,IPL-L,RT_Down_pro_L,0.614150705290251,0.249477458004364,0.863628163294614,0.00750104784143412,0.0082233008505463,6.46817624238979,0.782663855833983
9,SJB,5,SPL-L,RT_Down_pro_L,0.978772648520607,0.322445274914296,1.3012179234349,0.00903916364879909,0.00989684754168143,6.43012803938379,0.772179595444237
9,SJB,6,AG-L,RT_Down_pro_L,0.638982923054473,0.665883578099679,1.30486650115415,0.00890080531705906,0.00969975338518167,6.42168269121697,0.765316555503325
9,SJB,7,mIPS-L,RT_Down_pro_L,0.483192301061869,0.501849366241843,0.985041667303712,0.00890833430828562,0.00974983524082441,6.44486164371577,0.785238752829056
9,SJB,8,VIP-L,RT_Down_pro_L,0.873769239624856,0.175512296305503,1.04928153593036,0.00710348160564693,0.00773781293325805,6.44721242458002,0.778714829848518
9,SJB,9,SPOC-L,RT_Down_pro_L,0.780586124662608,0.510330401141704,1.29091652580431,0.0104283751672345,0.0113634489407589,6.40784824200458,0.76480671416186
9,SJB,10,S1-L,RT_Down_pro_L,0.756296781213282,0.543454765494267,1.29975154670755,0.00882071388769007,0.00958640337416141,6.41314072910229,0.760634584284004
9,SJB,11,M1-L,RT_Down_pro_L,0.538027182890809,0.649910471389274,1.18793765428008,0.00799755530532727,0.0086931868873502,6.42299664906391,0.766101338792011
9,SJB,12,SMA-L,RT_Down_pro_L,0.672377808952397,0.24121355892992,0.913591367882317,0.00866110254507791,0.00951595192400319,6.44435583062917,0.791449943433359
9,SJB,13,PMd-L,RT_Down_pro_L,0.362390983141069,0.267287490264431,0.6296784734055,0.006423381994279,0.00698325224317637,6.48886937089222,0.792338217266321
9,SJB,14,PMv-L,RT_Down_pro_L,0.0685011992541272,0.15210913785609,0.220610337110217,0.00336797518343427,0.003688293851027,6.55636399049304,0.817284660532748
9,SJB,15,FEF-L,RT_Down_pro_L,0.289217234360025,0.53477344447583,0.823990678835856,0.00748237442534812,0.00817521828445852,6.46542823279708,0.788120789940306
9,SJB,16,POJ-L,RT_Down_pro_L,0.681756368351525,0.540238543612949,1.22199491196447,0.00984871374580444,0.0107671886267836,6.41735738573714,0.775112199690684
9,SJB,17,V1-R,RT_Down_pro_L,0.341950705630034,1.16880686702469,1.51075757265473,0.0104893423635701,0.0114560671279324,6.40163329536617,0.759303357067613
9,SJB,18,V3-R,RT_Down_pro_L,0.402413603883657,0.362423427744973,0.76483703162863,0.00760459046772369,0.00832453163788437,6.46316481035402,0.784361522026866
9,SJB,19,STS-R,RT_Down_pro_L,0.144322124258263,0.34553151657861,0.489853640836873,0.00593505713698561,0.00649264640404066,6.5058362622076,0.80934743583014
9,SJB,20,IPL-R,RT_Down_pro_L,0.442057841721429,0.265767326007361,0.70782516772879,0.00643035297730602,0.00704713714486371,6.48192619894163,0.790991220722794
9,SJB,21,SPL-R,RT_Down_pro_L,0.613506939816254,0.631341846225631,1.24484878604189,0.0107944346484528,0.0118516811651699,6.40346251161532,0.761356361886846
9,SJB,22,AG-R,RT_Down_pro_L,0.595576034090526,0.394318382106785,0.989894416197312,0.00817801494549321,0.00889408734105315,6.44099822930192,0.770924846098083
9,SJB,23,mIPS-R,RT_Down_pro_L,0.5269141101469,0.347714586350529,0.874628696497429,0.00842196116329315,0.00918564358917204,6.44681665042628,0.776549679729683
9,SJB,24,VIP-R,RT_Down_pro_L,0.453797322013195,0.382777419984433,0.836574741997629,0.00780865933626934,0.00854621444551043,6.45919355029487,0.789560188300939
9,SJB,25,SPOC-R,RT_Down_pro_L,0.591690963726937,0.840557265582057,1.43224822930899,0.0107044041444955,0.0116593960343655,6.3933575115359,0.740656480052472
9,SJB,26,S1-R,RT_Down_pro_L,0.604405174239772,0.315480596246881,0.919885770486653,0.00672025518895032,0.00729869985936379,6.46388896144574,0.775665553892794
9,SJB,27,M1-R,RT_Down_pro_L,0.142023201102157,0.479290263295755,0.621313464397912,0.00522102768565279,0.00568989822439808,6.50616313001012,0.800924631444877
9,SJB,28,SMA-R,RT_Down_pro_L,0.500306432869319,0.392152258620266,0.892458691489585,0.00840279814962533,0.00917693043723103,6.44882359020332,0.782919080771327
9,SJB,29,PMd-R,RT_Down_pro_L,0.277729393192433,0.585650711499085,0.863380104691518,0.00813324512169316,0.00885364041926164,6.45778868414539,0.783470440575301
9,SJB,30,PMv-R,RT_Down_pro_L,0.0786806311855065,0.436067321825943,0.51474795301145,0.00517341495137454,0.00562647450209559,6.51146824167288,0.805825394887003
9,SJB,31,FEF-R,RT_Down_pro_L,0.274151919011706,0.264527558588175,0.538679477599881,0.00592272083542667,0.00648765544082297,6.49959566336754,0.800314552049775
9,SJB,32,POJ-R,RT_Down_pro_L,0.425583652976015,0.403241220795703,0.828824873771718,0.0075960449103711,0.00824763384345593,6.4595914805242,0.783733835741859
10,BG,1,V1-L,RT_Down_pro_L,0.112607180647181,0.262560950854528,0.375168131501709,0.00425331864634315,0.00467503271740361,6.1201609827051,0.649792169190148
10,BG,2,V3-L,RT_Down_pro_L,0.157761787671842,0.397747013128223,0.555508800800065,0.00462355112372347,0.00507834690745099,6.10451751131132,0.641408266001271
10,BG,3,STS-L,RT_Down_pro_L,0.0847856205676216,0.425021579847438,0.509807200415059,0.00486225639443364,0.00534942613195801,6.10523763118237,0.646386169161128
10,BG,4,IPL-L,RT_Down_pro_L,0.286088161037876,0.197697911654342,0.483786072692217,0.00519038820395648,0.00569243028531833,6.10081879113259,0.644937021832927
10,BG,5,SPL-L,RT_Down_pro_L,0.959241324964536,0.288917230610711,1.24815855557525,0.00847939423670439,0.00931961871776442,6.0174359598509,0.610826617965635
10,BG,6,AG-L,RT_Down_pro_L,0.584053018893034,0.564472167369766,1.1485251862628,0.00791252029645638,0.00865700338962567,6.0151563365923,0.60351183832768
10,BG,7,mIPS-L,RT_Down_pro_L,0.671183010122282,0.303370159749863,0.974553169872145,0.00720610136240029,0.00791273137803923,6.04412128308689,0.621700908454129
10,BG,8,VIP-L,RT_Down_pro_L,0.326065672132547,0.593725900989579,0.919791573122126,0.0073126891837308,0.00804405265707294,6.04263427571387,0.619234993576221
10,BG,9,SPOC-L,RT_Down_pro_L,0.330162253069944,0.469158642825688,0.799320895895632,0.00694159596036189,0.00762776817550928,6.0527241452788,0.623795362290442
10,BG,10,S1-L,RT_Down_pro_L,0.733037510712748,0.181418902477954,0.914456413190702,0.00682213189543612,0.00747294216210197,6.05068613264525,0.615220247255805
10,BG,11,M1-L,RT_Down_pro_L,0.352281585215598,0.236876595723684,0.589158180939282,0.00561667375572667,0.0061464837321532,6.08501095623249,0.638019646632985
10,BG,12,SMA-L,RT_Down_pro_L,0.245420618604781,0.332646151045867,0.578066769650648,0.0061135639858141,0.00670363151365503,6.08034014017,0.640874242285921
10,BG,13,PMd-L,RT_Down_pro_L,0.149228938921304,0.44956082419524,0.598789763116544,0.00491320162066425,0.00542421018120869,6.09688473464366,0.641289218237719
10,BG,14,PMv-L,RT_Down_pro_L,0.116033215976328,0.35378973046283,0.469822946439158,0.00445595351492738,0.00487845760449068,6.10946539958006,0.641157280452397
10,BG,15,FEF-L,RT_Down_pro_L,0.383160627189704,0.18363616904258,0.566796796232284,0.00513466979174318,0.00565551970255888,6.09402288588067,0.642068534453779
10,BG,16,POJ-L,RT_Down_pro_L,0.24387931239766,0.65635746660834,0.900236779006,0.00673942151167321,0.00736505021813348,6.0470720555347,0.620398597488003
10,BG,17,V1-R,RT_Down_pro_L,0.0920258748534561,0.241886895397096,0.333912770250553,0.00385103605348176,0.00424292053415354,6.12649679199331,0.650780083895431
10,BG,18,V3-R,RT_Down_pro_L,0.221568129075377,0.241183635196297,0.462751764271674,0.00471565298605997,0.00520513544345401,6.10569085652107,0.6453444393942
10,BG,19,STS-R,RT_Down_pro_L,0.0940366016955506,0.194070203861055,0.288106805556605,0.00345527930741573,0.00378683567884644,6.13674471055799,0.652905591773652
10,BG,20,IPL-R,RT_Down_pro_L,0.599063027728476,0.367583414916727,0.966646442645202,0.00809250593106034,0.00893370402558243,6.03321031039131,0.622744357564845
10,BG,21,SPL-R,RT_Down_pro_L,0.634277214440386,0.399210796829595,1.03348801126998,0.00775083701636669,0.00849323248022791,6.03161183342408,0.605986053222834
10,BG,22,AG-R,RT_Down_pro_L,0.421753954902149,0.378197057293385,0.799951012195534,0.00677978588204093,0.00744711080154142,6.05219115982191,0.623320849442789
10,BG,23,mIPS-R,RT_Down_pro_L,0.658722541884198,0.280957182282391,0.939679724166589,0.00665933128799305,0.00735403344342513,6.05161222292141,0.616356660751429
10,BG,24,VIP-R,RT_Down_pro_L,0.689503884953865,0.395985849968519,1.08548973492238,0.008519916496319,0.00939638083473234,6.02237974556299,0.613557519859327
10,BG,25,SPOC-R,RT_Down_pro_L,0.4809566570014,0.549958299631683,1.03091495663308,0.0071946076661921,0.00784578968282405,6.03789895057715,0.606444933983119
10,BG,26,S1-R,RT_Down_pro_L,0.236573739184482,0.372245410189198,0.60881914937368,0.00597049028863825,0.00656680820539156,6.08327879539648,0.637508349965313
10,BG,27,M1-R,RT_Down_pro_L,0.488972821178404,0.538789429955881,1.02776225113429,0.0075192639982785,0.00821889109656705,6.04035585998606,0.61608608946339
10,BG,28,SMA-R,RT_Down_pro_L,0.341664162229791,0.555761489935529,0.89742565216532,0.00761709090582677,0.00830692280531983,6.03608681039972,0.609823695804776
10,BG,29,PMd-R,RT_Down_pro_L,0.0986494871416335,0.504324519354374,0.602974006496008,0.00450675208361635,0.00492102115153323,6.10425792920901,0.639247282403729
10,BG,30,PMv-R,RT_Down_pro_L,0.143017911765793,0.361291446701472,0.504309358467265,0.00500538031612603,0.00548080498875466,6.09947610049401,0.643633246794877
10,BG,31,FEF-R,RT_Down_pro_L,0.545898737524826,0.144481725530872,0.690380463055698,0.00591972681894024,0.00650237014295298,6.07623925349701,0.636456209030935
10,BG,32,POJ-R,RT_Down_pro_L,0.393084019251943,0.451873849306009,0.844957868557951,0.00624804447418136,0.00685759262372573,6.06421853665886,0.621174550362785
1,DOC,1,V1-L,RT_Down_pro_R,0.118526648702302,0.835476027575268,0.95400267627757,0.00605594724079369,0.00645860336419362,6.28762327607119,0.627711903115132
1,DOC,2,V3-L,RT_Down_pro_R,0.281464059108299,0.619182490168594,0.900646549276893,0.00870859693076837,0.00938724097348805,6.25735562950851,0.628226043465698
1,DOC,3,STS-L,RT_Down_pro_R,0.0407778660201482,0.16562116933235,0.206399035352498,0.00306277386218126,0.00330798953854993,6.3760270389938,0.66186929124517
1,DOC,4,IPL-L,RT_Down_pro_R,0.611870970175163,0.287435776408265,0.899306746583428,0.00754102589327777,0.0080802975060409,6.27544131309977,0.628774146822918
1,DOC,5,SPL-L,RT_Down_pro_R,0.563145211400791,0.396129834341715,0.959275045742506,0.00927928307118952,0.00998942454828198,6.24757651962159,0.62481625699041
1,DOC,6,AG-L,RT_Down_pro_R,0.52205970652746,0.277076219668232,0.799135926195692,0.00743116652630136,0.00800303558681643,6.27312026613798,0.629692115139074
1,DOC,7,mIPS-L,RT_Down_pro_R,0.741219183845084,0.30452760743204,1.04574679127712,0.00966466908239594,0.0104181809659595,6.23640183141665,0.627750325516629
1,DOC,8,VIP-L,RT_Down_pro_R,0.906056178084267,0.206062228966197,1.11211840705046,0.00806775672244175,0.00865059155356103,6.24988037333296,0.621480092873467
1,DOC,9,SPOC-L,RT_Down_pro_R,0.427187414332184,0.363135681722144,0.790323096054329,0.00769322225312378,0.00827140829987941,6.27448474933877,0.623660432680054
1,DOC,10,S1-L,RT_Down_pro_R,0.736817699164338,0.596075205856903,1.33289290502124,0.00909171158679611,0.0097556110489229,6.22696532147047,0.608019646334395
1,DOC,11,M1-L,RT_Down_pro_R,0.320413152821455,0.712234014617717,1.03264716743917,0.00759708123755058,0.00818312168620746,6.2657631450811,0.624867504888372
1,DOC,12,SMA-L,RT_Down_pro_R,0.345537587287242,0.586349672627884,0.931887259915126,0.008914320095127,0.00956937345445555,6.25587342271082,0.625774111171665
1,DOC,13,PMd-L,RT_Down_pro_R,0.140669387006813,0.264173011793718,0.404842398800532,0.00490109000733686,0.00526646239443535,6.33256946770287,0.648373578236245
1,DOC,14,PMv-L,RT_Down_pro_R,0.0678268346601275,0.358325316184861,0.426152150844988,0.00449977344528265,0.00484912257966735,6.33603665552256,0.648922766910573
1,DOC,15,FEF-L,RT_Down_pro_R,0.281321919838167,0.227725482782933,0.5090474026211,0.00565243423197657,0.00608376797142897,6.3154154535264,0.645789946202356
1,DOC,16,POJ-L,RT_Down_pro_R,0.191755616298765,0.549371980858106,0.741127597156871,0.00699028919471085,0.00752690902171875,6.28839722742733,0.640585826853604
1,DOC,17,V1-R,RT_Down_pro_R,0.138048053804324,0.409028722656577,0.547076776460901,0.00558483561323563,0.00598862088921227,6.31283813336321,0.642561574202613
1,DOC,18,V3-R,RT_Down_pro_R,0.259848148304129,0.402575607808262,0.662423756112391,0.00671427397888742,0.00721814505636105,6.2913887434751,0.634247114798254
1,DOC,19,STS-R,RT_Down_pro_R,0.214801721244043,0.370500600049808,0.585302321293852,0.0065935818735777,0.00711424921481746,6.2978273485476,0.644348148897164
1,DOC,20,IPL-R,RT_Down_pro_R,0.353503933872077,0.210112291176365,0.563616225048442,0.00632861615274904,0.00681638026052385,6.29881437910771,0.640495221476904
1,DOC,21,SPL-R,RT_Down_pro_R,0.743162568087518,0.632695332804385,1.3758579008919,0.0109710934965481,0.0118734465468475,6.21079534601947,0.611031664330825
1,DOC,22,AG-R,RT_Down_pro_R,0.855746166186246,0.380062195489136,1.23580836167538,0.00996086500840849,0.0107239817899359,6.22337467655357,0.604535805691889
1,DOC,23,mIPS-R,RT_Down_pro_R,0.707632566131897,0.432923652616128,1.14055621874802,0.00974531669885195,0.0105274026299414,6.23319461124499,0.624604002749262
1,DOC,24,VIP-R,RT_Down_pro_R,0.332514456160297,0.559579990028501,0.892094446188797,0.0075761203551603,0.00814610926489134,6.26694398896642,0.625664669883167
1,DOC,25,SPOC-R,RT_Down_pro_R,0.745316685252011,0.236298945721085,0.981615630973095,0.00846671785558789,0.00907876904137178,6.25751065005173,0.616884253249017
1,DOC,26,S1-R,RT_Down_pro_R,0.429707279702927,0.278822550682182,0.708529830385109,0.00736955906903909,0.00793039885945802,6.28418000476807,0.634189381138748
1,DOC,27,M1-R,RT_Down_pro_R,0.499249442104738,0.433545981191147,0.932795423295885,0.00721151752740763,0.007679231877845,6.27266608376661,0.62349105630146
1,DOC,28,SMA-R,RT_Down_pro_R,0.277626216865842,0.526485864036282,0.804112080902124,0.00739008358030765,0.00795346458999769,6.27512871580084,0.629664110259237
1,DOC,29,PMd-R,RT_Down_pro_R,0.248258995062182,0.407233517679801,0.655492512741983,0.00716064103521978,0.00769721755390331,6.28454179466828,0.638870103565314
1,DOC,30,PMv-R,RT_Down_pro_R,0.113774729411508,0.393291367465128,0.507066096876635,0.00564942790310032,0.00607802772968791,6.31366466379517,0.645079688416148
1,DOC,31,FEF-R,RT_Down_pro_R,0.328996398022887,0.421817999587446,0.750814397610333,0.0073736249128241,0.00791756982069875,6.27920570488107,0.63315092257955
1,DOC,32,POJ-R,RT_Down_pro_R,0.572685107114905,0.27364556327097,0.846330670385875,0.00757602616423676,0.00817158384446593,6.2755910124548,0.630678390510978
2,GB,1,V1-L,RT_Down_pro_R,0.199916552834943,0.251257224843099,0.451173777678041,0.00512781426598794,0.00556364467532036,6.15008088887461,0.628312925049297
2,GB,2,V3-L,RT_Down_pro_R,0.275274605738452,0.261271166656592,0.536545772395044,0.0051661264115167,0.00557352443411416,6.14436832101642,0.622436721455029
2,GB,3,STS-L,RT_Down_pro_R,0.123354595779458,0.161907178644131,0.285261774423589,0.003768709896961,0.00411710925208072,6.17922291310337,0.639039373201481
2,GB,4,IPL-L,RT_Down_pro_R,0.417808229127129,0.46403320785936,0.881841436986489,0.00702922605740302,0.00766209244647009,6.1022617544133,0.601604347259756
2,GB,5,SPL-L,RT_Down_pro_R,0.728792416135384,0.335185564618986,1.06397798075437,0.00871119124717642,0.00948379002119245,6.07169010204171,0.604195814909311
2,GB,6,AG-L,RT_Down_pro_R,0.562753152715136,0.354082124557737,0.916835277272873,0.00716749665206204,0.00779171594574823,6.09753921050114,0.60606619026399
2,GB,7,mIPS-L,RT_Down_pro_R,0.830977572035957,0.268449706608822,1.09942727864478,0.00827888461263999,0.00902274074743122,6.07682054866972,0.600569085044698
2,GB,8,VIP-L,RT_Down_pro_R,0.464544714979606,0.352529480909218,0.817074195888824,0.0069175291832366,0.00755623287668751,6.10721444552592,0.609643645422885
2,GB,9,SPOC-L,RT_Down_pro_R,0.696392720796705,0.591651685704247,1.28804440650095,0.00897176794774805,0.00974829785556464,6.0590090935236,0.58550402293104
2,GB,10,S1-L,RT_Down_pro_R,0.340922984544745,0.459088578011892,0.800011562556637,0.00689672261150185,0.00745653752848472,6.10617303203025,0.604473541039732
2,GB,11,M1-L,RT_Down_pro_R,0.367032360860932,0.47375464320288,0.840787004063812,0.00761000187166644,0.00822944104318545,6.09256295714716,0.607339185601026
2,GB,12,SMA-L,RT_Down_pro_R,0.497657454317279,0.237844249257237,0.735501703574516,0.00698488943028581,0.0076500211398494,6.1061703548008,0.614901342041791
2,GB,13,PMd-L,RT_Down_pro_R,0.0991802170662856,0.489060933008791,0.588241150075076,0.00444862569572463,0.0048019840220367,6.15848765246278,0.623022249622395
2,GB,14,PMv-L,RT_Down_pro_R,0.0659579374293599,0.258572816350706,0.324530753780066,0.0037549553458203,0.00409066045056241,6.178616102767,0.637467596062997
2,GB,15,FEF-L,RT_Down_pro_R,0.255469777868001,0.368637375969772,0.624107153837773,0.00552498386773993,0.0059881309988721,6.13394231741346,0.622378340278388
2,GB,16,POJ-L,RT_Down_pro_R,0.398300713339649,0.794193177646177,1.19249389098583,0.00767780709529284,0.00833153678397126,6.07993506631842,0.595588790690087
2,GB,17,V1-R,RT_Down_pro_R,0.197407741331402,0.29264383003106,0.490051571362462,0.00548314439359257,0.00595284130618012,6.14213503016968,0.629017984039183
2,GB,18,V3-R,RT_Down_pro_R,0.152415565246684,0.338876689909254,0.491292255155939,0.00525240730435144,0.00567078295197916,6.14783816359718,0.627123374005545
2,GB,19,STS-R,RT_Down_pro_R,0.215143377784876,0.237793393179003,0.452936770963879,0.00490900651276215,0.00530051306899859,6.15376989052886,0.621701845151427
2,GB,20,IPL-R,RT_Down_pro_R,0.438892784999006,0.231232105410124,0.67012489040913,0.00695956964909537,0.00755257909716763,6.11009819150798,0.623669058295436
2,GB,21,SPL-R,RT_Down_pro_R,0.439891617604186,0.180888956613278,0.620780574217464,0.00616708708473387,0.00668329070700475,6.12295938819601,0.624980393193356
2,GB,22,AG-R,RT_Down_pro_R,0.410468975074638,0.510953364434787,0.921422339509425,0.00762750317892419,0.00822188723226602,6.09279278019314,0.609178199962281
2,GB,23,mIPS-R,RT_Down_pro_R,0.78086588454992,0.272357815360133,1.05322369991005,0.0083611790864213,0.00905354644375009,6.07662169731371,0.610200536147432
2,GB,24,VIP-R,RT_Down_pro_R,0.372851026643602,0.377567529046548,0.75041855569015,0.0072952555302039,0.00790879140725022,6.10456053638265,0.622728308210808
2,GB,25,SPOC-R,RT_Down_pro_R,0.465557833494958,0.49747401658826,0.963031850083218,0.00833551623590338,0.00904471326833095,6.07819448656684,0.597842122856822
2,GB,26,S1-R,RT_Down_pro_R,0.583038521701235,0.396381299012135,0.979419820713369,0.00898471132695371,0.00975490660458096,6.07277445496919,0.600987034932574
2,GB,27,M1-R,RT_Down_pro_R,0.191762539210347,0.856669253958187,1.04843179316853,0.00787019550538639,0.00851970336235629,6.08949473424205,0.610322792649279
2,GB,28,SMA-R,RT_Down_pro_R,0.328848901671442,0.342788820143464,0.671637721814906,0.00706376532708253,0.00771061759191687,6.10380801948842,0.620483797745362
2,GB,29,PMd-R,RT_Down_pro_R,0.358809737595693,0.357765663402286,0.71657540099798,0.00714987703376013,0.00777600130364574,6.10441206953006,0.616143023183518
2,GB,30,PMv-R,RT_Down_pro_R,0.0666673739532577,0.260005513427783,0.32667288738104,0.00389184942254759,0.00422253065996474,6.17769457165735,0.638051527603678
2,GB,31,FEF-R,RT_Down_pro_R,0.215234272626341,0.22753268109218,0.442766953718522,0.00403530320582981,0.00433897096779171,6.16204093571932,0.622475754317154
2,GB,32,POJ-R,RT_Down_pro_R,0.388771335789818,0.428513449388297,0.817284785178116,0.00769745545859795,0.00835151279001286,6.09758722163545,0.615769805787143
3,JDC,1,V1-L,RT_Down_pro_R,0.166728502089481,0.349741702191013,0.516470204280494,0.00634471920532266,0.00691634996556038,6.51613412664716,0.7641719534944
3,JDC,2,V3-L,RT_Down_pro_R,0.217360994131444,0.435785656806913,0.653146650938357,0.00593844087596356,0.00642395955885908,6.50684249248579,0.744128366867874
3,JDC,3,STS-L,RT_Down_pro_R,0.182151739355361,0.359260228878761,0.541411968234121,0.00566278066755045,0.00615597447094256,6.52346376991323,0.759355331634958
3,JDC,4,IPL-L,RT_Down_pro_R,0.367123585463257,0.437867497696509,0.804991083159767,0.00724841755934763,0.00780802517806618,6.48596807995932,0.731440626122709
3,JDC,5,SPL-L,RT_Down_pro_R,0.647861960681497,0.517190373143596,1.16505233382509,0.0100008222243678,0.0108291846330026,6.4432125089295,0.725901457876116
3,JDC,6,AG-L,RT_Down_pro_R,0.604563303094887,0.260614185255599,0.865177488350486,0.00739671570287647,0.00802178500841751,6.47831536068278,0.734550951506594
3,JDC,7,mIPS-L,RT_Down_pro_R,0.795800109162424,0.228006689610388,1.02380679877281,0.00874731000279937,0.0094934470416836,6.46330432221946,0.741535427216301
3,JDC,8,VIP-L,RT_Down_pro_R,0.822351081314768,0.440965761964203,1.26331684327897,0.0111106662214981,0.0120469661053874,6.42689853127391,0.729410096711365
3,JDC,9,SPOC-L,RT_Down_pro_R,0.544195515269552,0.641407916543936,1.18560343181349,0.0100032524161674,0.0108019882393122,6.42671998081355,0.709544144847281
3,JDC,10,S1-L,RT_Down_pro_R,0.639774897062918,0.308939360671067,0.948714257733986,0.0076682159364569,0.00832944350640955,6.47702982794996,0.741743395005204
3,JDC,11,M1-L,RT_Down_pro_R,0.558793725528128,0.567771196268683,1.12656492179681,0.00889354703140124,0.00961504561883027,6.45160056673174,0.729803832855033
3,JDC,12,SMA-L,RT_Down_pro_R,0.411804066296677,0.470099182379923,0.8819032486766,0.00923694362256855,0.0100059905037962,6.45929461735953,0.74832471340653
3,JDC,13,PMd-L,RT_Down_pro_R,0.361493947858482,0.491263236339603,0.852757184198085,0.00894131994744061,0.00967006382957545,6.47236323222981,0.746198581872431
3,JDC,14,PMv-L,RT_Down_pro_R,0.106754621705483,0.344811972061886,0.451566593767369,0.00468670497965299,0.0050465334222641,6.54356831701884,0.763211191231159
3,JDC,15,FEF-L,RT_Down_pro_R,0.51502739145498,0.318028003656409,0.833055395111389,0.00879210634449565,0.00957622896963361,6.47439909641528,0.753185398505797
3,JDC,16,POJ-L,RT_Down_pro_R,0.544194442688733,0.380589635896748,0.92478407858548,0.00851835163682873,0.0092018043770832,6.46764345069218,0.736044027992499
3,JDC,17,V1-R,RT_Down_pro_R,0.288728565366174,0.502791644429702,0.791520209795877,0.00720649049121495,0.00779666691725837,6.48820658907505,0.746364684786148
3,JDC,18,V3-R,RT_Down_pro_R,0.277141770252101,0.288959876856932,0.566101647109032,0.00621637447632322,0.00677475630088924,6.51477918602121,0.755012829527945
3,JDC,19,STS-R,RT_Down_pro_R,0.125893124089317,0.195501407941898,0.321394532031214,0.00492030464005085,0.00533483039846658,6.54924754036338,0.772975412057634
3,JDC,20,IPL-R,RT_Down_pro_R,0.653785545911522,0.527241608417452,1.18102715432897,0.0110933291035394,0.0120741595967712,6.43143962102232,0.727983574643662
3,JDC,21,SPL-R,RT_Down_pro_R,0.54726799848688,0.697983875871141,1.24525187435802,0.0103888510744024,0.0112270985205914,6.43757810863257,0.731184327269293
3,JDC,22,AG-R,RT_Down_pro_R,0.331758973167847,0.282684088484562,0.614443061652409,0.00672994735608722,0.00728373737252917,6.50378057281494,0.758638849779208
3,JDC,23,mIPS-R,RT_Down_pro_R,0.788520683234472,0.368862445260475,1.15738312849495,0.0100677122885513,0.0108713404020422,6.44294661969448,0.73135171604427
3,JDC,24,VIP-R,RT_Down_pro_R,0.881135319035796,0.472474290072139,1.35360960910794,0.0116548777369893,0.012664773127605,6.41607291778112,0.727228069143435
3,JDC,25,SPOC-R,RT_Down_pro_R,0.38614480613888,0.62623554090941,1.01238034704829,0.00930971881985107,0.0101212330329488,6.45735523983231,0.734030795045686
3,JDC,26,S1-R,RT_Down_pro_R,0.432042482352827,0.439879301860994,0.871921784213821,0.00849339271238949,0.0091978667834441,6.47168745173181,0.749369922285373
3,JDC,27,M1-R,RT_Down_pro_R,0.328724830752468,0.46749333105795,0.796218161810418,0.00789587208955101,0.00850817830712367,6.48365916020198,0.752088126441318
3,JDC,28,SMA-R,RT_Down_pro_R,0.587400446804025,0.37868378139508,0.966084228199105,0.00949064911275013,0.0102727960105375,6.46274560232187,0.742245756266864
3,JDC,29,PMd-R,RT_Down_pro_R,0.268373796850952,0.353612442254389,0.621986239105341,0.00694976252099472,0.00752109345656753,6.50257841824384,0.755868626619163
3,JDC,30,PMv-R,RT_Down_pro_R,0.114958132833632,0.566617858001864,0.681575990835496,0.00637264880163758,0.00687968878702673,6.51353266049649,0.75574431381204
3,JDC,31,FEF-R,RT_Down_pro_R,0.316357748104813,0.659837587254808,0.976195335359621,0.00836431784387994,0.0089688835452833,6.46625782821154,0.733371968122502
3,JDC,32,POJ-R,RT_Down_pro_R,0.599192765356655,1.0322051924624,1.63139795781905,0.0110306116412099,0.0118635669109739,6.40685886947755,0.688596539593604
4,JFXD,1,V1-L,RT_Down_pro_R,0.412450911990974,1.54916310128723,1.96161401327821,0.0151324116293695,0.0162266565655382,7.06326488092191,0.925639711673188
4,JFXD,2,V3-L,RT_Down_pro_R,0.313923579412704,0.722579059121127,1.03650263853383,0.0106372097768204,0.0112946763123001,7.14164059875493,0.964485822220446
4,JFXD,3,STS-L,RT_Down_pro_R,0.310270340238069,1.07749074810635,1.38776108834442,0.0133299190097646,0.014158743131775,7.10109064009445,0.951344097206642
4,JFXD,4,IPL-L,RT_Down_pro_R,0.794826521870613,0.459959029605184,1.2547855514758,0.0127783160413216,0.0136317223684907,7.11100113647554,0.952909934206325
4,JFXD,5,SPL-L,RT_Down_pro_R,0.998079809629772,0.571239692361724,1.5693195019915,0.0150108371065402,0.0160001984024907,7.0794935776701,0.944122934334116
4,JFXD,6,AG-L,RT_Down_pro_R,0.744563001375543,0.466300415033557,1.2108634164091,0.0125152095855246,0.0132903665576362,7.1115700666903,0.954255719668642
4,JFXD,7,mIPS-L,RT_Down_pro_R,0.912412932599721,0.458099613914829,1.37051254651455,0.0126716947802142,0.0134426271177397,7.10222756265523,0.93863618445965
4,JFXD,8,VIP-L,RT_Down_pro_R,0.855693508519124,0.6122298573253,1.46792336584442,0.0142755611586509,0.0152030139535102,7.08970777950722,0.943126344054803
4,JFXD,9,SPOC-L,RT_Down_pro_R,0.86062149976816,0.542574980660078,1.40319648042824,0.0133183311563091,0.0142161695248083,7.09576480849543,0.944073129715496
4,JFXD,10,S1-L,RT_Down_pro_R,0.92704684117914,0.40216764293287,1.32921448411201,0.0138300061709194,0.0148030964015005,7.10081210350385,0.952144850529422
4,JFXD,11,M1-L,RT_Down_pro_R,0.852272988256674,0.190083962426527,1.0423569506832,0.0108903159506625,0.0116855024302298,7.13874494039104,0.964359402914889
4,JFXD,12,SMA-L,RT_Down_pro_R,0.900151175982745,0.588969224634957,1.4891204006177,0.0132470388954116,0.0141117442665165,7.08492268396933,0.930822279385301
4,JFXD,13,PMd-L,RT_Down_pro_R,0.859054464324847,0.138845106871948,0.997899571196796,0.00924296864004021,0.00987390985238488,7.15186436858073,0.96176173427468
4,JFXD,14,PMv-L,RT_Down_pro_R,0.0977531492897162,1.80649954676091,1.90425269605062,0.0123024517909268,0.0131128694365667,7.09331740402172,0.9297739961466
4,JFXD,15,FEF-L,RT_Down_pro_R,0.443812291071114,1.05354023497878,1.4973525260499,0.0123769091457958,0.0131550701203039,7.0856161763264,0.899565248203486
4,JFXD,16,POJ-L,RT_Down_pro_R,0.721096219093326,0.880641067031764,1.60173728612509,0.0148664949561099,0.0158717833750259,7.0784547453065,0.932144135197267
4,JFXD,17,V1-R,RT_Down_pro_R,0.346890238585818,0.777890029882219,1.12478026846804,0.011426344470789,0.0122569620363306,7.1259518759681,0.957134749341333
4,JFXD,18,V3-R,RT_Down_pro_R,0.256732371051303,0.550503787733905,0.807236158785208,0.00904846475067338,0.00961739269914969,7.16254572960755,0.964893808908647
4,JFXD,19,STS-R,RT_Down_pro_R,0.224788078426749,0.442533926588442,0.667322005015191,0.0077353931899281,0.00829225799247369,7.183694355566,0.974817413305687
4,JFXD,20,IPL-R,RT_Down_pro_R,0.642022348868672,0.76438172977684,1.40640407864551,0.0139582568471782,0.0149625813324827,7.08935250647732,0.942541931696432
4,JFXD,21,SPL-R,RT_Down_pro_R,0.862161730278448,0.451853985765888,1.31401571604434,0.0138562316562743,0.0149115624955056,7.10081457844218,0.958887291002673
4,JFXD,22,AG-R,RT_Down_pro_R,0.890106447773662,0.498327606751011,1.38843405452467,0.0134612786787674,0.0142945245495218,7.09576583482547,0.94286566067601
4,JFXD,23,mIPS-R,RT_Down_pro_R,0.859833185855883,0.393259298135088,1.25309248399097,0.0129077550475867,0.0137692138609078,7.11181922483666,0.95993991424627
4,JFXD,24,VIP-R,RT_Down_pro_R,0.872119299073074,0.85474743562508,1.72686673469815,0.0154961039654035,0.0165832133088811,7.05454382204885,0.910275479763479
4,JFXD,25,SPOC-R,RT_Down_pro_R,0.919359847564756,0.459356072277499,1.37871591984225,0.0136092386125328,0.0146321146570972,7.09705588867616,0.950288741467852
4,JFXD,26,S1-R,RT_Down_pro_R,0.587397521818232,0.456007573800986,1.04340509561922,0.0114411762633526,0.0122853390589744,7.12792445772748,0.958073989202174
4,JFXD,27,M1-R,RT_Down_pro_R,0.798319950048396,0.51170402469647,1.31002397474487,0.0137932052203042,0.0148119060879771,7.09702856934755,0.953732054420783
4,JFXD,28,SMA-R,RT_Down_pro_R,0.949499654413834,0.610686484878476,1.56018613929231,0.0137866148573873,0.0146729667035358,7.0747697481255,0.931471438251087
4,JFXD,29,PMd-R,RT_Down_pro_R,0.334289546782429,0.906619451345245,1.24090899812767,0.0113399129156803,0.0121744256935595,7.12115640225312,0.95082803217246
4,JFXD,30,PMv-R,RT_Down_pro_R,0.0754427696218547,0.499947753712234,0.575390523334089,0.00608444949819938,0.00650293190976338,7.20575643965419,0.978549279240869
4,JFXD,31,FEF-R,RT_Down_pro_R,0.421981477202761,0.239238253241805,0.661219730444567,0.00767084138949323,0.00819040986947953,7.18218499794972,0.977209805600139
4,JFXD,32,POJ-R,RT_Down_pro_R,0.481203466666972,0.588736471370754,1.06993993803773,0.0114031714233997,0.0121871492115644,7.1285369869593,0.959403222422001
5,JZ,1,V1-L,RT_Down_pro_R,0.133490845110898,0.2712471570957,0.404738002206598,0.00493995371791255,0.00532099186544508,6.1831710194791,0.608825369313945
5,JZ,2,V3-L,RT_Down_pro_R,0.304471168746244,0.326027961293872,0.630499130040116,0.00620753359277007,0.00673720457370285,6.15470775381849,0.599920426874602
5,JZ,3,STS-L,RT_Down_pro_R,0.126945168405095,0.252816961240692,0.379762129645787,0.00431931249564657,0.00467332632037429,6.19257587066847,0.61191983201802
5,JZ,4,IPL-L,RT_Down_pro_R,0.316840973014613,0.971316704759566,1.28815767777418,0.00831247537297098,0.00893492411909387,6.09982564162518,0.570763881104244
5,JZ,5,SPL-L,RT_Down_pro_R,0.679545925645504,0.27338490306265,0.952930828708154,0.00649501915872078,0.00701254160193106,6.13778194007552,0.591383700354963
5,JZ,6,AG-L,RT_Down_pro_R,0.59046985797948,0.283877959481553,0.874347817461034,0.00678794742764912,0.00736897234966072,6.13378950562123,0.588339896697936
5,JZ,7,mIPS-L,RT_Down_pro_R,0.682122480743568,0.216095016363681,0.898217497107248,0.00763277566294479,0.00828253486112199,6.11797512687229,0.588019178039523
5,JZ,8,VIP-L,RT_Down_pro_R,0.821906531121473,0.196259240504874,1.01816577162635,0.00745851009309153,0.00805246096947026,6.12400382453624,0.590788440632176
5,JZ,9,SPOC-L,RT_Down_pro_R,0.413468392169958,0.50067006670528,0.914138458875238,0.00737836378984482,0.0079547438706227,6.11687268087477,0.581374372177881
5,JZ,10,S1-L,RT_Down_pro_R,0.634240575288547,1.31701604930842,1.95125662459697,0.00971070927664615,0.010385003139619,6.04312179469644,0.541906578140004
5,JZ,11,M1-L,RT_Down_pro_R,0.168071292899869,1.08873021622685,1.25680150912672,0.00792968292459188,0.00856227570489892,6.10366527494592,0.573604427016615
5,JZ,12,SMA-L,RT_Down_pro_R,0.30785559308715,0.34321049105948,0.65106608414663,0.00620964225265299,0.00669802189349397,6.15068945473221,0.597178421072921
5,JZ,13,PMd-L,RT_Down_pro_R,0.332147483872901,0.387389930519736,0.719537414392637,0.00718039980978462,0.00773070881183864,6.13622679794158,0.597559038926894
5,JZ,14,PMv-L,RT_Down_pro_R,0.0413862693144004,0.247264144692317,0.288650414006718,0.00359974332529924,0.00389190514199991,6.21164134856634,0.617277562728651
5,JZ,15,FEF-L,RT_Down_pro_R,0.139905949564177,0.264059546455205,0.403965496019382,0.00474334133158689,0.00511305613775269,6.18787180043854,0.605651657731282
5,JZ,16,POJ-L,RT_Down_pro_R,0.268293349299877,0.65080576327408,0.919099112573958,0.00664128043445049,0.00714211100695673,6.13290367831542,0.585004492147506
5,JZ,17,V1-R,RT_Down_pro_R,0.0952807555811422,0.386374140016083,0.481654895597225,0.0042676463536249,0.00459699220007103,6.18682553505132,0.602884541507494
5,JZ,18,V3-R,RT_Down_pro_R,0.38617792323312,0.301452851513891,0.687630774747011,0.00657122667913687,0.00708935372365389,6.14370851255628,0.59508816582233
5,JZ,19,STS-R,RT_Down_pro_R,0.181737048594012,0.190156603282271,0.371893651876283,0.00436191612010433,0.00472046298267597,6.18986502798464,0.603884387862329
5,JZ,20,IPL-R,RT_Down_pro_R,0.645813943875086,0.183512038095813,0.829325981970899,0.00723645086982938,0.00786925203995502,6.1276793021286,0.593045010067766
5,JZ,21,SPL-R,RT_Down_pro_R,0.600343352534365,0.363173074784795,0.96351642731916,0.00795197760903995,0.00858480642395988,6.11063150328792,0.581965588734011
5,JZ,22,AG-R,RT_Down_pro_R,0.540451871937614,0.311666433281829,0.852118305219443,0.00802279892825192,0.00868796588636625,6.12099174356812,0.59392260949884
5,JZ,23,mIPS-R,RT_Down_pro_R,0.39801163142109,0.320974852780711,0.718986484201801,0.00686301102437123,0.00739407454510655,6.14368618831398,0.591754837040175
5,JZ,24,VIP-R,RT_Down_pro_R,0.866310705485042,0.196148790510405,1.06245949599545,0.00805688875340121,0.00871692816460535,6.1063567416286,0.577621666641874
5,JZ,25,SPOC-R,RT_Down_pro_R,0.672346409915551,0.583110317188842,1.25545672710439,0.00902623209495565,0.00969811062565352,6.07839191367631,0.563305281902045
5,JZ,26,S1-R,RT_Down_pro_R,0.262501885324391,0.181011162314218,0.44351304763861,0.00602081485722563,0.00654324047909853,6.16299627210007,0.612030071458476
5,JZ,27,M1-R,RT_Down_pro_R,0.284406419284282,0.428312224530786,0.712718643815067,0.00614086017652773,0.0066223576830575,6.15033165589691,0.597286973963527
5,JZ,28,SMA-R,RT_Down_pro_R,0.775972686726443,0.299127015753912,1.07509970248036,0.00914723904669202,0.00993955620440366,6.09581058515156,0.583041115733474
5,JZ,29,PMd-R,RT_Down_pro_R,0.17255248572608,0.464597051435918,0.637149537161998,0.00630031388300987,0.00678051931439291,6.15481123044508,0.60250398140013
5,JZ,30,PMv-R,RT_Down_pro_R,0.157024804048626,0.199583383071454,0.35660818712008,0.00423138996857913,0.0045674651208214,6.1949567021388,0.606777077045208
5,JZ,31,FEF-R,RT_Down_pro_R,0.129957196021413,0.277729113230544,0.407686309251957,0.00438017454496813,0.00471280137849482,6.19124030009211,0.610336069124679
5,JZ,32,POJ-R,RT_Down_pro_R,0.426030511225441,0.278980323362024,0.705010834587465,0.00606440823856336,0.00655052482354535,6.14844951816049,0.591336692985324
6,LT,1,V1-L,RT_Down_pro_R,0.158278469657517,0.347558289369764,0.505836759027281,0.00560782615472798,0.00605973220519677,6.40749530137199,0.694454777690251
6,LT,2,V3-L,RT_Down_pro_R,0.213999876203112,0.419916661655999,0.633916537859112,0.00689252876008242,0.00744435573639789,6.3855305480013,0.681707042890469
6,LT,3,STS-L,RT_Down_pro_R,0.119767391274884,0.342096897150054,0.461864288424939,0.00547830762354092,0.00593783315948966,6.41492504320633,0.691800313985382
6,LT,4,IPL-L,RT_Down_pro_R,0.503375480684833,0.716385901529258,1.21976138221409,0.0101810279655023,0.0109878687900362,6.32442360959458,0.660470259073687
6,LT,5,SPL-L,RT_Down_pro_R,0.675955366633135,0.43784297189217,1.1137983385253,0.0102471787696615,0.0110631943534702,6.32557939799573,0.66874683138895
6,LT,6,AG-L,RT_Down_pro_R,0.396243071997007,0.191662629400653,0.587905701397661,0.00636175774573296,0.00689758653638926,6.39122906187584,0.683559245834776
6,LT,7,mIPS-L,RT_Down_pro_R,0.592538054431618,0.321619725419803,0.914157779851421,0.00839216365167189,0.00905096148029557,6.35345445641925,0.671767425474994
6,LT,8,VIP-L,RT_Down_pro_R,0.920252320425374,0.455833108768518,1.37608542919389,0.010621766610364,0.0114896236030289,6.30872840018839,0.653325320660219
6,LT,9,SPOC-L,RT_Down_pro_R,0.728962034264002,0.276217541220559,1.00517957548456,0.00968332899646781,0.0105010829045614,6.33720692320744,0.671987087751553
6,LT,10,S1-L,RT_Down_pro_R,0.685602946631824,0.867224857149585,1.55282780378141,0.0104783200970785,0.0111628877958067,6.2896646481543,0.624182177557905
6,LT,11,M1-L,RT_Down_pro_R,0.319383457208918,0.43465881524545,0.754042272454369,0.00684767872544373,0.00735663543211025,6.38263923875089,0.671890829935269
6,LT,12,SMA-L,RT_Down_pro_R,0.543161739188525,0.386855139905224,0.930016879093749,0.00875701671402287,0.0094957091088598,6.35270862178322,0.667745822266572
6,LT,13,PMd-L,RT_Down_pro_R,0.21200361515522,0.355617728350384,0.567621343505604,0.00681957805911262,0.00737484683736934,6.3877466340141,0.691257679737936
6,LT,14,PMv-L,RT_Down_pro_R,0.0784762276577481,0.545873341654263,0.624349569312011,0.00537214068701965,0.00576901183396397,6.40941669419703,0.685728958393454
6,LT,15,FEF-L,RT_Down_pro_R,0.171851752004498,0.551134052793714,0.722985804798213,0.00712217462620319,0.00766661369800793,6.38537948386718,0.681167528607742
6,LT,16,POJ-L,RT_Down_pro_R,0.639267709768438,0.221417021103111,0.86068473087155,0.00763353084739414,0.00823349148930748,6.36641750348072,0.675858299365368
6,LT,17,V1-R,RT_Down_pro_R,0.178206854788065,0.397905787377492,0.576112642165558,0.00574458372969443,0.00618722350108118,6.40378200309722,0.688956058479284
6,LT,18,V3-R,RT_Down_pro_R,0.317130049954661,0.542906275431394,0.860036325386055,0.00812634497952332,0.00875222486820726,6.35945199228753,0.674414116963456
6,LT,19,STS-R,RT_Down_pro_R,0.120418240252098,0.200741254992949,0.321159495245047,0.00467810230920653,0.00505248148983253,6.43168320071296,0.700085750069628
6,LT,20,IPL-R,RT_Down_pro_R,0.936779433389811,0.231163477243211,1.16794291063302,0.0085179998254432,0.00911627934898072,6.33943431883584,0.665707832047892
6,LT,21,SPL-R,RT_Down_pro_R,0.448547883372259,0.478758526988581,0.92730641036084,0.00889810200482566,0.00962480058961212,6.35113043172318,0.666377662875747
6,LT,22,AG-R,RT_Down_pro_R,0.283935541743946,0.87468063608794,1.15861617783189,0.0085392185290864,0.00917092064547933,6.34093110217625,0.656628972211615
6,LT,23,mIPS-R,RT_Down_pro_R,0.632790939809367,0.496565169857351,1.12935610966672,0.00956981001486102,0.0103263632687317,6.32934577513398,0.662174630399519
6,LT,24,VIP-R,RT_Down_pro_R,0.463432582245511,0.531133629102407,0.994566211347918,0.00810157330670642,0.00871418342435491,6.35488675288829,0.670400595434757
6,LT,25,SPOC-R,RT_Down_pro_R,0.659360199991786,0.428705097459346,1.08806529745113,0.0091985681299838,0.00996102977997926,6.33490253333568,0.667465132002662
6,LT,26,S1-R,RT_Down_pro_R,0.722468606849058,0.318965219560803,1.04143382640986,0.00901087710756464,0.00967322171635266,6.33898167508745,0.6666594448717
6,LT,27,M1-R,RT_Down_pro_R,0.31542692463604,0.34722120112454,0.66264812576058,0.00744868977756622,0.00803159497119352,6.37865419762154,0.683984232796935
6,LT,28,SMA-R,RT_Down_pro_R,0.692825795837057,0.544396988222102,1.23722278405916,0.011032585244894,0.0118962502018767,6.31636299589685,0.653868480502865
6,LT,29,PMd-R,RT_Down_pro_R,0.176567199737418,0.217857681119365,0.394424880856783,0.00515160326316401,0.00553845167626186,6.42324152670566,0.692574233968799
6,LT,30,PMv-R,RT_Down_pro_R,0.127457646163538,0.251107920730311,0.378565566893849,0.00527017262303643,0.0056914539171649,6.42181884637028,0.697911508999578
6,LT,31,FEF-R,RT_Down_pro_R,0.208068973587827,0.352645075929963,0.560714049517789,0.00675073935417461,0.00731875841837014,6.39037092739153,0.693740955342217
6,LT,32,POJ-R,RT_Down_pro_R,0.370028652666239,0.525896414375072,0.895925067041311,0.00850948126328533,0.00917307337315405,6.35544946203637,0.672457368695564
7,NvA,1,V1-L,RT_Down_pro_R,0.0577721188384674,0.351653451900625,0.409425570739093,0.00450531619395091,0.00486501522932594,6.10561155258427,0.595350173438991
7,NvA,2,V3-L,RT_Down_pro_R,0.177215658939532,0.467462446820995,0.644678105760527,0.00616097817601504,0.00663383872841242,6.06308987349753,0.579080866687257
7,NvA,3,STS-L,RT_Down_pro_R,0.218407435006977,0.22116442899971,0.439571864006687,0.00514301209494307,0.00555516476064052,6.08539175916559,0.591647770797475
7,NvA,4,IPL-L,RT_Down_pro_R,0.476390615298874,0.437203870899837,0.913594486198711,0.00747569846394555,0.00804392469582012,6.03277432304776,0.572209886735524
7,NvA,5,SPL-L,RT_Down_pro_R,0.420815000840194,0.564981631579764,0.985796632419957,0.00742067076173538,0.00802484996607829,6.02734521226711,0.560883824794179
7,NvA,6,AG-L,RT_Down_pro_R,0.503091640803633,0.252196831093091,0.755288471896723,0.00653844557538315,0.00707930094223884,6.05393149926141,0.576359807722734
7,NvA,7,mIPS-L,RT_Down_pro_R,0.743303049631237,0.290437513058299,1.03374056268954,0.00828804959214305,0.00892681920108923,6.01751694811651,0.568237861972658
7,NvA,8,VIP-L,RT_Down_pro_R,0.483788333714713,0.252258482876772,0.736046816591484,0.00751710879424762,0.00814693258245281,6.04063534190151,0.580000381552763
7,NvA,9,SPOC-L,RT_Down_pro_R,0.527493877542329,0.474229396813439,1.00172327435577,0.00816067610965459,0.00878823070556032,6.01732961049068,0.553013176509644
7,NvA,10,S1-L,RT_Down_pro_R,0.856789378501908,0.285475524253305,1.14226490275521,0.00837586534954742,0.00906004876444189,6.01319651711993,0.566863891586286
7,NvA,11,M1-L,RT_Down_pro_R,0.321930929542441,0.354597963261726,0.676528892804167,0.00642516202891811,0.00694890707720444,6.06024587031137,0.582709438016517
7,NvA,12,SMA-L,RT_Down_pro_R,0.347822008627065,0.155690920556287,0.503512929183352,0.00551564606495767,0.00597784618924003,6.07854881517526,0.590345082977186
7,NvA,13,PMd-L,RT_Down_pro_R,0.196224996228083,0.74267845607909,0.938903452307173,0.00663905241858163,0.00713766614743006,6.04348618424709,0.574172452923314
7,NvA,14,PMv-L,RT_Down_pro_R,0.0672813615087151,0.235122922711578,0.302404284220293,0.00376126850210806,0.00405750451843658,6.12084124119116,0.600330179155396
7,NvA,15,FEF-L,RT_Down_pro_R,0.425528498218878,0.152316193662922,0.577844691881801,0.00598751615667483,0.00647042947348197,6.06926667941379,0.588351377606815
7,NvA,16,POJ-L,RT_Down_pro_R,0.109934352114406,0.433820432494553,0.543754784608959,0.00546101123047371,0.00587745537759599,6.08040549644023,0.586789897006345
7,NvA,17,V1-R,RT_Down_pro_R,0.233549758624922,0.199201479449312,0.432751238074234,0.00487692276962087,0.0052572431372698,6.09446418808085,0.590866628915528
7,NvA,18,V3-R,RT_Down_pro_R,0.459428158014301,0.326675492298672,0.786103650312973,0.00698807040865715,0.00755415502345386,6.0463836068073,0.575826944756362
7,NvA,19,STS-R,RT_Down_pro_R,0.135555048474134,0.339564242746069,0.475119291220203,0.00495345145694925,0.00535625368131709,6.089403631977,0.593124880457778
7,NvA,20,IPL-R,RT_Down_pro_R,0.20329419364371,0.455525170008159,0.658819363651869,0.00615095182589487,0.00667922203885364,6.06259032888603,0.58449052957897
7,NvA,21,SPL-R,RT_Down_pro_R,0.673872755609979,0.41193641266852,1.0858091682785,0.00810842948727131,0.00872203379617508,6.0144634776263,0.540254913018661
7,NvA,22,AG-R,RT_Down_pro_R,0.453394398232258,0.279635415914929,0.733029814147187,0.00617782905374865,0.00666258708164702,6.05735347282021,0.574094541975496
7,NvA,23,mIPS-R,RT_Down_pro_R,0.610056092920097,0.175351659974372,0.785407752894469,0.00665762354207808,0.00723454100809528,6.05078430440652,0.583000257624052
7,NvA,24,VIP-R,RT_Down_pro_R,0.213889674341255,0.667743455544401,0.881633129885656,0.00632987197442952,0.00683514865592623,6.04809364674083,0.570897230385206
7,NvA,25,SPOC-R,RT_Down_pro_R,0.56714051354833,0.71657015934256,1.28371067289089,0.00903634241022417,0.00969764581218402,5.98788711665715,0.533582919100469
7,NvA,26,S1-R,RT_Down_pro_R,0.355477999819949,0.253286866025799,0.608764865845748,0.00616810414985371,0.00665000243140099,6.06518347150805,0.582223279929896
7,NvA,27,M1-R,RT_Down_pro_R,0.435053109117066,0.200140614092043,0.635193723209109,0.00573008887174314,0.0062114014928507,6.06855233543368,0.584203417923562
7,NvA,28,SMA-R,RT_Down_pro_R,0.326495171452359,0.266085183831242,0.592580355283601,0.00624506723034982,0.00674986576184618,6.06414332221086,0.589174734505835
7,NvA,29,PMd-R,RT_Down_pro_R,0.126422068345606,0.253994385640994,0.3804164539866,0.00423557402903741,0.00458216321703721,6.1028871178996,0.595713369847628
7,NvA,30,PMv-R,RT_Down_pro_R,0.0419755543633381,0.201640274917808,0.243615829281146,0.0030169177838401,0.00325567632593226,6.13500229354248,0.604118400792606
7,NvA,31,FEF-R,RT_Down_pro_R,0.317371462655221,0.432691377784145,0.750062840439366,0.00782827089997759,0.00846315648520254,6.03263384770257,0.583252999720308
7,NvA,32,POJ-R,RT_Down_pro_R,0.335889395033967,0.571321952252926,0.907211347286893,0.00660789662595754,0.0071171453251362,6.04252909929543,0.566479114324493
8,RR,1,V1-L,RT_Down_pro_R,0.229766192867853,0.177776398515626,0.407542591383479,0.00529786775925434,0.00578864267073795,6.29395914390581,0.722056353258261
8,RR,2,V3-L,RT_Down_pro_R,0.0881354381846417,0.594163334017333,0.682298772201974,0.00618248969006735,0.00676509565279876,6.27243131494602,0.711758227620024
8,RR,3,STS-L,RT_Down_pro_R,0.124159764843828,0.342601408591838,0.466761173435666,0.00526698148796583,0.0057272376432971,6.29157857788208,0.717320014669389
8,RR,4,IPL-L,RT_Down_pro_R,0.583699849769864,0.375661076073711,0.959360925843576,0.00857563583927782,0.00939310360657171,6.2221832058109,0.700121392106311
8,RR,5,SPL-L,RT_Down_pro_R,0.89791533289549,0.485573140650623,1.38348847354611,0.0109188047829399,0.0118728894436776,6.1761547614761,0.661684366389558
8,RR,6,AG-L,RT_Down_pro_R,0.581571022965008,0.313989689120882,0.89556071208589,0.00795728350715773,0.00863123899659372,6.23398583901084,0.692112348876368
8,RR,7,mIPS-L,RT_Down_pro_R,0.631028769742027,0.236617987438554,0.867646757180581,0.00797785173051258,0.00870706866115382,6.24034488795853,0.697831001367065
8,RR,8,VIP-L,RT_Down_pro_R,0.712929616711746,0.43615746200454,1.14908707871629,0.00958443497924008,0.0104931729963723,6.20623860487967,0.687971985099296
8,RR,9,SPOC-L,RT_Down_pro_R,0.737578465296554,0.460701064154942,1.1982795294515,0.0100346719034174,0.0109767040428969,6.19835154920871,0.683766388352229
8,RR,10,S1-L,RT_Down_pro_R,0.841048654033306,0.358148848218354,1.19919750225166,0.00985516536044654,0.0108015274234764,6.19379090942559,0.686412772017999
8,RR,11,M1-L,RT_Down_pro_R,0.454606358006404,0.294942955530898,0.749549313537303,0.00635632602138704,0.00697775535620893,6.25628872889749,0.700690758548858
8,RR,12,SMA-L,RT_Down_pro_R,0.689244050008859,0.569997398312297,1.25924144832116,0.0104653868893423,0.0114746831067541,6.17926048459742,0.675078719018515
8,RR,13,PMd-L,RT_Down_pro_R,0.264951977632866,0.495328386665347,0.760280364298213,0.00631054255068804,0.00687437229293608,6.25556252671862,0.690292443997776
8,RR,14,PMv-L,RT_Down_pro_R,0.103650545489717,0.215109144347866,0.318759689837583,0.0040019932632267,0.00438618400791128,6.31499714723947,0.724786516482434
8,RR,15,FEF-L,RT_Down_pro_R,0.170762543710039,0.308342155992483,0.479104699702522,0.00507299111222238,0.0055293336009821,6.29270190740122,0.712960637148354
8,RR,16,POJ-L,RT_Down_pro_R,0.39032650031401,0.429546264275131,0.819872764589141,0.0077340969912963,0.00841139259881377,6.24377104940919,0.695962597682414
8,RR,17,V1-R,RT_Down_pro_R,0.289287029696755,0.273267059441064,0.562554089137818,0.00615482330276791,0.00670848900713098,6.27097492627063,0.711129759512616
8,RR,18,V3-R,RT_Down_pro_R,0.239718328893227,0.464600489745596,0.704318818638824,0.00643548256303164,0.00704488877554084,6.25898989414953,0.702437374457177
8,RR,19,STS-R,RT_Down_pro_R,0.144028656730631,0.245267023897392,0.389295680628022,0.00464909006642565,0.00510741636695886,6.30491225078532,0.721280024183568
8,RR,20,IPL-R,RT_Down_pro_R,0.309777305693015,0.312662684294403,0.622439989987418,0.00614897170079263,0.00673497875597257,6.2657082196725,0.708462641015312
8,RR,21,SPL-R,RT_Down_pro_R,0.56513600703615,0.353717659945818,0.918853666981968,0.00826188667572932,0.00904771608046021,6.22608910899972,0.681971702308992
8,RR,22,AG-R,RT_Down_pro_R,0.164784162913387,0.536108258177485,0.700892421090872,0.0061330011387224,0.00671531993607429,6.26229697900929,0.70346183970466
8,RR,23,mIPS-R,RT_Down_pro_R,0.461277539010773,0.425922071903715,0.887199610914487,0.00850904977593824,0.00927716190354828,6.22495262840177,0.690790468448948
8,RR,24,VIP-R,RT_Down_pro_R,0.380903515021571,0.63378611657643,1.014689631598,0.00848972549172629,0.00925469394819881,6.21532084225785,0.681460482498727
8,RR,25,SPOC-R,RT_Down_pro_R,0.547137773842311,0.409002832593099,0.95614060643541,0.00832371223724897,0.00910679688133949,6.22511867266976,0.696070444684515
8,RR,26,S1-R,RT_Down_pro_R,0.360297599009493,0.384852914797137,0.74515051380663,0.00702311473908548,0.00765518196318896,6.24811115885838,0.700948661781337
8,RR,27,M1-R,RT_Down_pro_R,0.476197403363206,0.731261483847688,1.20745888721089,0.00885148963095584,0.00961522785914702,6.20650969639039,0.655110009270337
8,RR,28,SMA-R,RT_Down_pro_R,0.375205845375712,0.72454104253524,1.09974688791095,0.00993719432478409,0.0109031933043502,6.20200271250247,0.6910297794794
8,RR,29,PMd-R,RT_Down_pro_R,0.231736163281872,0.39126096345284,0.622997126734712,0.00570169059218187,0.00624147771344474,6.27441204103482,0.694955530599634
8,RR,30,PMv-R,RT_Down_pro_R,0.097163165561605,0.148485652096016,0.245648817657621,0.00392026232247108,0.00430151025197074,6.32323869956458,0.731648782991132
8,RR,31,FEF-R,RT_Down_pro_R,0.291896556315839,0.194462339625303,0.486358895941142,0.00540917701476465,0.00593460979865211,6.28366864730258,0.717067439623947
8,RR,32,POJ-R,RT_Down_pro_R,0.303415706382032,0.415482533760144,0.718898240142175,0.00697187474848145,0.00756596141708417,6.25570674212054,0.70215213271872
9,SJB,1,V1-L,RT_Down_pro_R,0.212528632679726,0.783313582974041,0.995842215653767,0.00772702648812382,0.00841214718674776,6.51768011422726,0.785420865691575
9,SJB,2,V3-L,RT_Down_pro_R,0.454738823774479,0.982167872529836,1.43690669630431,0.0103531024024698,0.0112991268201963,6.45370137042995,0.775574808797138
9,SJB,3,STS-L,RT_Down_pro_R,0.216158067952275,0.277870177452429,0.494028245404704,0.00523766765001563,0.00569925999460431,6.56512233819561,0.81185894979917
9,SJB,4,IPL-L,RT_Down_pro_R,0.707469345181966,0.293598597735919,1.00106794291789,0.00821023171271106,0.00893910350922574,6.50317187794996,0.790974427644348
9,SJB,5,SPL-L,RT_Down_pro_R,0.864972619125403,0.42578011420882,1.29075273333422,0.0106280812677095,0.011638226489071,6.47365737985859,0.793072226728792
9,SJB,6,AG-L,RT_Down_pro_R,0.866991077116268,0.529993921432521,1.39698499854879,0.00997450139627371,0.0108496581759361,6.46889116195486,0.773118662379257
9,SJB,7,mIPS-L,RT_Down_pro_R,0.579147995051815,0.522664734148355,1.10181272920017,0.00998331281327171,0.0109275661991279,6.48106370243943,0.790285539231309
9,SJB,8,VIP-L,RT_Down_pro_R,0.923423691683153,0.3430886179559,1.26651230963905,0.00962584159811833,0.0104605274699726,6.46422524268126,0.777351397224361
9,SJB,9,SPOC-L,RT_Down_pro_R,0.702767798743542,0.504858072430044,1.20762587117359,0.0115006169645673,0.0125577869701351,6.46399273333233,0.787449238202337
9,SJB,10,S1-L,RT_Down_pro_R,0.784559151708866,0.356572769520071,1.14113192122894,0.00826363328672717,0.0089724000143818,6.48828786868916,0.788093188997239
9,SJB,11,M1-L,RT_Down_pro_R,0.568713976102815,0.765408356899205,1.33412233300202,0.0103061712159721,0.01125343324453,6.45701712014449,0.783389664567683
9,SJB,12,SMA-L,RT_Down_pro_R,0.27118080415758,0.35426327488914,0.62544407904672,0.00639976643107029,0.00698203794653057,6.54439859621017,0.812988836289784
9,SJB,13,PMd-L,RT_Down_pro_R,0.523630286162943,0.365358901148482,0.888989187311426,0.00892315045926099,0.00972477953382011,6.50480507249922,0.794650599064964
9,SJB,14,PMv-L,RT_Down_pro_R,0.0708321832725388,0.181305171423135,0.252137354695673,0.00404447619658924,0.00441464008875977,6.60319066139499,0.832957627165736
9,SJB,15,FEF-L,RT_Down_pro_R,0.220537044979823,0.457974193009054,0.678511237988877,0.0072086512102382,0.00785954010372917,6.53288814680302,0.805006572213008
9,SJB,16,POJ-L,RT_Down_pro_R,0.684631954300757,0.559382035802971,1.24401399010373,0.00971662597528835,0.010623431699306,6.47744976643632,0.77684905865042
9,SJB,17,V1-R,RT_Down_pro_R,0.396414072727385,0.628041979395102,1.02445605212249,0.00864838594936717,0.00943960719759192,6.50510244094232,0.793147542727823
9,SJB,18,V3-R,RT_Down_pro_R,0.380848044349426,0.337367076543309,0.718215120892735,0.00722676526147304,0.00790305379358651,6.53394043948366,0.798944890556452
9,SJB,19,STS-R,RT_Down_pro_R,0.0959475708477199,0.541031315292761,0.63697888614048,0.00631370477940996,0.00687412805839105,6.5500348097406,0.818481471118398
9,SJB,20,IPL-R,RT_Down_pro_R,0.33296186935672,0.204699624007794,0.537661493364514,0.00591843910263239,0.00647437913365674,6.55626489762904,0.812641295503108
9,SJB,21,SPL-R,RT_Down_pro_R,0.682386570033763,0.658217004008431,1.34060357404219,0.0100043125671214,0.0107870563261677,6.45531165567256,0.744284493060187
9,SJB,22,AG-R,RT_Down_pro_R,0.662708459220014,0.777978682977244,1.44068714219726,0.0110262760595211,0.0119657634969504,6.45370830053388,0.761311878099762
9,SJB,23,mIPS-R,RT_Down_pro_R,0.56656369134478,0.407945089034702,0.974508780379482,0.0095192344374058,0.0103928755399351,6.48620497092676,0.785736763599979
9,SJB,24,VIP-R,RT_Down_pro_R,0.444402826228891,0.40884423224206,0.853247058470951,0.00811665259703368,0.00886355608904547,6.51138062647207,0.798129485777539
9,SJB,25,SPOC-R,RT_Down_pro_R,0.642755150076821,1.02386478120272,1.66661993127954,0.0117255385053222,0.0127114941589645,6.43221372813685,0.745931244609938
9,SJB,26,S1-R,RT_Down_pro_R,0.592305008984387,0.309924219908308,0.902229228892695,0.00804199325688479,0.00880126522531371,6.50806541259749,0.794434773730785
9,SJB,27,M1-R,RT_Down_pro_R,0.290853165971815,0.461473425059994,0.752326591031809,0.00675172147097136,0.0073652850312642,6.53043342007865,0.805377976982056
9,SJB,28,SMA-R,RT_Down_pro_R,0.400711206461485,0.214873702119494,0.61558490858098,0.00656202207173541,0.00715563050297387,6.54653175492962,0.8106646089703
9,SJB,29,PMd-R,RT_Down_pro_R,0.228599437959489,0.240261057515249,0.468860495474738,0.00554008526511377,0.00606474205774146,6.56287951750421,0.823307680436536
9,SJB,30,PMv-R,RT_Down_pro_R,0.0783347805082449,0.439792651338463,0.518127431846708,0.00545403427049425,0.00595949220810163,6.5691478020348,0.820857535062631
9,SJB,31,FEF-R,RT_Down_pro_R,0.346198406390708,0.192098085651511,0.538296492042219,0.00573092644988853,0.0062578257394183,6.55999516378167,0.817768119518487
9,SJB,32,POJ-R,RT_Down_pro_R,0.351131179775747,0.595391572374281,0.946522752150028,0.00829417661109922,0.00898878560018595,6.50782300843432,0.789083222610293
10,BG,1,V1-L,RT_Down_pro_R,0.130215166305588,0.227839900719852,0.358055067025441,0.00443626140240074,0.0048109252890967,5.97120423989874,0.540632103953617
10,BG,2,V3-L,RT_Down_pro_R,0.136113810568272,0.167787317217434,0.303901127785706,0.00383023569378817,0.00417951674643541,5.98721083904643,0.542846701134187
10,BG,3,STS-L,RT_Down_pro_R,0.0758876841175928,0.319821231483789,0.395708915601381,0.00415037196084405,0.00452369704214133,5.97775403011026,0.539583036350587
10,BG,4,IPL-L,RT_Down_pro_R,0.211514764120478,0.29305365264336,0.504568416763838,0.00582574934300598,0.00636009165860598,5.94476259103881,0.52888324461969
10,BG,5,SPL-L,RT_Down_pro_R,0.651311430898377,0.179410454059493,0.83072188495787,0.00746431526209199,0.00812492431109908,5.91055817736934,0.522402317645622
10,BG,6,AG-L,RT_Down_pro_R,0.479450259564131,0.238909075067043,0.718359334631174,0.00626257825461876,0.00682744303573548,5.92386431949719,0.521396416710119
10,BG,7,mIPS-L,RT_Down_pro_R,0.229993576718346,0.435738837540846,0.665732414259191,0.00549246759102701,0.0059289708527243,5.94047656381242,0.525222669265569
10,BG,8,VIP-L,RT_Down_pro_R,0.391886046689917,0.395889622822274,0.78777566951219,0.00755779377191418,0.00823727518899616,5.90818284374389,0.526628362168451
10,BG,9,SPOC-L,RT_Down_pro_R,0.441332102293663,0.293736077715564,0.735068180009227,0.00650445689704736,0.00703608868734225,5.92366254487053,0.518262774441447
10,BG,10,S1-L,RT_Down_pro_R,0.654509778703105,0.30774968924547,0.962259467948575,0.00749470229998783,0.00812712353920231,5.89352404208429,0.508209012529052
10,BG,11,M1-L,RT_Down_pro_R,0.201964597325061,0.298023582984701,0.499988180309761,0.0050094969845589,0.00544800757335419,5.95913858389407,0.532964838339195
10,BG,12,SMA-L,RT_Down_pro_R,0.235835401912355,0.568771513400492,0.804606915312846,0.00686262926013788,0.00742079711923827,5.91868477818593,0.519642410943654
10,BG,13,PMd-L,RT_Down_pro_R,0.0897721685215646,0.498683235381689,0.588455403903253,0.00431378645324162,0.00463255515436976,5.96282645956888,0.526135773212664
10,BG,14,PMv-L,RT_Down_pro_R,0.0722107294187789,0.156655796231842,0.228866525650621,0.00332441777130834,0.00359302569608639,6.00485537754165,0.545922233708065
10,BG,15,FEF-L,RT_Down_pro_R,0.526257252303433,0.252673471705992,0.778930724009425,0.00716340366608878,0.00780306907192547,5.91420819227057,0.524049268943594
10,BG,16,POJ-L,RT_Down_pro_R,0.243646294735945,0.255658406042966,0.499304700778911,0.00485296598409593,0.00527546344066609,5.95682614004775,0.529293299761164
10,BG,17,V1-R,RT_Down_pro_R,0.0850403711323496,0.292669219331854,0.377709590464203,0.00393962792188681,0.00430104814202458,5.98037365888712,0.540305253522904
10,BG,18,V3-R,RT_Down_pro_R,0.184678430599232,0.251475796961729,0.436154227560961,0.00401882406531043,0.00437019020696763,5.97424256077362,0.531536718736124
10,BG,19,STS-R,RT_Down_pro_R,0.112896860327844,0.137613276626629,0.250510136954473,0.00300218325427351,0.0032915934012826,6.00433122291662,0.543565559478369
10,BG,20,IPL-R,RT_Down_pro_R,0.619425876544983,0.306810500397318,0.926236376942301,0.00728802579015097,0.00794609300711319,5.90090869658233,0.514919288555629
10,BG,21,SPL-R,RT_Down_pro_R,0.489283917893503,0.308637567854111,0.797921485747613,0.00731979846341904,0.00787576977152342,5.9127073690396,0.508649186208083
10,BG,22,AG-R,RT_Down_pro_R,0.439371112331996,0.164965327110166,0.604336439442162,0.0060319695906277,0.00657496670035595,5.93628129030935,0.529476936517263
10,BG,23,mIPS-R,RT_Down_pro_R,0.785389384555154,0.191231500223912,0.976620884779067,0.00742662429126309,0.00812162529390279,5.9039992923645,0.514232664497919
10,BG,24,VIP-R,RT_Down_pro_R,0.620518360887093,0.360664598630378,0.981182959517471,0.00788890487978938,0.00857082727539842,5.89564027608109,0.512462796518561
10,BG,25,SPOC-R,RT_Down_pro_R,0.502448810572024,0.547345848513675,1.0497946590857,0.00802768680249433,0.0086833710906789,5.89003407817782,0.503699027615569
10,BG,26,S1-R,RT_Down_pro_R,0.21631028283318,0.377094496048645,0.593404778881826,0.00589427919926639,0.00641377017937845,5.94188450032806,0.526075422354017
10,BG,27,M1-R,RT_Down_pro_R,0.515963202924307,0.647435790062467,1.16339899298677,0.00754619437602633,0.00815258369885908,5.88870525225105,0.498984159579587
10,BG,28,SMA-R,RT_Down_pro_R,0.239642480866281,0.576308205984727,0.815950686851008,0.00704210657912756,0.00762677336289779,5.91873706960995,0.523749207220121
10,BG,29,PMd-R,RT_Down_pro_R,0.0830524680613156,0.490883135794704,0.573935603856019,0.004227006530011,0.00456522545673069,5.97499549081925,0.531739099169568
10,BG,30,PMv-R,RT_Down_pro_R,0.0830921739835154,0.444113998008783,0.527206171992298,0.00453424418508465,0.00491610983408747,5.96814591335435,0.53655578922446
10,BG,31,FEF-R,RT_Down_pro_R,0.495130754220277,0.131133368832738,0.626264123053015,0.00491119290549285,0.00533480694473563,5.95533173403881,0.530790886035605
10,BG,32,POJ-R,RT_Down_pro_R,0.307910361817812,0.433271419102832,0.741181780920645,0.0065128505588389,0.00706182179610348,5.92591763104292,0.521445565591983
1,DOC,1,V1-L,RT_Down_anti_L,0.178222079900143,0.493425412277529,0.671647492177672,0.00662004492854534,0.0071092120416285,6.39821300738107,0.661846861657729
1,DOC,2,V3-L,RT_Down_anti_L,0.21655946306466,0.29434231977573,0.51090178284039,0.00559508828129311,0.00601413448431271,6.41745883003224,0.668635533891243
1,DOC,3,STS-L,RT_Down_anti_L,0.0972810392294694,0.0957830975514811,0.193064136780951,0.00310439594003901,0.00335100761058647,6.46786452063273,0.682337651467779
1,DOC,4,IPL-L,RT_Down_anti_L,0.563282273353921,0.550091554638363,1.11337382799228,0.00963075843508621,0.0103357939875424,6.34161181948911,0.637457935816011
1,DOC,5,SPL-L,RT_Down_anti_L,0.548807583044478,0.284353902323009,0.833161485367487,0.00843445123524315,0.00912361713941569,6.36541202238629,0.659277427346361
1,DOC,6,AG-L,RT_Down_anti_L,0.54428003437171,0.40613576772404,0.95041580209575,0.00958584690239523,0.0103231210427157,6.34882528393626,0.647061736415972
1,DOC,7,mIPS-L,RT_Down_anti_L,0.665680680594747,0.341306505495505,1.00698718609025,0.00930985179912398,0.0100560671295121,6.34474931461786,0.655220681530422
1,DOC,8,VIP-L,RT_Down_anti_L,0.887912152066081,0.29477404074779,1.18268619281387,0.00905895090870245,0.00972704932694958,6.33755436130238,0.643051889795481
1,DOC,9,SPOC-L,RT_Down_anti_L,0.477626336059146,0.946775059026165,1.42440139508531,0.0101032330302344,0.0107724440826536,6.30090339820165,0.610807698176319
1,DOC,10,S1-L,RT_Down_anti_L,0.821248762232808,0.74649381426725,1.56774257650006,0.0105012319548508,0.0111918523289034,6.29758116007337,0.597971659341586
1,DOC,11,M1-L,RT_Down_anti_L,0.198791640662187,0.800235068724403,0.99902670938659,0.00760748958808322,0.00815118959076944,6.37114704400222,0.649551352681615
1,DOC,12,SMA-L,RT_Down_anti_L,0.285425793328475,0.470887420098532,0.756313213427008,0.00819740500892246,0.00883513177126941,6.36900374255214,0.66591977469149
1,DOC,13,PMd-L,RT_Down_anti_L,0.220475042640901,0.441179002215113,0.661654044856014,0.00724860214344508,0.00779012676389667,6.38638335639638,0.667819515028775
1,DOC,14,PMv-L,RT_Down_anti_L,0.0624555671591658,0.309021279186035,0.371476846345201,0.00450549421885043,0.00486545485618998,6.43946916605512,0.681537477947925
1,DOC,15,FEF-L,RT_Down_anti_L,0.282754289022613,0.143856545603503,0.426610834626116,0.00498434084143277,0.00535324043882819,6.43051217080491,0.675800327956921
1,DOC,16,POJ-L,RT_Down_anti_L,0.241558928785215,0.697072442690763,0.938631371475977,0.0081208096930439,0.00872157938338197,6.36481593092951,0.648256897838436
1,DOC,17,V1-R,RT_Down_anti_L,0.100546473276881,0.484128569419099,0.58467504269598,0.00585341284977367,0.00629548800468301,6.41051032305286,0.664399480312904
1,DOC,18,V3-R,RT_Down_anti_L,0.29923312106183,0.481424407324215,0.780657528386045,0.00785431812374088,0.00845452999126355,6.37605509447659,0.656566337745417
1,DOC,19,STS-R,RT_Down_anti_L,0.213351978021226,0.493621929271363,0.706973907292588,0.00719857681648106,0.00775016370740455,6.38636169118763,0.664754031661363
1,DOC,20,IPL-R,RT_Down_anti_L,0.438229761770809,0.255820600932048,0.694050362702857,0.00803235696856422,0.00862938441911708,6.37525073742426,0.66545032566853
1,DOC,21,SPL-R,RT_Down_anti_L,0.888182846980902,0.201591782787595,1.0897746297685,0.00914211327055283,0.00980951081163833,6.34503579691917,0.649146112950936
1,DOC,22,AG-R,RT_Down_anti_L,0.91243424295658,0.622862566442129,1.53529680939871,0.0110813881547238,0.0118827102408335,6.29765765022979,0.616245707758855
1,DOC,23,mIPS-R,RT_Down_anti_L,0.705200765376945,0.613958529207867,1.31915929458481,0.01033559113655,0.0111179169020352,6.3209339655792,0.636894760211659
1,DOC,24,VIP-R,RT_Down_anti_L,0.449996744182033,0.274218655671055,0.724215399853088,0.0079033121559417,0.00849308702063604,6.37496964941478,0.657891685158589
1,DOC,25,SPOC-R,RT_Down_anti_L,0.652407989123534,0.458115897509,1.11052388663253,0.0109637442081412,0.0117583328383495,6.31458675043589,0.639817392201825
1,DOC,26,S1-R,RT_Down_anti_L,0.53442474445196,0.319983538095412,0.854408282547372,0.00860482956232084,0.00924936428131038,6.36395756000423,0.659490979871753
1,DOC,27,M1-R,RT_Down_anti_L,0.406200630012086,0.324868920247807,0.731069550259893,0.00669697658861833,0.00718899234311575,6.38833786494167,0.657476654729829
1,DOC,28,SMA-R,RT_Down_anti_L,0.499673151267524,0.358053257272009,0.857726408539533,0.00864476248929423,0.0092974046069887,6.36138718642738,0.657307778219705
1,DOC,29,PMd-R,RT_Down_anti_L,0.167752418756496,0.386620350604932,0.554372769361429,0.0058454415176009,0.00627551494658634,6.4077749332515,0.663478529036684
1,DOC,30,PMv-R,RT_Down_anti_L,0.106918094108191,0.294169471138666,0.401087565246856,0.005342831911083,0.00574657877298545,6.4280237733279,0.67855951879508
1,DOC,31,FEF-R,RT_Down_anti_L,0.257960067884094,0.295692362671939,0.553652430556034,0.0068772141399346,0.0074074536673426,6.3960729040943,0.673025563612908
1,DOC,32,POJ-R,RT_Down_anti_L,0.752813584494901,0.496824208301362,1.24963779279626,0.0114564650570952,0.0123161077060911,6.31824701012861,0.643427216017796
2,GB,1,V1-L,RT_Down_anti_L,0.0891854454147381,0.360935875711045,0.450121321125784,0.00418003252840171,0.00452892831686063,6.22127269969495,0.633914672263633
2,GB,2,V3-L,RT_Down_anti_L,0.265864661311339,0.488260379847559,0.754125041158898,0.00653079548915355,0.0070761589167211,6.16852200214355,0.616586992581935
2,GB,3,STS-L,RT_Down_anti_L,0.101503771896699,0.176847156401974,0.278350928298673,0.00378211886020879,0.00411689002545312,6.22973354177168,0.64411328787932
2,GB,4,IPL-L,RT_Down_anti_L,0.372907517953155,0.574195134080316,0.947102652033472,0.0080419506019999,0.00871640535511782,6.13936023629137,0.60138653850925
2,GB,5,SPL-L,RT_Down_anti_L,0.756043158893056,0.407918041590209,1.16396120048326,0.00948350426882205,0.0102446291450065,6.10835646537282,0.60281938637139
2,GB,6,AG-L,RT_Down_anti_L,0.692284470117466,0.320243610851351,1.01252808096882,0.00722053889433944,0.00775758444982493,6.14725874852623,0.601251482754751
2,GB,7,mIPS-L,RT_Down_anti_L,0.804149243003462,0.350615145943313,1.15476438894677,0.00896963725735633,0.00968849700966137,6.1232308648035,0.595210181003582
2,GB,8,VIP-L,RT_Down_anti_L,0.586683843503681,0.319557069676993,0.906240913180674,0.00772440207597326,0.00837592777165673,6.1429785979214,0.616192370177376
2,GB,9,SPOC-L,RT_Down_anti_L,0.706233674255082,0.673801871529114,1.3800355457842,0.00962833933230303,0.0104012429409716,6.09816003434814,0.579382642292897
2,GB,10,S1-L,RT_Down_anti_L,0.352707070414042,0.648392724414766,1.00109979482881,0.00800949127987823,0.00865069347641002,6.13514831453615,0.604543034382797
2,GB,11,M1-L,RT_Down_anti_L,0.418045270696616,0.478897067184616,0.896942337881233,0.00813880263521488,0.00883312610435137,6.13689853114748,0.615255989251834
2,GB,12,SMA-L,RT_Down_anti_L,0.69732853818872,0.281839188136295,0.979167726325014,0.00851865315296298,0.0092595400031655,6.12998120323002,0.612845728043462
2,GB,13,PMd-L,RT_Down_anti_L,0.116062187859318,0.538632564981881,0.654694752841199,0.00596977535133164,0.00644677554427788,6.18116390389983,0.629266502484602
2,GB,14,PMv-L,RT_Down_anti_L,0.0603089551551536,0.234419011110052,0.294727966265206,0.00352414731206127,0.00380842175695726,6.23496210421387,0.640983105936433
2,GB,15,FEF-L,RT_Down_anti_L,0.247220466482608,0.457198197145011,0.704418663627619,0.00684673820603557,0.00741233243643617,6.15981621088824,0.62613590152639
2,GB,16,POJ-L,RT_Down_anti_L,0.513458926428032,0.759614866256978,1.27307379268501,0.00924129168377946,0.0100011002867565,6.11174306987919,0.591109076970531
2,GB,17,V1-R,RT_Down_anti_L,0.224544016166146,0.433905540209106,0.658449556375251,0.00614945380393611,0.00665253944616612,6.17722200750558,0.624433417874724
2,GB,18,V3-R,RT_Down_anti_L,0.161197758766359,0.132469089860309,0.293666848626668,0.0040317125231706,0.0043667794778261,6.22387464865838,0.642851014964858
2,GB,19,STS-R,RT_Down_anti_L,0.202536886710327,0.222198284636679,0.424735171347006,0.0046681072493456,0.00503866785754312,6.20894428276574,0.635635128559719
2,GB,20,IPL-R,RT_Down_anti_L,0.429189906110015,0.291145676774037,0.720335582884052,0.00739482034221939,0.00802121100345122,6.15416493198632,0.624143762447407
2,GB,21,SPL-R,RT_Down_anti_L,0.43723702537785,0.260022212722654,0.697259238100504,0.00732623604662451,0.00794867102219048,6.15609384623143,0.626638787132361
2,GB,22,AG-R,RT_Down_anti_L,0.318724889213169,0.363802570617508,0.682527459830676,0.00652903404662306,0.00709283817053977,6.16449880284614,0.617927139448008
2,GB,23,mIPS-R,RT_Down_anti_L,0.583096524569544,0.248421712107681,0.831518236677225,0.00818512266438898,0.00892735221329383,6.14078338499455,0.623967697519414
2,GB,24,VIP-R,RT_Down_anti_L,0.402618453240579,0.3017678335676,0.704386286808179,0.00714145274649116,0.00775897154386036,6.16040367963642,0.627099562610159
2,GB,25,SPOC-R,RT_Down_anti_L,0.679775946565087,0.291617013798609,0.971392960363695,0.00759616211238984,0.00822975192793128,6.13872088876652,0.615645102969259
2,GB,26,S1-R,RT_Down_anti_L,0.688317526192265,0.219799743012046,0.908117269204312,0.00730985356465619,0.00791278963224588,6.14856852509529,0.619849853454603
2,GB,27,M1-R,RT_Down_anti_L,0.254283406162536,0.502135148895765,0.756418555058301,0.00626738259614954,0.00679261010605497,6.16926808800748,0.618262027363612
2,GB,28,SMA-R,RT_Down_anti_L,0.371123994146151,0.357949779456629,0.72907377360278,0.00623252128095151,0.00675947453790364,6.17079145831891,0.620884447809349
2,GB,29,PMd-R,RT_Down_anti_L,0.283804009893919,0.496008487832774,0.779812497726693,0.00677883342092055,0.0073173887019067,6.15977963499165,0.613635758324194
2,GB,30,PMv-R,RT_Down_anti_L,0.078731212239363,0.201401077998204,0.280132290237567,0.00379194210084073,0.00411294523826756,6.23147596244155,0.644174887541714
2,GB,31,FEF-R,RT_Down_anti_L,0.225416024786396,0.365236031647208,0.590652056433604,0.00568566552126064,0.0061315653886338,6.18478369939701,0.628356101390282
2,GB,32,POJ-R,RT_Down_anti_L,0.247244641749266,0.608581315463856,0.855825957213122,0.00715604862236496,0.00775743981897568,6.15522713447537,0.622510070446669
3,JDC,1,V1-L,RT_Down_anti_L,0.160906817250727,0.369010599888889,0.529917417139616,0.00580530203951204,0.00626127011889434,6.49712819279133,0.758891181897613
3,JDC,2,V3-L,RT_Down_anti_L,0.284178072970699,0.388015428538766,0.672193501509465,0.00713381014754489,0.00768195153074905,6.4703329852588,0.752204409305572
3,JDC,3,STS-L,RT_Down_anti_L,0.180624566015184,0.375600801106321,0.556225367121505,0.00623541752434059,0.00672131466577106,6.49048541848909,0.759544469468475
3,JDC,4,IPL-L,RT_Down_anti_L,0.417280475402648,0.346863564539155,0.764144039941803,0.00743795848015875,0.00796257337035433,6.46417265112058,0.745345375169886
3,JDC,5,SPL-L,RT_Down_anti_L,0.764724021894844,0.600596041557404,1.36532006345225,0.0113597333660568,0.0122127236684677,6.39142683347689,0.714668674015663
3,JDC,6,AG-L,RT_Down_anti_L,0.54096697438111,0.641130880552314,1.18209785493342,0.00982182950734152,0.0105181228237284,6.40567127412514,0.70800644801462
3,JDC,7,mIPS-L,RT_Down_anti_L,0.735543076139393,0.288387368472965,1.02393044461236,0.00906756001225643,0.00979710922572324,6.43369494339996,0.734536263663394
3,JDC,8,VIP-L,RT_Down_anti_L,0.882476047949147,0.328455971541647,1.21093201949079,0.0108004473516344,0.0116471340622124,6.41064379442861,0.736494817601473
3,JDC,9,SPOC-L,RT_Down_anti_L,0.446468533144077,1.23665401909442,1.68312255223849,0.0113339892235387,0.0121549156073878,6.35933058506227,0.691269402768081
3,JDC,10,S1-L,RT_Down_anti_L,0.734932526855147,0.264520072572085,0.999452599427233,0.00841488098189516,0.00901848956133362,6.44287632203229,0.739050487002907
3,JDC,11,M1-L,RT_Down_anti_L,0.540835735943926,0.510506015296637,1.05134175124056,0.00948790697724292,0.0101751877696961,6.42945197474041,0.740085883988131
3,JDC,12,SMA-L,RT_Down_anti_L,0.32721799510508,0.36088089232636,0.68809888743144,0.00747307722240948,0.00802627902235691,6.46851291908627,0.756943369013827
3,JDC,13,PMd-L,RT_Down_anti_L,0.362488216223523,0.27878498354515,0.641273199768673,0.00753957823371335,0.00811316211853199,6.47005214759257,0.756669374063384
3,JDC,14,PMv-L,RT_Down_anti_L,0.091383244113705,0.427171755141708,0.518554999255413,0.00524586388375449,0.00562510174374023,6.50529162329255,0.761001562304403
3,JDC,15,FEF-L,RT_Down_anti_L,0.398261589421937,0.312080360535029,0.710341949956966,0.00754295516846992,0.00811526917541282,6.46862327127208,0.755373803911889
3,JDC,16,POJ-L,RT_Down_anti_L,0.706230563671879,0.34764232887295,1.05387289254483,0.00848300674411116,0.00903887790325946,6.42550387961913,0.715081515142423
3,JDC,17,V1-R,RT_Down_anti_L,0.162345207005782,0.587523665008334,0.749868872014117,0.00681592947926918,0.00736876329084403,6.47402140881476,0.751150538357401
3,JDC,18,V3-R,RT_Down_anti_L,0.284084704031067,0.250390034617137,0.534474738648204,0.006605217324993,0.00714092753606906,6.48787847782855,0.762611456916899
3,JDC,19,STS-R,RT_Down_anti_L,0.117268019105753,0.12477122804194,0.242039247147692,0.00419218289330249,0.00451050674256582,6.53751929832694,0.774826811572953
3,JDC,20,IPL-R,RT_Down_anti_L,0.639097058202694,0.904233711278174,1.54333076948087,0.012331706058155,0.0133285813003336,6.3753055494255,0.709461941297473
3,JDC,21,SPL-R,RT_Down_anti_L,0.530526621679727,0.784656614351816,1.31518323603154,0.00997277616041132,0.010671502479251,6.40955113711428,0.715778300201855
3,JDC,22,AG-R,RT_Down_anti_L,0.353447355978727,0.21571838117313,0.569165737151856,0.00643094437023363,0.00690616422155262,6.48477470339796,0.754224230531293
3,JDC,23,mIPS-R,RT_Down_anti_L,0.841372346282583,0.290505430929054,1.13187777721164,0.00932003505193362,0.010019031304876,6.42716747622156,0.724870558226866
3,JDC,24,VIP-R,RT_Down_anti_L,0.938728246436572,0.709644540608585,1.64837278704516,0.0128312852598692,0.0138323186630827,6.36321650654963,0.701552910881745
3,JDC,25,SPOC-R,RT_Down_anti_L,0.30857390920961,0.336012442311892,0.644586351521502,0.00755977082152995,0.00819597837819691,6.4664620761831,0.752390573801838
3,JDC,26,S1-R,RT_Down_anti_L,0.362389806043424,0.339994170708908,0.702383976752332,0.00781734353221438,0.00841179210802098,6.46358711820481,0.748544619231623
3,JDC,27,M1-R,RT_Down_anti_L,0.406285413163914,0.298653879055784,0.704939292219698,0.00772901828155729,0.00831400281683309,6.46129843133312,0.756897171316763
3,JDC,28,SMA-R,RT_Down_anti_L,0.459192801389769,0.384720076973291,0.843912878363061,0.0083906237384685,0.00902357136563801,6.44817720711815,0.745058102088162
3,JDC,29,PMd-R,RT_Down_anti_L,0.276189953007059,0.460804755501125,0.736994708508184,0.00739946719256976,0.00792984468826648,6.466705838552,0.755723535173512
3,JDC,30,PMv-R,RT_Down_anti_L,0.107446860363993,0.598551171158819,0.705998031522812,0.00650182637662133,0.00695426220575195,6.48375507625539,0.751609955296393
3,JDC,31,FEF-R,RT_Down_anti_L,0.27810712564571,0.312484317392037,0.590591443037747,0.00670953721122128,0.00718768294623058,6.47955565566813,0.760744326234463
3,JDC,32,POJ-R,RT_Down_anti_L,0.645516094082475,0.610124475420065,1.25564056950254,0.010850247762901,0.0116679543418508,6.40466564709715,0.728898996845176
4,JFXD,1,V1-L,RT_Down_anti_L,0.31984480112025,0.955091756028985,1.27493655714924,0.0110693019842949,0.0118898058558199,7.04063302649951,0.917600141356506
4,JFXD,2,V3-L,RT_Down_anti_L,0.290435453340233,0.424418473180308,0.714853926520541,0.00842990351177079,0.00909455460809891,7.10409046358094,0.954123733263733
4,JFXD,3,STS-L,RT_Down_anti_L,0.243751036016247,0.592190142503353,0.835941178519601,0.00957776874264492,0.0103214062262791,7.09021150562614,0.951117066728575
4,JFXD,4,IPL-L,RT_Down_anti_L,0.930252630028956,0.611209390432699,1.54146202046165,0.0146823448146284,0.015716860946131,7.00914364337381,0.925525350729501
4,JFXD,5,SPL-L,RT_Down_anti_L,0.979480335517818,0.406379574251961,1.38585990976978,0.0128589588753809,0.0138160660127514,7.03388785517341,0.932256985130894
4,JFXD,6,AG-L,RT_Down_anti_L,0.577750366561346,0.341069198244409,0.918819564805756,0.00932876079660311,0.0100269322205416,7.08418740585268,0.942762697750682
4,JFXD,7,mIPS-L,RT_Down_anti_L,0.896522876484214,0.306599645047599,1.20312252153181,0.0117619680073509,0.0126968359523039,7.05546204383815,0.93786588304329
4,JFXD,8,VIP-L,RT_Down_anti_L,0.800226029871218,0.71513003705066,1.51535606692188,0.0144511775023522,0.0155285092869666,7.01720802996675,0.924835367264105
4,JFXD,9,SPOC-L,RT_Down_anti_L,0.726619192045055,0.525124303349374,1.25174349539443,0.0124934836010771,0.0134913997656798,7.0361767235633,0.929967723437364
4,JFXD,10,S1-L,RT_Down_anti_L,0.94977600507456,0.614689533974348,1.56446553904891,0.014169644667625,0.0151696236054442,7.01709614570301,0.91716531744867
4,JFXD,11,M1-L,RT_Down_anti_L,0.878044816704106,0.551111782499449,1.42915659920356,0.0138435884627432,0.0148478635899745,7.02370267651239,0.930065451377373
4,JFXD,12,SMA-L,RT_Down_anti_L,0.875423071364128,0.627197617289167,1.50262068865329,0.0123814471786576,0.013310562474061,7.02371513288796,0.910758844939283
4,JFXD,13,PMd-L,RT_Down_anti_L,0.902093898582352,0.344561657660256,1.24665555624261,0.0115685700443123,0.012423168746644,7.04726493310653,0.934053559416464
4,JFXD,14,PMv-L,RT_Down_anti_L,0.0603014203161686,0.984943662961467,1.04524508327764,0.00745873098085378,0.00799927070937926,7.10098280842748,0.939041102799748
4,JFXD,15,FEF-L,RT_Down_anti_L,0.5436584993146,0.640658953513539,1.18431745282814,0.0107365747413467,0.0115480548475517,7.04858045161837,0.902540991694196
4,JFXD,16,POJ-L,RT_Down_anti_L,0.836952333828763,0.311944138532578,1.14889647236134,0.0116695274118573,0.0125976882715645,7.04308961508741,0.918576626371816
4,JFXD,17,V1-R,RT_Down_anti_L,0.329317517273767,0.988882465433066,1.31819998270683,0.0119378267826042,0.0128229493371986,7.04221305441121,0.934219895256232
4,JFXD,18,V3-R,RT_Down_anti_L,0.170843396166291,0.620466469126504,0.791309865292796,0.00914792666038405,0.00983518152459076,7.09587314497443,0.954893472219668
4,JFXD,19,STS-R,RT_Down_anti_L,0.221257562345374,1.03393621538296,1.25519377772833,0.0116750269241844,0.0125285815884374,7.05511984632866,0.93945533390232
4,JFXD,20,IPL-R,RT_Down_anti_L,0.938567030658547,0.530299452005697,1.46886648266424,0.0138225858507758,0.0148515630194662,7.02016362233158,0.929364446083958
4,JFXD,21,SPL-R,RT_Down_anti_L,0.863519154438498,0.216648032732983,1.08016718717148,0.0110569370214171,0.0118527484872135,7.06092906110967,0.94033830220537
4,JFXD,22,AG-R,RT_Down_anti_L,0.505767756695062,0.801349404998563,1.30711716169363,0.0137417975901805,0.0148032103952067,7.03375413008306,0.933957089153402
4,JFXD,23,mIPS-R,RT_Down_anti_L,0.941264925886967,0.225626190574434,1.1668911164614,0.0106278733379319,0.0114262858986687,7.06391686306162,0.930066486587791
4,JFXD,24,VIP-R,RT_Down_anti_L,0.803514049319229,0.608328332899287,1.41184238221852,0.0139231309387654,0.0149371897500767,7.01819620337617,0.921791312656599
4,JFXD,25,SPOC-R,RT_Down_anti_L,0.488863574781298,0.452430301382034,0.941293876163332,0.00999064704517721,0.0107578357364182,7.07358004050082,0.939478960974896
4,JFXD,26,S1-R,RT_Down_anti_L,0.573823564990178,1.04733210098434,1.62115566597451,0.0140344875261789,0.0151653656409222,7.01415075160268,0.918706399414365
4,JFXD,27,M1-R,RT_Down_anti_L,0.876932025117489,0.946677630031612,1.8236096551491,0.0149864691019369,0.016135625677798,6.98383535038972,0.889939842523603
4,JFXD,28,SMA-R,RT_Down_anti_L,0.994536074254664,0.471839780244088,1.46637585449875,0.011563748945161,0.0124227234140263,7.03344057413671,0.921493508146252
4,JFXD,29,PMd-R,RT_Down_anti_L,0.233803389280469,1.00335060177821,1.23715399105867,0.0106342855624144,0.0115044719645981,7.06396476876119,0.932542285206439
4,JFXD,30,PMv-R,RT_Down_anti_L,0.069613663845175,0.865049966845933,0.934663630691108,0.00824866710810682,0.00887844549358968,7.10328497154888,0.95429103760655
4,JFXD,31,FEF-R,RT_Down_anti_L,0.496481176693193,0.705631351596755,1.20211252828995,0.0109812511736407,0.0117032547675629,7.05553088772605,0.924440500611621
4,JFXD,32,POJ-R,RT_Down_anti_L,0.548765996693835,0.397835462073446,0.94660145876728,0.0103992070878582,0.0112013137583548,7.07366912620556,0.947859618147616
5,JZ,1,V1-L,RT_Down_anti_L,0.094476909938865,0.282909098392372,0.377386008331237,0.00431764262497015,0.00465091799460354,6.02796539396662,0.547869226257132
5,JZ,2,V3-L,RT_Down_anti_L,0.303075172453735,0.139800917473063,0.442876089926798,0.00451070004556734,0.00485782586022683,6.01849200217367,0.541842008186089
5,JZ,3,STS-L,RT_Down_anti_L,0.155053869961551,0.258999953056776,0.414053823018327,0.00492414444241306,0.00529479408119257,6.0121729617047,0.547448541415652
5,JZ,4,IPL-L,RT_Down_anti_L,0.394513731894837,0.719697989554186,1.11421172144902,0.00746120811900058,0.00804606112873364,5.94647250223428,0.510935501743064
5,JZ,5,SPL-L,RT_Down_anti_L,0.655792035577755,0.247107045414328,0.902899080992083,0.00670812933506734,0.00721588719512427,5.9661975458832,0.527298241406911
5,JZ,6,AG-L,RT_Down_anti_L,0.468290751433057,0.282026974391866,0.750317725824924,0.00659486670989648,0.0071106957339828,5.97684841922308,0.534995652341345
5,JZ,7,mIPS-L,RT_Down_anti_L,0.759787758615616,0.207041620122637,0.966829378738252,0.00746811961349333,0.00801025163282067,5.95051643215384,0.523418486556805
5,JZ,8,VIP-L,RT_Down_anti_L,0.803453920041705,0.181713067977068,0.985166988018772,0.00685669417454089,0.00741015408826318,5.96059260778089,0.523383692786781
5,JZ,9,SPOC-L,RT_Down_anti_L,0.326323057364019,0.562306876695319,0.888629934059338,0.00797168093384043,0.00860845692760133,5.94644995867366,0.520953341402035
5,JZ,10,S1-L,RT_Down_anti_L,0.584041499382068,1.08594758327409,1.66998908265616,0.00824656413550978,0.00888697008202406,5.90376128515596,0.486501057358725
5,JZ,11,M1-L,RT_Down_anti_L,0.110044211957714,1.12378874221516,1.23383295417287,0.00602166699696828,0.00643722909853546,5.95815640879108,0.508698362994333
5,JZ,12,SMA-L,RT_Down_anti_L,0.27096851378738,0.210549279639143,0.481517793426523,0.00512547956801929,0.00552324877663605,6.00521854754167,0.542032721426662
5,JZ,13,PMd-L,RT_Down_anti_L,0.297372777831212,0.443812887745824,0.741185665577036,0.0065687862670634,0.00706233401766744,5.97057772934879,0.527072959822937
5,JZ,14,PMv-L,RT_Down_anti_L,0.0490033312479038,0.329415125347974,0.378418456595877,0.00418795043055624,0.0045367582792595,6.02952312688956,0.548876442477474
5,JZ,15,FEF-L,RT_Down_anti_L,0.14392083687526,0.144345084081815,0.288265920957075,0.00373914148387525,0.0040162049249712,6.0381059363895,0.546053819603413
5,JZ,16,POJ-L,RT_Down_anti_L,0.111223392509616,0.4298180997889,0.541041492298516,0.00406343368303209,0.00439877667092502,6.0192496228947,0.534501526529515
5,JZ,17,V1-R,RT_Down_anti_L,0.117021576258565,0.358724771427596,0.475746347686161,0.00469852061356259,0.00506091974518127,6.01682720391656,0.545389354719718
5,JZ,18,V3-R,RT_Down_anti_L,0.386243220886274,0.313878615359947,0.700121836246221,0.00665149606299115,0.00714048871845741,5.97402415385961,0.533485960103182
5,JZ,19,STS-R,RT_Down_anti_L,0.214902510612751,0.319733912388062,0.534636423000813,0.00533986010060136,0.00579090411857706,5.99527158031487,0.531036154228126
5,JZ,20,IPL-R,RT_Down_anti_L,0.69356650545336,0.122030305245308,0.815596810698669,0.00589098823147031,0.00634348075699212,5.97697441258662,0.529331344523245
5,JZ,21,SPL-R,RT_Down_anti_L,0.405480046991782,0.333088102165281,0.738568149157063,0.00658938698476358,0.00710516254118734,5.96884017848428,0.530311631871694
5,JZ,22,AG-R,RT_Down_anti_L,0.328187174632726,0.381656022104176,0.709843196736901,0.00697978926658093,0.00749232423511298,5.97013972232113,0.530349655137051
5,JZ,23,mIPS-R,RT_Down_anti_L,0.34484482026968,0.259822337733229,0.604667158002908,0.00610323601029619,0.00658411050795955,5.98346220588341,0.53343530344728
5,JZ,24,VIP-R,RT_Down_anti_L,0.821411300082447,0.169410473034079,0.990821773116526,0.00722772499443647,0.00778177601601193,5.95241257647455,0.523991357027688
5,JZ,25,SPOC-R,RT_Down_anti_L,0.506556274080744,0.426152335687742,0.932708609768486,0.00715531346643847,0.00768285237391905,5.9499964196661,0.51191436252622
5,JZ,26,S1-R,RT_Down_anti_L,0.274276786699215,0.287217156879648,0.561493943578863,0.00625239075594555,0.00674533959946847,5.98284606986701,0.538209263247343
5,JZ,27,M1-R,RT_Down_anti_L,0.240779260413921,0.472343663374833,0.713122923788754,0.00561229834224662,0.00606887578675906,5.99026041612541,0.531822696274985
5,JZ,28,SMA-R,RT_Down_anti_L,0.695965800268214,0.179073803037344,0.875039603305558,0.0074826512493234,0.00808310346884701,5.95682347017919,0.52972175692473
5,JZ,29,PMd-R,RT_Down_anti_L,0.206701673582011,0.296289948779087,0.502991622361098,0.00486514757089338,0.00524865871272715,6.01241699281833,0.540869402290529
5,JZ,30,PMv-R,RT_Down_anti_L,0.103205189751831,0.229571774971927,0.332776964723758,0.00354423238592645,0.00380438153250178,6.0408453141877,0.542963779535984
5,JZ,31,FEF-R,RT_Down_anti_L,0.127501456408327,0.19123392559265,0.318735382000977,0.00385156646307109,0.00415800295039146,6.03837030388486,0.54896185791674
5,JZ,32,POJ-R,RT_Down_anti_L,0.261175354392035,0.26565322870475,0.526828583096786,0.0053096258023944,0.00573648112703235,6.00361540064524,0.542240541795968
6,LT,1,V1-L,RT_Down_anti_L,0.137278851901847,0.322380950555399,0.459659802457246,0.00520127142374301,0.00562996155155693,6.35785299953179,0.650118863696413
6,LT,2,V3-L,RT_Down_anti_L,0.17367050858092,0.440330811742031,0.614001320322951,0.00646660174419729,0.00699981806229399,6.33162149438811,0.641923539933627
6,LT,3,STS-L,RT_Down_anti_L,0.0991301265292291,0.553974648981512,0.653104775510741,0.00571783503057234,0.00620358446382755,6.34051093861789,0.646804864117997
6,LT,4,IPL-L,RT_Down_anti_L,0.452138728471501,0.353016058409695,0.805154786881196,0.00759676837147012,0.00824618704354127,6.30406042374752,0.637565817856652
6,LT,5,SPL-L,RT_Down_anti_L,0.764595203530908,0.545880342839578,1.31047554637049,0.0110279837206559,0.0119625076777038,6.23614643881725,0.606353105230621
6,LT,6,AG-L,RT_Down_anti_L,0.302778836017558,0.42259563542081,0.725374471438368,0.00729120779797714,0.00787930344557312,6.31309313334561,0.635924149628724
6,LT,7,mIPS-L,RT_Down_anti_L,0.727143907332912,0.392543833654868,1.11968774098778,0.0103539376225761,0.0112352536581802,6.26211753214816,0.625577048240215
6,LT,8,VIP-L,RT_Down_anti_L,0.601788483507284,0.314190704214628,0.915979187721912,0.00832691628158838,0.00900259431520309,6.29047392687204,0.629308288019182
6,LT,9,SPOC-L,RT_Down_anti_L,0.662994006622426,0.376417377630798,1.03941138425322,0.00891643398821137,0.00957047877959868,6.26826390559903,0.62104468886348
6,LT,10,S1-L,RT_Down_anti_L,0.39103200457059,0.357463948561675,0.748495953132265,0.00724061533276748,0.00784059043809135,6.31099179516573,0.637770798258456
6,LT,11,M1-L,RT_Down_anti_L,0.313093589952396,0.214328647509406,0.527422237461802,0.00543980805687283,0.00588777097999646,6.34447177040319,0.646221849480753
6,LT,12,SMA-L,RT_Down_anti_L,0.427438565526351,0.303825361709877,0.731263927236227,0.00705549348443124,0.00762204522531036,6.31428592943094,0.635685261618269
6,LT,13,PMd-L,RT_Down_anti_L,0.342431523995395,0.65086064196862,0.993292165964016,0.00936951629069635,0.0101303484600769,6.27431013630091,0.630311087354137
6,LT,14,PMv-L,RT_Down_anti_L,0.0506115402725437,0.212098893365968,0.262710433638512,0.00367126369368102,0.0039714681558244,6.39361978423848,0.660966641757679
6,LT,15,FEF-L,RT_Down_anti_L,0.203973438750308,0.3945629216999,0.598536360450208,0.00611881128934723,0.00660919646727088,6.33619974172319,0.642566391869837
6,LT,16,POJ-L,RT_Down_anti_L,0.526780418753569,0.429644456191444,0.956424874945013,0.00883387717087095,0.00951212466833494,6.28859444593293,0.628237783724797
6,LT,17,V1-R,RT_Down_anti_L,0.200595703423357,0.598871735845248,0.799467439268605,0.00771366320884753,0.00838261877791083,6.3097500990805,0.6395863636842
6,LT,18,V3-R,RT_Down_anti_L,0.19418298967713,0.421575103038183,0.615758092715314,0.006192326196567,0.00673157626512528,6.33134040214641,0.643732763542745
6,LT,19,STS-R,RT_Down_anti_L,0.0807708007994878,0.239019112751669,0.319789913551156,0.00412197165141035,0.00445914769344992,6.38094295793438,0.659986735915851
6,LT,20,IPL-R,RT_Down_anti_L,0.873115935587855,0.261549919460584,1.13466585504844,0.0090455405564209,0.00977050403575178,6.27441065534165,0.626977903861593
6,LT,21,SPL-R,RT_Down_anti_L,0.575057007760349,0.48178992735307,1.05684693511342,0.00877407898335431,0.0094824403582769,6.28182831945321,0.620749547097614
6,LT,22,AG-R,RT_Down_anti_L,0.380245078978426,0.767043346324331,1.14728842530276,0.00896290960357663,0.00964146347763531,6.27671150247593,0.620543142932429
6,LT,23,mIPS-R,RT_Down_anti_L,0.913148533272751,0.28861157876454,1.20176011203729,0.00935168511295122,0.0101379619546538,6.26873163644236,0.621555350531474
6,LT,24,VIP-R,RT_Down_anti_L,0.555162174317669,0.567306117964568,1.12246829228224,0.00866294853145523,0.00933894474183707,6.27541425167903,0.616952911065317
6,LT,25,SPOC-R,RT_Down_anti_L,0.550634976864947,0.600934598193382,1.15156957505833,0.00968056005162602,0.0104636662950491,6.26743328097794,0.618488118811393
6,LT,26,S1-R,RT_Down_anti_L,0.759087180297661,0.184323020054346,0.943410200352007,0.00770685391555099,0.00835989282818232,6.29776601589063,0.634055626119415
6,LT,27,M1-R,RT_Down_anti_L,0.304538207396821,0.357724358545986,0.662262565942808,0.00670174862169564,0.00728042166417433,6.32564921098881,0.642003704157999
6,LT,28,SMA-R,RT_Down_anti_L,0.622623459360512,0.4947346754582,1.11735813481871,0.010572882750236,0.0114781360443736,6.25717389227426,0.621531464209668
6,LT,29,PMd-R,RT_Down_anti_L,0.248144433843032,0.552252246663248,0.80039668050628,0.0081816693943381,0.0088967448072198,6.30115209703097,0.636259080514997
6,LT,30,PMv-R,RT_Down_anti_L,0.119437397389781,0.235853097181506,0.355290494571287,0.00455938541217018,0.00493464981898965,6.37013643495235,0.656432291332373
6,LT,31,FEF-R,RT_Down_anti_L,0.186626563253631,0.433550005665041,0.620176568918672,0.00612654927755644,0.00664939113774941,6.33445980795202,0.647817689380691
6,LT,32,POJ-R,RT_Down_anti_L,0.4959308627338,0.466926961552836,0.962857824286637,0.0091276973575161,0.00988210505137707,6.28136206722737,0.632605567635925
7,NvA,1,V1-L,RT_Down_anti_L,0.0735286834207321,0.252681865462736,0.326210548883468,0.00422333006859511,0.00460687789495827,6.06932804904412,0.592472902343059
7,NvA,2,V3-L,RT_Down_anti_L,0.171472277387689,0.413318815077993,0.584791092465682,0.00576872378917227,0.00625727649612025,6.02673220929936,0.573638306403513
7,NvA,3,STS-L,RT_Down_anti_L,0.154882626371471,0.248494174856689,0.40337680122816,0.00454692477420539,0.00493202621329306,6.05945434032582,0.58648403418758
7,NvA,4,IPL-L,RT_Down_anti_L,0.495825241618118,0.396330086780351,0.892155328398469,0.00696288780564418,0.00758002630159368,6.00005211960591,0.567028706363385
7,NvA,5,SPL-L,RT_Down_anti_L,0.363902756533851,0.478844971541231,0.842747728075082,0.00743597156096663,0.00807155871891253,5.99424060701141,0.563418027188517
7,NvA,6,AG-L,RT_Down_anti_L,0.56520085936878,0.16016680665096,0.72536766601974,0.00651248067305603,0.00707912930755481,6.01344481410757,0.576005206369877
7,NvA,7,mIPS-L,RT_Down_anti_L,0.567170142552873,0.184172670052966,0.751342812605839,0.00634192823490441,0.00684783134818566,6.01367276852205,0.571983689362459
7,NvA,8,VIP-L,RT_Down_anti_L,0.372113773204266,0.159758839538121,0.531872612742387,0.00564394765617854,0.0061013704523088,6.03663053890119,0.581505315260497
7,NvA,9,SPOC-L,RT_Down_anti_L,0.459479732931707,0.788275205197114,1.24775493812882,0.0093915286872588,0.0102292518905792,5.9442520375469,0.540902368616865
7,NvA,10,S1-L,RT_Down_anti_L,0.861744176540448,0.225984148695184,1.08772832523563,0.00770903510546341,0.00835904880850951,5.97993889335041,0.562256996219944
7,NvA,11,M1-L,RT_Down_anti_L,0.317752873313959,0.145176901887548,0.462929775201507,0.0047243174110407,0.00511054560570663,6.05215067754487,0.583402826889021
7,NvA,12,SMA-L,RT_Down_anti_L,0.287472754833716,0.413919841245275,0.701392596078991,0.0067182394797728,0.0073031618536532,6.00954575511711,0.574243628305125
7,NvA,13,PMd-L,RT_Down_anti_L,0.220746793637287,0.500378112551209,0.721124906188496,0.00603449074653247,0.00653480428324819,6.02125738034083,0.572449449387119
7,NvA,14,PMv-L,RT_Down_anti_L,0.0571979024267102,0.556437886758019,0.613635789184729,0.00429059049286527,0.00463376979004584,6.05931040287117,0.58050505558423
7,NvA,15,FEF-L,RT_Down_anti_L,0.467057586249915,0.174787939552687,0.641845525802602,0.00624137390618075,0.00680382814163933,6.01860245643659,0.581439224047308
7,NvA,16,POJ-L,RT_Down_anti_L,0.111107401586905,0.568894360063898,0.680001761650803,0.00640573529636124,0.00695095030400922,6.02175790606459,0.57538780582547
7,NvA,17,V1-R,RT_Down_anti_L,0.0846511066381188,0.215547570285831,0.300198676923949,0.00359698244192062,0.00391080024716495,6.08251929762178,0.58969501674494
7,NvA,18,V3-R,RT_Down_anti_L,0.302086023461126,0.314882489209926,0.616968512671052,0.00566082331222836,0.006158592774659,6.03004823079408,0.571806645390096
7,NvA,19,STS-R,RT_Down_anti_L,0.175831194274657,0.206388918862407,0.382220113137064,0.00479317744968103,0.00523497270962677,6.05287785656485,0.591428107243357
7,NvA,20,IPL-R,RT_Down_anti_L,0.382600669328923,0.47834714872784,0.860947818056763,0.00681493190755591,0.00745022574883134,6.00323951706185,0.564590104483704
7,NvA,21,SPL-R,RT_Down_anti_L,0.691616038222643,0.287512733368754,0.979128771591397,0.00702897219909013,0.00758734963315522,5.99164590323578,0.551264312983934
7,NvA,22,AG-R,RT_Down_anti_L,0.451804019641943,0.353289834707056,0.805093854348998,0.00583394039326669,0.00631497728776356,6.01244447637863,0.552540547576898
7,NvA,23,mIPS-R,RT_Down_anti_L,0.616250841334918,0.16562769996756,0.781878541302478,0.00686311609698456,0.00749277216638082,6.00994647203038,0.571882473829381
7,NvA,24,VIP-R,RT_Down_anti_L,0.422709102768767,0.553506446701281,0.976215549470048,0.00763579778941555,0.00831644082924966,5.98307433746166,0.557137314085747
7,NvA,25,SPOC-R,RT_Down_anti_L,0.42698658168414,0.815200482153613,1.24218706383775,0.0090197558982565,0.0098931399465688,5.94724268101141,0.549904098731494
7,NvA,26,S1-R,RT_Down_anti_L,0.259707657371807,0.31746936269982,0.577177020071627,0.00569168145679747,0.00617787910770267,6.03112469841048,0.57759838306136
7,NvA,27,M1-R,RT_Down_anti_L,0.639117171084087,0.376535019870592,1.01565219095468,0.00830212021327921,0.0089895872661824,5.97400363302653,0.554574647250583
7,NvA,28,SMA-R,RT_Down_anti_L,0.246137140124479,0.505939953169723,0.752077093294202,0.00675784043891651,0.00731482819081823,6.00648708006795,0.56929993793966
7,NvA,29,PMd-R,RT_Down_anti_L,0.173391683222012,0.30203195060518,0.475423633827192,0.0047750315228077,0.00515129050027249,6.05229372037289,0.58067002555948
7,NvA,30,PMv-R,RT_Down_anti_L,0.0498225644885614,0.183342417305136,0.233164981793698,0.00305481873319613,0.00331556256421229,6.09746610388259,0.596547337035956
7,NvA,31,FEF-R,RT_Down_anti_L,0.479848145480631,0.130227591868723,0.610075737349354,0.00572627346417184,0.00624631700779428,6.0299943264271,0.578921363124721
7,NvA,32,POJ-R,RT_Down_anti_L,0.289102370708447,0.36484564639827,0.653948017106717,0.00506272783865906,0.00548159630438046,6.03101172106815,0.566226799889702
8,RR,1,V1-L,RT_Down_anti_L,0.200767719075465,0.186036335451703,0.386804054527168,0.0043964235138626,0.00489724432988607,6.13286363408763,0.687984552546076
8,RR,2,V3-L,RT_Down_anti_L,0.102147109410765,0.283036876570186,0.385183985980952,0.0043066496170483,0.00478429074198689,6.13173747152413,0.692918531485819
8,RR,3,STS-L,RT_Down_anti_L,0.105376161190739,0.333732895661756,0.439109056852496,0.00438034418978597,0.00483005224318219,6.13213653781672,0.688047148189705
8,RR,4,IPL-L,RT_Down_anti_L,0.455196336539968,0.444412628251146,0.899608964791114,0.00699676931825259,0.00771611885702825,6.06745859239688,0.650848672516724
8,RR,5,SPL-L,RT_Down_anti_L,0.521509336612066,0.321351294549077,0.842860631161143,0.00706697238648341,0.00785391169379016,6.06988847468044,0.667416705027469
8,RR,6,AG-L,RT_Down_anti_L,0.51289691696106,0.210879924615592,0.723776841576653,0.00570317332777801,0.00622365898022592,6.09057035504657,0.652979551936314
8,RR,7,mIPS-L,RT_Down_anti_L,0.570038292445517,0.192664011993985,0.762702304439501,0.00676326707272274,0.00750036453730277,6.08507718759834,0.675016450057328
8,RR,8,VIP-L,RT_Down_anti_L,0.532478513073253,0.243825513733144,0.776304026806397,0.00666990959067159,0.0073719693887848,6.08294759085509,0.669888843444812
8,RR,9,SPOC-L,RT_Down_anti_L,0.770992191648703,0.648742300249497,1.4197344918982,0.0105466702265045,0.0116717405378748,5.98817837087075,0.616243660152601
8,RR,10,S1-L,RT_Down_anti_L,0.786078253742503,0.444260460893582,1.23033871463608,0.00887332707368435,0.00976601262848114,6.02377857320629,0.631137810195003
8,RR,11,M1-L,RT_Down_anti_L,0.409459445681956,0.418041116366582,0.827500562048538,0.00598168592458143,0.00659141395893223,6.08866100080867,0.665854463397149
8,RR,12,SMA-L,RT_Down_anti_L,0.610335900447991,0.480386974362112,1.0907228748101,0.00806728141778248,0.00891947532322356,6.03922754459803,0.650374336882868
8,RR,13,PMd-L,RT_Down_anti_L,0.250894091966421,0.798927953431985,1.04982204539841,0.0060802835455434,0.00669919066078186,6.06726049642351,0.655218105708495
8,RR,14,PMv-L,RT_Down_anti_L,0.0487964772832152,0.346916246744814,0.395712724028029,0.00407078431062037,0.00449355190779709,6.14142338957492,0.695771508364963
8,RR,15,FEF-L,RT_Down_anti_L,0.107185660475567,0.359157176602322,0.466342837077889,0.00436375427115974,0.00484477716123489,6.12947493956658,0.687423358483183
8,RR,16,POJ-L,RT_Down_anti_L,0.352844788744931,0.374743893457998,0.727588682202929,0.00612837306276521,0.00678049860609768,6.09103650526734,0.667679778857605
8,RR,17,V1-R,RT_Down_anti_L,0.205364505118565,0.244264826026518,0.449629331145083,0.00526126686070601,0.00583354351636738,6.11477580766695,0.68567389680808
8,RR,18,V3-R,RT_Down_anti_L,0.16064132723118,0.260344244880366,0.420985572111545,0.00481830570455786,0.00537339604866174,6.12411866990146,0.692842173140777
8,RR,19,STS-R,RT_Down_anti_L,0.067026248187069,0.295484862297792,0.362511110484861,0.00416022378669798,0.00458845739862615,6.13773860714196,0.697072475308687
8,RR,20,IPL-R,RT_Down_anti_L,0.369779258128431,0.24866075294556,0.61844001107399,0.00511699769120664,0.00566132769657061,6.10888356634161,0.672969481276556
8,RR,21,SPL-R,RT_Down_anti_L,0.51119454817874,0.415221500684732,0.926416048863472,0.00707472585853131,0.00775364873151643,6.06654188804757,0.650720473919241
8,RR,22,AG-R,RT_Down_anti_L,0.218894877703835,0.410879645843195,0.62977452354703,0.00555136373718291,0.00615727251884076,6.09677952185517,0.673685356662095
8,RR,23,mIPS-R,RT_Down_anti_L,0.308505068275309,0.457406547849675,0.765911616124985,0.00646176705826236,0.00711303109412341,6.08337185498554,0.667502099677443
8,RR,24,VIP-R,RT_Down_anti_L,0.519340000635569,0.333035761022439,0.852375761658008,0.00668996097368193,0.00742859975707951,6.07594966452215,0.665453231970469
8,RR,25,SPOC-R,RT_Down_anti_L,0.519182575367375,0.493728874130422,1.0129114494978,0.00710499734932575,0.00777183126533005,6.04411840901292,0.648169258256283
8,RR,26,S1-R,RT_Down_anti_L,0.484514986726206,0.433245876596464,0.91776086332267,0.00783844653351117,0.00866287500470484,6.05794687966823,0.660704580979971
8,RR,27,M1-R,RT_Down_anti_L,0.435707179204043,0.385048560497806,0.820755739701849,0.00690825774839406,0.00762498940644676,6.07116263912617,0.653919421297587
8,RR,28,SMA-R,RT_Down_anti_L,0.672943543060961,0.307378339735899,0.980321882796859,0.00736917383129639,0.00816998653107693,6.05563950383294,0.663422752519841
8,RR,29,PMd-R,RT_Down_anti_L,0.216983296102241,0.396732260854942,0.613715556957184,0.00481562909789401,0.00535007133075385,6.10912826246855,0.673722384283687
8,RR,30,PMv-R,RT_Down_anti_L,0.0635771815981085,0.136487104873296,0.200064286471405,0.0031285109336144,0.00348706880836286,6.16884191029326,0.706125307833378
8,RR,31,FEF-R,RT_Down_anti_L,0.317145331855603,0.168137740697618,0.485283072553221,0.00438047602042016,0.00485888364311427,6.12111099932233,0.682785800951989
8,RR,32,POJ-R,RT_Down_anti_L,0.312782570934045,0.6474071917352,0.960189762669245,0.00772477997751231,0.00860497672575357,6.05485885829822,0.66174301973316
9,SJB,1,V1-L,RT_Down_anti_L,0.166752494628976,0.611303405000142,0.778055899629118,0.00699779864046911,0.00756320077979764,6.48315997324713,0.755578702909886
9,SJB,2,V3-L,RT_Down_anti_L,0.40474069804307,0.881913230083562,1.28665392812663,0.00967443530976786,0.0104039156619061,6.42258384987415,0.727251800824096
9,SJB,3,STS-L,RT_Down_anti_L,0.208979206428993,0.49641403388573,0.705393240314723,0.00659915936844881,0.00709426938740373,6.49197330418836,0.754937500152217
9,SJB,4,IPL-L,RT_Down_anti_L,0.573524741648382,0.354942951131559,0.928467692779941,0.00874316738441804,0.00946571104243331,6.45788904646604,0.758360173805884
9,SJB,5,SPL-L,RT_Down_anti_L,0.982150822770391,0.386031961386705,1.3681827841571,0.0101394445812413,0.0109307204727748,6.42525052594909,0.736491423381933
9,SJB,6,AG-L,RT_Down_anti_L,0.605643748493671,0.481463816875521,1.08710756536919,0.0091409738018705,0.00980819343851906,6.44484585861352,0.7356171502711
9,SJB,7,mIPS-L,RT_Down_anti_L,0.434570368481976,0.607424034675903,1.04199440315788,0.00965998866905608,0.0104014390841322,6.44600572639149,0.750564294636482
9,SJB,8,VIP-L,RT_Down_anti_L,0.891072393353561,0.234970330350645,1.12604272370421,0.00882849846062697,0.00954940620035958,6.44397875841352,0.748149874425426
9,SJB,9,SPOC-L,RT_Down_anti_L,0.735558264976002,0.61077756760611,1.34633583258211,0.0122681895601373,0.0132708343526869,6.40382981497218,0.73649958276338
9,SJB,10,S1-L,RT_Down_anti_L,0.783966204896948,0.397488045685126,1.18145425058207,0.00909051870511955,0.00973740952022795,6.4372768246903,0.733427994504444
9,SJB,11,M1-L,RT_Down_anti_L,0.65654988366277,0.581562612853914,1.23811249651668,0.00964673157916231,0.0103457603973056,6.42640519779663,0.731461593946609
9,SJB,12,SMA-L,RT_Down_anti_L,0.585612195634069,0.293651727458819,0.879263923092888,0.00852833319325035,0.00924822392195869,6.45705714575656,0.754816094222648
9,SJB,13,PMd-L,RT_Down_anti_L,0.392744068325897,0.28270410933424,0.675448177660137,0.00711276348557545,0.00765251126888868,6.48492986709956,0.756091715706659
9,SJB,14,PMv-L,RT_Down_anti_L,0.0733272875554302,0.488480890326368,0.561808177881799,0.00573869036329134,0.00618345884447159,6.51555645302881,0.772325329156559
9,SJB,15,FEF-L,RT_Down_anti_L,0.26510724129271,0.263170075161294,0.528277316454004,0.00538730484451903,0.00584060666338226,6.51665386103864,0.761658963423239
9,SJB,16,POJ-L,RT_Down_anti_L,0.637875685295448,0.700832195686837,1.33870788098229,0.0109037390224356,0.011783222264462,6.4118575846807,0.728956619597027
9,SJB,17,V1-R,RT_Down_anti_L,0.377584382798137,0.808833935457446,1.18641831825558,0.00919367745207712,0.00993429842500021,6.43486321289463,0.736296693179119
9,SJB,18,V3-R,RT_Down_anti_L,0.428296721428479,0.36242438530699,0.790721106735469,0.00778462606324512,0.0084087793692718,6.47004354037312,0.751086858011065
9,SJB,19,STS-R,RT_Down_anti_L,0.105640526542221,0.282185536422346,0.387826062964567,0.00480807701258636,0.00520786774723919,6.5325429719517,0.776244521560343
9,SJB,20,IPL-R,RT_Down_anti_L,0.45711558126132,0.296787873720024,0.753903454981344,0.00725061955154323,0.00786989625841502,6.47439001012022,0.736484333904632
9,SJB,21,SPL-R,RT_Down_anti_L,0.572039832559229,0.516693228242815,1.08873306080204,0.0104554609016559,0.0113016340998769,6.42379981601062,0.738457119807624
9,SJB,22,AG-R,RT_Down_anti_L,0.631622164984913,0.508960665772958,1.14058283075787,0.01030078968934,0.0111132033364044,6.42763796374924,0.741471886842847
9,SJB,23,mIPS-R,RT_Down_anti_L,0.601584613794408,0.506296895052315,1.10788150884672,0.010367127380708,0.0111864874506667,6.42664831443808,0.718946711100118
9,SJB,24,VIP-R,RT_Down_anti_L,0.556394650518605,0.250590670580291,0.806985321098896,0.00776993723889736,0.00845300261289015,6.46991517286882,0.755505402669464
9,SJB,25,SPOC-R,RT_Down_anti_L,0.53890494724671,1.04455791326811,1.58346286051482,0.0124488504530154,0.013396028670445,6.3882019262254,0.703675323094927
9,SJB,26,S1-R,RT_Down_anti_L,0.515519425399466,0.270559275782514,0.78607870118198,0.00558995221732046,0.00603718515965426,6.49262814035285,0.75238339778881
9,SJB,27,M1-R,RT_Down_anti_L,0.176607771636112,0.585071305479496,0.761679077115609,0.00645637385066218,0.00703870903196956,6.48689676491207,0.759714092340414
9,SJB,28,SMA-R,RT_Down_anti_L,0.609922255550306,0.229086811278373,0.839009066828679,0.00793446953192387,0.00864522266514566,6.46538855568805,0.759273380810289
9,SJB,29,PMd-R,RT_Down_anti_L,0.30179907561792,0.342219129088029,0.644018204705949,0.00693793353953685,0.00750417074717643,6.48660752178886,0.766547326836698
9,SJB,30,PMv-R,RT_Down_anti_L,0.0738481035816716,0.2885289276194,0.362377031201072,0.0039310947041546,0.00429367896997203,6.54524343112528,0.775045580405018
9,SJB,31,FEF-R,RT_Down_anti_L,0.260251141123921,0.217411260506304,0.477662401630224,0.00528707869639909,0.00572927758688678,6.51072255679721,0.77163048069123
9,SJB,32,POJ-R,RT_Down_anti_L,0.313859130292209,0.735826828744035,1.04968595903624,0.0100583792975656,0.0108943962295179,6.4386705893433,0.750764535903578
10,BG,1,V1-L,RT_Down_anti_L,0.0824189983376925,0.240254695671237,0.32267369400893,0.00378464704676197,0.00414006168066967,6.14363295512806,0.632344732794209
10,BG,2,V3-L,RT_Down_anti_L,0.352819260372756,0.305336617243056,0.658155877615812,0.00565799132684203,0.00619059140371132,6.08763124403193,0.613495969535537
10,BG,3,STS-L,RT_Down_anti_L,0.0592346446803796,0.460333398231564,0.519568042911943,0.00419005499867155,0.00456151313110109,6.12571580571148,0.622106348005285
10,BG,4,IPL-L,RT_Down_anti_L,0.204250852184162,0.738824256834229,0.943075109018391,0.00642463864917687,0.00702331158954454,6.06778378140319,0.600697345791585
10,BG,5,SPL-L,RT_Down_anti_L,0.766161020346342,0.27440696834751,1.04056798869385,0.00740161528379967,0.00812174077948898,6.0507432709242,0.597859933491095
10,BG,6,AG-L,RT_Down_anti_L,0.428979207309114,0.588834082083234,1.01781328939235,0.00726603903072603,0.00793132468875308,6.04564602881947,0.590942215928649
10,BG,7,mIPS-L,RT_Down_anti_L,0.848726894386352,0.30035743480526,1.14908432919161,0.00846042766426796,0.00931842434302028,6.0329868417261,0.587812693381151
10,BG,8,VIP-L,RT_Down_anti_L,0.401516335189153,0.816577298410309,1.21809363359946,0.00867643753007196,0.00943010897872521,6.01979333687937,0.582405479624848
10,BG,9,SPOC-L,RT_Down_anti_L,0.695438207247909,0.380943153704648,1.07638136095256,0.00855314689491585,0.00943564458545894,6.03277945447151,0.59270347263911
10,BG,10,S1-L,RT_Down_anti_L,0.661198581125394,0.139828706070941,0.801027287196335,0.00607901868864546,0.00667816427628437,6.08194642101884,0.616332488618893
10,BG,11,M1-L,RT_Down_anti_L,0.216658945203979,0.280281006421778,0.496939951625756,0.00460654341941411,0.00503485837606096,6.12057457372874,0.626748325856951
10,BG,12,SMA-L,RT_Down_anti_L,0.287478371556401,0.444423072330277,0.731901443886678,0.00629923696223365,0.00687248852067591,6.08316020832873,0.612953368023717
10,BG,13,PMd-L,RT_Down_anti_L,0.159444531883431,0.44226522815622,0.601709760039651,0.00552980977629858,0.00601068065673948,6.09906388286567,0.621924481861132
10,BG,14,PMv-L,RT_Down_anti_L,0.0951814313669256,0.198736891402813,0.293918322769739,0.00363694639902898,0.00396166133175218,6.14943776222805,0.629159775047234
10,BG,15,FEF-L,RT_Down_anti_L,0.370864688687631,0.1719989256066,0.542863614294231,0.00578196365145002,0.00635925562533557,6.09575921850242,0.623322181424887
10,BG,16,POJ-L,RT_Down_anti_L,0.194293897968709,0.506233232376799,0.700527130345508,0.00599407925427817,0.00655433567420607,6.08487747605067,0.61245029817013
10,BG,17,V1-R,RT_Down_anti_L,0.0803824504910545,0.275495056944056,0.35587750743511,0.00402126824226395,0.00440192500189824,6.13738740228203,0.629561380311985
10,BG,18,V3-R,RT_Down_anti_L,0.208965158964698,0.314230985440641,0.52319614440534,0.00521111652339486,0.00568508307827881,6.10657980211702,0.621166589225369
10,BG,19,STS-R,RT_Down_anti_L,0.146161548126077,0.180731767282197,0.326893315408274,0.00387364247153539,0.00424667975550785,6.13918054074125,0.631962681426963
10,BG,20,IPL-R,RT_Down_anti_L,0.630203702032857,0.355608699736535,0.985812401769392,0.00800766652064902,0.00876072055107133,6.05237725616252,0.604664130611083
10,BG,21,SPL-R,RT_Down_anti_L,0.729682526496692,0.264032745681409,0.993715272178101,0.0080700269737276,0.00872809694979197,6.0493376190394,0.592613190412632
10,BG,22,AG-R,RT_Down_anti_L,0.386754717382667,0.199125557136021,0.585880274518689,0.00625480895747399,0.00685395313098226,6.09067471418688,0.618530695143144
10,BG,23,mIPS-R,RT_Down_anti_L,0.56839016427472,0.255481642750152,0.823871807024872,0.00652717528067401,0.00711964201738416,6.06752542894181,0.597853563351634
10,BG,24,VIP-R,RT_Down_anti_L,0.571400057630459,0.491191042632395,1.06259110026285,0.00825129639279203,0.00901516793581034,6.04507315760682,0.593990618475852
10,BG,25,SPOC-R,RT_Down_anti_L,0.515805743725038,0.429876649989346,0.945682393714384,0.00771690522963276,0.00841521540354145,6.05390742177189,0.599489756404984
10,BG,26,S1-R,RT_Down_anti_L,0.185074293250548,0.375428003513707,0.560502296764255,0.00528827761732785,0.00573765645044876,6.10805409426233,0.616395334011759
10,BG,27,M1-R,RT_Down_anti_L,0.619491590045157,0.472328638648807,1.09182022869396,0.0070703481760632,0.00765961184409015,6.05718789127136,0.588484514706603
10,BG,28,SMA-R,RT_Down_anti_L,0.535055104129993,0.327700940812037,0.86275604494203,0.00787573346003287,0.00863213165730969,6.05916698463027,0.608985007791103
10,BG,29,PMd-R,RT_Down_anti_L,0.119301522081352,0.65956172908441,0.778863251165762,0.0054566021013988,0.00592228037171321,6.09658447136891,0.613705680330432
10,BG,30,PMv-R,RT_Down_anti_L,0.0606196780680097,0.604632872479643,0.665252550547652,0.00504330752974899,0.0054956763452823,6.10923406115615,0.618948791217562
10,BG,31,FEF-R,RT_Down_anti_L,0.517911620819264,0.208136389615212,0.726048010434476,0.00591530960667373,0.00646985803300935,6.08715474588027,0.614642532213822
10,BG,32,POJ-R,RT_Down_anti_L,0.380530129775731,0.377198185697608,0.757728315473339,0.00618774677118851,0.00674609526683881,6.08244031393271,0.605173879885973
1,DOC,1,V1-L,RT_Down_anti_R,0.156615452730444,0.394083925373406,0.550699378103849,0.00645926818358138,0.00689792377705359,6.39189244961221,0.645386717262248
1,DOC,2,V3-L,RT_Down_anti_R,0.279114366372598,0.282876713256897,0.561991079629495,0.0063190392656804,0.00672539459113653,6.38878092128869,0.637144479582299
1,DOC,3,STS-L,RT_Down_anti_R,0.0562702657862588,0.222443030494486,0.278713296280745,0.00358461253656469,0.00382497539016304,6.44793074924486,0.653540190750027
1,DOC,4,IPL-L,RT_Down_anti_R,0.565982496626102,0.507411055588284,1.07339355221439,0.00889881125165064,0.00949447631315697,6.33557298181617,0.618725700206627
1,DOC,5,SPL-L,RT_Down_anti_R,0.589687093374218,0.45204811022322,1.04173520359744,0.00919487593357056,0.00988671931890676,6.33134973999525,0.621116156716551
1,DOC,6,AG-L,RT_Down_anti_R,0.572163523529643,0.217822349552184,0.789985873081827,0.00823527561436878,0.0088209974983784,6.35619654580783,0.632252723008385
1,DOC,7,mIPS-L,RT_Down_anti_R,0.658771669837684,0.384395631891058,1.04316730172874,0.0100649330236678,0.0108197740045699,6.32381378984173,0.626515373030057
1,DOC,8,VIP-L,RT_Down_anti_R,0.966834660956402,0.292779322747155,1.25961398370356,0.00969376152284724,0.0104198416364197,6.32023977057793,0.615582046814424
1,DOC,9,SPOC-L,RT_Down_anti_R,0.464803517224009,0.263972680357407,0.728776197581416,0.00782877187566791,0.00835511710213186,6.36263199297157,0.636103832424885
1,DOC,10,S1-L,RT_Down_anti_R,0.765172774872727,0.574523066899697,1.33969584177242,0.00922581448051218,0.00981186439245486,6.31567525976569,0.592079320448618
1,DOC,11,M1-L,RT_Down_anti_R,0.205732359717031,0.807739108849401,1.01347146856643,0.00616654029511507,0.00654827072410521,6.36852489287749,0.617753504063237
1,DOC,12,SMA-L,RT_Down_anti_R,0.350990803099678,0.56161404427301,0.912604847372688,0.00862922422590805,0.00921816885631198,6.3459402867687,0.630072725283246
1,DOC,13,PMd-L,RT_Down_anti_R,0.224834969480079,0.635126616535024,0.859961586015102,0.00841881123175728,0.00903076398883676,6.3533391895644,0.631817099424908
1,DOC,14,PMv-L,RT_Down_anti_R,0.0422331357877892,0.203960496568462,0.246193632356251,0.00339199017664276,0.00361399396687391,6.45206410155635,0.658980465590118
1,DOC,15,FEF-L,RT_Down_anti_R,0.222318340448726,0.38442970177977,0.606748042228496,0.00739910084420646,0.00793192969566359,6.37272261041069,0.645085685774313
1,DOC,16,POJ-L,RT_Down_anti_R,0.258895391548521,0.268769855654458,0.527665247202979,0.0063195591390182,0.00674463346459621,6.38961988915125,0.64538618247989
1,DOC,17,V1-R,RT_Down_anti_R,0.104585599654754,0.800117670521648,0.904703270176403,0.00727619469204657,0.00776593279683234,6.37016304407648,0.632156453941132
1,DOC,18,V3-R,RT_Down_anti_R,0.214378383291701,0.451027505627337,0.665405888919038,0.00715589482379298,0.00763954008819573,6.37503214215252,0.639904987200074
1,DOC,19,STS-R,RT_Down_anti_R,0.21483696096829,0.436762710044409,0.651599671012699,0.00709440019740384,0.00756933251294459,6.37788524091206,0.641310603286154
1,DOC,20,IPL-R,RT_Down_anti_R,0.63242842552509,0.267416161778082,0.899844587303172,0.00911281558588067,0.009723912137074,6.34563838209353,0.630594358445717
1,DOC,21,SPL-R,RT_Down_anti_R,0.781334823263193,0.329477353981433,1.11081217724463,0.00979218121367218,0.0103864656932345,6.32481647461469,0.619198008617076
1,DOC,22,AG-R,RT_Down_anti_R,0.789993035261195,0.423778727555257,1.21377176281645,0.0107178000162328,0.0114411012776559,6.31430649722808,0.612068527537463
1,DOC,23,mIPS-R,RT_Down_anti_R,0.912280287280533,0.355108239811244,1.26738852709178,0.010777569044645,0.011485998135213,6.31283156097919,0.61668060555728
1,DOC,24,VIP-R,RT_Down_anti_R,0.47489677147231,0.41653086816199,0.8914276396343,0.00869210628229239,0.00923454503500362,6.34735198956139,0.62720632887475
1,DOC,25,SPOC-R,RT_Down_anti_R,0.688981085537424,0.550003979275259,1.23898506481268,0.0108877930546541,0.011552110065269,6.30376240458967,0.610487032785108
1,DOC,26,S1-R,RT_Down_anti_R,0.533772998423081,0.588286161920043,1.12205916034312,0.0110103755296903,0.0117247877768509,6.31259639841287,0.616151003613624
1,DOC,27,M1-R,RT_Down_anti_R,0.380369076874459,0.4440241287308,0.824393205605259,0.00821706574735324,0.0087391298534188,6.35631113783544,0.629247926965684
1,DOC,28,SMA-R,RT_Down_anti_R,0.38469537492629,0.471717522592817,0.856412897519108,0.00835443420311587,0.0089171310016087,6.35117980116909,0.628947569319428
1,DOC,29,PMd-R,RT_Down_anti_R,0.158057724067603,0.410926802154186,0.568984526221789,0.00643701338121607,0.00688808186149887,6.39026197172389,0.642711257224801
1,DOC,30,PMv-R,RT_Down_anti_R,0.0991527731312404,0.437814693909934,0.536967467041175,0.00543069789333374,0.00582012458641984,6.40525557265828,0.64306625941709
1,DOC,31,FEF-R,RT_Down_anti_R,0.321137620417564,0.255391856054403,0.576529476471967,0.00678193425479603,0.00725373731822205,6.38375374808712,0.646763495612701
1,DOC,32,POJ-R,RT_Down_anti_R,0.546954904764892,0.525896574088769,1.07285147885366,0.0100814440320219,0.0107051752551122,6.32471702449233,0.624969998690381
2,GB,1,V1-L,RT_Down_anti_R,0.152381153411371,0.311143656811279,0.46352481022265,0.00517630581281943,0.00561964198133582,6.18833355781641,0.670762750778594
2,GB,2,V3-L,RT_Down_anti_R,0.132680430410464,0.665438307465662,0.798118737876125,0.00600885282619273,0.00655001744236433,6.16309767604887,0.656582114080834
2,GB,3,STS-L,RT_Down_anti_R,0.087606530382246,0.19956746763691,0.287173998019156,0.00376233156428809,0.00411998524985836,6.21889251755053,0.681662100904402
2,GB,4,IPL-L,RT_Down_anti_R,0.488867703634823,0.467449093897218,0.956316797532041,0.00710329734270913,0.00772544957529718,6.13156110522761,0.635921758055166
2,GB,5,SPL-L,RT_Down_anti_R,0.834652663238253,0.230340047438988,1.06499271067724,0.00837064347924531,0.0091785916199403,6.11742204950407,0.650466555219155
2,GB,6,AG-L,RT_Down_anti_R,0.683417302529205,0.451691739559293,1.1351090420885,0.0080708928290741,0.00879220644151932,6.11683137355135,0.640154130991793
2,GB,7,mIPS-L,RT_Down_anti_R,0.803195228614182,0.302892692249989,1.10608792086417,0.00757896145237732,0.00826696584249018,6.12343000958543,0.636878810110878
2,GB,8,VIP-L,RT_Down_anti_R,0.607650363478542,0.359490827719878,0.967141191198419,0.0074639732361423,0.008154972075472,6.12855556327074,0.647549630058135
2,GB,9,SPOC-L,RT_Down_anti_R,0.836401432897094,0.607330509136615,1.44373194203371,0.00933705656103192,0.0101600823386251,6.07871225835501,0.619728014017426
2,GB,10,S1-L,RT_Down_anti_R,0.356348886621013,0.585495102124448,0.941843988745461,0.0075074525840953,0.00814714400013164,6.13227516533137,0.641586856392262
2,GB,11,M1-L,RT_Down_anti_R,0.335978996737659,0.532349986780206,0.868328983517865,0.00721685668584055,0.00789064573757442,6.13801517143049,0.640402209664303
2,GB,12,SMA-L,RT_Down_anti_R,0.705179740921357,0.329200961975221,1.03438070289658,0.0088647974468578,0.0097323419843698,6.10876519258793,0.645609645625327
2,GB,13,PMd-L,RT_Down_anti_R,0.0914642312142954,0.518789042454892,0.610253273669187,0.00507867463871441,0.00550614526267922,6.18628418696012,0.666138415432238
2,GB,14,PMv-L,RT_Down_anti_R,0.0645322754820232,0.24160444885578,0.306136724337803,0.00375778804381747,0.00409282245280865,6.21935682821126,0.679289721562407
2,GB,15,FEF-L,RT_Down_anti_R,0.285207145743845,0.341319825022124,0.62652697076597,0.00542333155235223,0.00589585418939095,6.17126520804613,0.658869631226936
2,GB,16,POJ-L,RT_Down_anti_R,0.423874720786864,1.12128866404166,1.54516338482853,0.00885619494549789,0.00958217399274838,6.09028435465499,0.627487015253518
2,GB,17,V1-R,RT_Down_anti_R,0.173767824455342,0.634928733557128,0.80869655801247,0.00617689330650896,0.00666251481172463,6.15683720019007,0.656373465622022
2,GB,18,V3-R,RT_Down_anti_R,0.10278074950457,0.183135973199243,0.285916722703814,0.00413236616055027,0.0044959691093584,6.21193081468143,0.680626740165909
2,GB,19,STS-R,RT_Down_anti_R,0.225118770311717,0.333369155851418,0.558487926163135,0.00548915216159092,0.0059574886751539,6.17333072533041,0.661277653707371
2,GB,20,IPL-R,RT_Down_anti_R,0.419940245519697,0.277183959472448,0.697124204992144,0.00708282471151517,0.00775333038668503,6.14723005099583,0.665849824126663
2,GB,21,SPL-R,RT_Down_anti_R,0.425036149430125,0.234317331122368,0.659353480552494,0.00616868738005244,0.00669332167572161,6.16470888068814,0.660582460934989
2,GB,22,AG-R,RT_Down_anti_R,0.40760765139757,0.341808090048752,0.749415741446322,0.00627273454398702,0.00684203866412338,6.15507522725786,0.650544117485966
2,GB,23,mIPS-R,RT_Down_anti_R,0.83544526255621,0.13358178587612,0.969027048432331,0.00709861453960087,0.00779859474925063,6.13516572496539,0.652530660120974
2,GB,24,VIP-R,RT_Down_anti_R,0.414861689474272,0.340766290711503,0.755627980185775,0.00655794251300634,0.00709908661787676,6.15027318270056,0.6544777650558
2,GB,25,SPOC-R,RT_Down_anti_R,0.715690326746389,0.355988548287187,1.07167887503358,0.00804854675581843,0.00876019102612181,6.1172808478606,0.643818647823767
2,GB,26,S1-R,RT_Down_anti_R,0.79702165912177,0.225943155644722,1.02296481476649,0.00776531121917505,0.00852059869849647,6.12442145807615,0.644581339934099
2,GB,27,M1-R,RT_Down_anti_R,0.164792106389288,0.752631945998124,0.917424052387411,0.00599399951016437,0.00649590719443329,6.1549833564103,0.643894435032185
2,GB,28,SMA-R,RT_Down_anti_R,0.363468065922789,0.353834242006068,0.717302307928857,0.0065358939145056,0.0071284835158718,6.14910950133447,0.648382655655515
2,GB,29,PMd-R,RT_Down_anti_R,0.371884608791374,0.339542906710221,0.711427515501595,0.00661799310550809,0.00720826994809979,6.14869836051984,0.653609643509195
2,GB,30,PMv-R,RT_Down_anti_R,0.0796993642695884,0.258451885736067,0.338151250005656,0.00355851003999757,0.00386746324843169,6.22304856433963,0.676384388830911
2,GB,31,FEF-R,RT_Down_anti_R,0.252719988852021,0.310385623310019,0.563105612162039,0.00565146199569018,0.00616048455914832,6.17334379235073,0.661825709364966
2,GB,32,POJ-R,RT_Down_anti_R,0.270869596308067,0.568880864452467,0.839750460760534,0.00673006281720058,0.00728683726206667,6.15021554748451,0.657901167801477
3,JDC,1,V1-L,RT_Down_anti_R,0.211489745960144,0.446722842502481,0.658212588462625,0.0072128421665949,0.00785399085123813,6.45618422987362,0.726134995119172
3,JDC,2,V3-L,RT_Down_anti_R,0.338304547779807,0.260872407935659,0.599176955715466,0.00649533761089659,0.00706688132749426,6.46526209940503,0.722523477357248
3,JDC,3,STS-L,RT_Down_anti_R,0.144125778375812,0.375944723737088,0.5200705021129,0.00577607523827106,0.00629524232397854,6.48174064256213,0.731443639347432
3,JDC,4,IPL-L,RT_Down_anti_R,0.336478427587424,0.490570110876281,0.827048538463705,0.00818423553093101,0.00886538050478384,6.43340216858201,0.71106788369702
3,JDC,5,SPL-L,RT_Down_anti_R,0.695840754772002,0.603214492347629,1.29905524711963,0.0111939849610584,0.0121902773330125,6.37540874084861,0.697944268603556
3,JDC,6,AG-L,RT_Down_anti_R,0.596514944350912,0.330197596064579,0.926712540415491,0.00823539963460271,0.00895868227240014,6.42737470142948,0.704766158723481
3,JDC,7,mIPS-L,RT_Down_anti_R,0.724545549831588,0.272779113684957,0.997324663516545,0.00924133777290519,0.0100967621079942,6.41363184757751,0.703817020511164
3,JDC,8,VIP-L,RT_Down_anti_R,0.651121331303172,0.499804248980364,1.15092558028354,0.010437534158285,0.0113425710210529,6.39389476433005,0.705188537423498
3,JDC,9,SPOC-L,RT_Down_anti_R,0.628917271765139,0.589175841901562,1.2180931136667,0.0106621890628322,0.0115965687402065,6.37324124626523,0.676511988420736
3,JDC,10,S1-L,RT_Down_anti_R,0.740031229291084,0.320783918157207,1.06081514744829,0.00797052511689388,0.00863901006961102,6.42224402182913,0.709748851130428
3,JDC,11,M1-L,RT_Down_anti_R,0.324373360586255,0.564495976522074,0.888869337108329,0.00684514795135356,0.00742668381416737,6.44680753422939,0.715858061509555
3,JDC,12,SMA-L,RT_Down_anti_R,0.446323448513432,0.475022889313704,0.921346337827136,0.00923117150566554,0.0100707096861212,6.41733746100445,0.712804948438989
3,JDC,13,PMd-L,RT_Down_anti_R,0.368479216281685,0.441800148878906,0.810279365160591,0.00830406790654943,0.00902909184925136,6.43443311154153,0.717518115528949
3,JDC,14,PMv-L,RT_Down_anti_R,0.0938658016470948,0.439978713914335,0.53384451556143,0.00546331294161368,0.00593204424565678,6.48185261795268,0.728805247613157
3,JDC,15,FEF-L,RT_Down_anti_R,0.589395762677098,0.379752522170669,0.969148284847767,0.00873481129817805,0.00954039961476287,6.41794305591514,0.708137677921751
3,JDC,16,POJ-L,RT_Down_anti_R,0.468811534661863,0.364521153405834,0.833332688067697,0.00710577340532945,0.00768648058592184,6.43757556325816,0.703441952685287
3,JDC,17,V1-R,RT_Down_anti_R,0.242976312303641,0.520684910257378,0.763661222561019,0.00733164630132454,0.00800322978747542,6.44675427789046,0.720102771267487
3,JDC,18,V3-R,RT_Down_anti_R,0.245426721253129,0.322417245188446,0.567843966441575,0.00613766029758301,0.00669002793455768,6.47189457138374,0.724548476846337
3,JDC,19,STS-R,RT_Down_anti_R,0.0853862613600886,0.0999365958246266,0.185322857184715,0.00339220467450156,0.00369739917934738,6.5345262634234,0.74521696328118
3,JDC,20,IPL-R,RT_Down_anti_R,0.526200048804729,0.555157773559851,1.08135782236458,0.00934956170716863,0.0102074657916474,6.41109987876605,0.703126888537523
3,JDC,21,SPL-R,RT_Down_anti_R,0.619227003013571,0.441954018636379,1.06118102164995,0.0095045270219788,0.0103406939973917,6.40916865470765,0.708735865153832
3,JDC,22,AG-R,RT_Down_anti_R,0.457149888740756,0.322015691877256,0.779165580618012,0.00776944965439084,0.00845719824444875,6.43775161396124,0.710120491894826
3,JDC,23,mIPS-R,RT_Down_anti_R,0.74521587583533,0.342330951355045,1.08754682719037,0.00900458897935932,0.00976103176712716,6.40917612838461,0.698736037194046
3,JDC,24,VIP-R,RT_Down_anti_R,0.839280346210655,0.380379700813526,1.21966004702418,0.0102609936819769,0.0111588613514776,6.39290448863983,0.702782349411006
3,JDC,25,SPOC-R,RT_Down_anti_R,0.309519863892647,1.04754056796217,1.35706043185482,0.00981574224955845,0.0106930749035527,6.3880184085755,0.690510831600485
3,JDC,26,S1-R,RT_Down_anti_R,0.438087213424846,0.361859320903099,0.799946534327946,0.00744301434117855,0.00808503956830824,6.44397463123853,0.71159102806159
3,JDC,27,M1-R,RT_Down_anti_R,0.338147917873606,0.463848193396413,0.80199611127002,0.0081914712372071,0.00890843830520826,6.43865500039304,0.720490880467729
3,JDC,28,SMA-R,RT_Down_anti_R,0.429294666625416,0.412734325126866,0.842028991752282,0.0076373004348955,0.0082465206217387,6.43694604637575,0.708313278439713
3,JDC,29,PMd-R,RT_Down_anti_R,0.3405456134405,0.422192464115759,0.762738077556259,0.0077713792141462,0.00844377028498434,6.44241998472898,0.720949623982749
3,JDC,30,PMv-R,RT_Down_anti_R,0.0849461630736121,0.498190522385799,0.583136685459412,0.00550164055636586,0.00597678103297406,6.48578512688148,0.728905549578715
3,JDC,31,FEF-R,RT_Down_anti_R,0.417815526043759,0.277678834196287,0.695494360240046,0.00681307111573158,0.00738580677752385,6.45688458149165,0.71921267430026
3,JDC,32,POJ-R,RT_Down_anti_R,0.665938633635629,0.81921894492419,1.48515757855982,0.0107443435270873,0.0116247730487518,6.37082444883835,0.673699286502096
4,JFXD,1,V1-L,RT_Down_anti_R,0.332913798542946,0.519282006568573,0.852195805111519,0.0102816281881398,0.0110558264394921,7.15962265036492,0.992031929797336
4,JFXD,2,V3-L,RT_Down_anti_R,0.279385974537214,0.497168780185368,0.776554754722583,0.00900092807647059,0.00965959273893815,7.17185522794044,0.9945176219746
4,JFXD,3,STS-L,RT_Down_anti_R,0.355693240028027,0.706585843298779,1.06227908332681,0.0116264398374645,0.0124117528076626,7.13791797376295,0.984228838587661
4,JFXD,4,IPL-L,RT_Down_anti_R,0.925207801927411,0.402712405164506,1.32792020709192,0.0125416926211372,0.0134201221920265,7.11900286897195,0.976995140160711
4,JFXD,5,SPL-L,RT_Down_anti_R,0.998460155659441,0.456809629429713,1.45526978508915,0.0136517698048197,0.0146193399964937,7.10153671244339,0.9700994512782
4,JFXD,6,AG-L,RT_Down_anti_R,0.681960878199438,0.792382423496917,1.47434330169636,0.0152945395410666,0.0164696110823561,7.08901381873993,0.970950934018832
4,JFXD,7,mIPS-L,RT_Down_anti_R,0.838780353004282,0.477312271270804,1.31609262427509,0.0135601441579074,0.0145842717309145,7.11492852180011,0.979817004622961
4,JFXD,8,VIP-L,RT_Down_anti_R,0.845677654291752,0.53205302618508,1.37773068047683,0.0137057881095487,0.0147071566947039,7.10783727908038,0.973201465851601
4,JFXD,9,SPOC-L,RT_Down_anti_R,0.43780390864509,1.05919166220297,1.49699557084806,0.0138321592873585,0.0149166238436987,7.09935493736065,0.975976013885755
4,JFXD,10,S1-L,RT_Down_anti_R,0.869838044561994,0.219730320083676,1.08956836464567,0.0109353321672184,0.0117614221959707,7.14569362703734,0.986817706195817
4,JFXD,11,M1-L,RT_Down_anti_R,0.912238731802272,0.393083182262888,1.30532191406516,0.0121420943551424,0.0131235568280193,7.11749455493546,0.976511095953575
4,JFXD,12,SMA-L,RT_Down_anti_R,0.805555274725207,0.349620571220818,1.15517584594602,0.0100544138140117,0.0108194880817242,7.13878376211214,0.972106989127503
4,JFXD,13,PMd-L,RT_Down_anti_R,0.770742701260032,0.50118295100605,1.27192565226608,0.0126663017952699,0.0137028621642201,7.11851383495571,0.971575293753171
4,JFXD,14,PMv-L,RT_Down_anti_R,0.112076683786171,1.37225788327403,1.4843345670602,0.0101030410126839,0.0108752756650432,7.13974355891927,0.963319152872991
4,JFXD,15,FEF-L,RT_Down_anti_R,0.45964536891688,0.817621969367132,1.27726733828401,0.0110603148815475,0.0118907972088803,7.11377675321404,0.94722491581503
4,JFXD,16,POJ-L,RT_Down_anti_R,0.904779989184341,0.495813638350578,1.40059362753492,0.0130621164497104,0.0140054973675267,7.10706896308653,0.963444646168451
4,JFXD,17,V1-R,RT_Down_anti_R,0.322854090284969,0.471813382910049,0.794667473195018,0.00962964954789434,0.010403526571639,7.16900028147754,1.00046157579552
4,JFXD,18,V3-R,RT_Down_anti_R,0.186679657316073,0.474655984847168,0.661335642163241,0.00719834274471778,0.00775065616430988,7.19406019814713,0.988950733209182
4,JFXD,19,STS-R,RT_Down_anti_R,0.203928561110093,0.564600153373143,0.768528714483236,0.00806973837709354,0.00870361403034093,7.18150859001945,0.989477714363534
4,JFXD,20,IPL-R,RT_Down_anti_R,0.809489828832138,0.508928322862549,1.31841815169469,0.0122773517812603,0.0133693259537511,7.12004298336798,0.974223352460248
4,JFXD,21,SPL-R,RT_Down_anti_R,0.781872781150881,0.474028322497698,1.25590110364858,0.0120217946999835,0.0129555836577956,7.11615325637586,0.97217429679108
4,JFXD,22,AG-R,RT_Down_anti_R,0.760502941228128,0.790520027284781,1.55102296851291,0.013135126178176,0.0141083581249853,7.09475359400031,0.962239998027938
4,JFXD,23,mIPS-R,RT_Down_anti_R,0.983883800091438,0.50647650943098,1.49036030952242,0.0129250196703421,0.0138855708572031,7.10515443770831,0.957387882083145
4,JFXD,24,VIP-R,RT_Down_anti_R,0.907086182842074,0.441095154437178,1.34818133727925,0.012742846646091,0.0138915823811076,7.11261503366111,0.97437983057795
4,JFXD,25,SPOC-R,RT_Down_anti_R,0.915387623134008,0.44611734328187,1.36150496641588,0.0133305691566355,0.0143356306389858,7.10766570739529,0.977571435068384
4,JFXD,26,S1-R,RT_Down_anti_R,0.635195103065608,0.985062610614185,1.62025771367979,0.0153610405224606,0.0167267277031072,7.08385589828461,0.970781869826907
4,JFXD,27,M1-R,RT_Down_anti_R,0.856040594184523,1.23959763790084,2.09563823208536,0.0168012373554434,0.0181950280763461,7.03503358114414,0.928602456835623
4,JFXD,28,SMA-R,RT_Down_anti_R,0.970926212942482,0.394632308138904,1.36555852108139,0.0117899930572983,0.012681638874422,7.11288862879101,0.962617093612145
4,JFXD,29,PMd-R,RT_Down_anti_R,0.361416122791752,1.14643813279005,1.5078542555818,0.012693050542881,0.0137158999710411,7.10709053586003,0.973241467104732
4,JFXD,30,PMv-R,RT_Down_anti_R,0.0832946727953695,1.16374499497161,1.24703966776698,0.00968120283999467,0.0104881776011514,7.15451822466551,0.987999152614389
4,JFXD,31,FEF-R,RT_Down_anti_R,0.473283915936427,0.913624404081191,1.38690832001762,0.0125696195420277,0.0134685886645683,7.11192716449746,0.968960989751845
4,JFXD,32,POJ-R,RT_Down_anti_R,0.693241366479302,0.361700160467694,1.054941526947,0.0116906329524595,0.012637419656511,7.13988826289888,0.990340996700998
5,JZ,1,V1-L,RT_Down_anti_R,0.102013445678681,0.279980712366131,0.381994158044812,0.00455538216677614,0.00489008637660306,6.10905966849645,0.561390860887809
5,JZ,2,V3-L,RT_Down_anti_R,0.217066265955376,0.273334650983264,0.49040091693864,0.00532986871228056,0.00576748437640236,6.08723792349791,0.558281492785214
5,JZ,3,STS-L,RT_Down_anti_R,0.117488376355934,0.188237931423908,0.305726307779842,0.00424955144023448,0.00458392647509717,6.11334284579363,0.564565593893293
5,JZ,4,IPL-L,RT_Down_anti_R,0.577618148832741,0.495310420120305,1.07292856895305,0.00889704268324147,0.00962271950142887,6.00937252263296,0.527719366396843
5,JZ,5,SPL-L,RT_Down_anti_R,0.717754904935237,0.322934448006052,1.04068935294129,0.00780930045289113,0.0084909037350971,6.01691707158734,0.530209077082925
5,JZ,6,AG-L,RT_Down_anti_R,0.483495169461227,0.167562797232471,0.651057966693697,0.00605722783460156,0.00653094449867784,6.072685797405,0.548774823104013
5,JZ,7,mIPS-L,RT_Down_anti_R,0.642083745385421,0.251146103153916,0.893229848539338,0.00768142161014965,0.008340108979535,6.03406109704506,0.538664545997396
5,JZ,8,VIP-L,RT_Down_anti_R,0.704800396443829,0.261801481212809,0.966601877656639,0.00789954028248353,0.00854191031697618,6.03020117148758,0.532657309125336
5,JZ,9,SPOC-L,RT_Down_anti_R,0.286461771221904,0.511815260933478,0.798277032155382,0.00797314293077654,0.00862460641410059,6.04029439744267,0.549816665345083
5,JZ,10,S1-L,RT_Down_anti_R,0.551342180402399,0.9931862577775,1.5445284381799,0.00958924750040795,0.0102965678223206,5.98097529936611,0.505241282005904
5,JZ,11,M1-L,RT_Down_anti_R,0.141163443685893,1.13985873559025,1.28102217927614,0.00750497105829739,0.00806866122310275,6.02006155997772,0.521031424207933
5,JZ,12,SMA-L,RT_Down_anti_R,0.399269849026968,0.267527747732107,0.666797596759075,0.00573301662545336,0.00623350644644077,6.0734810972518,0.546958704638906
5,JZ,13,PMd-L,RT_Down_anti_R,0.279241612007728,0.454472929432819,0.733714541440547,0.00665024519668181,0.0071566393654349,6.05387236380182,0.536671112786042
5,JZ,14,PMv-L,RT_Down_anti_R,0.0628867959793845,0.221086055643972,0.283972851623356,0.00374755773267801,0.0040476709161631,6.1245881058572,0.56859479163077
5,JZ,15,FEF-L,RT_Down_anti_R,0.13354119123504,0.141539811093866,0.275081002328906,0.00375390802326622,0.00405828531590012,6.12235986891585,0.564132673872921
5,JZ,16,POJ-L,RT_Down_anti_R,0.215953782968779,0.480482275264625,0.696436058233403,0.00618667885325614,0.00664813179476029,6.0673712228822,0.545920243937443
5,JZ,17,V1-R,RT_Down_anti_R,0.111296907536796,0.410687183000112,0.521984090536908,0.00468207157248515,0.00504443765883448,6.0952754602224,0.556520749210981
5,JZ,18,V3-R,RT_Down_anti_R,0.295070611196078,0.363604027285448,0.658674638481526,0.00626989295138938,0.00673274100137483,6.06437349507554,0.548626705404421
5,JZ,19,STS-R,RT_Down_anti_R,0.184094687752641,0.141353436397797,0.325448124150438,0.004408066565217,0.00476174489842192,6.10925745197183,0.563776945486297
5,JZ,20,IPL-R,RT_Down_anti_R,0.560564638146728,0.167460935137333,0.72802557328406,0.00675346055850064,0.00730024120854413,6.05431876951732,0.547362388498986
5,JZ,21,SPL-R,RT_Down_anti_R,0.436340914535646,0.485747163523164,0.92208807805881,0.00792068214199492,0.00854288614448794,6.02672445093876,0.526293654667317
5,JZ,22,AG-R,RT_Down_anti_R,0.507221530264393,0.273163028160168,0.780384558424561,0.00729159171715465,0.00786116996101287,6.04767252395342,0.546969841684162
5,JZ,23,mIPS-R,RT_Down_anti_R,0.246061140364294,0.449109326559466,0.69517046692376,0.0060483631195272,0.0065132144446197,6.06894198041207,0.546909576198436
5,JZ,24,VIP-R,RT_Down_anti_R,0.784830209582532,0.227046774517518,1.01187698410005,0.00808706168063147,0.00871530496001814,6.0218459735269,0.534813733621319
5,JZ,25,SPOC-R,RT_Down_anti_R,0.651700309646261,0.4459045226051,1.09760483225136,0.00916513657109993,0.0099081889817641,6.01018420041457,0.527006171396451
5,JZ,26,S1-R,RT_Down_anti_R,0.228992408191867,0.230101482607373,0.45909389079924,0.00544245831140121,0.0058732410091066,6.08801778893029,0.556393732965397
5,JZ,27,M1-R,RT_Down_anti_R,0.28648110511448,0.28944014017514,0.57592124528962,0.00574362767814509,0.00620005402768474,6.07937482483412,0.550523656850832
5,JZ,28,SMA-R,RT_Down_anti_R,0.571057590799545,0.117704746862852,0.688762337662396,0.00584334742556463,0.00635244248958375,6.06884545854234,0.544740372810842
5,JZ,29,PMd-R,RT_Down_anti_R,0.289934319027501,0.384149302416225,0.674083621443726,0.00653908249185764,0.00706982139801532,6.064799711667,0.548626690688893
5,JZ,30,PMv-R,RT_Down_anti_R,0.11617921591893,0.303411683141732,0.419590899060661,0.00496931453140443,0.00537025706623692,6.09546806038509,0.560854624255947
5,JZ,31,FEF-R,RT_Down_anti_R,0.136261815190124,0.263113055676256,0.39937487086638,0.00462815801443667,0.00499628964570201,6.10231656490548,0.561126768860294
5,JZ,32,POJ-R,RT_Down_anti_R,0.311829540317736,0.347823597128933,0.65965313744667,0.00631637443803794,0.0068017540096745,6.06950388904191,0.547020568615271
6,LT,1,V1-L,RT_Down_anti_R,0.321685640741239,0.427422913044383,0.749108553785622,0.00849291329480466,0.00908956373573568,6.42899656797145,0.689942897405452
6,LT,2,V3-L,RT_Down_anti_R,0.130771112389374,0.540266311455815,0.671037423845189,0.00684932831477406,0.00733231913965888,6.45593249520681,0.698325952022052
6,LT,3,STS-L,RT_Down_anti_R,0.117299383585653,0.359659107697762,0.476958491283415,0.00571309897112891,0.00612028898429328,6.4787650402912,0.703889736564568
6,LT,4,IPL-L,RT_Down_anti_R,0.619126519348421,0.265560911812406,0.884687431160827,0.00892799274355571,0.0095649244662068,6.41455144766169,0.679620227415802
6,LT,5,SPL-L,RT_Down_anti_R,0.893068967744094,0.728104429082438,1.62117339682653,0.0125150473205228,0.0133283986158349,6.33692383765913,0.604955698070317
6,LT,6,AG-L,RT_Down_anti_R,0.383870852307952,0.316405508443384,0.700276360751336,0.00777326471124301,0.00833942264147977,6.44209559472022,0.68647700215435
6,LT,7,mIPS-L,RT_Down_anti_R,0.561143708848923,0.454981834240336,1.01612554308926,0.00915144359945169,0.0097972180739783,6.41324533680365,0.664356277831085
6,LT,8,VIP-L,RT_Down_anti_R,0.671280038968617,0.319209281138986,0.990489320107603,0.00895662851152618,0.00960745742162656,6.41184953112684,0.668187080195389
6,LT,9,SPOC-L,RT_Down_anti_R,0.763051572924679,0.230256055710784,0.993307628635463,0.00915415122142007,0.00983938413304544,6.41589643505029,0.684951270523768
6,LT,10,S1-L,RT_Down_anti_R,0.438986318426543,0.489955135914449,0.928941454340992,0.00880949496469319,0.00943695175346898,6.41726983139721,0.677857762591492
6,LT,11,M1-L,RT_Down_anti_R,0.339585646985998,0.322811030462067,0.662396677448066,0.00741620896077768,0.00794327059033039,6.44967351920487,0.691857254403234
6,LT,12,SMA-L,RT_Down_anti_R,0.659847182806448,0.595464968734582,1.25531215154103,0.0110963846616779,0.0118771494850408,6.37432500448014,0.666034675622971
6,LT,13,PMd-L,RT_Down_anti_R,0.411761387905204,0.448743020833478,0.860504408738682,0.00867674263748109,0.00924934703492019,6.42560460825331,0.683061945382949
6,LT,14,PMv-L,RT_Down_anti_R,0.0885826595027199,0.518922266948951,0.607504926451671,0.00594780700028299,0.0063451739843553,6.4756076892552,0.702023723914391
6,LT,15,FEF-L,RT_Down_anti_R,0.190887943574968,0.373274404792792,0.56416234836776,0.00659945685470423,0.00707679138046886,6.46562825800162,0.699174714422981
6,LT,16,POJ-L,RT_Down_anti_R,0.520711793684971,0.334758285003923,0.855470078688895,0.00816313370507681,0.00874123626611677,6.43485449061603,0.679634680679221
6,LT,17,V1-R,RT_Down_anti_R,0.268551316052589,0.602904732750644,0.871456048803233,0.00850970304294006,0.00909702839622975,6.42530812018765,0.687640909334081
6,LT,18,V3-R,RT_Down_anti_R,0.254496939649891,0.656933547743747,0.911430487393638,0.00835948833692053,0.00896098685362757,6.42014544492599,0.682803688132144
6,LT,19,STS-R,RT_Down_anti_R,0.118987614135888,0.47828750973484,0.597275123870728,0.00634238403409315,0.00683914833767246,6.46763598341878,0.699257605606131
6,LT,20,IPL-R,RT_Down_anti_R,0.875595976195602,0.280887034337758,1.15648301053336,0.00949896928433667,0.0101861021176355,6.40182414935162,0.669533177829609
6,LT,21,SPL-R,RT_Down_anti_R,0.406149531758079,0.456907139964699,0.863056671722778,0.0088940391686034,0.00954849776313047,6.42097336359648,0.68067214897401
6,LT,22,AG-R,RT_Down_anti_R,0.381924994298154,0.481680101063477,0.863605095361631,0.00856657746333491,0.00918302798704744,6.42514295642528,0.683781406849079
6,LT,23,mIPS-R,RT_Down_anti_R,0.851190736464837,0.377462986546316,1.22865372301115,0.009650759500435,0.0103567540815846,6.39115262845604,0.664430919117166
6,LT,24,VIP-R,RT_Down_anti_R,0.762028350105289,0.296485479267077,1.05851382937237,0.00921788376927235,0.00990001446248189,6.40622337255409,0.673857951394533
6,LT,25,SPOC-R,RT_Down_anti_R,0.419630316193003,0.59836270566428,1.01799302185728,0.0105805528442545,0.0113532329848815,6.39828381685145,0.667665562616829
6,LT,26,S1-R,RT_Down_anti_R,0.4854816597391,0.592948842346831,1.07843050208593,0.0096353990336802,0.0103884469207415,6.40260668566644,0.677341281395457
6,LT,27,M1-R,RT_Down_anti_R,0.402917285137057,0.391827637173164,0.794744922310221,0.00901481972837406,0.00970794149182939,6.42195073804122,0.695213117241127
6,LT,28,SMA-R,RT_Down_anti_R,0.548592666410594,0.531476151522949,1.08006881793354,0.0106750970463776,0.0114931594507195,6.39320576852006,0.680680100136079
6,LT,29,PMd-R,RT_Down_anti_R,0.266263732526171,0.323248506824083,0.589512239350254,0.00675933903786722,0.00721630276042592,6.4602657659812,0.695098810363466
6,LT,30,PMv-R,RT_Down_anti_R,0.118269541584583,0.191943653986531,0.310213195571114,0.00440605756744863,0.00471443752207877,6.50691714842638,0.707692423558885
6,LT,31,FEF-R,RT_Down_anti_R,0.186780228348913,0.422009351788636,0.608789580137549,0.00600293689956278,0.00641816546872543,6.4691874675925,0.696754505516997
6,LT,32,POJ-R,RT_Down_anti_R,0.260272977758882,0.309633750072872,0.569906727831754,0.00611195520108826,0.00653464233965085,6.46945269531051,0.695590324300787
7,NvA,1,V1-L,RT_Down_anti_R,0.0684363001655857,0.253998760972176,0.322435061137762,0.00365086489091587,0.0039689545287194,5.93722560334646,0.548495707814483
7,NvA,2,V3-L,RT_Down_anti_R,0.133129113359611,0.296906654893977,0.430035768253588,0.00503491579054384,0.0054751181352184,5.90449438114148,0.541861826766346
7,NvA,3,STS-L,RT_Down_anti_R,0.0816989359245409,0.276794925728135,0.358493861652676,0.00393214056089447,0.0042548034964487,5.92576729256672,0.540872379607173
7,NvA,4,IPL-L,RT_Down_anti_R,0.323452658724816,0.484246454396534,0.807699113121349,0.00567598166265566,0.00612777090217982,5.87944602058704,0.531022137183434
7,NvA,5,SPL-L,RT_Down_anti_R,0.39206572570193,0.3543184670628,0.74638419276473,0.00650937668312506,0.00707946630908762,5.86745983691334,0.526149371133331
7,NvA,6,AG-L,RT_Down_anti_R,0.63734563444582,0.205583795951739,0.842929430397559,0.006719972032788,0.00731413853592926,5.85890456723017,0.523351025227653
7,NvA,7,mIPS-L,RT_Down_anti_R,0.627843260050482,0.138103599417805,0.765946859468287,0.00581244122068945,0.00630507981414243,5.87525561359159,0.528933071824746
7,NvA,8,VIP-L,RT_Down_anti_R,0.258615424590213,0.197819661928716,0.456435086518929,0.00519400814361935,0.00563711470315332,5.90202856004637,0.535804870089091
7,NvA,9,SPOC-L,RT_Down_anti_R,0.488772479772954,0.465036640598747,0.953809120371701,0.00736088301155235,0.00793521136628711,5.84279845061674,0.502503461237478
7,NvA,10,S1-L,RT_Down_anti_R,0.783560680227091,0.305383680081846,1.08894436030894,0.00674040139882515,0.00725163021013798,5.84823854650659,0.516161263480847
7,NvA,11,M1-L,RT_Down_anti_R,0.258539199447197,0.142723522554808,0.401262722002004,0.00378539334620741,0.00409976741083689,5.92619823627041,0.537256212108672
7,NvA,12,SMA-L,RT_Down_anti_R,0.251520800548091,0.451246638742191,0.702767439290283,0.006468670889384,0.0070277347541258,5.86769374537823,0.531894583576824
7,NvA,13,PMd-L,RT_Down_anti_R,0.10268898814211,0.694071417825376,0.796760405967486,0.00525712472309379,0.00569978352371461,5.88765393565781,0.530677947356066
7,NvA,14,PMv-L,RT_Down_anti_R,0.0489617204988719,0.308664758116037,0.357626478614909,0.00333528388869892,0.00361640138791226,5.94028949265116,0.544782102242434
7,NvA,15,FEF-L,RT_Down_anti_R,0.333899421850825,0.254447357614708,0.588346779465533,0.00550016549737927,0.00595218779159211,5.88994670017822,0.532676388712772
7,NvA,16,POJ-L,RT_Down_anti_R,0.141313394037255,0.377837498861066,0.519150892898321,0.00510261798132244,0.00552410505495073,5.89919640232909,0.533473255758652
7,NvA,17,V1-R,RT_Down_anti_R,0.101769072166738,0.208598505749638,0.310367577916376,0.00367674400972904,0.00399616646015001,5.9363172505693,0.54107730358891
7,NvA,18,V3-R,RT_Down_anti_R,0.406215652831902,0.283549616020506,0.689765268852408,0.00594071828489301,0.00642539025009963,5.87606528421096,0.51423919306113
7,NvA,19,STS-R,RT_Down_anti_R,0.103920919696934,0.356266196391686,0.46018711608862,0.00444426979576321,0.0048191015386317,5.91442457951529,0.539745084651725
7,NvA,20,IPL-R,RT_Down_anti_R,0.175094513212536,0.503498993591857,0.678593506804393,0.00570855626124664,0.00617611022253224,5.88726772932497,0.532315590539059
7,NvA,21,SPL-R,RT_Down_anti_R,0.78456813994804,0.32106221232603,1.10563035227407,0.00747294266963004,0.00804815146983357,5.83500439078566,0.497135341267343
7,NvA,22,AG-R,RT_Down_anti_R,0.507518752092529,0.213897698309496,0.721416450402024,0.00547311669419988,0.00591919130423631,5.88427708913155,0.521924877064258
7,NvA,23,mIPS-R,RT_Down_anti_R,0.639171103347123,0.227590092960219,0.866761196307342,0.00746717888881037,0.00811468096517476,5.85258836205649,0.525219631618786
7,NvA,24,VIP-R,RT_Down_anti_R,0.358319707535093,0.607219762883937,0.96553947041903,0.00697230718393495,0.00751817246007571,5.85192873990582,0.507172024921371
7,NvA,25,SPOC-R,RT_Down_anti_R,0.517110910181444,0.638586310736689,1.15569722091813,0.00754272967963714,0.00814507058426827,5.82861487265615,0.494505016975513
7,NvA,26,S1-R,RT_Down_anti_R,0.282635831621739,0.238871125301528,0.521506956923267,0.0057132700121269,0.00621607582894873,5.88945946454168,0.537522678949768
7,NvA,27,M1-R,RT_Down_anti_R,0.400286735245143,0.215384054154961,0.615670789400104,0.00553982071815078,0.00599554522407582,5.88696947903169,0.525698516709409
7,NvA,28,SMA-R,RT_Down_anti_R,0.157359784330251,0.456825515194419,0.61418529952467,0.00573832933362466,0.00623653792908293,5.88752485669585,0.535161867744055
7,NvA,29,PMd-R,RT_Down_anti_R,0.193187252015258,0.145913665823324,0.339100917838581,0.0037266681194928,0.00403336011214483,5.9319191579669,0.540514198863713
7,NvA,30,PMv-R,RT_Down_anti_R,0.0523846516984217,0.150889556290069,0.203274207988491,0.00293180035059746,0.0031859678195612,5.95538094557521,0.552934869611722
7,NvA,31,FEF-R,RT_Down_anti_R,0.420712638495448,0.217086539359402,0.637799177854851,0.00612957131680199,0.00667132865753878,5.87794506051177,0.534569243479736
7,NvA,32,POJ-R,RT_Down_anti_R,0.376853695662603,0.416529417728175,0.793383113390778,0.00567162791365284,0.00612160115720644,5.87926631204178,0.519719634997301
8,RR,1,V1-L,RT_Down_anti_R,0.338609993576869,0.306484721647074,0.645094715223943,0.00684274412951266,0.00741659071197609,6.27758204291309,0.669709019139565
8,RR,2,V3-L,RT_Down_anti_R,0.0735399033990908,0.832115822556164,0.905655725955255,0.00600773711240574,0.00647422046173551,6.28177479339498,0.661009378555768
8,RR,3,STS-L,RT_Down_anti_R,0.143778467492364,0.180531401893812,0.324309869386176,0.00442697395806334,0.00477967288789047,6.3275755878162,0.686086123929133
8,RR,4,IPL-L,RT_Down_anti_R,0.57099884063747,0.441349702266803,1.01234854290427,0.00918156880969933,0.0099406660102488,6.23890395569999,0.660396032927719
8,RR,5,SPL-L,RT_Down_anti_R,0.775389833771964,0.553206072615314,1.32859590638728,0.0105117604033364,0.011389001972985,6.19698429626194,0.626693626543205
8,RR,6,AG-L,RT_Down_anti_R,0.617662172070368,0.439032763612053,1.05669493568242,0.00914060404937513,0.00983726773238811,6.2272865700319,0.639530585851433
8,RR,7,mIPS-L,RT_Down_anti_R,0.659047604315669,0.237197540843996,0.896245145159665,0.00819367219342974,0.00886631126891759,6.25135019065257,0.657991361911412
8,RR,8,VIP-L,RT_Down_anti_R,0.647605345143005,0.324314241713608,0.971919586856613,0.00867392166183386,0.00937817857526669,6.24685578022888,0.656887052250931
8,RR,9,SPOC-L,RT_Down_anti_R,0.805017641693487,0.331793737668501,1.13681137936199,0.00937766473108906,0.0102008762358921,6.22742361583552,0.650275075702471
8,RR,10,S1-L,RT_Down_anti_R,0.841889142685341,0.46562802277776,1.3075171654631,0.00980888990331398,0.0105366077130761,6.21266194516819,0.629707041916609
8,RR,11,M1-L,RT_Down_anti_R,0.449011022473496,0.328517419521472,0.777528441994968,0.00723276863578874,0.00784725639883157,6.2709338893894,0.664433819903896
8,RR,12,SMA-L,RT_Down_anti_R,0.606295797922218,0.420878057367096,1.02717385528931,0.00924591664988311,0.00996911886282512,6.23286482649759,0.647314570272916
8,RR,13,PMd-L,RT_Down_anti_R,0.24565402109352,0.824872177304155,1.07052619839768,0.00750726867379644,0.00801331863656547,6.25693878261859,0.649771852552881
8,RR,14,PMv-L,RT_Down_anti_R,0.06010716686783,0.367118965762005,0.427226132629835,0.00449722600973426,0.00483622480354734,6.32313114680071,0.680540540201375
8,RR,15,FEF-L,RT_Down_anti_R,0.263758368581834,0.231749416694231,0.495507785276065,0.00578430190683268,0.00624455123131117,6.30120850480666,0.675922339314449
8,RR,16,POJ-L,RT_Down_anti_R,0.38242514145386,0.421631087911225,0.804056229365085,0.0074539497533112,0.00801689069353583,6.26722406922003,0.656638551470144
8,RR,17,V1-R,RT_Down_anti_R,0.19608419435125,0.290957272286419,0.487041466637669,0.00556231802743596,0.00604373390730138,6.30168075316996,0.674205634560583
8,RR,18,V3-R,RT_Down_anti_R,0.264596398584033,0.568623474291282,0.833219872875315,0.00703132328446945,0.00762879101527484,6.25915755256524,0.653450828300412
8,RR,19,STS-R,RT_Down_anti_R,0.126781020822872,0.221614961823048,0.34839598264592,0.00448377625204339,0.00487582349048056,6.3278040016128,0.681966665216208
8,RR,20,IPL-R,RT_Down_anti_R,0.293088143368291,0.420652430589405,0.713740573957696,0.00689832864568798,0.00749055861434496,6.27135786123699,0.665556486097554
8,RR,21,SPL-R,RT_Down_anti_R,0.553934156795952,0.43074670296916,0.984680859765112,0.00848050650475711,0.00918096567735054,6.23935415817023,0.652488855233717
8,RR,22,AG-R,RT_Down_anti_R,0.249489044719621,0.686455420987601,0.935944465707221,0.00735326837499843,0.00796306067267339,6.25225846351619,0.647279410444121
8,RR,23,mIPS-R,RT_Down_anti_R,0.418030151496062,0.561169070846761,0.979199222342823,0.00761379703591973,0.00820933280634134,6.24625282842529,0.650610579563731
8,RR,24,VIP-R,RT_Down_anti_R,0.394170567376815,0.267939908146138,0.662110475522953,0.00648592449327171,0.00699543351044273,6.27946530655103,0.66489014460977
8,RR,25,SPOC-R,RT_Down_anti_R,0.559123962479814,0.566170137493855,1.12529409997367,0.00809462321056473,0.00874547728998799,6.23026995821377,0.63132503395339
8,RR,26,S1-R,RT_Down_anti_R,0.521976301393922,0.338045393179272,0.860021694573194,0.00829377088378325,0.00896034965610318,6.25006123165964,0.661414237079998
8,RR,27,M1-R,RT_Down_anti_R,0.295966593542153,0.320997898129334,0.616964491671487,0.00646069996693466,0.00693820891385453,6.28508615048517,0.668403326043825
8,RR,28,SMA-R,RT_Down_anti_R,0.586180287778387,0.509389002291798,1.09556929007018,0.0101775492052799,0.0109717601243602,6.22172216161282,0.654080547052042
8,RR,29,PMd-R,RT_Down_anti_R,0.287730424748124,0.262742630507955,0.550473055256078,0.00612642614166705,0.00662561870571477,6.28716896002617,0.670841976494529
8,RR,30,PMv-R,RT_Down_anti_R,0.0734159697093734,0.163394414089509,0.236810383798883,0.00333143445491812,0.00360367540737659,6.3548693610578,0.689227105006164
8,RR,31,FEF-R,RT_Down_anti_R,0.26964815696848,0.192519085270492,0.462167242238972,0.00522136704255703,0.00565094928240517,6.30831382052277,0.675804905818435
8,RR,32,POJ-R,RT_Down_anti_R,0.37704625463392,0.440213136890158,0.817259391524078,0.00754742128163498,0.00818017211614499,6.26267492971547,0.65543026170736
9,SJB,1,V1-L,RT_Down_anti_R,0.172477997974899,0.72150668650904,0.893984684483939,0.00701290264589504,0.00764566831123942,6.40922459498805,0.777627132256044
9,SJB,2,V3-L,RT_Down_anti_R,0.523237468011962,0.802001849891622,1.32523931790358,0.00973681329210324,0.0105658178390431,6.34842699614267,0.744024370694888
9,SJB,3,STS-L,RT_Down_anti_R,0.173105009080677,0.376457376887433,0.54956238596811,0.00552495915573322,0.00601579159592304,6.44111811206654,0.784939286649377
9,SJB,4,IPL-L,RT_Down_anti_R,0.553166090731386,0.364859286969288,0.918025377700673,0.00749321395687603,0.00819689353973637,6.39600998211943,0.772995996276899
9,SJB,5,SPL-L,RT_Down_anti_R,0.928530870001979,0.326875025295697,1.25540589529768,0.0091070254890167,0.00992122044264539,6.36596437367256,0.761410910903754
9,SJB,6,AG-L,RT_Down_anti_R,0.55261086108395,0.696428241074965,1.24903910215891,0.00948565567787329,0.0103364511305079,6.35719477093679,0.75764421909147
9,SJB,7,mIPS-L,RT_Down_anti_R,0.58187581388884,0.51610036023012,1.09797617411896,0.00994347666737065,0.0108754949280343,6.36164904137788,0.755852020631374
9,SJB,8,VIP-L,RT_Down_anti_R,0.884166577250978,0.219084274974538,1.10325085222552,0.0079635291677366,0.00873389163062446,6.38061397730244,0.769729556631656
9,SJB,9,SPOC-L,RT_Down_anti_R,0.541444211307377,0.617979183091486,1.15942339439886,0.0106581310043658,0.0116849730388705,6.35537141121108,0.768709819927876
9,SJB,10,S1-L,RT_Down_anti_R,0.614087192502331,0.210450200919615,0.824537393421946,0.00668768291693865,0.00729202764714993,6.3991113328848,0.780916934996137
9,SJB,11,M1-L,RT_Down_anti_R,0.61723529402861,0.364522966572985,0.981758260601595,0.00800328124792385,0.00877498118645073,6.37738050198901,0.77650393653986
9,SJB,12,SMA-L,RT_Down_anti_R,0.162877500439346,0.470600725624834,0.633478226064181,0.00584944724105039,0.00640622348486987,6.42714913810171,0.789812449205381
9,SJB,13,PMd-L,RT_Down_anti_R,0.28679275538024,0.375160591217309,0.661953346597549,0.00652975743799727,0.00714908634438847,6.41379438322165,0.786175836788345
9,SJB,14,PMv-L,RT_Down_anti_R,0.065854859171554,0.196204214350411,0.262059073521965,0.00345391956931917,0.00377120504563299,6.4903569927595,0.807506778635106
9,SJB,15,FEF-L,RT_Down_anti_R,0.295561849076326,0.368109267617882,0.663671116694208,0.00694277576426942,0.0075717543570623,6.41309658695188,0.783914610311619
9,SJB,16,POJ-L,RT_Down_anti_R,0.711809055834031,0.570877681632963,1.28268673746699,0.0104641311530891,0.0114426942479125,6.34685123976668,0.764952391083375
9,SJB,17,V1-R,RT_Down_anti_R,0.446222062674167,0.971545989640606,1.41776805231477,0.0103559295015965,0.0112687994161445,6.34604964964978,0.758555242147321
9,SJB,18,V3-R,RT_Down_anti_R,0.448776062513365,0.302209390872654,0.750985453386019,0.00758377455426593,0.00828302885439688,6.40953912657422,0.785887863244706
9,SJB,19,STS-R,RT_Down_anti_R,0.132850185164963,0.244414433539629,0.377264618704593,0.0053107149257003,0.00582517684563786,6.45149323287711,0.801496064129874
9,SJB,20,IPL-R,RT_Down_anti_R,0.420290833038914,0.258580849146085,0.678871682184999,0.00634165256779543,0.00693877216444992,6.42097268348942,0.776215897964999
9,SJB,21,SPL-R,RT_Down_anti_R,0.787075092999756,0.722371879569297,1.50944697256905,0.0114427031983501,0.0124340503339474,6.31372074731128,0.700993568151001
9,SJB,22,AG-R,RT_Down_anti_R,0.672899722793449,0.44535293653486,1.11825265932831,0.00865048999697417,0.00939307560847906,6.37069614564367,0.754044510550832
9,SJB,23,mIPS-R,RT_Down_anti_R,0.590340964996306,0.38608567905637,0.976426644052676,0.00918731393559321,0.00997937680189117,6.37730561433311,0.762790254471323
9,SJB,24,VIP-R,RT_Down_anti_R,0.38779527636448,0.512018613022857,0.899813889387337,0.00830850847164409,0.00909253088434556,6.38682454166502,0.777907181730589
9,SJB,25,SPOC-R,RT_Down_anti_R,0.773517868312593,0.920605225800141,1.69412309411273,0.0119501862397114,0.0129808047117704,6.30840262855587,0.700796807121057
9,SJB,26,S1-R,RT_Down_anti_R,0.547037622718404,0.303177308024465,0.850214930742869,0.00720212468643319,0.00789364163396478,6.3951530503238,0.770012539975328
9,SJB,27,M1-R,RT_Down_anti_R,0.26486788464578,0.361435438827086,0.626303323472865,0.00630308910110333,0.00694857713332354,6.42407293646572,0.788292204160147
9,SJB,28,SMA-R,RT_Down_anti_R,0.457364078123694,0.222264085881963,0.679628164005657,0.00638512226938423,0.00701971946413923,6.41952594970385,0.788148449675743
9,SJB,29,PMd-R,RT_Down_anti_R,0.11720463005978,0.421532153515427,0.538736783575207,0.00606881163250775,0.00664177137759141,6.43588788667601,0.80035667611587
9,SJB,30,PMv-R,RT_Down_anti_R,0.0643488398020328,0.196890012296822,0.261238852098854,0.0032403553772277,0.00355783660723346,6.49511043122984,0.806266696394438
9,SJB,31,FEF-R,RT_Down_anti_R,0.230047368861307,0.167464634157935,0.397512003019242,0.00464478294862287,0.00507864008175197,6.45603170925081,0.801404774838706
9,SJB,32,POJ-R,RT_Down_anti_R,0.349257355581915,0.721562691669009,1.07082004725092,0.00858758566922331,0.00931294469803652,6.38168161392943,0.763219785207412
10,BG,1,V1-L,RT_Down_anti_R,0.0781552440889658,0.234777864545148,0.312933108634114,0.00397804853075222,0.00424963907033224,6.15172395079595,0.557688611910314
10,BG,2,V3-L,RT_Down_anti_R,0.194820392016489,0.500572380525614,0.695392772542104,0.00620792815162528,0.00662547512863093,6.09806015594453,0.541439596381732
10,BG,3,STS-L,RT_Down_anti_R,0.0695995606028285,0.39337556388941,0.462975124492238,0.00455246499976125,0.00483786625852866,6.13632530843964,0.553910352302297
10,BG,4,IPL-L,RT_Down_anti_R,0.159538099342875,0.432234833313001,0.591772932655875,0.00539504325131502,0.00574337694889335,6.11740429082383,0.544473042018647
10,BG,5,SPL-L,RT_Down_anti_R,0.901203200523538,0.176981781501089,1.07818498202463,0.00796723327056004,0.00852087649755258,6.05486580260185,0.529154611560961
10,BG,6,AG-L,RT_Down_anti_R,0.369902123146383,0.767397542138539,1.13729966528492,0.00805250484835105,0.00853046732495968,6.04979778854375,0.515659904405933
10,BG,7,mIPS-L,RT_Down_anti_R,0.70636758695585,0.18782880039657,0.89419638735242,0.00775999615916981,0.00832122642349201,6.06941833108544,0.535578821113345
10,BG,8,VIP-L,RT_Down_anti_R,0.40955787706768,0.245920565734894,0.655478442802574,0.00711791408986213,0.00759258375325139,6.08717970192577,0.540977498141889
10,BG,9,SPOC-L,RT_Down_anti_R,0.1904306888928,0.483797740281287,0.674228429174088,0.00668641721435909,0.00711294374654239,6.0924388843666,0.539969538800905
10,BG,10,S1-L,RT_Down_anti_R,0.858458621011252,0.20459574141676,1.06305436242801,0.00725478480742328,0.00775279390166202,6.06414018773937,0.528262429441732
10,BG,11,M1-L,RT_Down_anti_R,0.343860190290839,0.367232964540371,0.71109315483121,0.00596926820770717,0.0063683886924709,6.1027393894444,0.541475771775873
10,BG,12,SMA-L,RT_Down_anti_R,0.192777688354919,0.384635488596692,0.577413176951611,0.00647286102353847,0.00693375221198752,6.09965241644625,0.549206002172436
10,BG,13,PMd-L,RT_Down_anti_R,0.152787668695789,0.525033506851597,0.677821175547386,0.00592310504956664,0.00629585259121469,6.1048125291565,0.543290421198748
10,BG,14,PMv-L,RT_Down_anti_R,0.0907295623040743,0.292057126049583,0.382786688353658,0.00417013355721872,0.00443499871831893,6.14729831308911,0.554194986484838
10,BG,15,FEF-L,RT_Down_anti_R,0.374183239350373,0.268745210528842,0.642928449879216,0.00654701251731163,0.0070087825268092,6.09484323714135,0.545054295683776
10,BG,16,POJ-L,RT_Down_anti_R,0.227183778741932,0.438814755018094,0.665998533760026,0.00682636197350128,0.00726498201615441,6.08950621257404,0.540982603218005
10,BG,17,V1-R,RT_Down_anti_R,0.0881237065962673,0.274083385906041,0.362207092502309,0.00396350624796428,0.00420063896158716,6.14943781306588,0.551645931022614
10,BG,18,V3-R,RT_Down_anti_R,0.283759007276408,0.25706866385327,0.540827671129677,0.00574546986046934,0.00612181030037483,6.11201368538311,0.543737995351297
10,BG,19,STS-R,RT_Down_anti_R,0.169143592636945,0.256375717419417,0.425519310056361,0.00518573308726712,0.00556211565376429,6.12448619822732,0.553861147080773
10,BG,20,IPL-R,RT_Down_anti_R,0.536415725116293,0.539426347454361,1.07584207257065,0.00917672856325286,0.00983515457700171,6.04048637360961,0.523519447164564
10,BG,21,SPL-R,RT_Down_anti_R,0.621139017018525,0.24700937144975,0.868148388468275,0.00779241536321901,0.00826548447144304,6.06705076915597,0.529749946865044
10,BG,22,AG-R,RT_Down_anti_R,0.573835707338795,0.1541773787272,0.728013086065995,0.00667299492120087,0.00715717311908446,6.08869429976098,0.540598212272394
10,BG,23,mIPS-R,RT_Down_anti_R,0.562348488536245,0.165850278908818,0.728198767445063,0.00634528460778797,0.00682167916148761,6.09280861021085,0.536051083970144
10,BG,24,VIP-R,RT_Down_anti_R,0.486671328917265,0.684520268309815,1.17119159722708,0.00959250046812929,0.010251664185396,6.03576936949593,0.514292965044415
10,BG,25,SPOC-R,RT_Down_anti_R,0.567303718899903,0.402712547572814,0.970016266472718,0.00884592898133652,0.00944756853227136,6.05227727249243,0.530135638368918
10,BG,26,S1-R,RT_Down_anti_R,0.242918943434558,0.345059970224046,0.587978913658604,0.00609606146932423,0.00651278834240658,6.10216501971255,0.541498015800062
10,BG,27,M1-R,RT_Down_anti_R,0.451715423577402,0.502442410630166,0.954157834207568,0.00754528373031874,0.007999627238966,6.06752533786365,0.513234246954725
10,BG,28,SMA-R,RT_Down_anti_R,0.402774335620095,0.35882820118076,0.761602536800856,0.00755314599503068,0.00805743791863851,6.07424381641313,0.533953903863755
10,BG,29,PMd-R,RT_Down_anti_R,0.198207443032052,0.481956076159327,0.680163519191379,0.00593399139992301,0.00631834839753242,6.10368957589089,0.537901075811032
10,BG,30,PMv-R,RT_Down_anti_R,0.0716885448345794,0.515039708371048,0.586728253205628,0.00455377198132213,0.00484640582326442,6.12990325041195,0.542245293580254
10,BG,31,FEF-R,RT_Down_anti_R,0.623994869462234,0.127322865383514,0.751317734845749,0.00659294956814696,0.00705846229123464,6.08878307062858,0.541279575837073
10,BG,32,POJ-R,RT_Down_anti_R,0.431192153661476,0.414912470467791,0.846104624129267,0.00725973863444655,0.00770262967501373,6.07738899686917,0.532439621022465
1,DOC,1,V1-L,RT_Upright_pro_L,0.154826900426286,0.681025515510941,0.835852415937228,0.0070792951843831,0.0075588878893648,6.28841001312466,0.618014885574874
1,DOC,2,V3-L,RT_Upright_pro_L,0.198095960598593,0.286600380353853,0.484696340952446,0.00598364467661317,0.00637325845339104,6.31981615746882,0.629983308710884
1,DOC,3,STS-L,RT_Upright_pro_L,0.0710910700736498,0.221795917395858,0.292886987469508,0.00367430454611285,0.00392801443743667,6.36340646750681,0.637913274675194
1,DOC,4,IPL-L,RT_Upright_pro_L,0.53865426508614,0.614967892891421,1.15362215797756,0.00959220639694417,0.0102580159284358,6.24468294183254,0.605910284493677
1,DOC,5,SPL-L,RT_Upright_pro_L,0.57014735593029,0.325038409743957,0.895185765674246,0.00948758392425269,0.0101396504520809,6.2539386259524,0.617523204637769
1,DOC,6,AG-L,RT_Upright_pro_L,0.560026598404197,0.234527700751824,0.794554299156021,0.00827757249151332,0.00885776601368645,6.27586764434068,0.621291740250718
1,DOC,7,mIPS-L,RT_Upright_pro_L,0.742486845559328,0.401495060799759,1.14398190635909,0.0111686043964157,0.011962397206431,6.22701384396031,0.607359763661985
1,DOC,8,VIP-L,RT_Upright_pro_L,0.934444765746673,0.270568517494265,1.20501328324094,0.0092619553211555,0.00988876622363018,6.24367089921106,0.599801217806154
1,DOC,9,SPOC-L,RT_Upright_pro_L,0.521979212210323,0.217481600362076,0.739460812572399,0.00698348874810433,0.00744451825011037,6.2931052655282,0.612486956618936
1,DOC,10,S1-L,RT_Upright_pro_L,0.812645941642814,0.701818664506511,1.51446460614932,0.0105810000809689,0.0112724628240435,6.21432154084245,0.583133147550115
1,DOC,11,M1-L,RT_Upright_pro_L,0.240568417689325,0.769807632252874,1.0103760499422,0.00754157707697086,0.00803808470330502,6.27810049632471,0.608355902268311
1,DOC,12,SMA-L,RT_Upright_pro_L,0.370665131788575,0.329031713282073,0.699696845070648,0.0072485247268018,0.00779813915434403,6.28949619793642,0.624892525877993
1,DOC,13,PMd-L,RT_Upright_pro_L,0.17043491974984,0.365388923824175,0.535823843574016,0.00543571695332139,0.00579475630349398,6.32328284878695,0.626132671449507
1,DOC,14,PMv-L,RT_Upright_pro_L,0.0851043000906258,0.328677733955136,0.413782034045762,0.00467711065235684,0.00501975752938941,6.33530324634713,0.632233798228216
1,DOC,15,FEF-L,RT_Upright_pro_L,0.272025677263391,0.303544702163224,0.575570379426615,0.00597330876526122,0.00638063242948714,6.31157202961207,0.62577607476054
1,DOC,16,POJ-L,RT_Upright_pro_L,0.196089646215078,0.372120050019931,0.56820969623501,0.00552194276605026,0.00590228800781861,6.32020336076488,0.626698211955021
1,DOC,17,V1-R,RT_Upright_pro_L,0.110364316721499,0.27343449770588,0.383798814427379,0.00479213367518718,0.00510905985125592,6.33728899583627,0.632014059405478
1,DOC,18,V3-R,RT_Upright_pro_L,0.191776769394951,0.725632120325129,0.91740888972008,0.00794831099629557,0.00847934505220193,6.27754506655123,0.614789953438873
1,DOC,19,STS-R,RT_Upright_pro_L,0.163031204178266,0.303309616568977,0.466340820747243,0.00556282242446256,0.00593544054666608,6.3252375985091,0.630968089429026
1,DOC,20,IPL-R,RT_Upright_pro_L,0.291149543051424,0.316013791854672,0.607163334906096,0.00611016443240756,0.00653081808270134,6.30820361984162,0.618111766302118
1,DOC,21,SPL-R,RT_Upright_pro_L,0.374725828194556,0.55407604137161,0.928801869566166,0.00918705495970689,0.00982170326464523,6.2584512023258,0.611131342810233
1,DOC,22,AG-R,RT_Upright_pro_L,0.76087500712467,0.252426852140437,1.01330185926511,0.00948823513441119,0.0101499922267107,6.24886682353547,0.605674686790417
1,DOC,23,mIPS-R,RT_Upright_pro_L,0.943251505539433,0.304391407139311,1.24764291267874,0.010630050884458,0.0113932196305907,6.22755124070456,0.602288584101974
1,DOC,24,VIP-R,RT_Upright_pro_L,0.371317550783945,0.562211425689073,0.933528976473018,0.00852182711119555,0.00908792438571072,6.2652554991695,0.606232245343514
1,DOC,25,SPOC-R,RT_Upright_pro_L,0.503138082246333,0.565855242423918,1.06899332467025,0.0090101557593703,0.00956936040524408,6.25124202365032,0.59628193066089
1,DOC,26,S1-R,RT_Upright_pro_L,0.38443231383298,0.297524198073796,0.681956511906776,0.00781057054665674,0.00838751756785902,6.28647938392189,0.625901272905211
1,DOC,27,M1-R,RT_Upright_pro_L,0.527946703676215,0.538853710073307,1.06680041374952,0.0093139416201905,0.00995163664224237,6.24638797399655,0.601945350654158
1,DOC,28,SMA-R,RT_Upright_pro_L,0.588892154067947,0.377552720287572,0.966444874355519,0.00929964680304209,0.00998453320363037,6.25200249913366,0.606729690657344
1,DOC,29,PMd-R,RT_Upright_pro_L,0.214279930690613,0.520671022751109,0.734950953441722,0.00664027698442394,0.00705115319011641,6.29569237567829,0.619425131076595
1,DOC,30,PMv-R,RT_Upright_pro_L,0.053674328788969,0.4069616498655,0.460635978654469,0.00438002937300152,0.00469651627396045,6.34168269314189,0.631244433229002
1,DOC,31,FEF-R,RT_Upright_pro_L,0.44922828286033,0.362509781431635,0.811738064291965,0.00774660679946584,0.00826456426540349,6.27956722967303,0.619417995888127
1,DOC,32,POJ-R,RT_Upright_pro_L,0.728167524915147,0.310223561532604,1.03839108644775,0.00923688057966335,0.00986655257699337,6.25385979895188,0.607603667530966
2,GB,1,V1-L,RT_Upright_pro_L,0.102201402926172,0.22286505825484,0.325066461181012,0.00375482441695365,0.00409710260794648,6.06385169960054,0.602183804185196
2,GB,2,V3-L,RT_Upright_pro_L,0.293532496337232,0.364366637568667,0.657899133905899,0.00553021353863061,0.00599462870411906,6.01508439166968,0.583906191711819
2,GB,3,STS-L,RT_Upright_pro_L,0.0892559519350667,0.0836311620786891,0.172887114013756,0.0025657470294499,0.00281265514154313,6.09559895257246,0.610882570351511
2,GB,4,IPL-L,RT_Upright_pro_L,0.329345252526277,0.401474660517856,0.730819913044133,0.00639933227631918,0.0069554886583542,6.00684361767476,0.577473428479055
2,GB,5,SPL-L,RT_Upright_pro_L,0.665528991342962,0.247433570526875,0.912962561869837,0.00748544183547537,0.00816643408522776,5.98213145302297,0.578821749907982
2,GB,6,AG-L,RT_Upright_pro_L,0.401132917535623,0.318806507705001,0.719939425240623,0.00664767989506766,0.00722628258852864,6.00000452787473,0.577402067458946
2,GB,7,mIPS-L,RT_Upright_pro_L,0.782221793329298,0.250259833563404,1.0324816268927,0.00733344249161695,0.00799582818731574,5.96707411049695,0.567777569511943
2,GB,8,VIP-L,RT_Upright_pro_L,0.546983441689799,0.391924521470462,0.93890796316026,0.00737287147719714,0.00796639732218903,5.97939584931885,0.559927939363096
2,GB,9,SPOC-L,RT_Upright_pro_L,0.849821029299744,0.745498484025232,1.59531951332498,0.00980142209168313,0.0106177714005221,5.91255717054765,0.524425410510977
2,GB,10,S1-L,RT_Upright_pro_L,0.17136479807945,0.578249404964556,0.749614203044006,0.00597347146548598,0.00646835890868238,6.01474036965886,0.58836842498728
2,GB,11,M1-L,RT_Upright_pro_L,0.279852225582671,0.549919215717445,0.829771441300116,0.00665102031334389,0.00718726636508429,5.99694438525189,0.5837003319473
2,GB,12,SMA-L,RT_Upright_pro_L,0.624971324390407,0.298989776013505,0.923961100403911,0.00788972617506457,0.00857474072517561,5.97699549744428,0.579154663179058
2,GB,13,PMd-L,RT_Upright_pro_L,0.15073969274467,0.461176525482923,0.611916218227593,0.00536773454242721,0.00581718675829742,6.02757502685746,0.59203723129761
2,GB,14,PMv-L,RT_Upright_pro_L,0.0477862397819611,0.403462801286748,0.451249041068709,0.00401319831895064,0.00435835239205684,6.05937430482473,0.602295961459097
2,GB,15,FEF-L,RT_Upright_pro_L,0.217435199173783,0.221773407161694,0.439208606335478,0.00444492223386635,0.00483314790876021,6.04390442287678,0.598036942977631
2,GB,16,POJ-L,RT_Upright_pro_L,0.396472758031218,1.04073560770144,1.43720836573266,0.0087971788300338,0.00953439423716758,5.94307073477632,0.552611021815049
2,GB,17,V1-R,RT_Upright_pro_L,0.138661704830014,0.0981326559214858,0.236794360751499,0.00304323140438329,0.00332034112505856,6.08416715908839,0.603836289664117
2,GB,18,V3-R,RT_Upright_pro_L,0.217377894860406,0.19205595296845,0.409433847828857,0.00491815760608588,0.00537449684213162,6.0436097588817,0.594204234576303
2,GB,19,STS-R,RT_Upright_pro_L,0.152941911282727,0.111870918202979,0.264812829485705,0.00336124264005331,0.00364081517219024,6.07750281597726,0.601315034391767
2,GB,20,IPL-R,RT_Upright_pro_L,0.595190862300892,0.337114874119929,0.932305736420821,0.00804078932697388,0.00872878756248984,5.97301946495835,0.575872720158661
2,GB,21,SPL-R,RT_Upright_pro_L,0.308054370357583,0.657696791638505,0.965751161996088,0.00789300135732309,0.00848508941211426,5.97668442158512,0.566657283854514
2,GB,22,AG-R,RT_Upright_pro_L,0.329209281830413,0.221712096361968,0.550921378192381,0.0055640664334384,0.00602869979397449,6.02204427402399,0.586089164799145
2,GB,23,mIPS-R,RT_Upright_pro_L,0.566225161416492,0.148319966294776,0.714545127711269,0.00673890835024379,0.0073707926041689,6.00234302655434,0.59155423000792
2,GB,24,VIP-R,RT_Upright_pro_L,0.397617953425764,0.381239370451553,0.778857323877317,0.00730840201899946,0.00791954745580093,5.99071812113846,0.577557019514267
2,GB,25,SPOC-R,RT_Upright_pro_L,0.566150822223147,0.564051725306476,1.13020254752962,0.00904587318858994,0.00981362108403742,5.95176629616075,0.5605556899782
2,GB,26,S1-R,RT_Upright_pro_L,0.701255726957136,0.158052507974807,0.859308234931943,0.0075287705288965,0.00821369809985175,5.9854314903283,0.588605662500516
2,GB,27,M1-R,RT_Upright_pro_L,0.106836013676798,0.398380883542777,0.505216897219575,0.00511690837431509,0.00553563833266685,6.03667179510602,0.598015970480772
2,GB,28,SMA-R,RT_Upright_pro_L,0.273709451389768,0.28954630559357,0.563255756983338,0.00523353319018795,0.0056999533014023,6.02630197031882,0.591249259888477
2,GB,29,PMd-R,RT_Upright_pro_L,0.480932176678942,0.187008765298579,0.667940941977521,0.00582603436817099,0.0063195148038917,6.01612097816365,0.589021379750345
2,GB,30,PMv-R,RT_Upright_pro_L,0.0626735503796216,0.180511952407451,0.243185502787072,0.00334449807459315,0.00362841733200155,6.07684339089177,0.60881964563341
2,GB,31,FEF-R,RT_Upright_pro_L,0.19528208137158,0.30038728731441,0.49566936868599,0.00552604055338708,0.00596627681330862,6.027137944601,0.588187320952711
2,GB,32,POJ-R,RT_Upright_pro_L,0.369607112156061,0.603722362406623,0.973329474562684,0.00793020993131026,0.00859236812506878,5.97341019117575,0.562304938468235
3,JDC,1,V1-L,RT_Upright_pro_L,0.148513048979683,0.335482777670799,0.483995826650483,0.0054225057874133,0.00585120239223262,6.51077094850174,0.726832379946352
3,JDC,2,V3-L,RT_Upright_pro_L,0.294935777510675,0.267901882358177,0.562837659868852,0.00599504169341933,0.00644353465320095,6.49505393412338,0.718475980016521
3,JDC,3,STS-L,RT_Upright_pro_L,0.157028610131905,0.431850765880944,0.588879376012849,0.00673310968564509,0.00725977596403139,6.48521623627326,0.721157345037651
3,JDC,4,IPL-L,RT_Upright_pro_L,0.601666598412252,0.43321588009731,1.03488247850956,0.00955521997526085,0.0102935621377651,6.42847688507964,0.693313030029193
3,JDC,5,SPL-L,RT_Upright_pro_L,0.854908546240473,0.268011221211082,1.12291976745156,0.00868809295570486,0.00936403708205105,6.43639551440349,0.700751249736611
3,JDC,6,AG-L,RT_Upright_pro_L,0.542406071362542,0.243039990841263,0.785446062203805,0.00813087518301056,0.00876683075813279,6.45266155465285,0.702940313967407
3,JDC,7,mIPS-L,RT_Upright_pro_L,0.689076387418696,0.186996845774658,0.876073233193354,0.00779354544725945,0.00843333915448701,6.45755273771469,0.713386100039321
3,JDC,8,VIP-L,RT_Upright_pro_L,0.726502526677256,0.484972574968656,1.21147510164591,0.00942076516193266,0.0101673115301871,6.42422305956067,0.686730156125154
3,JDC,9,SPOC-L,RT_Upright_pro_L,0.515036526818499,0.647477129148503,1.162513655967,0.0102683165037349,0.0110368167162109,6.41237798995053,0.693338100297821
3,JDC,10,S1-L,RT_Upright_pro_L,0.623011499231705,0.580026937034897,1.2030384362666,0.0106588562097482,0.0115276875514588,6.41084114286405,0.695110382622569
3,JDC,11,M1-L,RT_Upright_pro_L,0.505438164977605,0.63822637809362,1.14366454307123,0.00883304444166819,0.00948624706092077,6.43510205920671,0.700481706923068
3,JDC,12,SMA-L,RT_Upright_pro_L,0.543278677927145,0.327004062111307,0.870282740038453,0.0079790766403321,0.008608852159141,6.45499360512361,0.697369169418622
3,JDC,13,PMd-L,RT_Upright_pro_L,0.154642191832586,0.974442567599184,1.12908475943177,0.0071529097021065,0.00772045398486284,6.4566962961003,0.701114347621345
3,JDC,14,PMv-L,RT_Upright_pro_L,0.0299887695220606,0.500297188649584,0.530285958171644,0.00412071009538655,0.00444228370731292,6.53232075333813,0.725116032014934
3,JDC,15,FEF-L,RT_Upright_pro_L,0.460870427415294,0.223932604709648,0.684803032124941,0.00720033638355645,0.00779872673080404,6.47530245895689,0.722895305828393
3,JDC,16,POJ-L,RT_Upright_pro_L,0.48288226503873,0.341176853852688,0.824059118891418,0.00809826558101377,0.00867733224984856,6.45290086459855,0.707915815750814
3,JDC,17,V1-R,RT_Upright_pro_L,0.171676431095928,0.407927077568512,0.57960350866444,0.00600153333751632,0.00642711175928575,6.49896674569823,0.724146527086037
3,JDC,18,V3-R,RT_Upright_pro_L,0.179171310557525,0.43674836220443,0.615919672761954,0.00657365416827781,0.00706839137425646,6.48844675139384,0.722034063676429
3,JDC,19,STS-R,RT_Upright_pro_L,0.106754081234323,0.554238511322718,0.660992592557041,0.00670249327583069,0.00720112651801335,6.48741137981827,0.723640637132336
3,JDC,20,IPL-R,RT_Upright_pro_L,0.786393754413106,0.588109993580135,1.37450374799324,0.012220512386163,0.0132258572962738,6.38714576535315,0.684373814589997
3,JDC,21,SPL-R,RT_Upright_pro_L,0.506740260173362,0.622977985430656,1.12971824560402,0.010202332005354,0.0109360078017972,6.42122620179281,0.699803799637715
3,JDC,22,AG-R,RT_Upright_pro_L,0.574382557584292,0.320458903391642,0.894841460975934,0.00894368756157185,0.00960211586476154,6.44653197470086,0.711786114867815
3,JDC,23,mIPS-R,RT_Upright_pro_L,0.831758785726479,0.256723313402877,1.08848209912936,0.00922953945834076,0.00988402893351099,6.43185792932143,0.695976403615802
3,JDC,24,VIP-R,RT_Upright_pro_L,0.836985454986835,0.54516296887792,1.38214842386475,0.0119460883914556,0.0129145028370817,6.39161220041966,0.686443483287098
3,JDC,25,SPOC-R,RT_Upright_pro_L,0.303137060247091,0.738394339955153,1.04153140020224,0.009767522514386,0.0105297416562227,6.43002535442148,0.706454510176116
3,JDC,26,S1-R,RT_Upright_pro_L,0.400607664792077,0.42484197571561,0.825449640507687,0.00870392565478421,0.00933971447499071,6.44843445720903,0.707161480754777
3,JDC,27,M1-R,RT_Upright_pro_L,0.5448886854027,0.521577478961579,1.06646616436428,0.00893067653873653,0.00952530800750952,6.43243378344187,0.681028580552927
3,JDC,28,SMA-R,RT_Upright_pro_L,0.358012812314902,0.472832949517254,0.830845761832155,0.00807219724021105,0.0086734853822698,6.4534123534379,0.70598778906752
3,JDC,29,PMd-R,RT_Upright_pro_L,0.401186788721504,0.398887436227849,0.800074224949354,0.00854030463832032,0.00923493030976459,6.45341170972326,0.709691084666468
3,JDC,30,PMv-R,RT_Upright_pro_L,0.124155805812871,0.379189956420504,0.503345762233375,0.00591044418375381,0.00634480900511499,6.50615601647431,0.7273695141209
3,JDC,31,FEF-R,RT_Upright_pro_L,0.278272044685372,0.277200856077661,0.555472900763033,0.0067990086053192,0.00730968842903131,6.48409912528343,0.723500594930467
3,JDC,32,POJ-R,RT_Upright_pro_L,0.601923226663528,0.50690504525218,1.10882827191571,0.00983347173981158,0.0105252043480806,6.42274381559245,0.698672909373944
4,JFXD,1,V1-L,RT_Upright_pro_L,0.128448947812386,0.691514275603696,0.819963223416083,0.00850826708938713,0.00898499603954711,7.00275929125847,0.871958309028596
4,JFXD,2,V3-L,RT_Upright_pro_L,0.405588317453702,0.34564787706834,0.751236194522042,0.00912132844056244,0.00960204133495321,6.99169347408508,0.871796013850778
4,JFXD,3,STS-L,RT_Upright_pro_L,0.195203598457409,0.491183073614398,0.686386672071807,0.00820787488579204,0.00864563244488026,7.01024170243093,0.878655373862675
4,JFXD,4,IPL-L,RT_Upright_pro_L,0.922706355175666,0.771436963699403,1.69414331887507,0.016633661336534,0.0174883251594842,6.89152366890508,0.846515775473013
4,JFXD,5,SPL-L,RT_Upright_pro_L,0.846227753668151,0.406654943228668,1.25288269689682,0.0131254678034803,0.0137992422899438,6.93873445885953,0.850639071434595
4,JFXD,6,AG-L,RT_Upright_pro_L,0.544024782765156,0.411753439830438,0.955778222595594,0.0102577026831763,0.010805928178028,6.97679188803634,0.869243454002091
4,JFXD,7,mIPS-L,RT_Upright_pro_L,0.98200044607567,0.46776656533789,1.44976701141356,0.0148420157749458,0.0156909522926611,6.91636963617235,0.849978496717475
4,JFXD,8,VIP-L,RT_Upright_pro_L,0.882225999104027,0.495952468666202,1.37817846777023,0.0140711967233525,0.0148147654675261,6.92733383358472,0.857478061150569
4,JFXD,9,SPOC-L,RT_Upright_pro_L,0.589191289749917,0.525224114364528,1.11441540411445,0.0121907569972509,0.0128556772488642,6.94910873700339,0.851378408708198
4,JFXD,10,S1-L,RT_Upright_pro_L,0.948343271602743,0.474003189269655,1.4223464608724,0.0141645827239458,0.0148489914053848,6.92576094909152,0.84849471293017
4,JFXD,11,M1-L,RT_Upright_pro_L,0.876283516040856,0.364129091838812,1.24041260787967,0.0130370524487886,0.0136803536955772,6.94233445702755,0.856482454706489
4,JFXD,12,SMA-L,RT_Upright_pro_L,0.901330231620725,0.293020510739935,1.19435074236066,0.0106766461651279,0.0112071414485965,6.96211476133583,0.852865562965153
4,JFXD,13,PMd-L,RT_Upright_pro_L,0.874907895770817,0.282996076310612,1.15790397208143,0.0116918291879252,0.012278523052045,6.95231051910274,0.856917635432026
4,JFXD,14,PMv-L,RT_Upright_pro_L,0.188197436891882,0.631529940090388,0.81972737698227,0.00815184443993227,0.00855426292328491,7.00024359565188,0.861827153218258
4,JFXD,15,FEF-L,RT_Upright_pro_L,0.73530806785092,0.609611549171344,1.34491961702226,0.0126747311782206,0.0133812818742197,6.92690123293852,0.827604835901766
4,JFXD,16,POJ-L,RT_Upright_pro_L,0.520673575420328,0.632562785571956,1.15323636099228,0.0119602811165488,0.0125983670704823,6.94796340235802,0.851500425324165
4,JFXD,17,V1-R,RT_Upright_pro_L,0.154362755009433,0.251032177995845,0.405394933005278,0.00576188126201659,0.00608620500427091,7.04918069145518,0.887311165587424
4,JFXD,18,V3-R,RT_Upright_pro_L,0.10982269597301,0.598711112843569,0.708533808816579,0.00815562512273931,0.00855962711684015,7.01162689958798,0.878361229356474
4,JFXD,19,STS-R,RT_Upright_pro_L,0.118869278628058,1.15608149495696,1.27495077358502,0.0101230626606553,0.0105913555391009,6.97187195353063,0.856218599546573
4,JFXD,20,IPL-R,RT_Upright_pro_L,0.949939141442721,0.562226951102964,1.51216609254568,0.0146724880312804,0.015422610890744,6.91574743971835,0.846595676328681
4,JFXD,21,SPL-R,RT_Upright_pro_L,0.888530959018031,0.528594888000696,1.41712584701873,0.0134967673228576,0.0142347200723567,6.92617233552505,0.849561963724134
4,JFXD,22,AG-R,RT_Upright_pro_L,0.395517116190033,0.872623796960382,1.26814091315041,0.0123375159014184,0.0129913855722355,6.94628314698791,0.857729397370497
4,JFXD,23,mIPS-R,RT_Upright_pro_L,0.949571504476695,0.699376736242548,1.64894824071924,0.0147592456415649,0.0155470617530242,6.91013992576512,0.843039650882459
4,JFXD,24,VIP-R,RT_Upright_pro_L,0.856609036331008,0.674247923343459,1.53085695967447,0.0142050136382053,0.0149246451623015,6.91965208483772,0.840446591377541
4,JFXD,25,SPOC-R,RT_Upright_pro_L,0.434872423326808,0.615472547636108,1.05034497096292,0.010476426214932,0.0110022030342712,6.96888464071675,0.857436649489945
4,JFXD,26,S1-R,RT_Upright_pro_L,0.586173998099516,0.878477134975053,1.46465113307457,0.0138028606065176,0.0144778560269636,6.92623815278409,0.84267298084788
4,JFXD,27,M1-R,RT_Upright_pro_L,0.878206288849167,0.43039692059041,1.30860320943958,0.0129253791604097,0.0135978343003752,6.94024078995561,0.853979796041013
4,JFXD,28,SMA-R,RT_Upright_pro_L,0.978658715354931,0.297755376317774,1.27641409167271,0.0110869364264115,0.0116147215636385,6.95545556145437,0.84817642249909
4,JFXD,29,PMd-R,RT_Upright_pro_L,0.253392188934676,1.21559541668917,1.46898760562385,0.0126759008444727,0.0132929130131219,6.93707172394168,0.849728817404043
4,JFXD,30,PMv-R,RT_Upright_pro_L,0.123974628397613,0.846510229948843,0.970484858346455,0.00978733082401495,0.0102616580023845,6.98499812004753,0.867325836460116
4,JFXD,31,FEF-R,RT_Upright_pro_L,0.292737767974806,0.318104104290642,0.610841872265448,0.00843196762414451,0.00886385883584904,7.00837210748634,0.878551456715853
4,JFXD,32,POJ-R,RT_Upright_pro_L,0.418151444632878,1.08985775179904,1.50800919643192,0.0139748256748193,0.0146810415590417,6.91996924651347,0.839097887379708
5,JZ,1,V1-L,RT_Upright_pro_L,0.106959500797839,0.251695515754449,0.358655016552289,0.00450417510811271,0.00489980288021599,6.11985575440394,0.572983170353186
5,JZ,2,V3-L,RT_Upright_pro_L,0.281236531592971,0.127519373088994,0.408755904681964,0.00453477315209501,0.00493119406227637,6.11530583596738,0.572411379299091
5,JZ,3,STS-L,RT_Upright_pro_L,0.13431116777126,0.196004156380142,0.330315324151402,0.00457534657623367,0.00496042829887653,6.11817573279746,0.57744306222277
5,JZ,4,IPL-L,RT_Upright_pro_L,0.419776345173662,0.474879821396956,0.894656166570618,0.00756426921541854,0.00815960105772601,6.0499562807866,0.548363080135946
5,JZ,5,SPL-L,RT_Upright_pro_L,0.588447791831861,0.354137219524955,0.942585011356817,0.00835177226381026,0.00906016215563779,6.03775724533025,0.550330294670679
5,JZ,6,AG-L,RT_Upright_pro_L,0.385402951642904,0.312062151565026,0.69746510320793,0.00651429955339931,0.00703440940137491,6.07284052320339,0.56014277988101
5,JZ,7,mIPS-L,RT_Upright_pro_L,0.689047962289071,0.188145236490337,0.877193198779408,0.00772339385769978,0.00840263534582388,6.04917313361788,0.551371179695644
5,JZ,8,VIP-L,RT_Upright_pro_L,0.766181507327231,0.218020688815299,0.984202196142529,0.00772814097068355,0.00835172065089325,6.04424625164254,0.545390468717726
5,JZ,9,SPOC-L,RT_Upright_pro_L,0.476005322635285,0.500534897649472,0.976540220284757,0.00819364497089474,0.00888548546526312,6.03202130035015,0.542830645602881
5,JZ,10,S1-L,RT_Upright_pro_L,0.582653490234177,0.832250009497208,1.41490349973139,0.00970255547984706,0.0104627349427589,5.99747391398632,0.520031508377708
5,JZ,11,M1-L,RT_Upright_pro_L,0.221635033462081,0.710483205899072,0.932118239361153,0.00726306358261645,0.00786284279407531,6.0542625285685,0.547580289302311
5,JZ,12,SMA-L,RT_Upright_pro_L,0.243120690720142,0.292124991872427,0.53524568259257,0.00507538400959564,0.00548082537372964,6.09998164304256,0.565255297276628
5,JZ,13,PMd-L,RT_Upright_pro_L,0.217674089015462,0.454456889981683,0.672130978997144,0.00648757098268395,0.00706384886434449,6.0724837177637,0.559606441099348
5,JZ,14,PMv-L,RT_Upright_pro_L,0.0649570289986149,0.247227351793453,0.312184380792068,0.00396357257864555,0.00428685052972702,6.13211829964865,0.579740571454187
5,JZ,15,FEF-L,RT_Upright_pro_L,0.199296360239753,0.173120341123478,0.37241670136323,0.00477064522177153,0.00518876706657347,6.11494501851016,0.569235552347701
5,JZ,16,POJ-L,RT_Upright_pro_L,0.151763937145511,0.411017157719306,0.562781094864818,0.00476517743480062,0.0051208433339959,6.1015214761002,0.555173377725813
5,JZ,17,V1-R,RT_Upright_pro_L,0.0953749609599815,0.347399232256995,0.442774193216977,0.00477758094271761,0.00518745516882153,6.11064129154377,0.573517845633166
5,JZ,18,V3-R,RT_Upright_pro_L,0.266453576425897,0.302524464644415,0.568978041070311,0.00617778934092118,0.00674576889097229,6.08109634093942,0.562499474604475
5,JZ,19,STS-R,RT_Upright_pro_L,0.178887714380991,0.162294605724266,0.341182320105258,0.0041672553633016,0.00452671498462185,6.12234926517853,0.576382436444368
5,JZ,20,IPL-R,RT_Upright_pro_L,0.580288141924008,0.151387293830915,0.731675435754922,0.0068907909536635,0.00748697933717447,6.06621210732137,0.560301004004525
5,JZ,21,SPL-R,RT_Upright_pro_L,0.474916327808227,0.623615532054821,1.09853185986305,0.00914204112992446,0.00990026502031301,6.01539554348947,0.524713073888211
5,JZ,22,AG-R,RT_Upright_pro_L,0.362725998402326,0.361876653880194,0.72460265228252,0.00663560924742656,0.0071480502583414,6.06829551502553,0.552165557986852
5,JZ,23,mIPS-R,RT_Upright_pro_L,0.458414687881574,0.311328437995672,0.769743125877245,0.00698001455682483,0.0075234088590175,6.06045310788162,0.551609171528333
5,JZ,24,VIP-R,RT_Upright_pro_L,0.783039072635328,0.199396122989887,0.982435195625215,0.00794846726776196,0.00861462661620971,6.04083472122832,0.547290900691757
5,JZ,25,SPOC-R,RT_Upright_pro_L,0.472278980577433,0.749565866496509,1.22184484707394,0.00964913485651439,0.0105122233802091,6.00531838805282,0.53435740364273
5,JZ,26,S1-R,RT_Upright_pro_L,0.269592248556422,0.362670034091373,0.632262282647795,0.00649835956172931,0.00706806854439448,6.07441269188958,0.559526503964058
5,JZ,27,M1-R,RT_Upright_pro_L,0.235997136635771,0.340483786510985,0.576480923146757,0.006189292786185,0.00671027234350144,6.0873194129602,0.565706424724192
5,JZ,28,SMA-R,RT_Upright_pro_L,0.698802633457459,0.138382313093299,0.837184946550758,0.00698994718783975,0.00759856312108336,6.0629802171014,0.555840232446305
5,JZ,29,PMd-R,RT_Upright_pro_L,0.229372293617843,0.316611636194702,0.545983929812545,0.00504300573039356,0.00546104838481984,6.09756577401368,0.558121345632222
5,JZ,30,PMv-R,RT_Upright_pro_L,0.0820136715620066,0.275997389253545,0.358011060815552,0.0041646524129298,0.00450790739304856,6.12519289520466,0.574421001408456
5,JZ,31,FEF-R,RT_Upright_pro_L,0.246282964741931,0.16936924725802,0.415652211999951,0.004559888556975,0.00495401480880311,6.11664910809253,0.571494500923254
5,JZ,32,POJ-R,RT_Upright_pro_L,0.384751574186895,0.791080069804065,1.17583164399096,0.00945865775680607,0.0102849204904191,6.01877564773577,0.541046114026248
6,LT,1,V1-L,RT_Upright_pro_L,0.121268185790582,0.505119498783753,0.626387684574335,0.00686797012116052,0.00730241237929165,6.45964166002647,0.681434848365689
6,LT,2,V3-L,RT_Upright_pro_L,0.140068899326857,0.514617697094759,0.654686596421616,0.00725480265414747,0.00774073814171467,6.45071666604197,0.684863872768362
6,LT,3,STS-L,RT_Upright_pro_L,0.0975589474797739,0.456073374798422,0.553632322278196,0.00556743741826172,0.00591686370370463,6.47968950076598,0.674577453389591
6,LT,4,IPL-L,RT_Upright_pro_L,0.724894901519234,0.501667837995038,1.22656273951427,0.0108061989677523,0.0115745951876644,6.38972321752271,0.66050353976717
6,LT,5,SPL-L,RT_Upright_pro_L,0.787845669078921,0.616655328882333,1.40450099796125,0.0116329320998885,0.0124115819172436,6.36853590242689,0.641861474623236
6,LT,6,AG-L,RT_Upright_pro_L,0.358844544179481,0.35501563272331,0.713860176902791,0.00807616650835675,0.00862700151837989,6.43294079833393,0.666782755912609
6,LT,7,mIPS-L,RT_Upright_pro_L,0.590924241742065,0.451274788554906,1.04219903029697,0.00985559530844671,0.0105239716643289,6.40226371636606,0.666206698066642
6,LT,8,VIP-L,RT_Upright_pro_L,0.922001934139464,0.392465620187391,1.31446755432686,0.0107735451853715,0.0114985788704743,6.38191131210307,0.646476657315204
6,LT,9,SPOC-L,RT_Upright_pro_L,0.745532949403021,0.424576474573491,1.17010942397651,0.0104737949889852,0.0111262367833864,6.39273832616469,0.657359257384591
6,LT,10,S1-L,RT_Upright_pro_L,0.914155424457306,0.569753367194616,1.48390879165192,0.01085700060855,0.0116113622707651,6.37061217899243,0.638269551650107
6,LT,11,M1-L,RT_Upright_pro_L,0.399674465004923,0.469027418132385,0.868701883137308,0.00768182671786813,0.00814394292483613,6.43618986485475,0.667462470965606
6,LT,12,SMA-L,RT_Upright_pro_L,0.174548110551266,0.449208762698637,0.623756873249903,0.00628641509778438,0.00669169677212857,6.46386236485722,0.679594996209558
6,LT,13,PMd-L,RT_Upright_pro_L,0.212962536075411,0.864030258408263,1.07699279448367,0.00767652066234814,0.0081930744407677,6.42697966080699,0.660556231073435
6,LT,14,PMv-L,RT_Upright_pro_L,0.0639478327572957,0.318948247133162,0.382896079890457,0.00416695111425043,0.00444067602287864,6.50894270982291,0.68714970371521
6,LT,15,FEF-L,RT_Upright_pro_L,0.650344471413428,0.392620795407627,1.04296526682105,0.00958961278237068,0.010247514832053,6.40287461625858,0.66373477961158
6,LT,16,POJ-L,RT_Upright_pro_L,0.590468030638727,0.486502879148978,1.07697090978771,0.00973155689938486,0.0103590909997609,6.40913792217403,0.657030159424216
6,LT,17,V1-R,RT_Upright_pro_L,0.199385777516155,1.23376647052373,1.43315224803989,0.0100290812562627,0.0106290758584422,6.39228049300973,0.652981707746905
6,LT,18,V3-R,RT_Upright_pro_L,0.238351457251802,0.310123417424368,0.548474874676169,0.00658355367823771,0.00701503259434748,6.46601173764633,0.683502739088542
6,LT,19,STS-R,RT_Upright_pro_L,0.0877414258641631,0.236009844969484,0.323751270833647,0.00471919620595223,0.00500803801535008,6.50142122672975,0.69248759292803
6,LT,20,IPL-R,RT_Upright_pro_L,0.918018452690121,0.337617236492478,1.2556356891826,0.0115695622127521,0.0123715362419138,6.37624034850435,0.659460008070004
6,LT,21,SPL-R,RT_Upright_pro_L,0.602382872016802,0.590873448239857,1.19325632025666,0.0114533431116827,0.0122028893196022,6.37987810467258,0.660145881952209
6,LT,22,AG-R,RT_Upright_pro_L,0.669536881345203,0.312637032054216,0.982173913399419,0.00936587689082151,0.00993550947999907,6.41188894662056,0.666397823772682
6,LT,23,mIPS-R,RT_Upright_pro_L,0.960180368078159,0.18471344618144,1.1448938142596,0.0102521979309613,0.0109393655688212,6.39715515401972,0.666028706113624
6,LT,24,VIP-R,RT_Upright_pro_L,0.773464238311698,0.432820410099806,1.2062846484115,0.0112652848822793,0.0120021707059201,6.37976117632321,0.655497370255133
6,LT,25,SPOC-R,RT_Upright_pro_L,0.43191338155456,0.63532427286557,1.06723765442013,0.00964668510655232,0.0102695600795646,6.39859991587278,0.654163029114904
6,LT,26,S1-R,RT_Upright_pro_L,0.633393519731312,0.452607920058959,1.08600143979027,0.0102492660642146,0.0108869695428122,6.39672058057211,0.65681258536614
6,LT,27,M1-R,RT_Upright_pro_L,0.246940335928536,0.36574910339861,0.612689439327146,0.00689651350565395,0.00732836604932022,6.45651132452396,0.676489043762801
6,LT,28,SMA-R,RT_Upright_pro_L,0.272840707333004,0.522099431028621,0.794940138361625,0.00867915977190511,0.00924590949229146,6.42644740778147,0.67592745032606
6,LT,29,PMd-R,RT_Upright_pro_L,0.114834417760763,0.269165118396623,0.383999536157386,0.00508037277896068,0.00543923733596862,6.48841334673969,0.686737072502397
6,LT,30,PMv-R,RT_Upright_pro_L,0.159573163875958,0.232264748318826,0.391837912194783,0.00538270488951723,0.00572679420275822,6.48870869113178,0.688618384763541
6,LT,31,FEF-R,RT_Upright_pro_L,0.312600484772188,0.114494595153985,0.427095079926173,0.00553850077957951,0.00592185978839965,6.48329048331896,0.688837400620617
6,LT,32,POJ-R,RT_Upright_pro_L,0.314013624604016,0.432387775268548,0.746401399872563,0.00811122453060745,0.00864821449254753,6.43340978235989,0.6743279873904
7,NvA,1,V1-L,RT_Upright_pro_L,0.0777565013680082,0.231591461538743,0.309347962906751,0.00363029686308906,0.00398330583623599,6.02146223568206,0.608131091331365
7,NvA,2,V3-L,RT_Upright_pro_L,0.158850650786156,0.236399554452475,0.395250205238631,0.00430909392154253,0.00469802552335294,6.00057093903916,0.60244846762539
7,NvA,3,STS-L,RT_Upright_pro_L,0.124707132633227,0.26218499448016,0.386892127113387,0.00433213514803193,0.00475196087533578,6.00373484862633,0.605196052755583
7,NvA,4,IPL-L,RT_Upright_pro_L,0.394136658084678,0.761854166865466,1.15599082495014,0.00832809349487075,0.00907420115018663,5.91398150949311,0.576386483057121
7,NvA,5,SPL-L,RT_Upright_pro_L,0.41116524080613,0.544979334554744,0.956144575360874,0.00793385107069988,0.00863989188876776,5.92362220598922,0.573951612171594
7,NvA,6,AG-L,RT_Upright_pro_L,0.533443364896301,0.281839161046671,0.815282525942972,0.0061547124431115,0.0066552154466547,5.95537556471806,0.581575457987461
7,NvA,7,mIPS-L,RT_Upright_pro_L,0.611196728569866,0.285968217161119,0.897164945730984,0.00691707895933106,0.00747391494203155,5.93881239602627,0.576343056602079
7,NvA,8,VIP-L,RT_Upright_pro_L,0.632452662219744,0.281700517029724,0.914153179249469,0.00766576299335919,0.00837693527017226,5.93095904599886,0.587080768290864
7,NvA,9,SPOC-L,RT_Upright_pro_L,0.544125338856006,0.609152070365419,1.15327740922142,0.00906058431164121,0.00989392438420341,5.89215244816696,0.554098055082058
7,NvA,10,S1-L,RT_Upright_pro_L,0.893467251141029,0.399764717382129,1.29323196852316,0.00873844203309123,0.00948358769008555,5.89432286745141,0.559356685288495
7,NvA,11,M1-L,RT_Upright_pro_L,0.15995346297623,0.361364081169821,0.521317544146051,0.0053344881510008,0.00581579814005646,5.98222612772407,0.602860200551507
7,NvA,12,SMA-L,RT_Upright_pro_L,0.130752184144382,0.236590301006258,0.36734248515064,0.00426850393582647,0.00464417908723203,6.00615321106304,0.606433810866846
7,NvA,13,PMd-L,RT_Upright_pro_L,0.158368399164174,0.450133176715627,0.608501575879801,0.0051575969787655,0.00561741626996132,5.97535961564817,0.59823838743808
7,NvA,14,PMv-L,RT_Upright_pro_L,0.0654092372231993,0.140879905256182,0.206289142479381,0.00313421228719979,0.00342324526285939,6.03374688937591,0.61734567518506
7,NvA,15,FEF-L,RT_Upright_pro_L,0.354966677149516,0.153669486778788,0.508636163928304,0.00469316143644202,0.00513158087407454,5.98714997416962,0.602653085182666
7,NvA,16,POJ-L,RT_Upright_pro_L,0.199924035273298,0.278189415446638,0.478113450719937,0.00491671715415649,0.00539822988807069,5.9876301925775,0.591830132611571
7,NvA,17,V1-R,RT_Upright_pro_L,0.125973626545897,0.18157919418432,0.307552820730217,0.00376711162958338,0.00410107713617242,6.01377988810228,0.610572624722432
7,NvA,18,V3-R,RT_Upright_pro_L,0.242322231499666,0.270544759336267,0.512866990835934,0.00538990487309644,0.00590160523522249,5.97697285844432,0.597816775619486
7,NvA,19,STS-R,RT_Upright_pro_L,0.135497359354727,0.293594824608613,0.42909218396334,0.00456081293673031,0.00496494008433415,5.99725924021288,0.604597708686282
7,NvA,20,IPL-R,RT_Upright_pro_L,0.350905896206803,0.765105647912911,1.11601154411971,0.00848768705367451,0.00923984706419673,5.90942385008803,0.57700283489062
7,NvA,21,SPL-R,RT_Upright_pro_L,0.739264752696797,0.365875802274068,1.10514055497087,0.00757235247750375,0.00823968140095092,5.91849488760543,0.557071005657533
7,NvA,22,AG-R,RT_Upright_pro_L,0.294084852063469,0.388269723066098,0.682354575129567,0.00605875164747445,0.00662378525536058,5.9566660462348,0.583588241490544
7,NvA,23,mIPS-R,RT_Upright_pro_L,0.665586279735781,0.252103254044496,0.917689533780278,0.00734178180619769,0.0080293440613967,5.93501080384088,0.582912197447466
7,NvA,24,VIP-R,RT_Upright_pro_L,0.315827722775208,0.865309499970706,1.18113722274591,0.00773690485186276,0.00843111481510997,5.91848010651332,0.573223870818176
7,NvA,25,SPOC-R,RT_Upright_pro_L,0.487660422935094,0.452962434949105,0.9406228578842,0.00729660251249914,0.00800544331022579,5.92818110584906,0.580827604921927
7,NvA,26,S1-R,RT_Upright_pro_L,0.311443450625512,0.205902378390563,0.517345829016075,0.00529682569903925,0.00574865226706479,5.98094219424493,0.597384181580744
7,NvA,27,M1-R,RT_Upright_pro_L,0.634110260337974,0.150992963041744,0.785103223379718,0.00598743215210735,0.00649859708472014,5.95613222916745,0.58779217198757
7,NvA,28,SMA-R,RT_Upright_pro_L,0.194395096798052,0.249200644612671,0.443595741410723,0.00507945620107654,0.00553640233280138,5.98703604584353,0.607986251740165
7,NvA,29,PMd-R,RT_Upright_pro_L,0.2281571264589,0.207560513436644,0.435717639895544,0.0046946858444436,0.00509839841703066,5.99764812685645,0.605271284032892
7,NvA,30,PMv-R,RT_Upright_pro_L,0.06279075963783,0.202287414849853,0.265078174487683,0.00349253071468631,0.00381383617279044,6.02293834208268,0.616415622862739
7,NvA,31,FEF-R,RT_Upright_pro_L,0.340805477714997,0.207479283374059,0.548284761089056,0.00569291138372542,0.00621746259826809,5.97320631323047,0.599095099629466
7,NvA,32,POJ-R,RT_Upright_pro_L,0.273714059505496,0.278186000882062,0.551900060387558,0.00472457403433529,0.00510378110716867,5.98089907742341,0.589717976339775
8,RR,1,V1-L,RT_Upright_pro_L,0.33581098176375,0.252449490726632,0.588260472490382,0.0059234396281919,0.00639300853652908,6.2540501726413,0.678542946742685
8,RR,2,V3-L,RT_Upright_pro_L,0.111409776474059,0.301478181986988,0.412887958461047,0.00480148844624807,0.00523642830585154,6.28237411528595,0.690187201718274
8,RR,3,STS-L,RT_Upright_pro_L,0.117452499987843,0.136855175208154,0.254307675195998,0.0037128185922026,0.00401920013649361,6.30649439995349,0.704323484950655
8,RR,4,IPL-L,RT_Upright_pro_L,0.622245981550148,0.326846634503887,0.949092616054035,0.00858216224485753,0.00930741583102258,6.21428270476182,0.670467042573761
8,RR,5,SPL-L,RT_Upright_pro_L,0.853982813286122,0.539938480585896,1.39392129387202,0.0101982059650276,0.0110468299448154,6.15924412509749,0.646343845718575
8,RR,6,AG-L,RT_Upright_pro_L,0.547173139096886,0.305074176120126,0.852247315217012,0.00739305946097311,0.00796741482487127,6.22406024761753,0.6665015433709
8,RR,7,mIPS-L,RT_Upright_pro_L,0.55296944107325,0.284755873525694,0.837725314598944,0.00810735343579768,0.00881884567831558,6.21500123537249,0.668320819033399
8,RR,8,VIP-L,RT_Upright_pro_L,0.825350228757863,0.385613209776374,1.21096343853424,0.00946488248511932,0.0102599426939833,6.18910343854918,0.655829242693979
8,RR,9,SPOC-L,RT_Upright_pro_L,0.774001810068919,0.59366076646683,1.36766257653575,0.0108027906341768,0.0117227119925034,6.16108829121779,0.636024195745117
8,RR,10,S1-L,RT_Upright_pro_L,0.882074530790475,0.447909575624932,1.32998410641541,0.0105500279974914,0.0114305549155433,6.17175369589026,0.654400674619849
8,RR,11,M1-L,RT_Upright_pro_L,0.43078489385208,0.26869444516609,0.69947933901817,0.0059045042048307,0.00639304148706295,6.24844601155868,0.677259041501557
8,RR,12,SMA-L,RT_Upright_pro_L,0.654466723688931,0.380477667682188,1.03494439137112,0.00943801970887784,0.010223589348489,6.1898515525751,0.668567878034796
8,RR,13,PMd-L,RT_Upright_pro_L,0.298922033801374,0.630352492444816,0.92927452624619,0.00721496149375584,0.00774712058825249,6.22337936571199,0.667409639933394
8,RR,14,PMv-L,RT_Upright_pro_L,0.063934308212038,0.373874343488159,0.437808651700197,0.00505530500114825,0.00547670481552487,6.28106975191472,0.699035935888897
8,RR,15,FEF-L,RT_Upright_pro_L,0.307014901502177,0.318138685706949,0.625153587209126,0.00696945668980424,0.00756092722179141,6.2444959320732,0.686742301187786
8,RR,16,POJ-L,RT_Upright_pro_L,0.373099259214383,1.2660147109232,1.63911397013758,0.0093031031469568,0.0099336456096196,6.1637535634044,0.637654963172849
8,RR,17,V1-R,RT_Upright_pro_L,0.204115791278383,0.366110181162491,0.570225972440874,0.00597112924593254,0.00646474845206563,6.25645366372325,0.68265502056438
8,RR,18,V3-R,RT_Upright_pro_L,0.211743158896002,0.239327348153665,0.451070507049667,0.00499408529896473,0.00546331014626903,6.27198215090266,0.691127953904465
8,RR,19,STS-R,RT_Upright_pro_L,0.0782537029656637,0.188789948012992,0.267043650978656,0.00360528380355833,0.0039186446710031,6.30796188059282,0.70054148948422
8,RR,20,IPL-R,RT_Upright_pro_L,0.541866967624069,0.23131925051926,0.773186218143328,0.00711139601932921,0.00776947296557405,6.23157127363256,0.68002572328548
8,RR,21,SPL-R,RT_Upright_pro_L,0.491119671341356,0.473325684159681,0.964445355501038,0.00864042487511238,0.00938843189985601,6.19981711191535,0.661775715268263
8,RR,22,AG-R,RT_Upright_pro_L,0.166341944313828,0.590936534823718,0.757278479137546,0.00591043770137226,0.00641190647407285,6.24560405659008,0.667046613134988
8,RR,23,mIPS-R,RT_Upright_pro_L,0.1788035285683,0.523588594004445,0.702392122572745,0.00654563009615406,0.00705966799753529,6.24119690067643,0.673824812911205
8,RR,24,VIP-R,RT_Upright_pro_L,0.58044344155304,0.290858056131491,0.871301497684531,0.00674787170289309,0.00733011949158433,6.22430020863523,0.667225628650989
8,RR,25,SPOC-R,RT_Upright_pro_L,0.505521233357625,0.545423095780844,1.05094432913847,0.00881694530019394,0.00960725446968353,6.19277094282755,0.654143162913885
8,RR,26,S1-R,RT_Upright_pro_L,0.462100607657686,0.511415009249565,0.973515616907251,0.00910765946308719,0.0098347956869612,6.19967947024334,0.65885645584086
8,RR,27,M1-R,RT_Upright_pro_L,0.227898567489053,0.260650887700573,0.488549455189626,0.00571563255338367,0.00619144295741014,6.26520137191977,0.684966657090795
8,RR,28,SMA-R,RT_Upright_pro_L,0.402399324588329,0.536126146982397,0.938525471570726,0.00831323275179473,0.00897015226908099,6.21252497651472,0.668834873768802
8,RR,29,PMd-R,RT_Upright_pro_L,0.346773926861549,0.340667300062119,0.687441226923668,0.00679096776260148,0.00739075741460254,6.23406579573979,0.678609094719939
8,RR,30,PMv-R,RT_Upright_pro_L,0.092161464676381,0.224053085092555,0.316214549768936,0.00391067450813321,0.00424446647877206,6.30047844813973,0.698047317302098
8,RR,31,FEF-R,RT_Upright_pro_L,0.249777919754941,0.13648261633625,0.386260536091191,0.00447259185128106,0.00484340533905434,6.28318725219173,0.692523466668242
8,RR,32,POJ-R,RT_Upright_pro_L,0.395463632729416,0.614270558666966,1.00973419139638,0.00766666393645343,0.00833649674889159,6.21304817911325,0.653669765604278
9,SJB,1,V1-L,RT_Upright_pro_L,0.271033088196499,0.434425272978723,0.705458361175222,0.00658873268474472,0.00720541018832972,6.50615647746188,0.820279480858049
9,SJB,2,V3-L,RT_Upright_pro_L,0.277781638802988,0.621120337152535,0.898901975955523,0.00857946181731106,0.00944586600891565,6.46872866038232,0.808364571203078
9,SJB,3,STS-L,RT_Upright_pro_L,0.153137426090092,0.444342999988142,0.597480426078234,0.00606377106070152,0.00666865087543279,6.51712736183501,0.825259103282566
9,SJB,4,IPL-L,RT_Upright_pro_L,0.718095274320827,0.301867361877368,1.0199626361982,0.00873480837689412,0.00962341509600174,6.46236364947152,0.810196991569861
9,SJB,5,SPL-L,RT_Upright_pro_L,0.937654435865499,0.773504897608356,1.71115933347386,0.0125124916375511,0.0137947199607793,6.39125029078714,0.777453305008939
9,SJB,6,AG-L,RT_Upright_pro_L,0.547006475472509,1.06278001712368,1.60978649259619,0.0116780792311144,0.0127753876369663,6.38645496685851,0.763623276497334
9,SJB,7,mIPS-L,RT_Upright_pro_L,0.541915166643205,0.701430003263757,1.24334516990696,0.00999501902604256,0.0110018476610187,6.4384048836789,0.799006158454462
9,SJB,8,VIP-L,RT_Upright_pro_L,0.721661738852546,0.425128599203944,1.14679033805649,0.0101340678782313,0.0111331785163261,6.43238419079045,0.788011457968993
9,SJB,9,SPOC-L,RT_Upright_pro_L,0.475178235663027,0.46221231452225,0.937390550185278,0.00885774186135622,0.00979828710927743,6.46372964502767,0.814832078384622
9,SJB,10,S1-L,RT_Upright_pro_L,0.728433674027713,0.199103312112341,0.927536986140053,0.00716324591899812,0.00781870827545298,6.47665929906242,0.795523972826868
9,SJB,11,M1-L,RT_Upright_pro_L,0.664072223877891,0.468832151920268,1.13290437579816,0.00868230223613711,0.0095534026867044,6.44570993558792,0.795365481804208
9,SJB,12,SMA-L,RT_Upright_pro_L,0.559235763476423,0.434592326246041,0.993828089722464,0.00769154663495561,0.00843466386018154,6.47453563115942,0.805874472666563
9,SJB,13,PMd-L,RT_Upright_pro_L,0.377356380235897,0.554690209236649,0.932046589472546,0.00800466652188024,0.00879513430500872,6.46931779485561,0.808343760392501
9,SJB,14,PMv-L,RT_Upright_pro_L,0.0746181967372805,0.38066939478348,0.45528759152076,0.00484091652426223,0.00531797769280112,6.54338001730265,0.837145054958792
9,SJB,15,FEF-L,RT_Upright_pro_L,0.229294373584861,0.694755388749745,0.924049762334606,0.0081108102908822,0.00891386843778034,6.47051312318924,0.804527736273172
9,SJB,16,POJ-L,RT_Upright_pro_L,0.614263816782726,0.409897697562593,1.02416151434532,0.0088918439732001,0.00977611329985476,6.45570770995447,0.797468514745403
9,SJB,17,V1-R,RT_Upright_pro_L,0.618603381352349,0.290135896370037,0.908739277722387,0.00819417736434594,0.00900725991388,6.47530140402441,0.813335665053019
9,SJB,18,V3-R,RT_Upright_pro_L,0.50204166150516,0.486875341311767,0.988917002816927,0.00828342663623165,0.00904773874273575,6.46573615413463,0.798435214773355
9,SJB,19,STS-R,RT_Upright_pro_L,0.0874262343907239,0.216712014791593,0.304138249182317,0.00451527939355671,0.00498491055314251,6.55263131515941,0.847027464637799
9,SJB,20,IPL-R,RT_Upright_pro_L,0.617012186924191,0.328035118113022,0.945047305037213,0.00806400507520098,0.00888578177460802,6.46932515848115,0.80729232688725
9,SJB,21,SPL-R,RT_Upright_pro_L,0.260922450389336,0.473083741473934,0.73400619186327,0.00665603768626465,0.00730859903696497,6.49446717254123,0.813882611502211
9,SJB,22,AG-R,RT_Upright_pro_L,0.692582095625227,0.397521076338437,1.09010317196366,0.00869093046366788,0.00950081782672843,6.45333819789111,0.796072582819888
9,SJB,23,mIPS-R,RT_Upright_pro_L,0.340329035372755,0.56847384684231,0.908802882215065,0.00793649914961964,0.00871696216597403,6.47631879157293,0.799637315293888
9,SJB,24,VIP-R,RT_Upright_pro_L,0.520322460811812,0.545195427655583,1.0655178884674,0.00837379775151214,0.00917822693604368,6.4586229398279,0.803624920051429
9,SJB,25,SPOC-R,RT_Upright_pro_L,0.783170156163059,0.559801256900832,1.34297141306389,0.0100051993348224,0.0110015431737817,6.42627846871739,0.775784418500863
9,SJB,26,S1-R,RT_Upright_pro_L,0.673076271121828,0.327094244922587,1.00017051604441,0.00747395727252183,0.00824007118986412,6.47078329235916,0.80647592557742
9,SJB,27,M1-R,RT_Upright_pro_L,0.202816984790852,0.478164105354542,0.680981090145394,0.00556296569219009,0.00610120557340995,6.50945492137369,0.821493257529616
9,SJB,28,SMA-R,RT_Upright_pro_L,0.794445911316685,0.244651493137867,1.03909740445455,0.00807443043295811,0.00889332313317207,6.4662645334836,0.810856623967955
9,SJB,29,PMd-R,RT_Upright_pro_L,0.431672405764738,0.370496210317168,0.802168616081905,0.00817856413024941,0.00901039041992109,6.47042108323174,0.810418013414683
9,SJB,30,PMv-R,RT_Upright_pro_L,0.0621067970003961,0.5887000747947,0.650806871795096,0.00558509429827685,0.00615726193231237,6.52219162511932,0.828500121272445
9,SJB,31,FEF-R,RT_Upright_pro_L,0.184225195794011,0.270525725042556,0.454750920836567,0.00546652417364924,0.00602712775460604,6.5296791719081,0.836654651347225
9,SJB,32,POJ-R,RT_Upright_pro_L,0.453709526136306,0.600382805392603,1.05409233152891,0.009197061609622,0.0100955622993276,6.45452490902275,0.80198330318229
10,BG,1,V1-L,RT_Upright_pro_L,0.100330983501682,0.254234713512693,0.354565697014375,0.00355313307196841,0.00382543056468029,6.06815215412587,0.534992905820926
10,BG,2,V3-L,RT_Upright_pro_L,0.201682939715703,0.373615497678586,0.575298437394289,0.00573071393042473,0.00619233295160923,6.02017434978076,0.52605539317212
10,BG,3,STS-L,RT_Upright_pro_L,0.108537680876225,0.323491007412393,0.432028688288618,0.00473715787371673,0.00511036656396757,6.04401547180751,0.53772013153998
10,BG,4,IPL-L,RT_Upright_pro_L,0.249898600313073,0.540511080015691,0.790409680328763,0.00682142203668761,0.00733787937867677,5.99740649665265,0.515849444563496
10,BG,5,SPL-L,RT_Upright_pro_L,0.705715244331785,0.16218824941276,0.867903493744545,0.00716645411304447,0.0077853637887084,5.98668152441325,0.517024827299855
10,BG,6,AG-L,RT_Upright_pro_L,0.477194390610633,0.37227474679165,0.849469137402283,0.00747278976540137,0.00808385449890771,5.9821677623994,0.51289622391805
10,BG,7,mIPS-L,RT_Upright_pro_L,0.46444874129921,0.204958124145206,0.669406865444416,0.0062627743181687,0.00679928277897862,6.00672161044961,0.524696468189856
10,BG,8,VIP-L,RT_Upright_pro_L,0.33573393907043,0.288598986911506,0.624332925981936,0.00594409278590941,0.00644629047156962,6.01679120976488,0.528379470991988
10,BG,9,SPOC-L,RT_Upright_pro_L,0.277481612191958,0.332301309111677,0.609782921303635,0.0063859083860546,0.00690059099083135,6.01253534654714,0.524446252376444
10,BG,10,S1-L,RT_Upright_pro_L,0.820062087976802,0.144593054872916,0.964655142849718,0.00676488453034197,0.00728390861980043,5.99447774014241,0.512500095870111
10,BG,11,M1-L,RT_Upright_pro_L,0.471462427715119,0.221978305314308,0.693440733029427,0.00625764537101804,0.00675458243996497,6.0117904970851,0.524773228763833
10,BG,12,SMA-L,RT_Upright_pro_L,0.246698373186681,0.362089032192568,0.608787405379249,0.00586288855446988,0.00630637453513763,6.01563927792635,0.526515204416973
10,BG,13,PMd-L,RT_Upright_pro_L,0.200693683976547,0.376687420682681,0.577381104659228,0.0051163794704299,0.00551627946575866,6.03426687282162,0.525829551839539
10,BG,14,PMv-L,RT_Upright_pro_L,0.0579514164397931,0.21842363620769,0.276375052647483,0.00338550492221768,0.00364785702574811,6.07767983124513,0.541477080122783
10,BG,15,FEF-L,RT_Upright_pro_L,0.301634384195415,0.267091407931063,0.568725792126479,0.00580484233293804,0.00626865461542144,6.01970392360974,0.527213583588907
10,BG,16,POJ-L,RT_Upright_pro_L,0.161336535708435,0.385130147876317,0.546466683584752,0.00531307995706556,0.00573798576595294,6.02815557684014,0.526460060185512
10,BG,17,V1-R,RT_Upright_pro_L,0.0615647552893183,0.284660956589372,0.34622571187869,0.00383153130850223,0.00415441831067366,6.06559773060763,0.536785529933188
10,BG,18,V3-R,RT_Upright_pro_L,0.139236683276445,0.468864167903356,0.608100851179801,0.0053369908232541,0.00575651161771384,6.02808720869537,0.524779723256635
10,BG,19,STS-R,RT_Upright_pro_L,0.172072060581433,0.208479331929031,0.380551392510464,0.00432996506016023,0.00467220824739591,6.05123752699145,0.535337322194149
10,BG,20,IPL-R,RT_Upright_pro_L,0.622104461687111,0.449001137707903,1.07110559939501,0.00858844370468408,0.00928142434322144,5.96247847477962,0.507360782532186
10,BG,21,SPL-R,RT_Upright_pro_L,0.713041171829512,0.194035291176255,0.907076463005767,0.00696178486147195,0.00749518486516006,5.99383948902401,0.513087301645592
10,BG,22,AG-R,RT_Upright_pro_L,0.565174459454641,0.261758707798374,0.826933167253015,0.0073039845510401,0.00794111393477868,5.9863989886941,0.519636640399612
10,BG,23,mIPS-R,RT_Upright_pro_L,0.754105697437584,0.249088028962986,1.00319372640057,0.007146703107161,0.0077950288907307,5.97941320840227,0.512389949044488
10,BG,24,VIP-R,RT_Upright_pro_L,0.481135148640473,0.520285973386153,1.00142112202663,0.0082610439431564,0.00890580039813996,5.96984982636808,0.508244203303848
10,BG,25,SPOC-R,RT_Upright_pro_L,0.387918064755879,0.595880455453883,0.983798520209762,0.0081485910513757,0.00880776288385378,5.96858872276934,0.512083048766983
10,BG,26,S1-R,RT_Upright_pro_L,0.253926265104406,0.355792417017686,0.609718682122092,0.00600625932280006,0.0064739849677034,6.01694537803603,0.525578514795619
10,BG,27,M1-R,RT_Upright_pro_L,0.361478434682926,0.683655967971135,1.04513440265406,0.00748409686814259,0.00803175227030072,5.97695123366257,0.500222656976087
10,BG,28,SMA-R,RT_Upright_pro_L,0.407359625869287,0.463492254236927,0.870851880106214,0.00770175130899499,0.00831216778185896,5.98419990827031,0.515483740140426
10,BG,29,PMd-R,RT_Upright_pro_L,0.0839558286757373,0.637947874966863,0.7219037036426,0.00536338866193287,0.00577986357368913,6.02451660292872,0.52539175761711
10,BG,30,PMv-R,RT_Upright_pro_L,0.0886514526376512,0.344387344761806,0.433038797399457,0.00427437283006949,0.00461084961989402,6.05436834360396,0.536561654434714
10,BG,31,FEF-R,RT_Upright_pro_L,0.46645085417605,0.159862664296021,0.626313518472071,0.00568227426749137,0.00615978123015515,6.01945641755615,0.529569534978607
10,BG,32,POJ-R,RT_Upright_pro_L,0.402520114347179,0.436198825327667,0.838718939674846,0.00658192215658741,0.00709330960826305,5.996277372074,0.514117537718364
1,DOC,1,V1-L,RT_Upright_pro_R,0.114760320514816,0.673551783405722,0.788312103920538,0.0060617367537826,0.00650651732652962,6.1149814747247,0.56479006590853
1,DOC,2,V3-L,RT_Upright_pro_R,0.271259019914484,0.917453566187157,1.18871258610164,0.00823549636546917,0.0088299614459594,6.07005644161127,0.547574637455869
1,DOC,3,STS-L,RT_Upright_pro_R,0.0640475738956865,0.388833913443912,0.452881487339599,0.00441951843540427,0.00473917751064563,6.15277780740496,0.576581294603796
1,DOC,4,IPL-L,RT_Upright_pro_R,0.41057050084834,0.489285547990126,0.899856048838466,0.00725684654178386,0.0077697757213604,6.09303840034858,0.555354210305904
1,DOC,5,SPL-L,RT_Upright_pro_R,0.546895169020415,0.215083165871758,0.761978334892173,0.00701853630022562,0.00755035646335738,6.09776952415272,0.565304491604021
1,DOC,6,AG-L,RT_Upright_pro_R,0.475388953063056,0.346014135273284,0.821403088336339,0.00779448255413251,0.00840233637000334,6.08391707254986,0.55800521620309
1,DOC,7,mIPS-L,RT_Upright_pro_R,0.709918130421483,0.253140187405251,0.963058317826734,0.0082484200560196,0.00885659655125075,6.07542030168257,0.549201213805387
1,DOC,8,VIP-L,RT_Upright_pro_R,0.911468119163746,0.258612220597915,1.17008033976166,0.00860395482128937,0.00924626417147513,6.05990499987989,0.549523001460666
1,DOC,9,SPOC-L,RT_Upright_pro_R,0.443283628110289,0.503011542113993,0.946295170224283,0.00764157257498195,0.0081676821937001,6.08224176488073,0.547097134945579
1,DOC,10,S1-L,RT_Upright_pro_R,0.658973341941792,0.540271256041315,1.19924459798311,0.00835205060054043,0.00894829550442126,6.05718465010124,0.539211587528458
1,DOC,11,M1-L,RT_Upright_pro_R,0.211544205654117,0.618038274968056,0.829582480622173,0.00694575736763506,0.00747792815158485,6.09849244774121,0.565188334964778
1,DOC,12,SMA-L,RT_Upright_pro_R,0.247028988249059,0.336111060661186,0.583140048910245,0.00560388341723041,0.00604113892005991,6.1234318506361,0.57027040057177
1,DOC,13,PMd-L,RT_Upright_pro_R,0.186838473008974,0.383019247354622,0.569857720363596,0.00539727594371113,0.00581505948221694,6.12759383855243,0.568389072226646
1,DOC,14,PMv-L,RT_Upright_pro_R,0.0559792433993919,0.266221757242299,0.322201000641691,0.00384033168252757,0.00412805712217651,6.17035065098331,0.58360932588149
1,DOC,15,FEF-L,RT_Upright_pro_R,0.302797095670057,0.167015531559715,0.469812627229772,0.00485054391082877,0.00522582555872557,6.14081934545753,0.573346622756647
1,DOC,16,POJ-L,RT_Upright_pro_R,0.171588773213633,0.305856171367517,0.47744494458115,0.00586629236863387,0.00631858325393826,6.12790486436341,0.579202044718534
1,DOC,17,V1-R,RT_Upright_pro_R,0.124477335160457,0.342488185252475,0.466965520412932,0.00479096265942287,0.00513705788808676,6.14488322678639,0.575265629570373
1,DOC,18,V3-R,RT_Upright_pro_R,0.305713760934941,0.530374542395182,0.836088303330124,0.00748436489243935,0.00802925352797371,6.09033531992575,0.560336333080225
1,DOC,19,STS-R,RT_Upright_pro_R,0.11591855088728,0.268338400729065,0.384256951616345,0.00483314896469811,0.0052113478182947,6.14723982086003,0.581286568713863
1,DOC,20,IPL-R,RT_Upright_pro_R,0.462388492681298,0.17095056876154,0.633339061442838,0.00579707609831305,0.00624097112094858,6.11916547088009,0.568051280218093
1,DOC,21,SPL-R,RT_Upright_pro_R,0.390922219917096,0.41717278421847,0.808095004135566,0.00713015030255099,0.007658886931814,6.08697503359131,0.555119631966889
1,DOC,22,AG-R,RT_Upright_pro_R,0.717571432575821,0.269650652937875,0.987222085513695,0.00828405020102475,0.00892459742361319,6.06781482439455,0.556552956951734
1,DOC,23,mIPS-R,RT_Upright_pro_R,0.716732072249954,0.415004494097079,1.13173656634703,0.00953079477789757,0.0102639223801316,6.04988727363723,0.551335827007399
1,DOC,24,VIP-R,RT_Upright_pro_R,0.300500667913587,0.354501402304949,0.655002070218536,0.0063637500239082,0.0068295297257049,6.11354624345039,0.563385084121755
1,DOC,25,SPOC-R,RT_Upright_pro_R,0.668727590031724,0.375134618863893,1.04386220889562,0.00792637180411305,0.00847921940832055,6.06693974245853,0.540974084924943
1,DOC,26,S1-R,RT_Upright_pro_R,0.289424980044685,0.323676252624454,0.613101232669139,0.00635152480753013,0.00685175901487809,6.11412326534411,0.568689225674144
1,DOC,27,M1-R,RT_Upright_pro_R,0.4221453687803,0.317299188441404,0.739444557221704,0.00670858642469477,0.0072297631145941,6.09874913925532,0.555695666327405
1,DOC,28,SMA-R,RT_Upright_pro_R,0.458338379132919,0.245024064000011,0.70336244313293,0.00668524297432768,0.00723168216342987,6.10538244178124,0.560439545608233
1,DOC,29,PMd-R,RT_Upright_pro_R,0.163966933866791,0.308502763013708,0.472469696880499,0.00450523644256235,0.00484551973526663,6.14607139295806,0.571286342004616
1,DOC,30,PMv-R,RT_Upright_pro_R,0.0393010386139713,0.472874756071892,0.512175794685863,0.00422350728180372,0.00455991066942492,6.1545239224909,0.576784928922433
1,DOC,31,FEF-R,RT_Upright_pro_R,0.315967955128796,0.234998201394392,0.550966156523188,0.00550420095360279,0.0059237905581474,6.12483685022165,0.570008877562963
1,DOC,32,POJ-R,RT_Upright_pro_R,0.641234858948783,0.208162936367524,0.849397795316307,0.00723073910837112,0.00779233092842265,6.0933863918685,0.55990656497011
2,GB,1,V1-L,RT_Upright_pro_R,0.162531799000494,0.211457532907417,0.373989331907911,0.0045771244876656,0.0050184941098737,6.09790112233085,0.611956299027212
2,GB,2,V3-L,RT_Upright_pro_R,0.325719966246495,0.304374402350381,0.630094368596876,0.00583448633024237,0.00633201718542427,6.06606455275833,0.595457659024258
2,GB,3,STS-L,RT_Upright_pro_R,0.0873586508908031,0.148121431322753,0.235480082213556,0.00352169460777021,0.00383932395991233,6.12547433819082,0.620952585388353
2,GB,4,IPL-L,RT_Upright_pro_R,0.342290065496463,0.305084856631884,0.647374922128347,0.00567332127189448,0.00617859813208455,6.06346111392919,0.588756142055058
2,GB,5,SPL-L,RT_Upright_pro_R,0.782825152311886,0.169276697668168,0.952101849980054,0.0075568486321568,0.0082685120132155,6.03237630406558,0.586707663439497
2,GB,6,AG-L,RT_Upright_pro_R,0.375523735587938,0.346711744011031,0.722235479598969,0.00648113084043802,0.00706696437690196,6.05134434053897,0.589251639174044
2,GB,7,mIPS-L,RT_Upright_pro_R,0.841980789657826,0.230045837070365,1.07202662672819,0.00760914265416268,0.00827222504654111,6.01472432483116,0.57779875576929
2,GB,8,VIP-L,RT_Upright_pro_R,0.547649330609181,0.435828913372128,0.983478243981309,0.00787146880394544,0.00857013617907225,6.00924393473393,0.572992889121523
2,GB,9,SPOC-L,RT_Upright_pro_R,0.74983818621024,0.711889840444914,1.46172802665515,0.010101363993742,0.0109709330835511,5.95967665048216,0.551766991013528
2,GB,10,S1-L,RT_Upright_pro_R,0.212870779474525,0.463182658613533,0.676053438088059,0.00623434629710226,0.00679511780908361,6.05382477533712,0.598379488817777
2,GB,11,M1-L,RT_Upright_pro_R,0.287811691169188,0.296014854471542,0.583826545640731,0.00622208702043682,0.00682408989106332,6.06147095527175,0.601964188547821
2,GB,12,SMA-L,RT_Upright_pro_R,0.367375695790028,0.561841050539181,0.929216746329209,0.00783510116028401,0.00858436072414972,6.02621407668028,0.584226570149111
2,GB,13,PMd-L,RT_Upright_pro_R,0.103306019066202,0.306124145017852,0.409430164084054,0.0041114860454445,0.00447143635793566,6.1050192685441,0.610479077537271
2,GB,14,PMv-L,RT_Upright_pro_R,0.0544314296519097,0.248905172454775,0.303336602106685,0.00334559667171921,0.00364023462016441,6.12496086807911,0.615102091972356
2,GB,15,FEF-L,RT_Upright_pro_R,0.232025730994944,0.27643093489388,0.508456665888823,0.00524682080768249,0.00574732389643771,6.08053780742575,0.608850418377718
2,GB,16,POJ-L,RT_Upright_pro_R,0.342313021270673,0.697933004027864,1.04024602529854,0.00753494181295433,0.00819295487590685,6.02665269429016,0.583317631091377
2,GB,17,V1-R,RT_Upright_pro_R,0.191659592973087,0.160098070040817,0.351757663013905,0.00393099240881089,0.00428075395580874,6.11111046905598,0.613414454843805
2,GB,18,V3-R,RT_Upright_pro_R,0.13145792905054,0.231534109972365,0.362992039022905,0.00404033802638184,0.00439296515683992,6.10783325470902,0.608680544234657
2,GB,19,STS-R,RT_Upright_pro_R,0.181554711991768,0.235564429364677,0.417119141356445,0.00517916178945752,0.00566701831151379,6.0871182213074,0.610741040819612
2,GB,20,IPL-R,RT_Upright_pro_R,0.49645999897502,0.466344353052779,0.962804352027799,0.00841177352309712,0.00913582419811582,6.01394202880044,0.584250461926165
2,GB,21,SPL-R,RT_Upright_pro_R,0.583856189071353,0.370601141435474,0.954457330506827,0.00739863872950139,0.00807487166883808,6.02673796227056,0.57262675885064
2,GB,22,AG-R,RT_Upright_pro_R,0.319226735823954,0.21871461179785,0.537941347621804,0.0056987923625944,0.006217387749231,6.07246862378624,0.606277339180716
2,GB,23,mIPS-R,RT_Upright_pro_R,0.645643947055977,0.136552886109501,0.782196833165478,0.00697252239081136,0.00765525273162527,6.04471968997831,0.602864452442725
2,GB,24,VIP-R,RT_Upright_pro_R,0.413316942197569,0.423754559971073,0.837071502168642,0.00649432340903448,0.0070618216384444,6.04832236942596,0.587276932771338
2,GB,25,SPOC-R,RT_Upright_pro_R,0.55104516169,0.563799877914815,1.11484503960482,0.00799107448233089,0.00869211309129548,6.00406327048939,0.56474171225051
2,GB,26,S1-R,RT_Upright_pro_R,0.612544320772396,0.239299888012587,0.851844208784983,0.00720198731775924,0.00786351271031694,6.03872414970654,0.595147274577822
2,GB,27,M1-R,RT_Upright_pro_R,0.151338248261703,0.390346725302678,0.541684973564381,0.00476898928474537,0.00517858262049044,6.08926607718513,0.603133057351602
2,GB,28,SMA-R,RT_Upright_pro_R,0.353007383133027,0.365473192878706,0.718480576011733,0.00622326224582488,0.00676590000876858,6.05341553460214,0.592577795586715
2,GB,29,PMd-R,RT_Upright_pro_R,0.301038700011716,0.447043961706886,0.748082661718601,0.00660365404024309,0.00725914180475385,6.04185226311428,0.592583848735482
2,GB,30,PMv-R,RT_Upright_pro_R,0.0798204862491704,0.259554358061152,0.339374844310322,0.00450433587224913,0.00492150651994226,6.10177513408251,0.619487636973113
2,GB,31,FEF-R,RT_Upright_pro_R,0.254335891566846,0.371640360933335,0.625976252500181,0.00566482449010825,0.00618389717914772,6.06301270219097,0.595324571466635
2,GB,32,POJ-R,RT_Upright_pro_R,0.245938149059938,0.734550828960495,0.980488978020433,0.00711519305053667,0.00777961825150978,6.033095362427,0.581535024883549
3,JDC,1,V1-L,RT_Upright_pro_R,0.12823943847459,0.413443818233694,0.541683256708283,0.00545336624169179,0.00593645252361556,6.40889081066427,0.72053848176432
3,JDC,2,V3-L,RT_Upright_pro_R,0.207787521656212,0.280055962222472,0.487843483878683,0.00563391298687909,0.00611239651947324,6.40728022766064,0.720415172280511
3,JDC,3,STS-L,RT_Upright_pro_R,0.195082711122935,0.195866656249665,0.390949367372601,0.00548249162724632,0.00595590826969262,6.4163419112159,0.725073413648075
3,JDC,4,IPL-L,RT_Upright_pro_R,0.346497487897695,0.374703993995772,0.721201481893467,0.00697473796073703,0.00754662127273787,6.38241122698612,0.709807245955533
3,JDC,5,SPL-L,RT_Upright_pro_R,0.684616671092342,0.374595603485131,1.05921227457747,0.00877124019059308,0.00949130622048802,6.33986710552346,0.69397200912151
3,JDC,6,AG-L,RT_Upright_pro_R,0.591409182659438,0.379627738705095,0.971036921364533,0.00859338657083958,0.00928078565618793,6.34328348068989,0.687487910716139
3,JDC,7,mIPS-L,RT_Upright_pro_R,0.686430931421693,0.387923061600436,1.07435399302213,0.00926082208496029,0.0100159333103185,6.33197396373944,0.682768351321462
3,JDC,8,VIP-L,RT_Upright_pro_R,0.67340377274995,0.208085789346325,0.881489562096275,0.0077895730867298,0.00839419856892598,6.364493754611,0.705336494812322
3,JDC,9,SPOC-L,RT_Upright_pro_R,0.540981337905321,0.697717816958599,1.23869915486392,0.0104332195123167,0.0112817544388059,6.30725566327972,0.680870165398258
3,JDC,10,S1-L,RT_Upright_pro_R,0.617132130639512,0.409479062702494,1.02661119334201,0.00832415149031901,0.00898195603963088,6.35254076377123,0.682418781076584
3,JDC,11,M1-L,RT_Upright_pro_R,0.554741057694833,0.457158841074979,1.01189989876981,0.00874306299094547,0.0094455292792868,6.34847834029662,0.699707172037546
3,JDC,12,SMA-L,RT_Upright_pro_R,0.68642493477578,0.271480706043285,0.957905640819065,0.00877500270387886,0.00954758565888153,6.34589403470938,0.700782504934932
3,JDC,13,PMd-L,RT_Upright_pro_R,0.291232526654714,0.709938305930506,1.00117083258522,0.00776611725328934,0.00829744697004465,6.35392270115511,0.682127974196084
3,JDC,14,PMv-L,RT_Upright_pro_R,0.0499930313464918,0.513830196008625,0.563823227355116,0.00507256571003622,0.00546629952725479,6.42469676992333,0.71720620741357
3,JDC,15,FEF-L,RT_Upright_pro_R,0.337963103672658,0.493438261590633,0.831401365263291,0.00847154095464146,0.00919467358152382,6.35857005226434,0.708776327171644
3,JDC,16,POJ-L,RT_Upright_pro_R,0.595497667711363,0.398099667174374,0.993597334885736,0.00841451096732472,0.00908004533726653,6.34270897974189,0.688917085688127
3,JDC,17,V1-R,RT_Upright_pro_R,0.149905875043437,0.342096275432144,0.492002150475582,0.00543783852436841,0.00588829982179533,6.41683495898778,0.718807203896007
3,JDC,18,V3-R,RT_Upright_pro_R,0.299052440987076,0.280850806807461,0.579903247794537,0.00575249520846883,0.00620228189225104,6.39837698429367,0.71499583090645
3,JDC,19,STS-R,RT_Upright_pro_R,0.070253843959281,0.301071120332861,0.371324964292142,0.00450769006731525,0.00489479345622673,6.43311792064693,0.728431501183451
3,JDC,20,IPL-R,RT_Upright_pro_R,0.75292668441652,0.441752166921205,1.19467885133772,0.00924565774819175,0.0100519923796594,6.32460953266416,0.684984627116715
3,JDC,21,SPL-R,RT_Upright_pro_R,0.53707538409606,0.603089741576813,1.14016512567287,0.00951169369331915,0.0102826848554086,6.32607471553797,0.691919288538135
3,JDC,22,AG-R,RT_Upright_pro_R,0.410561704854924,0.32573911177646,0.736300816631384,0.00722511064076965,0.0077957237989431,6.37275115043648,0.707490314599084
3,JDC,23,mIPS-R,RT_Upright_pro_R,0.815290796540813,0.165603687619112,0.980894484159925,0.00801845127738233,0.00867033735175593,6.35142801467387,0.698822190327635
3,JDC,24,VIP-R,RT_Upright_pro_R,0.854818663887455,0.424602525666272,1.27942118955373,0.00993476995563039,0.010795034699014,6.3155390608112,0.6768204205079
3,JDC,25,SPOC-R,RT_Upright_pro_R,0.304465730605414,1.28067458975825,1.58514032036367,0.0104605153340045,0.0113462306444696,6.293540342635,0.66573885876129
3,JDC,26,S1-R,RT_Upright_pro_R,0.332186684230176,0.259389181788142,0.591575866018318,0.00695622314681829,0.00754230254926606,6.38493763453751,0.715815788511905
3,JDC,27,M1-R,RT_Upright_pro_R,0.304608554401925,0.565560993340061,0.870169547741986,0.00693656662608404,0.007475054128427,6.36659774607902,0.695085870012695
3,JDC,28,SMA-R,RT_Upright_pro_R,0.46079750856123,0.35553881851072,0.81633632707195,0.00812133022160039,0.00878373808542465,6.35989499565375,0.706446884380064
3,JDC,29,PMd-R,RT_Upright_pro_R,0.312117784228132,0.473342543611877,0.78546032784001,0.00791606666284642,0.00857806065336934,6.36688426518789,0.710645497123994
3,JDC,30,PMv-R,RT_Upright_pro_R,0.0624488101271767,0.301495853511539,0.363944663638716,0.00428534940527616,0.00463250199720184,6.44005726736766,0.724633489808846
3,JDC,31,FEF-R,RT_Upright_pro_R,0.304527447406628,0.326468944659628,0.630996392066256,0.00714778227156743,0.00773522678265811,6.38238136607277,0.713078790084262
3,JDC,32,POJ-R,RT_Upright_pro_R,0.6593815839784,0.805131162165541,1.46451274614394,0.0107163846669032,0.0115383208529503,6.29709773018586,0.655326752523174
4,JFXD,1,V1-L,RT_Upright_pro_R,0.206162775152962,0.393026364731451,0.599189139884412,0.00751385134449541,0.0081686456080909,7.04312678190967,0.971199134240029
4,JFXD,2,V3-L,RT_Upright_pro_R,0.249365204613063,0.937367451675337,1.1867326562884,0.0109154341023985,0.0119560584421781,6.97950479851662,0.951822128818007
4,JFXD,3,STS-L,RT_Upright_pro_R,0.198194375393269,0.640345822092457,0.838540197485726,0.00837218081183597,0.00910148479252579,7.02373640153658,0.96494955183151
4,JFXD,4,IPL-L,RT_Upright_pro_R,0.740148236337706,0.309810024762916,1.04995826110062,0.00946097765154496,0.0103204111701294,6.99551072578897,0.950543498214613
4,JFXD,5,SPL-L,RT_Upright_pro_R,0.804680200178623,0.44461295241794,1.24929315259656,0.0100721978406684,0.010911300897587,6.9751129257237,0.940250923216625
4,JFXD,6,AG-L,RT_Upright_pro_R,0.862771999971835,0.523013396016093,1.38578539598793,0.0120239190571196,0.013138556521085,6.94761744360114,0.937802968563419
4,JFXD,7,mIPS-L,RT_Upright_pro_R,0.940177308229315,0.458668645557734,1.39884595378705,0.012914993589307,0.0140878972528433,6.95380555426132,0.942435622332936
4,JFXD,8,VIP-L,RT_Upright_pro_R,0.931838462645923,0.324464947738861,1.25630341038478,0.0110955404799127,0.0120861922859283,6.96765454912771,0.947292698180658
4,JFXD,9,SPOC-L,RT_Upright_pro_R,0.550833479797865,0.952463111253604,1.50329659105147,0.012168778442832,0.0131777120185206,6.94189187706552,0.925204847160276
4,JFXD,10,S1-L,RT_Upright_pro_R,0.904707532352854,0.339915432608222,1.24462296496108,0.0117698612795444,0.0128551497473231,6.96468839390805,0.947635541046583
4,JFXD,11,M1-L,RT_Upright_pro_R,0.963570200077487,0.385018844173756,1.34858904425124,0.0128320632540061,0.0140533364982387,6.95731093069571,0.947963456624568
4,JFXD,12,SMA-L,RT_Upright_pro_R,0.968901733292253,0.756276304671692,1.72517803796394,0.0143163391060459,0.0156775817269523,6.91004022408927,0.912935380801065
4,JFXD,13,PMd-L,RT_Upright_pro_R,0.664590790461979,0.639798733576312,1.30438952403829,0.0119525148289858,0.0130777944694082,6.96461215987326,0.945022250824155
4,JFXD,14,PMv-L,RT_Upright_pro_R,0.262387453609655,1.105885752637,1.36827320624665,0.0102268798513441,0.0111050611153976,6.96971334246759,0.927753426759803
4,JFXD,15,FEF-L,RT_Upright_pro_R,0.750047203640012,0.739129061190436,1.48917626483045,0.0133101829242136,0.0145028396662243,6.93786330626181,0.917027329223521
4,JFXD,16,POJ-L,RT_Upright_pro_R,0.605114794278019,0.926573887908322,1.53168868218634,0.0120278747717395,0.0129784307113093,6.93699063407201,0.921861967546617
4,JFXD,17,V1-R,RT_Upright_pro_R,0.109367180824839,0.340219589237861,0.4495867700627,0.00557268540231757,0.00606938098927877,7.07310217244522,0.978434170208085
4,JFXD,18,V3-R,RT_Upright_pro_R,0.216364892247888,0.373701315603357,0.590066207851245,0.00710328265592848,0.00773362882981688,7.04079947238529,0.961741523262247
4,JFXD,19,STS-R,RT_Upright_pro_R,0.192446514557002,0.736770601474393,0.929217116031396,0.00832142936239863,0.0090500570536948,7.01354604591274,0.955502466412148
4,JFXD,20,IPL-R,RT_Upright_pro_R,0.971744025294324,0.379011063745036,1.35075508903936,0.0112913112892663,0.0122612991820688,6.95566426095426,0.937872625717291
4,JFXD,21,SPL-R,RT_Upright_pro_R,0.792848014172465,0.311230212999358,1.10407822717182,0.0109060707348037,0.0118669673736879,6.98293485722641,0.95160713292002
4,JFXD,22,AG-R,RT_Upright_pro_R,0.581205939688921,0.817495552420567,1.39870149210949,0.0113404074647165,0.0123299170574704,6.95781215693381,0.927051801138109
4,JFXD,23,mIPS-R,RT_Upright_pro_R,0.969878874546402,0.636011070241537,1.60588994478794,0.0141125978170079,0.0153512409060028,6.92780692703189,0.921504111053154
4,JFXD,24,VIP-R,RT_Upright_pro_R,0.859843894247243,0.369786199634132,1.22963009388137,0.0109487407381628,0.0118877771241923,6.9689863071181,0.938237150674097
4,JFXD,25,SPOC-R,RT_Upright_pro_R,0.685530861097885,0.563745941404392,1.24927680250228,0.0125600494077522,0.0136760018762438,6.9610332099341,0.944530820727427
4,JFXD,26,S1-R,RT_Upright_pro_R,0.508564722053395,0.530518148706226,1.03908287075962,0.0108763372086245,0.0118838813068795,6.98572956467849,0.953980891433305
4,JFXD,27,M1-R,RT_Upright_pro_R,0.876549112509778,0.687438992507126,1.5639881050169,0.0130151610126401,0.0140854616151836,6.93006269930006,0.902207082463024
4,JFXD,28,SMA-R,RT_Upright_pro_R,0.94126944863629,0.553059915678042,1.49432936431433,0.0127836932506188,0.0140325958972004,6.94405114341575,0.929808721160243
4,JFXD,29,PMd-R,RT_Upright_pro_R,0.17783869714599,1.21947026633539,1.39730896348138,0.0099189142969902,0.0107442963692658,6.97989994591875,0.935662649166396
4,JFXD,30,PMv-R,RT_Upright_pro_R,0.130238397196147,0.899772816274613,1.03001121347076,0.00768733224872077,0.00834460067796972,7.0139190385693,0.952364896075273
4,JFXD,31,FEF-R,RT_Upright_pro_R,0.396837849511147,0.188501761001782,0.585339610512929,0.00710318246775909,0.00772486003297818,7.04983233309446,0.97043251828674
4,JFXD,32,POJ-R,RT_Upright_pro_R,0.462922381205239,0.993838374691835,1.45676075589707,0.0128306713760097,0.0139187538076286,6.94567401655397,0.932131604817676
5,JZ,1,V1-L,RT_Upright_pro_R,0.110603987334993,0.351294453189972,0.461898440524965,0.00461896101922365,0.00501020316137622,6.103133376421,0.584766095051424
5,JZ,2,V3-L,RT_Upright_pro_R,0.270579688630773,0.261496257608998,0.532075946239771,0.00537831482127741,0.0058402806166589,6.08322052210758,0.57875974501101
5,JZ,3,STS-L,RT_Upright_pro_R,0.128342726778326,0.0921591562634596,0.220501883041786,0.00331080922965121,0.00360402667296377,6.13557026449413,0.596384453588282
5,JZ,4,IPL-L,RT_Upright_pro_R,0.341561757535333,0.749534596130507,1.09109635366584,0.00812046694068473,0.00876086477422102,6.02987663204531,0.557361355143256
5,JZ,5,SPL-L,RT_Upright_pro_R,0.715418815467658,0.24619706765987,0.961615883127528,0.00806880953022496,0.00873526000387829,6.03081081783097,0.568152023753326
5,JZ,6,AG-L,RT_Upright_pro_R,0.304366554936945,0.248909842481967,0.553276397418912,0.00569684415471169,0.00619794174150089,6.07684281430768,0.580648675545214
5,JZ,7,mIPS-L,RT_Upright_pro_R,0.655657869692285,0.293242009952621,0.948899879644906,0.00812304244734975,0.00876816775067714,6.02838396401877,0.559352012657213
5,JZ,8,VIP-L,RT_Upright_pro_R,0.85079758180711,0.118084950300466,0.968882532107576,0.00675797993888046,0.00731437826503335,6.05137369038882,0.568692019198191
5,JZ,9,SPOC-L,RT_Upright_pro_R,0.453497178732597,0.488664016904074,0.942161195636671,0.00774920653436431,0.00839729051865845,6.02369594227764,0.551250574985841
5,JZ,10,S1-L,RT_Upright_pro_R,0.661431833424749,1.17922213390731,1.84065396733206,0.0105926467583314,0.0113617001228945,5.96732246562372,0.52214429914176
5,JZ,11,M1-L,RT_Upright_pro_R,0.140651582171629,1.41085926529583,1.55151084746746,0.00886360943462352,0.00953368103686899,6.00002568149276,0.547241528152297
5,JZ,12,SMA-L,RT_Upright_pro_R,0.266338485472472,0.342167068311661,0.608505553784133,0.00595196337632577,0.00642697931554816,6.07274831054456,0.579329636400483
5,JZ,13,PMd-L,RT_Upright_pro_R,0.39846953835412,0.447707877770396,0.846177416124516,0.00789115690362005,0.00854996741281482,6.04014533682256,0.570448769139357
5,JZ,14,PMv-L,RT_Upright_pro_R,0.0498294619549175,0.250494031268847,0.300323493223764,0.00354554701820769,0.00384687109695283,6.12796541545093,0.593576883576805
5,JZ,15,FEF-L,RT_Upright_pro_R,0.223813314920009,0.221137721868943,0.444951036788952,0.00510999267400617,0.00555304669649716,6.09114229227555,0.58451366095635
5,JZ,16,POJ-L,RT_Upright_pro_R,0.16175272741851,0.332494056264739,0.494246783683249,0.00526463069822845,0.0056942882987761,6.08926086249275,0.582540648754793
5,JZ,17,V1-R,RT_Upright_pro_R,0.113955983688868,0.205316729855212,0.31927271354408,0.00383848763871627,0.00419482819766794,6.11822933757048,0.589055672052869
5,JZ,18,V3-R,RT_Upright_pro_R,0.262076029019134,0.274948958927592,0.537024987946726,0.00498256114715766,0.00543334482926722,6.08526610487181,0.579726025821777
5,JZ,19,STS-R,RT_Upright_pro_R,0.228331674675093,0.104059020847698,0.33239069552279,0.00386378779809019,0.00423087348053453,6.11751242461283,0.588126550761373
5,JZ,20,IPL-R,RT_Upright_pro_R,0.535659717374409,0.148707353027829,0.684367070402238,0.00631402740417627,0.00690828938335926,6.06660586819035,0.578804757335525
5,JZ,21,SPL-R,RT_Upright_pro_R,0.549614335136293,0.569864112123936,1.11947844726023,0.00927872963306255,0.0100877607639643,5.99364114207131,0.544372921707335
5,JZ,22,AG-R,RT_Upright_pro_R,0.466006677056457,0.253628437413219,0.719635114469676,0.00722587357652768,0.0079186850084988,6.04532666243332,0.579027361894707
5,JZ,23,mIPS-R,RT_Upright_pro_R,0.376596164899486,0.380164071492748,0.756760236392234,0.00640000157205095,0.00695210150281755,6.05122020706921,0.558820134704138
5,JZ,24,VIP-R,RT_Upright_pro_R,0.834026353837335,0.216260751352584,1.05028710518992,0.00796650893457409,0.0086795679064335,6.02678275467338,0.565438860636285
5,JZ,25,SPOC-R,RT_Upright_pro_R,0.544612174708015,0.58531248524905,1.12992465995706,0.00848043162229961,0.00915086774358308,6.00721027175045,0.543886463253693
5,JZ,26,S1-R,RT_Upright_pro_R,0.221364233939947,0.27766351032532,0.499027744265267,0.00527894773428094,0.0057271602471925,6.08548430793574,0.579508739093362
5,JZ,27,M1-R,RT_Upright_pro_R,0.21871902092168,0.322696233555929,0.541415254477609,0.00523391215114886,0.00567345518163159,6.08637630035765,0.578632378352261
5,JZ,28,SMA-R,RT_Upright_pro_R,0.772359109932253,0.181693094094887,0.95405220402714,0.0080751647604917,0.00877059624286686,6.02880079101635,0.569884213768648
5,JZ,29,PMd-R,RT_Upright_pro_R,0.2897851355277,0.429459785654045,0.719244921181745,0.00653717626415536,0.00709169195959946,6.05943014537081,0.570651110853844
5,JZ,30,PMv-R,RT_Upright_pro_R,0.0719351855215905,0.216761405178953,0.288696590700544,0.0035221420031994,0.00382493390228702,6.1287539811294,0.591170585734512
5,JZ,31,FEF-R,RT_Upright_pro_R,0.270041458119808,0.205021516467795,0.475062974587603,0.00466587022466257,0.00506434712816383,6.09593704534682,0.582103238463641
5,JZ,32,POJ-R,RT_Upright_pro_R,0.361700459169026,0.444674847413054,0.80637530658208,0.00714400844823141,0.00775606374518355,6.04360120278011,0.563570562597561
6,LT,1,V1-L,RT_Upright_pro_R,0.115148352104372,0.410063445843788,0.52521179794816,0.0060670450518812,0.00655765431996422,6.48519299647141,0.703657091781882
6,LT,2,V3-L,RT_Upright_pro_R,0.171442036783429,0.462841683320324,0.634283720103753,0.0070175319006826,0.00758710350397295,6.46607714800621,0.701068791423024
6,LT,3,STS-L,RT_Upright_pro_R,0.088345856562669,0.30370358829778,0.392049444860449,0.00441926970707817,0.00476677325490376,6.51505541645903,0.708405122626354
6,LT,4,IPL-L,RT_Upright_pro_R,0.721820485234226,0.611382955614431,1.33320344084866,0.0108204020858829,0.0116002239627737,6.39786084156826,0.673590002450387
6,LT,5,SPL-L,RT_Upright_pro_R,0.766142543141926,0.558462328730535,1.32460487187246,0.0106084400404797,0.0114854424484854,6.38118846295006,0.665083521901059
6,LT,6,AG-L,RT_Upright_pro_R,0.394868973929414,0.340591277668796,0.735460251598211,0.00784788463204897,0.00845129163507449,6.44553255591378,0.688880317133611
6,LT,7,mIPS-L,RT_Upright_pro_R,0.70082027504637,0.565542913074635,1.26636318812101,0.010633766427392,0.0114705634268515,6.38828472629399,0.653736041749953
6,LT,8,VIP-L,RT_Upright_pro_R,0.963167062882899,0.380519127713078,1.34368619059598,0.0104226506629747,0.0111240612909011,6.39405016731795,0.664326220754011
6,LT,9,SPOC-L,RT_Upright_pro_R,0.766856893656494,0.372006623526389,1.13886351718288,0.00881324807848634,0.00952173722295869,6.41409162069118,0.670306436099414
6,LT,10,S1-L,RT_Upright_pro_R,0.935731988861569,0.839560171814594,1.77529216067616,0.0130046560721754,0.0139174261653074,6.35337299792455,0.647118041295
6,LT,11,M1-L,RT_Upright_pro_R,0.356105998400183,0.454237120560033,0.810343118960216,0.00772015423755207,0.00825405600494372,6.45531159506045,0.681559996713721
6,LT,12,SMA-L,RT_Upright_pro_R,0.334167337318128,0.949901552238133,1.28406888955626,0.0098718599250563,0.0106018043673974,6.40903218034411,0.665071980165426
6,LT,13,PMd-L,RT_Upright_pro_R,0.241315974637882,0.433099374660263,0.674415349298145,0.00800916300527666,0.00862996575612953,6.45330072750117,0.699735628886014
6,LT,14,PMv-L,RT_Upright_pro_R,0.0561449997572382,0.457632419345314,0.513777419102552,0.00537960247482295,0.00577688538535551,6.49936077067821,0.701270144649451
6,LT,15,FEF-L,RT_Upright_pro_R,0.723246599123934,0.531517879343693,1.25476447846763,0.0104910288183254,0.0112493456726542,6.39345925909403,0.661041020397693
6,LT,16,POJ-L,RT_Upright_pro_R,0.48601841775679,0.310099003987013,0.796117421743803,0.00616958150251945,0.006622090448876,6.46368359562886,0.677671663790537
6,LT,17,V1-R,RT_Upright_pro_R,0.170528187729562,0.671009171759171,0.841537359488733,0.00736843394187698,0.00798600645114719,6.44760307015834,0.691494695996106
6,LT,18,V3-R,RT_Upright_pro_R,0.236727781462271,0.659205947871276,0.895933729333546,0.00815976220307501,0.00878026945687632,6.44049453951573,0.689252993013664
6,LT,19,STS-R,RT_Upright_pro_R,0.113643232902663,0.305411406804269,0.419054639706932,0.0050991203883436,0.00547783655224622,6.50075369345737,0.707833107602144
6,LT,20,IPL-R,RT_Upright_pro_R,0.874770601874837,0.221731283617775,1.09650188549261,0.00933801072143084,0.010040615390681,6.41943069203756,0.676280774748416
6,LT,21,SPL-R,RT_Upright_pro_R,0.399740906178406,0.569296496984682,0.969037403163088,0.00896228429587839,0.00967817620153379,6.42864739767739,0.677286602474701
6,LT,22,AG-R,RT_Upright_pro_R,0.58544608785542,0.20861615657468,0.7940622444301,0.00823706990571382,0.00887563485474813,6.44142658673102,0.690172735582918
6,LT,23,mIPS-R,RT_Upright_pro_R,0.899534855085306,0.25281799616557,1.15235285125088,0.00981022943376837,0.0105220781090404,6.40459442259152,0.674291390049498
6,LT,24,VIP-R,RT_Upright_pro_R,0.795942851212177,0.266465149990038,1.06240800120221,0.00907921129045928,0.00975310535536692,6.42186637832835,0.675294064714658
6,LT,25,SPOC-R,RT_Upright_pro_R,0.442490255934483,0.53647290898245,0.978963164916933,0.00856194947855216,0.0091786553861428,6.42629285375254,0.67994810111945
6,LT,26,S1-R,RT_Upright_pro_R,0.635957725211095,0.229231282637991,0.865189007849086,0.00864885248892135,0.00929582189238375,6.4372157119994,0.688520784706114
6,LT,27,M1-R,RT_Upright_pro_R,0.281518702170684,0.266729614811675,0.548248316982359,0.00674200928445609,0.00725709384681079,6.47184546432973,0.701503354675247
6,LT,28,SMA-R,RT_Upright_pro_R,0.348438800775339,0.902863314073359,1.2513021148487,0.0108415113807494,0.0116663059973635,6.39194077900343,0.671475715232115
6,LT,29,PMd-R,RT_Upright_pro_R,0.103003792811701,0.554825070482592,0.657828863294293,0.00595331700307346,0.00636680067632151,6.47798473222407,0.695971765822325
6,LT,30,PMv-R,RT_Upright_pro_R,0.141945472667112,0.364380468466316,0.506325941133428,0.00611168726279121,0.00657796443328579,6.48269479345836,0.708481408493994
6,LT,31,FEF-R,RT_Upright_pro_R,0.275372312174922,0.293444767937416,0.568817080112338,0.00649195899545171,0.00697675309696965,6.4759611255603,0.697469245213
6,LT,32,POJ-R,RT_Upright_pro_R,0.393174058007652,0.235916916353095,0.629090974360746,0.00676993278883513,0.00730391769265214,6.46561379420613,0.702781059577739
7,NvA,1,V1-L,RT_Upright_pro_R,0.0689127704985145,0.244708683555909,0.313621454054423,0.00421829979920533,0.00458377371770871,6.20634948967897,0.678819087261995
7,NvA,2,V3-L,RT_Upright_pro_R,0.199163354896265,0.27064915265774,0.469812507554005,0.00546533614279654,0.00592146944764456,6.17577670365816,0.667968091681436
7,NvA,3,STS-L,RT_Upright_pro_R,0.138506231199974,0.277286038765194,0.415792269965168,0.00467863787121248,0.00505400374502931,6.19286413910981,0.674730138247955
7,NvA,4,IPL-L,RT_Upright_pro_R,0.469334062873814,0.595212985654637,1.06454704852845,0.00814186922775361,0.00881777142349481,6.11817453311426,0.648060593179194
7,NvA,5,SPL-L,RT_Upright_pro_R,0.415473684509367,0.471265508256859,0.886739192766226,0.0072697972637553,0.00780612785815182,6.13021949347204,0.647853196523865
7,NvA,6,AG-L,RT_Upright_pro_R,0.523721028913364,0.207815739722089,0.731536768635453,0.00701657569809411,0.00759015495152367,6.14523972777057,0.659959867182174
7,NvA,7,mIPS-L,RT_Upright_pro_R,0.684800376255187,0.183777114502083,0.868577490757269,0.0072126087087171,0.00780037538324054,6.13267070790967,0.648069173318434
7,NvA,8,VIP-L,RT_Upright_pro_R,0.629022216611589,0.379031020137341,1.00805323674893,0.00887114088319676,0.00959066297662392,6.1096602191913,0.645470961580006
7,NvA,9,SPOC-L,RT_Upright_pro_R,0.500899932313724,0.563658067958708,1.06455800027243,0.00823726731657733,0.0088873610602199,6.10928558989563,0.628896617705752
7,NvA,10,S1-L,RT_Upright_pro_R,0.965902562546363,0.35379500274319,1.31969756528955,0.00847109821694854,0.00911370782417444,6.09391351454283,0.630408146569963
7,NvA,11,M1-L,RT_Upright_pro_R,0.153016121621089,0.648564984981246,0.801581106602335,0.00623387667825421,0.00673737585278516,6.15569771862088,0.657883908498651
7,NvA,12,SMA-L,RT_Upright_pro_R,0.200667988932536,0.144405359257339,0.345073348189875,0.00417056829213063,0.00449616451016008,6.20159957043809,0.674774127431899
7,NvA,13,PMd-L,RT_Upright_pro_R,0.188713843179327,0.368769334340407,0.557483177519734,0.00522017994448202,0.00562469519223696,6.17705697350658,0.665477560709536
7,NvA,14,PMv-L,RT_Upright_pro_R,0.0455956079800088,0.302688845868337,0.348284453848346,0.00375240389788123,0.00404254754756508,6.21227946695476,0.67733509476384
7,NvA,15,FEF-L,RT_Upright_pro_R,0.389089360331907,0.153478411708667,0.542567772040574,0.0058102225096954,0.00627100100197711,6.17036410680979,0.67322653950802
7,NvA,16,POJ-L,RT_Upright_pro_R,0.121106882242837,0.495177118666676,0.616284000909513,0.00543544297662954,0.00587167117788301,6.17355472064213,0.655358516573058
7,NvA,17,V1-R,RT_Upright_pro_R,0.168148261569247,0.34835408673616,0.516502348305407,0.00535030387193397,0.0057834693899507,6.18119907006994,0.667388804798388
7,NvA,18,V3-R,RT_Upright_pro_R,0.385273660426876,0.413623366076371,0.798897026503247,0.00704263142522228,0.00762178093559033,6.13887754737564,0.644534639584767
7,NvA,19,STS-R,RT_Upright_pro_R,0.203676252878849,0.21699183377663,0.420668086655479,0.00441120304548051,0.00476635471898593,6.19637951717994,0.669710961121991
7,NvA,20,IPL-R,RT_Upright_pro_R,0.545647457570717,0.526753264741941,1.07240072231266,0.00843730160891257,0.00908886220785816,6.10890332809485,0.641491642067163
7,NvA,21,SPL-R,RT_Upright_pro_R,0.649706797425137,0.501214836819425,1.15092163424456,0.00870751457346821,0.00938412182183672,6.09852972341618,0.621949616058468
7,NvA,22,AG-R,RT_Upright_pro_R,0.433400928072405,0.680316541412613,1.11371746948502,0.00771560537483081,0.00826716641697553,6.10769290623533,0.61804635250037
7,NvA,23,mIPS-R,RT_Upright_pro_R,0.756911271787041,0.399428051090556,1.1563393228776,0.0100778051420803,0.0109624322115759,6.09185506788763,0.644602738423924
7,NvA,24,VIP-R,RT_Upright_pro_R,0.583685500115297,0.594367310405004,1.1780528105203,0.00914230116451922,0.00984048459961333,6.09141220586999,0.635694929927371
7,NvA,25,SPOC-R,RT_Upright_pro_R,0.654878495829839,0.484647577136077,1.13952607296592,0.00935948110800773,0.0101370336586733,6.09604629835849,0.622708818238128
7,NvA,26,S1-R,RT_Upright_pro_R,0.27019858215168,0.405492899304211,0.675691481455891,0.00695395303981015,0.0075066970780121,6.14513213977159,0.654262467857092
7,NvA,27,M1-R,RT_Upright_pro_R,0.56916723925672,0.245441706020714,0.814608945277434,0.00791095675291356,0.00856995516157623,6.12941152435273,0.659377397981205
7,NvA,28,SMA-R,RT_Upright_pro_R,0.369784431152178,0.274564801907768,0.644349233059946,0.0068756251276629,0.00745556279052413,6.14530005252618,0.662820716536727
7,NvA,29,PMd-R,RT_Upright_pro_R,0.141521503892134,0.303054176400737,0.444575680292871,0.00478961663282238,0.00515803083178765,6.19260349720716,0.671659474461408
7,NvA,30,PMv-R,RT_Upright_pro_R,0.0539500308389714,0.328087657826739,0.38203768866571,0.0041970813603634,0.00456548964102918,6.20217631360182,0.678235952192677
7,NvA,31,FEF-R,RT_Upright_pro_R,0.328010504184126,0.536621307066296,0.864631811250422,0.00847299378803771,0.00918106446110179,6.12109538960681,0.654733531619351
7,NvA,32,POJ-R,RT_Upright_pro_R,0.441070208956417,0.329714365515837,0.770784574472254,0.00644955414211856,0.00693189289477197,6.14484355388494,0.636533317287836
8,RR,1,V1-L,RT_Upright_pro_R,0.208645481533591,0.204492681274951,0.413138162808543,0.00475292035002187,0.00521089988505918,6.17335128154143,0.648932666078554
8,RR,2,V3-L,RT_Upright_pro_R,0.172117621523392,0.294837633065633,0.466955254589025,0.00533643092203478,0.00586938661984606,6.16047058703876,0.645738144905646
8,RR,3,STS-L,RT_Upright_pro_R,0.103382023381196,0.180288325594121,0.283670348975317,0.00358112013506685,0.00392448987396608,6.20234355515472,0.658193853610408
8,RR,4,IPL-L,RT_Upright_pro_R,0.355983437310586,0.267928531324497,0.623911968635083,0.00597785968466375,0.00655209912703929,6.14652299192202,0.642463340143229
8,RR,5,SPL-L,RT_Upright_pro_R,0.569407373802849,0.352440055384144,0.921847429186993,0.00756711405485723,0.00828363360024621,6.10826788463257,0.622390833128253
8,RR,6,AG-L,RT_Upright_pro_R,0.533755839311855,0.44333348950107,0.977089328812925,0.00747522580090395,0.0081598629894834,6.10367642140133,0.61340815175176
8,RR,7,mIPS-L,RT_Upright_pro_R,0.49116281951949,0.262078657405448,0.753241476924937,0.00764464541676969,0.00840146449084826,6.118502590983,0.639430087498604
8,RR,8,VIP-L,RT_Upright_pro_R,0.638108592406979,0.175175504519245,0.813284096926225,0.00646049541849825,0.00708156479916447,6.13229294980501,0.633159632579103
8,RR,9,SPOC-L,RT_Upright_pro_R,0.747748883164455,0.397345516897106,1.14509440006156,0.00907994781719579,0.00998756158979292,6.08202377282461,0.61554365876592
8,RR,10,S1-L,RT_Upright_pro_R,0.514752311839357,0.382422322550497,0.897174634389854,0.00758334632723754,0.00828222819602427,6.10750083988264,0.632153315388084
8,RR,11,M1-L,RT_Upright_pro_R,0.396864783993028,0.234158204387218,0.631022988380246,0.00573453650414075,0.0062719898329516,6.15041408421525,0.641577343039436
8,RR,12,SMA-L,RT_Upright_pro_R,0.665525980684395,0.456056067146845,1.12158204783124,0.00913765196859623,0.00999610209125166,6.0768732525045,0.620223598192454
8,RR,13,PMd-L,RT_Upright_pro_R,0.300455589774404,0.677514927207329,0.977970516981733,0.00815031379254088,0.00893796026686675,6.10110428697143,0.628195600442809
8,RR,14,PMv-L,RT_Upright_pro_R,0.0753960831481065,0.481921890302398,0.557317973450504,0.00484554091455274,0.00529418834624955,6.16951974013378,0.647412300949909
8,RR,15,FEF-L,RT_Upright_pro_R,0.431767484510305,0.27977009273965,0.711537577249955,0.00759041025920929,0.00833429214405648,6.12042534280649,0.644370642792075
8,RR,16,POJ-L,RT_Upright_pro_R,0.288565223581183,0.743060381129938,1.03162560471112,0.00723011484159756,0.00791119619583053,6.10855043037995,0.623048175358059
8,RR,17,V1-R,RT_Upright_pro_R,0.277324172349171,0.334605157672919,0.61192933002209,0.0065137417253587,0.00711992901729464,6.14046481348156,0.642841325354578
8,RR,18,V3-R,RT_Upright_pro_R,0.34616289188352,0.39115649903567,0.73731939091919,0.00662630445131122,0.00726552408041021,6.12820992920509,0.63248628413313
8,RR,19,STS-R,RT_Upright_pro_R,0.108195386134923,0.206262470790534,0.314457856925457,0.00473068301166861,0.00521025507376491,6.18045071776884,0.663441555224735
8,RR,20,IPL-R,RT_Upright_pro_R,0.37049262649345,0.256742478769548,0.627235105262998,0.00572212908968407,0.00626483239348349,6.146276796133,0.639763098411185
8,RR,21,SPL-R,RT_Upright_pro_R,0.409407564708962,0.350140693388559,0.759548258097521,0.00636923844921663,0.0069601641215308,6.13205161965796,0.631433898535283
8,RR,22,AG-R,RT_Upright_pro_R,0.216623118392853,0.596928877407244,0.813551995800097,0.00613744955284822,0.00670711129094009,6.13395008261714,0.627108174385207
8,RR,23,mIPS-R,RT_Upright_pro_R,0.283915593571747,0.447609384260587,0.731524977832334,0.00706711535491607,0.00776193604552535,6.12548581525526,0.629847354507297
8,RR,24,VIP-R,RT_Upright_pro_R,0.500677249175734,0.316111545728323,0.816788794904058,0.00674532683456086,0.00737693444218291,6.12460366905708,0.63100959588357
8,RR,25,SPOC-R,RT_Upright_pro_R,0.506369678716012,0.603954057762139,1.11032373647815,0.00874449465503998,0.00957237369676907,6.081616677247,0.611945045871355
8,RR,26,S1-R,RT_Upright_pro_R,0.54926345808177,0.302361857701726,0.851625315783497,0.00772255990724986,0.00845422053505428,6.11216950096197,0.62881484203613
8,RR,27,M1-R,RT_Upright_pro_R,0.276817791907244,0.532836725370189,0.809654517277433,0.00749091536154687,0.00818089609648405,6.11648111609341,0.629572347761059
8,RR,28,SMA-R,RT_Upright_pro_R,0.45316550240979,0.515386968675336,0.968552471085127,0.00819664217038224,0.00893554952089633,6.09837850498797,0.626521527711172
8,RR,29,PMd-R,RT_Upright_pro_R,0.271494858527656,0.29618065619063,0.567675514718286,0.00491313690767909,0.00535460023056071,6.16557161009351,0.634546637423109
8,RR,30,PMv-R,RT_Upright_pro_R,0.0764747165675247,0.166071577371776,0.242546293939301,0.00338079842926,0.00368361157104852,6.20911177505624,0.661844692049359
8,RR,31,FEF-R,RT_Upright_pro_R,0.389622379571145,0.185073246937564,0.574695626508709,0.00532002553659693,0.0058102980418575,6.15413479195654,0.64378890736705
8,RR,32,POJ-R,RT_Upright_pro_R,0.279877501219253,0.475277541703096,0.75515504292235,0.00609802771715386,0.00664399306714621,6.13665211816918,0.632411678005232
9,SJB,1,V1-L,RT_Upright_pro_R,0.227135211454989,0.397421028863066,0.624556240318055,0.00634255555577772,0.00686134774050055,6.64107401566886,0.815697436934735
9,SJB,2,V3-L,RT_Upright_pro_R,0.309519417741535,0.594669562657784,0.904188980399319,0.00834235572783548,0.00904737457107123,6.60289105583819,0.803686656004395
9,SJB,3,STS-L,RT_Upright_pro_R,0.162965529627775,0.400729876676163,0.563695406303938,0.00600830212329165,0.00660125539324661,6.64605857036857,0.82303333681467
9,SJB,4,IPL-L,RT_Upright_pro_R,0.667926941498724,0.443142174950872,1.1110691164496,0.0100558819889103,0.0109811355012304,6.57024315006842,0.797675128376452
9,SJB,5,SPL-L,RT_Upright_pro_R,0.938929776510045,0.578908643488047,1.51783841999809,0.0120912363757282,0.013164742495397,6.5359631001837,0.773142710781771
9,SJB,6,AG-L,RT_Upright_pro_R,0.627109584198659,0.773576336282251,1.40068592048091,0.011979600186871,0.0130787766111732,6.53234134276565,0.780112771878113
9,SJB,7,mIPS-L,RT_Upright_pro_R,0.652815157854719,0.452254765982563,1.10506992383728,0.00983138240496571,0.0107062198354477,6.57894115038981,0.79867572498287
9,SJB,8,VIP-L,RT_Upright_pro_R,0.774065756627456,0.33270080461711,1.10676656124457,0.0105025078842767,0.0114848171460194,6.571991985498,0.798094559347562
9,SJB,9,SPOC-L,RT_Upright_pro_R,0.577134683165473,0.779970567630778,1.35710525079625,0.0124626626630312,0.0136051495697493,6.54033214422843,0.792273414855038
9,SJB,10,S1-L,RT_Upright_pro_R,0.79785008140352,0.686847928702281,1.4846980101058,0.0114769440207311,0.0125042031739728,6.53886134113883,0.770762181806815
9,SJB,11,M1-L,RT_Upright_pro_R,0.607196269212953,0.591509167723641,1.19870543693659,0.00942075781082084,0.0102509185164082,6.56971771334339,0.788335517230907
9,SJB,12,SMA-L,RT_Upright_pro_R,0.794376333022007,0.274218491791855,1.06859482481386,0.0104726028478082,0.011517275179032,6.57133015411237,0.810097747866104
9,SJB,13,PMd-L,RT_Upright_pro_R,0.378448200659766,0.396729496579393,0.775177697239159,0.00721749647883397,0.00782803969716396,6.62149778272114,0.812771193940658
9,SJB,14,PMv-L,RT_Upright_pro_R,0.0943032672379169,0.402245586864981,0.496548854102898,0.00574528656502611,0.00628820318127351,6.65413971695103,0.830414985351731
9,SJB,15,FEF-L,RT_Upright_pro_R,0.341037893007711,0.555106076237852,0.896143969245563,0.00799599777452275,0.00872101407951712,6.60961046048426,0.810070019183676
9,SJB,16,POJ-L,RT_Upright_pro_R,0.453850897283263,0.778188304879845,1.23203920216311,0.0110115346134958,0.0120106169886431,6.55884812093526,0.791056404799373
9,SJB,17,V1-R,RT_Upright_pro_R,0.509706645705121,0.265465624184751,0.775172269889872,0.00791575263078386,0.00865491521042908,6.61579528143022,0.818568682249899
9,SJB,18,V3-R,RT_Upright_pro_R,0.510346879104285,0.438607112998338,0.948953992102624,0.00911137753356426,0.00992563651412808,6.59050226689963,0.801137257562462
9,SJB,19,STS-R,RT_Upright_pro_R,0.128762951891861,0.320370091163299,0.44913304305516,0.00571995038655644,0.00627128589272219,6.6562722483869,0.836806832426564
9,SJB,20,IPL-R,RT_Upright_pro_R,0.536716944139515,0.226421219479884,0.763138163619399,0.0072202537077868,0.0079434656447655,6.62098926180338,0.815744085684454
9,SJB,21,SPL-R,RT_Upright_pro_R,0.435856079892962,0.604911570018599,1.04076764991156,0.0100014309094739,0.0109467782753008,6.5812942114142,0.804460423602315
9,SJB,22,AG-R,RT_Upright_pro_R,0.589474581440611,0.633671683234443,1.22314626467505,0.00968956100909061,0.0105693430600704,6.56221926994221,0.789517180743201
9,SJB,23,mIPS-R,RT_Upright_pro_R,0.408097702689651,0.427419643128302,0.835517345817953,0.00787618544872341,0.00859803795708649,6.60546959915597,0.79747757456884
9,SJB,24,VIP-R,RT_Upright_pro_R,0.693410004419765,0.279844571540678,0.973254575960442,0.00775025003640792,0.00844566899411088,6.60513692546904,0.799414523662758
9,SJB,25,SPOC-R,RT_Upright_pro_R,0.900374148587303,0.629971654030225,1.53034580261753,0.0114630874149442,0.0125287496521847,6.53111812530663,0.765253394352963
9,SJB,26,S1-R,RT_Upright_pro_R,0.571285401566912,0.627976199467623,1.19926160103453,0.00895141717252313,0.00980261016213244,6.5782225163313,0.794844442420046
9,SJB,27,M1-R,RT_Upright_pro_R,0.211725585294571,0.78770870795803,0.999434293252601,0.00737620105552984,0.008065482940513,6.60275281077341,0.807734497490282
9,SJB,28,SMA-R,RT_Upright_pro_R,0.727722834162884,0.315712992723378,1.04343582688626,0.00995396743786493,0.0108959425238093,6.57115587881054,0.805160910320918
9,SJB,29,PMd-R,RT_Upright_pro_R,0.288416827436796,0.338401919593099,0.626818747029895,0.00708828864167295,0.00775828055885678,6.62865474365549,0.824912398927296
9,SJB,30,PMv-R,RT_Upright_pro_R,0.0638426758570505,0.32268238199931,0.386525057856361,0.00451855583593746,0.00494971471960388,6.676122631012,0.835993521591007
9,SJB,31,FEF-R,RT_Upright_pro_R,0.181916289938126,0.418035208034447,0.599951497972572,0.00633371618337971,0.00693022756535299,6.63979054535633,0.826323684329265
9,SJB,32,POJ-R,RT_Upright_pro_R,0.503113212582024,0.590014371733065,1.09312758431509,0.00967815053352098,0.0105631047425765,6.58023114458063,0.796924825345622
10,BG,1,V1-L,RT_Upright_pro_R,0.12110336865754,0.20561917474786,0.3267225434054,0.00367141818506717,0.00403759125308125,6.00648676073446,0.538118010560155
10,BG,2,V3-L,RT_Upright_pro_R,0.139772273030011,0.252884144960405,0.392656417990417,0.00452282176433316,0.00497294559791021,5.98766545270082,0.538948828048785
10,BG,3,STS-L,RT_Upright_pro_R,0.0785887113084922,0.403805307412381,0.482394018720874,0.00424426564140066,0.00465573734708509,5.98958802899837,0.533543632475856
10,BG,4,IPL-L,RT_Upright_pro_R,0.165145643096618,0.241621286308333,0.406766929404951,0.00433862723509224,0.00474008121620261,5.99010621497477,0.537907896354663
10,BG,5,SPL-L,RT_Upright_pro_R,0.459967462452731,0.188474826620486,0.648442289073216,0.0061565306063898,0.00676288347675873,5.94977293887253,0.527035883816215
10,BG,6,AG-L,RT_Upright_pro_R,0.501397990366042,0.301964325952641,0.803362316318683,0.0074929587213105,0.00825661898938594,5.92161784145499,0.516403641576776
10,BG,7,mIPS-L,RT_Upright_pro_R,0.203385261133814,0.309176836389416,0.512562097523231,0.00457388708819248,0.00499207507825099,5.97583874577618,0.529999807919032
10,BG,8,VIP-L,RT_Upright_pro_R,0.346917804321766,0.39364106336003,0.740558867681796,0.00677568324367685,0.00745300211176676,5.93718338763908,0.524172103941075
10,BG,9,SPOC-L,RT_Upright_pro_R,0.447601327095192,0.19573695385989,0.643338280955082,0.00639551550668076,0.00703897604279155,5.94152894844572,0.525629263282341
10,BG,10,S1-L,RT_Upright_pro_R,0.777632110219213,0.214055196333009,0.991687306552222,0.00729928235464493,0.00795015917800329,5.9180928615404,0.513828596203716
10,BG,11,M1-L,RT_Upright_pro_R,0.423912671298175,0.325782967646366,0.74969563894454,0.00648449059129576,0.00707536314983126,5.9442197000458,0.524858044693808
10,BG,12,SMA-L,RT_Upright_pro_R,0.240492780645326,0.31079339588113,0.551286176526456,0.00528252411237863,0.00576028645845923,5.96586895266966,0.532742408383947
10,BG,13,PMd-L,RT_Upright_pro_R,0.109124667033218,0.469326711507513,0.578451378540731,0.00522320734118798,0.00572040435972578,5.97125395915455,0.535252835805364
10,BG,14,PMv-L,RT_Upright_pro_R,0.101669389038493,0.161414022034307,0.2630834110728,0.0033111782930537,0.00362830272999382,6.01732487194591,0.54339687536481
10,BG,15,FEF-L,RT_Upright_pro_R,0.258422169828425,0.284809038337514,0.543231208165939,0.00534509631090441,0.00586826204241026,5.96425381623704,0.532981168066352
10,BG,16,POJ-L,RT_Upright_pro_R,0.163060565269751,0.227416085592116,0.390476650861867,0.00416222209764981,0.00458444340399234,5.99345446708383,0.541115580937652
10,BG,17,V1-R,RT_Upright_pro_R,0.0795602599363131,0.363036427896966,0.442596687833279,0.00412075773059482,0.00452381472056428,5.99232916932901,0.53490457415369
10,BG,18,V3-R,RT_Upright_pro_R,0.173742166626269,0.171667670647318,0.345409837273587,0.00390317720322077,0.00430378906319327,6.00084437388544,0.538078699227231
10,BG,19,STS-R,RT_Upright_pro_R,0.175247723719731,0.270938297926439,0.44618602164617,0.00450908867533426,0.00492333727333962,5.985934966496,0.536476639919499
10,BG,20,IPL-R,RT_Upright_pro_R,0.568996184419708,0.453159097304354,1.02215528172406,0.00792932848567313,0.00872371260015519,5.90946850138618,0.512410101090191
10,BG,21,SPL-R,RT_Upright_pro_R,0.670319811736604,0.369504160255823,1.03982397199243,0.00840445373117774,0.00919726028671016,5.90101619496267,0.513197727651415
10,BG,22,AG-R,RT_Upright_pro_R,0.440125661729482,0.337049250076378,0.77717491180586,0.00660183437129059,0.00724782382595234,5.9360920185286,0.520949500165801
10,BG,23,mIPS-R,RT_Upright_pro_R,0.546574962935548,0.316263522097695,0.862838485033244,0.00723872266968468,0.00791560625812334,5.9229327146024,0.515987317538691
10,BG,24,VIP-R,RT_Upright_pro_R,0.506286637399843,0.595794225028519,1.10208086242836,0.00825671046537894,0.00906157121417074,5.90408333131201,0.50621860751308
10,BG,25,SPOC-R,RT_Upright_pro_R,0.532141353533913,0.304587091683038,0.836728445216951,0.00710824834466895,0.00776718137887523,5.92566664944156,0.512220919108451
10,BG,26,S1-R,RT_Upright_pro_R,0.1981418097928,0.460877904530361,0.659019714323161,0.00662891557854978,0.00728137526462495,5.94571515511676,0.532983933088753
10,BG,27,M1-R,RT_Upright_pro_R,0.395474433565336,0.678764612465439,1.07423904603077,0.00786598326714665,0.00860866752085136,5.902530642138,0.506581294330427
10,BG,28,SMA-R,RT_Upright_pro_R,0.393819808469914,0.400327470978044,0.794147279447957,0.00699643867684526,0.0076383848162341,5.93073453360956,0.521151976887107
10,BG,29,PMd-R,RT_Upright_pro_R,0.133544239902336,0.462258206715058,0.595802446617394,0.00454083521342789,0.00497144855456588,5.97915407358545,0.524530260426669
10,BG,30,PMv-R,RT_Upright_pro_R,0.0780423934827033,0.354510316048825,0.432552709531528,0.00440584779778552,0.00484576067256532,5.98821375835939,0.538832269416635
10,BG,31,FEF-R,RT_Upright_pro_R,0.59556869033278,0.175214181728823,0.770782872061603,0.00596825810410197,0.00658074802497624,5.94579833557956,0.521156328805165
10,BG,32,POJ-R,RT_Upright_pro_R,0.51329170554442,0.338598265596032,0.851889971140452,0.00695590360749143,0.00764060673541533,5.93051996462137,0.514707766333114
1,DOC,1,V1-L,RT_Upright_anti_L,0.128338741929031,0.317337917582386,0.445676659511417,0.00458487491953119,0.00492619402967825,6.22501432528376,0.598704499415179
1,DOC,2,V3-L,RT_Upright_anti_L,0.180728238014311,0.146612471132719,0.327340709147031,0.00444248393206748,0.0047993969569083,6.23004892562684,0.600858806037048
1,DOC,3,STS-L,RT_Upright_anti_L,0.0480860247876301,0.13870320811614,0.18678923290377,0.00300684439146601,0.00322177155690217,6.26558560158648,0.610389522096246
1,DOC,4,IPL-L,RT_Upright_anti_L,0.512128580956504,0.638376030519658,1.15050461147616,0.00863488807062294,0.00924548027829514,6.14000235937322,0.568200783905522
1,DOC,5,SPL-L,RT_Upright_anti_L,0.500747851521986,0.303188510719196,0.803936362241181,0.00775823853683374,0.00830665482062649,6.1613038300055,0.579401648442441
1,DOC,6,AG-L,RT_Upright_anti_L,0.467276191908375,0.158186438115328,0.625462630023703,0.00646103868039143,0.00690858692989899,6.18772104728989,0.589444542237171
1,DOC,7,mIPS-L,RT_Upright_anti_L,0.774643848481395,0.269463707923252,1.04410755640465,0.00912798862838392,0.00977336069856745,6.1388438038942,0.56737512254731
1,DOC,8,VIP-L,RT_Upright_anti_L,0.944917855996372,0.404854010973985,1.34977186697036,0.00978060125057191,0.0104834503209109,6.11108968217451,0.558655320472139
1,DOC,9,SPOC-L,RT_Upright_anti_L,0.457850997694929,0.356347172355427,0.814198170050355,0.00739703889111569,0.00792083657622722,6.16422823642647,0.577435023747438
1,DOC,10,S1-L,RT_Upright_anti_L,0.728865017940907,0.602649058864065,1.33151407680497,0.00882428132128848,0.00939448494274782,6.12307344721711,0.551014849038615
1,DOC,11,M1-L,RT_Upright_anti_L,0.26328254269233,0.612530842706049,0.875813385398379,0.00712326856025967,0.00759629555122174,6.16755244903705,0.582364775156184
1,DOC,12,SMA-L,RT_Upright_anti_L,0.353986873631852,0.418516781868728,0.77250365550058,0.0078098923920353,0.00839260054171663,6.15948470217495,0.580378685853955
1,DOC,13,PMd-L,RT_Upright_anti_L,0.166746899042301,0.323692285072178,0.490439184114479,0.00570338432955625,0.00607640544962982,6.20494211262253,0.593892958635467
1,DOC,14,PMv-L,RT_Upright_anti_L,0.0812214716242054,0.313330009347318,0.394551480971524,0.00449203720108509,0.0048275146910249,6.22814180338218,0.597116265833773
1,DOC,15,FEF-L,RT_Upright_anti_L,0.284160072655,0.28397724241492,0.56813731506992,0.00632593158224475,0.00676188766628642,6.19265430643857,0.594555824525228
1,DOC,16,POJ-L,RT_Upright_anti_L,0.223909855467215,0.332084889854995,0.55599474532221,0.00551782232099754,0.00590063652507933,6.19615672149186,0.584138134984204
1,DOC,17,V1-R,RT_Upright_anti_L,0.109213676468019,0.236571636522185,0.345785312990204,0.00421802512990685,0.00455393554767459,6.23325408302151,0.601694466143865
1,DOC,18,V3-R,RT_Upright_anti_L,0.207409386878457,0.368732647006082,0.576142033884539,0.00559513904960825,0.00600042994445809,6.19962098347507,0.588973185374682
1,DOC,19,STS-R,RT_Upright_anti_L,0.167280387088961,0.360698665450634,0.527979052539595,0.0051019885646722,0.00548867239153199,6.21324863641319,0.592184303586198
1,DOC,20,IPL-R,RT_Upright_anti_L,0.472802328339559,0.132641969489541,0.6054442978291,0.00570811697786292,0.00611595970417094,6.19983363024265,0.590740381424014
1,DOC,21,SPL-R,RT_Upright_anti_L,0.364461136445126,0.428165310720388,0.792626447165513,0.00706065808971804,0.00756950839741953,6.17117823966869,0.582662378618882
1,DOC,22,AG-R,RT_Upright_anti_L,0.553570712741624,0.292004221351403,0.845574934093027,0.00799187817708706,0.00857955042123212,6.15618452944384,0.585189511155495
1,DOC,23,mIPS-R,RT_Upright_anti_L,0.858368489384941,0.390443640764837,1.24881213014978,0.00997341365569551,0.0107114905125689,6.11340947286896,0.56566246673134
1,DOC,24,VIP-R,RT_Upright_anti_L,0.437462902890453,0.269154098572607,0.70661700146306,0.00620906178000025,0.00665183296743144,6.18545479197843,0.5824539201422
1,DOC,25,SPOC-R,RT_Upright_anti_L,0.536986388158056,0.447684736973964,0.98467112513202,0.00815301777870792,0.00873248932601028,6.144067301118,0.569103177605019
1,DOC,26,S1-R,RT_Upright_anti_L,0.363027430453422,0.294565391253205,0.657592821706627,0.00698413263839331,0.00751253976594685,6.18076369493541,0.589935485931494
1,DOC,27,M1-R,RT_Upright_anti_L,0.515655304838301,0.285098727251804,0.800754032090105,0.00702008236617476,0.00751243488426264,6.17391554712754,0.580674833492061
1,DOC,28,SMA-R,RT_Upright_anti_L,0.48586952380555,0.296711312808566,0.782580836614116,0.00816427522507383,0.00876794371061169,6.15768150380615,0.585262021771734
1,DOC,29,PMd-R,RT_Upright_anti_L,0.227969646096035,0.87643519964947,1.1044048457455,0.0082494804959998,0.00881458105586771,6.14985023800727,0.573899546253576
1,DOC,30,PMv-R,RT_Upright_anti_L,0.0568617933662858,0.842815021023051,0.899676814389337,0.00677548824396025,0.00725979019843946,6.17854358171651,0.585122318387594
1,DOC,31,FEF-R,RT_Upright_anti_L,0.389335520984972,1.05218845947857,1.44152398046355,0.0101563165198319,0.010876506342773,6.11301723053265,0.560419636589636
1,DOC,32,POJ-R,RT_Upright_anti_L,0.673198131493216,0.342602207894666,1.01580033938788,0.00899079598796821,0.00965243504795179,6.13776435459642,0.579634689157926
2,GB,1,V1-L,RT_Upright_anti_L,0.157542791114957,0.351540972645749,0.509083763760706,0.00505927677329708,0.00555157469030784,6.09932998809023,0.606827936875676
2,GB,2,V3-L,RT_Upright_anti_L,0.468584205229337,0.192074576737311,0.660658781966648,0.00602206765499741,0.00655421469920645,6.07469463493765,0.597033297035189
2,GB,3,STS-L,RT_Upright_anti_L,0.180824647173339,0.291190825646579,0.472015472819918,0.0049453070264404,0.0053760408401221,6.10253552827943,0.607244192948796
2,GB,4,IPL-L,RT_Upright_anti_L,0.393113249666824,0.394063107587242,0.787176357254065,0.00708094150871528,0.00770943593948548,6.05803070897408,0.584571711049495
2,GB,5,SPL-L,RT_Upright_anti_L,0.563570728164961,0.455101562979871,1.01867229114483,0.00891759529085814,0.00974548601291898,6.02421347237107,0.581950076944102
2,GB,6,AG-L,RT_Upright_anti_L,0.307368353947434,0.441113815028295,0.748482168975729,0.00754516129603451,0.00826665766221757,6.05243439534931,0.598410934345858
2,GB,7,mIPS-L,RT_Upright_anti_L,0.6768533982468,0.375809977172547,1.05266337541935,0.00907983499624083,0.00992007038715777,6.01975371264018,0.578259826357381
2,GB,8,VIP-L,RT_Upright_anti_L,0.496028358099206,0.532864605017716,1.02889296311692,0.00840703239206971,0.00914792886037548,6.02843125024011,0.575546511545603
2,GB,9,SPOC-L,RT_Upright_anti_L,0.725258682592572,0.43095545496397,1.15621413755654,0.00969353438924295,0.0105985807838443,6.00740973491041,0.574491143901756
2,GB,10,S1-L,RT_Upright_anti_L,0.211119896272234,0.352634950653171,0.563754846925404,0.00547001473817866,0.00596465386753816,6.09046489487491,0.598025687707928
2,GB,11,M1-L,RT_Upright_anti_L,0.253788949535427,0.458652161178069,0.712441110713496,0.00683978907040016,0.00743382002584655,6.0644399373656,0.595837719987958
2,GB,12,SMA-L,RT_Upright_anti_L,0.601861360229775,0.310447876571256,0.912309236801031,0.00764416457195198,0.00838510125367097,6.034195992103,0.579568920424041
2,GB,13,PMd-L,RT_Upright_anti_L,0.165525185361581,0.443999664309966,0.609524849671546,0.00566702153957992,0.00619496521109678,6.08694064220109,0.600581338092072
2,GB,14,PMv-L,RT_Upright_anti_L,0.0590345833513933,0.333632344588296,0.39266692793969,0.00410091207977591,0.00448351266082429,6.122378753216,0.614200272846208
2,GB,15,FEF-L,RT_Upright_anti_L,0.207668719682933,0.287726822631573,0.495395542314506,0.00464732306151407,0.0050347744426179,6.10732592671587,0.605106795221855
2,GB,16,POJ-L,RT_Upright_anti_L,0.388720797318449,0.617175801178934,1.00589659849738,0.0085092672287074,0.00926021298936114,6.03296675764134,0.58355706177885
2,GB,17,V1-R,RT_Upright_anti_L,0.228656069399722,0.176777328001045,0.405433397400766,0.00395467689545208,0.00431933383644951,6.11972540005959,0.60977680117898
2,GB,18,V3-R,RT_Upright_anti_L,0.251456569509645,0.153626036006517,0.405082605516162,0.00427834588086252,0.00470633479268485,6.11459531010684,0.607563114070826
2,GB,19,STS-R,RT_Upright_anti_L,0.264978531244914,0.114710432685525,0.379688963930439,0.00406831669183056,0.00447075411953345,6.11560115686164,0.606685948114025
2,GB,20,IPL-R,RT_Upright_anti_L,0.409121192305135,0.62196074430586,1.03108193661099,0.00860709899038927,0.00934236006392615,6.01071536870531,0.569172037793239
2,GB,21,SPL-R,RT_Upright_anti_L,0.376227278956773,0.187880601679426,0.564107880636199,0.00592244549570085,0.00648304446542586,6.0847989890239,0.604604100510851
2,GB,22,AG-R,RT_Upright_anti_L,0.256030300762031,0.312776227439657,0.568806528201688,0.00528335792855317,0.00584685311046063,6.08923068774526,0.604047944652267
2,GB,23,mIPS-R,RT_Upright_anti_L,0.488274242671912,0.24963126359524,0.737905506267153,0.00715804725829186,0.0078959116532671,6.05340148217723,0.597801908611258
2,GB,24,VIP-R,RT_Upright_anti_L,0.38640052528677,0.392927127752231,0.779327653039001,0.00716759222322079,0.00787272720974124,6.05434961225035,0.592818600334029
2,GB,25,SPOC-R,RT_Upright_anti_L,0.539138768015082,0.379125908063906,0.918264676078988,0.00787023706195319,0.00859463024943854,6.03890552437939,0.582236548020279
2,GB,26,S1-R,RT_Upright_anti_L,0.528110381119365,0.253525386439256,0.781635767558621,0.00792922075253794,0.00869199953448402,6.04726971427827,0.601057148022865
2,GB,27,M1-R,RT_Upright_anti_L,0.198759280235579,0.352236499975829,0.550995780211408,0.00560248340465226,0.00617027262846665,6.08777998410718,0.604298921723341
2,GB,28,SMA-R,RT_Upright_anti_L,0.442979858270426,0.424721466728584,0.867701324999009,0.00746393921166016,0.00822576055373168,6.03851610196416,0.589584911685447
2,GB,29,PMd-R,RT_Upright_anti_L,0.355585312797269,0.273377503755997,0.628962816553265,0.00580437072314578,0.00635953306157806,6.07566351301154,0.595195718906486
2,GB,30,PMv-R,RT_Upright_anti_L,0.0573981564867451,0.20035271421908,0.257750870705825,0.00306770661171469,0.00339241549304521,6.14631442747721,0.620528503636558
2,GB,31,FEF-R,RT_Upright_anti_L,0.16853941292615,0.331694327312868,0.500233740239018,0.00483158906355699,0.00528043795805537,6.09858378304284,0.600939625392999
2,GB,32,POJ-R,RT_Upright_anti_L,0.31007208590503,0.424283785028207,0.734355870933237,0.00633814543156524,0.00694931211114134,6.06026428460372,0.592799387430404
3,JDC,1,V1-L,RT_Upright_anti_L,0.187297545861438,0.467839758553605,0.655137304415043,0.00660091692428144,0.00715808113151355,6.53665508478715,0.757707707866616
3,JDC,2,V3-L,RT_Upright_anti_L,0.290336353019676,0.396632365252161,0.686968718271837,0.00655500007773971,0.00705108559479441,6.53273839617802,0.748644798098555
3,JDC,3,STS-L,RT_Upright_anti_L,0.164399428656007,0.347957905169303,0.512357333825309,0.00585380770841857,0.00631499394938058,6.55749603982148,0.762654671153305
3,JDC,4,IPL-L,RT_Upright_anti_L,0.612566158900469,0.346067446562644,0.958633605463113,0.00910967034213794,0.00979373535760835,6.49495543460136,0.746460347895305
3,JDC,5,SPL-L,RT_Upright_anti_L,0.903150560052424,0.493171536958852,1.39632209701128,0.0127986102849621,0.0137824057442963,6.44245389669669,0.725425334840348
3,JDC,6,AG-L,RT_Upright_anti_L,0.570412648007437,0.866149833697028,1.43656248170447,0.0122772092099112,0.0132094571339086,6.43280486091365,0.709970877954647
3,JDC,7,mIPS-L,RT_Upright_anti_L,0.717261853881361,0.475651059202701,1.19291291308406,0.0119735238550479,0.0129354228145216,6.45825520206218,0.744362162193656
3,JDC,8,VIP-L,RT_Upright_anti_L,0.816524036569156,0.344122213582205,1.16064625015136,0.0103203225841455,0.011102040049995,6.47731248676786,0.739701235489388
3,JDC,9,SPOC-L,RT_Upright_anti_L,0.573989040127726,0.665715494399563,1.23970453452729,0.0112058780311136,0.0120379903895827,6.45587254264617,0.727562256080814
3,JDC,10,S1-L,RT_Upright_anti_L,0.654174052982511,0.399366243648364,1.05354029663087,0.0094135583624868,0.0101164858396463,6.49507448845847,0.739096661283912
3,JDC,11,M1-L,RT_Upright_anti_L,0.600005242335615,0.549239572709366,1.14924481504498,0.00975003643576888,0.0105230796737571,6.48219854856379,0.735583406753527
3,JDC,12,SMA-L,RT_Upright_anti_L,0.618393739217444,0.664827009916528,1.28322074913397,0.0111661292231875,0.0119817262371926,6.4634486497142,0.718911186343878
3,JDC,13,PMd-L,RT_Upright_anti_L,0.232394441464406,0.768053713297381,1.00044815476179,0.00828123090565863,0.00890956688905874,6.50570600741117,0.740682392034369
3,JDC,14,PMv-L,RT_Upright_anti_L,0.0634567510546538,0.370578881696698,0.434035632751352,0.00508041143387961,0.00547278329367862,6.57747524209411,0.770875734677582
3,JDC,15,FEF-L,RT_Upright_anti_L,0.373227300597662,0.29529699098692,0.668524291584582,0.00771569415293533,0.00834382905037524,6.52901401856311,0.759303415982209
3,JDC,16,POJ-L,RT_Upright_anti_L,0.387098669634037,0.349987620145512,0.737086289779549,0.00771605550300048,0.00831963063343063,6.51396917864033,0.749769094090286
3,JDC,17,V1-R,RT_Upright_anti_L,0.154028289713213,0.292646339996469,0.446674629709682,0.00569805866740826,0.00613060363983373,6.56551527617852,0.770189338430207
3,JDC,18,V3-R,RT_Upright_anti_L,0.143525169864198,0.429080690593734,0.572605860457931,0.00606148527666345,0.00651771480478179,6.55370078624607,0.763655655601805
3,JDC,19,STS-R,RT_Upright_anti_L,0.0956327500000369,0.510690628399335,0.606323378399372,0.00647108749127199,0.00697929873487332,6.54829436535733,0.764935889539743
3,JDC,20,IPL-R,RT_Upright_anti_L,0.810676754402372,0.417192298249335,1.22786905265171,0.00974175133889869,0.0105277474693802,6.47493943307222,0.732154056478882
3,JDC,21,SPL-R,RT_Upright_anti_L,0.435507080520592,0.621302665370838,1.05680974589143,0.00917026021466678,0.00988285081881483,6.49172481596779,0.742075402496224
3,JDC,22,AG-R,RT_Upright_anti_L,0.573708403148517,0.614853500212462,1.18856190336098,0.0104934549260576,0.0113407498703124,6.47259116427837,0.734307648366614
3,JDC,23,mIPS-R,RT_Upright_anti_L,0.787749449677457,0.48706506428989,1.27481451396735,0.0111838961276832,0.0120965908515715,6.46005586561701,0.735121228347583
3,JDC,24,VIP-R,RT_Upright_anti_L,0.726426920421404,0.468901519734883,1.19532844015629,0.00979429276452767,0.0105496220387039,6.47324986942307,0.733340949540897
3,JDC,25,SPOC-R,RT_Upright_anti_L,0.385017488483388,0.405867522363461,0.790885010846849,0.00869006525213317,0.00938985237079155,6.50869751005553,0.755107659091274
3,JDC,26,S1-R,RT_Upright_anti_L,0.518876855346731,0.324596266926799,0.843473122273531,0.00884948159463037,0.00956162562335098,6.5039464783107,0.753539889000168
3,JDC,27,M1-R,RT_Upright_anti_L,0.594958031991899,0.265945931020263,0.860903963012162,0.00875280169288619,0.00942483088726961,6.50739328041929,0.748566099711631
3,JDC,28,SMA-R,RT_Upright_anti_L,0.455034675033233,0.819600845693216,1.27463552072645,0.010560280099997,0.0113723249284927,6.46525621840965,0.734650240259979
3,JDC,29,PMd-R,RT_Upright_anti_L,0.347902475090741,0.478046557627023,0.825949032717764,0.00930625920303967,0.0099941832730415,6.50478543559636,0.753931784754645
3,JDC,30,PMv-R,RT_Upright_anti_L,0.0837623819606326,0.293193803900589,0.376956185861221,0.00444877282282676,0.00477760321626905,6.58692276815636,0.774269250834795
3,JDC,31,FEF-R,RT_Upright_anti_L,0.336964230447166,0.173245297432088,0.510209527879254,0.00629891312883374,0.00679521063870918,6.55244378986954,0.767321290378711
3,JDC,32,POJ-R,RT_Upright_anti_L,0.524080439591375,0.335652640465763,0.859733080057138,0.00850261035520085,0.00912069674090951,6.50637752928613,0.742058456353395
4,JFXD,1,V1-L,RT_Upright_anti_L,0.185276950965737,0.531394253284318,0.716671204250055,0.00804483643583546,0.00845126608000118,6.94654826447036,0.837182013929316
4,JFXD,2,V3-L,RT_Upright_anti_L,0.344014796093634,0.816100546459526,1.16011534255316,0.0113037934459564,0.0118983950009753,6.89584798482018,0.817894682035149
4,JFXD,3,STS-L,RT_Upright_anti_L,0.194606243646565,0.510952287319699,0.705558530966264,0.00798409535350202,0.00837666590726156,6.95184451446294,0.838680247940236
4,JFXD,4,IPL-L,RT_Upright_anti_L,0.879261225883791,0.500790939880955,1.38005216576475,0.013511377167479,0.0142288754698249,6.86539744782698,0.81820155421699
4,JFXD,5,SPL-L,RT_Upright_anti_L,0.94418154216272,0.446954645727016,1.39113618788974,0.0123811792557694,0.0130272245508082,6.87998028770312,0.818610885205656
4,JFXD,6,AG-L,RT_Upright_anti_L,0.652310628467573,0.43541077402735,1.08772140249492,0.0119225209086448,0.0125721807996904,6.89535891012642,0.828018264875546
4,JFXD,7,mIPS-L,RT_Upright_anti_L,0.866959419030348,0.706036111233977,1.57299553026432,0.0147338167499348,0.0155494701748561,6.85001995218306,0.804467478591136
4,JFXD,8,VIP-L,RT_Upright_anti_L,0.874435161263743,0.553929191362419,1.42836435262616,0.012864826906712,0.0135216332736686,6.87199856010169,0.815227690228726
4,JFXD,9,SPOC-L,RT_Upright_anti_L,0.526329254268634,0.484891465438912,1.01122071970755,0.0113651668512774,0.0119509168401689,6.89666276095748,0.822802234856373
4,JFXD,10,S1-L,RT_Upright_anti_L,0.897722617650974,0.523357828724789,1.42108044637576,0.0133171383245521,0.0139979438095956,6.86656601722569,0.808722425005482
4,JFXD,11,M1-L,RT_Upright_anti_L,0.924117176196316,0.393992183948899,1.31810936014521,0.012902483915808,0.0135858641645402,6.87073627434663,0.817124103049423
4,JFXD,12,SMA-L,RT_Upright_anti_L,0.855852595941484,0.270429348738631,1.12628194468012,0.0112772211812541,0.0119017156650277,6.89927954081891,0.828083665313432
4,JFXD,13,PMd-L,RT_Upright_anti_L,0.680012397340918,0.240612763478466,0.920625160819384,0.0100801830131636,0.0106407072438829,6.91861459468489,0.83679947254394
4,JFXD,14,PMv-L,RT_Upright_anti_L,0.138292620190034,0.803857271392586,0.94214989158262,0.00819615803187972,0.00861269889030327,6.93975917842956,0.822325651904406
4,JFXD,15,FEF-L,RT_Upright_anti_L,0.466682052379906,0.335639352930552,0.802321405310458,0.00903058230595672,0.00947555707124273,6.93324046980965,0.815000244638763
4,JFXD,16,POJ-L,RT_Upright_anti_L,0.801945642160226,0.506417704584758,1.30836334674498,0.0137154294492816,0.0144382887473277,6.86190119191338,0.810656189406924
4,JFXD,17,V1-R,RT_Upright_anti_L,0.0985979699921672,0.674602373198697,0.773200343190865,0.00771739272330663,0.00811296111941313,6.95350465344143,0.840774786283287
4,JFXD,18,V3-R,RT_Upright_anti_L,0.237065636271886,0.414388157313412,0.651453793585298,0.00881893539156168,0.00928376855959772,6.94181751966057,0.842175003280175
4,JFXD,19,STS-R,RT_Upright_anti_L,0.173804924780879,0.691061010352968,0.864865935133846,0.00806882711291479,0.00850039333279385,6.94401808393632,0.837827866178942
4,JFXD,20,IPL-R,RT_Upright_anti_L,0.963793252499669,0.597241922763196,1.56103517526287,0.0133178778673181,0.0139705854601337,6.86417953479451,0.809847168173376
4,JFXD,21,SPL-R,RT_Upright_anti_L,0.741103208110556,0.257815524132168,0.998918732242723,0.010610035804521,0.0111599109941018,6.90882281634721,0.833435084257867
4,JFXD,22,AG-R,RT_Upright_anti_L,0.503370426960731,0.831711461009179,1.33508188796991,0.0139536217124127,0.0147017016320967,6.86438495648357,0.822863216764959
4,JFXD,23,mIPS-R,RT_Upright_anti_L,0.963638066917672,0.474413231126343,1.43805129804401,0.0144562113382144,0.0152299902067217,6.85689797116666,0.812773557279281
4,JFXD,24,VIP-R,RT_Upright_anti_L,0.758067145496394,0.489100408654932,1.24716755415133,0.011197558026716,0.0117222299698805,6.89279613119362,0.816099892716127
4,JFXD,25,SPOC-R,RT_Upright_anti_L,0.559911643990653,0.508845093321981,1.06875673731263,0.0116100703765381,0.012222902405347,6.89864331498189,0.821313548146907
4,JFXD,26,S1-R,RT_Upright_anti_L,0.35614870534678,0.944810454782976,1.30095916012976,0.0119837681942419,0.0125963730108371,6.88889146797251,0.822943690704092
4,JFXD,27,M1-R,RT_Upright_anti_L,0.858375381274896,0.647853681638679,1.50622906291357,0.0140491504533886,0.0147666217181127,6.86037252750972,0.804109388198324
4,JFXD,28,SMA-R,RT_Upright_anti_L,0.959793305452121,0.342799283275709,1.30259258872783,0.0126228169325158,0.0133228756920652,6.87882476397388,0.820270442410241
4,JFXD,29,PMd-R,RT_Upright_anti_L,0.20236170356619,1.09875790834565,1.30111961191184,0.0109352361280699,0.0115029969960579,6.89490760252784,0.822477650612673
4,JFXD,30,PMv-R,RT_Upright_anti_L,0.0841328502309812,1.41286696473499,1.49699981496597,0.0111497392598358,0.0117471768929346,6.89084073380805,0.819152966534374
4,JFXD,31,FEF-R,RT_Upright_anti_L,0.352000091611267,0.489737103271608,0.841737194882875,0.0100108462561502,0.0105442807359569,6.92270972246395,0.834893941743114
4,JFXD,32,POJ-R,RT_Upright_anti_L,0.44060045327903,0.547993842969134,0.988594296248164,0.0104427050965804,0.0109451656775464,6.90693490178759,0.824168368721916
5,JZ,1,V1-L,RT_Upright_anti_L,0.133658359921021,0.267558219525438,0.401216579446458,0.00480304179664199,0.00521409421868522,6.09872079946228,0.582942465324763
5,JZ,2,V3-L,RT_Upright_anti_L,0.304710921796932,0.231401447410136,0.536112369207069,0.00539375988687478,0.00586937379920907,6.08089248359712,0.572212652048712
5,JZ,3,STS-L,RT_Upright_anti_L,0.13523035712714,0.228566307165503,0.363796664292643,0.00447716958475256,0.00486050067453517,6.10378422990382,0.586679474580127
5,JZ,4,IPL-L,RT_Upright_anti_L,0.377654006228465,0.401152046517512,0.778806052745977,0.00676024100073886,0.00733138946855505,6.04903289949794,0.560438875707022
5,JZ,5,SPL-L,RT_Upright_anti_L,0.597537163052195,0.361374664438681,0.958911827490876,0.00873180168899849,0.00947369997474213,6.01390192750678,0.556411679020047
5,JZ,6,AG-L,RT_Upright_anti_L,0.374732598099515,0.40434488608317,0.779077484182685,0.00686934636518736,0.00739640238707094,6.04541601399086,0.564383722600898
5,JZ,7,mIPS-L,RT_Upright_anti_L,0.789760170444946,0.175452817509623,0.965212987954569,0.00772245801905147,0.00840287012435965,6.03039247592978,0.559735541956674
5,JZ,8,VIP-L,RT_Upright_anti_L,0.721885422836313,0.20007610506355,0.921961527899863,0.0074621772137405,0.00805107176231879,6.03303417953083,0.559618456994207
5,JZ,9,SPOC-L,RT_Upright_anti_L,0.449785958350093,0.579199729556246,1.02898568790634,0.00855207932240321,0.00928972317255352,6.01618411307606,0.547682281895415
5,JZ,10,S1-L,RT_Upright_anti_L,0.576966482099972,0.602377050000153,1.17934353210013,0.0084455154150825,0.00912750627120581,6.01165500827648,0.545278626894347
5,JZ,11,M1-L,RT_Upright_anti_L,0.199639737058149,0.75911030638011,0.958750043438259,0.00767133879483949,0.00834880449815451,6.0355275442476,0.560943823695934
5,JZ,12,SMA-L,RT_Upright_anti_L,0.253214153771675,0.223497616272808,0.476711770044483,0.00472023966936982,0.00511852242173539,6.09555467602594,0.574527721411848
5,JZ,13,PMd-L,RT_Upright_anti_L,0.298497436822603,0.491657701112707,0.79015513793531,0.00746858358372867,0.00809273345162043,6.03741273245918,0.557759668976206
5,JZ,14,PMv-L,RT_Upright_anti_L,0.0538196292444898,0.232656749265643,0.286476378510132,0.00352791591074525,0.00383302588747991,6.12665916254301,0.589424691168858
5,JZ,15,FEF-L,RT_Upright_anti_L,0.161563475654284,0.223971557362035,0.38553503301632,0.00452287165047315,0.00490291300535332,6.10263871704629,0.577816880491602
5,JZ,16,POJ-L,RT_Upright_anti_L,0.130559050120366,0.670194394829267,0.800753444949633,0.00635824535255092,0.00688776919761436,6.05443783391532,0.561506819792519
5,JZ,17,V1-R,RT_Upright_anti_L,0.107619994775564,0.403935540887836,0.5115555356634,0.00487256561174681,0.00526939063341734,6.09570844996534,0.579465482016433
5,JZ,18,V3-R,RT_Upright_anti_L,0.319352014072988,0.392660606641785,0.712012620714772,0.00702096969115413,0.00764578326967464,6.04883478816886,0.56460214731228
5,JZ,19,STS-R,RT_Upright_anti_L,0.187777487988338,0.160804450306705,0.348581938295043,0.00412982986553352,0.0044902688979568,6.11041253437409,0.580874710973511
5,JZ,20,IPL-R,RT_Upright_anti_L,0.573464695912102,0.164700813976455,0.738165509888557,0.00686628180056918,0.00750708786951215,6.05391503323724,0.567346125664496
5,JZ,21,SPL-R,RT_Upright_anti_L,0.421826343828166,0.570226828401678,0.992053172229845,0.0076504641932406,0.00827569503778088,6.02129682202635,0.54139341740168
5,JZ,22,AG-R,RT_Upright_anti_L,0.322481332588856,0.533040913365558,0.855522245954414,0.00716637739736806,0.00776201130464387,6.03737675616122,0.550862552556871
5,JZ,23,mIPS-R,RT_Upright_anti_L,0.480383285504031,0.337226660174498,0.817609945678529,0.00640585511363321,0.00693005719121231,6.04734888716445,0.547603072910205
5,JZ,24,VIP-R,RT_Upright_anti_L,0.740091033875139,0.162821609502772,0.902912643377911,0.00721733093021447,0.00789913560112971,6.0399870677252,0.562349927329277
5,JZ,25,SPOC-R,RT_Upright_anti_L,0.599699193182759,0.573261617112963,1.17296081029572,0.0084122493744816,0.00910118872257035,6.00278473684795,0.528833297851539
5,JZ,26,S1-R,RT_Upright_anti_L,0.252072703107358,0.279070738282798,0.531143441390156,0.005506367363753,0.00602628342328723,6.07619430640241,0.5736590333533
5,JZ,27,M1-R,RT_Upright_anti_L,0.214276025273653,0.269792997715414,0.484069022989067,0.00492046732320503,0.00533739546398016,6.09413772997091,0.578068037911984
5,JZ,28,SMA-R,RT_Upright_anti_L,0.665032969879161,0.167027360716349,0.83206033059551,0.00732903815073899,0.00798382665426932,6.04014227010769,0.561965066201048
5,JZ,29,PMd-R,RT_Upright_anti_L,0.20475666852421,0.337806423478661,0.542563092002872,0.00474467732391879,0.00514196739396575,6.08969744164398,0.573141334054468
5,JZ,30,PMv-R,RT_Upright_anti_L,0.0861408456731565,0.273675203925718,0.359816049598875,0.00408877560170537,0.00444854477163009,6.11180489059153,0.584644899909808
5,JZ,31,FEF-R,RT_Upright_anti_L,0.316301885268343,0.204983982198827,0.52128586746717,0.00477696905044553,0.00522793975969011,6.08962579845452,0.573059320135246
5,JZ,32,POJ-R,RT_Upright_anti_L,0.355616619772597,0.522480676673978,0.878097296446575,0.0074893836677446,0.00814340134264081,6.04179513874654,0.560804981833249
6,LT,1,V1-L,RT_Upright_anti_L,0.199097656481201,0.387202095849203,0.586299752330404,0.00695904650142059,0.00750855201521173,6.54154027104731,0.776007907973014
6,LT,2,V3-L,RT_Upright_anti_L,0.165477034475638,0.750935396807447,0.916412431283085,0.0084276978087675,0.00904381435422798,6.51141616261875,0.766264022065463
6,LT,3,STS-L,RT_Upright_anti_L,0.108202161227773,0.32622187350835,0.434424034736123,0.00519878713993812,0.00561242381745233,6.57251524517968,0.782235092829316
6,LT,4,IPL-L,RT_Upright_anti_L,0.791103717367137,0.614346238435876,1.40544995580301,0.0117069272100634,0.0126822719006457,6.45578604996794,0.746461040769472
6,LT,5,SPL-L,RT_Upright_anti_L,0.826206635017754,0.362604421407979,1.18881105642573,0.0108557094293899,0.0117180348942641,6.46969333648196,0.746030873051146
6,LT,6,AG-L,RT_Upright_anti_L,0.459217607638741,0.287186822254979,0.74640442989372,0.00802510076691025,0.00865972440601257,6.52255987520987,0.768523660267864
6,LT,7,mIPS-L,RT_Upright_anti_L,0.662139985711124,0.609903056194046,1.27204304190517,0.0117106290386519,0.0125998544011269,6.46037939343081,0.740497487359627
6,LT,8,VIP-L,RT_Upright_anti_L,0.837617631548193,0.446674879248748,1.28429251079694,0.0111525331730053,0.0120577598791835,6.46643006901563,0.744502263342874
6,LT,9,SPOC-L,RT_Upright_anti_L,0.660709039606413,0.298860284100552,0.959569323706965,0.00946969502732467,0.0102880543266427,6.49398516765515,0.752689238956571
6,LT,10,S1-L,RT_Upright_anti_L,0.813021710443857,0.707373244734372,1.52039495517823,0.0110261744361052,0.0119300308667434,6.45329869142476,0.726349054715931
6,LT,11,M1-L,RT_Upright_anti_L,0.352770559162033,0.346461547451094,0.699232106613127,0.00707517882722962,0.00758728034742207,6.53422534683188,0.761594199717543
6,LT,12,SMA-L,RT_Upright_anti_L,0.415243377139151,0.548990128773721,0.964233505912872,0.00870185829790223,0.00936556332140624,6.50250083729355,0.75073056550347
6,LT,13,PMd-L,RT_Upright_anti_L,0.165254157198038,0.954313373847597,1.11956753104563,0.00860155966800305,0.00925365832113381,6.50170101347233,0.753147545296565
6,LT,14,PMv-L,RT_Upright_anti_L,0.0870360139981503,0.519318773570909,0.606354787569059,0.00553725388872701,0.00595524886560807,6.5597456707654,0.770336769342391
6,LT,15,FEF-L,RT_Upright_anti_L,0.822693435517843,0.421983657195859,1.2446770927137,0.0109507323424077,0.0118398805961537,6.46643509316715,0.744409638029501
6,LT,16,POJ-L,RT_Upright_anti_L,0.544085920691278,0.338255018274619,0.882340938965898,0.0082535608565284,0.00885510776178891,6.51205702642368,0.755289628110302
6,LT,17,V1-R,RT_Upright_anti_L,0.215103098416132,0.571035411938199,0.78613851035433,0.00742650744975907,0.00800821118407267,6.52800291412152,0.766143226429622
6,LT,18,V3-R,RT_Upright_anti_L,0.180148044536902,0.513946005799886,0.694094050336789,0.00627712707985161,0.00675839249774287,6.54567991605058,0.759132851403905
6,LT,19,STS-R,RT_Upright_anti_L,0.117437811989884,0.354931978414563,0.472369790404448,0.00511411410043739,0.00552629394140565,6.57553714695974,0.779408105094238
6,LT,20,IPL-R,RT_Upright_anti_L,0.865669623139736,0.71350955614491,1.57917917928465,0.0127159081867767,0.013706989729125,6.42985712162678,0.732855578314445
6,LT,21,SPL-R,RT_Upright_anti_L,0.497217844395855,0.571904242248616,1.06912208664447,0.0101881334711176,0.0110118273686729,6.48351048593943,0.755409923902476
6,LT,22,AG-R,RT_Upright_anti_L,0.68658353491892,0.272986169619765,0.959569704538685,0.00848865595629102,0.00913250267715649,6.50046817660619,0.750856104077903
6,LT,23,mIPS-R,RT_Upright_anti_L,0.931532002185624,0.272670476224829,1.20420247841045,0.0106396410460454,0.0114739627963155,6.47363736148372,0.753091717761207
6,LT,24,VIP-R,RT_Upright_anti_L,0.847021012255999,0.588609113471243,1.43563012572724,0.01186358704151,0.0128588766934478,6.44745725969805,0.734356644840914
6,LT,25,SPOC-R,RT_Upright_anti_L,0.424738860197519,0.698124653507062,1.12286351370458,0.00908623056720283,0.00975411445285885,6.48349404716376,0.736532577874356
6,LT,26,S1-R,RT_Upright_anti_L,0.677298138023347,0.317048656389573,0.99434679441292,0.00992449057417134,0.0107870016902064,6.48983745581297,0.758253068876533
6,LT,27,M1-R,RT_Upright_anti_L,0.307919471572769,0.328889876624414,0.636809348197182,0.0064715956114921,0.00702860740598442,6.54088095991689,0.768984389080528
6,LT,28,SMA-R,RT_Upright_anti_L,0.444550672462949,0.616374465137671,1.06092513760062,0.00938222851844683,0.0101098626524961,6.49015172849097,0.73845894383172
6,LT,29,PMd-R,RT_Upright_anti_L,0.139908326766296,0.354553580534166,0.494461907300462,0.00551504565940995,0.00595023997785963,6.56671367801339,0.775949668511838
6,LT,30,PMv-R,RT_Upright_anti_L,0.169854661798667,0.573881206426514,0.743735868225181,0.00786244280286825,0.0084761392151958,6.52602293415862,0.76467534253039
6,LT,31,FEF-R,RT_Upright_anti_L,0.282642200911105,0.174439195079909,0.457081395991013,0.00625933803989791,0.00674917046561433,6.5552354591756,0.779115914830232
6,LT,32,POJ-R,RT_Upright_anti_L,0.396427749349792,0.250394296929146,0.646822046278938,0.00763145632141929,0.00825193718951023,6.530801759588,0.771853889387418
7,NvA,1,V1-L,RT_Upright_anti_L,0.0743477910463845,0.125479629521926,0.199827420568311,0.00277006990787358,0.00302241245640584,6.12876753604427,0.648473902036685
7,NvA,2,V3-L,RT_Upright_anti_L,0.13263111096361,0.513271877181572,0.645902988145181,0.00596140431895579,0.00653517316867573,6.05209071262991,0.630475983359273
7,NvA,3,STS-L,RT_Upright_anti_L,0.0967826967890838,0.290262288077671,0.387044984866755,0.0044127858525153,0.00480477382140138,6.08838808875445,0.644076958189458
7,NvA,4,IPL-L,RT_Upright_anti_L,0.453986780112584,0.501946255409936,0.95593303552252,0.00727385844349773,0.00795320425582189,6.02332486680517,0.622796069870009
7,NvA,5,SPL-L,RT_Upright_anti_L,0.358171375968054,0.535339295037449,0.893510671005502,0.0069210867006586,0.00754835453489857,6.03064132812745,0.616444506552786
7,NvA,6,AG-L,RT_Upright_anti_L,0.466765338531311,0.21931543254213,0.686080771073441,0.00625262244876554,0.00680809220895615,6.04242753808295,0.628108970111528
7,NvA,7,mIPS-L,RT_Upright_anti_L,0.573915465730768,0.155903495025517,0.729818960756285,0.00557534103607707,0.00605408772861732,6.05152741476601,0.625756716787339
7,NvA,8,VIP-L,RT_Upright_anti_L,0.551918031657316,0.157993488880158,0.709911520537474,0.00578963962694436,0.00627703257180155,6.05659590152057,0.627651674735246
7,NvA,9,SPOC-L,RT_Upright_anti_L,0.630237762653177,0.625743036261051,1.25598079891423,0.00907796130081938,0.0100072151684663,5.97567238801172,0.589033402389235
7,NvA,10,S1-L,RT_Upright_anti_L,0.822030054510133,0.298837753096027,1.12086780760616,0.0082926977569523,0.00910592284594748,5.99953380689764,0.619718396702752
7,NvA,11,M1-L,RT_Upright_anti_L,0.188342971112023,0.553855757607032,0.742198728719056,0.00573928513578735,0.00628589371263883,6.05199478882435,0.635810231727749
7,NvA,12,SMA-L,RT_Upright_anti_L,0.19473648554779,0.253755542141411,0.448492027689201,0.00498289287983074,0.00545866110104654,6.07426654600679,0.637989051866988
7,NvA,13,PMd-L,RT_Upright_anti_L,0.192353407790158,0.207319843765913,0.399673251556071,0.00494106653407927,0.00540676930268846,6.07789496539595,0.649418125262624
7,NvA,14,PMv-L,RT_Upright_anti_L,0.108313768334616,0.307806445963698,0.416120214298314,0.00377479553591683,0.004084918123334,6.1001884066536,0.644126137069973
7,NvA,15,FEF-L,RT_Upright_anti_L,0.352825674629974,0.271552579865301,0.624378254495275,0.00637975362890745,0.00699116934067571,6.04760308817231,0.638742618247847
7,NvA,16,POJ-L,RT_Upright_anti_L,0.172036057156266,0.57453506102379,0.746571118180056,0.00633770189430887,0.00694613578430531,6.04469288027112,0.620828601928752
7,NvA,17,V1-R,RT_Upright_anti_L,0.123282946265791,0.209671545476284,0.332954491742075,0.00400373729186814,0.00440164556599251,6.10141402374109,0.641638068587839
7,NvA,18,V3-R,RT_Upright_anti_L,0.282441351807619,0.361453868173122,0.643895219980741,0.00544862769497867,0.00591852652545998,6.05599988781089,0.611609843291364
7,NvA,19,STS-R,RT_Upright_anti_L,0.199485040481382,0.171986006834374,0.371471047315755,0.00435694954385929,0.00480921529132119,6.08806742376283,0.646492576952375
7,NvA,20,IPL-R,RT_Upright_anti_L,0.670195964118779,0.442827064386551,1.11302302850533,0.00776955145366915,0.00845119882415498,6.00626344945955,0.606684219521542
7,NvA,21,SPL-R,RT_Upright_anti_L,0.672127515367854,0.312543284760508,0.984670800128362,0.00718772423168937,0.00780786587543116,6.01241026083941,0.596350190394197
7,NvA,22,AG-R,RT_Upright_anti_L,0.438265326672718,0.519961263274549,0.958226589947267,0.0070727312899448,0.00769182059170545,6.01294518647257,0.607821185740898
7,NvA,23,mIPS-R,RT_Upright_anti_L,0.732098283632934,0.18531194279335,0.917410226426284,0.00710005361931892,0.00776743333142993,6.02662035835006,0.624388370660715
7,NvA,24,VIP-R,RT_Upright_anti_L,0.577452961982481,0.504292367330967,1.08174532931345,0.00767520676300195,0.00837820184928289,6.00843805356046,0.612568440524838
7,NvA,25,SPOC-R,RT_Upright_anti_L,0.4444331157865,0.861064434119975,1.30549754990647,0.00920651672607972,0.0101378964834279,5.9691162772923,0.582516492655884
7,NvA,26,S1-R,RT_Upright_anti_L,0.343694540231496,0.316387249448001,0.660081789679496,0.00652945351475391,0.0071932754294616,6.04451621897831,0.633180691211673
7,NvA,27,M1-R,RT_Upright_anti_L,0.591606190714929,0.308247144746961,0.89985333546189,0.00718166944989609,0.00782440153421452,6.02541777836551,0.61784169366372
7,NvA,28,SMA-R,RT_Upright_anti_L,0.320795856912515,0.22865524496389,0.549451101876405,0.00597402802303949,0.00655072184089468,6.05683036691513,0.64305216125027
7,NvA,29,PMd-R,RT_Upright_anti_L,0.169630539178251,0.40690928144729,0.57653982062554,0.00524986475037193,0.00568717265063633,6.06502156131279,0.635031958701676
7,NvA,30,PMv-R,RT_Upright_anti_L,0.0487481411182118,0.202964439212364,0.251712580330575,0.00301571727601723,0.00330698030716803,6.12301061061737,0.655171454008398
7,NvA,31,FEF-R,RT_Upright_anti_L,0.416912160687565,0.63387114562211,1.05078330630968,0.00818664649199308,0.00892445678019018,6.00322426703942,0.608298057902081
7,NvA,32,POJ-R,RT_Upright_anti_L,0.291268206701109,0.432768850202507,0.724037056903616,0.00583824443373371,0.00636558890774116,6.04835828154382,0.621558663450133
8,RR,1,V1-L,RT_Upright_anti_L,0.346137205974497,0.170195074810989,0.516332280785486,0.00499804039101353,0.00545514664810648,6.23606553972016,0.655870234056905
8,RR,2,V3-L,RT_Upright_anti_L,0.198352398315257,0.27858879106799,0.476941189383248,0.0049387470421852,0.00539653420234817,6.23410246078516,0.651456776082399
8,RR,3,STS-L,RT_Upright_anti_L,0.12122132729957,0.149526192778012,0.270747520077582,0.00356055463271566,0.00389782933874583,6.275136568166,0.670277359616152
8,RR,4,IPL-L,RT_Upright_anti_L,0.663886829484781,0.161932911515326,0.825819741000107,0.00771056386235589,0.00839462991459054,6.18703616049625,0.650927064410973
8,RR,5,SPL-L,RT_Upright_anti_L,0.714645814505698,0.509237650060406,1.2238834645661,0.0092646739123737,0.0100736472157217,6.14809260906938,0.626939044095127
8,RR,6,AG-L,RT_Upright_anti_L,0.55314689623418,0.221629548169113,0.774776444403293,0.00695342623252286,0.00753678142120616,6.19767509926034,0.643825174169555
8,RR,7,mIPS-L,RT_Upright_anti_L,0.455348455872903,0.307578718636188,0.762927174509091,0.00666560156940877,0.00726676461236808,6.19824714496445,0.640060982450737
8,RR,8,VIP-L,RT_Upright_anti_L,0.5833918951388,0.157701203346433,0.741093098485233,0.00650310407039908,0.00704115766757147,6.20566183532602,0.651700222040703
8,RR,9,SPOC-L,RT_Upright_anti_L,0.897591935043305,0.583709667569557,1.48130160261286,0.0104706471545952,0.0113676844019519,6.11687797598002,0.612289020724383
8,RR,10,S1-L,RT_Upright_anti_L,0.618836892290304,0.22561770971893,0.844454602009234,0.0076068202621326,0.00826529209534061,6.19338424411339,0.648735894509942
8,RR,11,M1-L,RT_Upright_anti_L,0.465280703712673,0.23552829060346,0.700808994316133,0.00593361875933082,0.00639590788682271,6.21793989763794,0.648685996711079
8,RR,12,SMA-L,RT_Upright_anti_L,0.565943253770327,0.464287008141211,1.03023026191154,0.00956598577415225,0.010453568646067,6.15546385067328,0.639334313993481
8,RR,13,PMd-L,RT_Upright_anti_L,0.280213678038322,0.620979445724647,0.901193123762969,0.00721894512406644,0.00777368078381568,6.18581905470533,0.638623731415201
8,RR,14,PMv-L,RT_Upright_anti_L,0.0902554884246406,0.228412717821002,0.318668206245643,0.00396831041338625,0.00429595299435842,6.26498179623403,0.671068139443022
8,RR,15,FEF-L,RT_Upright_anti_L,0.319587630554042,0.237001663985095,0.556589294539137,0.00669613348449295,0.00730550338535745,6.21073439793287,0.660871952372716
8,RR,16,POJ-L,RT_Upright_anti_L,0.353625543748819,1.17560661100863,1.52923215475745,0.0105093132741603,0.011414267276154,6.12163054581127,0.617345063865875
8,RR,17,V1-R,RT_Upright_anti_L,0.156716024486289,0.339348997991361,0.49606502247765,0.00488787238591113,0.00533202915257986,6.23513771593529,0.653684495800522
8,RR,18,V3-R,RT_Upright_anti_L,0.22797575857681,0.246190384904483,0.474166143481293,0.00501473100508925,0.0055219108377393,6.23806764631802,0.662611903957667
8,RR,19,STS-R,RT_Upright_anti_L,0.107391098658744,0.188978031309188,0.296369129967933,0.00398034923960477,0.00435180906003345,6.26505316106495,0.672121945814481
8,RR,20,IPL-R,RT_Upright_anti_L,0.526731119563291,0.267127839229649,0.79385895879294,0.00683009063717205,0.00743958295184527,6.19808409921729,0.649146573046669
8,RR,21,SPL-R,RT_Upright_anti_L,0.444491571920923,0.491297501706679,0.935789073627602,0.00800159541881029,0.00867217016111976,6.17129755149255,0.633145770578568
8,RR,22,AG-R,RT_Upright_anti_L,0.17910835421615,0.640433356938599,0.819541711154749,0.00677699653461655,0.00736770378493437,6.19872367626003,0.64287561301033
8,RR,23,mIPS-R,RT_Upright_anti_L,0.280085292936065,0.506687526544119,0.786772819480184,0.00762972962551935,0.0083042450540939,6.18779146633553,0.641998784365209
8,RR,24,VIP-R,RT_Upright_anti_L,0.469973451518335,0.432275956904053,0.902249408422388,0.00824790615304758,0.00898500006821369,6.17436558119687,0.643728750252411
8,RR,25,SPOC-R,RT_Upright_anti_L,0.45585640159696,0.813750208197356,1.26960660979432,0.00919611284513175,0.0100474750014029,6.1405569604628,0.617308395812661
8,RR,26,S1-R,RT_Upright_anti_L,0.57584011883788,0.289194267415507,0.865034386253388,0.00832281612238269,0.00905590340651413,6.17629714802913,0.645987148824037
8,RR,27,M1-R,RT_Upright_anti_L,0.222435229223683,0.467153092095256,0.689588321318939,0.00655946732579221,0.00709525554364253,6.2094028560284,0.647300833634611
8,RR,28,SMA-R,RT_Upright_anti_L,0.609937015948065,0.504370309792614,1.11430732574068,0.0101540599082848,0.0110568897565418,6.1473627827939,0.637407812121196
8,RR,29,PMd-R,RT_Upright_anti_L,0.255181322654212,0.524867363750272,0.780048686404484,0.00731670989435595,0.00791674408675841,6.19502855781681,0.647853374082813
8,RR,30,PMv-R,RT_Upright_anti_L,0.129842644782754,0.11032907001281,0.240171714795563,0.0035483230658638,0.00385536395411752,6.27537230340811,0.673430388489754
8,RR,31,FEF-R,RT_Upright_anti_L,0.346061648291576,0.247091656964604,0.59315330525618,0.00607282864490725,0.0065768671124985,6.21989968304635,0.657035116622429
8,RR,32,POJ-R,RT_Upright_anti_L,0.342748876827159,0.761213109733482,1.10396198656064,0.00872743939324721,0.00950166836644373,6.15509690622739,0.621806011799476
9,SJB,1,V1-L,RT_Upright_anti_L,0.28710107706217,0.517982808949696,0.805083886011866,0.00773520160804932,0.00842013417176239,6.47722895802357,0.797506472623322
9,SJB,2,V3-L,RT_Upright_anti_L,0.25856837953507,0.71245270145785,0.971021080992921,0.00841581420973771,0.00922165697293409,6.45444140730373,0.780658145987122
9,SJB,3,STS-L,RT_Upright_anti_L,0.219387728473689,0.426015181625211,0.6454029100989,0.00635736631067598,0.00693720915820773,6.50156533862029,0.802283173770212
9,SJB,4,IPL-L,RT_Upright_anti_L,0.515414550764397,0.38560223064581,0.901016781410207,0.00822579983537411,0.00900765053116079,6.46294034760167,0.788942952848878
9,SJB,5,SPL-L,RT_Upright_anti_L,0.935195081151191,0.862500619195737,1.79769570034693,0.0126078367882245,0.0137999648638798,6.37558678501031,0.746235106215594
9,SJB,6,AG-L,RT_Upright_anti_L,0.421380697987581,0.74630604840295,1.16768674639053,0.00957766394221615,0.0104812031669583,6.42262169080579,0.760273703263444
9,SJB,7,mIPS-L,RT_Upright_anti_L,0.616276090408998,0.971012530896252,1.58728862130525,0.012088959214636,0.0132298977115145,6.3880343059746,0.762355021024719
9,SJB,8,VIP-L,RT_Upright_anti_L,0.681241129653027,0.599796182789201,1.28103731244223,0.0103426643853356,0.0112560183152029,6.42153815420994,0.761472658800513
9,SJB,9,SPOC-L,RT_Upright_anti_L,0.544341567799453,0.473027560305561,1.01736912810501,0.00992919279929592,0.010874146910821,6.44438976532705,0.795692817747887
9,SJB,10,S1-L,RT_Upright_anti_L,0.839674057520058,0.280523909763365,1.12019796728342,0.00796783986049154,0.00872008309979702,6.44541659590681,0.762155289302927
9,SJB,11,M1-L,RT_Upright_anti_L,0.56941489143882,0.354440376319004,0.923855267757824,0.00780723763740478,0.00855715740183446,6.4684024117789,0.785775647172917
9,SJB,12,SMA-L,RT_Upright_anti_L,0.614882364699735,0.293185535241343,0.908067899941078,0.0087902544100135,0.00966370315015258,6.46017311145171,0.79763023468407
9,SJB,13,PMd-L,RT_Upright_anti_L,0.332520966356763,0.365098813568089,0.697619779924852,0.00648411245679762,0.00707877159390515,6.49513395710014,0.801217859007647
9,SJB,14,PMv-L,RT_Upright_anti_L,0.0593914687497487,0.36247074925116,0.421862218000909,0.00429582790573543,0.00469206127553046,6.54619317412548,0.81659396251387
9,SJB,15,FEF-L,RT_Upright_anti_L,0.302155597074659,0.390368898162094,0.692524495236753,0.0071880813804928,0.00789917059502247,6.48602954068047,0.803751821729594
9,SJB,16,POJ-L,RT_Upright_anti_L,0.507223008295341,0.477926991985363,0.985150000280704,0.0091061233933122,0.00993530135849239,6.4523218766115,0.78741406068954
9,SJB,17,V1-R,RT_Upright_anti_L,0.513280884709239,0.485434108647291,0.99871499335653,0.010231226632043,0.0112709414910944,6.44194702348702,0.797685291945043
9,SJB,18,V3-R,RT_Upright_anti_L,0.468189148566493,0.412519419469015,0.880708568035508,0.00804053232894159,0.00873060343896531,6.46259069425899,0.790404249132335
9,SJB,19,STS-R,RT_Upright_anti_L,0.0933366264155052,0.218042445675041,0.311379072090547,0.00467082964197467,0.00514471635667667,6.53976173606832,0.822538848437373
9,SJB,20,IPL-R,RT_Upright_anti_L,0.601397937312085,0.160408157686498,0.761806094998583,0.00727309441318634,0.00797559069737972,6.48273568512883,0.799867749096601
9,SJB,21,SPL-R,RT_Upright_anti_L,0.371167311947932,0.675886417702771,1.0470537296507,0.0081479111457604,0.00887348855985006,6.45670532390531,0.782107642098666
9,SJB,22,AG-R,RT_Upright_anti_L,0.556352469887278,0.609412704509035,1.16576517439631,0.00976505940954614,0.0106677713731805,6.43024797172737,0.778624870157876
9,SJB,23,mIPS-R,RT_Upright_anti_L,0.552604297538876,0.661092970567617,1.21369726810649,0.0101338986358901,0.0110283568136932,6.42535170734078,0.761793870755278
9,SJB,24,VIP-R,RT_Upright_anti_L,0.675893431298088,0.34581414522643,1.02170757652452,0.00824789689192399,0.00900852334660555,6.45838097606206,0.782781669587349
9,SJB,25,SPOC-R,RT_Upright_anti_L,0.81585775706107,0.639016166520058,1.45487392358113,0.011282565641197,0.0122338507234894,6.39548205611643,0.747795541512846
9,SJB,26,S1-R,RT_Upright_anti_L,0.483917341510736,0.414670147704364,0.8985874892151,0.00711415409567778,0.00777372031727751,6.47531070196235,0.791570953973455
9,SJB,27,M1-R,RT_Upright_anti_L,0.217862251072894,0.609815430378803,0.827677681451697,0.00690377629234511,0.00754535836622266,6.48168578010661,0.799220432085649
9,SJB,28,SMA-R,RT_Upright_anti_L,0.80566913686722,0.23885778229371,1.04452691916093,0.00937769427401688,0.0103119233731618,6.44117247492594,0.792356167032944
9,SJB,29,PMd-R,RT_Upright_anti_L,0.298038555006406,0.270673479613677,0.568712034620082,0.00629387321710575,0.00690946080934791,6.50045026689894,0.807989650396235
9,SJB,30,PMv-R,RT_Upright_anti_L,0.0407362120483661,0.219878434492194,0.26061464654056,0.00325198947585621,0.0035813936110818,6.56533267067879,0.826721730167609
9,SJB,31,FEF-R,RT_Upright_anti_L,0.252981897689209,0.12986670753421,0.382848605223419,0.00488403415682834,0.00536454560928436,6.52896629171192,0.818005618173608
9,SJB,32,POJ-R,RT_Upright_anti_L,0.461671385858282,0.60302564518098,1.06469703103926,0.00966302875422187,0.0105172382336571,6.44635225494862,0.787042854416413
10,BG,1,V1-L,RT_Upright_anti_L,0.108270029428666,0.155218612606089,0.263488642034755,0.00378018385274875,0.0040766488157697,6.03778677293156,0.540402170002941
10,BG,2,V3-L,RT_Upright_anti_L,0.208686359045445,0.209569371709871,0.418255730755316,0.00499439948446367,0.00538333642715055,6.00735201099667,0.52840000438075
10,BG,3,STS-L,RT_Upright_anti_L,0.0742660069016255,0.349511997089675,0.4237780039913,0.00428930953687337,0.0046150098009888,6.01978691731417,0.532912177974209
10,BG,4,IPL-L,RT_Upright_anti_L,0.172085844837926,0.427423173755706,0.599509018593632,0.00567127390016859,0.00611646386990076,5.98927358510641,0.528703130037905
10,BG,5,SPL-L,RT_Upright_anti_L,0.475868441364225,0.284539902057731,0.760408343421956,0.00726713451985735,0.00781876497023519,5.96040605762984,0.517156460232841
10,BG,6,AG-L,RT_Upright_anti_L,0.563905088496783,0.385779931668331,0.949685020165114,0.0084073373639317,0.00903005410073634,5.93401264133179,0.500098054661632
10,BG,7,mIPS-L,RT_Upright_anti_L,0.213303357806959,0.380881989816628,0.594185347623587,0.00585241525815806,0.00625981718421923,5.98718803121078,0.52100318576938
10,BG,8,VIP-L,RT_Upright_anti_L,0.350070914724708,0.37613186330526,0.726202778029968,0.0069629607098179,0.0075042117102404,5.96583655701176,0.516723723972208
10,BG,9,SPOC-L,RT_Upright_anti_L,0.322047986684616,0.331005842768534,0.65305382945315,0.00669100745983934,0.00720177278218164,5.97319908397228,0.52001134241192
10,BG,10,S1-L,RT_Upright_anti_L,0.803246268237569,0.121245888610108,0.924492156847676,0.00638974875015589,0.00688913146877104,5.9681572580131,0.514965961097299
10,BG,11,M1-L,RT_Upright_anti_L,0.347656663991999,0.21714994817822,0.564806612170219,0.00526124988156933,0.00564499472622467,5.99446178864631,0.526835787381185
10,BG,12,SMA-L,RT_Upright_anti_L,0.155696044625982,0.47861005217102,0.634306096797002,0.00609480943856727,0.00654332509492811,5.98332849865933,0.527897784816029
10,BG,13,PMd-L,RT_Upright_anti_L,0.15755685527879,0.511191917394116,0.668748772672907,0.00542059598471605,0.00582136462213822,5.99355370265537,0.522863235238954
10,BG,14,PMv-L,RT_Upright_anti_L,0.0821200392858655,0.14574659116812,0.227866630453985,0.00310682285254824,0.00333304575218743,6.05369388721672,0.539321190883089
10,BG,15,FEF-L,RT_Upright_anti_L,0.40698555135324,0.321908507336064,0.728894058689304,0.00654793492426946,0.00705919430068459,5.96816344205858,0.513365831983324
10,BG,16,POJ-L,RT_Upright_anti_L,0.181837192652995,0.320999726889465,0.50283691954246,0.00529867637446352,0.00570079661334817,6.00007336471415,0.526060795658122
10,BG,17,V1-R,RT_Upright_anti_L,0.0739366557843154,0.305239281330174,0.379175937114489,0.00397301449887423,0.00427080173162256,6.02818808475218,0.534763776217547
10,BG,18,V3-R,RT_Upright_anti_L,0.205860011162236,0.291242350458741,0.497102361620977,0.00462518777212932,0.00496570243555549,6.00912132841764,0.52705675282092
10,BG,19,STS-R,RT_Upright_anti_L,0.155841612047692,0.234640784090834,0.390482396138526,0.00419097747521458,0.00452269008848418,6.02484794859094,0.533243351069318
10,BG,20,IPL-R,RT_Upright_anti_L,0.678515169868539,0.305073973935929,0.983589143804469,0.00772986244429047,0.00836198988998853,5.94392147500769,0.50816244858983
10,BG,21,SPL-R,RT_Upright_anti_L,0.706613268917722,0.203949743730516,0.910563012648238,0.00663474721087208,0.00711302581540684,5.95249817667537,0.508109418418796
10,BG,22,AG-R,RT_Upright_anti_L,0.595539522001369,0.294007224254487,0.889546746255856,0.00730250071754699,0.00789635886841422,5.95483791267196,0.513093716394399
10,BG,23,mIPS-R,RT_Upright_anti_L,0.642589390675622,0.314458611549341,0.957048002224963,0.0066702027024334,0.00721683332569998,5.95355536536709,0.506025446398159
10,BG,24,VIP-R,RT_Upright_anti_L,0.607372304267449,0.394759459004628,1.00213176327208,0.0083052110706931,0.00898363449990102,5.93663310955414,0.509662609738248
10,BG,25,SPOC-R,RT_Upright_anti_L,0.483501472263982,0.469686939839453,0.953188412103435,0.00766810200717297,0.0082325617804655,5.93717775837646,0.504032017288993
10,BG,26,S1-R,RT_Upright_anti_L,0.200955575231483,0.467848289724824,0.668803864956307,0.0065377924550285,0.00704424585996255,5.97642536400567,0.525929703073624
10,BG,27,M1-R,RT_Upright_anti_L,0.446760918858094,0.822174294237244,1.26893521309534,0.00803801856698262,0.00862435323456246,5.92387728438265,0.490726150626537
10,BG,28,SMA-R,RT_Upright_anti_L,0.322217269803912,0.408526608724303,0.730743878528215,0.00648497738311762,0.00694582831962874,5.97082619505479,0.516599495109729
10,BG,29,PMd-R,RT_Upright_anti_L,0.0966990263573436,0.600475974772822,0.697175001130165,0.00456146075040601,0.00489355870241175,6.00407274266317,0.519001364413968
10,BG,30,PMv-R,RT_Upright_anti_L,0.104792173169343,0.259345104406957,0.3641372775763,0.00420709842524294,0.00454156854158429,6.02543976070944,0.536843866806317
10,BG,31,FEF-R,RT_Upright_anti_L,0.527279221577888,0.128723403458869,0.656002625036758,0.00517684503838276,0.00558869491344826,5.99259445307604,0.52253364284372
10,BG,32,POJ-R,RT_Upright_anti_L,0.433519620862181,0.388528497522508,0.822048118384689,0.00692208710125773,0.00744418043356343,5.96192902123659,0.511207131636975
1,DOC,1,V1-L,RT_Upright_anti_R,0.115165378487954,0.456344602672076,0.57150998116003,0.0054990403173329,0.00587317906717346,6.29724232647407,0.597855438704899
1,DOC,2,V3-L,RT_Upright_anti_R,0.318337610217421,0.317647529778228,0.635985139995649,0.00692634954997478,0.00743762678565674,6.27041038862708,0.593495003088205
1,DOC,3,STS-L,RT_Upright_anti_R,0.0550290117587049,0.233896995352503,0.288926007111208,0.00365064691641679,0.00389817065256308,6.34365909709987,0.606965923902442
1,DOC,4,IPL-L,RT_Upright_anti_R,0.516658678285174,0.641601543492169,1.15826022177734,0.0089534531688342,0.00953632207736213,6.2273518441033,0.569855791640122
1,DOC,5,SPL-L,RT_Upright_anti_R,0.449758893109916,0.381808456115625,0.831567349225541,0.00810349248121373,0.00865951080742462,6.2499991831063,0.580700054125127
1,DOC,6,AG-L,RT_Upright_anti_R,0.459879851974671,0.182042860134408,0.641922712109079,0.00670105778795514,0.00717906443566368,6.27197899969824,0.593384633793049
1,DOC,7,mIPS-L,RT_Upright_anti_R,0.632155555051629,0.356043660579821,0.98819921563145,0.00941612212609382,0.0100462662317094,6.22558985322738,0.577283129736112
1,DOC,8,VIP-L,RT_Upright_anti_R,0.955505578361737,0.429321445234706,1.38482702359644,0.0107166374025287,0.0114625073863471,6.19465729654535,0.561317762248377
1,DOC,9,SPOC-L,RT_Upright_anti_R,0.427432476126545,0.226689190845007,0.654121666971552,0.00717134881316266,0.00766223842643054,6.2666606623183,0.588957292373426
1,DOC,10,S1-L,RT_Upright_anti_R,0.776027509737549,0.659404180810396,1.43543169054794,0.00998936460700267,0.0106269363160936,6.19480715771374,0.551617273763568
1,DOC,11,M1-L,RT_Upright_anti_R,0.18674521737199,0.685305188815351,0.872050406187341,0.00674362746428966,0.00718212030359338,6.26653266334759,0.584548303353613
1,DOC,12,SMA-L,RT_Upright_anti_R,0.300747424448458,0.52749624840413,0.828243672852588,0.00799239000485851,0.00855041392428279,6.24727101964741,0.584173929042894
1,DOC,13,PMd-L,RT_Upright_anti_R,0.182188771008391,0.238448251558339,0.42063702256673,0.00475776634892846,0.00510381292579293,6.31417465288417,0.596712894358383
1,DOC,14,PMv-L,RT_Upright_anti_R,0.0732273151833883,0.444574850787827,0.517802165971215,0.00528690873436573,0.00567435247970479,6.30274385905913,0.600450918761867
1,DOC,15,FEF-L,RT_Upright_anti_R,0.323471259565801,0.360513547405902,0.683984806971703,0.00640470575881163,0.00684785981456003,6.27325254760099,0.585064550409133
1,DOC,16,POJ-L,RT_Upright_anti_R,0.164082097272871,0.464345207491277,0.628427304764148,0.00617087840202536,0.00661114854054926,6.28582964650758,0.592006416032311
1,DOC,17,V1-R,RT_Upright_anti_R,0.119882455249893,0.451999622740757,0.57188207799065,0.00558498268562917,0.00595107888591479,6.29573072675502,0.597317247976286
1,DOC,18,V3-R,RT_Upright_anti_R,0.158379152755073,0.306043668176441,0.464422820931514,0.00546844274971195,0.00582222037603323,6.30034698137553,0.59909140535037
1,DOC,19,STS-R,RT_Upright_anti_R,0.185231834714396,0.202333819145927,0.387565653860324,0.00509596851329051,0.00543777470959048,6.31255007913778,0.605081358087781
1,DOC,20,IPL-R,RT_Upright_anti_R,0.407029650980437,0.257608231796432,0.664637882776869,0.00686554828079437,0.0073484714723111,6.27299982254154,0.593444976546666
1,DOC,21,SPL-R,RT_Upright_anti_R,0.698648497956032,0.357468163373986,1.05611666133002,0.00996123067373757,0.0106775251851343,6.21669712973646,0.573657383177509
1,DOC,22,AG-R,RT_Upright_anti_R,0.903318658833184,0.32707584921003,1.23039450804321,0.0102328928956604,0.0110021124256542,6.208324534311,0.573877134835657
1,DOC,23,mIPS-R,RT_Upright_anti_R,0.763623779053506,0.476098290000531,1.23972206905404,0.0107682609068221,0.0115623516557199,6.20295237417189,0.569266718351044
1,DOC,24,VIP-R,RT_Upright_anti_R,0.401210425299734,0.355405240363589,0.756615665663323,0.00785513663811288,0.00840615187068568,6.25671160928436,0.587681628637778
1,DOC,25,SPOC-R,RT_Upright_anti_R,0.554692675360938,0.243786479189861,0.798479154550799,0.00777727126140601,0.00834985399566128,6.25194167395159,0.590907584263121
1,DOC,26,S1-R,RT_Upright_anti_R,0.324896273431522,0.616012665175244,0.940908938606765,0.00911073626661886,0.00972932676445928,6.23514810616484,0.583204962919463
1,DOC,27,M1-R,RT_Upright_anti_R,0.508706400236008,0.286710099483924,0.795416499719932,0.00793753144133625,0.00848556553886652,6.25299749279902,0.587646718682736
1,DOC,28,SMA-R,RT_Upright_anti_R,0.358351407543115,0.511651973172272,0.870003380715387,0.00783656719863171,0.00837675350084585,6.25222588733562,0.582252946045772
1,DOC,29,PMd-R,RT_Upright_anti_R,0.304564939750844,0.482186566339207,0.786751506090051,0.00775975354858007,0.00830673735732245,6.25660651571218,0.585475268516079
1,DOC,30,PMv-R,RT_Upright_anti_R,0.0571650063315755,0.699387023275476,0.756552029607052,0.00490025033076526,0.00518892054458438,6.29409587073031,0.586417023873014
1,DOC,31,FEF-R,RT_Upright_anti_R,0.373951535711388,0.42629148657843,0.800243022289818,0.00799354530863018,0.00861173865118371,6.24991227267326,0.588856064953064
1,DOC,32,POJ-R,RT_Upright_anti_R,0.788732409292003,0.23925479296198,1.02798720225398,0.00943986514942742,0.0101578534889826,6.22380389534523,0.583972146404974
2,GB,1,V1-L,RT_Upright_anti_R,0.0834124285555613,0.265822839431911,0.349235267987472,0.00375939561134797,0.00403908155141235,6.09381791665312,0.556424748446122
2,GB,2,V3-L,RT_Upright_anti_R,0.396868226877412,0.108971345473311,0.505839572350723,0.00489627107385327,0.00530213422889755,6.06547069196893,0.546987589371878
2,GB,3,STS-L,RT_Upright_anti_R,0.14943483840104,0.149262604695186,0.298697443096226,0.00424922163482754,0.00455966061441404,6.0876230996619,0.556218334719037
2,GB,4,IPL-L,RT_Upright_anti_R,0.284270316673299,0.282043033744694,0.566313350417993,0.00598618569390381,0.00641371911421671,6.04809147736009,0.541855292559315
2,GB,5,SPL-L,RT_Upright_anti_R,0.632106920286965,0.389678958035961,1.02178587832293,0.00835162946833747,0.00896552822666954,5.99207712236145,0.521014849420709
2,GB,6,AG-L,RT_Upright_anti_R,0.46364766032348,0.387721460928644,0.851369121252123,0.00820575149662888,0.00880426637995072,6.00406787617,0.528120165088514
2,GB,7,mIPS-L,RT_Upright_anti_R,0.789853467803566,0.322245507282865,1.11209897508643,0.00922787204664575,0.00993273195218686,5.98253993755946,0.521705982558649
2,GB,8,VIP-L,RT_Upright_anti_R,0.539119571115695,0.265471547335709,0.804591118451404,0.00752885463243159,0.00811454248363822,6.01176695198812,0.535765893931107
2,GB,9,SPOC-L,RT_Upright_anti_R,0.808798079212981,0.441230335532779,1.25002841474576,0.00868165633916788,0.00932857498457149,5.97916614864875,0.506644553654398
2,GB,10,S1-L,RT_Upright_anti_R,0.111119451946732,0.450299113314267,0.561418565260999,0.00560178060793659,0.00600817998805924,6.05565101336854,0.544786764870829
2,GB,11,M1-L,RT_Upright_anti_R,0.197834161443198,0.626612610901341,0.824446772344539,0.00686659673025588,0.0073605168838193,6.02359595070356,0.536629382281517
2,GB,12,SMA-L,RT_Upright_anti_R,0.498225480834106,0.275126279442553,0.773351760276659,0.00758303698522583,0.00817079381881233,6.01097247827271,0.536846061091279
2,GB,13,PMd-L,RT_Upright_anti_R,0.140220744406422,0.5897593908423,0.729980135248722,0.00614345487374144,0.00659795520227216,6.03899756787285,0.540280509221525
2,GB,14,PMv-L,RT_Upright_anti_R,0.0643638914949305,0.318969505713334,0.383333397208264,0.00411573661895135,0.00440008600071136,6.08353285335381,0.552945637805195
2,GB,15,FEF-L,RT_Upright_anti_R,0.269244066022471,0.2491968769658,0.518440942988271,0.00529849596037908,0.00568805064896107,6.05892438639067,0.544870476213206
2,GB,16,POJ-L,RT_Upright_anti_R,0.354721234999132,1.1049504216174,1.45967165661653,0.00842642934129415,0.00900779829804054,5.96994298868721,0.501846718406015
2,GB,17,V1-R,RT_Upright_anti_R,0.129303122835929,0.241045291048109,0.370348413884038,0.00436278596923372,0.00468922382344697,6.08252459516425,0.552238303299848
2,GB,18,V3-R,RT_Upright_anti_R,0.153872987680746,0.274135913063557,0.428008900744303,0.00416320806824682,0.00447246948845173,6.08076059657742,0.543989116515465
2,GB,19,STS-R,RT_Upright_anti_R,0.135332512869766,0.317916102401772,0.453248615271538,0.00481662014187676,0.00517379861374378,6.06957297482664,0.547328231626196
2,GB,20,IPL-R,RT_Upright_anti_R,0.49947305732609,0.316506414631349,0.81597947195744,0.00724654137300099,0.00780362207615661,6.0167530874138,0.531273540597844
2,GB,21,SPL-R,RT_Upright_anti_R,0.468110459809514,0.249122395101008,0.717232854910522,0.00715909666351434,0.00769139905405101,6.0258686757936,0.536995186636429
2,GB,22,AG-R,RT_Upright_anti_R,0.325315834587817,0.262282195020982,0.587598029608798,0.0061844154597822,0.00668031212367505,6.03791492800615,0.542372697547083
2,GB,23,mIPS-R,RT_Upright_anti_R,0.592915598948932,0.259195021561453,0.852110620510385,0.00757782285995209,0.00815307225717891,6.00472917385661,0.532539658326304
2,GB,24,VIP-R,RT_Upright_anti_R,0.4492146699087,0.275027771884015,0.724242441792715,0.00667002478764387,0.00715348521748017,6.03115047473677,0.530563156971083
2,GB,25,SPOC-R,RT_Upright_anti_R,0.558778914786546,0.476840846962573,1.03561976174912,0.00780930644176128,0.00840482590007361,5.99718330999205,0.514276679132609
2,GB,26,S1-R,RT_Upright_anti_R,0.595135182658034,0.152649937366839,0.747785120024874,0.00607482497862707,0.0065543081245056,6.03588804269265,0.538153390298074
2,GB,27,M1-R,RT_Upright_anti_R,0.169384544480547,0.650621589066004,0.82000613354655,0.00643494682100922,0.00688809852391412,6.0287858629168,0.534998034867146
2,GB,28,SMA-R,RT_Upright_anti_R,0.372881115294008,0.404808350228446,0.777689465522453,0.00722581237717647,0.00778872287607908,6.01692181390807,0.537728378917333
2,GB,29,PMd-R,RT_Upright_anti_R,0.385784860210986,0.169452008261158,0.555236868472144,0.0051967259468637,0.00560330190345019,6.05627858901636,0.543397386040319
2,GB,30,PMv-R,RT_Upright_anti_R,0.0475375040586455,0.415317510750283,0.462855014808928,0.00440382932192854,0.00472843301732331,6.07716885222823,0.551484854897477
2,GB,31,FEF-R,RT_Upright_anti_R,0.145404999130814,0.18546253004772,0.330867529178534,0.00412369346343751,0.0044242385713764,6.08439728689577,0.55038240042216
2,GB,32,POJ-R,RT_Upright_anti_R,0.4106716849561,0.344611881286842,0.755283566242941,0.00701406356797427,0.0075614246177307,6.02174219923612,0.533918249617166
3,JDC,1,V1-L,RT_Upright_anti_R,0.14650904751144,0.368635366548645,0.515144414060085,0.00625403864635212,0.00674914305849271,6.55719122704391,0.747307246182399
3,JDC,2,V3-L,RT_Upright_anti_R,0.263909956025719,0.452687826793582,0.716597782819301,0.0070399430569345,0.00753999797532689,6.53898123747279,0.736885585456464
3,JDC,3,STS-L,RT_Upright_anti_R,0.129405072021959,0.281732706569253,0.411137778591213,0.00553766761983615,0.0059316147465563,6.57387647209949,0.748752644427544
3,JDC,4,IPL-L,RT_Upright_anti_R,0.453414022891592,0.526701704359268,0.980115727250859,0.00958622257902455,0.0103102885158371,6.49622098439693,0.724435542115055
3,JDC,5,SPL-L,RT_Upright_anti_R,0.789726232400682,0.300343961036331,1.09007019343701,0.0093466073698433,0.0100632061965689,6.4941173596158,0.723473897704921
3,JDC,6,AG-L,RT_Upright_anti_R,0.594711443883273,0.230928825864868,0.825640269748141,0.00748469418653965,0.00803550181713092,6.52166011697572,0.724361065287473
3,JDC,7,mIPS-L,RT_Upright_anti_R,0.772681950092723,0.263471396271641,1.03615334636436,0.00901233256066134,0.00970538726160814,6.50000283373235,0.722539517033624
3,JDC,8,VIP-L,RT_Upright_anti_R,0.690529163017116,0.339632365778605,1.03016152879572,0.00931022218641319,0.0100324133311825,6.49700502134411,0.726497322375002
3,JDC,9,SPOC-L,RT_Upright_anti_R,0.447685928537693,0.615446362709905,1.0631322912476,0.00962261906035391,0.0103089300896994,6.48251447627363,0.710040780503305
3,JDC,10,S1-L,RT_Upright_anti_R,0.762944821079522,0.593370516797105,1.35631533787663,0.0115626951233562,0.0123576390537002,6.4574052010907,0.696958213375022
3,JDC,11,M1-L,RT_Upright_anti_R,0.532191182110743,0.613620642026865,1.14581182413761,0.00995747034933239,0.0106704832598,6.48750994389976,0.720632713890083
3,JDC,12,SMA-L,RT_Upright_anti_R,0.656995322276559,0.389209114925591,1.04620443720215,0.0104464336593884,0.0112268646401016,6.48625689586066,0.725254191197397
3,JDC,13,PMd-L,RT_Upright_anti_R,0.205593376778495,0.979381748840329,1.18497512561882,0.00885638805772322,0.00946251865405098,6.48969080502614,0.718022964070239
3,JDC,14,PMv-L,RT_Upright_anti_R,0.0571352050371405,0.390373353688507,0.447508558725647,0.00442749561620715,0.0047434202928839,6.59003919307675,0.750507506848941
3,JDC,15,FEF-L,RT_Upright_anti_R,0.332413715529869,0.541873887308063,0.874287602837932,0.00872437701390672,0.00938910969214192,6.5116583719512,0.734341996969118
3,JDC,16,POJ-L,RT_Upright_anti_R,0.516164248394137,0.337265307369844,0.85342955576398,0.0078372573216751,0.00839987981466521,6.51533049800422,0.716183736326078
3,JDC,17,V1-R,RT_Upright_anti_R,0.209038799613164,0.365858090561128,0.574896890174291,0.00640685268384474,0.00687573441518946,6.55370617135312,0.743786259572918
3,JDC,18,V3-R,RT_Upright_anti_R,0.314346990227821,0.347916483944961,0.662263474172782,0.00728090947359536,0.00783345628168863,6.53654998005064,0.739075629089128
3,JDC,19,STS-R,RT_Upright_anti_R,0.0926638518583551,0.309749688887331,0.402413540745686,0.00522851499650208,0.00560837477936321,6.57568105772498,0.749392244940033
3,JDC,20,IPL-R,RT_Upright_anti_R,0.678479856827394,0.474831504520337,1.15331136134773,0.011079344071044,0.0119121094480718,6.47379935999447,0.722511966922991
3,JDC,21,SPL-R,RT_Upright_anti_R,0.57481605214836,0.739255784077119,1.31407183622548,0.0106502008916393,0.0114266273356501,6.47222633182184,0.714881413360131
3,JDC,22,AG-R,RT_Upright_anti_R,0.478716324716545,0.320080092762938,0.798796417479482,0.00874098791271306,0.00936500294216631,6.51060072276737,0.732784714858496
3,JDC,23,mIPS-R,RT_Upright_anti_R,0.888662564106893,0.397363465940184,1.28602603004708,0.0110410702632539,0.011822580727236,6.46767427163538,0.706403431330418
3,JDC,24,VIP-R,RT_Upright_anti_R,0.928733432027739,0.427197321652515,1.35593075368025,0.0112656513083649,0.0121245721953913,6.4608051471071,0.707464916211647
3,JDC,25,SPOC-R,RT_Upright_anti_R,0.313399838040086,1.29599997698462,1.60939981502471,0.010798229009716,0.0116076790019778,6.44855969202368,0.705986529592587
3,JDC,26,S1-R,RT_Upright_anti_R,0.447464023760342,0.360071880558664,0.807535904319006,0.00860544936230014,0.00919736510736044,6.51525617350266,0.732330090108044
3,JDC,27,M1-R,RT_Upright_anti_R,0.627056441524977,0.321617456624807,0.948673898149783,0.00869969509247978,0.00927419928456999,6.50671490349583,0.718880407845853
3,JDC,28,SMA-R,RT_Upright_anti_R,0.445701204004826,0.383341254265978,0.829042458270804,0.00887429541976527,0.00951360686776867,6.51063688235848,0.730940694899942
3,JDC,29,PMd-R,RT_Upright_anti_R,0.330057176941978,0.5626542634847,0.892711440426679,0.00931526894506256,0.00998901405381502,6.50154743844826,0.730738491506851
3,JDC,30,PMv-R,RT_Upright_anti_R,0.118371788985413,0.33697565553546,0.455347444520873,0.00554168274227092,0.0059161054609748,6.57196796826188,0.746980510926403
3,JDC,31,FEF-R,RT_Upright_anti_R,0.386625508013868,0.304090368624758,0.690715876638626,0.00754935754525475,0.0080556871418719,6.53455667234808,0.737624984007247
3,JDC,32,POJ-R,RT_Upright_anti_R,0.753593958665967,0.768060123738488,1.52165408240445,0.0108550974600479,0.011597545035003,6.45433069666851,0.692619269364868
4,JFXD,1,V1-L,RT_Upright_anti_R,0.191602220985211,0.469757615808975,0.661359836794185,0.00763232846221622,0.00808230276148335,6.97759948452956,0.865164718355938
4,JFXD,2,V3-L,RT_Upright_anti_R,0.312380604873231,0.375874023689991,0.688254628563222,0.00772099156524057,0.00817919178222015,6.97543698213251,0.867193667346519
4,JFXD,3,STS-L,RT_Upright_anti_R,0.151791023718832,1.18767547728685,1.33946650100568,0.0109225788191133,0.011548056268072,6.91762808551441,0.848028279149606
4,JFXD,4,IPL-L,RT_Upright_anti_R,0.851543516369763,0.427314004620247,1.27885752099001,0.0116334178086121,0.0122913944705479,6.91257981681256,0.849549081057387
4,JFXD,5,SPL-L,RT_Upright_anti_R,0.92707734129922,0.524202166344223,1.45127950764344,0.0131334861254615,0.0138919721005731,6.89067936266741,0.84186248973684
4,JFXD,6,AG-L,RT_Upright_anti_R,0.511802807475665,0.699770192866554,1.21157300034222,0.012546702284346,0.0132872561412546,6.90452955815018,0.844292619972777
4,JFXD,7,mIPS-L,RT_Upright_anti_R,0.926185224642173,0.542929123831926,1.4691143484741,0.0133729587286532,0.0141557006385972,6.88940015677218,0.842155578941913
4,JFXD,8,VIP-L,RT_Upright_anti_R,0.925353641173515,0.420989428244464,1.34634306941798,0.0121447774829985,0.0128582330195618,6.9057406277454,0.84449696579236
4,JFXD,9,SPOC-L,RT_Upright_anti_R,0.603058310958855,0.532392170656016,1.13545048161487,0.0124905096982777,0.0132250478411083,6.90892670759416,0.848025640009682
4,JFXD,10,S1-L,RT_Upright_anti_R,0.93883661481217,0.448130508376605,1.38696712318878,0.012467896819102,0.0131432169093186,6.89838803930033,0.83803565350177
4,JFXD,11,M1-L,RT_Upright_anti_R,0.891915109077178,0.290544790348222,1.1824598994254,0.0110929293292645,0.0117113715130495,6.92366913207834,0.847413944074071
4,JFXD,12,SMA-L,RT_Upright_anti_R,0.876427386011656,0.34032834838486,1.21675573439652,0.0120637021703953,0.0127588222645241,6.91475306510153,0.847778365290233
4,JFXD,13,PMd-L,RT_Upright_anti_R,0.814735707516258,0.276574871846825,1.09131057936308,0.0100901138641127,0.0106558643516256,6.9344959210986,0.851479896108248
4,JFXD,14,PMv-L,RT_Upright_anti_R,0.154891699540089,2.36509896690697,2.51999066644706,0.0133132905638304,0.014023498031297,6.84677338825822,0.796433742521423
4,JFXD,15,FEF-L,RT_Upright_anti_R,0.797884938101599,0.539042386586981,1.33692732468858,0.0126806803173688,0.013388051836091,6.90033463422348,0.821785855037385
4,JFXD,16,POJ-L,RT_Upright_anti_R,0.393744776736529,0.653706706570228,1.04745148330676,0.010566454290642,0.0111349985499212,6.93140512783969,0.84961605828976
4,JFXD,17,V1-R,RT_Upright_anti_R,0.136391596657891,0.378240905714034,0.514632502371925,0.00637664655133274,0.00676906808621901,6.99817555134173,0.874230225884987
4,JFXD,18,V3-R,RT_Upright_anti_R,0.182824436185263,0.528891291743431,0.711715727928693,0.0080706802476935,0.00857492792925433,6.96812225421411,0.863903339283422
4,JFXD,19,STS-R,RT_Upright_anti_R,0.192148382989849,0.510985963442727,0.703134346432576,0.00762665962001678,0.00810465097794858,6.97763746314476,0.868898335200847
4,JFXD,20,IPL-R,RT_Upright_anti_R,0.94424403273656,0.533465441853692,1.47770947459025,0.0121594434250052,0.0129000797756645,6.8939049743578,0.825220440713791
4,JFXD,21,SPL-R,RT_Upright_anti_R,0.883073736815838,0.221903418004982,1.10497715482082,0.0106789226185411,0.0113149132903678,6.92821265398891,0.853606643151971
4,JFXD,22,AG-R,RT_Upright_anti_R,0.510624520265213,0.823957888877616,1.33458240914283,0.0112255866735758,0.011875573341477,6.9042122957721,0.836125965161863
4,JFXD,23,mIPS-R,RT_Upright_anti_R,0.96900600668138,0.661808853130597,1.63081485981198,0.0138894871809621,0.0147030983865388,6.87209329813304,0.822107511500971
4,JFXD,24,VIP-R,RT_Upright_anti_R,0.708755932048693,0.65498199512921,1.3637379271779,0.0111892472010053,0.011863522330009,6.90642911716026,0.834170004393564
4,JFXD,25,SPOC-R,RT_Upright_anti_R,0.642371765808358,0.513310269851551,1.15568203565991,0.0115458032484201,0.0122139523739302,6.91650755622447,0.845567407489039
4,JFXD,26,S1-R,RT_Upright_anti_R,0.601852819292929,0.334453345881061,0.93630616517399,0.00927510356508941,0.00983597476961039,6.94231893225396,0.851854741332917
4,JFXD,27,M1-R,RT_Upright_anti_R,0.844730993001343,0.27006109054408,1.11479208354542,0.0102974683106528,0.0109280600100905,6.92540686944482,0.844189939133854
4,JFXD,28,SMA-R,RT_Upright_anti_R,0.992362366899636,0.310243323386523,1.30260569028616,0.0121457344094281,0.012821309209717,6.91010690281212,0.841594646167981
4,JFXD,29,PMd-R,RT_Upright_anti_R,0.38750469471854,0.651232998573821,1.03873769329236,0.0106696916654494,0.0112870576778608,6.92854592828506,0.84784276970141
4,JFXD,30,PMv-R,RT_Upright_anti_R,0.128071767483783,1.44918996583022,1.577261733314,0.0116078181097901,0.0123035652054995,6.90310774800981,0.843787335515763
4,JFXD,31,FEF-R,RT_Upright_anti_R,0.324899921544923,0.244416452199718,0.569316373744641,0.00788883626148795,0.00837941787756635,6.98190688234634,0.87154839605554
4,JFXD,32,POJ-R,RT_Upright_anti_R,0.445041638469196,0.98166154835814,1.42670318682734,0.0140369715971215,0.0148454890926684,6.88851813490638,0.834078526920189
5,JZ,1,V1-L,RT_Upright_anti_R,0.140376818944313,0.204613439859846,0.34499025880416,0.00418159847750256,0.00456426401145084,6.02851943236807,0.549748354984229
5,JZ,2,V3-L,RT_Upright_anti_R,0.245808899127489,0.170918601961145,0.416727501088634,0.00498884612496625,0.00544559131315713,6.01450905853669,0.5482541580998
5,JZ,3,STS-L,RT_Upright_anti_R,0.142164264586039,0.256630296450552,0.398794561036591,0.00465753155965388,0.00507870301252015,6.0218832438713,0.548325535122516
5,JZ,4,IPL-L,RT_Upright_anti_R,0.320985097453712,0.742425855548124,1.06341095300184,0.00762313097635532,0.00830178284081154,5.95002444874865,0.52289270869558
5,JZ,5,SPL-L,RT_Upright_anti_R,0.557805644567732,0.205621987486975,0.763427632054707,0.00669198658852401,0.00732784428210313,5.97313263897537,0.533522328851269
5,JZ,6,AG-L,RT_Upright_anti_R,0.436221121212171,0.186163967213472,0.622385088425643,0.00555776736210609,0.00603786391808697,5.99461780233259,0.536737135371606
5,JZ,7,mIPS-L,RT_Upright_anti_R,0.580277775237263,0.213704199015229,0.793981974252492,0.00602179195243112,0.00656348901535873,5.9769727638562,0.531499914103669
5,JZ,8,VIP-L,RT_Upright_anti_R,0.85241249286683,0.23527705882118,1.08768955168801,0.00684656783086426,0.00739818561463594,5.95669573159712,0.519981394129807
5,JZ,9,SPOC-L,RT_Upright_anti_R,0.421463300386022,0.310066704206871,0.731530004592893,0.00646153881720255,0.00700881134197536,5.97409557027045,0.51623688405405
5,JZ,10,S1-L,RT_Upright_anti_R,0.517793715883112,0.885971967003789,1.4037656828869,0.00887703179785965,0.00964379647267568,5.91298486244484,0.508827430131575
5,JZ,11,M1-L,RT_Upright_anti_R,0.147030497881559,0.972926959602696,1.11995745748426,0.00764917405566762,0.00832527368381402,5.94792803705296,0.525028412847726
5,JZ,12,SMA-L,RT_Upright_anti_R,0.333323452162868,0.163790943722932,0.497114395885801,0.00518172022967299,0.00566706260620534,6.0070431451601,0.543414208655058
5,JZ,13,PMd-L,RT_Upright_anti_R,0.309186591597243,0.607393624189917,0.91658021578716,0.0070642189548535,0.00766422023008438,5.96161043263789,0.52634307369261
5,JZ,14,PMv-L,RT_Upright_anti_R,0.0744541438036411,0.184801356353629,0.25925550015727,0.00367089180115588,0.00399566364415417,6.04569412156968,0.557298678670217
5,JZ,15,FEF-L,RT_Upright_anti_R,0.0976062902017654,0.215743875453573,0.313350165655338,0.00365740152267912,0.00396000878255147,6.04017512615261,0.549375857620793
5,JZ,16,POJ-L,RT_Upright_anti_R,0.138818103021043,0.421150095792244,0.559968198813287,0.00479919404206102,0.00523364347494769,6.006271330093,0.532464443523369
5,JZ,17,V1-R,RT_Upright_anti_R,0.0952638918630942,0.471486485420033,0.566750377283127,0.00434275323957087,0.00473473521804118,6.01465629112812,0.539951396537739
5,JZ,18,V3-R,RT_Upright_anti_R,0.232431160373138,0.271405445819785,0.503836606192922,0.00569202945527578,0.00624866907901809,5.99769279994339,0.546581380716956
5,JZ,19,STS-R,RT_Upright_anti_R,0.172316794282889,0.219007736596755,0.391324530879645,0.00433505787025635,0.00470677202106191,6.02696416670386,0.547496958606836
5,JZ,20,IPL-R,RT_Upright_anti_R,0.484388701270103,0.230325946434604,0.714714647704707,0.00635851184095068,0.00699390402744849,5.9757814458692,0.531417734108272
5,JZ,21,SPL-R,RT_Upright_anti_R,0.522781534060131,0.292774778740571,0.815556312800703,0.00683658094851354,0.007428255391419,5.96008742034879,0.520931628570045
5,JZ,22,AG-R,RT_Upright_anti_R,0.415584419641472,0.275969942883347,0.691554362524819,0.00677651783873176,0.00742422568041819,5.97678837577018,0.539423940273797
5,JZ,23,mIPS-R,RT_Upright_anti_R,0.443320878927194,0.366581992233936,0.80990287116113,0.00652369727793031,0.00710787290497024,5.96648646770213,0.520516379433512
5,JZ,24,VIP-R,RT_Upright_anti_R,0.765786602736877,0.214396362061969,0.980182964798846,0.00744122467859672,0.0081396023548832,5.94972872653,0.520612196636768
5,JZ,25,SPOC-R,RT_Upright_anti_R,0.530157248283239,0.728812117492307,1.25896936577555,0.00818305328070879,0.00882611651830752,5.91326705455693,0.48377243442754
5,JZ,26,S1-R,RT_Upright_anti_R,0.279331728312336,0.257948022128561,0.537279750440897,0.00566032450881359,0.00616160451401704,5.99703310693584,0.544145654385927
5,JZ,27,M1-R,RT_Upright_anti_R,0.19606816583263,0.432133004392586,0.628201170225216,0.00575657454299495,0.00623370004346909,5.99424053901131,0.539924461663158
5,JZ,28,SMA-R,RT_Upright_anti_R,0.760824915708611,0.160815203056517,0.921640118765128,0.00658223919635456,0.00715646316589333,5.96932556040777,0.531673838825749
5,JZ,29,PMd-R,RT_Upright_anti_R,0.222196791379177,0.435483213629002,0.657680005008179,0.00549865831013405,0.00594359835790405,5.99610084731232,0.537346505117698
5,JZ,30,PMv-R,RT_Upright_anti_R,0.0766487571567813,0.187822714703738,0.264471471860519,0.00340930878986998,0.00370394784133887,6.04850339457448,0.555743487158459
5,JZ,31,FEF-R,RT_Upright_anti_R,0.246494867073002,0.146669876460957,0.393164743533959,0.00407729086056006,0.00443446413524756,6.03084352362077,0.54608270614967
5,JZ,32,POJ-R,RT_Upright_anti_R,0.255428812817632,0.345919703914267,0.601348516731899,0.00542112254938781,0.00589462046032579,6.00112643221574,0.531563600281935
6,LT,1,V1-L,RT_Upright_anti_R,0.104701683208832,0.421486114742293,0.526187797951125,0.00591784975650213,0.00634844382195226,6.54817358897578,0.730438423403182
6,LT,2,V3-L,RT_Upright_anti_R,0.153495847386362,0.737022059593103,0.890517906979465,0.00846540198320363,0.00911229446866351,6.50192005034863,0.725428405791029
6,LT,3,STS-L,RT_Upright_anti_R,0.0773448261547689,0.474259462847202,0.551604289001971,0.00556000489154952,0.00597069864630572,6.55262235437811,0.733052929742608
6,LT,4,IPL-L,RT_Upright_anti_R,0.814140526656587,0.495506432385971,1.30964695904256,0.0111526105678172,0.0119273680834829,6.44459446882238,0.693142309638468
6,LT,5,SPL-L,RT_Upright_anti_R,0.738886790116813,0.959197518907763,1.69808430902458,0.013545935302006,0.0144965809862155,6.4083818975366,0.671043823682152
6,LT,6,AG-L,RT_Upright_anti_R,0.466603514022528,0.450312881363519,0.916916395386047,0.00855076533900685,0.00914355224184145,6.49816509285843,0.710726648310395
6,LT,7,mIPS-L,RT_Upright_anti_R,0.860165825966764,0.939394857995,1.79956068396176,0.0136310420292663,0.014503307045502,6.37226603991206,0.665219154371637
6,LT,8,VIP-L,RT_Upright_anti_R,0.937006427341494,0.396831302781533,1.33383773012303,0.0112016416641546,0.0119894785656095,6.43964163216111,0.692667380493376
6,LT,9,SPOC-L,RT_Upright_anti_R,0.807645814347131,0.386019578109264,1.1936653924564,0.0098989808149899,0.0105746328247688,6.46378169222405,0.697531199819694
6,LT,10,S1-L,RT_Upright_anti_R,0.819765339666985,0.4091801539732,1.22894549364018,0.0109795031064753,0.0117505656693337,6.4557698401268,0.69749059932795
6,LT,11,M1-L,RT_Upright_anti_R,0.567155614799822,0.277063002516383,0.844218617316205,0.00902168953108944,0.00966957586586938,6.49374985208603,0.717491670991567
6,LT,12,SMA-L,RT_Upright_anti_R,0.281650386458894,0.282940216443591,0.564590602902485,0.0075411055823492,0.00811627999136595,6.52295555091976,0.729727676325581
6,LT,13,PMd-L,RT_Upright_anti_R,0.25281246910929,0.452215514217815,0.705027983327105,0.00712124169048609,0.00766255691348229,6.51615737757714,0.722697079051028
6,LT,14,PMv-L,RT_Upright_anti_R,0.0895455260970671,0.418943456794114,0.508488982891181,0.00563276015382798,0.0060400459203334,6.55504937438083,0.736495822816731
6,LT,15,FEF-L,RT_Upright_anti_R,0.510886505219657,0.557998183313712,1.06888468853337,0.00989992925391211,0.0105564210517531,6.47015530048967,0.702247961687169
6,LT,16,POJ-L,RT_Upright_anti_R,0.502178404425516,0.399453510393979,0.901631914819495,0.00861325188889124,0.00920226860720264,6.49225508209733,0.707977698448485
6,LT,17,V1-R,RT_Upright_anti_R,0.262528528264094,0.636703002211048,0.899231530475142,0.00797053519117756,0.00850781578885098,6.50654110243313,0.708148894383579
6,LT,18,V3-R,RT_Upright_anti_R,0.189285138884831,0.293685267729226,0.482970406614057,0.00606860362430006,0.00649760707939909,6.54345661596127,0.732153916940315
6,LT,19,STS-R,RT_Upright_anti_R,0.0598933633274914,0.373657577080014,0.433550940407505,0.00477855316242196,0.00512406171611628,6.56784537177015,0.736962496650742
6,LT,20,IPL-R,RT_Upright_anti_R,0.87055443069841,0.466642036422056,1.33719646712047,0.0114561904640643,0.0123337094328937,6.43600822656226,0.691634641026025
6,LT,21,SPL-R,RT_Upright_anti_R,0.40730186546213,0.804108490574796,1.21141035603693,0.0105248272192303,0.0112655407700922,6.46255954116865,0.701323020414023
6,LT,22,AG-R,RT_Upright_anti_R,0.61036791364196,0.329464680741368,0.939832594383328,0.00974587110002672,0.0104406325015961,6.47998869376729,0.71212400159173
6,LT,23,mIPS-R,RT_Upright_anti_R,0.965364566161188,0.276993125606532,1.24235769176772,0.0105335774423563,0.0112937979803819,6.45857956662031,0.704340506853964
6,LT,24,VIP-R,RT_Upright_anti_R,0.857966936814612,0.412586124752511,1.27055306156712,0.011589098352767,0.0124859498814025,6.44221091219114,0.698986717515205
6,LT,25,SPOC-R,RT_Upright_anti_R,0.522864399919847,0.6322982086571,1.15516260857695,0.00964615252340345,0.0102860184127962,6.45731395149507,0.690619469184247
6,LT,26,S1-R,RT_Upright_anti_R,0.55224103474782,0.187360604451735,0.739601639199555,0.00766792311729683,0.00823639969375546,6.51352498941293,0.723905626980339
6,LT,27,M1-R,RT_Upright_anti_R,0.351340466579273,0.330181742902863,0.681522209482136,0.00809773969853499,0.00870190726424501,6.51337631679854,0.725709892142661
6,LT,28,SMA-R,RT_Upright_anti_R,0.292465160080729,0.488284635101303,0.780749795182032,0.00859858173854001,0.00925641776088339,6.50212440345414,0.724036318043462
6,LT,29,PMd-R,RT_Upright_anti_R,0.121047107613024,0.421431475633178,0.542478583246201,0.00581679165679714,0.00624021834168523,6.55078519765588,0.732476607205186
6,LT,30,PMv-R,RT_Upright_anti_R,0.0851825483991489,0.419245481435597,0.504428029834746,0.00594666492087005,0.00634897935780218,6.54899912344213,0.737249564977773
6,LT,31,FEF-R,RT_Upright_anti_R,0.148321480159428,0.168569823703904,0.316891303863332,0.00444438860471686,0.00477440737956727,6.57797888776041,0.741911561561213
6,LT,32,POJ-R,RT_Upright_anti_R,0.321297216035847,0.302971134386673,0.62426835042252,0.00749265825483407,0.00803527338343218,6.51895934614136,0.728827094631309
7,NvA,1,V1-L,RT_Upright_anti_R,0.0811291465483897,0.258899054647752,0.340028201196142,0.00427881598690694,0.00470548710948025,6.07094468429834,0.626463037828881
7,NvA,2,V3-L,RT_Upright_anti_R,0.118644487798434,0.425323418697986,0.54396790649642,0.00511880815379983,0.00562428620547678,6.04622800508625,0.614268182883915
7,NvA,3,STS-L,RT_Upright_anti_R,0.174489576984295,0.211706303324565,0.386195880308861,0.00422934822601104,0.00461723698015598,6.0651163171948,0.618216025750699
7,NvA,4,IPL-L,RT_Upright_anti_R,0.397873935904228,0.568459954353895,0.966333890258124,0.00791932791694895,0.00863085795177309,5.99194077566265,0.599320178317803
7,NvA,5,SPL-L,RT_Upright_anti_R,0.360608907903678,0.469194018425654,0.829802926329332,0.0072044977631685,0.00782738270476461,6.00421421036663,0.600174791828952
7,NvA,6,AG-L,RT_Upright_anti_R,0.510415190614155,0.364318605822992,0.874733796437147,0.00773633705098162,0.00846128655696645,5.9935344480212,0.592149745467887
7,NvA,7,mIPS-L,RT_Upright_anti_R,0.568618266751075,0.321243584314394,0.88986185106547,0.00731626294223842,0.00799236382332254,5.99755634492988,0.598047295907981
7,NvA,8,VIP-L,RT_Upright_anti_R,0.651701591857331,0.271541377255913,0.923242969113244,0.00741927296089675,0.00808363796717957,5.99862004898367,0.597973897304691
7,NvA,9,SPOC-L,RT_Upright_anti_R,0.421099371013356,0.547944894394783,0.969044265408138,0.00773890446089785,0.00844003466112714,5.98700076937561,0.595078845811969
7,NvA,10,S1-L,RT_Upright_anti_R,0.789200273788649,0.484723350496122,1.27392362428477,0.00943851133543434,0.0102787375437178,5.95345288525636,0.574586268345984
7,NvA,11,M1-L,RT_Upright_anti_R,0.230713224660911,0.640914838533828,0.871628063194738,0.0068234813005098,0.00740430025485917,6.00941579127773,0.60129715364137
7,NvA,12,SMA-L,RT_Upright_anti_R,0.158764262353792,0.249332215526325,0.408096477880117,0.00428769598863659,0.00468203589400665,6.06058566524266,0.619863672525296
7,NvA,13,PMd-L,RT_Upright_anti_R,0.2928062084963,0.284733545697901,0.577539754194201,0.00597429671561219,0.00654165877745353,6.0266480800776,0.611242265981977
7,NvA,14,PMv-L,RT_Upright_anti_R,0.0992656145050091,0.195718426335272,0.294984040840281,0.0037929806072816,0.00415762746911251,6.07887904461196,0.627460126190293
7,NvA,15,FEF-L,RT_Upright_anti_R,0.253596728603857,0.258351603292732,0.51194833189659,0.00535830235233405,0.00585239796897279,6.04328812821081,0.61520018394088
7,NvA,16,POJ-L,RT_Upright_anti_R,0.219006652489275,0.486682872160562,0.705689524649838,0.00614772493212986,0.00669477959748202,6.02495047395794,0.601440860262585
7,NvA,17,V1-R,RT_Upright_anti_R,0.124704039754644,0.191346881621478,0.316050921376122,0.00355554370609328,0.00390290768816347,6.08158428045842,0.622044162740036
7,NvA,18,V3-R,RT_Upright_anti_R,0.406104509080236,0.200138848049303,0.606243357129539,0.00526454186632143,0.00580598643160744,6.03669042411261,0.60604505316506
7,NvA,19,STS-R,RT_Upright_anti_R,0.17869691988793,0.192735156771346,0.371432076659276,0.0040889427339054,0.00450223667064625,6.06943837151911,0.622639370663245
7,NvA,20,IPL-R,RT_Upright_anti_R,0.563599834808895,0.506004519964301,1.0696043547732,0.00818487845983963,0.00899799281053131,5.9768845575972,0.588530070701442
7,NvA,21,SPL-R,RT_Upright_anti_R,0.687912127273387,0.272484056640251,0.960396183913637,0.00685858726027847,0.00753235617443877,5.99241730801474,0.578333730510055
7,NvA,22,AG-R,RT_Upright_anti_R,0.364531008900121,0.58307745333264,0.947608462232761,0.00611821310432156,0.00669569453370527,5.9947330158842,0.567809009655223
7,NvA,23,mIPS-R,RT_Upright_anti_R,0.659713522572766,0.176235733620817,0.835949256193583,0.00707354327508162,0.00777484462253491,6.0055248223483,0.602455360199009
7,NvA,24,VIP-R,RT_Upright_anti_R,0.450182863634483,0.618131959982329,1.06831482361681,0.00739065509806344,0.00813209707650634,5.98022459452172,0.584218005195791
7,NvA,25,SPOC-R,RT_Upright_anti_R,0.518249712624404,0.510502736575811,1.02875244920021,0.0077007075751911,0.00846360894939641,5.97824168818416,0.584355563697063
7,NvA,26,S1-R,RT_Upright_anti_R,0.338265293728704,0.264282499773198,0.602547793501902,0.00588885289157844,0.006453560365474,6.02522412848604,0.608711277167714
7,NvA,27,M1-R,RT_Upright_anti_R,0.505846061356955,0.243487074663265,0.74933313602022,0.00707416566422447,0.00775454773341109,6.00506399019568,0.608013188949167
7,NvA,28,SMA-R,RT_Upright_anti_R,0.170410630247505,0.287726545075368,0.458137175322873,0.00500455683768428,0.00546269486490824,6.05132285282454,0.616931719284272
7,NvA,29,PMd-R,RT_Upright_anti_R,0.150796263379171,0.196975947987943,0.347772211367114,0.00439080085969769,0.00478723935615578,6.06680096317766,0.623643018645546
7,NvA,30,PMv-R,RT_Upright_anti_R,0.03398507272217,0.210594479988305,0.244579552710475,0.00291741128784783,0.00318309876746243,6.10315417691309,0.630292320356117
7,NvA,31,FEF-R,RT_Upright_anti_R,0.292195958494128,0.286853812102231,0.579049770596359,0.00573246358498789,0.00630195261104256,6.03462045763416,0.610608777632412
7,NvA,32,POJ-R,RT_Upright_anti_R,0.363084675496845,0.356546164805819,0.719630840302664,0.0061197395291559,0.00668819576770828,6.02098291645942,0.5945010856612
8,RR,1,V1-L,RT_Upright_anti_R,0.272466364924672,0.338721526557295,0.611187891481967,0.00658158949924942,0.00713779001859956,6.20071551465136,0.623964425259472
8,RR,2,V3-L,RT_Upright_anti_R,0.141518358455246,0.636333420149504,0.777851778604751,0.00653428371708538,0.00702423709525601,6.19411546133903,0.618935586723148
8,RR,3,STS-L,RT_Upright_anti_R,0.131983887178865,0.169500567600353,0.301484454779218,0.0039309601455243,0.0042405396553347,6.25786689848104,0.641208143246282
8,RR,4,IPL-L,RT_Upright_anti_R,0.579769610444933,0.185758926171576,0.765528536616509,0.00734394787721679,0.00794941273418408,6.18518278219148,0.62033442997793
8,RR,5,SPL-L,RT_Upright_anti_R,0.898589133080741,0.335802865528711,1.23439199860945,0.00950818026056191,0.0102627392480855,6.13898510511434,0.595297198747129
8,RR,6,AG-L,RT_Upright_anti_R,0.431420439831048,0.263502879390417,0.694923319221465,0.00633066300276987,0.00679164248728418,6.1969743919064,0.614770523164112
8,RR,7,mIPS-L,RT_Upright_anti_R,0.586524658362082,0.203977079585601,0.790501737947682,0.00732946055158322,0.0078880467345041,6.1868546135913,0.617551134420689
8,RR,8,VIP-L,RT_Upright_anti_R,0.702841269051024,0.259540073718138,0.962381342769163,0.00832834544609228,0.00900545455229753,6.16514147748341,0.612759593427301
8,RR,9,SPOC-L,RT_Upright_anti_R,0.73359204926711,0.462493419690931,1.19608546895804,0.00975134881209733,0.010537958189943,6.13776319455252,0.593638611483389
8,RR,10,S1-L,RT_Upright_anti_R,0.504354295595661,0.529110528602872,1.03346482419853,0.00922016938084726,0.00991012562244599,6.14783991600071,0.608367094738565
8,RR,11,M1-L,RT_Upright_anti_R,0.424708088536989,0.232061446091859,0.656769534628848,0.00618359982688972,0.00667228700956744,6.20152888282404,0.621510883265587
8,RR,12,SMA-L,RT_Upright_anti_R,0.691294323220848,0.478836897892343,1.17013122111319,0.00964282275112013,0.0103540594370195,6.13910722213271,0.59629786801172
8,RR,13,PMd-L,RT_Upright_anti_R,0.267200121597945,0.490434287035,0.757634408632945,0.00667015008909876,0.00720264318415061,6.19277056582572,0.618956244240786
8,RR,14,PMv-L,RT_Upright_anti_R,0.115035975198213,0.179448071528251,0.294484046726464,0.004051156832503,0.00436335727474092,6.25333909930005,0.637186962809335
8,RR,15,FEF-L,RT_Upright_anti_R,0.266349570719588,0.198719117127603,0.465068687847191,0.00515478703413365,0.00555606504290193,6.22686079915019,0.632623197478565
8,RR,16,POJ-L,RT_Upright_anti_R,0.272941301969393,0.568270348859781,0.841211650829174,0.00697611651032927,0.00745855550791728,6.18538309449141,0.608625290867098
8,RR,17,V1-R,RT_Upright_anti_R,0.250110185442266,0.234343886144886,0.484454071587152,0.00606274866869685,0.00653841552450837,6.21409446618502,0.632480507784388
8,RR,18,V3-R,RT_Upright_anti_R,0.239884981537613,0.445051572549488,0.684936554087101,0.00698032662476512,0.00751878153438741,6.19648234737148,0.623515000546086
8,RR,19,STS-R,RT_Upright_anti_R,0.164708222026912,0.194201613751852,0.358909835778764,0.00454401653753296,0.00491864634934954,6.23915724516371,0.638751063409464
8,RR,20,IPL-R,RT_Upright_anti_R,0.424319055119624,0.40660561807071,0.830924673190333,0.00731129986873229,0.00785784939809368,6.18364837667824,0.619598770074503
8,RR,21,SPL-R,RT_Upright_anti_R,0.36379569144705,0.737109020724212,1.10090471217126,0.00892047446817831,0.00951153973884555,6.14818124427438,0.596871767617641
8,RR,22,AG-R,RT_Upright_anti_R,0.210828292305557,0.566609581985589,0.777437874291147,0.00617157172014188,0.00662043746503174,6.19625021828277,0.617557053306481
8,RR,23,mIPS-R,RT_Upright_anti_R,0.218595460789335,0.620415184339214,0.839010645128549,0.00810729754416781,0.0087553394157547,6.17292973853917,0.61800284552294
8,RR,24,VIP-R,RT_Upright_anti_R,0.569837479502627,0.432811047376102,1.00264852687873,0.00817827051080688,0.00875495357476902,6.16289577216327,0.605157972894408
8,RR,25,SPOC-R,RT_Upright_anti_R,0.508991157586674,0.463806212328041,0.972797369914715,0.00843497151657342,0.00913558868543465,6.15664662771551,0.611280001378471
8,RR,26,S1-R,RT_Upright_anti_R,0.658813716099425,0.204088148347746,0.862901864447171,0.00795102364239671,0.00857914739600312,6.17700411821871,0.618963025862899
8,RR,27,M1-R,RT_Upright_anti_R,0.196806108461725,0.521529319564483,0.718335428026208,0.00659496680334201,0.00707249886340852,6.19820925073773,0.61680640333827
8,RR,28,SMA-R,RT_Upright_anti_R,0.255377135805573,0.864089586649553,1.11946672245513,0.00871356421718057,0.00937489281004106,6.15364624798235,0.607613789609603
8,RR,29,PMd-R,RT_Upright_anti_R,0.326450087215789,0.227621106333801,0.55407119354959,0.00584221356783936,0.00630377307483933,6.21175993967009,0.625329638159481
8,RR,30,PMv-R,RT_Upright_anti_R,0.119536186516324,0.175191908924951,0.294728095441275,0.00401347636529392,0.00434921889748529,6.25346748014762,0.644081770185102
8,RR,31,FEF-R,RT_Upright_anti_R,0.294039447691252,0.181055413873729,0.475094861564981,0.00531489563873445,0.0057475529841568,6.21966308881716,0.629137673280025
8,RR,32,POJ-R,RT_Upright_anti_R,0.449427318801983,0.465069297289498,0.914496616091481,0.00827830484409863,0.00890537294163874,6.16887331176094,0.609231870690701
9,SJB,1,V1-L,RT_Upright_anti_R,0.362063363943476,0.387342785224005,0.74940614916748,0.00738225297935671,0.00798534919600593,6.67313590351714,0.834158919239305
9,SJB,2,V3-L,RT_Upright_anti_R,0.347264908557216,0.505763688820282,0.853028597377499,0.0081831604898215,0.00888065919959226,6.65997261421414,0.830084266729615
9,SJB,3,STS-L,RT_Upright_anti_R,0.226564980504546,0.367665499382886,0.594230479887432,0.00671180530584318,0.00733120280597112,6.68997861037143,0.845683170964439
9,SJB,4,IPL-L,RT_Upright_anti_R,0.619353750486323,0.510009119177269,1.12936286966359,0.0103270014462191,0.0112754038249176,6.62457820036163,0.824729259380097
9,SJB,5,SPL-L,RT_Upright_anti_R,0.958922980462057,0.429053098248754,1.38797607871081,0.0117650346895974,0.0127675733267523,6.5989364965114,0.812224165280863
9,SJB,6,AG-L,RT_Upright_anti_R,0.538156284359288,0.853335531224325,1.39149181558361,0.0115174026336741,0.0124973106276396,6.59418324162656,0.797681486664398
9,SJB,7,mIPS-L,RT_Upright_anti_R,0.715122303741129,0.461996653126167,1.1771189568673,0.0109456879186162,0.0119309586951523,6.61731072051155,0.822673757233831
9,SJB,8,VIP-L,RT_Upright_anti_R,0.716463907735098,0.47515322882386,1.19161713655896,0.0111154250963084,0.0121045078969302,6.60960260266653,0.800747160387412
9,SJB,9,SPOC-L,RT_Upright_anti_R,0.530633861101318,1.11614084623546,1.64677470733678,0.0132897108564204,0.0144733934019378,6.55559796176467,0.793240439847775
9,SJB,10,S1-L,RT_Upright_anti_R,0.680200873405196,0.428710995099866,1.10891186850506,0.009623319984456,0.0104116550146936,6.63461678895507,0.815255065047537
9,SJB,11,M1-L,RT_Upright_anti_R,0.518640696671873,0.623707917498377,1.14234861417025,0.0104551399701189,0.0113563810699938,6.62129403955054,0.825097552224131
9,SJB,12,SMA-L,RT_Upright_anti_R,0.741509593823617,0.392139164327812,1.13364875815143,0.0109241140912574,0.0119413412969108,6.61613931751125,0.82271457660574
9,SJB,13,PMd-L,RT_Upright_anti_R,0.370848235287266,0.528982104078727,0.899830339365993,0.008877399431776,0.00966585288356697,6.65256944045905,0.831300903576357
9,SJB,14,PMv-L,RT_Upright_anti_R,0.0719185404096069,0.230418885881032,0.302337426290639,0.00438241502046836,0.00475194625308082,6.73922800210871,0.866124806023204
9,SJB,15,FEF-L,RT_Upright_anti_R,0.218652687455756,0.549461941691138,0.768114629146894,0.00731962600813868,0.00789643609068361,6.67903722363334,0.839217010289838
9,SJB,16,POJ-L,RT_Upright_anti_R,0.49606659785493,0.559422424802677,1.05548902265761,0.0106450392217685,0.0116276144480451,6.62825098281631,0.829637383604076
9,SJB,17,V1-R,RT_Upright_anti_R,0.542270757280757,0.502054019643671,1.04432477692443,0.00981959000634782,0.0106225771976622,6.63429077949793,0.829421929293304
9,SJB,18,V3-R,RT_Upright_anti_R,0.675276147628608,0.513478958068897,1.1887551056975,0.0106232017086102,0.0115594550975766,6.62014034360878,0.818191414585024
9,SJB,19,STS-R,RT_Upright_anti_R,0.151514393120989,0.277011650038621,0.428526043159611,0.00632897357128123,0.0069169658348622,6.7041671104237,0.862844869864269
9,SJB,20,IPL-R,RT_Upright_anti_R,0.543427469908565,0.280984559154531,0.824412029063096,0.00808632320591816,0.00883714268754571,6.65985834817799,0.836353952076071
9,SJB,21,SPL-R,RT_Upright_anti_R,0.468846611481439,0.495879209922952,0.964725821404391,0.00855504761949619,0.00925999051553607,6.64428075013844,0.822901204366572
9,SJB,22,AG-R,RT_Upright_anti_R,0.718049275084893,0.564108786290178,1.28215806137507,0.0104722074782821,0.0113909061762637,6.61074099410625,0.809989330587533
9,SJB,23,mIPS-R,RT_Upright_anti_R,0.48387609262615,0.442332219094398,0.926208311720549,0.00841328367890347,0.00915956688653664,6.64298260019828,0.8047801141661
9,SJB,24,VIP-R,RT_Upright_anti_R,0.595347144545802,0.38706535658414,0.982412501129942,0.00796261136197792,0.00867194550922689,6.65067871327341,0.817149702804395
9,SJB,25,SPOC-R,RT_Upright_anti_R,0.707654980348482,0.695659594383898,1.40331457473238,0.010786028626968,0.0117542051997412,6.59589623956018,0.792929533310896
9,SJB,26,S1-R,RT_Upright_anti_R,0.538790486271686,0.500734831816459,1.03952531808814,0.00863557491032144,0.00938260471269649,6.64007881284507,0.82325105234757
9,SJB,27,M1-R,RT_Upright_anti_R,0.250691796646303,0.721792073445315,0.972483870091618,0.008600177927143,0.00936044214481362,6.6443676607684,0.832754090858514
9,SJB,28,SMA-R,RT_Upright_anti_R,0.69732086505682,0.406366522480781,1.1036873875376,0.0103618677503365,0.0112948153358868,6.6237371185513,0.830177091155585
9,SJB,29,PMd-R,RT_Upright_anti_R,0.294093315998737,0.406280067634402,0.700373383633138,0.00815364991949604,0.00890102144333249,6.66399615588454,0.843884194294963
9,SJB,30,PMv-R,RT_Upright_anti_R,0.0776940298558822,0.260218948610268,0.33791297846615,0.00443938374242838,0.00481350500671885,6.73652240107207,0.86185228267349
9,SJB,31,FEF-R,RT_Upright_anti_R,0.272906037951405,0.241473898170396,0.514379936121801,0.00624970471187555,0.00677082536588439,6.69605617210605,0.851586101066489
9,SJB,32,POJ-R,RT_Upright_anti_R,0.580522811000778,0.595921201624449,1.17644401262523,0.0101691606910548,0.0110932945855687,6.62553492460336,0.813092010150494
10,BG,1,V1-L,RT_Upright_anti_R,0.0986802621514214,0.189711857531434,0.288392119682855,0.00360245623821241,0.0038792835183457,6.1109812698429,0.569584283926366
10,BG,2,V3-L,RT_Upright_anti_R,0.241282374514637,0.32319726866439,0.564479643179027,0.00623029209173619,0.00680895692021539,6.05521233965271,0.561308222296244
10,BG,3,STS-L,RT_Upright_anti_R,0.141221693644057,0.381720507640266,0.522942201284322,0.00514233277086184,0.00557855666813666,6.0705119115735,0.560686336637057
10,BG,4,IPL-L,RT_Upright_anti_R,0.281310572636711,0.416192522170732,0.697503094807443,0.00657447640382073,0.0071554055047368,6.04594510616651,0.557447368320296
10,BG,5,SPL-L,RT_Upright_anti_R,0.381384256921242,0.216850960874127,0.598235217795369,0.00636104954517663,0.00698429710149596,6.04814258300893,0.562309900658034
10,BG,6,AG-L,RT_Upright_anti_R,0.330285172358062,0.35488573471218,0.685170907070243,0.00651688803062792,0.00710218607853199,6.04266322167991,0.551094524558317
10,BG,7,mIPS-L,RT_Upright_anti_R,0.237122058340651,0.325081049136208,0.562203107476859,0.00587191140135428,0.00634758676514175,6.05847117220518,0.56084558623871
10,BG,8,VIP-L,RT_Upright_anti_R,0.414012689577451,0.264091746104096,0.678104435681548,0.00669524365467106,0.00732945413875086,6.04339043192806,0.559521966017111
10,BG,9,SPOC-L,RT_Upright_anti_R,0.254711615164807,0.370126001336808,0.624837616501615,0.00623540073663089,0.00677544805199955,6.05404180533363,0.557894317613466
10,BG,10,S1-L,RT_Upright_anti_R,0.74775310607112,0.099914734635076,0.847667840706196,0.00581435647052734,0.00629624688356414,6.04837312560342,0.548611809316941
10,BG,11,M1-L,RT_Upright_anti_R,0.432730308073906,0.161603905631046,0.594334213704952,0.00511689165904583,0.00554843931017722,6.07085792997609,0.557400671465335
10,BG,12,SMA-L,RT_Upright_anti_R,0.311207455251627,0.544236023515678,0.855443478767304,0.00738780547833743,0.00805362283496514,6.02135223487145,0.546058224342199
10,BG,13,PMd-L,RT_Upright_anti_R,0.141478914353043,0.532190311543297,0.67366922589634,0.00468481916701079,0.00504647094090269,6.0683490798242,0.550623659563922
10,BG,14,PMv-L,RT_Upright_anti_R,0.0924706203667174,0.135145075995175,0.227615696361892,0.00312552396367611,0.00339811823429885,6.12325513038704,0.571609502590845
10,BG,15,FEF-L,RT_Upright_anti_R,0.313482761144991,0.363964315047837,0.677447076192828,0.00657629000534677,0.00718432744829868,6.04349986339298,0.546707101744767
10,BG,16,POJ-L,RT_Upright_anti_R,0.134034496931142,0.406257252191807,0.540291749122948,0.00563647599538832,0.00619677776718973,6.06058304323364,0.563800308022801
10,BG,17,V1-R,RT_Upright_anti_R,0.134879810435084,0.290958409738579,0.425838220173663,0.00432619526564888,0.00467348477545972,6.09072977978626,0.558457327260017
10,BG,18,V3-R,RT_Upright_anti_R,0.175170297873577,0.381956525764213,0.557126823637789,0.00499816018647763,0.00541281149340868,6.07180643854451,0.556576997497346
10,BG,19,STS-R,RT_Upright_anti_R,0.164653267678624,0.234181917057189,0.398835184735812,0.00486736992544052,0.00532675195563065,6.0825270921498,0.568957479520721
10,BG,20,IPL-R,RT_Upright_anti_R,0.678450774263835,0.229568038295725,0.90801881255956,0.0075708508362747,0.00828797498665377,6.01985153750266,0.544141755852295
10,BG,21,SPL-R,RT_Upright_anti_R,0.717462486270971,0.145004288968453,0.862466775239424,0.00676918439293655,0.00733143296751604,6.03393800044232,0.547534968791238
10,BG,22,AG-R,RT_Upright_anti_R,0.475894222086413,0.252643471084094,0.728537693170507,0.00676596685848616,0.00737712823644997,6.0366407232147,0.548132495100989
10,BG,23,mIPS-R,RT_Upright_anti_R,0.824124562235539,0.232139866397293,1.05626442863283,0.0076668209207034,0.008344529071339,6.00937755120435,0.533920493734163
10,BG,24,VIP-R,RT_Upright_anti_R,0.616481579731915,0.319312387699436,0.935793967431351,0.00858912964727019,0.00938110684796243,6.00716468380045,0.544200977726844
10,BG,25,SPOC-R,RT_Upright_anti_R,0.664184210345192,0.766225465646438,1.43040967599163,0.0100949662521576,0.0109599445512019,5.953737258979,0.514055026010489
10,BG,26,S1-R,RT_Upright_anti_R,0.189486160905697,0.541614227378263,0.73110038828396,0.00675882439409118,0.00736440457131091,6.03880596523263,0.555811182643385
10,BG,27,M1-R,RT_Upright_anti_R,0.601284178855665,0.614597175020762,1.21588135387643,0.00864122987188749,0.00931955864457909,5.9914669705679,0.519555623823776
10,BG,28,SMA-R,RT_Upright_anti_R,0.418291368978534,0.63992506093001,1.05821642990854,0.00866267568538045,0.00943737132172504,5.99965596846141,0.537784199092173
10,BG,29,PMd-R,RT_Upright_anti_R,0.145986387072375,0.578887939163437,0.724874326235811,0.00498181016853764,0.0053784485170991,6.07015242874428,0.551551486313701
10,BG,30,PMv-R,RT_Upright_anti_R,0.118801768177568,0.302464588147942,0.421266356325509,0.00419899654139178,0.00452406461048386,6.09638711509553,0.562041835930016
10,BG,31,FEF-R,RT_Upright_anti_R,0.517319412191425,0.125385142531239,0.642704554722664,0.00500830843495764,0.00546554271630661,6.07303961258976,0.554301789379681
10,BG,32,POJ-R,RT_Upright_anti_R,0.398046873149734,0.653651947200503,1.05169882035024,0.00719362490201803,0.00777755583929664,6.01358755732999,0.535170853465484
1,DOC,1,V1-L,LT_Pronation_pro_L,0.127935348478472,0.217730260490032,0.345665608968503,0.00428799914999761,0.00459034806072737,6.41053895575833,0.672920458087545
1,DOC,2,V3-L,LT_Pronation_pro_L,0.36527398663844,0.451340097834888,0.816614084473328,0.00802255650948679,0.00862960021200668,6.34414291209293,0.651395817860985
1,DOC,3,STS-L,LT_Pronation_pro_L,0.0595098174557655,0.156260430528165,0.215770247983931,0.00364070287394257,0.0039379307533426,6.43340451599356,0.686430368132624
1,DOC,4,IPL-L,LT_Pronation_pro_L,0.528383550291547,0.75535948111295,1.2837430314045,0.00958580738863753,0.0103487792121812,6.3041864033255,0.632623443320824
1,DOC,5,SPL-L,LT_Pronation_pro_L,0.673270207387068,0.546301697161843,1.21957190454891,0.00994638256243155,0.0107089712404041,6.29452218183802,0.635651499625874
1,DOC,6,AG-L,LT_Pronation_pro_L,0.457208265862979,0.151279624789995,0.608487890652973,0.00638502858377089,0.00689093827177607,6.36839882424603,0.659560007588663
1,DOC,7,mIPS-L,LT_Pronation_pro_L,0.674711173164237,0.448314766629446,1.12302593979368,0.00943174576025676,0.0101391269845962,6.30915182969981,0.638220984968111
1,DOC,8,VIP-L,LT_Pronation_pro_L,0.807939800184538,0.561681538692719,1.36962133887726,0.0113138418268119,0.0122132956943839,6.27976619821681,0.624564076030045
1,DOC,9,SPOC-L,LT_Pronation_pro_L,0.513093627620465,0.260337409079511,0.773431036699976,0.0079238890829535,0.00857747503199251,6.34535381538877,0.656665414269352
1,DOC,10,S1-L,LT_Pronation_pro_L,0.577849512912852,0.211191630202307,0.789041143115159,0.00760291670321029,0.00820542964882387,6.34917598408561,0.660663266273669
1,DOC,11,M1-L,LT_Pronation_pro_L,0.675643190048783,0.265444298716701,0.941087488765484,0.00853350932217545,0.00922003037879678,6.32975042935877,0.654562932558604
1,DOC,12,SMA-L,LT_Pronation_pro_L,0.419205948038714,0.310469964161684,0.729675912200398,0.007752019721481,0.0083188109601832,6.35175405145809,0.660738511932333
1,DOC,13,PMd-L,LT_Pronation_pro_L,0.193781571701085,0.386127965496664,0.579909537197748,0.00621012267239756,0.00667732706709186,6.3768512269389,0.663630044875865
1,DOC,14,PMv-L,LT_Pronation_pro_L,0.0533989895146985,0.640248394169547,0.693647383684245,0.00563860320969953,0.00607254614013594,6.37917526985093,0.662764532635711
1,DOC,15,FEF-L,LT_Pronation_pro_L,0.404405130404247,0.824606628059749,1.229011758464,0.0101039503006582,0.0108655583435746,6.29993048725246,0.635157614186692
1,DOC,16,POJ-L,LT_Pronation_pro_L,0.441406184855914,0.491358847303438,0.932765032159353,0.0075077134335426,0.00806501565521825,6.34331498962967,0.640996965796941
1,DOC,17,V1-R,LT_Pronation_pro_L,0.174938152161332,0.615190694662003,0.790128846823336,0.00722600756548183,0.00775369074263439,6.35621632001723,0.658214881795127
1,DOC,18,V3-R,LT_Pronation_pro_L,0.217532527189095,0.357203500401087,0.574736027590182,0.00633175193273759,0.00678245829325428,6.37545324721589,0.66595965846496
1,DOC,19,STS-R,LT_Pronation_pro_L,0.190492391514458,0.401016945553208,0.591509337067665,0.00629716857094748,0.0067921185845361,6.37650026870605,0.664559808132957
1,DOC,20,IPL-R,LT_Pronation_pro_L,0.288225427922641,0.32104725065359,0.609272678576232,0.00649154852148048,0.00698681370971626,6.37005844706951,0.662716914478933
1,DOC,21,SPL-R,LT_Pronation_pro_L,0.403125286789588,0.547172186190024,0.950297472979612,0.00890302702480168,0.00959498773236085,6.32370387382955,0.642512266824702
1,DOC,22,AG-R,LT_Pronation_pro_L,0.793053528416346,0.296641847119687,1.08969537553603,0.0101393949988493,0.0109417576072524,6.3061739764924,0.645592079947725
1,DOC,23,mIPS-R,LT_Pronation_pro_L,0.920097117310397,0.324196527235187,1.24429364454558,0.0114000077065584,0.0123551996476142,6.28740944544413,0.645568576159895
1,DOC,24,VIP-R,LT_Pronation_pro_L,0.558752738326782,0.616698406494229,1.17545114482101,0.00941082994960398,0.0100828653439208,6.30457594113461,0.633133477459846
1,DOC,25,SPOC-R,LT_Pronation_pro_L,0.618593694792901,0.60512858449802,1.22372227929092,0.0104165179728728,0.0112296494831804,6.29592506290968,0.631205449916058
1,DOC,26,S1-R,LT_Pronation_pro_L,0.374446144502339,0.458285956352082,0.832732100854421,0.00806980512972072,0.00865743688573331,6.34146447056986,0.653622237497161
1,DOC,27,M1-R,LT_Pronation_pro_L,0.432920843001994,0.313814283844311,0.746735126846304,0.00664950045988328,0.00713027886546607,6.35828852351999,0.655441899158429
1,DOC,28,SMA-R,LT_Pronation_pro_L,0.355506064700959,0.311073467510431,0.66657953221139,0.00673679514966686,0.00724648518483566,6.36165037188526,0.653320846338656
1,DOC,29,PMd-R,LT_Pronation_pro_L,0.165537128107695,0.392202312454294,0.557739440561989,0.00548447472185822,0.00591241144400015,6.38736447201026,0.667343263082701
1,DOC,30,PMv-R,LT_Pronation_pro_L,0.0650980006127938,0.432118232028397,0.49721623264119,0.00517717754776292,0.00557672253993747,6.39764625950872,0.670495236835239
1,DOC,31,FEF-R,LT_Pronation_pro_L,0.206474491425834,0.472287852296242,0.678762343722075,0.00727126343085976,0.00780888044418821,6.3578158762604,0.665568042710355
1,DOC,32,POJ-R,LT_Pronation_pro_L,0.812876334038501,0.408555093651033,1.22143142768953,0.010910723622247,0.0118028651195736,6.29237299931149,0.641707427486469
2,GB,1,V1-L,LT_Pronation_pro_L,0.266790065282261,0.453775314477845,0.720565379760106,0.00636724516540307,0.00685359211164225,6.19884761162584,0.615487356892543
2,GB,2,V3-L,LT_Pronation_pro_L,0.36334371290165,0.315078582002235,0.678422294903885,0.00547418727747409,0.00588060330638996,6.21552190685972,0.619230806770261
2,GB,3,STS-L,LT_Pronation_pro_L,0.161614498032491,0.442173816004904,0.603788314037395,0.00617256793791251,0.00665984412206845,6.20921245322136,0.628721737309305
2,GB,4,IPL-L,LT_Pronation_pro_L,0.588175281478361,0.287069446630086,0.875244728108447,0.00802118471423195,0.00870211659586336,6.17048951292663,0.615667990139281
2,GB,5,SPL-L,LT_Pronation_pro_L,0.849156458986944,0.20234190564074,1.05149836462768,0.00879921606136996,0.00952290580813378,6.15631279337332,0.613599894770966
2,GB,6,AG-L,LT_Pronation_pro_L,0.631582897964238,0.391053436454565,1.0226363344188,0.00906658363880531,0.00977094523374584,6.15306418913459,0.602928340613345
2,GB,7,mIPS-L,LT_Pronation_pro_L,0.698263702077438,0.406913737539835,1.10517743961727,0.00887285449506846,0.00959376646583946,6.14576758158685,0.597910641711146
2,GB,8,VIP-L,LT_Pronation_pro_L,0.488037398478801,0.420173292362035,0.908210690840836,0.008567026452384,0.00928770533201949,6.16142317506681,0.61125479556008
2,GB,9,SPOC-L,LT_Pronation_pro_L,0.725934040753146,0.644759268121287,1.37069330887443,0.0107137827499846,0.0115260400205069,6.11430443746537,0.588124961323838
2,GB,10,S1-L,LT_Pronation_pro_L,0.306773301760152,0.429921449343881,0.736694751104033,0.00698333978125281,0.00755828094541261,6.18970920124029,0.617681719886639
2,GB,11,M1-L,LT_Pronation_pro_L,0.215070340076673,0.507331130535294,0.722401470611967,0.00725980226400805,0.00783809741724398,6.18806730776723,0.621057296022095
2,GB,12,SMA-L,LT_Pronation_pro_L,0.73899362888504,0.198472492606569,0.937466121491609,0.00771998417418342,0.00840156057041972,6.17161463088436,0.61422917721155
2,GB,13,PMd-L,LT_Pronation_pro_L,0.124502490176033,0.500313505844172,0.624815996020204,0.00561274209576688,0.00606125583934165,6.21346289824275,0.626986620348853
2,GB,14,PMv-L,LT_Pronation_pro_L,0.0519683351547494,0.241172594485421,0.29314092964017,0.0034150489728945,0.00366821226997701,6.27026214168354,0.640834882472416
2,GB,15,FEF-L,LT_Pronation_pro_L,0.294418281590532,0.228925906369212,0.523344187959744,0.00506568240962814,0.00547610393789463,6.22619977180971,0.62851938843657
2,GB,16,POJ-L,LT_Pronation_pro_L,0.488950846869106,0.672065653708916,1.16101650057802,0.009697509268916,0.0104709381206208,6.14319287088158,0.600772579789608
2,GB,17,V1-R,LT_Pronation_pro_L,0.172628540832886,0.164120773325128,0.336749314158014,0.00354207572761256,0.00381640034777061,6.26464056073609,0.631700075979132
2,GB,18,V3-R,LT_Pronation_pro_L,0.228219467404409,0.295540926428773,0.523760393833182,0.00578272791059945,0.0062597748507968,6.21856713092705,0.628974468855175
2,GB,19,STS-R,LT_Pronation_pro_L,0.210769173727784,0.305368975079437,0.516138148807221,0.00589917740670039,0.00632351524348442,6.21872091567527,0.63247275605088
2,GB,20,IPL-R,LT_Pronation_pro_L,0.475856925424491,0.250049074829721,0.725906000254212,0.00778023142391485,0.00843112246827783,6.18024065853569,0.628486672341077
2,GB,21,SPL-R,LT_Pronation_pro_L,0.307535386562431,0.379008246122535,0.686543632684966,0.00768096351347093,0.00831463229854409,6.18527656147853,0.620454445843096
2,GB,22,AG-R,LT_Pronation_pro_L,0.310805039726868,0.425105994857892,0.735911034584761,0.00731912545665164,0.00790591123288423,6.18463302687355,0.617203233058729
2,GB,23,mIPS-R,LT_Pronation_pro_L,0.517081804775109,0.246434772457346,0.763516577232454,0.00775952888459814,0.00845033029471089,6.17956889111214,0.625181046433026
2,GB,24,VIP-R,LT_Pronation_pro_L,0.501841520133757,0.491667641794018,0.993509161927775,0.00919430575566183,0.00991347316013439,6.15031169327962,0.610938509630763
2,GB,25,SPOC-R,LT_Pronation_pro_L,0.405254633812275,0.604980999489164,1.01023563330144,0.00823657109785043,0.0089131978553499,6.15329778692782,0.600411876669022
2,GB,26,S1-R,LT_Pronation_pro_L,0.774563577300173,0.346831797542128,1.1213953748423,0.00886820107970298,0.00956322783218131,6.14668739103524,0.605667091947497
2,GB,27,M1-R,LT_Pronation_pro_L,0.363901516064309,0.662065575532894,1.0259670915972,0.00858166601220472,0.00917640356175722,6.16183457072315,0.608285918339143
2,GB,28,SMA-R,LT_Pronation_pro_L,0.223395816250787,0.403206282469485,0.626602098720273,0.00545932974313105,0.00587981422234562,6.21569661596196,0.618877258730923
2,GB,29,PMd-R,LT_Pronation_pro_L,0.416103879361273,0.285891554275192,0.701995433636465,0.00620416336690034,0.00666279852404932,6.20245002555413,0.6138781994075
2,GB,30,PMv-R,LT_Pronation_pro_L,0.0882870028501082,0.195965013793606,0.284252016643714,0.00350153195176569,0.00375522724141383,6.26741070456016,0.642331656557731
2,GB,31,FEF-R,LT_Pronation_pro_L,0.215707284147562,0.267187393902416,0.482894678049978,0.00587083085189624,0.00633367335952341,6.21883008045557,0.6316496576148
2,GB,32,POJ-R,LT_Pronation_pro_L,0.150677546129198,0.691237840944306,0.841915387073504,0.00671554343941746,0.00724922000040837,6.19572541232938,0.614240271920278
3,JDC,1,V1-L,LT_Pronation_pro_L,0.190683528067634,0.482186874702377,0.672870402770011,0.00664788111090842,0.00716647187336833,6.29449336670083,0.635035078290286
3,JDC,2,V3-L,LT_Pronation_pro_L,0.207013667048678,0.451372569547237,0.658386236595915,0.00644873497248465,0.00696002225132845,6.29834391538328,0.637860057806518
3,JDC,3,STS-L,LT_Pronation_pro_L,0.136834867769496,0.296366638509553,0.433201506279049,0.00515549620746594,0.00556364919703957,6.32835265676939,0.652837124276948
3,JDC,4,IPL-L,LT_Pronation_pro_L,0.518032007052177,0.48023326482474,0.998265271876917,0.00731265741207355,0.00784035175334923,6.27187788708608,0.622259698481805
3,JDC,5,SPL-L,LT_Pronation_pro_L,0.553786116196206,0.520619505747932,1.07440562194414,0.00985714093537376,0.0106114044742045,6.2350527975298,0.609305037693279
3,JDC,6,AG-L,LT_Pronation_pro_L,0.522440621159592,0.445372938066036,0.967813559225628,0.00932671808265215,0.0100935682038752,6.2489590958448,0.6223783550262
3,JDC,7,mIPS-L,LT_Pronation_pro_L,0.500686088725991,0.327260195269739,0.827946283995729,0.00871354414597045,0.0094492019912053,6.2627537424941,0.635263858830223
3,JDC,8,VIP-L,LT_Pronation_pro_L,0.794430565944807,0.244458036873158,1.03888860281796,0.00878422558426682,0.00949861826950952,6.24971371138337,0.632312855242691
3,JDC,9,SPOC-L,LT_Pronation_pro_L,0.414291968807915,0.598797317930838,1.01308928673875,0.0084502316905472,0.00910513064405301,6.2512851438493,0.624998814176873
3,JDC,10,S1-L,LT_Pronation_pro_L,0.805366597194297,0.436065900004562,1.24143249719886,0.00807566481947811,0.00869296589125094,6.25404700442316,0.615374315945838
3,JDC,11,M1-L,LT_Pronation_pro_L,0.367418913135371,0.672124033112512,1.03954294624788,0.00730580732391335,0.00784596850620552,6.27174643106617,0.618077651800363
3,JDC,12,SMA-L,LT_Pronation_pro_L,0.306796234544227,0.42872668257215,0.735522917116377,0.00629137080703369,0.00677435478573713,6.29423140674159,0.635850892497967
3,JDC,13,PMd-L,LT_Pronation_pro_L,0.451153256431119,0.342874201950506,0.794027458381625,0.00787400253168414,0.00848914735231686,6.27436058964048,0.635995130399697
3,JDC,14,PMv-L,LT_Pronation_pro_L,0.0845506363432995,0.356896554443521,0.44144719078682,0.00500035476460952,0.00540416574790392,6.33178280036076,0.65206518153386
3,JDC,15,FEF-L,LT_Pronation_pro_L,0.334262041428022,0.196467380767373,0.530729422195395,0.00671128256708273,0.00726625870055587,6.29997024924347,0.649120684362746
3,JDC,16,POJ-L,LT_Pronation_pro_L,0.393048597977658,0.410570534794341,0.803619132771999,0.00757728854609794,0.00817145949528861,6.26974996822331,0.627942830765195
3,JDC,17,V1-R,LT_Pronation_pro_L,0.125535561642806,0.444522018204385,0.570057579847191,0.00614190429982012,0.00665913901213831,6.30926278728817,0.649414605505474
3,JDC,18,V3-R,LT_Pronation_pro_L,0.200403566640062,0.489762191889888,0.69016575852995,0.00625641041391172,0.00672871200366524,6.30159018137475,0.636212423017501
3,JDC,19,STS-R,LT_Pronation_pro_L,0.125246085859378,0.142602180408985,0.267848266268363,0.00409986054294205,0.00443190660812332,6.35207259942487,0.659207488126746
3,JDC,20,IPL-R,LT_Pronation_pro_L,0.788617564339829,0.342765113969844,1.13138267830967,0.00957974592634594,0.0103122508618628,6.24106086530345,0.620386957567365
3,JDC,21,SPL-R,LT_Pronation_pro_L,0.485534814447705,0.527821115698804,1.01335593014651,0.00952570355974266,0.0102788101861237,6.24792913722247,0.627991206347271
3,JDC,22,AG-R,LT_Pronation_pro_L,0.487196022133171,0.511184373319969,0.998380395453141,0.00826961334112854,0.00890458301556039,6.25991952999721,0.618815315021458
3,JDC,23,mIPS-R,LT_Pronation_pro_L,0.677814846010458,0.419817659970173,1.09763250598063,0.00987000746444027,0.0106712505317722,6.2397405410847,0.623552069218649
3,JDC,24,VIP-R,LT_Pronation_pro_L,0.650820034277989,0.589911042669868,1.24073107694786,0.0106580284616389,0.01146157498805,6.21687401170721,0.609686815014993
3,JDC,25,SPOC-R,LT_Pronation_pro_L,0.210283755242008,0.371946078075182,0.58222983331719,0.00669114315233266,0.0072427207892252,6.2996085954141,0.64724611266119
3,JDC,26,S1-R,LT_Pronation_pro_L,0.249410291288704,0.549586289233476,0.79899658052218,0.00737544107999587,0.00794396772886855,6.28193487270425,0.634973259800574
3,JDC,27,M1-R,LT_Pronation_pro_L,0.339685445882003,0.286255313747582,0.625940759629584,0.00627840925650687,0.00676011568085809,6.30430553835346,0.638981450964305
3,JDC,28,SMA-R,LT_Pronation_pro_L,0.58433433028631,0.288335118237914,0.872669448524224,0.00816687109631975,0.00881345708926558,6.27240800228009,0.635404443757155
3,JDC,29,PMd-R,LT_Pronation_pro_L,0.237871180090028,0.493995258233073,0.731866438323101,0.00748052415198541,0.00807871061081502,6.28237376196746,0.640926369323262
3,JDC,30,PMv-R,LT_Pronation_pro_L,0.155218200716788,0.242662856125389,0.397881056842176,0.00511735670820677,0.00551829185159619,6.33038851525731,0.65318818597761
3,JDC,31,FEF-R,LT_Pronation_pro_L,0.314276657667409,0.214778578674327,0.529055236341736,0.00579140608582843,0.00624996101668686,6.31404633239404,0.649137439943135
3,JDC,32,POJ-R,LT_Pronation_pro_L,0.626783685359226,0.233489932134934,0.86027361749416,0.00777854875523223,0.00840560098183665,6.27283607025731,0.631590039001019
4,JFXD,1,V1-L,LT_Pronation_pro_L,0.300855931833232,0.618804245383744,0.919660177216976,0.0103163714004285,0.0110221197009394,7.24570328650373,0.998805780427401
4,JFXD,2,V3-L,LT_Pronation_pro_L,0.4201840960278,0.462377858132646,0.882561954160446,0.0101462740424736,0.0108510727798518,7.24505763711921,1.00008429390147
4,JFXD,3,STS-L,LT_Pronation_pro_L,0.300650441159652,0.649078188609377,0.949728629769029,0.0108940655526168,0.0116524880884615,7.23411613092837,1.00080006339063
4,JFXD,4,IPL-L,LT_Pronation_pro_L,0.857686437819293,0.599416550202661,1.45710298802195,0.0132530672485537,0.0142245607698848,7.19555667136763,0.985262234168743
4,JFXD,5,SPL-L,LT_Pronation_pro_L,0.959456540395477,0.796687418257532,1.75614395865301,0.0139876828967029,0.0150047384878374,7.17066984425383,0.966907504319139
4,JFXD,6,AG-L,LT_Pronation_pro_L,0.956283049854054,0.652358285523167,1.60864133537722,0.0160848654418289,0.0172002922878698,7.16413959060933,0.967649349434395
4,JFXD,7,mIPS-L,LT_Pronation_pro_L,0.804137690977228,0.903117813603747,1.70725550458098,0.0151469716188645,0.0163042595011138,7.17729058439845,0.979644331788735
4,JFXD,8,VIP-L,LT_Pronation_pro_L,0.851443953747534,0.570200085578506,1.42164403932604,0.0129078697375655,0.0138632474587889,7.19968761544264,0.98374174306321
4,JFXD,9,SPOC-L,LT_Pronation_pro_L,0.850251227427449,0.840292615384832,1.69054384281228,0.015687475432208,0.0168000117594239,7.16604134031351,0.969416307666789
4,JFXD,10,S1-L,LT_Pronation_pro_L,0.864060105741985,0.559084688866339,1.42314479460832,0.0141482654599176,0.0151391207429966,7.17939143152923,0.976201781007786
4,JFXD,11,M1-L,LT_Pronation_pro_L,0.873742777366746,0.454377765149603,1.32812054251635,0.0144719803174657,0.0155066734561468,7.1938617277593,0.987081577090217
4,JFXD,12,SMA-L,LT_Pronation_pro_L,0.716512626067595,1.06910953479868,1.78562216086627,0.0169172526256596,0.0182472438635174,7.15438659890581,0.974467516176366
4,JFXD,13,PMd-L,LT_Pronation_pro_L,0.685737284777973,0.442313395856118,1.12805068063409,0.0125399270845773,0.0134350969924135,7.21850148216897,0.995017618446731
4,JFXD,14,PMv-L,LT_Pronation_pro_L,0.166425264212368,1.81447868212863,1.980903946341,0.010409120559007,0.0110838781594194,7.18202208745155,0.94444787945664
4,JFXD,15,FEF-L,LT_Pronation_pro_L,0.764516420404944,0.699820872028338,1.46433729243328,0.0117333470359273,0.0125325556807507,7.19882019704463,0.957908340881978
4,JFXD,16,POJ-L,LT_Pronation_pro_L,0.796860500854633,0.578678719233522,1.37553922008815,0.012921607027239,0.0139070514455646,7.19763511096594,0.986483382936045
4,JFXD,17,V1-R,LT_Pronation_pro_L,0.476543415395864,0.667648855606183,1.14419227100205,0.0121230157355423,0.0129654471400076,7.21755192935058,0.990253008276127
4,JFXD,18,V3-R,LT_Pronation_pro_L,0.235907787496039,0.404587477418922,0.640495264914961,0.00847800595072753,0.00904058830819462,7.27564875181158,1.00969319341488
4,JFXD,19,STS-R,LT_Pronation_pro_L,0.268486377732283,0.717936300292164,0.986422678024447,0.00913843876644059,0.00977386875002451,7.2535530270502,1.00273464786766
4,JFXD,20,IPL-R,LT_Pronation_pro_L,0.97743873785324,0.386583376901774,1.36402211475501,0.0127249168553206,0.0136649293867286,7.19911786488485,0.991395735950341
4,JFXD,21,SPL-R,LT_Pronation_pro_L,0.86736416778022,0.213309538528097,1.08067370630832,0.0108142032189084,0.0115784907036354,7.23395180610398,1.00061375596404
4,JFXD,22,AG-R,LT_Pronation_pro_L,0.727563138736004,0.36450242997088,1.09206556870688,0.0114546642904923,0.0122446617767273,7.22896330095837,0.995369036710363
4,JFXD,23,mIPS-R,LT_Pronation_pro_L,0.830074411343682,0.41003872058992,1.2401131319336,0.0121895920900493,0.0130560907198125,7.21372603871038,0.991687003891764
4,JFXD,24,VIP-R,LT_Pronation_pro_L,0.804595436551513,0.391701993299673,1.19629742985119,0.0120456441445979,0.0128819372588612,7.21554500754081,0.992407849531298
4,JFXD,25,SPOC-R,LT_Pronation_pro_L,0.913725741999405,0.785362333003542,1.69908807500295,0.016073049082065,0.0170685097404407,7.1567290552565,0.959940162687474
4,JFXD,26,S1-R,LT_Pronation_pro_L,0.503738314842759,0.493591450132412,0.997329764975171,0.0119648658779794,0.0128399902153467,7.22918300377064,1.00620666996865
4,JFXD,27,M1-R,LT_Pronation_pro_L,0.808474019403308,0.311334616674986,1.11980863607829,0.0122415636229487,0.0131113309685286,7.22084594659945,0.989972344054085
4,JFXD,28,SMA-R,LT_Pronation_pro_L,0.989400369879193,1.21224364427058,2.20164401414977,0.0200482944220398,0.0215183050359881,7.10008153345734,0.930759365873532
4,JFXD,29,PMd-R,LT_Pronation_pro_L,0.166155194529219,0.591536025217283,0.757691219746502,0.00885032869241108,0.00943072191234299,7.26803145843117,1.01440986692636
4,JFXD,30,PMv-R,LT_Pronation_pro_L,0.108341031363305,1.08259973816734,1.19094076953065,0.00921906185635102,0.00990052091269731,7.24659606064324,0.996762948987909
4,JFXD,31,FEF-R,LT_Pronation_pro_L,0.509852836009348,0.553144322326815,1.06299715833616,0.0118814504164925,0.0127927383643377,7.22241511458632,0.99778353847435
4,JFXD,32,POJ-R,LT_Pronation_pro_L,0.788131632862477,0.848279421307805,1.63641105417028,0.0152370319803647,0.0161724089428553,7.16594864459042,0.966112444863783
5,JZ,1,V1-L,LT_Pronation_pro_L,0.127231640457163,0.303154280371752,0.430385920828915,0.00416532218260403,0.00457203622320841,6.07796824806115,0.606734697515605
5,JZ,2,V3-L,LT_Pronation_pro_L,0.11418631008736,0.174402870929983,0.288589181017343,0.00323768911796548,0.0035397944593249,6.1025837326203,0.613260454834669
5,JZ,3,STS-L,LT_Pronation_pro_L,0.0634174249177577,0.271572091210982,0.334989516128739,0.00366384526250213,0.00401899742350851,6.09027418522833,0.611143444667766
5,JZ,4,IPL-L,LT_Pronation_pro_L,0.286476791826779,0.624404013830957,0.910880805657736,0.00615744266890442,0.00672520264449277,6.01910106298402,0.582100463717914
5,JZ,5,SPL-L,LT_Pronation_pro_L,0.40792195411446,0.21553615753807,0.62345811165253,0.00613303529717558,0.00673065591249937,6.03336494538881,0.598397326662319
5,JZ,6,AG-L,LT_Pronation_pro_L,0.339294541253977,0.169630504381643,0.50892504563562,0.00532204348326451,0.0058473545125312,6.05142451755686,0.599538656763798
5,JZ,7,mIPS-L,LT_Pronation_pro_L,0.768240733588541,0.2187888128729,0.987029546461441,0.00760687607096773,0.00832324473606599,5.99316127681276,0.575856135071807
5,JZ,8,VIP-L,LT_Pronation_pro_L,0.564256713286338,0.201025011559811,0.765281724846149,0.00620517552467072,0.00679964920988581,6.02868957581302,0.591453369480054
5,JZ,9,SPOC-L,LT_Pronation_pro_L,0.719412621176258,0.44572780394247,1.16514042511873,0.00920461093040879,0.010131989462837,5.96342891687508,0.569514351732967
5,JZ,10,S1-L,LT_Pronation_pro_L,0.543378923812858,0.664989424027188,1.20836834784005,0.00738954107697494,0.00808884647702772,5.98337316035883,0.566477629398835
5,JZ,11,M1-L,LT_Pronation_pro_L,0.31430931281201,0.362326932371826,0.676636245183836,0.00586231541034506,0.00643282632603513,6.03560334484375,0.594469618423689
5,JZ,12,SMA-L,LT_Pronation_pro_L,0.333377041439536,0.382997355679782,0.716374397119318,0.00586706554694719,0.00643397993555605,6.03507259701582,0.594112828689713
5,JZ,13,PMd-L,LT_Pronation_pro_L,0.306667601611608,0.310979899451427,0.617647501063035,0.00555470919421236,0.00610158566106042,6.04874218031988,0.592559949821563
5,JZ,14,PMv-L,LT_Pronation_pro_L,0.0739544169972666,0.189469596603242,0.263424013600509,0.00383154385941053,0.00421262763221675,6.09306889303585,0.618821653757623
5,JZ,15,FEF-L,LT_Pronation_pro_L,0.256184276381198,0.213019630131995,0.469203906513193,0.00490065711863733,0.00537487993323725,6.06445120029243,0.602374430906955
5,JZ,16,POJ-L,LT_Pronation_pro_L,0.259459035184869,0.543096709897333,0.802555745082202,0.0064479770448858,0.00708310465709907,6.02437376918051,0.591205171770993
5,JZ,17,V1-R,LT_Pronation_pro_L,0.209308980542998,0.295215692010191,0.504524672553189,0.00555173956343636,0.0061096324866223,6.05091410780323,0.605087515467265
5,JZ,18,V3-R,LT_Pronation_pro_L,0.210424306445531,0.418984980307486,0.629409286753017,0.00578338702549944,0.00634982415070774,6.04453283732403,0.596669373358368
5,JZ,19,STS-R,LT_Pronation_pro_L,0.157591760856615,0.223140982396691,0.380732743253306,0.00409161001125197,0.00449058134838447,6.08119170588116,0.607760427976627
5,JZ,20,IPL-R,LT_Pronation_pro_L,0.451791431978639,0.318985984848859,0.770777416827498,0.00649497661512222,0.0071509103544069,6.02161695127423,0.591470461220988
5,JZ,21,SPL-R,LT_Pronation_pro_L,0.507628529749105,0.397764386566274,0.90539291631538,0.00834141685434574,0.00916041250975117,5.99280863413654,0.585327994667035
5,JZ,22,AG-R,LT_Pronation_pro_L,0.259592217485826,0.740409303398054,1.00000152088388,0.00654867063286001,0.00710866482637595,6.00224773077574,0.57269825962095
5,JZ,23,mIPS-R,LT_Pronation_pro_L,0.557820360176144,0.43405615381669,0.991876513992833,0.00822503018792871,0.00902235001825515,5.98315737845452,0.571983670557456
5,JZ,24,VIP-R,LT_Pronation_pro_L,0.596556384207509,0.35893449909228,0.955490883299789,0.00744432201181681,0.0081661482020292,6.00036003685084,0.581048467569273
5,JZ,25,SPOC-R,LT_Pronation_pro_L,0.754912142498963,0.570193693217377,1.32510583571634,0.00907750498635762,0.00996107128714456,5.95666789320484,0.556435740006739
5,JZ,26,S1-R,LT_Pronation_pro_L,0.268784146253056,0.4072108239486,0.675994970201656,0.00608529354803191,0.00669092436169048,6.03616250123852,0.59308716598385
5,JZ,27,M1-R,LT_Pronation_pro_L,0.292976382642771,0.342415608346234,0.635391990989005,0.00625595695095909,0.0068653011792951,6.03401988473837,0.596665134538635
5,JZ,28,SMA-R,LT_Pronation_pro_L,0.690131613925044,0.150913412356991,0.841045026282035,0.00704513303563753,0.00777961357900057,6.0187663826108,0.593216032188283
5,JZ,29,PMd-R,LT_Pronation_pro_L,0.187843894080649,0.41337657655946,0.601220470640109,0.00594264969294817,0.00649882511642257,6.04055232951566,0.601476101514738
5,JZ,30,PMv-R,LT_Pronation_pro_L,0.0826956454536669,0.307343917132993,0.39003956258666,0.00374896152797302,0.00410875999312509,6.08906397847753,0.604336088923481
5,JZ,31,FEF-R,LT_Pronation_pro_L,0.287141637373634,0.282857440969135,0.569999078342769,0.00565854850400575,0.00621346466450125,6.04629246313208,0.598280482373781
5,JZ,32,POJ-R,LT_Pronation_pro_L,0.320178988708632,0.360223211558087,0.68040220026672,0.00619994001914834,0.00679677247900736,6.03585889009873,0.590065529289753
6,LT,1,V1-L,LT_Pronation_pro_L,0.244056421116873,0.208306058272446,0.452362479389319,0.00582434043210456,0.00634035624913381,6.58357238106743,0.79613843729601
6,LT,2,V3-L,LT_Pronation_pro_L,0.141455903077728,0.827670596329142,0.96912649940687,0.0081931371431685,0.00891128960823519,6.53326952998345,0.779032677499657
6,LT,3,STS-L,LT_Pronation_pro_L,0.146769539430027,0.338920336010272,0.485689875440299,0.00561472639050665,0.006098949007872,6.58331593601086,0.796483293925073
6,LT,4,IPL-L,LT_Pronation_pro_L,0.646873470367926,0.793920804161269,1.44079427452919,0.0114977912239892,0.0124831690384093,6.47044275517142,0.75205611425927
6,LT,5,SPL-L,LT_Pronation_pro_L,0.824098807494737,0.453998090627393,1.27809689812213,0.0104918873395993,0.0113775226543722,6.48787761796873,0.754856479404268
6,LT,6,AG-L,LT_Pronation_pro_L,0.394284262632388,0.431881185480652,0.82616544811304,0.00838818753158362,0.00913676053449414,6.53193902945002,0.778781193496826
6,LT,7,mIPS-L,LT_Pronation_pro_L,0.72439749077143,0.424120715774551,1.14851820654598,0.0101361855218572,0.0110247793574467,6.49735447871194,0.765925134568683
6,LT,8,VIP-L,LT_Pronation_pro_L,0.789448515150241,0.553634685401442,1.34308320055168,0.0102473264168313,0.011103689989263,6.48309718099855,0.748796598127449
6,LT,9,SPOC-L,LT_Pronation_pro_L,0.638681551802405,0.34283837633216,0.981519928134565,0.0100257436820989,0.0109101306867846,6.50983816294159,0.773298645790476
6,LT,10,S1-L,LT_Pronation_pro_L,0.720983783172053,0.453987875033881,1.17497165820593,0.00982131614376904,0.0106652538353936,6.49535586830107,0.752847624077871
6,LT,11,M1-L,LT_Pronation_pro_L,0.488455976861136,0.263410502720111,0.751866479581246,0.00733650024127304,0.00802017242577175,6.54629780514688,0.779613661010507
6,LT,12,SMA-L,LT_Pronation_pro_L,0.739878651286511,0.218323178217693,0.958201829504205,0.00916502957995158,0.00996400325983461,6.52016482683224,0.775127304585203
6,LT,13,PMd-L,LT_Pronation_pro_L,0.386475798874848,0.605534343564541,0.99201014243939,0.00944220786862266,0.0102297549125996,6.50644207377192,0.760064146496221
6,LT,14,PMv-L,LT_Pronation_pro_L,0.0970541449521397,0.328571960195941,0.42562610514808,0.00515082658921549,0.00558490011648002,6.59633322106074,0.798867137353444
6,LT,15,FEF-L,LT_Pronation_pro_L,0.360972683730094,0.404800335547176,0.76577301927727,0.00804326003659504,0.0087725166016582,6.53504643417935,0.777327849602842
6,LT,16,POJ-L,LT_Pronation_pro_L,0.678386396695279,0.337593009192452,1.01597940588773,0.00964897396278267,0.0104308732109567,6.51379679817675,0.773537382681689
6,LT,17,V1-R,LT_Pronation_pro_L,0.191219539550823,0.426126439933912,0.617345979484735,0.00700280826169971,0.00760126546654579,6.56350028663272,0.79389832035644
6,LT,18,V3-R,LT_Pronation_pro_L,0.24564342391716,0.804047188715297,1.04969061263246,0.00846004133733284,0.00909131780497401,6.52321349979718,0.768328582495865
6,LT,19,STS-R,LT_Pronation_pro_L,0.0816293036377568,0.380224781704613,0.46185408534237,0.00475970323606354,0.00513249480499808,6.59818799058699,0.796599229508528
6,LT,20,IPL-R,LT_Pronation_pro_L,0.787621553891455,0.554069105045465,1.34169065893692,0.0117790766344849,0.0127915291652901,6.4793660983092,0.765599504844816
6,LT,21,SPL-R,LT_Pronation_pro_L,0.343917000955302,1.06127281477922,1.40518981573452,0.0117579203723164,0.0127376690268004,6.47429015891851,0.76168162649916
6,LT,22,AG-R,LT_Pronation_pro_L,0.548297023606281,0.624841490033316,1.1731385136396,0.011167501711746,0.0121346992860358,6.48968261500797,0.761879890835346
6,LT,23,mIPS-R,LT_Pronation_pro_L,0.748776007693794,0.415044122863233,1.16382013055703,0.00999643000490635,0.0107822768900731,6.50133401392114,0.757150647222203
6,LT,24,VIP-R,LT_Pronation_pro_L,0.840773390233369,0.816965324846309,1.65773871507968,0.013784696517965,0.0149570343469147,6.44414459403592,0.745091171626263
6,LT,25,SPOC-R,LT_Pronation_pro_L,0.597444588083034,0.33136072758308,0.928805315666114,0.00897325514276075,0.00966696311064331,6.51868884515886,0.771994856096426
6,LT,26,S1-R,LT_Pronation_pro_L,0.608117962905973,0.451767728482197,1.05988569138817,0.00949098208086708,0.010311981972154,6.50828389322279,0.765303313917616
6,LT,27,M1-R,LT_Pronation_pro_L,0.311237854309558,0.507492604503655,0.818730458813213,0.00761501905243566,0.00826884253104192,6.53781372345644,0.771682619707647
6,LT,28,SMA-R,LT_Pronation_pro_L,0.72618343264084,0.320349873643615,1.04653330628446,0.00949786192688896,0.0102853897764574,6.508283601338,0.767347809641174
6,LT,29,PMd-R,LT_Pronation_pro_L,0.266032690451675,0.513070716037371,0.779103406489046,0.00759806395554673,0.00822739374844503,6.54142941818182,0.765478264957969
6,LT,30,PMv-R,LT_Pronation_pro_L,0.165813715754634,0.24349918649022,0.409312902244854,0.00533883463979029,0.0057868776931212,6.59357273480053,0.799676945176071
6,LT,31,FEF-R,LT_Pronation_pro_L,0.235030299555627,0.318674511619185,0.553704811174812,0.00598824933161727,0.00651490198851247,6.57032964756054,0.789573098842787
6,LT,32,POJ-R,LT_Pronation_pro_L,0.28898788962753,0.252680405088819,0.541668294716349,0.00605157131867253,0.00651460229273014,6.57520453410449,0.789584719152171
7,NvA,1,V1-L,LT_Pronation_pro_L,0.0643419382192478,0.592358290861546,0.656700229080794,0.00496152646192353,0.00539338490314524,6.05532270658085,0.574305688114435
7,NvA,2,V3-L,LT_Pronation_pro_L,0.210270439968994,0.467605971757292,0.677876411726286,0.00569807842314681,0.00617259135131442,6.03980626830163,0.56561226385812
7,NvA,3,STS-L,LT_Pronation_pro_L,0.132002466881671,0.252759524851183,0.384761991732854,0.00446928916156191,0.0048559317708296,6.07306209535638,0.582139871334303
7,NvA,4,IPL-L,LT_Pronation_pro_L,0.507080171935937,0.4154627592671,0.922542931203037,0.00686153003466167,0.00741081302540396,6.01498082717242,0.558397859605243
7,NvA,5,SPL-L,LT_Pronation_pro_L,0.336095530116769,0.385748721037699,0.721844251154468,0.00650768606855191,0.00708198675517518,6.02289887431311,0.568479310983102
7,NvA,6,AG-L,LT_Pronation_pro_L,0.559123768791239,0.186824044828412,0.745947813619651,0.00609752770118092,0.00663397307743199,6.02929180806886,0.568924980305728
7,NvA,7,mIPS-L,LT_Pronation_pro_L,0.667511646457213,0.173476635567452,0.840988282024665,0.00677578600347644,0.00738719855463033,6.01764108923316,0.567881269580754
7,NvA,8,VIP-L,LT_Pronation_pro_L,0.460672821740705,0.354707285151276,0.815380106891981,0.00730173776990872,0.00790658452525828,6.0129677424871,0.565306489613311
7,NvA,9,SPOC-L,LT_Pronation_pro_L,0.519447306362497,0.622282364980957,1.14172967134345,0.00941696669862897,0.0102443352350655,5.96551001655073,0.545464308835883
7,NvA,10,S1-L,LT_Pronation_pro_L,0.945564431667486,0.210210231359962,1.15577466302745,0.00781978637133964,0.00844432780284691,5.99361049544048,0.55391598771482
7,NvA,11,M1-L,LT_Pronation_pro_L,0.24946902262354,0.459815256766194,0.709284279389734,0.00608069854568244,0.00658565713682856,6.03635551261735,0.572895263542654
7,NvA,12,SMA-L,LT_Pronation_pro_L,0.185748287542107,0.923949467704351,1.10969775524646,0.00777665435374536,0.00839948728947705,5.99695967669651,0.562228837370566
7,NvA,13,PMd-L,LT_Pronation_pro_L,0.201097274153884,0.299022471769034,0.500119745922917,0.00558044467352087,0.00602388005306544,6.04846295374592,0.573319599020452
7,NvA,14,PMv-L,LT_Pronation_pro_L,0.0968794991062933,0.132220060007566,0.229099559113859,0.00343436935671383,0.00372268522173882,6.09796664148838,0.5923585168329
7,NvA,15,FEF-L,LT_Pronation_pro_L,0.35590443003802,0.197164724667549,0.553069154705569,0.00574252790660212,0.00621475980012909,6.04522214146257,0.577606355917105
7,NvA,16,POJ-L,LT_Pronation_pro_L,0.189901379579312,0.315322728610797,0.505224108190109,0.00503555054323104,0.00544853864415515,6.05816938769617,0.57570386805436
7,NvA,17,V1-R,LT_Pronation_pro_L,0.0926079011154321,0.150001060465141,0.242608961580573,0.00337676639054573,0.0036640150553048,6.1033645279917,0.590699946342868
7,NvA,18,V3-R,LT_Pronation_pro_L,0.210834859566469,0.367672036787214,0.578506896353682,0.00550973518117089,0.00600476878601268,6.04882410684052,0.575569517494256
7,NvA,19,STS-R,LT_Pronation_pro_L,0.177032230202529,0.196192930316439,0.373225160518968,0.00461335271033087,0.00502286431609439,6.06947491832189,0.584747243818726
7,NvA,20,IPL-R,LT_Pronation_pro_L,0.381908423242521,0.614960581889761,0.996869005132282,0.00801113689611252,0.00869287433719141,5.99330517438809,0.560120791707884
7,NvA,21,SPL-R,LT_Pronation_pro_L,0.72464742585945,0.350408960842576,1.07505638670203,0.00815481570731836,0.00878995467200881,5.97894184560734,0.542727858312316
7,NvA,22,AG-R,LT_Pronation_pro_L,0.225846203534116,0.593225571471382,0.819071775005498,0.00607114082502192,0.00656147109526689,6.01797135325674,0.560333601081592
7,NvA,23,mIPS-R,LT_Pronation_pro_L,0.674571917541318,0.162586253490339,0.837158171031657,0.00713192449996761,0.00776463261044176,6.0140235530467,0.566496455530406
7,NvA,24,VIP-R,LT_Pronation_pro_L,0.429185179388317,0.517633552100199,0.946818731488516,0.00800390533949291,0.0087136311357485,5.99704191080674,0.5605503375794
7,NvA,25,SPOC-R,LT_Pronation_pro_L,0.679386997173265,0.525108278033079,1.20449527520634,0.00838999169659427,0.00915640418590001,5.97420179291179,0.541969860324602
7,NvA,26,S1-R,LT_Pronation_pro_L,0.165628651878162,0.326853939094533,0.492482590972695,0.00483488103659237,0.005248283052519,6.06368579041481,0.576286017123494
7,NvA,27,M1-R,LT_Pronation_pro_L,0.792229405893942,0.169033640596685,0.961263046490626,0.006763037573254,0.00729181520463041,6.01392015975568,0.559390970501445
7,NvA,28,SMA-R,LT_Pronation_pro_L,0.29235415064904,0.586426871026438,0.878781021675478,0.00696470767740176,0.00752803036263868,6.01267777709637,0.558732741875031
7,NvA,29,PMd-R,LT_Pronation_pro_L,0.197802073825681,0.574571326537696,0.772373400363377,0.00564823196945359,0.00607814077415741,6.0369523106858,0.570005891134828
7,NvA,30,PMv-R,LT_Pronation_pro_L,0.0507448450970574,0.130572876263743,0.1813177213608,0.00280589970778452,0.00303287682509873,6.11773357477373,0.596145409064025
7,NvA,31,FEF-R,LT_Pronation_pro_L,0.625450718592771,0.164397721364121,0.789848439956892,0.00660972185886486,0.007162928065122,6.02549896711894,0.573130179479844
7,NvA,32,POJ-R,LT_Pronation_pro_L,0.289876602187696,0.272641861464965,0.562518463652661,0.00470224986078207,0.0050561342464331,6.05884582525919,0.560297328151235
8,RR,1,V1-L,LT_Pronation_pro_L,0.257675156623543,0.161358335416843,0.419033492040386,0.00501138674450341,0.00549247963655626,6.25732329597441,0.67614030536646
8,RR,2,V3-L,LT_Pronation_pro_L,0.213013309321808,0.560674640224615,0.773687949546424,0.00739111933653315,0.00808149974979243,6.20913676597272,0.661367790212435
8,RR,3,STS-L,LT_Pronation_pro_L,0.0739629483575611,0.185312264346369,0.25927521270393,0.00338244906669722,0.00370050498228292,6.2958663151136,0.686213380122172
8,RR,4,IPL-L,LT_Pronation_pro_L,0.565183312938438,0.211909976177371,0.777093289115809,0.00759946392294606,0.00833178267590484,6.20656280772678,0.669529568986688
8,RR,5,SPL-L,LT_Pronation_pro_L,0.881422388768917,0.400006466629607,1.28142885539852,0.010076741440014,0.0110420390616849,6.15422060398115,0.643975970496547
8,RR,6,AG-L,LT_Pronation_pro_L,0.419475926600712,0.334693586224308,0.754169512825019,0.00686095797567544,0.00748461750966883,6.21808908095172,0.655106832063451
8,RR,7,mIPS-L,LT_Pronation_pro_L,0.586297263020151,0.24705542637066,0.833352689390811,0.00695609173533964,0.00759951033346655,6.21402278633477,0.655093647910778
8,RR,8,VIP-L,LT_Pronation_pro_L,0.514195437396334,0.23178269538699,0.745978132783325,0.00675578954293621,0.00741092733233683,6.21534974811429,0.660872850925409
8,RR,9,SPOC-L,LT_Pronation_pro_L,0.752410071771376,0.400060653643748,1.15247072541512,0.009755272467078,0.0107049868234019,6.16627276768043,0.653748131799407
8,RR,10,S1-L,LT_Pronation_pro_L,0.739040202298903,0.402491467105736,1.14153166940464,0.0100108642756443,0.0109728454256713,6.16245887406351,0.64729945237287
8,RR,11,M1-L,LT_Pronation_pro_L,0.461917592426666,0.411968209073199,0.873885801499865,0.00739815579115731,0.00810738190919086,6.20787549543449,0.662783112468704
8,RR,12,SMA-L,LT_Pronation_pro_L,0.483544548179525,0.564679654621319,1.04822420280084,0.00881078410178716,0.00967581114628724,6.18003232819966,0.651747669339423
8,RR,13,PMd-L,LT_Pronation_pro_L,0.273495640666739,0.678371752691391,0.95186739335813,0.00612988926901009,0.00656583512672787,6.2197428964526,0.651008047134469
8,RR,14,PMv-L,LT_Pronation_pro_L,0.0538928760753268,0.271995293465829,0.325888169541156,0.00357297025217788,0.00386531389301885,6.2945758613115,0.686861514809301
8,RR,15,FEF-L,LT_Pronation_pro_L,0.275257366907485,0.342265350987736,0.617522717895221,0.00626563797841042,0.00686774577620424,6.2331077524714,0.671658707533326
8,RR,16,POJ-L,LT_Pronation_pro_L,0.236101492397858,0.458221561727596,0.694323054125454,0.00640372857938438,0.00694232251450459,6.22831402277998,0.666250960295048
8,RR,17,V1-R,LT_Pronation_pro_L,0.174340347757519,0.538054461582229,0.712394809339749,0.00668651365313833,0.00732381175718411,6.22495739731733,0.671918763759642
8,RR,18,V3-R,LT_Pronation_pro_L,0.430102639128926,0.176707985324196,0.606810624453123,0.00618740644244415,0.00678921342814435,6.23650281047616,0.677712663504768
8,RR,19,STS-R,LT_Pronation_pro_L,0.101054865664956,0.100607279092381,0.201662144757337,0.00298374641951889,0.00327143673019133,6.30691756141755,0.692222448282367
8,RR,20,IPL-R,LT_Pronation_pro_L,0.369933845672857,0.299215711065116,0.669149556737972,0.00623874408630265,0.0068417263173618,6.2334947374124,0.66505920541421
8,RR,21,SPL-R,LT_Pronation_pro_L,0.619314005209337,0.346450684440901,0.965764689650238,0.00836993566695581,0.00914223662590337,6.18195648082412,0.645682814306738
8,RR,22,AG-R,LT_Pronation_pro_L,0.275928479664874,0.597484881693459,0.873413361358333,0.00669481355669994,0.00733348977277938,6.20723087827622,0.652676195185786
8,RR,23,mIPS-R,LT_Pronation_pro_L,0.363635690252561,0.390788687267747,0.754424377520308,0.00745099140838751,0.00813171347708733,6.21148886339861,0.66117169055282
8,RR,24,VIP-R,LT_Pronation_pro_L,0.462772363133844,0.633312404635563,1.09608476776941,0.00883864987892755,0.00962984374527788,6.16717818773038,0.63546193973859
8,RR,25,SPOC-R,LT_Pronation_pro_L,0.568179080135379,0.636373982844794,1.20455306298017,0.00798713321727308,0.00874195048664881,6.17265012743779,0.632153610832065
8,RR,26,S1-R,LT_Pronation_pro_L,0.421411999914943,0.394919448650427,0.81633144856537,0.00756794445995724,0.00828860667814665,6.2013810774299,0.654570564098688
8,RR,27,M1-R,LT_Pronation_pro_L,0.330423218264656,0.300108928272744,0.6305321465374,0.00630891080320719,0.00685281140460107,6.22450069157948,0.664603736062296
8,RR,28,SMA-R,LT_Pronation_pro_L,0.745501263527956,0.38827639002638,1.13377765355434,0.0091025462971054,0.0099531369107301,6.17217189578557,0.652582281552313
8,RR,29,PMd-R,LT_Pronation_pro_L,0.226585676894074,0.641371582798033,0.867957259692107,0.00798082931392141,0.00873020146026592,6.20110853085415,0.661218462356537
8,RR,30,PMv-R,LT_Pronation_pro_L,0.0896000204288707,0.316205666010298,0.405805686439168,0.00499024566738014,0.00546458464717344,6.26188502155928,0.68749016275394
8,RR,31,FEF-R,LT_Pronation_pro_L,0.261825410556069,0.498340622509584,0.760166033065653,0.00695229776337112,0.00757430995710038,6.21871486427238,0.664717558820237
8,RR,32,POJ-R,LT_Pronation_pro_L,0.385563895753523,0.491992285404517,0.87755618115804,0.00693643237643869,0.00756283041163297,6.20779820484046,0.650550941209496
9,SJB,1,V1-L,LT_Pronation_pro_L,0.204019331954387,0.455918508175407,0.659937840129794,0.00671640509006958,0.00721783134846803,6.47684779808029,0.735218704588898
9,SJB,2,V3-L,LT_Pronation_pro_L,0.324795363589445,1.14882083891115,1.4736162025006,0.0102493977183782,0.0110926400500319,6.39264870129143,0.704612863891079
9,SJB,3,STS-L,LT_Pronation_pro_L,0.280350182145168,0.333227269819311,0.613577451964479,0.00624698364036039,0.00672483726417827,6.48073182949302,0.741185155046565
9,SJB,4,IPL-L,LT_Pronation_pro_L,0.765850409105111,0.353566582955984,1.11941699206109,0.00944112772285089,0.0101843829832475,6.41420550689468,0.710253975495012
9,SJB,5,SPL-L,LT_Pronation_pro_L,0.733980266227133,0.421143321880784,1.15512358810792,0.0101774061093993,0.0110107595028972,6.41138950740232,0.721564480420168
9,SJB,6,AG-L,LT_Pronation_pro_L,0.839944360920212,0.258581061823099,1.09852542274331,0.00973396062118072,0.0105348015280201,6.42206726429719,0.722589601936345
9,SJB,7,mIPS-L,LT_Pronation_pro_L,0.546490623323202,0.421037418969904,0.967528042293106,0.00892981586740188,0.00965063560304603,6.42944762841792,0.719915387716645
9,SJB,8,VIP-L,LT_Pronation_pro_L,0.66004283735412,0.321258339087867,0.981301176441987,0.00820231534561523,0.00884862706103463,6.4370100449436,0.728358053347674
9,SJB,9,SPOC-L,LT_Pronation_pro_L,0.802808952173787,0.674476874464396,1.47728582663818,0.0116700198467946,0.012575545975179,6.37335869020963,0.678249621431557
9,SJB,10,S1-L,LT_Pronation_pro_L,0.704585668873981,0.26136687997242,0.965952548846402,0.00794849321297535,0.00865307167780754,6.44387692551337,0.727838908415312
9,SJB,11,M1-L,LT_Pronation_pro_L,0.398480632509146,0.598646295671093,0.997126928180239,0.0074708420062269,0.00804305523721938,6.4416068369633,0.72167760598275
9,SJB,12,SMA-L,LT_Pronation_pro_L,0.234093952024804,0.622483625585984,0.856577577610788,0.00707227273598761,0.00763850933976073,6.45496005240909,0.730046788901815
9,SJB,13,PMd-L,LT_Pronation_pro_L,0.267571695263887,0.366079369637824,0.633651064901712,0.00646027012148273,0.00698732999440784,6.47703571673047,0.740067068448011
9,SJB,14,PMv-L,LT_Pronation_pro_L,0.068111684886487,0.251174799785979,0.319286484672466,0.00369036751149915,0.00397496826384291,6.53746020041592,0.752290612651422
9,SJB,15,FEF-L,LT_Pronation_pro_L,0.21400723212136,0.228190152179271,0.442197384300631,0.00606281669749025,0.00658393575618128,6.49357461056422,0.749409768088235
9,SJB,16,POJ-L,LT_Pronation_pro_L,0.452416546887659,0.717697488267376,1.17011403515504,0.0104283817149573,0.0113214024178111,6.40830844629901,0.716637568914675
9,SJB,17,V1-R,LT_Pronation_pro_L,0.421985546224991,0.660152534868924,1.08213808109391,0.0101588923049399,0.0110420700114666,6.41700275416737,0.721332880263443
9,SJB,18,V3-R,LT_Pronation_pro_L,0.394798547147267,0.249287974799798,0.644086521947065,0.0078073698177402,0.00844632753701664,6.46342936894489,0.742886923903962
9,SJB,19,STS-R,LT_Pronation_pro_L,0.139762488240288,0.463175718271349,0.602938206511638,0.00669186402726518,0.00722844125265097,6.47998161140967,0.743628250575688
9,SJB,20,IPL-R,LT_Pronation_pro_L,0.383745125357499,0.143697119781751,0.52744224513925,0.00583270610780789,0.00634230199084609,6.49078840925997,0.745307935510934
9,SJB,21,SPL-R,LT_Pronation_pro_L,0.596868834696834,0.640649094087992,1.23751792878483,0.0100806259126944,0.0108983633738022,6.40290851774033,0.701645277162067
9,SJB,22,AG-R,LT_Pronation_pro_L,0.425402986266585,0.59578045209172,1.02118343835831,0.00939437457039013,0.0101108658685726,6.42423548128918,0.722123502605014
9,SJB,23,mIPS-R,LT_Pronation_pro_L,0.496563784167889,0.320587042874479,0.817150827042369,0.00774361497716507,0.00836661928935197,6.45429390074516,0.724918652758288
9,SJB,24,VIP-R,LT_Pronation_pro_L,0.805929714921111,0.341697188267518,1.14762690318863,0.00896660489943207,0.00970517644299954,6.41572346115854,0.717511748960792
9,SJB,25,SPOC-R,LT_Pronation_pro_L,0.715609914622989,0.805239412037005,1.52084932665999,0.0120400817357943,0.0130034214002309,6.3787019281883,0.688471881732737
9,SJB,26,S1-R,LT_Pronation_pro_L,0.257312323561167,0.936599481014833,1.193911804576,0.00838936265181239,0.00909122448693295,6.4302834669824,0.713005264840207
9,SJB,27,M1-R,LT_Pronation_pro_L,0.673773399763226,0.531477867682362,1.20525126744559,0.00929949333188513,0.0100421270970316,6.41588524577578,0.706772726211212
9,SJB,28,SMA-R,LT_Pronation_pro_L,0.63482985336237,0.257806898282529,0.892636751644899,0.00773054767645506,0.00837584474558085,6.44671926913868,0.725100446663968
9,SJB,29,PMd-R,LT_Pronation_pro_L,0.199865578044106,0.262943403243782,0.462808981287888,0.00564494038044038,0.00612730845763588,6.49613445626878,0.743481724994929
9,SJB,30,PMv-R,LT_Pronation_pro_L,0.0881335110764237,0.233804371335553,0.321937882411977,0.00401061120597451,0.00432409174440892,6.53076073723857,0.755843019908671
9,SJB,31,FEF-R,LT_Pronation_pro_L,0.294092328573175,0.15271659234201,0.446808920915185,0.00595689160236919,0.0064773577775789,6.49224749382777,0.755675236369203
9,SJB,32,POJ-R,LT_Pronation_pro_L,0.523791899359067,0.520731596575419,1.04452349593449,0.00884661238940107,0.00951720567733763,6.42552869647678,0.718269094778671
1,DOC,1,V1-L,LT_Pronation_pro_R,0.0952454275344002,0.597595051132867,0.692840478667267,0.00556422364491505,0.00594238479817581,6.55347520536126,0.724840359019705
1,DOC,2,V3-L,LT_Pronation_pro_R,0.3199043892229,0.273795353213472,0.593699742436372,0.0068280519524039,0.00731649820909095,6.53766084045789,0.725216425722989
1,DOC,3,STS-L,LT_Pronation_pro_R,0.0595964808766903,0.263966220737124,0.323562701613814,0.0043104483432299,0.00462478660356168,6.59123955475221,0.743046392662333
1,DOC,4,IPL-L,LT_Pronation_pro_R,0.607041880274125,0.79589310715008,1.4029349874242,0.0119492443277912,0.0128177697918462,6.44670241378587,0.692444338280564
1,DOC,5,SPL-L,LT_Pronation_pro_R,0.643402601429325,0.907388313408919,1.55079091483824,0.0123130210786163,0.0131487196173174,6.42666285583614,0.667428846301536
1,DOC,6,AG-L,LT_Pronation_pro_R,0.434603968257967,0.435063425153055,0.869667393411021,0.00880775854234186,0.00942948423962897,6.50265606483092,0.710330159101538
1,DOC,7,mIPS-L,LT_Pronation_pro_R,0.697084412309956,0.559871749444288,1.25695616175424,0.0120534873358752,0.0129369182146297,6.4552805198748,0.700647616714181
1,DOC,8,VIP-L,LT_Pronation_pro_R,0.94661503568977,0.683330262240615,1.62994529793038,0.013413964272957,0.014376976739996,6.42690287787367,0.674584225138797
1,DOC,9,SPOC-L,LT_Pronation_pro_R,0.623289193206218,0.210762153405429,0.834051346611647,0.00771148825224161,0.00824820741940714,6.51923733742011,0.712651373650157
1,DOC,10,S1-L,LT_Pronation_pro_R,0.691322087213025,0.190839603677008,0.882161690890033,0.00782122645230579,0.00838573511577148,6.51347107096193,0.711038440878233
1,DOC,11,M1-L,LT_Pronation_pro_R,0.860228378566463,0.288795377639852,1.14902375620631,0.00998699335735946,0.0107220353844755,6.48174996337216,0.711163868848701
1,DOC,12,SMA-L,LT_Pronation_pro_R,0.836891888645276,0.487469989227118,1.32436187787239,0.011251661308277,0.0120965018650303,6.45905166895087,0.700056902342086
1,DOC,13,PMd-L,LT_Pronation_pro_R,0.276682398823198,0.608146793444612,0.88482919226781,0.00841716363020258,0.00899923649818802,6.51172761518409,0.721256812722629
1,DOC,14,PMv-L,LT_Pronation_pro_R,0.0445611315199504,1.12273084182368,1.16729197334363,0.00811199895258126,0.00868683795603729,6.51192933368539,0.715412597305243
1,DOC,15,FEF-L,LT_Pronation_pro_R,0.407478993680922,0.272483066677949,0.679962060358871,0.00737888885441345,0.00788195902548494,6.53243285774777,0.720796106075029
1,DOC,16,POJ-L,LT_Pronation_pro_R,0.431138058628712,0.584405024518081,1.01554308314679,0.0100822337485329,0.0107589367393517,6.48644991296323,0.706443336974143
1,DOC,17,V1-R,LT_Pronation_pro_R,0.113537291551571,0.211316632524015,0.324853924075585,0.00485174316344472,0.00522549147155265,6.57905556479914,0.742038212814744
1,DOC,18,V3-R,LT_Pronation_pro_R,0.248191459722918,0.252096918842109,0.500288378565027,0.00577001474339333,0.00618549743182259,6.5558323843955,0.728365555667525
1,DOC,19,STS-R,LT_Pronation_pro_R,0.167283911639269,0.403193642828062,0.570477554467331,0.00663090729114525,0.00715649898281471,6.54157658027769,0.73084832435939
1,DOC,20,IPL-R,LT_Pronation_pro_R,0.246038068567556,0.314232556203035,0.560270624770591,0.0064259914905561,0.00689765893924164,6.54357216064531,0.728497964546303
1,DOC,21,SPL-R,LT_Pronation_pro_R,0.651056213385946,0.256128345800899,0.907184559186845,0.00841222211886166,0.00902312641729065,6.4999862553107,0.709308286394016
1,DOC,22,AG-R,LT_Pronation_pro_R,0.635857027105868,0.39480433409564,1.03066136120151,0.0101197293633927,0.0109248538539699,6.47984534316804,0.71882800092267
1,DOC,23,mIPS-R,LT_Pronation_pro_R,0.932010160136624,0.323889815181534,1.25589997531816,0.0112781147880299,0.0121660304573462,6.45757762196158,0.708104499931391
1,DOC,24,VIP-R,LT_Pronation_pro_R,0.324130388521731,0.541790910171942,0.865921298693673,0.00886899317520272,0.00947839102134244,6.50250721472952,0.717142962151941
1,DOC,25,SPOC-R,LT_Pronation_pro_R,0.57715695810668,0.608749021471708,1.18590597957839,0.0107508451892591,0.0115994584873107,6.46711807641857,0.697874098572886
1,DOC,26,S1-R,LT_Pronation_pro_R,0.394769893882684,0.283515939715396,0.67828583359808,0.0072422003435305,0.00776247827336949,6.52671097500673,0.723135345838948
1,DOC,27,M1-R,LT_Pronation_pro_R,0.381187495399477,0.393711001861571,0.774898497261048,0.00813283213717794,0.00871985141753148,6.51747814193831,0.717908309383515
1,DOC,28,SMA-R,LT_Pronation_pro_R,0.892407447893184,0.489897037678159,1.38230448557134,0.0114723846874751,0.0123229869222967,6.45315209102552,0.691360451300411
1,DOC,29,PMd-R,LT_Pronation_pro_R,0.304073502736232,0.711359361592366,1.0154328643286,0.00963675125033737,0.0103241330512751,6.48839719677113,0.706028719968706
1,DOC,30,PMv-R,LT_Pronation_pro_R,0.108146839508352,0.393117682143158,0.501264521651509,0.00600815302782219,0.00644572973776816,6.55697200062412,0.732873760239412
1,DOC,31,FEF-R,LT_Pronation_pro_R,0.223472509041587,0.592797976729571,0.816270485771158,0.00795542832718794,0.00848794259043315,6.51924183613577,0.715606328624072
1,DOC,32,POJ-R,LT_Pronation_pro_R,0.80641069545017,0.52767867879544,1.33408937424561,0.011802040614079,0.0126928488984372,6.44999088362686,0.697430535255573
2,GB,1,V1-L,LT_Pronation_pro_R,0.299343524072483,0.286330907160835,0.585674431233318,0.00581141822750519,0.00634768131822453,6.09598552599138,0.640475366732331
2,GB,2,V3-L,LT_Pronation_pro_R,0.264561057217534,0.350115582167226,0.61467663938476,0.00529364150977263,0.0058356076782235,6.09933268521397,0.632403615362054
2,GB,3,STS-L,LT_Pronation_pro_R,0.0807682871694146,0.294228867874149,0.374997155043563,0.00404119073613092,0.00441522046353732,6.13513880194266,0.655926823532851
2,GB,4,IPL-L,LT_Pronation_pro_R,0.616444586145488,0.221661349317954,0.838105935463443,0.00710652134103001,0.00781589079567623,6.06032367182278,0.630513110390853
2,GB,5,SPL-L,LT_Pronation_pro_R,0.786738299069977,0.153475210881397,0.940213509951373,0.0073575992106217,0.00805061163886973,6.05966920624796,0.635071780264879
2,GB,6,AG-L,LT_Pronation_pro_R,0.417491889920499,0.568157459937037,0.985649349857536,0.00719386521034362,0.0078640105762434,6.0490032651926,0.618281382658779
2,GB,7,mIPS-L,LT_Pronation_pro_R,0.723568334410415,0.348774073836062,1.07234240824648,0.00740402784607703,0.00801823856236047,6.03756640235639,0.615790656799716
2,GB,8,VIP-L,LT_Pronation_pro_R,0.361584659640348,0.54372486859076,0.905309528231108,0.00676767175014576,0.00738378394345427,6.06091777879986,0.620951405987268
2,GB,9,SPOC-L,LT_Pronation_pro_R,0.828350406854895,0.687363936667244,1.51571434352214,0.0102441495296562,0.0112206243730275,5.98974762596415,0.583022361413949
2,GB,10,S1-L,LT_Pronation_pro_R,0.331983584484322,0.49743647080825,0.829420055292573,0.0067822965092209,0.00734440923538989,6.06628508720548,0.613907476182627
2,GB,11,M1-L,LT_Pronation_pro_R,0.199255259385615,0.555274355076983,0.754529614462598,0.00689617199100937,0.00760317420005668,6.07333966165048,0.639720602660543
2,GB,12,SMA-L,LT_Pronation_pro_R,0.704666683384285,0.404252367965104,1.10891905134939,0.00867259718216021,0.00951221771932146,6.02813601492743,0.613700890614855
2,GB,13,PMd-L,LT_Pronation_pro_R,0.108576851193164,0.29416052518657,0.402737376379733,0.00429280179400913,0.00467064596175479,6.12949500800643,0.652468969522161
2,GB,14,PMv-L,LT_Pronation_pro_R,0.0711189967545916,0.26422712448853,0.335346121243122,0.00382573198931704,0.00420078663516402,6.13952858882412,0.654738934360378
2,GB,15,FEF-L,LT_Pronation_pro_R,0.279522275004206,0.335815349568057,0.615337624572263,0.00538040704978969,0.00587238348633361,6.09724068364879,0.637992574419377
2,GB,16,POJ-L,LT_Pronation_pro_R,0.393409943418081,0.802080809493385,1.19549075291147,0.00740801533190589,0.0080579434255861,6.04434777657433,0.611660251372278
2,GB,17,V1-R,LT_Pronation_pro_R,0.134181693326886,0.172960465261075,0.307142158587961,0.00401860368911441,0.00438131531093573,6.13623636520022,0.659417058152879
2,GB,18,V3-R,LT_Pronation_pro_R,0.262977969921393,0.262229056115808,0.525207026037201,0.00544265871359086,0.00596742884423421,6.10272654223163,0.649246552694614
2,GB,19,STS-R,LT_Pronation_pro_R,0.162355384349364,0.268584586066889,0.430939970416253,0.00496603803721064,0.00539020821860286,6.11505253279416,0.649970805571577
2,GB,20,IPL-R,LT_Pronation_pro_R,0.435447547892316,0.276387471015678,0.711835018907994,0.00626671274492303,0.00682445892463788,6.08054381993286,0.641138684563316
2,GB,21,SPL-R,LT_Pronation_pro_R,0.368710019810558,0.296582301888321,0.665292321698879,0.00658101595687099,0.00720181783151502,6.08045386504126,0.639044666145857
2,GB,22,AG-R,LT_Pronation_pro_R,0.298392701357163,0.361357353248185,0.659750054605348,0.00612842156571369,0.00670212823971557,6.0827712748016,0.638928640143739
2,GB,23,mIPS-R,LT_Pronation_pro_R,0.682889530772793,0.193372411695173,0.876261942467966,0.00747465543982145,0.00819235620884952,6.05764516748199,0.636125662601139
2,GB,24,VIP-R,LT_Pronation_pro_R,0.536279753211597,0.521761454504147,1.05804120771574,0.00809646409462276,0.00885630238064608,6.03422099258829,0.622062964641399
2,GB,25,SPOC-R,LT_Pronation_pro_R,0.270984883138863,0.788428659586979,1.05941354272584,0.00745584522733855,0.00809165121341868,6.04587707272698,0.61996741861509
2,GB,26,S1-R,LT_Pronation_pro_R,0.705917188460881,0.198409065905745,0.904326254366626,0.00658375331803349,0.00715713728129226,6.06381825441026,0.630249829781938
2,GB,27,M1-R,LT_Pronation_pro_R,0.270696107242344,0.342255572564431,0.612951679806775,0.00546981753765267,0.00597269681867655,6.10010163822028,0.644927681741205
2,GB,28,SMA-R,LT_Pronation_pro_R,0.37481567369057,0.33647843357017,0.71129410726074,0.00691514534636919,0.00762961041469481,6.0677296779837,0.637497440336123
2,GB,29,PMd-R,LT_Pronation_pro_R,0.425296509101862,0.23940311852393,0.664699627625793,0.00557821869362336,0.00606357303413803,6.09082299320898,0.632408068346674
2,GB,30,PMv-R,LT_Pronation_pro_R,0.0740651841085225,0.150504889176639,0.224570073285161,0.00353510851634415,0.00386235306598808,6.14927513313187,0.664118435256873
2,GB,31,FEF-R,LT_Pronation_pro_R,0.187427517660824,0.365761988442305,0.553189506103129,0.00551124895498996,0.00598423035429582,6.10050386899236,0.64140289329755
2,GB,32,POJ-R,LT_Pronation_pro_R,0.185778759497214,0.46204497508345,0.647823734580664,0.00563859169110611,0.00612509995359612,6.09563478179742,0.635499555291758
3,JDC,1,V1-L,LT_Pronation_pro_R,0.25945263483693,0.331675429896016,0.591128064732946,0.00575008621132438,0.00617674569707812,6.21146866844904,0.598108713705456
3,JDC,2,V3-L,LT_Pronation_pro_R,0.196054750748453,0.443043845198518,0.639098595946972,0.00621349077890028,0.00669576600936183,6.2011588953553,0.595016841271106
3,JDC,3,STS-L,LT_Pronation_pro_R,0.12872712453605,0.149073527618707,0.277800652154756,0.00395413767062312,0.00424853851845866,6.25410840967834,0.610529557490517
3,JDC,4,IPL-L,LT_Pronation_pro_R,0.611230170292161,0.3647674384751,0.97599760876726,0.00885312160002911,0.00955647662750108,6.14969044723925,0.580879413733705
3,JDC,5,SPL-L,LT_Pronation_pro_R,0.733958755583427,0.425565169927647,1.15952392551107,0.00978800976852195,0.0105350688689499,6.12694395530005,0.56333196734395
3,JDC,6,AG-L,LT_Pronation_pro_R,0.338890552632025,0.19433199537344,0.533222548005465,0.00576792623863311,0.00624470607231273,6.21367160669027,0.594959901266395
3,JDC,7,mIPS-L,LT_Pronation_pro_R,0.460466791855369,0.343726342167184,0.804193134022553,0.00793541525542967,0.00857634074036199,6.17056459336073,0.588995323077406
3,JDC,8,VIP-L,LT_Pronation_pro_R,0.635220003441459,0.344331195436541,0.979551198878,0.00939128280661546,0.010134224608442,6.14816040906326,0.577103411866983
3,JDC,9,SPOC-L,LT_Pronation_pro_R,0.553831665574054,0.421996778879708,0.975828444453762,0.00890322518536557,0.00959534420035885,6.1501768980056,0.578636515615202
3,JDC,10,S1-L,LT_Pronation_pro_R,0.799918237314134,0.448368796975938,1.24828703429007,0.00807336952605652,0.00864884294917398,6.14899818833909,0.558973829715727
3,JDC,11,M1-L,LT_Pronation_pro_R,0.323267545512477,0.743073979328049,1.06634152484053,0.00708881008811051,0.0076002014432673,6.17016776815467,0.573205328334577
3,JDC,12,SMA-L,LT_Pronation_pro_R,0.508704967602141,0.318160050121158,0.826865017723299,0.00809878985543918,0.00871006462600084,6.16714214154466,0.588461394952117
3,JDC,13,PMd-L,LT_Pronation_pro_R,0.251390430540632,0.349171955740349,0.600562386280981,0.00598538487627621,0.00644573135488844,6.20578234292551,0.597454667583274
3,JDC,14,PMv-L,LT_Pronation_pro_R,0.0524476362173085,0.273676395023921,0.326124031241229,0.00384112650737528,0.00413656906681104,6.25389717763852,0.612315945679538
3,JDC,15,FEF-L,LT_Pronation_pro_R,0.425524948584341,0.227665806979999,0.65319075556434,0.00664224937649321,0.00715889804959947,6.19379622123091,0.596720259037215
3,JDC,16,POJ-L,LT_Pronation_pro_R,0.296118921715732,0.46422292974501,0.760341851460742,0.00709146078017515,0.00763817636800413,6.18080851842757,0.582261105421492
3,JDC,17,V1-R,LT_Pronation_pro_R,0.244575908460719,0.301242377926721,0.54581828638744,0.00604753636905197,0.00651184912359477,6.20659192150998,0.598404080944458
3,JDC,18,V3-R,LT_Pronation_pro_R,0.223404949770516,0.475345198738727,0.698750148509244,0.00637948474980135,0.00683691426853406,6.19792033914871,0.592600505674958
3,JDC,19,STS-R,LT_Pronation_pro_R,0.122583048317709,0.225615337614543,0.348198385932252,0.00469865765576834,0.00506837446916079,6.23881145507534,0.610985191016842
3,JDC,20,IPL-R,LT_Pronation_pro_R,0.548710946355032,0.218145948184859,0.766856894539891,0.00751446480635071,0.00806730549259917,6.17718118974225,0.592271783094818
3,JDC,21,SPL-R,LT_Pronation_pro_R,0.640073988482495,0.278816576155834,0.918890564638329,0.00822911247860989,0.00882231644040073,6.1604614260121,0.58634584511715
3,JDC,22,AG-R,LT_Pronation_pro_R,0.445920444102177,0.326898147621407,0.772818591723585,0.00713968235362482,0.00764340392406795,6.18195759492484,0.592725589625215
3,JDC,23,mIPS-R,LT_Pronation_pro_R,0.549749542535012,0.426928801696819,0.976678344231831,0.0087346060213439,0.00935408650191698,6.1553287544776,0.575584311037178
3,JDC,24,VIP-R,LT_Pronation_pro_R,0.28894517812988,0.444159816651859,0.733104994781739,0.00766007363834078,0.00822845562186189,6.17611838294523,0.595409672906685
3,JDC,25,SPOC-R,LT_Pronation_pro_R,0.21864724480986,0.76188756389426,0.980534808704121,0.00820694136497197,0.00882926217016086,6.16348179686228,0.577733617216081
3,JDC,26,S1-R,LT_Pronation_pro_R,0.300674459079216,0.433731938925529,0.734406398004746,0.00735449526337447,0.00794083941326254,6.18147820450342,0.591208367806199
3,JDC,27,M1-R,LT_Pronation_pro_R,0.174695415254174,0.340757497463384,0.515452912717558,0.00561786071196365,0.00604071542422512,6.21413176469278,0.601127999480555
3,JDC,28,SMA-R,LT_Pronation_pro_R,0.367855273751472,0.310212695909766,0.678067969661238,0.00687284279580373,0.00738422047531613,6.1891125484154,0.594273300932033
3,JDC,29,PMd-R,LT_Pronation_pro_R,0.186648291593826,0.575883490301001,0.762531781894826,0.00664924573177867,0.00711687305471407,6.19169920820707,0.594302762814709
3,JDC,30,PMv-R,LT_Pronation_pro_R,0.104780123281395,0.357129756032487,0.461909879313882,0.00518176753674749,0.00557519876030854,6.22635277008365,0.604046912910021
3,JDC,31,FEF-R,LT_Pronation_pro_R,0.397408914952522,0.357183297655579,0.754592212608102,0.00687476665116993,0.00739572905037992,6.18447480031652,0.591604611408565
3,JDC,32,POJ-R,LT_Pronation_pro_R,0.645589067979235,0.358677852181874,1.00426692016111,0.00879825027252083,0.00945371491316326,6.15390644971672,0.576823742993491
4,JFXD,1,V1-L,LT_Pronation_pro_R,0.222080465550148,0.474474544259247,0.696555009809395,0.00721673489261263,0.00773318930218531,6.99133665745906,0.902639999602979
4,JFXD,2,V3-L,LT_Pronation_pro_R,0.446520835362682,0.320125710990861,0.766646546353543,0.0087865821761564,0.00944804023983118,6.97277939731661,0.90762812947198
4,JFXD,3,STS-L,LT_Pronation_pro_R,0.42996671362048,0.949262231805218,1.3792289454257,0.0132594304754599,0.0142448342905196,6.90769356482949,0.888206542019417
4,JFXD,4,IPL-L,LT_Pronation_pro_R,0.659671514533364,0.469741876017331,1.1294133905507,0.0107626159134879,0.0114894877718749,6.94165084959358,0.8960594013406
4,JFXD,5,SPL-L,LT_Pronation_pro_R,0.948331949358539,1.03849254217652,1.98682449153506,0.0141780914129806,0.0151021247545317,6.85900806526364,0.849899254173184
4,JFXD,6,AG-L,LT_Pronation_pro_R,0.619642731494663,0.832408045269299,1.45205077676396,0.0131349880873537,0.0140881058219657,6.90113730658198,0.882242994759763
4,JFXD,7,mIPS-L,LT_Pronation_pro_R,0.765006256087157,0.83422716638033,1.59923342246749,0.0136870084957175,0.0146536701708633,6.89448116480092,0.873598729784675
4,JFXD,8,VIP-L,LT_Pronation_pro_R,0.912454421910093,0.65557874115831,1.5680331630684,0.0130533578690868,0.013946103677037,6.89590440542029,0.86817956873952
4,JFXD,9,SPOC-L,LT_Pronation_pro_R,0.367987988551296,0.725736167624467,1.09372415617576,0.0117480117403057,0.012684904204021,6.93175965019828,0.897821854294917
4,JFXD,10,S1-L,LT_Pronation_pro_R,0.763116026903662,0.387846627035229,1.15096265393889,0.0114573876296043,0.0123009923299648,6.93130605229502,0.889738263124357
4,JFXD,11,M1-L,LT_Pronation_pro_R,0.844726586333742,0.348421641738418,1.19314822807216,0.0114414409921622,0.0122844030678724,6.93165425756375,0.894223101227667
4,JFXD,12,SMA-L,LT_Pronation_pro_R,0.763709778765838,0.382306470789601,1.14601624955544,0.00973811566766851,0.0104416487045207,6.94528925616977,0.893187173938283
4,JFXD,13,PMd-L,LT_Pronation_pro_R,0.79322518049617,0.278761680300328,1.0719868607965,0.00969478062443673,0.0104320757534318,6.95493961592295,0.893536525911509
4,JFXD,14,PMv-L,LT_Pronation_pro_R,0.149803686246948,1.54398342625021,1.69378711249716,0.0103294548105676,0.0111308981784646,6.90481786401557,0.855105979041973
4,JFXD,15,FEF-L,LT_Pronation_pro_R,0.587388303717099,0.369946046300993,0.957334350018092,0.00897015095350791,0.00964144050784113,6.95905011952352,0.877212565480519
4,JFXD,16,POJ-L,LT_Pronation_pro_R,0.60994854786637,0.337805158866054,0.947753706732425,0.00967925717519622,0.0103172072803168,6.95810995870447,0.897912882455177
4,JFXD,17,V1-R,LT_Pronation_pro_R,0.406637943382949,0.49966017361038,0.906298116993329,0.00808883832245666,0.00864353894321223,6.96789471358061,0.887978293800882
4,JFXD,18,V3-R,LT_Pronation_pro_R,0.2880986246765,0.543036160433847,0.831134785110347,0.010584563348093,0.0114188989608252,6.95512153074799,0.909560848812501
4,JFXD,19,STS-R,LT_Pronation_pro_R,0.203058043120244,0.847966088424766,1.05102413154501,0.00901201355295296,0.00963224271797067,6.96355018265337,0.895948423710301
4,JFXD,20,IPL-R,LT_Pronation_pro_R,0.871830809422117,0.28822717501562,1.16005798443774,0.0103152151365494,0.0110672052093484,6.93666114930463,0.895369926169499
4,JFXD,21,SPL-R,LT_Pronation_pro_R,0.807132824311771,0.518479014040533,1.3256118383523,0.0128238814574168,0.0137883529495244,6.90492447702712,0.875642713049581
4,JFXD,22,AG-R,LT_Pronation_pro_R,0.904742257176149,0.478355345971073,1.38309760314722,0.012775057936867,0.0136476264227994,6.90765987240539,0.874864052685551
4,JFXD,23,mIPS-R,LT_Pronation_pro_R,0.77328173821126,0.502242908595518,1.27552464680678,0.0124129087565952,0.0133074194637618,6.91847592425894,0.887047153423592
4,JFXD,24,VIP-R,LT_Pronation_pro_R,0.63044468235306,0.407189831974694,1.03763451432775,0.0109487701319164,0.011778227221442,6.93990871533616,0.898376829777323
4,JFXD,25,SPOC-R,LT_Pronation_pro_R,0.857639138999855,0.605636346756053,1.46327548575591,0.0128330008195561,0.0137732354492468,6.900235849318,0.874488727691299
4,JFXD,26,S1-R,LT_Pronation_pro_R,0.414073330167717,0.431564075762413,0.845637405930129,0.00904917343114565,0.00972865589162324,6.96846171431023,0.908469037463507
4,JFXD,27,M1-R,LT_Pronation_pro_R,0.84561493378205,0.297429381706065,1.14304431548811,0.010777405710072,0.0116029582194068,6.93494071423017,0.893116387122447
4,JFXD,28,SMA-R,LT_Pronation_pro_R,0.993335329181808,0.525496655721034,1.51883198490284,0.0117718370262127,0.012590855006825,6.90053436594155,0.870375285635001
4,JFXD,29,PMd-R,LT_Pronation_pro_R,0.222767743424449,0.610499594558256,0.833267337982705,0.00901173785939884,0.00968058561469507,6.96608000884263,0.903142188560962
4,JFXD,30,PMv-R,LT_Pronation_pro_R,0.0941471650589364,1.35441577147387,1.44856293653281,0.00861708472306751,0.00924962546162554,6.94338774103921,0.886747252375974
4,JFXD,31,FEF-R,LT_Pronation_pro_R,0.383567355977777,0.486482249508716,0.870049605486493,0.00975151783665072,0.0104694846956695,6.95682314491898,0.899816684807846
4,JFXD,32,POJ-R,LT_Pronation_pro_R,0.525991049502217,0.760145105031852,1.28613615453407,0.0109145990395775,0.0116654464196518,6.92543096025589,0.88246011368394
5,JZ,1,V1-L,LT_Pronation_pro_R,0.103515561392537,0.334971618647688,0.438487180040225,0.0045467833290045,0.00498309933882604,6.10585881119624,0.627237871786428
5,JZ,2,V3-L,LT_Pronation_pro_R,0.136207919266127,0.374563002468897,0.510770921735024,0.0048682286653032,0.00533859022247873,6.10139246868796,0.628392378386727
5,JZ,3,STS-L,LT_Pronation_pro_R,0.0646480696053333,0.236074195133045,0.300722264738379,0.00387001932343036,0.00427427309966272,6.1273077914684,0.63637752386237
5,JZ,4,IPL-L,LT_Pronation_pro_R,0.296726364646512,0.693824322053255,0.990550686699767,0.00769338398157568,0.00850682380034011,6.03357737507101,0.608541886336185
5,JZ,5,SPL-L,LT_Pronation_pro_R,0.524828333843962,0.258882693101603,0.783711026945564,0.00740818547341122,0.00818655537200419,6.05180716471188,0.613854164225473
5,JZ,6,AG-L,LT_Pronation_pro_R,0.448748130370614,0.461313623722174,0.910061754092788,0.00754024901859274,0.00824449514778605,6.03192480225209,0.593267533584672
5,JZ,7,mIPS-L,LT_Pronation_pro_R,0.821342500300369,0.285862168536528,1.1072046688369,0.00879937866500929,0.0097207121521718,6.01453431901414,0.600481854611623
5,JZ,8,VIP-L,LT_Pronation_pro_R,0.457982032433745,0.258643664882524,0.71662569731627,0.00688345229414102,0.00760016736582808,6.05902879739246,0.62075760911631
5,JZ,9,SPOC-L,LT_Pronation_pro_R,0.742757607343322,0.450054717484694,1.19281232482802,0.00924011126407722,0.0101718635930243,6.00354916374987,0.594997169396179
5,JZ,10,S1-L,LT_Pronation_pro_R,0.45975732114695,0.462002945574196,0.921760266721145,0.00661785521430448,0.00721196184766626,6.04518855768503,0.599980070215517
5,JZ,11,M1-L,LT_Pronation_pro_R,0.331674788860412,0.2271500522678,0.558824841128211,0.00549818083136104,0.00604446766587911,6.08611602041958,0.626047119882519
5,JZ,12,SMA-L,LT_Pronation_pro_R,0.247336279723275,0.256643871956204,0.503980151679479,0.00454500732664763,0.00498935889706257,6.10539818936411,0.626652023969195
5,JZ,13,PMd-L,LT_Pronation_pro_R,0.300535580481304,0.311089063798351,0.611624644279655,0.005536337949923,0.00607088158461707,6.08413154285978,0.622564361238219
5,JZ,14,PMv-L,LT_Pronation_pro_R,0.0551901870424734,0.247618584154214,0.302808771196687,0.00389119201944654,0.00429534861210187,6.12874857392646,0.641682395185294
5,JZ,15,FEF-L,LT_Pronation_pro_R,0.207096890952203,0.161298805871472,0.368395696823675,0.00423026162429651,0.0046405177022215,6.11487793019962,0.633540144713775
5,JZ,16,POJ-L,LT_Pronation_pro_R,0.436019390146381,0.276404237649989,0.71242362779637,0.00637170009512263,0.00700861046922839,6.07101204225812,0.615401780497147
5,JZ,17,V1-R,LT_Pronation_pro_R,0.131521560754903,0.206828965200729,0.338350525955631,0.00411499133553609,0.0045029399108416,6.12210555113728,0.63463274000703
5,JZ,18,V3-R,LT_Pronation_pro_R,0.310776908919616,0.416967555498887,0.727744464418503,0.00612404220868287,0.00675538956360843,6.06800885817167,0.610689712789522
5,JZ,19,STS-R,LT_Pronation_pro_R,0.139639568795309,0.262477156200991,0.4021167249963,0.00425214785217543,0.00468206900551389,6.11236143054172,0.633169375990149
5,JZ,20,IPL-R,LT_Pronation_pro_R,0.442786399458981,0.497239852830764,0.940026252289746,0.00839419905084425,0.00929579692167221,6.02790112517811,0.612165216550219
5,JZ,21,SPL-R,LT_Pronation_pro_R,0.604003812251584,0.445103746570064,1.04910755882165,0.00872260367895927,0.00960264598330466,6.01282590297879,0.59028913061772
5,JZ,22,AG-R,LT_Pronation_pro_R,0.282227214619346,0.655607420926531,0.937834635545877,0.00637866960930307,0.00705779532377652,6.05081115324063,0.600406441279803
5,JZ,23,mIPS-R,LT_Pronation_pro_R,0.520897866745117,0.676995763632957,1.19789363037807,0.00883652978701712,0.00965242694230072,6.00237322125735,0.576168163631361
5,JZ,24,VIP-R,LT_Pronation_pro_R,0.55818869045157,0.482232798900388,1.04042148935196,0.00884042358178979,0.009793701702434,6.01134832786352,0.60388087914393
5,JZ,25,SPOC-R,LT_Pronation_pro_R,0.873302053197324,0.34025440838744,1.21355646158476,0.00801376066551418,0.00881514755346102,6.01722033280414,0.582638646162226
5,JZ,26,S1-R,LT_Pronation_pro_R,0.297000763366251,0.487221396522085,0.784222159888337,0.00651669197413687,0.0071506906406684,6.06262150852911,0.606673096447846
5,JZ,27,M1-R,LT_Pronation_pro_R,0.22913101598085,0.39127675882402,0.62040777480487,0.00521520055810235,0.00570140486046338,6.08727893669239,0.617455078486148
5,JZ,28,SMA-R,LT_Pronation_pro_R,0.659971301525816,0.141699876063276,0.801671177589092,0.00645348133090015,0.00704997751835371,6.05866091274273,0.615989664071816
5,JZ,29,PMd-R,LT_Pronation_pro_R,0.133421896092036,0.40445787285159,0.537879768943626,0.00558571467396314,0.00616458269386016,6.09005572894857,0.627610615885855
5,JZ,30,PMv-R,LT_Pronation_pro_R,0.0733654919378001,0.25673283849521,0.33009833043301,0.00403283142998757,0.00446235131001348,6.12464457091655,0.638516792521648
5,JZ,31,FEF-R,LT_Pronation_pro_R,0.319592176754676,0.270808746771348,0.590400923526024,0.0055917979586998,0.00610621715614628,6.08682741624396,0.620787248786722
5,JZ,32,POJ-R,LT_Pronation_pro_R,0.358111630262948,0.336002583690736,0.694114213953683,0.00608340398065016,0.00672934610342234,6.07145607138166,0.6156568097738
6,LT,1,V1-L,LT_Pronation_pro_R,0.230024098459538,0.52243783481459,0.752461933274128,0.0081467743800841,0.00875430105154198,6.62609411695331,0.783880974132071
6,LT,2,V3-L,LT_Pronation_pro_R,0.200146946083055,0.823193216652328,1.02334016273538,0.00935598103235725,0.0100652674053395,6.60285965475449,0.772294100430229
6,LT,3,STS-L,LT_Pronation_pro_R,0.203447220151317,0.558363628053696,0.761810848205013,0.00815881964926029,0.00881726673277904,6.63344364550614,0.786281017655599
6,LT,4,IPL-L,LT_Pronation_pro_R,0.59843985519967,1.1224049549681,1.72084481016777,0.0124434634751045,0.0135063113923347,6.55021610996468,0.748859378672489
6,LT,5,SPL-L,LT_Pronation_pro_R,0.756258365903016,0.480146581042048,1.23640494694506,0.0107076670392124,0.0115652487061427,6.57405034282096,0.750738163976773
6,LT,6,AG-L,LT_Pronation_pro_R,0.376788867989248,0.391571710977903,0.768360578967152,0.00825840696473986,0.00893281088880512,6.62423658562341,0.78176492435325
6,LT,7,mIPS-L,LT_Pronation_pro_R,0.838494487494787,0.245226883101766,1.08372137059655,0.00957194742752332,0.0103822249418997,6.59856546608382,0.763215334310541
6,LT,8,VIP-L,LT_Pronation_pro_R,0.945495133630215,1.06227292799623,2.00776806162645,0.013545360699118,0.0145807435223357,6.49346893144351,0.709071658447341
6,LT,9,SPOC-L,LT_Pronation_pro_R,0.804710490382911,0.230664282660945,1.03537477304386,0.00999314502426952,0.0108124877838492,6.59485999524066,0.774291853684754
6,LT,10,S1-L,LT_Pronation_pro_R,0.858289523940738,0.912684021391571,1.77097354533231,0.0114955828784516,0.0123927252879228,6.53299767450609,0.73677164596245
6,LT,11,M1-L,LT_Pronation_pro_R,0.410085012119995,0.561141253009054,0.971226265129049,0.00750578997008728,0.00808357246934954,6.61972289218468,0.765071913034824
6,LT,12,SMA-L,LT_Pronation_pro_R,0.961819979496665,0.31911130615879,1.28093128565546,0.0105608830453815,0.0114427178573991,6.57538578535143,0.768167914118626
6,LT,13,PMd-L,LT_Pronation_pro_R,0.303502247508411,0.401969433288984,0.705471680797394,0.00753564653392786,0.00815016589702593,6.63888917809927,0.783580822870716
6,LT,14,PMv-L,LT_Pronation_pro_R,0.0914675697771129,0.420385895370637,0.51185346514775,0.00590693317456229,0.00638002854772775,6.66996982898843,0.79396398207632
6,LT,15,FEF-L,LT_Pronation_pro_R,0.378730020552989,0.360222148593189,0.738952169146178,0.00760724997665316,0.00825269785254761,6.63520447494884,0.780006527077855
6,LT,16,POJ-L,LT_Pronation_pro_R,0.752449078452009,0.249728452184922,1.00217753063693,0.00911339972090361,0.00983431943736761,6.60013146729798,0.769293045024384
6,LT,17,V1-R,LT_Pronation_pro_R,0.151077328994105,0.457968065846354,0.609045394840459,0.00585241507241627,0.00633264784613803,6.66377142086042,0.787766958013355
6,LT,18,V3-R,LT_Pronation_pro_R,0.324627058590786,0.223048262922874,0.54767532151366,0.00640085777634467,0.00689885037732646,6.65754493643575,0.79098932021007
6,LT,19,STS-R,LT_Pronation_pro_R,0.0736842044773939,0.251344308568751,0.325028513046145,0.00458728908021736,0.00494738354892377,6.69779719259471,0.803569058020332
6,LT,20,IPL-R,LT_Pronation_pro_R,0.78503266237283,0.47586819732894,1.26090085970177,0.0115250794770535,0.0124354907834918,6.57261888044925,0.765549592403497
6,LT,21,SPL-R,LT_Pronation_pro_R,0.354629320139083,0.453670023837978,0.808299343977061,0.00906108247938793,0.0098373910479357,6.61496294701845,0.781824381875333
6,LT,22,AG-R,LT_Pronation_pro_R,0.69916207456649,0.825528024301122,1.52469009886761,0.0118142813485613,0.0126791120314301,6.5496895001918,0.731720894663505
6,LT,23,mIPS-R,LT_Pronation_pro_R,0.531743913102473,1.22117271526166,1.75291662836413,0.0133760815497939,0.0143691163710132,6.51484098607276,0.740273157275061
6,LT,24,VIP-R,LT_Pronation_pro_R,0.722327733933248,0.528608552580329,1.25093628651358,0.0116639465453359,0.0126183029053417,6.56907773759701,0.76724345094695
6,LT,25,SPOC-R,LT_Pronation_pro_R,0.750431361246971,0.48324624705338,1.23367760830035,0.0102851349682353,0.0110421112850539,6.57460328539244,0.745322513225151
6,LT,26,S1-R,LT_Pronation_pro_R,0.609188256913652,0.230064058206812,0.839252315120464,0.00883592618576087,0.00951886401916805,6.61369839382393,0.773945921302726
6,LT,27,M1-R,LT_Pronation_pro_R,0.217024805662918,0.268596308208425,0.485621113871342,0.00610175514814717,0.00654741970935039,6.66441711786129,0.7921167336069
6,LT,28,SMA-R,LT_Pronation_pro_R,0.732334525527922,0.482085865638763,1.21442039116669,0.0100502878794564,0.0108507211618384,6.58584921428906,0.765627748204842
6,LT,29,PMd-R,LT_Pronation_pro_R,0.573497851630851,0.326106338532232,0.899604190163083,0.00842426059877082,0.00913919875561777,6.61812814480623,0.770755157373775
6,LT,30,PMv-R,LT_Pronation_pro_R,0.161028731169136,0.140445463135504,0.301474194304641,0.0040636704107858,0.00435496317329339,6.70342941065889,0.798362546192827
6,LT,31,FEF-R,LT_Pronation_pro_R,0.240543813120544,0.258336894726157,0.498880707846701,0.00663405071048999,0.00719207475535201,6.66012861545922,0.794876502970627
6,LT,32,POJ-R,LT_Pronation_pro_R,0.291894973788884,0.640763655964929,0.932658629753813,0.00915349490184581,0.00986272385615332,6.61195211282971,0.776011488994488
7,NvA,1,V1-L,LT_Pronation_pro_R,0.0756930505975307,0.133387164868366,0.209080215465897,0.00327572589471105,0.00353875044125012,6.03245217479587,0.592043475653884
7,NvA,2,V3-L,LT_Pronation_pro_R,0.107339603763595,0.525302715919426,0.632642319683021,0.00551310839747394,0.00597144933408568,5.97666213525804,0.575890973997492
7,NvA,3,STS-L,LT_Pronation_pro_R,0.13321168650921,0.16340996617714,0.29662165268635,0.00393624832635786,0.00423666799887874,6.01679714202158,0.587111049117555
7,NvA,4,IPL-L,LT_Pronation_pro_R,0.447538352353621,0.808871656076117,1.25641000842974,0.00883051968188825,0.00948818519006715,5.90456122130568,0.543055594070674
7,NvA,5,SPL-L,LT_Pronation_pro_R,0.374678814484481,0.255448580231234,0.630127394715715,0.00649637229070249,0.00701556323437617,5.96073210915944,0.572865065058518
7,NvA,6,AG-L,LT_Pronation_pro_R,0.422042405092743,0.170160877526886,0.59220328261963,0.00606032328308192,0.0065289913592791,5.97057703451301,0.575746796418206
7,NvA,7,mIPS-L,LT_Pronation_pro_R,0.567543514581795,0.196904307774513,0.764447822356308,0.00701437561531063,0.00759355418804931,5.94819804007859,0.568244855331753
7,NvA,8,VIP-L,LT_Pronation_pro_R,0.590378324151796,0.22526871764581,0.815647041797607,0.0069405312688474,0.00746395405655632,5.94669153810564,0.565661007578113
7,NvA,9,SPOC-L,LT_Pronation_pro_R,0.502924479060601,0.52825221488023,1.03117669394083,0.00870319008853988,0.00942777805634311,5.90228361607986,0.532821231401572
7,NvA,10,S1-L,LT_Pronation_pro_R,0.977891199295246,0.475942343812555,1.4538335431078,0.0097189387625579,0.010468515250401,5.8814888039845,0.534077346750595
7,NvA,11,M1-L,LT_Pronation_pro_R,0.209640605633282,0.55763932166196,0.767279927295242,0.00587243533592725,0.00632847319363253,5.96671269651945,0.565752257457431
7,NvA,12,SMA-L,LT_Pronation_pro_R,0.207665735999814,0.422668882600398,0.630334618600212,0.00647739893458274,0.00700284581788819,5.95992773207121,0.574767144746408
7,NvA,13,PMd-L,LT_Pronation_pro_R,0.218884877320467,0.234074459382528,0.452959336702995,0.00473548693930055,0.00507443419711201,5.99216487845344,0.570216385877117
7,NvA,14,PMv-L,LT_Pronation_pro_R,0.0904888708180988,0.212610968419185,0.303099839237284,0.00358478665328204,0.00386523368494215,6.02580815025114,0.585990266310574
7,NvA,15,FEF-L,LT_Pronation_pro_R,0.262990722296155,0.234294867534293,0.497285589830448,0.00517333840395002,0.00556900835286241,5.9851205429514,0.574793709034564
7,NvA,16,POJ-L,LT_Pronation_pro_R,0.0972230084007977,0.256534616726091,0.353757625126889,0.00421125292596744,0.00456257549051606,6.01232253901441,0.583527581448941
7,NvA,17,V1-R,LT_Pronation_pro_R,0.103587236216657,0.166446158917922,0.270033395134578,0.0034164475043249,0.00372377663169484,6.02506306896671,0.583812295293644
7,NvA,18,V3-R,LT_Pronation_pro_R,0.290510871005343,0.264601839251314,0.555112710256656,0.00490292413783243,0.00530326852369473,5.98518010322205,0.560054118821937
7,NvA,19,STS-R,LT_Pronation_pro_R,0.166785465611921,0.190184153757812,0.356969619369733,0.00399890171136659,0.00435547709085037,6.00944723408242,0.582962108398368
7,NvA,20,IPL-R,LT_Pronation_pro_R,0.434160112709648,0.437223711362092,0.87138382407174,0.00719932352789937,0.00779538918948364,5.94283999105294,0.561970060045781
7,NvA,21,SPL-R,LT_Pronation_pro_R,0.630080749081253,0.254806411722656,0.884887160803909,0.00653756832789984,0.00702150415381005,5.93849014941074,0.545692643161994
7,NvA,22,AG-R,LT_Pronation_pro_R,0.268678627161835,0.63737241526368,0.906051042425515,0.00640640948911861,0.00691324534254876,5.93912944549236,0.548371271162062
7,NvA,23,mIPS-R,LT_Pronation_pro_R,0.607308976765336,0.199658800560029,0.806967777325365,0.00718626202055763,0.0078085263414469,5.943506093557,0.566403377687242
7,NvA,24,VIP-R,LT_Pronation_pro_R,0.482354675440314,0.533413901672981,1.01576857711329,0.0079915614016872,0.00863990925140725,5.91968268600557,0.556134293585542
7,NvA,25,SPOC-R,LT_Pronation_pro_R,0.630927905085975,0.485546754795283,1.11647465988126,0.00847054723197851,0.00922362374669993,5.90705959472154,0.535797006625707
7,NvA,26,S1-R,LT_Pronation_pro_R,0.117136852058589,0.314428964900991,0.431565816959579,0.00456670691548997,0.00496292356255127,5.99933691574307,0.579941413666538
7,NvA,27,M1-R,LT_Pronation_pro_R,0.742345866440866,0.295843683482,1.03818954992287,0.00778508634483076,0.00845194055463455,5.91703380548604,0.555466085043776
7,NvA,28,SMA-R,LT_Pronation_pro_R,0.169617513711379,0.364285406664435,0.533902920375814,0.00562228723589018,0.00607399376994601,5.97800054866773,0.574692447672002
7,NvA,29,PMd-R,LT_Pronation_pro_R,0.165356782739417,0.493324572093936,0.658681354833353,0.00503593940300055,0.00539359785362933,5.9737094857589,0.570821010786727
7,NvA,30,PMv-R,LT_Pronation_pro_R,0.0420915199981032,0.193278532262518,0.235370052260621,0.00285358140689561,0.0031033343933158,6.04185651082783,0.592273820545078
7,NvA,31,FEF-R,LT_Pronation_pro_R,0.484513961390137,0.313259635158428,0.797773596548565,0.00757439885354823,0.00821334399242267,5.93945562485788,0.57140524071544
7,NvA,32,POJ-R,LT_Pronation_pro_R,0.254738124614806,0.331883887288006,0.586622011902812,0.00536843014704434,0.00579291699671838,5.97207488721435,0.557628437660004
8,RR,1,V1-L,LT_Pronation_pro_R,0.305943783027413,0.155314088466449,0.461257871493862,0.00448461026734586,0.00496629516616791,6.25592015821224,0.739424008565124
8,RR,2,V3-L,LT_Pronation_pro_R,0.121986337706625,0.645135714179752,0.767122051886377,0.00621983625552048,0.00686517769254356,6.22250124381494,0.728224056723866
8,RR,3,STS-L,LT_Pronation_pro_R,0.0699204674592066,0.253277452222919,0.323197919682125,0.00351947381322913,0.00388543705898989,6.28255155374672,0.749611641159408
8,RR,4,IPL-L,LT_Pronation_pro_R,0.469149428282676,0.356866568923282,0.826015997205958,0.00762768994875899,0.00849618095543161,6.19727241381275,0.72125214953492
8,RR,5,SPL-L,LT_Pronation_pro_R,0.819315249648927,0.464787464751831,1.28410271440076,0.00904200052054188,0.0100860239453894,6.15494662529933,0.697352867183129
8,RR,6,AG-L,LT_Pronation_pro_R,0.482131942426669,0.410621573655126,0.892753516081796,0.00705138548306559,0.00780801465728704,6.20005030367965,0.712623693066
8,RR,7,mIPS-L,LT_Pronation_pro_R,0.475665864312572,0.366567821585517,0.842233685898089,0.00639933668807682,0.00704648057416639,6.21274467011204,0.71188648519239
8,RR,8,VIP-L,LT_Pronation_pro_R,0.620695523553219,0.253892406849579,0.874587930402798,0.00762360475491281,0.00848775202628049,6.1996029516819,0.727574125299983
8,RR,9,SPOC-L,LT_Pronation_pro_R,0.826765356134585,0.416593164151365,1.24335852028595,0.00917686699125378,0.0102662058973713,6.16113126496605,0.708596390724367
8,RR,10,S1-L,LT_Pronation_pro_R,0.82885551035669,0.341956210211362,1.17081172056805,0.00821330547840132,0.00912744366746434,6.1730567215768,0.70386734668113
8,RR,11,M1-L,LT_Pronation_pro_R,0.419269299662904,0.228320062281435,0.647589361944339,0.00531294530797347,0.00590266405921073,6.23582777295709,0.730507082378755
8,RR,12,SMA-L,LT_Pronation_pro_R,0.588878315368149,0.571944984931158,1.16082330029931,0.00923074229470252,0.0102812507400915,6.15768290231437,0.702768638379532
8,RR,13,PMd-L,LT_Pronation_pro_R,0.329625443972169,0.549926552876795,0.879551996848964,0.00633479529912173,0.00698563038209377,6.20541444417944,0.714316154219419
8,RR,14,PMv-L,LT_Pronation_pro_R,0.073791631068383,0.183558340000047,0.25734997106843,0.00336778548291485,0.00372701099252382,6.29217247026131,0.752752691949435
8,RR,15,FEF-L,LT_Pronation_pro_R,0.306190277617514,0.201873318956145,0.508063596573659,0.00519528464922652,0.00577609778510047,6.24462574103946,0.734397183942545
8,RR,16,POJ-L,LT_Pronation_pro_R,0.360511668447611,0.491639407339711,0.852151075787322,0.00714859709136353,0.00788108969483175,6.20061112724312,0.722029591474772
8,RR,17,V1-R,LT_Pronation_pro_R,0.169911832055262,0.520612096250694,0.690523928305957,0.0059307930664225,0.00659018314501394,6.22558112643682,0.732591855497081
8,RR,18,V3-R,LT_Pronation_pro_R,0.344315693829154,0.255753507917787,0.600069201746942,0.00587868798497414,0.00653297906608914,6.23404690296729,0.737553285234822
8,RR,19,STS-R,LT_Pronation_pro_R,0.0938891358987832,0.230597488320233,0.324486624219016,0.00396251870076319,0.00442322347342112,6.27526462678152,0.749787291578488
8,RR,20,IPL-R,LT_Pronation_pro_R,0.326738720107083,0.311572865583033,0.638311585690117,0.00618795279993688,0.00688790928406479,6.22165805893982,0.730644525054808
8,RR,21,SPL-R,LT_Pronation_pro_R,0.484338371274365,0.469533491321646,0.95387186259601,0.00864602404426276,0.00960775217309566,6.17737039734093,0.71962930030195
8,RR,22,AG-R,LT_Pronation_pro_R,0.236137655830496,0.652504691555157,0.888642347385652,0.00690139720074496,0.00761822899323497,6.20638229783909,0.714588028791386
8,RR,23,mIPS-R,LT_Pronation_pro_R,0.55039434841265,0.373852712304637,0.924247060717287,0.00815339032956367,0.00903267614579782,6.18933907760395,0.710841986434945
8,RR,24,VIP-R,LT_Pronation_pro_R,0.536680372297429,0.498504048234804,1.03518442053223,0.0086406148386306,0.00955076176818195,6.17291509417626,0.716645850116518
8,RR,25,SPOC-R,LT_Pronation_pro_R,0.583207200649788,0.63811412466775,1.22132132531754,0.00945817262724597,0.0104846330712424,6.15534844433151,0.701282440062405
8,RR,26,S1-R,LT_Pronation_pro_R,0.3415984003444,0.702816371392754,1.04441477173715,0.00807591267703986,0.00887452558021557,6.17784879519891,0.711170310671364
8,RR,27,M1-R,LT_Pronation_pro_R,0.493548993376881,0.451084168713077,0.944633162089958,0.00755000165774021,0.00831743211160803,6.19323967926859,0.707517589822442
8,RR,28,SMA-R,LT_Pronation_pro_R,0.534214670776688,0.535812079007869,1.07002674978456,0.00901763589898067,0.0101060233235671,6.16760075539403,0.718574687125047
8,RR,29,PMd-R,LT_Pronation_pro_R,0.311549909517738,0.444062578767546,0.755612488285284,0.00659565002612309,0.00727684753238666,6.21217747226374,0.728055379558773
8,RR,30,PMv-R,LT_Pronation_pro_R,0.121980231168283,0.247974785834194,0.369955017002476,0.00393353074909332,0.00436531109127355,6.27768324545057,0.744774568259959
8,RR,31,FEF-R,LT_Pronation_pro_R,0.371824315193916,0.211056363386245,0.582880678580161,0.00594278624826112,0.00661866080129227,6.23219843908787,0.73668748591136
8,RR,32,POJ-R,LT_Pronation_pro_R,0.407226752084027,0.570126197222359,0.977352949306386,0.00802323384440178,0.00888867210318995,6.18524718226311,0.703983974669725
9,SJB,1,V1-L,LT_Pronation_pro_R,0.271276162205033,0.80059603492535,1.07187219713038,0.00917172422895314,0.00995317081206995,6.52641715201979,0.796283452092426
9,SJB,2,V3-L,LT_Pronation_pro_R,0.459003009303334,0.95074093094702,1.40974394025035,0.0105987306297706,0.0114907317365209,6.4880536714752,0.77764810541675
9,SJB,3,STS-L,LT_Pronation_pro_R,0.153833350440748,0.526163451169183,0.67999680160993,0.00659951612459827,0.00716439507376025,6.57196192797042,0.80801381859541
9,SJB,4,IPL-L,LT_Pronation_pro_R,0.690011926480386,0.3463485637288,1.03636049020919,0.00889248098156931,0.00964006089139829,6.52437937275613,0.794444218222129
9,SJB,5,SPL-L,LT_Pronation_pro_R,0.692724975999408,0.630475129428458,1.32320010542787,0.0103808359735741,0.0112279297624729,6.50043920815583,0.782142764993155
9,SJB,6,AG-L,LT_Pronation_pro_R,0.911196393258229,0.330741965734522,1.24193835899275,0.0106309719394454,0.0115511704376851,6.50244702342862,0.787083898681065
9,SJB,7,mIPS-L,LT_Pronation_pro_R,0.500631314056006,0.502810388673362,1.00344170272937,0.00932453215370384,0.0101049090630249,6.51963424388702,0.796041242568744
9,SJB,8,VIP-L,LT_Pronation_pro_R,0.728972133974865,0.328173503238067,1.05714563721293,0.00875186172116128,0.00947274513770573,6.52807011560509,0.794705143982952
9,SJB,9,SPOC-L,LT_Pronation_pro_R,0.809301771059852,0.636646511205071,1.44594828226492,0.0112130103515789,0.0121447842093741,6.46803723007357,0.748118939606717
9,SJB,10,S1-L,LT_Pronation_pro_R,0.615442169001177,0.384791439218103,1.00023360821928,0.00904143547238093,0.00979109266468225,6.52436018740575,0.792161374091206
9,SJB,11,M1-L,LT_Pronation_pro_R,0.456385991873966,0.699929150772001,1.15631514264597,0.0103753006842118,0.0112605058510495,6.49996907340043,0.783516063295942
9,SJB,12,SMA-L,LT_Pronation_pro_R,0.179938661944049,0.390006792546696,0.569945454490745,0.00584206283345749,0.00634615983317196,6.58539630597285,0.820002014350872
9,SJB,13,PMd-L,LT_Pronation_pro_R,0.225774405637373,0.389478323470225,0.615252729107598,0.00656688910370581,0.00713048475119557,6.57037133852948,0.818324297974921
9,SJB,14,PMv-L,LT_Pronation_pro_R,0.116824552541065,0.255657815142507,0.372482367683572,0.00495340801412534,0.00537767330237666,6.61082479625731,0.828043623123908
9,SJB,15,FEF-L,LT_Pronation_pro_R,0.249341011677978,0.429329686018177,0.678670697696156,0.00743971446413657,0.00807941170108447,6.55915853625435,0.813163304652801
9,SJB,16,POJ-L,LT_Pronation_pro_R,0.69498368150778,0.473066139452064,1.16804982095984,0.0104344976693042,0.0113449352721788,6.50349847917927,0.785537661782461
9,SJB,17,V1-R,LT_Pronation_pro_R,0.533522945315016,0.49885407406342,1.03237701937844,0.00957169315494506,0.0103853875234487,6.52338384613847,0.797892772236217
9,SJB,18,V3-R,LT_Pronation_pro_R,0.548122269318452,0.252222646871249,0.800344916189701,0.00812103429044576,0.00881616601907247,6.54379241535422,0.811766219676357
9,SJB,19,STS-R,LT_Pronation_pro_R,0.137069034100068,0.291325014664792,0.42839404876486,0.00590469648017313,0.00642202936962505,6.59460695246935,0.829582561955954
9,SJB,20,IPL-R,LT_Pronation_pro_R,0.498080339043059,0.213576384895588,0.711656723938647,0.00720613025019211,0.00782801411859784,6.56091655596683,0.809903560976331
9,SJB,21,SPL-R,LT_Pronation_pro_R,0.622161586146196,0.829797333124875,1.45195891927107,0.0106780400809738,0.01149883132939,6.47719192875604,0.744736945844505
9,SJB,22,AG-R,LT_Pronation_pro_R,0.373642608312012,0.565442771320379,0.93908537963239,0.00946925260358699,0.0102832092938793,6.52754739212009,0.801302565465429
9,SJB,23,mIPS-R,LT_Pronation_pro_R,0.605650603625778,0.388855480011071,0.99450608363685,0.0102223908744143,0.0111340332757221,6.51723239114775,0.801469397778939
9,SJB,24,VIP-R,LT_Pronation_pro_R,0.674776796178173,0.294182098718623,0.968958894896796,0.00748971563793131,0.00810763271166931,6.5416967263162,0.796430102496319
9,SJB,25,SPOC-R,LT_Pronation_pro_R,0.829668594902635,0.667626165418169,1.4972947603208,0.0117952254456607,0.0127387925209581,6.46616470007504,0.751465145321052
9,SJB,26,S1-R,LT_Pronation_pro_R,0.286859258242201,0.80129212501723,1.08815138325943,0.00903578735132331,0.00980975194091294,6.52238005625421,0.796597072584341
9,SJB,27,M1-R,LT_Pronation_pro_R,0.638660407897128,0.610708758741726,1.24936916663885,0.00924425553048323,0.0100325915844369,6.51253299705849,0.785064483290313
9,SJB,28,SMA-R,LT_Pronation_pro_R,0.550185148972986,0.187027675163221,0.737212824136207,0.00690137253845369,0.00749788076334883,6.56233808778436,0.813159918808643
9,SJB,29,PMd-R,LT_Pronation_pro_R,0.163418748133419,0.48726556653344,0.650684314666859,0.00674991906457117,0.00730838284927932,6.57080640085771,0.813847825251315
9,SJB,30,PMv-R,LT_Pronation_pro_R,0.0633733053022059,0.331263578230481,0.394636883532686,0.00447769744786824,0.00486059149178761,6.61853163007616,0.828231868754934
9,SJB,31,FEF-R,LT_Pronation_pro_R,0.295330316915566,0.18116027099767,0.476490587913236,0.00589049826476507,0.00639272604306863,6.58968155587222,0.829308197576445
9,SJB,32,POJ-R,LT_Pronation_pro_R,0.601352493383476,0.501960197308083,1.10331269069156,0.0100939718862881,0.0109587960285896,6.50527814722649,0.785282305789152
1,DOC,1,V1-L,LT_Pronation_anti_L,0.256179960266856,0.305925861985268,0.562105822252124,0.00575568793118163,0.0062066924578851,6.29434005822965,0.611480364810289
1,DOC,2,V3-L,LT_Pronation_anti_L,0.270886693311388,0.462293336157179,0.733180029468567,0.00646303657433865,0.00697793606442074,6.27667238838609,0.61618144892064
1,DOC,3,STS-L,LT_Pronation_anti_L,0.0731082434136997,0.316830836945754,0.389939080359453,0.00446215963828121,0.00482747668559908,6.32979108502808,0.634847595169638
1,DOC,4,IPL-L,LT_Pronation_anti_L,0.668277569564304,0.519424210916888,1.18770178048119,0.00971083499720368,0.0105269246734808,6.22092461970219,0.597796781612176
1,DOC,5,SPL-L,LT_Pronation_anti_L,0.60718455400849,0.394476408504488,1.00166096251298,0.0087775905332074,0.00947470919051603,6.23411262676684,0.602901395608994
1,DOC,6,AG-L,LT_Pronation_anti_L,0.489486834200543,0.276583069060417,0.76606990326096,0.00748246907673569,0.00808941316392588,6.26328178173951,0.614482007439799
1,DOC,7,mIPS-L,LT_Pronation_anti_L,0.662528365659156,0.311144593833662,0.973672959492818,0.00844202755758009,0.00912135348819386,6.23630363072556,0.600470248004161
1,DOC,8,VIP-L,LT_Pronation_anti_L,0.714595527061521,0.469008551481625,1.18360407854315,0.0099536244961007,0.0107717928103277,6.21415930839263,0.589018882691888
1,DOC,9,SPOC-L,LT_Pronation_anti_L,0.542673725868638,0.299686608357549,0.842360334226186,0.0075646040821896,0.00815831754231999,6.25311164248989,0.606599546010192
1,DOC,10,S1-L,LT_Pronation_anti_L,0.485692575286551,0.205669974010836,0.691362549297387,0.0062271713359418,0.00669159953667058,6.28329119399009,0.612171436652939
1,DOC,11,M1-L,LT_Pronation_anti_L,0.385121131312146,0.298209027227329,0.683330158539475,0.00684983154923801,0.00737925509323675,6.27805134680985,0.619889535795007
1,DOC,12,SMA-L,LT_Pronation_anti_L,0.367824449899148,0.329628346781153,0.697452796680301,0.00714534308615784,0.00768957270183239,6.27165423115827,0.612276881051721
1,DOC,13,PMd-L,LT_Pronation_anti_L,0.15941339322601,0.700239241368491,0.859652634594502,0.00679816687038952,0.00733119553935479,6.27153495805198,0.613567436854691
1,DOC,14,PMv-L,LT_Pronation_anti_L,0.0533144525875839,0.433973363356565,0.487287815944149,0.00477382001308225,0.00514437098795554,6.31707398128902,0.631567141263241
1,DOC,15,FEF-L,LT_Pronation_anti_L,0.340331080753043,0.28562351115431,0.625954591907354,0.00683527830596764,0.00740881804233965,6.28040475479566,0.625184532784324
1,DOC,16,POJ-L,LT_Pronation_anti_L,0.293130599592016,0.686730070556413,0.979860670148429,0.00757712450530053,0.00815854051959983,6.24875236043235,0.60092503601756
1,DOC,17,V1-R,LT_Pronation_anti_L,0.174409468730828,0.339660544196489,0.514070012927317,0.00585858875737081,0.00634434359134707,6.29537911794984,0.625632496828902
1,DOC,18,V3-R,LT_Pronation_anti_L,0.236881274443692,0.493325371245528,0.730206645689221,0.00641048808052803,0.00694400101953183,6.27861617881839,0.609588748503517
1,DOC,19,STS-R,LT_Pronation_anti_L,0.246647946102673,0.307092751552724,0.553740697655398,0.00615397041259808,0.00665731294875657,6.29082977134329,0.625501984867315
1,DOC,20,IPL-R,LT_Pronation_anti_L,0.266243201747823,0.269312134475195,0.535555336223017,0.00576682312034377,0.00623647461578234,6.29819132541045,0.626711974040257
1,DOC,21,SPL-R,LT_Pronation_anti_L,0.518618248303653,0.587799403267212,1.10641765157086,0.00969475222440807,0.0104835548791241,6.22351056691514,0.595453650772085
1,DOC,22,AG-R,LT_Pronation_anti_L,0.568362066685486,0.307556192917736,0.875918259603222,0.00815064269245703,0.0088507061248519,6.25026397879431,0.613427625685639
1,DOC,23,mIPS-R,LT_Pronation_anti_L,0.820045650000287,0.329830638418983,1.14987628841927,0.00938178475713252,0.0101881177612576,6.22227309835549,0.597127294409402
1,DOC,24,VIP-R,LT_Pronation_anti_L,0.468615598043169,0.304377143473292,0.77299274151646,0.00734352740782931,0.00790982997907168,6.26625110595034,0.610447424353249
1,DOC,25,SPOC-R,LT_Pronation_anti_L,0.71953188723236,0.335972390197333,1.05550427742969,0.00882898352337831,0.00954491356158117,6.23193844969515,0.601092839347005
1,DOC,26,S1-R,LT_Pronation_anti_L,0.397369696627564,0.278180440462631,0.675550137090195,0.0064048389911358,0.00694170477171301,6.28052228853574,0.620368144743772
1,DOC,27,M1-R,LT_Pronation_anti_L,0.22217357570717,0.405078102218513,0.627251677925683,0.00601087924447748,0.00648588531293936,6.28766994895595,0.619590754053313
1,DOC,28,SMA-R,LT_Pronation_anti_L,0.397320771839355,0.21884946459018,0.616170236429536,0.00708090460760069,0.00764610390334128,6.27427214985385,0.623555519904933
1,DOC,29,PMd-R,LT_Pronation_anti_L,0.109916661102807,0.60496691720938,0.714883578312187,0.0069568799824688,0.00751920531583702,6.27753916597084,0.624353228437311
1,DOC,30,PMv-R,LT_Pronation_anti_L,0.110245638774048,0.549330785851203,0.65957642462525,0.00664335989271518,0.00716176013196329,6.28219631301925,0.623076952143588
1,DOC,31,FEF-R,LT_Pronation_anti_L,0.228250763833499,0.704180673454657,0.932431437288156,0.00757670388721827,0.008138643584033,6.25368161911667,0.607281624960344
1,DOC,32,POJ-R,LT_Pronation_anti_L,0.743727917318649,0.267149557275173,1.01087747459382,0.00935687784292588,0.010173029180692,6.23468047100303,0.610800515721876
2,GB,1,V1-L,LT_Pronation_anti_L,0.272891818364161,0.22200446747332,0.494896285837481,0.00506452335409754,0.00553604432728402,6.08807260398472,0.594943166415045
2,GB,2,V3-L,LT_Pronation_anti_L,0.480150090599273,0.228542310648411,0.708692401247684,0.00583952702955769,0.00636433319000048,6.06579822658104,0.586120052292569
2,GB,3,STS-L,LT_Pronation_anti_L,0.226483748167815,0.264787803504663,0.491271551672477,0.00544949378296171,0.00596210158394594,6.08131378630311,0.597335125203922
2,GB,4,IPL-L,LT_Pronation_anti_L,0.405840118681117,0.506230053868453,0.91207017254957,0.00703411332131231,0.00767970922731485,6.03442922584105,0.571376368872009
2,GB,5,SPL-L,LT_Pronation_anti_L,0.762442561766556,0.221089422466721,0.983531984233277,0.00790122178710866,0.00865527607642053,6.02580969701451,0.58342561436659
2,GB,6,AG-L,LT_Pronation_anti_L,0.40262947035601,0.519061556566769,0.921691026922778,0.00756467902391991,0.00830691742307912,6.02592680391751,0.576130598887214
2,GB,7,mIPS-L,LT_Pronation_anti_L,0.753735970578759,0.294511351904938,1.0482473224837,0.00810358834179165,0.00887792775007138,6.01721988657884,0.567071160002913
2,GB,8,VIP-L,LT_Pronation_anti_L,0.473326070711097,0.345907872484641,0.819233943195738,0.00676013396732392,0.00738837063543154,6.04224243540882,0.578058778194965
2,GB,9,SPOC-L,LT_Pronation_anti_L,0.800239430412897,0.43041280609979,1.23065223651269,0.00928931976189238,0.010165161262382,5.99415038531039,0.558809347206629
2,GB,10,S1-L,LT_Pronation_anti_L,0.320534961460167,0.339092138000754,0.659627099460921,0.00637514385843908,0.00698101243264699,6.05940268148685,0.588286012059908
2,GB,11,M1-L,LT_Pronation_anti_L,0.191576015855822,0.397419381306727,0.588995397162549,0.00583893600461731,0.00640439409159413,6.07187968815928,0.596185877897421
2,GB,12,SMA-L,LT_Pronation_anti_L,0.538905435662324,0.334718409292389,0.873623844954714,0.00756373487352947,0.00832797375528132,6.02864147521071,0.582938926485963
2,GB,13,PMd-L,LT_Pronation_anti_L,0.130665892542014,0.590205643664902,0.720871536206916,0.00555846291571109,0.0060932089344814,6.06964821331839,0.590997384040834
2,GB,14,PMv-L,LT_Pronation_anti_L,0.0517884077413837,0.356827599321414,0.408616007062797,0.0037396337745206,0.00409184891890146,6.11364010555397,0.595616252180915
2,GB,15,FEF-L,LT_Pronation_anti_L,0.304285489173336,0.563134104150804,0.86741959332414,0.00698271921707679,0.00764526470883569,6.03604621046573,0.583996187437989
2,GB,16,POJ-L,LT_Pronation_anti_L,0.43010954267543,0.610713751616182,1.04082329429161,0.00777043029131104,0.00849355353753325,6.0237152691096,0.572402242872333
2,GB,17,V1-R,LT_Pronation_anti_L,0.239892565065195,0.268159603236407,0.508052168301602,0.00467635059947477,0.00509511837622772,6.09204061112191,0.590806099146391
2,GB,18,V3-R,LT_Pronation_anti_L,0.248802507503602,0.294565473007805,0.543367980511407,0.00544878558125828,0.00594834985603441,6.07671961644054,0.592151871394801
2,GB,19,STS-R,LT_Pronation_anti_L,0.159858081886688,0.322356234426752,0.48221431631344,0.00532002989881501,0.00580046479011445,6.08461669831224,0.599141021045363
2,GB,20,IPL-R,LT_Pronation_anti_L,0.455858688229399,0.138279082858423,0.594137771087822,0.0052560052906363,0.00577848445329518,6.07866407321664,0.596431852587505
2,GB,21,SPL-R,LT_Pronation_anti_L,0.377290846582561,0.22975923467134,0.607050081253901,0.00612108649406393,0.0067034582701322,6.06174601038816,0.58262043116293
2,GB,22,AG-R,LT_Pronation_anti_L,0.35361573699876,0.382558494960269,0.736174231959029,0.00643368698938589,0.00703299303490308,6.05425939591586,0.57710266804104
2,GB,23,mIPS-R,LT_Pronation_anti_L,0.500029639617032,0.225911720859893,0.725941360476925,0.00654096423154837,0.0071754556713352,6.05217351735559,0.590162127960897
2,GB,24,VIP-R,LT_Pronation_anti_L,0.514955674394467,0.255862824186101,0.770818498580568,0.00648241493704167,0.00708156176786764,6.04883915049179,0.578450225259899
2,GB,25,SPOC-R,LT_Pronation_anti_L,0.384700725198627,0.342702499355491,0.727403224554118,0.00623760619566159,0.00687235209792187,6.05564908150717,0.589175797774951
2,GB,26,S1-R,LT_Pronation_anti_L,0.432735320641406,0.299760463782299,0.732495784423705,0.00660304595854847,0.00724723080657077,6.04990185478688,0.586179359388528
2,GB,27,M1-R,LT_Pronation_anti_L,0.138692592326076,0.473933945744153,0.612626538070228,0.00525137017877953,0.00572305340233975,6.07879675350978,0.595928751079102
2,GB,28,SMA-R,LT_Pronation_anti_L,0.261478207016881,0.396440221393205,0.657918428410086,0.00614623608995999,0.00672212854234978,6.05791615856909,0.591761768866434
2,GB,29,PMd-R,LT_Pronation_anti_L,0.343799065106234,0.273097522050523,0.616896587156758,0.0062600203482494,0.00688298568501759,6.06207351869525,0.593137388665738
2,GB,30,PMv-R,LT_Pronation_anti_L,0.0754980891111137,0.14168569009887,0.217183779209984,0.00313244824489241,0.00342885940489824,6.1364071229853,0.611178407599125
2,GB,31,FEF-R,LT_Pronation_anti_L,0.278551981048201,0.283173581987283,0.561725563035484,0.00563347058620152,0.0061758173311536,6.07100158299469,0.593394900492443
2,GB,32,POJ-R,LT_Pronation_anti_L,0.117995925176838,0.876455405661552,0.99445133083839,0.00659794893027958,0.00719894365057347,6.04276418362041,0.572370502230611
3,JDC,1,V1-L,LT_Pronation_anti_L,0.118414634640024,0.362894058507512,0.481308693147536,0.00503404133187405,0.00545725300671634,6.37469967008278,0.712955382569463
3,JDC,2,V3-L,LT_Pronation_anti_L,0.210401384484724,0.404951034578106,0.61535241906283,0.00603545576412562,0.00655562001171985,6.35583412767169,0.70294555117076
3,JDC,3,STS-L,LT_Pronation_anti_L,0.153788693454227,0.385681126192578,0.539469819646806,0.00647434676202688,0.00703667537077409,6.35067996022886,0.713343806501996
3,JDC,4,IPL-L,LT_Pronation_anti_L,0.577127598784575,0.676639202542776,1.25376680132735,0.00884639913081395,0.00954706880585972,6.28752860441186,0.676870188085553
3,JDC,5,SPL-L,LT_Pronation_anti_L,0.667684462385659,0.708127253819509,1.37581171620517,0.0109437250645285,0.0118645843613014,6.26010557279804,0.647018100068226
3,JDC,6,AG-L,LT_Pronation_anti_L,0.53026044788155,0.651628390857484,1.18188883873903,0.00970981601745503,0.0105870456869471,6.27826219865365,0.674006657347582
3,JDC,7,mIPS-L,LT_Pronation_anti_L,0.434108743777275,0.484692749863577,0.918801493640851,0.00851043690015485,0.00921816815333475,6.30396531510728,0.684600523092247
3,JDC,8,VIP-L,LT_Pronation_anti_L,0.823654594135845,0.265227983137433,1.08888257727328,0.00868864154631429,0.0094589172253325,6.30507434178729,0.682291141985045
3,JDC,9,SPOC-L,LT_Pronation_anti_L,0.560768928348577,0.490875418624085,1.05164434697266,0.00856837956365194,0.00932598442698295,6.28958403092598,0.685488494523061
3,JDC,10,S1-L,LT_Pronation_anti_L,0.846508654748637,0.547275054516138,1.39378370926478,0.00859331615934886,0.00927146196396864,6.28757709851448,0.663742426894462
3,JDC,11,M1-L,LT_Pronation_anti_L,0.608215367409294,0.690974499965129,1.29918986737442,0.00859917038702973,0.00931775778051645,6.28984717270146,0.659152527044397
3,JDC,12,SMA-L,LT_Pronation_anti_L,0.642767109325308,0.221853161733093,0.8646202710584,0.00847324766850255,0.00921079279128629,6.31804361995655,0.697787513183994
3,JDC,13,PMd-L,LT_Pronation_anti_L,0.465841016061084,0.404036595354874,0.869877611415958,0.00780715425773632,0.00849588834176072,6.32119699308006,0.691057003262465
3,JDC,14,PMv-L,LT_Pronation_anti_L,0.112670556694677,0.246462231580961,0.359132788275638,0.0044427045279017,0.00481795662913275,6.39150752644314,0.713568301686438
3,JDC,15,FEF-L,LT_Pronation_anti_L,0.513803333497019,0.681426188115471,1.19522952161249,0.00860985987393567,0.00928706472216993,6.27621933716602,0.652669030274222
3,JDC,16,POJ-L,LT_Pronation_anti_L,0.346139551560648,0.39967646570637,0.745816017267017,0.00645372843795265,0.00700502390048175,6.33234189207175,0.698676800398782
3,JDC,17,V1-R,LT_Pronation_anti_L,0.161012105896353,0.325935500502945,0.486947606399299,0.00507395072900308,0.00551615245946484,6.37457953989564,0.716288274020314
3,JDC,18,V3-R,LT_Pronation_anti_L,0.160315024560748,0.674327103532917,0.834642128093665,0.00640848570822239,0.0069202471388009,6.33923909628432,0.700157202169304
3,JDC,19,STS-R,LT_Pronation_anti_L,0.113228507174099,0.279413851044631,0.392642358218729,0.00505283329740967,0.00550531399226043,6.37920857428518,0.720886704028439
3,JDC,20,IPL-R,LT_Pronation_anti_L,0.808275998957341,0.327255841141398,1.13553184009874,0.00944720840424562,0.0102376089851586,6.28438673494305,0.677135825692497
3,JDC,21,SPL-R,LT_Pronation_anti_L,0.425266652935951,0.445725710179539,0.87099236311549,0.00805647466274566,0.00876426748249474,6.31108559447709,0.700425009078822
3,JDC,22,AG-R,LT_Pronation_anti_L,0.460546853831904,0.248065015198135,0.708611869030039,0.00636987930032047,0.00690096304357494,6.34240730929479,0.697222096927906
3,JDC,23,mIPS-R,LT_Pronation_anti_L,0.613819833779727,0.222981047311946,0.836800881091673,0.00808021679218748,0.00881037560865675,6.31902827775782,0.702698606089399
3,JDC,24,VIP-R,LT_Pronation_anti_L,0.453439166905419,0.468785888808107,0.922225055713526,0.00861570077607614,0.00937539798034443,6.3016368147846,0.692809174862381
3,JDC,25,SPOC-R,LT_Pronation_anti_L,0.127903853859364,0.369976402173356,0.49788025603272,0.00552061025319829,0.00599646603875912,6.36378029986813,0.71205152446434
3,JDC,26,S1-R,LT_Pronation_anti_L,0.329967827333865,0.393939199961447,0.723907027295312,0.00728162013679601,0.00791583819714363,6.32998827792242,0.707625449641675
3,JDC,27,M1-R,LT_Pronation_anti_L,0.412502533371089,0.289496367444953,0.701998900816042,0.00733650093107405,0.007943704899057,6.33682783157035,0.701553339875337
3,JDC,28,SMA-R,LT_Pronation_anti_L,0.434028722705459,0.327058079014531,0.76108680171999,0.00782384238485654,0.00848610812948901,6.32742601912531,0.699837721396021
3,JDC,29,PMd-R,LT_Pronation_anti_L,0.307866092324074,0.8184704215644,1.12633651388847,0.00907109905446632,0.00986363706140233,6.28766429244291,0.678457793498722
3,JDC,30,PMv-R,LT_Pronation_anti_L,0.116305617829229,0.196778349041215,0.313083966870444,0.0044457266049887,0.00485792309352226,6.39261830734646,0.720305155135743
3,JDC,31,FEF-R,LT_Pronation_anti_L,0.316905219133713,0.237371217418414,0.554276436552127,0.00560730138948219,0.00609576588510276,6.36124915864774,0.698663306720233
3,JDC,32,POJ-R,LT_Pronation_anti_L,0.597965438014886,0.203503116369316,0.801468554384201,0.00767144879917465,0.00838243194806272,6.31965980264155,0.703283446898971
4,JFXD,1,V1-L,LT_Pronation_anti_L,0.306936924859146,0.814400823881655,1.1213377487408,0.0115577582011637,0.0122153214979906,7.18759096501578,0.950897454785949
4,JFXD,2,V3-L,LT_Pronation_anti_L,0.377341662669992,0.476004790728104,0.853346453398096,0.00936335633527794,0.00987327021731793,7.21141818137582,0.954804937827077
4,JFXD,3,STS-L,LT_Pronation_anti_L,0.41153441080888,0.51105956133095,0.92259397213983,0.0112155163507005,0.0118697238550912,7.20134899349852,0.958225118097766
4,JFXD,4,IPL-L,LT_Pronation_anti_L,0.853823901805414,1.25410255061771,2.10792645242313,0.0173448369423014,0.0182606510324673,7.09908235028948,0.906341959131001
4,JFXD,5,SPL-L,LT_Pronation_anti_L,0.972644142352482,0.385689166151361,1.35833330850384,0.0126135644425244,0.0133873154172131,7.16593391623235,0.944400075430283
4,JFXD,6,AG-L,LT_Pronation_anti_L,0.809239986349549,0.305353955956734,1.11459394230628,0.0115298107782251,0.0122361247927264,7.18027148432476,0.949642031099202
4,JFXD,7,mIPS-L,LT_Pronation_anti_L,0.922319165968126,0.349578766487741,1.27189793245587,0.0128869076017379,0.0136600951612766,7.17404879814645,0.947672895449567
4,JFXD,8,VIP-L,LT_Pronation_anti_L,0.85347195341514,0.682151748688723,1.53562370210386,0.0140923456821644,0.01491079873388,7.15037658552854,0.932287343669942
4,JFXD,9,SPOC-L,LT_Pronation_anti_L,0.699520819544765,0.441916896595968,1.14143771614073,0.0129355872859935,0.0136567189328736,7.16857735357859,0.943666520886738
4,JFXD,10,S1-L,LT_Pronation_anti_L,0.701945624583739,0.828882891053955,1.53082851563769,0.0155267356412021,0.0164020024217569,7.13397259571215,0.915140991866223
4,JFXD,11,M1-L,LT_Pronation_anti_L,0.98656809309066,0.692938417462487,1.67950651055315,0.0168222061323733,0.0177666950314393,7.11973595237629,0.927451349483371
4,JFXD,12,SMA-L,LT_Pronation_anti_L,0.855150687021898,0.752718724714251,1.60786941173615,0.0157926739520949,0.0167515767339337,7.13600231995107,0.935449366883303
4,JFXD,13,PMd-L,LT_Pronation_anti_L,0.499393169851126,0.925429116676175,1.4248222865273,0.0148455731561295,0.0156914972925874,7.14974667254095,0.937591371842947
4,JFXD,14,PMv-L,LT_Pronation_anti_L,0.10268141604594,2.55931040183802,2.66199181788396,0.0131865194087444,0.0138465433832772,7.10932127819411,0.892007492349443
4,JFXD,15,FEF-L,LT_Pronation_anti_L,0.805292476476407,0.79350470835934,1.59879718483575,0.0136675169084115,0.0143508512183826,7.14775532393985,0.914687219937239
4,JFXD,16,POJ-L,LT_Pronation_anti_L,0.80100933553668,0.406856245532281,1.20786558106896,0.0119520857574619,0.0126810528630184,7.17859111366015,0.944790767932535
4,JFXD,17,V1-R,LT_Pronation_anti_L,0.442998511595562,0.741578520712139,1.1845770323077,0.0112935731134752,0.0119163342195183,7.18371816161777,0.94266359929318
4,JFXD,18,V3-R,LT_Pronation_anti_L,0.312578433099741,0.606853512290482,0.919431945390223,0.011186329477436,0.0118586157279264,7.19847232982996,0.959237635095651
4,JFXD,19,STS-R,LT_Pronation_anti_L,0.216904548759413,0.570219561989004,0.787124110748416,0.00819099921484941,0.00865801769981864,7.23166070886871,0.96118005981468
4,JFXD,20,IPL-R,LT_Pronation_anti_L,0.866930202223768,0.371904619697531,1.2388348219213,0.0123042887960846,0.013026136870719,7.17315179089405,0.943473117019017
4,JFXD,21,SPL-R,LT_Pronation_anti_L,0.870944707247667,0.271942549253618,1.14288725650128,0.0121175647822203,0.0128943496473237,7.18529686606328,0.947601324009537
4,JFXD,22,AG-R,LT_Pronation_anti_L,0.860868300689504,0.632533119114838,1.49340141980434,0.0142153207959193,0.015050939142235,7.14148796610453,0.921135062140361
4,JFXD,23,mIPS-R,LT_Pronation_anti_L,0.670866810384562,0.564382710144952,1.23524952052951,0.0122597286383887,0.0129960736729395,7.17372015301375,0.945802864801148
4,JFXD,24,VIP-R,LT_Pronation_anti_L,0.765777336751019,0.550172581692997,1.31594991844402,0.0128348853807822,0.0135946093109917,7.16795183968636,0.934509003852678
4,JFXD,25,SPOC-R,LT_Pronation_anti_L,0.885726849481588,0.396349686275072,1.28207653575666,0.0135513282075515,0.0143462077534608,7.16214900548146,0.945451628830199
4,JFXD,26,S1-R,LT_Pronation_anti_L,0.595959473432902,0.481770707665092,1.07773018109799,0.0121073164570164,0.0128191574260957,7.18350888904201,0.951375424561704
4,JFXD,27,M1-R,LT_Pronation_anti_L,0.968143388585988,0.395327981028278,1.36347136961427,0.0138407568393637,0.0146817512887776,7.15715257843918,0.933576750540217
4,JFXD,28,SMA-R,LT_Pronation_anti_L,0.926564549224671,0.64856453703471,1.57512908625938,0.0162160550537966,0.017207358927605,7.1341640968954,0.935792898932474
4,JFXD,29,PMd-R,LT_Pronation_anti_L,0.33460416496142,0.672187235472355,1.00679140043377,0.010090436311873,0.0106142439692556,7.20558906778353,0.945378028265786
4,JFXD,30,PMv-R,LT_Pronation_anti_L,0.115987532101959,0.883555895013085,0.999543427115044,0.00962835705182904,0.0101655445724725,7.21509011790784,0.957159412056214
4,JFXD,31,FEF-R,LT_Pronation_anti_L,0.426778093150349,0.49212484721638,0.918902940366728,0.0113507339477959,0.0120091067503128,7.1975503918959,0.958257191168569
4,JFXD,32,POJ-R,LT_Pronation_anti_L,0.661252475939731,0.422392317333799,1.08364479327353,0.0117558280682526,0.012431574234015,7.18775644899134,0.952984978727781
5,JZ,1,V1-L,LT_Pronation_anti_L,0.121092717447014,0.381364031610985,0.502456749058,0.00524464388541318,0.00571265884383468,6.16984231372089,0.633268820411201
5,JZ,2,V3-L,LT_Pronation_anti_L,0.199492890300767,0.227438405436158,0.426931295736924,0.00499435006660453,0.00545754776497127,6.17300900252982,0.639054060610311
5,JZ,3,STS-L,LT_Pronation_anti_L,0.0559001793898537,0.142360260090698,0.198260439480551,0.00281032024638396,0.00306908024046981,6.22464249037407,0.648642209079478
5,JZ,4,IPL-L,LT_Pronation_anti_L,0.30990154951167,0.653783116474702,0.963684665986372,0.00835732605087334,0.00907590949618121,6.10475508968127,0.615705984631063
5,JZ,5,SPL-L,LT_Pronation_anti_L,0.523068226459891,0.280957857244395,0.804026083704286,0.00793686931235492,0.00865241338234696,6.12039785552633,0.624178098390857
5,JZ,6,AG-L,LT_Pronation_anti_L,0.407966000180136,0.275669544142579,0.683635544322715,0.00640879800517381,0.00696477818476888,6.13590801656407,0.616450596690805
5,JZ,7,mIPS-L,LT_Pronation_anti_L,0.583278084006839,0.264248396239245,0.847526480246083,0.00727925498369126,0.0079241988149209,6.11548381309948,0.608982658803849
5,JZ,8,VIP-L,LT_Pronation_anti_L,0.628906313206884,0.416572384169368,1.04547869737625,0.00916422356722541,0.00996459147478287,6.09113509029161,0.609713346124371
5,JZ,9,SPOC-L,LT_Pronation_anti_L,0.63846357413532,0.392246305296293,1.03070987943161,0.00877859880742102,0.00958563476715392,6.09126830443847,0.597162795768914
5,JZ,10,S1-L,LT_Pronation_anti_L,0.407111434735148,0.520340636760373,0.92745207149552,0.0079721023279154,0.00863850839037689,6.1089539197844,0.613799019999887
5,JZ,11,M1-L,LT_Pronation_anti_L,0.268384544731588,0.341424544845026,0.609809089576614,0.0060334410042383,0.0066091590921218,6.14849161008793,0.62562050889431
5,JZ,12,SMA-L,LT_Pronation_anti_L,0.416314780242322,0.170005646767934,0.586320427010255,0.00601782097589135,0.00659859080373417,6.15134869097184,0.634528476593408
5,JZ,13,PMd-L,LT_Pronation_anti_L,0.335252416550657,0.35601264771711,0.691265064267766,0.00629785834312537,0.00683023357458537,6.14376190186272,0.61928436356457
5,JZ,14,PMv-L,LT_Pronation_anti_L,0.0968889147035345,0.355107589646037,0.451996504349571,0.00512813062582311,0.00557899890362916,6.17386291673869,0.639713257261068
5,JZ,15,FEF-L,LT_Pronation_anti_L,0.113118529242857,0.225691802881823,0.33881033212468,0.00452877226326476,0.00493177037951833,6.18756721851199,0.642872434210048
5,JZ,16,POJ-L,LT_Pronation_anti_L,0.26650644586215,0.253374398885083,0.519880844747233,0.00577681173668368,0.0063067732068525,6.16036770914111,0.627619458175685
5,JZ,17,V1-R,LT_Pronation_anti_L,0.150672337652856,0.227203241387977,0.377875579040832,0.00435096011578866,0.00479275602875657,6.18454789672964,0.637298785825102
5,JZ,18,V3-R,LT_Pronation_anti_L,0.298238604843781,0.506651246891039,0.804889851734821,0.0070495707403868,0.00766329111029784,6.12973166604803,0.617582621954076
5,JZ,19,STS-R,LT_Pronation_anti_L,0.177253222025998,0.164365162203074,0.341618384229072,0.00424345938911866,0.00463803136655021,6.18695959977811,0.63786439163787
5,JZ,20,IPL-R,LT_Pronation_anti_L,0.520043506049483,0.409896237726201,0.929939743775684,0.00820831464946904,0.00896832543943002,6.10552551058907,0.61032554505474
5,JZ,21,SPL-R,LT_Pronation_anti_L,0.715787059484894,0.463883124765622,1.17967018425052,0.0101030166738397,0.011044524342228,6.06734879808695,0.599597569612309
5,JZ,22,AG-R,LT_Pronation_anti_L,0.354768214384393,0.574952754891964,0.929720969276357,0.00765287984514111,0.00834791311046697,6.1095810830579,0.605629234707506
5,JZ,23,mIPS-R,LT_Pronation_anti_L,0.591902153483914,0.648785426304901,1.24068757978882,0.0095811727573857,0.0104155472387614,6.07199087418531,0.580750042133474
5,JZ,24,VIP-R,LT_Pronation_anti_L,0.717267311749969,0.435295575789715,1.15256288753968,0.00982130227076529,0.0107285204014917,6.07711772094808,0.601083496750969
5,JZ,25,SPOC-R,LT_Pronation_anti_L,0.631031218632868,0.503013006720563,1.13404422535343,0.00817990595368894,0.00889061248503097,6.08956301722129,0.593506217717522
5,JZ,26,S1-R,LT_Pronation_anti_L,0.347939877291602,0.329004410899278,0.676944288190879,0.00630794107367153,0.00684253146663851,6.1436800188555,0.615924066484257
5,JZ,27,M1-R,LT_Pronation_anti_L,0.224598561395383,0.273760030142305,0.498358591537689,0.00528967308637056,0.00577143355249515,6.16686232522879,0.631372248969181
5,JZ,28,SMA-R,LT_Pronation_anti_L,0.574256008054539,0.147468627309796,0.721724635364335,0.00704970113916251,0.00771020019529626,6.1333362066953,0.630210564677197
5,JZ,29,PMd-R,LT_Pronation_anti_L,0.168618660264612,0.764953890064497,0.933572550329109,0.0077266037718388,0.00841138965002934,6.11674427771979,0.617944103438739
5,JZ,30,PMv-R,LT_Pronation_anti_L,0.098905767724648,0.312911212425808,0.411816980150456,0.00462007240922649,0.00501798592410835,6.18446035018947,0.639395932194565
5,JZ,31,FEF-R,LT_Pronation_anti_L,0.339310173702012,0.276675651457433,0.615985825159445,0.00601065073683357,0.00649874695600836,6.14780373431789,0.62709731444567
5,JZ,32,POJ-R,LT_Pronation_anti_L,0.351806908034052,0.338629018293654,0.690435926327706,0.00637992502760615,0.00696644532664534,6.13867571997843,0.622929578062728
6,LT,1,V1-L,LT_Pronation_anti_L,0.231125084502829,0.328668172665014,0.559793257167844,0.00655835330104512,0.00710017706721163,6.49661541498403,0.753282325527761
6,LT,2,V3-L,LT_Pronation_anti_L,0.245460058383264,0.272026809838729,0.517486868221993,0.00624654144320391,0.00678060674088803,6.50310667164829,0.755568452232373
6,LT,3,STS-L,LT_Pronation_anti_L,0.128732041683883,0.19211551876251,0.320847560446393,0.00491362649701311,0.00533952807838162,6.53447889843494,0.769093433547417
6,LT,4,IPL-L,LT_Pronation_anti_L,0.506790057725469,0.923484329880723,1.43027438760619,0.0109160954848276,0.0117410608079417,6.41557628137848,0.724930460923735
6,LT,5,SPL-L,LT_Pronation_anti_L,0.888789940390571,0.591635333216198,1.48042527360677,0.010307365406784,0.0111896383642601,6.40151289560909,0.704354902514051
6,LT,6,AG-L,LT_Pronation_anti_L,0.363802711198843,0.500610250945712,0.864412962144555,0.00782657623090491,0.00841726788910685,6.46414971788772,0.733594975979907
6,LT,7,mIPS-L,LT_Pronation_anti_L,0.56989180354284,0.753682316774048,1.32357412031689,0.0104678702124675,0.0113713700668738,6.41534859689728,0.725503230834238
6,LT,8,VIP-L,LT_Pronation_anti_L,0.884959141619592,0.739436201633984,1.62439534325358,0.0119376691438958,0.0128350974035955,6.39197640356693,0.707125391919358
6,LT,9,SPOC-L,LT_Pronation_anti_L,0.797640440261193,0.318078865091131,1.11571930535232,0.00973176472961624,0.0105247125857892,6.42808554801747,0.716619157694871
6,LT,10,S1-L,LT_Pronation_anti_L,0.793965451930417,0.733584011458082,1.5275494633885,0.0115049523554222,0.0123234283744159,6.40010070114917,0.715205196447452
6,LT,11,M1-L,LT_Pronation_anti_L,0.410576077735927,0.450945045838138,0.861521123574065,0.00830580719179936,0.00895146527948804,6.46766584958623,0.742915893584796
6,LT,12,SMA-L,LT_Pronation_anti_L,0.549849736035054,0.333362702204184,0.883212438239238,0.00837414693582967,0.00902507006849495,6.46425088100745,0.742106893383737
6,LT,13,PMd-L,LT_Pronation_anti_L,0.213079010389236,0.50384917081336,0.716928181202595,0.00786339705776727,0.0085131350836013,6.47930827236429,0.751543690640575
6,LT,14,PMv-L,LT_Pronation_anti_L,0.0984988903623042,0.417305237954896,0.5158041283172,0.00597391516559336,0.00647078434220224,6.51562807030375,0.759272311889192
6,LT,15,FEF-L,LT_Pronation_anti_L,0.617461403125472,0.591310196111767,1.20877159923724,0.0107686849138368,0.011635276649675,6.4185509153777,0.713532458626968
6,LT,16,POJ-L,LT_Pronation_anti_L,0.650322132296434,0.429527542969746,1.07984967526618,0.00988620448272447,0.0107482984800049,6.43914200024465,0.736501513570665
6,LT,17,V1-R,LT_Pronation_anti_L,0.121812877275676,0.644921712447768,0.766734589723444,0.00577271029393051,0.00622544670081889,6.49713773825978,0.74396670024472
6,LT,18,V3-R,LT_Pronation_anti_L,0.248049757295049,0.803944206121743,1.05199396341679,0.00938546651770972,0.0101705947322856,6.44265121675955,0.728314730235547
6,LT,19,STS-R,LT_Pronation_anti_L,0.0965695106992211,0.28481983388663,0.381389344585851,0.00464674449115114,0.00502188731235249,6.5371700093387,0.767993537530918
6,LT,20,IPL-R,LT_Pronation_anti_L,0.842088091022857,0.390132596165526,1.23222068718838,0.0110319942663112,0.0119174903507635,6.42565100805341,0.73262371312123
6,LT,21,SPL-R,LT_Pronation_anti_L,0.331460696290502,0.308877497595233,0.640338193885735,0.00740447930947882,0.00804046252505846,6.4814559178252,0.755149916637147
6,LT,22,AG-R,LT_Pronation_anti_L,0.504023000188604,0.368371647304032,0.872394647492636,0.00765493763948214,0.00824092438625421,6.46403868293529,0.723897987175382
6,LT,23,mIPS-R,LT_Pronation_anti_L,0.562208873870456,0.399782066572581,0.961990940443037,0.00975518906772545,0.0105775605895704,6.44089152592321,0.738131947730646
6,LT,24,VIP-R,LT_Pronation_anti_L,0.663737353884201,0.447603854861135,1.11134120874534,0.0105319487500945,0.0113846624173704,6.43449422234029,0.736095579226436
6,LT,25,SPOC-R,LT_Pronation_anti_L,0.560977120737046,0.473671641629181,1.03464876236623,0.00952059414784933,0.0102770834424893,6.43663331265772,0.728044255506421
6,LT,26,S1-R,LT_Pronation_anti_L,0.62219142689988,0.233951114837573,0.856142541737453,0.00833300171513483,0.00900886659310357,6.46508147218397,0.743911536830823
6,LT,27,M1-R,LT_Pronation_anti_L,0.369981926581806,0.269401191094727,0.639383117676534,0.00703865702643946,0.00762431473011642,6.49133939908562,0.753124675967442
6,LT,28,SMA-R,LT_Pronation_anti_L,0.666760704544735,0.368382913609862,1.0351436181546,0.00966649494915153,0.0104387943763886,6.44199549600691,0.742079341594778
6,LT,29,PMd-R,LT_Pronation_anti_L,0.194368761300157,0.378487396966725,0.572856158266882,0.00580259209649945,0.00626089846645997,6.50849667927484,0.755160550611451
6,LT,30,PMv-R,LT_Pronation_anti_L,0.189777253827281,0.468599967244665,0.658377221071946,0.00725147767148656,0.00782867655958584,6.48868594963033,0.754605191463786
6,LT,31,FEF-R,LT_Pronation_anti_L,0.288198792834163,0.251994589369614,0.540193382203777,0.00660993440722191,0.0071312051316426,6.50344275206946,0.759084121846377
6,LT,32,POJ-R,LT_Pronation_anti_L,0.216682423112337,0.257268615682077,0.473951038794415,0.00555550942887755,0.00603634016071548,6.51507516711389,0.756779002410421
7,NvA,1,V1-L,LT_Pronation_anti_L,0.0429999327695083,0.208192552145389,0.251192484914897,0.00323680484974388,0.00352611979252213,6.07779987400752,0.589621847489871
7,NvA,2,V3-L,LT_Pronation_anti_L,0.0955821426455902,0.318218647023957,0.413800789669547,0.00442758907204439,0.00479458216967159,6.04448949912814,0.575273328386916
7,NvA,3,STS-L,LT_Pronation_anti_L,0.116065872977778,0.358726877872285,0.474792750850063,0.00445791195292559,0.00481893020675244,6.04566604051893,0.582214105068887
7,NvA,4,IPL-L,LT_Pronation_anti_L,0.33875157666955,0.467124132234646,0.805875708904195,0.00688507259153733,0.00748059448081963,5.99397785462458,0.568280480486285
7,NvA,5,SPL-L,LT_Pronation_anti_L,0.368179115391102,0.455742017538061,0.823921132929163,0.00705463464637991,0.00759266706490341,5.9909969291608,0.555277546524869
7,NvA,6,AG-L,LT_Pronation_anti_L,0.483942310508606,0.177769419331764,0.66171172984037,0.00636383482998266,0.00689825473352733,6.00659175084031,0.56985427181077
7,NvA,7,mIPS-L,LT_Pronation_anti_L,0.553129023191356,0.184529249595777,0.737658272787133,0.00644913108982258,0.00698070909398578,5.99963558655155,0.569276194005705
7,NvA,8,VIP-L,LT_Pronation_anti_L,0.396448402741397,0.218359852902066,0.614808255643463,0.00634723499045659,0.00688112336490901,6.00923877649561,0.570604871845278
7,NvA,9,SPOC-L,LT_Pronation_anti_L,0.574552550520207,0.939511295188623,1.51406384570883,0.0106590168564077,0.0115200467120962,5.90338305528682,0.509790133376186
7,NvA,10,S1-L,LT_Pronation_anti_L,0.786659786718288,0.190374805805235,0.977034592523523,0.00742467965038954,0.00804307778556056,5.97774594599417,0.563300019193804
7,NvA,11,M1-L,LT_Pronation_anti_L,0.260182339148656,0.296673885685215,0.556856224833871,0.00551527823160204,0.00599211197991038,6.02383917285458,0.579083237352434
7,NvA,12,SMA-L,LT_Pronation_anti_L,0.215217868809243,0.453641947626078,0.668859816435321,0.00568654381555435,0.00614375754455651,6.01094546841461,0.569766865828547
7,NvA,13,PMd-L,LT_Pronation_anti_L,0.154054328753188,0.373757180510006,0.527811509263194,0.00439067028475665,0.00474008981975908,6.03847975551415,0.570396567852353
7,NvA,14,PMv-L,LT_Pronation_anti_L,0.0817988065976316,0.165251113807757,0.247049920405389,0.00339038224839517,0.00367752902604326,6.07509861550384,0.591235917484976
7,NvA,15,FEF-L,LT_Pronation_anti_L,0.220619688139092,0.179768951944362,0.400388640083454,0.00460223903345517,0.00498657664424573,6.04475476171403,0.58122584223172
7,NvA,16,POJ-L,LT_Pronation_anti_L,0.146848912138579,0.688922815760632,0.835771727899211,0.00713444412936462,0.00772139287619767,5.99410923802355,0.566257794526357
7,NvA,17,V1-R,LT_Pronation_anti_L,0.101639926256647,0.122967142104306,0.224607068360953,0.00351475143650208,0.00382967770835573,6.07477442187728,0.592209001198709
7,NvA,18,V3-R,LT_Pronation_anti_L,0.30995695786982,0.312970180463961,0.622927138333781,0.00602876787254011,0.00651165678347613,6.01488098216899,0.568196609692978
7,NvA,19,STS-R,LT_Pronation_anti_L,0.16459773588768,0.392049516694381,0.556647252582062,0.00553608574677317,0.00600095900070413,6.02311044321419,0.57519684126948
7,NvA,20,IPL-R,LT_Pronation_anti_L,0.467472093188426,0.428146646961594,0.89561874015002,0.00753900345785336,0.00817213049330232,5.98356763660884,0.559844189090551
7,NvA,21,SPL-R,LT_Pronation_anti_L,0.728880755655643,0.250955777394546,0.979836533050189,0.00766331378573983,0.00829905594117259,5.97301350489348,0.54449013165237
7,NvA,22,AG-R,LT_Pronation_anti_L,0.405471089937947,0.665955656611473,1.07142674654942,0.00736386312784011,0.00791095533431558,5.96053836751406,0.542402560091145
7,NvA,23,mIPS-R,LT_Pronation_anti_L,0.764843781840271,0.241329831481915,1.00617361332219,0.00798239935414599,0.00869461631226196,5.97251098855802,0.552011314607244
7,NvA,24,VIP-R,LT_Pronation_anti_L,0.635500292919716,0.421887819474042,1.05738811239376,0.00762628766139342,0.00826058683177209,5.96200374070086,0.544979027495776
7,NvA,25,SPOC-R,LT_Pronation_anti_L,0.487385389513685,0.577660371962852,1.06504576147654,0.008301684503405,0.00898562700800053,5.95378024539341,0.552917496047157
7,NvA,26,S1-R,LT_Pronation_anti_L,0.15436472832979,0.319941006662012,0.474305734991802,0.00452746717579226,0.00488647444643912,6.04158138051279,0.57206137776374
7,NvA,27,M1-R,LT_Pronation_anti_L,0.773879337208433,0.23337353254763,1.00725286975606,0.00776273851778476,0.00844322607361301,5.96950656587304,0.557329228647098
7,NvA,28,SMA-R,LT_Pronation_anti_L,0.312812097885563,0.287525092643618,0.600337190529181,0.00538178623518868,0.00583932362536451,6.02046025626584,0.571097236074191
7,NvA,29,PMd-R,LT_Pronation_anti_L,0.174036476268405,0.611455798430015,0.78549227469842,0.00578868322533218,0.00627432024781087,6.01037556092171,0.570604387830721
7,NvA,30,PMv-R,LT_Pronation_anti_L,0.0630380875353146,0.107351597599097,0.170389685134412,0.00267121574262753,0.00289984660235159,6.09391250004379,0.594017172153223
7,NvA,31,FEF-R,LT_Pronation_anti_L,0.595367445065251,0.227077162495511,0.822444607560762,0.00674811898660712,0.00738425861463551,5.99108194517635,0.570484799696957
7,NvA,32,POJ-R,LT_Pronation_anti_L,0.296241023439707,0.393307998023266,0.689549021462974,0.00644973927715852,0.00693838055944563,5.99994160117535,0.560595660457077
8,RR,1,V1-L,LT_Pronation_anti_L,0.230175566234822,0.350646861042847,0.580822427277669,0.00603479177275093,0.00664761950218359,6.28263431430705,0.738291926251626
8,RR,2,V3-L,LT_Pronation_anti_L,0.226688290293125,0.359634592330274,0.586322882623399,0.00596137058254075,0.0065585271005902,6.27968432925298,0.73085158922762
8,RR,3,STS-L,LT_Pronation_anti_L,0.0629807134400641,0.410489223460118,0.473469936900182,0.00480811744845446,0.00531806929778826,6.30945290729492,0.74769013553252
8,RR,4,IPL-L,LT_Pronation_anti_L,0.689941438070152,0.425621194305432,1.11556263237558,0.00895934980840719,0.00988235277309874,6.223312772068,0.716175570434853
8,RR,5,SPL-L,LT_Pronation_anti_L,0.74995718052286,0.565769237181165,1.31572641770403,0.0103301255079127,0.011405052367278,6.19017808637545,0.703996887253939
8,RR,6,AG-L,LT_Pronation_anti_L,0.544669651151812,0.318323096868638,0.86299274802045,0.00778280394010052,0.0084991242289143,6.24167925595138,0.720832490604229
8,RR,7,mIPS-L,LT_Pronation_anti_L,0.556746680974487,0.452678320593375,1.00942500156786,0.00792261936350143,0.00871690706265383,6.23757819769542,0.71576949501131
8,RR,8,VIP-L,LT_Pronation_anti_L,0.617466266751516,0.205654114947141,0.823120381698657,0.00753756110652645,0.0083037823777532,6.256101975068,0.730477328602736
8,RR,9,SPOC-L,LT_Pronation_anti_L,0.678225178015393,0.569881816447886,1.24810699446328,0.0106761942379726,0.0118518649332535,6.19134845338675,0.704350300783466
8,RR,10,S1-L,LT_Pronation_anti_L,0.710306540601528,0.406593216887735,1.11689975748926,0.00903929329714943,0.00993574786999671,6.21700785422339,0.716675520565277
8,RR,11,M1-L,LT_Pronation_anti_L,0.451760889492674,0.4291044829155,0.880865372408173,0.00694109646394339,0.00761329454929262,6.25699018508816,0.721951314609908
8,RR,12,SMA-L,LT_Pronation_anti_L,0.606859397320288,0.595062380690888,1.20192177801118,0.0088928082557024,0.00980784650776105,6.21479657126901,0.715092448064123
8,RR,13,PMd-L,LT_Pronation_anti_L,0.404093849118489,0.583558627765788,0.987652476884277,0.00700967725678611,0.00767436177019348,6.24496071916924,0.714348072281459
8,RR,14,PMv-L,LT_Pronation_anti_L,0.0790005944683868,0.209506765920154,0.288507360388541,0.00367410717776777,0.00401638347200677,6.33552373881731,0.75548175106441
8,RR,15,FEF-L,LT_Pronation_anti_L,0.257915042169539,0.300254909882432,0.558169952051971,0.0059762309751629,0.00658067138587289,6.28592101581835,0.738630882736815
8,RR,16,POJ-L,LT_Pronation_anti_L,0.353378235754357,0.432027339910839,0.785405575665196,0.00764190962314096,0.00836962083183826,6.2534449270985,0.729404165804348
8,RR,17,V1-R,LT_Pronation_anti_L,0.155802621695863,0.400239269161343,0.556041890857206,0.00564453128629468,0.00623719832324035,6.29049458763345,0.742519810481409
8,RR,18,V3-R,LT_Pronation_anti_L,0.32488635849789,0.172488814438377,0.497375172936267,0.00552926565281771,0.00613097622981133,6.29373881630588,0.743663611121037
8,RR,19,STS-R,LT_Pronation_anti_L,0.080712714615425,0.222079437545004,0.302792152160429,0.00384261847253359,0.004213183327185,6.33299069837918,0.754672791826126
8,RR,20,IPL-R,LT_Pronation_anti_L,0.359716925471476,0.271383674905487,0.631100600376963,0.00607788915769548,0.00672860269181824,6.27913304963404,0.734892136291089
8,RR,21,SPL-R,LT_Pronation_anti_L,0.441924723269618,0.417910130217507,0.859834853487125,0.00731931148003965,0.00804199773793901,6.24727543463645,0.714830559316401
8,RR,22,AG-R,LT_Pronation_anti_L,0.228291350030731,0.581625557965999,0.80991690799673,0.00591760746787385,0.00647702670416904,6.26376970725368,0.71874254930708
8,RR,23,mIPS-R,LT_Pronation_anti_L,0.392422606095829,0.413401943033937,0.805824549129765,0.00753359804263594,0.00830495779208182,6.25025024931568,0.719566151144919
8,RR,24,VIP-R,LT_Pronation_anti_L,0.500402347614707,0.663739600287185,1.16414194790189,0.00907760284404032,0.0100213822662373,6.20988296821718,0.702943778651691
8,RR,25,SPOC-R,LT_Pronation_anti_L,0.591787987945883,0.575979480137694,1.16776746808358,0.00827804938740507,0.00917631471400971,6.2178502413811,0.703457699079869
8,RR,26,S1-R,LT_Pronation_anti_L,0.443561507455096,0.403721740235355,0.847283247690451,0.00744226668931016,0.00817553602609853,6.25097177028822,0.712581968681175
8,RR,27,M1-R,LT_Pronation_anti_L,0.422729405805304,0.358199370838942,0.780928776644246,0.00728423391003202,0.00802075684306323,6.25329587865147,0.727070286997627
8,RR,28,SMA-R,LT_Pronation_anti_L,0.711590595785003,0.483054536780497,1.1946451325655,0.00929698078843505,0.0102595626442749,6.21055563494365,0.715067188157567
8,RR,29,PMd-R,LT_Pronation_anti_L,0.418043294457591,0.478312070866004,0.896355365323595,0.00812881069923849,0.00894142100171873,6.23794232562654,0.721484236166301
8,RR,30,PMv-R,LT_Pronation_anti_L,0.0666164003014486,0.186598935675866,0.253215335977315,0.00383204077331319,0.00422218538455373,6.33496057038818,0.762858707947147
8,RR,31,FEF-R,LT_Pronation_anti_L,0.403211702864872,0.27281903825603,0.676030741120902,0.00707504607763159,0.00778336826364167,6.26294708119198,0.729901573260314
8,RR,32,POJ-R,LT_Pronation_anti_L,0.318293198065092,0.563799472855879,0.88209267092097,0.00672641621794194,0.00739632971345767,6.25716716045866,0.71251733199078
9,SJB,1,V1-L,LT_Pronation_anti_L,0.253618880996134,0.60992991799123,0.863548798987364,0.00823225014571171,0.00878349307580365,6.57577841553724,0.800469796436206
9,SJB,2,V3-L,LT_Pronation_anti_L,0.370301766781005,1.30462423585168,1.67492600263268,0.0120796128504865,0.012921474325173,6.48847870201018,0.768166596447128
9,SJB,3,STS-L,LT_Pronation_anti_L,0.279769455896426,0.332328507768455,0.61209796366488,0.00648378937070487,0.00698409282454629,6.59929895346668,0.811936205046377
9,SJB,4,IPL-L,LT_Pronation_anti_L,0.751988112149496,0.493250746997077,1.24523885914657,0.00987103819876306,0.0105871073486346,6.52851876772058,0.774945894308035
9,SJB,5,SPL-L,LT_Pronation_anti_L,0.762763535278733,0.779799580453698,1.54256311573243,0.0134047760417736,0.0143872007645471,6.48133357819162,0.758778088145362
9,SJB,6,AG-L,LT_Pronation_anti_L,0.819642272766068,0.41244041048311,1.23208268324918,0.0111862274400549,0.0120241269425008,6.52245633906502,0.788254851876406
9,SJB,7,mIPS-L,LT_Pronation_anti_L,0.521255811480487,0.590473412257616,1.1117292237381,0.0112254443630911,0.0120533942468925,6.53083542932654,0.792568097164554
9,SJB,8,VIP-L,LT_Pronation_anti_L,0.660349658216046,0.587839554228113,1.24818921244416,0.00994850076320545,0.0107050728769295,6.53365544462418,0.786417514898147
9,SJB,9,SPOC-L,LT_Pronation_anti_L,0.847831397234513,0.580881368792876,1.42871276602739,0.0124117852009649,0.0133527298300473,6.50405471115992,0.772427568572274
9,SJB,10,S1-L,LT_Pronation_anti_L,0.628460293761947,0.411332179320805,1.03979247308275,0.00881058840647434,0.00944983323646704,6.54612466191113,0.78964256885271
9,SJB,11,M1-L,LT_Pronation_anti_L,0.483188256375906,0.541317867281185,1.02450612365709,0.00941329255115344,0.0101727250008979,6.54682679991775,0.792528296767124
9,SJB,12,SMA-L,LT_Pronation_anti_L,0.271471673947584,0.423047796821663,0.694519470769248,0.00660828722459128,0.00709006321385856,6.59323561409138,0.812188007068059
9,SJB,13,PMd-L,LT_Pronation_anti_L,0.283038116716363,0.399594052898095,0.682632169614458,0.00771851580170073,0.00829834867714892,6.58404081031598,0.811098623725506
9,SJB,14,PMv-L,LT_Pronation_anti_L,0.0593109744093189,0.226016822464641,0.28532779687396,0.00398927979807974,0.00428235878386079,6.65701880979439,0.833107520344083
9,SJB,15,FEF-L,LT_Pronation_anti_L,0.285650037745336,0.410502208187903,0.696152245933239,0.00798935243688457,0.00856864526340064,6.57805442570131,0.81341375588112
9,SJB,16,POJ-L,LT_Pronation_anti_L,0.625123353681031,0.485537611664785,1.11066096534582,0.010714871427147,0.011569262743244,6.53346417153446,0.796242017817079
9,SJB,17,V1-R,LT_Pronation_anti_L,0.375612480744313,0.460215880041233,0.835828360785546,0.00940756785306107,0.010114571382554,6.55834914592,0.809675021997201
9,SJB,18,V3-R,LT_Pronation_anti_L,0.572136389965199,0.267978281276796,0.840114671241994,0.00831439182809197,0.00889610744595989,6.56647621309593,0.793222263167185
9,SJB,19,STS-R,LT_Pronation_anti_L,0.0644897808376738,0.547530655674056,0.61202043651173,0.00606564970445767,0.00652712706566529,6.61301629603725,0.822587031856073
9,SJB,20,IPL-R,LT_Pronation_anti_L,0.448861957677168,0.178835943043953,0.627697900721121,0.00660041799670304,0.00711785343957766,6.59647009368806,0.809161266288538
9,SJB,21,SPL-R,LT_Pronation_anti_L,0.744160025507395,0.58944699502403,1.33360702053142,0.0115546950333852,0.0124234147758381,6.51693663435329,0.780306705115201
9,SJB,22,AG-R,LT_Pronation_anti_L,0.527224220886932,0.68376861115073,1.21099283203766,0.0108679971576446,0.0116617104930899,6.53073608823723,0.784634882909603
9,SJB,23,mIPS-R,LT_Pronation_anti_L,0.450156472823295,0.502205193198798,0.952361666022093,0.00916817826541974,0.00988674703922918,6.55390812804896,0.792798959235751
9,SJB,24,VIP-R,LT_Pronation_anti_L,0.7523645408957,0.348696536269512,1.10106107716521,0.010005048358039,0.0108001548510988,6.53350893858213,0.794655682443843
9,SJB,25,SPOC-R,LT_Pronation_anti_L,0.799916236147596,0.675996184256218,1.47591242040381,0.011433502213358,0.0121596312894982,6.51021216311756,0.755610511133003
9,SJB,26,S1-R,LT_Pronation_anti_L,0.46066585089482,0.67610501996989,1.13677087086471,0.00997973980382923,0.0107916545994941,6.54079798820548,0.797783435181535
9,SJB,27,M1-R,LT_Pronation_anti_L,0.825576668268315,0.454943518510287,1.2805201867786,0.0091683649193569,0.00977556473833135,6.53190589283231,0.773258560750516
9,SJB,28,SMA-R,LT_Pronation_anti_L,0.576369509649689,0.188634036182707,0.765003545832395,0.00794676944698701,0.00858292390595424,6.57629289471806,0.813973538810314
9,SJB,29,PMd-R,LT_Pronation_anti_L,0.179297243617163,0.346136599575218,0.525433843192381,0.00611685567648788,0.00659593674968803,6.60833247023487,0.818807056474891
9,SJB,30,PMv-R,LT_Pronation_anti_L,0.0510290803901805,0.21964478267687,0.270673863067051,0.00332953248598438,0.00359257685998979,6.66593295455174,0.833107589843417
9,SJB,31,FEF-R,LT_Pronation_anti_L,0.256386097415894,0.142463164349357,0.398849261765251,0.00565924747152856,0.00609831326057751,6.62202927816287,0.830273258375327
9,SJB,32,POJ-R,LT_Pronation_anti_L,0.595712080457582,0.712204558952726,1.30791663941031,0.0115102481279476,0.0122952204577438,6.51812878505268,0.7863653274546
1,DOC,1,V1-L,LT_Pronation_anti_R,0.123473282908251,0.356634969045226,0.480108251953477,0.00583283411468044,0.00629963409246937,6.43454433346604,0.683708996071219
1,DOC,2,V3-L,LT_Pronation_anti_R,0.193787698528978,0.385821805479149,0.579609504008127,0.00579705807916582,0.00626026412434276,6.42933298997968,0.679465711967954
1,DOC,3,STS-L,LT_Pronation_anti_R,0.068045594425745,0.154458255666012,0.222503850091757,0.00355018923735389,0.00383530465900134,6.48588541731529,0.697282001947393
1,DOC,4,IPL-L,LT_Pronation_anti_R,0.464425429652957,0.765931012494423,1.23035644214738,0.0106115466977482,0.0114679836567827,6.34806725193004,0.655998519706693
1,DOC,5,SPL-L,LT_Pronation_anti_R,0.483532233076503,0.587921875428962,1.07145410850547,0.0096744196696404,0.0104186262379333,6.3585465291023,0.646912355714346
1,DOC,6,AG-L,LT_Pronation_anti_R,0.554744980746004,0.186349952186335,0.74109493293234,0.00709130014948235,0.00765229353112538,6.40289377793394,0.669508799128552
1,DOC,7,mIPS-L,LT_Pronation_anti_R,0.669205367678011,0.324031727195281,0.993237094873292,0.00976924792202284,0.0105546781958768,6.36124652710021,0.654724840400013
1,DOC,8,VIP-L,LT_Pronation_anti_R,0.879367455005351,0.543898904471822,1.42326635947717,0.0111797609961752,0.0120101538911725,6.3229481130654,0.630674106191983
1,DOC,9,SPOC-L,LT_Pronation_anti_R,0.400671953121886,0.358722028175128,0.759393981297014,0.00731924482528367,0.00790340393772547,6.40032415336702,0.66378379117895
1,DOC,10,S1-L,LT_Pronation_anti_R,0.663855640533454,0.423069753622068,1.08692539415552,0.00860532841142602,0.00926682576815122,6.36206780175052,0.64829160994799
1,DOC,11,M1-L,LT_Pronation_anti_R,0.799868176324948,0.41990887177499,1.21977704809994,0.0102538529560811,0.0110736941191262,6.35176827025386,0.650974078699538
1,DOC,12,SMA-L,LT_Pronation_anti_R,0.637938308422716,0.435469340126557,1.07340764854927,0.00972671308861893,0.0104650601973808,6.36107616722207,0.659017363359765
1,DOC,13,PMd-L,LT_Pronation_anti_R,0.216659552448876,0.492082735772866,0.708742288221742,0.00691302240568474,0.00744402229648042,6.41560366124357,0.676015934069583
1,DOC,14,PMv-L,LT_Pronation_anti_R,0.0799882491220043,0.29928261174339,0.379270860865394,0.00504948110850587,0.0054571250858512,6.45396577480523,0.691335095492903
1,DOC,15,FEF-L,LT_Pronation_anti_R,0.405088940212681,0.487015737142165,0.892104677354846,0.00897297323355726,0.00969190265068392,6.37811199004507,0.667330867598187
1,DOC,16,POJ-L,LT_Pronation_anti_R,0.229786646713592,1.03470904258181,1.2644956892954,0.00925784601551951,0.00993666807580412,6.35780854764058,0.652858799848439
1,DOC,17,V1-R,LT_Pronation_anti_R,0.119667188917996,0.508264268237024,0.62793145715502,0.00677996591175944,0.00734912568457101,6.41612543279108,0.682904298033945
1,DOC,18,V3-R,LT_Pronation_anti_R,0.234502931764151,0.260915239321176,0.495418171085326,0.00580678593044493,0.00627941872626666,6.43224650158454,0.682287308383421
1,DOC,19,STS-R,LT_Pronation_anti_R,0.18077992775868,0.177851108156863,0.358631035915543,0.00507103491125459,0.0054876393535304,6.45301305284456,0.68615707151523
1,DOC,20,IPL-R,LT_Pronation_anti_R,0.288190383053082,0.419768329701131,0.707958712754214,0.00683912721970487,0.00737995518594853,6.40874968223252,0.666951619630672
1,DOC,21,SPL-R,LT_Pronation_anti_R,0.655888133791726,0.362182102195981,1.01807023598771,0.00895512006016293,0.00965649046710748,6.36378201147666,0.657387341080496
1,DOC,22,AG-R,LT_Pronation_anti_R,0.806952118540106,0.364382903462878,1.17133502200298,0.0107601080175561,0.0116939119712772,6.34628302770958,0.658492623314895
1,DOC,23,mIPS-R,LT_Pronation_anti_R,0.871453845019084,0.391972422908827,1.26342626792791,0.0109214710078687,0.0118612120734441,6.33958279772181,0.656661351312126
1,DOC,24,VIP-R,LT_Pronation_anti_R,0.481382544330921,0.355418078760213,0.836800623091134,0.00861103212353278,0.00935154502673982,6.38152518484931,0.668839787694496
1,DOC,25,SPOC-R,LT_Pronation_anti_R,0.728814918168014,0.277114769767304,1.00592968793532,0.00929993772191868,0.0100946976977758,6.36634184117795,0.660419404116034
1,DOC,26,S1-R,LT_Pronation_anti_R,0.408679187348274,0.486295122967348,0.894974310315623,0.00820855466744256,0.00882041851046488,6.37934121732196,0.655227598275105
1,DOC,27,M1-R,LT_Pronation_anti_R,0.433280734293936,0.336695172086661,0.769975906380598,0.00716948320224633,0.0077304606026923,6.40268506239554,0.667785229244727
1,DOC,28,SMA-R,LT_Pronation_anti_R,0.420299701837977,0.468351246297242,0.888650948135219,0.00892574130279274,0.00963503034180759,6.37863644196249,0.668254400125626
1,DOC,29,PMd-R,LT_Pronation_anti_R,0.146939457441323,0.759387820248005,0.906327277689328,0.00727575165276906,0.00788602330919128,6.39658892089407,0.663357246243027
1,DOC,30,PMv-R,LT_Pronation_anti_R,0.139425260669707,0.478478636574832,0.617903897244539,0.00654276277044088,0.0070792047848346,6.42056093063633,0.681552029937991
1,DOC,31,FEF-R,LT_Pronation_anti_R,0.332651627855635,0.430176790332216,0.762828418187851,0.00707204306354422,0.00760534399965067,6.40186245719705,0.671682054215958
1,DOC,32,POJ-R,LT_Pronation_anti_R,0.622297129307763,0.409081965096449,1.03137909440421,0.00872137725646549,0.00945441478065156,6.36784963675141,0.658766375095087
2,GB,1,V1-L,LT_Pronation_anti_R,0.315635088095719,0.246474669598904,0.562109757694623,0.00602244395055142,0.006570080833206,6.15381623871655,0.627183134174152
2,GB,2,V3-L,LT_Pronation_anti_R,0.336679993694542,0.426834160543421,0.763514154237963,0.00635026624500584,0.00690058498104028,6.13418168681483,0.605348576708909
2,GB,3,STS-L,LT_Pronation_anti_R,0.147120143355562,0.209298544477347,0.356418687832909,0.00452284213510171,0.00494064643530408,6.18209007327138,0.636367105624404
2,GB,4,IPL-L,LT_Pronation_anti_R,0.456393705750623,0.524644935709314,0.981038641459937,0.00849018718068974,0.00927821133879652,6.09668035245946,0.60729322859146
2,GB,5,SPL-L,LT_Pronation_anti_R,0.839061757941434,0.292451978627336,1.13151373656877,0.00900806589425471,0.00981907199522028,6.08814629163416,0.605364540577873
2,GB,6,AG-L,LT_Pronation_anti_R,0.463763967272143,0.383585118080659,0.847349085352802,0.00700867458980712,0.00759982861262686,6.12085732896838,0.607742078494362
2,GB,7,mIPS-L,LT_Pronation_anti_R,0.790491722531815,0.295670643049872,1.08616236558169,0.00767415166343024,0.00833162945264658,6.10042562708753,0.598229344837138
2,GB,8,VIP-L,LT_Pronation_anti_R,0.449754101905557,0.328137746541407,0.777891848446964,0.0074340348038773,0.00812222230179375,6.11749239858976,0.613089002907446
2,GB,9,SPOC-L,LT_Pronation_anti_R,0.824477601172461,0.700791695654488,1.52526929682695,0.00988175965133727,0.0107338628378061,6.04794252914556,0.559571167862095
2,GB,10,S1-L,LT_Pronation_anti_R,0.328760709603769,0.401623512873543,0.730384222477311,0.00685403149291397,0.0074566288240171,6.13089241459313,0.611662802165021
2,GB,11,M1-L,LT_Pronation_anti_R,0.20497231176595,0.338816149379993,0.543788461145943,0.0062526844207832,0.00682899566559543,6.14856954618677,0.630685171198326
2,GB,12,SMA-L,LT_Pronation_anti_R,0.581477071423262,0.300487805821062,0.881964877244324,0.00777667588459488,0.0084353436940066,6.1099321965659,0.6117789460693
2,GB,13,PMd-L,LT_Pronation_anti_R,0.115132488290803,0.447611873333184,0.562744361623988,0.00490515022436694,0.00532456842810561,6.16744838384248,0.628459691620395
2,GB,14,PMv-L,LT_Pronation_anti_R,0.0712240556845598,0.326083883151257,0.397307938835817,0.00434272009634817,0.00473862129871225,6.18578547249562,0.63459780905042
2,GB,15,FEF-L,LT_Pronation_anti_R,0.323444313600413,0.289742650313442,0.613186963913855,0.00529160106484002,0.00575972671702263,6.15684828657634,0.6245684787899
2,GB,16,POJ-L,LT_Pronation_anti_R,0.411819138482116,0.79849697597213,1.21031611445425,0.0081635436972199,0.00887689743763079,6.09453121460107,0.59022277789178
2,GB,17,V1-R,LT_Pronation_anti_R,0.152113247263188,0.255290995870488,0.407404243133676,0.00456369169145362,0.00500185185065971,6.18099961153232,0.633141734894943
2,GB,18,V3-R,LT_Pronation_anti_R,0.353568828981933,0.222197654562132,0.575766483544064,0.00551879845370295,0.00600815685918394,6.15917781253068,0.624105312994184
2,GB,19,STS-R,LT_Pronation_anti_R,0.198067525056115,0.201778907238569,0.399846432294684,0.00505255516511601,0.00547961689633966,6.17379695933971,0.634643782685767
2,GB,20,IPL-R,LT_Pronation_anti_R,0.407771867066272,0.33279269617046,0.740564563236732,0.00703282266106088,0.00765006742228895,6.12751950961393,0.618457531541619
2,GB,21,SPL-R,LT_Pronation_anti_R,0.350094049432817,0.264246674952736,0.614340724385554,0.00627638741886206,0.00682760756074977,6.14604665041221,0.626088011135908
2,GB,22,AG-R,LT_Pronation_anti_R,0.312914187721977,0.453049351515284,0.765963539237261,0.00741542826022561,0.00807442611583632,6.1163045505688,0.611882763636225
2,GB,23,mIPS-R,LT_Pronation_anti_R,0.547659426599478,0.229781976651457,0.777441403250935,0.00660164017441054,0.0072042910627015,6.13294599090865,0.619175759619797
2,GB,24,VIP-R,LT_Pronation_anti_R,0.438419454779753,0.358858326904248,0.797277781684001,0.0074227735582702,0.00807549416396345,6.12355431353166,0.61372970273161
2,GB,25,SPOC-R,LT_Pronation_anti_R,0.332677191260731,0.762736883643668,1.0954140749044,0.00831999815908375,0.00903659484796214,6.08763992712547,0.589934765543418
2,GB,26,S1-R,LT_Pronation_anti_R,0.724530314288655,0.372139591863133,1.09666990615179,0.00971600200525353,0.0105699587999959,6.07814905482265,0.596228611973121
2,GB,27,M1-R,LT_Pronation_anti_R,0.250910054170449,0.494897163500847,0.745807217671296,0.00664970431049998,0.00721034590510576,6.13053703163971,0.621387212764574
2,GB,28,SMA-R,LT_Pronation_anti_R,0.182605475556799,0.36364415415204,0.546249629708839,0.00550925336679316,0.00599985939299722,6.15708927443019,0.627953279572052
2,GB,29,PMd-R,LT_Pronation_anti_R,0.348086246336188,0.227770894962974,0.575857141299162,0.00589413955040953,0.00639729422383052,6.15140920335657,0.62695259453873
2,GB,30,PMv-R,LT_Pronation_anti_R,0.0697202314564784,0.137257124074334,0.206977355530813,0.00314086915006096,0.00341333625436313,6.21933338859401,0.643587833965604
2,GB,31,FEF-R,LT_Pronation_anti_R,0.319520695001267,0.381561909378855,0.701082604380121,0.0065955713085584,0.00715595325907509,6.13641674510961,0.618142765844101
2,GB,32,POJ-R,LT_Pronation_anti_R,0.167590182334603,0.447700499308848,0.615290681643452,0.00632590925264105,0.00690291271553788,6.14665330660771,0.624540172472724
3,JDC,1,V1-L,LT_Pronation_anti_R,0.153899351834034,0.226782458417175,0.380681810251209,0.00427095736148606,0.00464753326649247,6.27615611175889,0.646842675085304
3,JDC,2,V3-L,LT_Pronation_anti_R,0.182885348745175,0.22390213721268,0.406787485957856,0.00504623894925698,0.00549681432676211,6.26611974789084,0.647544634257239
3,JDC,3,STS-L,LT_Pronation_anti_R,0.130177571064184,0.231501642589154,0.361679213653338,0.00456036604078137,0.00495928406636423,6.27438442123255,0.647318747829067
3,JDC,4,IPL-L,LT_Pronation_anti_R,0.545637186970314,0.323238996657099,0.868876183627412,0.00724834175983443,0.00783737194369051,6.21327832196944,0.623666014188229
3,JDC,5,SPL-L,LT_Pronation_anti_R,0.756675806952255,0.289600532893288,1.04627633984554,0.00909814193417128,0.00983283718002093,6.18560462696316,0.617136256471216
3,JDC,6,AG-L,LT_Pronation_anti_R,0.399425397142274,0.214818574562911,0.614243971705185,0.00706146852069389,0.007666732881422,6.22494735079056,0.641457428029695
3,JDC,7,mIPS-L,LT_Pronation_anti_R,0.629361804637648,0.325406394605983,0.954768199243631,0.00847588897753319,0.00917235366970962,6.19362947543128,0.615975877577032
3,JDC,8,VIP-L,LT_Pronation_anti_R,0.751085171347866,0.28773600375978,1.03882117510765,0.00883198534697795,0.00955308195355201,6.19026520550538,0.619749195732695
3,JDC,9,SPOC-L,LT_Pronation_anti_R,0.415822184515584,0.542945370755332,0.958767555270915,0.00833608202651731,0.00901840509780817,6.19004791133006,0.615492154984359
3,JDC,10,S1-L,LT_Pronation_anti_R,0.82016941343895,0.286408422848664,1.10657783628761,0.00752397045834148,0.00814530639895055,6.19597039084332,0.611956383168247
3,JDC,11,M1-L,LT_Pronation_anti_R,0.375358305928869,0.492611007498795,0.867969313427664,0.00619236066599004,0.00666320529720593,6.22714036177351,0.6226755387732
3,JDC,12,SMA-L,LT_Pronation_anti_R,0.256566296797322,0.830363894799297,1.08693019159662,0.00839445072558273,0.00909043684095446,6.19154811454916,0.619465054893721
3,JDC,13,PMd-L,LT_Pronation_anti_R,0.3712428840674,0.753872774685626,1.12511565875303,0.00907486033860295,0.00979947969349725,6.1828157489627,0.608775435077005
3,JDC,14,PMv-L,LT_Pronation_anti_R,0.0663403894909437,0.310799246343898,0.377139635834842,0.00452788040231908,0.00491758532394576,6.27711183373712,0.649627745403617
3,JDC,15,FEF-L,LT_Pronation_anti_R,0.382462714536172,0.576710772872746,0.959173487408918,0.00805547553856695,0.0086929832043201,6.2025371023958,0.616186697273925
3,JDC,16,POJ-L,LT_Pronation_anti_R,0.411116807342135,0.291866400888976,0.702983208231111,0.00673304748108812,0.00727867283014472,6.2268333585384,0.624053857983956
3,JDC,17,V1-R,LT_Pronation_anti_R,0.115563697076955,0.272286702875364,0.387850399952319,0.00440900015899522,0.00479237916316643,6.27471539354035,0.641881135287837
3,JDC,18,V3-R,LT_Pronation_anti_R,0.191481751402941,0.388463516250494,0.579945267653435,0.00546653182566125,0.00592650983519879,6.24953061069452,0.629792201398785
3,JDC,19,STS-R,LT_Pronation_anti_R,0.089691481253607,0.217440873589056,0.307132354842663,0.00403931369267671,0.00439285454607632,6.28156012024191,0.649069329306035
3,JDC,20,IPL-R,LT_Pronation_anti_R,0.571674627540726,0.27066556508687,0.842340192627597,0.00811564032535541,0.00879010935633412,6.20388016211604,0.621792444803472
3,JDC,21,SPL-R,LT_Pronation_anti_R,0.73122986449578,0.263301681612373,0.994531546108153,0.00867790993132757,0.00937078439749335,6.19587534655677,0.620589328577375
3,JDC,22,AG-R,LT_Pronation_anti_R,0.67083546057453,0.536956620477343,1.20779208105187,0.0101160039574882,0.0109739164253192,6.16833893686807,0.607961672533292
3,JDC,23,mIPS-R,LT_Pronation_anti_R,0.627331960868013,0.82693495562717,1.45426691649518,0.0110912290344646,0.0120045210223947,6.15015788379832,0.596472358362647
3,JDC,24,VIP-R,LT_Pronation_anti_R,0.620603046131551,0.375297271903899,0.99590031803545,0.00827593067767331,0.00897631330620613,6.19138427546487,0.61454254211512
3,JDC,25,SPOC-R,LT_Pronation_anti_R,0.170555858018676,0.40651799262525,0.577073850643926,0.00609166966207306,0.00661351366679238,6.24405067270316,0.634764881568593
3,JDC,26,S1-R,LT_Pronation_anti_R,0.31554176990746,0.459691945312266,0.775233715219726,0.00763761526309584,0.00827215019836648,6.21190036231079,0.625684352509744
3,JDC,27,M1-R,LT_Pronation_anti_R,0.162684092692405,0.270848184396419,0.433532277088824,0.00498342646933073,0.00539582823752012,6.26612962834607,0.641098420535263
3,JDC,28,SMA-R,LT_Pronation_anti_R,0.499794729557573,0.407788403877499,0.907583133435072,0.00775033364806261,0.00840035465449492,6.20598403704065,0.622898489626547
3,JDC,29,PMd-R,LT_Pronation_anti_R,0.172746579562933,0.750997788806952,0.923744368369886,0.00705732795027256,0.00762975858161416,6.21363238705215,0.626495610843352
3,JDC,30,PMv-R,LT_Pronation_anti_R,0.0821855283248532,0.226135007979625,0.308320536304478,0.00412006447049291,0.00446817192737177,6.28658815058425,0.651135264542628
3,JDC,31,FEF-R,LT_Pronation_anti_R,0.423956288834858,0.326155310170614,0.750111599005473,0.00696052815012486,0.00754144533347242,6.22147427778705,0.632023997583153
3,JDC,32,POJ-R,LT_Pronation_anti_R,0.648414893054763,0.534471812126152,1.18288670518091,0.00916066472077124,0.00989989691786219,6.17296455361012,0.602036878940205
4,JFXD,1,V1-L,LT_Pronation_anti_R,0.21443484516333,0.531534975575795,0.745969820739125,0.00864301533154618,0.0090933015257482,7.03626960985584,0.884508731684447
4,JFXD,2,V3-L,LT_Pronation_anti_R,0.417541558875361,0.422990184446536,0.840531743321897,0.00963713311563267,0.0101735473316442,7.02088183574981,0.875931517432709
4,JFXD,3,STS-L,LT_Pronation_anti_R,0.246655939009843,0.830388694377636,1.07704463338748,0.0102986358889965,0.0108806701674891,7.00943790111461,0.866449111551449
4,JFXD,4,IPL-L,LT_Pronation_anti_R,0.755907772518345,0.546067115921631,1.30197488843998,0.0108454487126607,0.0114424389461964,6.99441167709598,0.861429502081257
4,JFXD,5,SPL-L,LT_Pronation_anti_R,0.961314730984249,0.375664522909953,1.3369792538942,0.0106246743398844,0.0111821609712218,6.98921568018249,0.859657284547706
4,JFXD,6,AG-L,LT_Pronation_anti_R,0.80230685028468,0.338683812653362,1.14099066293804,0.0108048806949956,0.0113617409373283,7.00237296558988,0.857442322463159
4,JFXD,7,mIPS-L,LT_Pronation_anti_R,0.960071545357977,0.257209161979395,1.21728070733737,0.0106339324667745,0.0111853228890871,7.00641435202023,0.864053537424727
4,JFXD,8,VIP-L,LT_Pronation_anti_R,0.958523445016465,0.641257489685475,1.59978093470194,0.0122011308168735,0.0128426936726743,6.96077056147739,0.843686898060695
4,JFXD,9,SPOC-L,LT_Pronation_anti_R,0.656178994626231,0.627825454465367,1.2840044490916,0.0116350770243584,0.0122042587065555,6.98091310477179,0.846652122162596
4,JFXD,10,S1-L,LT_Pronation_anti_R,0.81192900240863,0.410511244195523,1.22244024660415,0.0120405009071011,0.0127022033906898,6.98061023076568,0.858412279748804
4,JFXD,11,M1-L,LT_Pronation_anti_R,0.748695651637126,0.455233132916011,1.20392878455314,0.0123819525990471,0.0130989724008873,6.98566989314485,0.863449611807617
4,JFXD,12,SMA-L,LT_Pronation_anti_R,0.671982138838143,1.1234617624667,1.79544390130484,0.0146365500837383,0.0155458460891108,6.94569138556022,0.843251191543536
4,JFXD,13,PMd-L,LT_Pronation_anti_R,0.873582618824056,0.601294936622653,1.47487755544671,0.0137988102349779,0.0146105529681225,6.9579472052978,0.845475544659917
4,JFXD,14,PMv-L,LT_Pronation_anti_R,0.17041834660205,2.67616682053091,2.84658516713296,0.01332774416207,0.0140542870958882,6.88958283196895,0.801662646644627
4,JFXD,15,FEF-L,LT_Pronation_anti_R,0.83728336350126,1.19896967507921,2.03625303858047,0.0149125024355533,0.0156900445368472,6.92314125696994,0.817813430357098
4,JFXD,16,POJ-L,LT_Pronation_anti_R,0.73000026392073,0.398460172119704,1.12846043604043,0.0111903323116067,0.0118015525158414,7.00253182785825,0.867664598817165
4,JFXD,17,V1-R,LT_Pronation_anti_R,0.386786635909173,0.331984522523268,0.718771158432441,0.00877263240045204,0.00927890737230771,7.03796578653035,0.88494575748249
4,JFXD,18,V3-R,LT_Pronation_anti_R,0.119461059308692,0.251792751865639,0.371253811174331,0.00562707225852175,0.00593965099922015,7.09463279542417,0.898538871967995
4,JFXD,19,STS-R,LT_Pronation_anti_R,0.2316176294638,0.772432372734312,1.00405000219811,0.00947352571059746,0.00996351060138527,7.02137073806646,0.873462478748212
4,JFXD,20,IPL-R,LT_Pronation_anti_R,0.904704908127745,0.349805722614441,1.25451063074219,0.0123001193175752,0.0130413875110023,6.98140312089014,0.865957721679056
4,JFXD,21,SPL-R,LT_Pronation_anti_R,0.730237218547995,0.301880990482535,1.03211820903053,0.0105712604102941,0.0111597568411778,7.0115975396457,0.871263444799101
4,JFXD,22,AG-R,LT_Pronation_anti_R,0.786813315795956,0.370773489854194,1.15758680565015,0.0119722183002062,0.012648269736335,6.98945451857154,0.860672175508751
4,JFXD,23,mIPS-R,LT_Pronation_anti_R,0.66964187271408,0.307382917738907,0.977024790452987,0.0105032511424102,0.0110953346209656,7.01196653394367,0.87036221788726
4,JFXD,24,VIP-R,LT_Pronation_anti_R,0.619628155979261,0.504823631724205,1.12445178770347,0.011319686955105,0.0119054664771457,6.99661931864582,0.865204659047676
4,JFXD,25,SPOC-R,LT_Pronation_anti_R,0.832098017672727,0.326459808635389,1.15855782630812,0.0116915425467543,0.0123058472763471,6.99280187538564,0.855652958905937
4,JFXD,26,S1-R,LT_Pronation_anti_R,0.560458500286887,0.411214189457148,0.971672689744035,0.010657295756486,0.0112456955282411,7.00478058295399,0.873309444378022
4,JFXD,27,M1-R,LT_Pronation_anti_R,0.943626504773931,0.402843878652993,1.34647038342692,0.0113051863698253,0.0119185053191356,6.98667203739617,0.854327831330803
4,JFXD,28,SMA-R,LT_Pronation_anti_R,0.956185456903481,1.01715906664807,1.97334452355155,0.0165093939462496,0.0175222168051359,6.91888992959576,0.834090459973773
4,JFXD,29,PMd-R,LT_Pronation_anti_R,0.300773933589978,0.638693748459487,0.939467682049465,0.00810348687463261,0.0084890971694573,7.03978547671017,0.869056656667353
4,JFXD,30,PMv-R,LT_Pronation_anti_R,0.0887694892386308,1.36022796630926,1.44899745554789,0.0102424382875112,0.0107607417310946,6.99822014667455,0.856411958395724
4,JFXD,31,FEF-R,LT_Pronation_anti_R,0.441447258913445,0.668076946043055,1.1095242049565,0.0126622056385798,0.0134478637743958,6.98282310585948,0.871178595182003
4,JFXD,32,POJ-R,LT_Pronation_anti_R,0.532777725453916,0.470583590559412,1.00336131601333,0.0107841929713489,0.0113830826190586,7.00587870799642,0.866769741609134
5,JZ,1,V1-L,LT_Pronation_anti_R,0.128765099635749,0.370041426962256,0.498806526598005,0.00438560795948229,0.00477558320833294,6.13020553675863,0.591088943160894
5,JZ,2,V3-L,LT_Pronation_anti_R,0.194357806732527,0.251118174193884,0.445475980926411,0.00431206082846654,0.00465815670876359,6.1337921434138,0.592292191147559
5,JZ,3,STS-L,LT_Pronation_anti_R,0.0934260934855266,0.606402066313707,0.699828159799233,0.0058960872794884,0.0063571310986058,6.10175524661846,0.585071843445914
5,JZ,4,IPL-L,LT_Pronation_anti_R,0.242575915128341,0.622365343468189,0.86494125859653,0.00700070056696835,0.00760317544495683,6.07278091420507,0.577345689612908
5,JZ,5,SPL-L,LT_Pronation_anti_R,0.457425672007548,0.251647290007022,0.70907296201457,0.00649079497910053,0.00708584240833729,6.08588717846372,0.579257213530855
5,JZ,6,AG-L,LT_Pronation_anti_R,0.433658066022251,0.205248480133328,0.63890654615558,0.00694277010400057,0.00752879737777317,6.08829161109791,0.58669425560459
5,JZ,7,mIPS-L,LT_Pronation_anti_R,0.718562854637325,0.290484830405666,1.00904768504299,0.0088955548766656,0.00968298618264322,6.04376454275576,0.57289132254539
5,JZ,8,VIP-L,LT_Pronation_anti_R,0.543080881949462,0.268640027226963,0.811720909176425,0.00716538786451307,0.00776091497502667,6.07352005505007,0.572379265406785
5,JZ,9,SPOC-L,LT_Pronation_anti_R,0.463581186629393,0.678514354964607,1.142095541594,0.00939789451620036,0.0102018937559917,6.02674406902012,0.564449182106603
5,JZ,10,S1-L,LT_Pronation_anti_R,0.478812869439739,0.456718582486098,0.935531451925837,0.00635841837446294,0.00685418423634271,6.07523938927618,0.566599308779711
5,JZ,11,M1-L,LT_Pronation_anti_R,0.304959914659076,0.456329196569054,0.761289111228131,0.00682324249071068,0.00736467942949394,6.08232084092504,0.577496271309381
5,JZ,12,SMA-L,LT_Pronation_anti_R,0.417761905864001,0.34329128207221,0.761053187936211,0.00747456819593017,0.00808021285811768,6.07454933810746,0.58519738902352
5,JZ,13,PMd-L,LT_Pronation_anti_R,0.294407720777078,0.43773867990737,0.732146400684448,0.00695321556738203,0.00750319762928867,6.08056055381486,0.574809574934821
5,JZ,14,PMv-L,LT_Pronation_anti_R,0.0775586641034735,0.147515808227877,0.22507447233135,0.00344310716936425,0.00373778521645892,6.1608313747694,0.605252721343963
5,JZ,15,FEF-L,LT_Pronation_anti_R,0.164884741229477,0.242047707694268,0.406932448923745,0.00479333263340818,0.00518531762112112,6.12482056179185,0.595900765063504
5,JZ,16,POJ-L,LT_Pronation_anti_R,0.397618171014311,0.453108454136828,0.850726625151139,0.0084085913003253,0.00914004437909712,6.05706088240146,0.576973294881734
5,JZ,17,V1-R,LT_Pronation_anti_R,0.175031116971944,0.247145270569113,0.422176387541057,0.00437194683593226,0.00473069003924861,6.13319834209318,0.590292783071686
5,JZ,18,V3-R,LT_Pronation_anti_R,0.146289044056855,0.368915124208633,0.515204168265488,0.00492204555622811,0.00532653547831075,6.12181248818899,0.58842817759997
5,JZ,19,STS-R,LT_Pronation_anti_R,0.196119006706671,0.210413550809934,0.406532557516605,0.00463722512806152,0.00505160890640654,6.12774499957357,0.593334616548306
5,JZ,20,IPL-R,LT_Pronation_anti_R,0.408870534405783,0.344308109587766,0.75317864399355,0.00795511156625518,0.00864545044190879,6.06774839853188,0.587079320994369
5,JZ,21,SPL-R,LT_Pronation_anti_R,0.695443669956222,0.37559466665932,1.07103833661554,0.00910490307700727,0.00984118278014279,6.03365023979332,0.554093081965352
5,JZ,22,AG-R,LT_Pronation_anti_R,0.326567847113612,0.434402473588114,0.760970320701726,0.00670356641454633,0.00728356790359163,6.08430198781746,0.576845188847113
5,JZ,23,mIPS-R,LT_Pronation_anti_R,0.528083403902583,0.350478965314327,0.87856236921691,0.008143874697282,0.00884697639030079,6.06156678849912,0.575907952492964
5,JZ,24,VIP-R,LT_Pronation_anti_R,0.795447681324594,0.35716880164754,1.15261648297213,0.00987764069110805,0.0107062746196592,6.02553612703753,0.559079968638589
5,JZ,25,SPOC-R,LT_Pronation_anti_R,0.6990321361024,0.407158785983015,1.10619092208542,0.00852480150504805,0.0092015569161752,6.04180091029565,0.563280469821722
5,JZ,26,S1-R,LT_Pronation_anti_R,0.307842708391111,0.305531597557704,0.613374305948815,0.00590181726686988,0.00635908073000974,6.09372135903954,0.57857853370505
5,JZ,27,M1-R,LT_Pronation_anti_R,0.243440472226571,0.409313033914677,0.652753506141248,0.005883058157515,0.00632608932907608,6.09962203840441,0.579963747827847
5,JZ,28,SMA-R,LT_Pronation_anti_R,0.609257478532802,0.225554477705896,0.834811956238698,0.00796181184991283,0.00857710964135998,6.06429020455201,0.580604864246882
5,JZ,29,PMd-R,LT_Pronation_anti_R,0.134987224309739,0.508525995805394,0.643513220115133,0.00607306273803298,0.00653336759719589,6.0984919391102,0.585598785895566
5,JZ,30,PMv-R,LT_Pronation_anti_R,0.100024484810373,0.174339145297613,0.274363630107986,0.00351121942525782,0.00381281222304853,6.15573046099901,0.601028425340695
5,JZ,31,FEF-R,LT_Pronation_anti_R,0.238865315861035,0.26537568112637,0.504240996987405,0.00575210714472954,0.00621936841157033,6.10954311048552,0.594390986532327
5,JZ,32,POJ-R,LT_Pronation_anti_R,0.476642422446612,0.427944725889441,0.904587148336052,0.00807924105975854,0.00876501205476116,6.05902262973169,0.572770899325008
6,LT,1,V1-L,LT_Pronation_anti_R,0.128923743515031,0.342739014038559,0.47166275755359,0.00598994460203685,0.00653516334533689,6.45416879438325,0.761536984179384
6,LT,2,V3-L,LT_Pronation_anti_R,0.153806820989166,0.361021293849521,0.514828114838687,0.00625887927822782,0.00684152808520436,6.44557614338026,0.757476488614785
6,LT,3,STS-L,LT_Pronation_anti_R,0.128321401402669,0.150994651420266,0.279316052822936,0.00391507930028365,0.00426114819618335,6.49385240295738,0.769772487289978
6,LT,4,IPL-L,LT_Pronation_anti_R,0.536016801614037,0.736960009889837,1.27297681150387,0.00988923902816536,0.0107266135580038,6.36196278301697,0.722520435336705
6,LT,5,SPL-L,LT_Pronation_anti_R,0.818709963706404,0.812170952253543,1.63088091595995,0.0124194197490393,0.0134640743183242,6.31975888159643,0.690576060815013
6,LT,6,AG-L,LT_Pronation_anti_R,0.242988901909557,0.71254858338713,0.955537485296687,0.00841807428193076,0.00913335902096389,6.40279981279326,0.738108119917487
6,LT,7,mIPS-L,LT_Pronation_anti_R,0.768867719017395,0.396960403412703,1.1658281224301,0.0101528788123669,0.011013431185631,6.37112505040943,0.719344422047939
6,LT,8,VIP-L,LT_Pronation_anti_R,0.667633036568561,0.737402968177898,1.40503600474646,0.0106772618381855,0.0115715484869585,6.35548870938623,0.707613741128834
6,LT,9,SPOC-L,LT_Pronation_anti_R,0.646727343113313,0.4065601053417,1.05328744845501,0.00941100462582061,0.0102383042987148,6.37960751958176,0.730000779491268
6,LT,10,S1-L,LT_Pronation_anti_R,0.697053481942648,0.643002521720359,1.34005600366301,0.0094341081609305,0.01022908473511,6.36100723857542,0.712167789436155
6,LT,11,M1-L,LT_Pronation_anti_R,0.428900299100691,0.340665324099732,0.769565623200423,0.00672347565468453,0.00732517206016804,6.42897123037009,0.742607566006308
6,LT,12,SMA-L,LT_Pronation_anti_R,0.848122940517158,0.181891248449604,1.03001418896676,0.0080290655466521,0.00875878054965772,6.39859646674486,0.735827225641409
6,LT,13,PMd-L,LT_Pronation_anti_R,0.341760822737136,0.675794254138265,1.0175550768754,0.00832900145737623,0.00907818835634576,6.38877442821941,0.724262399881347
6,LT,14,PMv-L,LT_Pronation_anti_R,0.0715469464118652,0.416441652992671,0.487988599404536,0.0053409636165711,0.00581255008712916,6.46512837860017,0.758624592288581
6,LT,15,FEF-L,LT_Pronation_anti_R,0.297205780086673,0.277096391736928,0.574302171823601,0.00683088631356165,0.00744855268528692,6.43574632857133,0.755206233483656
6,LT,16,POJ-L,LT_Pronation_anti_R,0.527374620293874,0.433722547888244,0.961097168182118,0.00914543373139448,0.0099708160693914,6.39670863892847,0.738159509879158
6,LT,17,V1-R,LT_Pronation_anti_R,0.167304561110798,0.666804288829453,0.83410884994025,0.00643551692270742,0.00693963752952025,6.42807456289034,0.741760362592201
6,LT,18,V3-R,LT_Pronation_anti_R,0.213328979090905,0.351243950463286,0.564572929554191,0.00672864326829204,0.00737558905726825,6.43620364277358,0.755562405763177
6,LT,19,STS-R,LT_Pronation_anti_R,0.072880694482351,0.437987100168416,0.510867794650767,0.00547278898885592,0.0059643468229826,6.46293526145581,0.761998769116515
6,LT,20,IPL-R,LT_Pronation_anti_R,0.899209135051301,0.288584937175994,1.1877940722273,0.00943070345881242,0.0102450348065962,6.38283859067003,0.730101826396258
6,LT,21,SPL-R,LT_Pronation_anti_R,0.325651151706066,0.455067134271577,0.780718285977643,0.00828229715644348,0.00901050879087722,6.41038830985197,0.747910830055121
6,LT,22,AG-R,LT_Pronation_anti_R,0.76466121650849,0.644345401735111,1.4090066182436,0.0108258514637205,0.0117232088650041,6.34582202282068,0.707288011557496
6,LT,23,mIPS-R,LT_Pronation_anti_R,0.638096249338193,0.524578006274437,1.16267425561263,0.00982199413641825,0.0107270945534815,6.37167994015077,0.721189249156654
6,LT,24,VIP-R,LT_Pronation_anti_R,0.817390187701799,0.386228008900415,1.20361819660221,0.0100664436797431,0.0109342029056171,6.36818809687798,0.721666538316046
6,LT,25,SPOC-R,LT_Pronation_anti_R,0.452938962961326,0.410481956477121,0.863420919438447,0.00859929541267573,0.00937572055317284,6.4043957562201,0.738146731890706
6,LT,26,S1-R,LT_Pronation_anti_R,0.703072755926526,0.227007919244823,0.930080675171349,0.00845855850463869,0.00916089460160532,6.39884566071143,0.734920336504293
6,LT,27,M1-R,LT_Pronation_anti_R,0.299073289058417,0.482604617736122,0.781677906794539,0.00750652438631217,0.00811564281691553,6.42253933157931,0.745008022052681
6,LT,28,SMA-R,LT_Pronation_anti_R,0.70466816924494,0.268287545114779,0.972955714359718,0.00890751439082888,0.0097063704938989,6.39427393705984,0.73869752381671
6,LT,29,PMd-R,LT_Pronation_anti_R,0.223752027265472,0.467021595604174,0.690773622869646,0.00688486132865621,0.00750883626064136,6.4309083077959,0.743623576968993
6,LT,30,PMv-R,LT_Pronation_anti_R,0.143197575746004,0.444450811199933,0.587648386945937,0.00523128804080963,0.00565781370758417,6.4581611317154,0.746883936438123
6,LT,31,FEF-R,LT_Pronation_anti_R,0.26419889771862,0.235971244216744,0.500170141935364,0.00577555609255798,0.00629236946738124,6.45191720077663,0.753870234126437
6,LT,32,POJ-R,LT_Pronation_anti_R,0.211971581021448,0.288719616649487,0.500691197670935,0.00543644566949785,0.00588128236945557,6.45264516604964,0.748221607183557
7,NvA,1,V1-L,LT_Pronation_anti_R,0.0638505284322357,0.200563161591524,0.26441369002376,0.00361787729592677,0.00389749204807043,6.1226029202352,0.589363015562942
7,NvA,2,V3-L,LT_Pronation_anti_R,0.177313134125361,0.368614080225266,0.545927214350627,0.00546167011633496,0.00588640511614744,6.07641999584998,0.573668505665464
7,NvA,3,STS-L,LT_Pronation_anti_R,0.162340749289249,0.185705995814946,0.348046745104195,0.00475970840725026,0.00515108473802404,6.09413164866151,0.583404335661976
7,NvA,4,IPL-L,LT_Pronation_anti_R,0.410185742771184,0.791637181841575,1.20182292461276,0.00875417734444059,0.00941964318052795,6.00111347948637,0.547102110324967
7,NvA,5,SPL-L,LT_Pronation_anti_R,0.386274074979842,0.484944473685001,0.871218548664843,0.00791783888129913,0.00849934040636148,6.03269813287124,0.558716268092977
7,NvA,6,AG-L,LT_Pronation_anti_R,0.505875464665472,0.226052081934117,0.731927546599589,0.00724232504630228,0.00782104564436141,6.04225581080205,0.568975610208983
7,NvA,7,mIPS-L,LT_Pronation_anti_R,0.726492453925242,0.402427525118943,1.12891997904418,0.00901608568265041,0.00971592559832536,5.99838255047924,0.547781334770532
7,NvA,8,VIP-L,LT_Pronation_anti_R,0.51445254628466,0.234822393357916,0.749274939642577,0.00696488900665992,0.0075188245314279,6.04236393186578,0.564860630921297
7,NvA,9,SPOC-L,LT_Pronation_anti_R,0.516998819669329,0.43876041621783,0.955759235887158,0.00816404001519919,0.00880502222130551,6.0142406069734,0.55267584495017
7,NvA,10,S1-L,LT_Pronation_anti_R,0.866033783316533,0.359098502786443,1.22513228610298,0.0088465572091194,0.00951567253833166,6.00083512769205,0.541458945640161
7,NvA,11,M1-L,LT_Pronation_anti_R,0.226517744209898,0.472459485924405,0.698977230134302,0.00606801818211501,0.00653393584478256,6.06211350349964,0.569515893311062
7,NvA,12,SMA-L,LT_Pronation_anti_R,0.238725699056465,0.472440836506553,0.711166535563017,0.00733028390598787,0.00788659285675518,6.04286026229978,0.568488327194919
7,NvA,13,PMd-L,LT_Pronation_anti_R,0.294619418379597,0.271216858139651,0.565836276519249,0.00617104833596743,0.00665852901593908,6.06195845406185,0.574438717774414
7,NvA,14,PMv-L,LT_Pronation_anti_R,0.0941793215853751,0.150311132929924,0.244490454515299,0.00335398963406675,0.00360895014577604,6.12595429331295,0.586438428671428
7,NvA,15,FEF-L,LT_Pronation_anti_R,0.26157308406853,0.206576707570402,0.468149791638932,0.00573994497708877,0.00619017634705615,6.07032841942977,0.578168805645597
7,NvA,16,POJ-L,LT_Pronation_anti_R,0.169522616017373,0.269675526259118,0.439198142276491,0.00510230310163397,0.00549119432612419,6.08553009633134,0.572911288571332
7,NvA,17,V1-R,LT_Pronation_anti_R,0.0837421400830909,0.179979771940365,0.263721912023456,0.00380296485307972,0.00411472836476376,6.11773410089287,0.586776576251566
7,NvA,18,V3-R,LT_Pronation_anti_R,0.234378536791928,0.307513293443641,0.541891830235569,0.00551514014342524,0.00594518076092292,6.07537346825301,0.569053911354949
7,NvA,19,STS-R,LT_Pronation_anti_R,0.151703080377196,0.216248922685447,0.367952003062642,0.00431106924835951,0.0046528504831741,6.0997938438244,0.578990629299252
7,NvA,20,IPL-R,LT_Pronation_anti_R,0.42087039133435,0.568553890396451,0.989424281730801,0.00771040346331251,0.00829753229275859,6.02226897871971,0.551806756675424
7,NvA,21,SPL-R,LT_Pronation_anti_R,0.69409338352474,0.25988973046938,0.95398311399412,0.0077413126567626,0.00835740619111245,6.02152061609114,0.549863700522584
7,NvA,22,AG-R,LT_Pronation_anti_R,0.290763700305378,0.581296273970644,0.872059974276023,0.00671329098844667,0.0072310859140431,6.03946829505165,0.54865207240587
7,NvA,23,mIPS-R,LT_Pronation_anti_R,0.691333887233705,0.363886552200438,1.05522043943414,0.00907069076296293,0.00979322035551294,5.99493396057705,0.54644603996489
7,NvA,24,VIP-R,LT_Pronation_anti_R,0.395123334191879,0.538810503111527,0.933933837303406,0.0075512650184491,0.00813511283528126,6.03118998858246,0.551485562241785
7,NvA,25,SPOC-R,LT_Pronation_anti_R,0.674261754256906,0.47471452019752,1.14897627445443,0.00944080666818792,0.0101903230651306,5.99567251686048,0.545565867955957
7,NvA,26,S1-R,LT_Pronation_anti_R,0.211175920337104,0.345616711381507,0.556792631718611,0.00589921596704937,0.00633085499148312,6.07126443634517,0.571891774501858
7,NvA,27,M1-R,LT_Pronation_anti_R,0.672158962947306,0.232113323198207,0.904272286145513,0.00714246019820318,0.00768693379460115,6.03402741644919,0.558599864010031
7,NvA,28,SMA-R,LT_Pronation_anti_R,0.379237434494548,0.24883591290434,0.628073347398887,0.00627235380862648,0.00674947467519971,6.05832983898784,0.57324203067652
7,NvA,29,PMd-R,LT_Pronation_anti_R,0.118297579099024,0.546507972414014,0.664805551513038,0.00518016357360654,0.00556893444504948,6.07426979560957,0.572119227746967
7,NvA,30,PMv-R,LT_Pronation_anti_R,0.0452816838032405,0.293435763333517,0.338717447136757,0.0038491066365065,0.00414764634146878,6.11440940730436,0.587680619234971
7,NvA,31,FEF-R,LT_Pronation_anti_R,0.341279917153914,0.239766408185838,0.581046325339752,0.00548534554263489,0.0058837694010613,6.07640957305616,0.573099670853675
7,NvA,32,POJ-R,LT_Pronation_anti_R,0.250398323404458,0.336579300378665,0.586977623783123,0.0054255326662499,0.00582816965087758,6.07560632802463,0.56212360942589
8,RR,1,V1-L,LT_Pronation_anti_R,0.201959374029792,0.143693113165069,0.345652487194861,0.00395660645052031,0.00435860351855383,6.225168239012,0.711859609549719
8,RR,2,V3-L,LT_Pronation_anti_R,0.190931001901994,0.376804651029089,0.567735652931082,0.0053608293607883,0.00589084891977404,6.19269803421011,0.701980588114798
8,RR,3,STS-L,LT_Pronation_anti_R,0.074228903413873,0.475337030105738,0.549565933519611,0.00511547782417738,0.00562128177897492,6.20554043004906,0.710754384720199
8,RR,4,IPL-L,LT_Pronation_anti_R,0.47828262602587,0.280071770325541,0.758354396351411,0.00794478750719617,0.00880776332678575,6.15072324230115,0.7025382227822
8,RR,5,SPL-L,LT_Pronation_anti_R,0.653416064156423,0.560335282302697,1.21375134645912,0.00866772568925493,0.00948979048248154,6.11360644569976,0.65582222386956
8,RR,6,AG-L,LT_Pronation_anti_R,0.449049994158329,0.443173954001132,0.892223948159462,0.00721902586202587,0.00787095066822113,6.15393699196357,0.689853487405625
8,RR,7,mIPS-L,LT_Pronation_anti_R,0.392091736432839,0.31854156812987,0.710633304562709,0.00634696390626088,0.00694867651580194,6.17534177572037,0.685064238872664
8,RR,8,VIP-L,LT_Pronation_anti_R,0.60437714066468,0.137441818117353,0.741818958782033,0.00673389762977354,0.00742567778502608,6.17196702556644,0.701632704772806
8,RR,9,SPOC-L,LT_Pronation_anti_R,0.763427337535836,0.370794871049522,1.13422220858536,0.00912598155784961,0.0101521567226102,6.11616753508995,0.679527845408217
8,RR,10,S1-L,LT_Pronation_anti_R,0.616432506275511,0.34306820770132,0.959500713976831,0.0079575547368767,0.00876230793352507,6.14290516085327,0.685057782675482
8,RR,11,M1-L,LT_Pronation_anti_R,0.396156549983683,0.354283914561091,0.750440464544774,0.00570815001100733,0.006226650196739,6.18148017490531,0.690959245013667
8,RR,12,SMA-L,LT_Pronation_anti_R,0.625572790201742,0.337279690271629,0.962852480473371,0.00804892068618946,0.00888618030227381,6.13543548670263,0.684733345713869
8,RR,13,PMd-L,LT_Pronation_anti_R,0.387304922218323,0.770383996539892,1.15768891875822,0.00721989689429862,0.00783502168465331,6.1353694037518,0.669833296328764
8,RR,14,PMv-L,LT_Pronation_anti_R,0.0612057842228596,0.143407872644769,0.204613656867629,0.00290143310611384,0.00315624788479219,6.26041596564024,0.725274314254029
8,RR,15,FEF-L,LT_Pronation_anti_R,0.192510522207157,0.205923827157941,0.398434349365098,0.00516877145624336,0.00569365733841216,6.2064858554962,0.714673717514947
8,RR,16,POJ-L,LT_Pronation_anti_R,0.346481990768433,0.496864304887847,0.84334629565628,0.00686246607656128,0.00752080473102057,6.15930959873991,0.688976511021545
8,RR,17,V1-R,LT_Pronation_anti_R,0.150163104056801,0.386641601292824,0.536804705349625,0.00533777038583912,0.00591324402153769,6.19895368711861,0.703387930450071
8,RR,18,V3-R,LT_Pronation_anti_R,0.361637979885497,0.466567204101727,0.828205183987224,0.00685641794951262,0.00757387282121014,6.15544418177741,0.685770388382154
8,RR,19,STS-R,LT_Pronation_anti_R,0.151226901091253,0.256918028591393,0.408144929682645,0.00446094833807038,0.00495286545059996,6.21626705730462,0.711034099656223
8,RR,20,IPL-R,LT_Pronation_anti_R,0.507855154322443,0.316702687625608,0.824557841948051,0.00702043389786357,0.00774090959508356,6.16028732779144,0.687070516059129
8,RR,21,SPL-R,LT_Pronation_anti_R,0.551194575067572,0.540497596229983,1.09169217129755,0.00790068273288267,0.00872583149305274,6.12437567034658,0.658163125823814
8,RR,22,AG-R,LT_Pronation_anti_R,0.24875906658541,0.830026687089826,1.07878575367524,0.00809433229749681,0.00888536263505264,6.12929172612177,0.679834383791667
8,RR,23,mIPS-R,LT_Pronation_anti_R,0.277213408384372,0.349111550229726,0.626324958614098,0.00593067260820193,0.00656628400073559,6.18398719645471,0.695173806884488
8,RR,24,VIP-R,LT_Pronation_anti_R,0.673064049070435,0.542248648170883,1.21531269724132,0.00941627063259555,0.0104120377294164,6.10671466795451,0.671721281309707
8,RR,25,SPOC-R,LT_Pronation_anti_R,0.518010115342906,0.60971775432035,1.12772786966326,0.008531653694939,0.00944570171152938,6.11423949878584,0.664966311369578
8,RR,26,S1-R,LT_Pronation_anti_R,0.568039357414173,0.400965285425688,0.969004642839861,0.00721511615712289,0.00785833260611892,6.14028972329748,0.648933171103087
8,RR,27,M1-R,LT_Pronation_anti_R,0.333748183127084,0.302497516841113,0.636245699968197,0.00592193900491503,0.00650268242561948,6.17832193901785,0.6895397835585
8,RR,28,SMA-R,LT_Pronation_anti_R,0.611679229972853,0.293324532798658,0.905003762771511,0.00800568428725045,0.00885623710715171,6.14163918707004,0.694202912645331
8,RR,29,PMd-R,LT_Pronation_anti_R,0.23267234424104,0.425147075257058,0.657819419498098,0.00618947365766319,0.00682554367078919,6.17391080154286,0.70028267217468
8,RR,30,PMv-R,LT_Pronation_anti_R,0.0850768526333079,0.134755690927377,0.219832543560685,0.00312293254276676,0.00346443355452551,6.25129507293718,0.72216285936676
8,RR,31,FEF-R,LT_Pronation_anti_R,0.343946809392655,0.212521303094798,0.556468112487454,0.0054669918082794,0.00604994393461229,6.19033526621521,0.703364410591575
8,RR,32,POJ-R,LT_Pronation_anti_R,0.331255045934401,0.553922386732037,0.885177432666438,0.00700941604900624,0.00771945790300469,6.15283901078083,0.682438668894227
9,SJB,1,V1-L,LT_Pronation_anti_R,0.20276158844006,0.621824721646056,0.824586310086116,0.00826809489916604,0.00893898890352911,6.55674622733926,0.771893467631479
9,SJB,2,V3-L,LT_Pronation_anti_R,0.371586868959189,1.18332788977583,1.55491475873502,0.0116142018148115,0.0124701080105653,6.48462495615025,0.742641259732351
9,SJB,3,STS-L,LT_Pronation_anti_R,0.273632396383155,0.307870892922516,0.58150328930567,0.00654818654865838,0.00707014057635852,6.5864197423957,0.778012563942642
9,SJB,4,IPL-L,LT_Pronation_anti_R,0.855005641329389,0.336104120441878,1.19110976177127,0.0104350634420035,0.0112635788140577,6.51138276447949,0.74814963677267
9,SJB,5,SPL-L,LT_Pronation_anti_R,0.651953692852799,0.546954261869825,1.19890795472262,0.0106554436474187,0.0114241956355645,6.51276523403514,0.746247340868524
9,SJB,6,AG-L,LT_Pronation_anti_R,0.850909777166541,0.265057744360972,1.11596752152751,0.0102044359552269,0.0109822420408935,6.53002350876018,0.762843022882755
9,SJB,7,mIPS-L,LT_Pronation_anti_R,0.431967730756818,0.622908993984176,1.05487672474099,0.00993645919253215,0.010654053063252,6.52609322417151,0.75584371539453
9,SJB,8,VIP-L,LT_Pronation_anti_R,0.659353215603257,0.441182414544421,1.10053563014768,0.0102472500074154,0.0110791923990543,6.52347703722073,0.761898595831094
9,SJB,9,SPOC-L,LT_Pronation_anti_R,0.847978864358951,0.586094828596627,1.43407369295558,0.0123446881301891,0.0132501592709437,6.48483941885764,0.731911963166535
9,SJB,10,S1-L,LT_Pronation_anti_R,0.782006781740122,0.459241147461767,1.24124792920189,0.010182202935742,0.0110095690225004,6.51379514319714,0.745967251132255
9,SJB,11,M1-L,LT_Pronation_anti_R,0.454717261645563,0.783452358379079,1.23816962002464,0.00985553577874159,0.0105816912149682,6.51582760100931,0.746371661018398
9,SJB,12,SMA-L,LT_Pronation_anti_R,0.244934971800595,0.391383227440006,0.636318199240602,0.00584653681745512,0.00632321554499583,6.59172294287061,0.775218324489925
9,SJB,13,PMd-L,LT_Pronation_anti_R,0.294314335410003,0.365675423262367,0.65998975867237,0.00678705048212272,0.00732054114480551,6.57804762488876,0.77061488954591
9,SJB,14,PMv-L,LT_Pronation_anti_R,0.0586147324566515,0.192307913613106,0.250922646069757,0.00333969001658407,0.00359585849981864,6.6563717509379,0.793250730065009
9,SJB,15,FEF-L,LT_Pronation_anti_R,0.295824082069352,0.410512419696943,0.706336501766294,0.00791899385791907,0.00856715745746383,6.56427489916126,0.772946855581815
9,SJB,16,POJ-L,LT_Pronation_anti_R,0.544456991258073,0.627428474099601,1.17188546535767,0.0111027076317262,0.0119887079235793,6.51264106426404,0.756023971962397
9,SJB,17,V1-R,LT_Pronation_anti_R,0.41356341268009,0.30816387415316,0.72172728683325,0.00806396129326443,0.00870546070313109,6.56588803414145,0.777847780088102
9,SJB,18,V3-R,LT_Pronation_anti_R,0.468004624891726,0.254122977631505,0.722127602523231,0.00838805888322222,0.00904782296070475,6.56336374935169,0.77696229642499
9,SJB,19,STS-R,LT_Pronation_anti_R,0.127496788996936,0.443747301572765,0.5712440905697,0.00711745987974277,0.00768749663512719,6.58613995681437,0.788119242745293
9,SJB,20,IPL-R,LT_Pronation_anti_R,0.47508846132618,0.188348415977772,0.663436877303953,0.00718712230338523,0.00781376087914455,6.57481516639703,0.770243908109052
9,SJB,21,SPL-R,LT_Pronation_anti_R,0.689680335565332,0.91637972592943,1.60606006149476,0.0134543681080809,0.0145233729804503,6.46856929154642,0.727846852647246
9,SJB,22,AG-R,LT_Pronation_anti_R,0.471489923700152,0.627808313059441,1.09929823675959,0.0102271783828107,0.0109996047961921,6.52709716766294,0.751093012627264
9,SJB,23,mIPS-R,LT_Pronation_anti_R,0.557486367395889,0.42218087609289,0.979667243488779,0.00934655966346673,0.0100298676980429,6.53794588817689,0.761970356439613
9,SJB,24,VIP-R,LT_Pronation_anti_R,0.64996566626326,0.244169726288841,0.8941353925521,0.00779748183717008,0.00838541866096033,6.55534491127751,0.760939686042678
9,SJB,25,SPOC-R,LT_Pronation_anti_R,0.675475322380109,0.618242910426562,1.29371823280667,0.0117248010983287,0.0126112748111568,6.5076043933295,0.743442271518109
9,SJB,26,S1-R,LT_Pronation_anti_R,0.338311256597135,0.55375228954639,0.892063546143525,0.00805205294499585,0.00868820564990223,6.54781738826558,0.751830564570924
9,SJB,27,M1-R,LT_Pronation_anti_R,0.7613614478152,0.902665669299203,1.6640271171144,0.0130044697953825,0.0140300196614874,6.46136133829013,0.712759548671062
9,SJB,28,SMA-R,LT_Pronation_anti_R,0.561212914475874,0.206950992767251,0.768163907243125,0.00733821712999063,0.00796228127286384,6.57043586264499,0.775796045088775
9,SJB,29,PMd-R,LT_Pronation_anti_R,0.165945698480759,0.499350921794863,0.665296620275621,0.00659167527109612,0.00709956393986196,6.58648696612188,0.771064436300035
9,SJB,30,PMv-R,LT_Pronation_anti_R,0.0824249652796297,0.213708318589244,0.296133283868874,0.00355812888468577,0.00382243511239628,6.64327385356076,0.785945400857884
9,SJB,31,FEF-R,LT_Pronation_anti_R,0.333770725247649,0.14244630416042,0.476217029408069,0.00577079172478227,0.00630795414468797,6.60208113802042,0.787217662505895
9,SJB,32,POJ-R,LT_Pronation_anti_R,0.612881879215301,0.520813273156837,1.13369515237214,0.010002870196019,0.0107308387950244,6.52388133466448,0.749446304387782
NaN,,NaN,,,NaN,NaN,NaN,NaN,NaN,NaN,NaN
NaN,,NaN,,,NaN,NaN,NaN,NaN,NaN,NaN,NaN
NaN,,NaN,,,NaN,NaN,NaN,NaN,NaN,NaN,NaN
NaN,,NaN,,,NaN,NaN,NaN,NaN,NaN,NaN,NaN
NaN,,NaN,,,NaN,NaN,NaN,NaN,NaN,NaN,NaN
NaN,,NaN,,,NaN,NaN,NaN,NaN,NaN,NaN,NaN
NaN,,NaN,,,NaN,NaN,NaN,NaN,NaN,NaN,NaN
NaN,,NaN,,,NaN,NaN,NaN,NaN,NaN,NaN,NaN
NaN,,NaN,,,NaN,NaN,NaN,NaN,NaN,NaN,NaN
NaN,,NaN,,,NaN,NaN,NaN,NaN,NaN,NaN,NaN
NaN,,NaN,,,NaN,NaN,NaN,NaN,NaN,NaN,NaN
NaN,,NaN,,,NaN,NaN,NaN,NaN,NaN,NaN,NaN
NaN,,NaN,,,NaN,NaN,NaN,NaN,NaN,NaN,NaN
NaN,,NaN,,,NaN,NaN,NaN,NaN,NaN,NaN,NaN
NaN,,NaN,,,NaN,NaN,NaN,NaN,NaN,NaN,NaN
NaN,,NaN,,,NaN,NaN,NaN,NaN,NaN,NaN,NaN
NaN,,NaN,,,NaN,NaN,NaN,NaN,NaN,NaN,NaN
NaN,,NaN,,,NaN,NaN,NaN,NaN,NaN,NaN,NaN
NaN,,NaN,,,NaN,NaN,NaN,NaN,NaN,NaN,NaN
NaN,,NaN,,,NaN,NaN,NaN,NaN,NaN,NaN,NaN
NaN,,NaN,,,NaN,NaN,NaN,NaN,NaN,NaN,NaN
NaN,,NaN,,,NaN,NaN,NaN,NaN,NaN,NaN,NaN
NaN,,NaN,,,NaN,NaN,NaN,NaN,NaN,NaN,NaN
NaN,,NaN,,,NaN,NaN,NaN,NaN,NaN,NaN,NaN
NaN,,NaN,,,NaN,NaN,NaN,NaN,NaN,NaN,NaN
NaN,,NaN,,,NaN,NaN,NaN,NaN,NaN,NaN,NaN
NaN,,NaN,,,NaN,NaN,NaN,NaN,NaN,NaN,NaN
NaN,,NaN,,,NaN,NaN,NaN,NaN,NaN,NaN,NaN
NaN,,NaN,,,NaN,NaN,NaN,NaN,NaN,NaN,NaN
NaN,,NaN,,,NaN,NaN,NaN,NaN,NaN,NaN,NaN
NaN,,NaN,,,NaN,NaN,NaN,NaN,NaN,NaN,NaN
NaN,,NaN,,,NaN,NaN,NaN,NaN,NaN,NaN,NaN
NaN,,NaN,,,NaN,NaN,NaN,NaN,NaN,NaN,NaN
NaN,,NaN,,,NaN,NaN,NaN,NaN,NaN,NaN,NaN
NaN,,NaN,,,NaN,NaN,NaN,NaN,NaN,NaN,NaN
NaN,,NaN,,,NaN,NaN,NaN,NaN,NaN,NaN,NaN
NaN,,NaN,,,NaN,NaN,NaN,NaN,NaN,NaN,NaN
NaN,,NaN,,,NaN,NaN,NaN,NaN,NaN,NaN,NaN
NaN,,NaN,,,NaN,NaN,NaN,NaN,NaN,NaN,NaN
NaN,,NaN,,,NaN,NaN,NaN,NaN,NaN,NaN,NaN
NaN,,NaN,,,NaN,NaN,NaN,NaN,NaN,NaN,NaN
NaN,,NaN,,,NaN,NaN,NaN,NaN,NaN,NaN,NaN
NaN,,NaN,,,NaN,NaN,NaN,NaN,NaN,NaN,NaN
NaN,,NaN,,,NaN,NaN,NaN,NaN,NaN,NaN,NaN
NaN,,NaN,,,NaN,NaN,NaN,NaN,NaN,NaN,NaN
NaN,,NaN,,,NaN,NaN,NaN,NaN,NaN,NaN,NaN
NaN,,NaN,,,NaN,NaN,NaN,NaN,NaN,NaN,NaN
NaN,,NaN,,,NaN,NaN,NaN,NaN,NaN,NaN,NaN
NaN,,NaN,,,NaN,NaN,NaN,NaN,NaN,NaN,NaN
NaN,,NaN,,,NaN,NaN,NaN,NaN,NaN,NaN,NaN
NaN,,NaN,,,NaN,NaN,NaN,NaN,NaN,NaN,NaN
NaN,,NaN,,,NaN,NaN,NaN,NaN,NaN,NaN,NaN
NaN,,NaN,,,NaN,NaN,NaN,NaN,NaN,NaN,NaN
NaN,,NaN,,,NaN,NaN,NaN,NaN,NaN,NaN,NaN
NaN,,NaN,,,NaN,NaN,NaN,NaN,NaN,NaN,NaN
NaN,,NaN,,,NaN,NaN,NaN,NaN,NaN,NaN,NaN
NaN,,NaN,,,NaN,NaN,NaN,NaN,NaN,NaN,NaN
NaN,,NaN,,,NaN,NaN,NaN,NaN,NaN,NaN,NaN
NaN,,NaN,,,NaN,NaN,NaN,NaN,NaN,NaN,NaN
NaN,,NaN,,,NaN,NaN,NaN,NaN,NaN,NaN,NaN
NaN,,NaN,,,NaN,NaN,NaN,NaN,NaN,NaN,NaN
NaN,,NaN,,,NaN,NaN,NaN,NaN,NaN,NaN,NaN
NaN,,NaN,,,NaN,NaN,NaN,NaN,NaN,NaN,NaN
NaN,,NaN,,,NaN,NaN,NaN,NaN,NaN,NaN,NaN
NaN,,NaN,,,NaN,NaN,NaN,NaN,NaN,NaN,NaN
NaN,,NaN,,,NaN,NaN,NaN,NaN,NaN,NaN,NaN
NaN,,NaN,,,NaN,NaN,NaN,NaN,NaN,NaN,NaN
NaN,,NaN,,,NaN,NaN,NaN,NaN,NaN,NaN,NaN
NaN,,NaN,,,NaN,NaN,NaN,NaN,NaN,NaN,NaN
NaN,,NaN,,,NaN,NaN,NaN,NaN,NaN,NaN,NaN
NaN,,NaN,,,NaN,NaN,NaN,NaN,NaN,NaN,NaN
NaN,,NaN,,,NaN,NaN,NaN,NaN,NaN,NaN,NaN
NaN,,NaN,,,NaN,NaN,NaN,NaN,NaN,NaN,NaN
NaN,,NaN,,,NaN,NaN,NaN,NaN,NaN,NaN,NaN
NaN,,NaN,,,NaN,NaN,NaN,NaN,NaN,NaN,NaN
NaN,,NaN,,,NaN,NaN,NaN,NaN,NaN,NaN,NaN
NaN,,NaN,,,NaN,NaN,NaN,NaN,NaN,NaN,NaN
NaN,,NaN,,,NaN,NaN,NaN,NaN,NaN,NaN,NaN
NaN,,NaN,,,NaN,NaN,NaN,NaN,NaN,NaN,NaN
NaN,,NaN,,,NaN,NaN,NaN,NaN,NaN,NaN,NaN
NaN,,NaN,,,NaN,NaN,NaN,NaN,NaN,NaN,NaN
NaN,,NaN,,,NaN,NaN,NaN,NaN,NaN,NaN,NaN
NaN,,NaN,,,NaN,NaN,NaN,NaN,NaN,NaN,NaN
NaN,,NaN,,,NaN,NaN,NaN,NaN,NaN,NaN,NaN
NaN,,NaN,,,NaN,NaN,NaN,NaN,NaN,NaN,NaN
NaN,,NaN,,,NaN,NaN,NaN,NaN,NaN,NaN,NaN
NaN,,NaN,,,NaN,NaN,NaN,NaN,NaN,NaN,NaN
NaN,,NaN,,,NaN,NaN,NaN,NaN,NaN,NaN,NaN
NaN,,NaN,,,NaN,NaN,NaN,NaN,NaN,NaN,NaN
NaN,,NaN,,,NaN,NaN,NaN,NaN,NaN,NaN,NaN
NaN,,NaN,,,NaN,NaN,NaN,NaN,NaN,NaN,NaN
NaN,,NaN,,,NaN,NaN,NaN,NaN,NaN,NaN,NaN
NaN,,NaN,,,NaN,NaN,NaN,NaN,NaN,NaN,NaN
NaN,,NaN,,,NaN,NaN,NaN,NaN,NaN,NaN,NaN
NaN,,NaN,,,NaN,NaN,NaN,NaN,NaN,NaN,NaN
NaN,,NaN,,,NaN,NaN,NaN,NaN,NaN,NaN,NaN
NaN,,NaN,,,NaN,NaN,NaN,NaN,NaN,NaN,NaN
NaN,,NaN,,,NaN,NaN,NaN,NaN,NaN,NaN,NaN
NaN,,NaN,,,NaN,NaN,NaN,NaN,NaN,NaN,NaN
NaN,,NaN,,,NaN,NaN,NaN,NaN,NaN,NaN,NaN
NaN,,NaN,,,NaN,NaN,NaN,NaN,NaN,NaN,NaN
NaN,,NaN,,,NaN,NaN,NaN,NaN,NaN,NaN,NaN
NaN,,NaN,,,NaN,NaN,NaN,NaN,NaN,NaN,NaN
NaN,,NaN,,,NaN,NaN,NaN,NaN,NaN,NaN,NaN
NaN,,NaN,,,NaN,NaN,NaN,NaN,NaN,NaN,NaN
NaN,,NaN,,,NaN,NaN,NaN,NaN,NaN,NaN,NaN
NaN,,NaN,,,NaN,NaN,NaN,NaN,NaN,NaN,NaN
NaN,,NaN,,,NaN,NaN,NaN,NaN,NaN,NaN,NaN
NaN,,NaN,,,NaN,NaN,NaN,NaN,NaN,NaN,NaN
NaN,,NaN,,,NaN,NaN,NaN,NaN,NaN,NaN,NaN
NaN,,NaN,,,NaN,NaN,NaN,NaN,NaN,NaN,NaN
NaN,,NaN,,,NaN,NaN,NaN,NaN,NaN,NaN,NaN
NaN,,NaN,,,NaN,NaN,NaN,NaN,NaN,NaN,NaN
NaN,,NaN,,,NaN,NaN,NaN,NaN,NaN,NaN,NaN
NaN,,NaN,,,NaN,NaN,NaN,NaN,NaN,NaN,NaN
NaN,,NaN,,,NaN,NaN,NaN,NaN,NaN,NaN,NaN
NaN,,NaN,,,NaN,NaN,NaN,NaN,NaN,NaN,NaN
NaN,,NaN,,,NaN,NaN,NaN,NaN,NaN,NaN,NaN
NaN,,NaN,,,NaN,NaN,NaN,NaN,NaN,NaN,NaN
NaN,,NaN,,,NaN,NaN,NaN,NaN,NaN,NaN,NaN
NaN,,NaN,,,NaN,NaN,NaN,NaN,NaN,NaN,NaN
NaN,,NaN,,,NaN,NaN,NaN,NaN,NaN,NaN,NaN
NaN,,NaN,,,NaN,NaN,NaN,NaN,NaN,NaN,NaN
NaN,,NaN,,,NaN,NaN,NaN,NaN,NaN,NaN,NaN
NaN,,NaN,,,NaN,NaN,NaN,NaN,NaN,NaN,NaN
NaN,,NaN,,,NaN,NaN,NaN,NaN,NaN,NaN,NaN
NaN,,NaN,,,NaN,NaN,NaN,NaN,NaN,NaN,NaN
NaN,,NaN,,,NaN,NaN,NaN,NaN,NaN,NaN,NaN
